"sim_number","bootstrap_num","strain1","strain2","clusters_pop1_b","clusters_pop2_b","cells_pop1_b","cells_pop2_b","total_clusters_b","total_cells_b","clusters_pop1_a","clusters_pop2_a","cells_pop1_a","cells_pop2_a","total_clusters_a","total_cells_a","carr_cap"
37,1,"petite","second",3736,4221,364907,635150,8442,1270300,8,398,1684,98327,796,196654,"10mill-boot"
37,2,"petite","second",3731,4080,366753,633251,8160,1266502,20,366,4507,95510,732,191020,"10mill-boot"
37,3,"petite","second",3753,4153,364160,635895,8306,1271790,10,396,2070,97971,792,195942,"10mill-boot"
37,4,"petite","second",3821,4105,373638,626413,8210,1252826,16,386,3287,96865,772,193730,"10mill-boot"
37,5,"petite","second",3856,4101,381760,618382,8202,1236764,11,398,2292,97799,796,195598,"10mill-boot"
37,6,"petite","second",3798,4156,369302,630708,8312,1261416,18,396,3859,97702,792,195404,"10mill-boot"
37,7,"petite","second",3739,4147,367956,632117,8294,1264234,13,377,2893,97124,754,194248,"10mill-boot"
37,8,"petite","second",3820,4093,376570,623582,8186,1247164,10,395,2280,97776,790,195552,"10mill-boot"
37,9,"petite","second",3774,4118,370900,629123,8236,1258246,11,390,2543,97872,780,195744,"10mill-boot"
37,10,"petite","second",3847,4114,377180,622825,8228,1245650,11,397,2360,98104,794,196208,"10mill-boot"
37,11,"petite","second",3760,4189,362368,637646,8378,1275292,7,405,1508,98983,810,197966,"10mill-boot"
37,12,"petite","second",3809,4157,374034,626004,8314,1252008,11,402,2225,97903,804,195806,"10mill-boot"
37,13,"petite","second",3807,4107,370088,629966,8214,1259932,14,378,2837,97632,756,195264,"10mill-boot"
37,14,"petite","second",3746,4198,365777,634325,8396,1268650,9,394,1948,98139,788,196278,"10mill-boot"
37,15,"petite","second",3795,4054,372179,627914,8108,1255828,11,396,2118,97889,792,195778,"10mill-boot"
37,16,"petite","second",3712,4106,363222,637156,8212,1274312,5,378,965,99900,756,199800,"10mill-boot"
37,17,"petite","second",3791,4171,369748,630297,8342,1260594,12,387,2267,97775,774,195550,"10mill-boot"
37,18,"petite","second",3701,4198,362028,638017,8396,1276034,11,392,2275,97832,784,195664,"10mill-boot"
37,19,"petite","second",3740,4162,364985,635095,8324,1270190,8,388,1737,98403,776,196806,"10mill-boot"
37,20,"petite","second",3791,4184,368783,631256,8368,1262512,10,401,1783,98689,802,197378,"10mill-boot"
37,21,"petite","second",3804,4097,373159,626898,8194,1253796,11,392,2495,97632,784,195264,"10mill-boot"
37,22,"petite","second",3787,4179,368427,631669,8358,1263338,12,387,2663,97903,774,195806,"10mill-boot"
37,23,"petite","second",3830,4113,374508,625548,8226,1251096,14,386,2714,97459,772,194918,"10mill-boot"
37,24,"petite","second",3800,4127,374442,625594,8254,1251188,9,406,1990,98599,812,197198,"10mill-boot"
37,25,"petite","second",3759,4218,366976,633058,8436,1266116,9,398,1864,98200,796,196400,"10mill-boot"
37,26,"petite","second",3776,4146,368680,631331,8292,1262662,12,393,2385,97761,786,195522,"10mill-boot"
37,27,"petite","second",3732,4146,364796,635309,8292,1270618,15,383,3199,96873,766,193746,"10mill-boot"
37,28,"petite","second",3653,4221,356620,643403,8442,1286806,14,389,2774,97366,778,194732,"10mill-boot"
37,29,"petite","second",3832,4091,378894,621294,8182,1242588,9,396,2044,98130,792,196260,"10mill-boot"
37,30,"petite","second",3747,4124,372724,627351,8248,1254702,15,391,3081,96920,782,193840,"10mill-boot"
30,1,"petite","second",3787,4203,361982,638053,8406,1276106,16,385,3302,96703,770,193406,"10mill-boot"
30,2,"petite","second",3766,4125,361339,638674,8250,1277348,10,371,2094,98386,742,196772,"10mill-boot"
30,3,"petite","second",3861,4153,371125,628926,8306,1257852,15,378,3091,97093,756,194186,"10mill-boot"
30,4,"petite","second",3751,4168,363201,636910,8336,1273820,16,378,2804,97268,756,194536,"10mill-boot"
30,5,"petite","second",3748,4168,362448,637776,8336,1275552,7,392,1397,98695,784,197390,"10mill-boot"
30,6,"petite","second",3753,4157,360521,639580,8314,1279160,19,374,3663,96363,748,192726,"10mill-boot"
30,7,"petite","second",3721,4179,358009,642009,8358,1284018,10,379,2117,97953,758,195906,"10mill-boot"
30,8,"petite","second",3848,4146,370429,629752,8292,1259504,8,391,1208,98879,782,197758,"10mill-boot"
30,9,"petite","second",3786,4166,363433,636608,8332,1273216,7,386,1530,99078,772,198156,"10mill-boot"
30,10,"petite","second",3820,4135,368141,632022,8270,1264044,11,394,2092,97981,788,195962,"10mill-boot"
30,11,"petite","second",3801,4120,364999,635010,8240,1270020,10,384,2155,98119,768,196238,"10mill-boot"
30,12,"petite","second",3720,4198,360399,639729,8396,1279458,14,373,2951,97306,746,194612,"10mill-boot"
30,13,"petite","second",3781,4203,361477,638569,8406,1277138,15,382,3199,97021,764,194042,"10mill-boot"
30,14,"petite","second",3899,4098,378694,621376,8196,1242752,13,387,2653,98126,774,196252,"10mill-boot"
30,15,"petite","second",3700,4227,355459,644602,8454,1289204,8,385,1584,98439,770,196878,"10mill-boot"
30,16,"petite","second",3755,4155,367712,632446,8310,1264892,17,378,3852,96333,756,192666,"10mill-boot"
30,17,"petite","second",3810,4191,365559,634456,8382,1268912,13,383,2600,97456,766,194912,"10mill-boot"
30,18,"petite","second",3688,4208,358610,641402,8416,1282804,9,387,1771,98257,774,196514,"10mill-boot"
30,19,"petite","second",3760,4207,360290,639874,8414,1279748,5,396,967,99178,792,198356,"10mill-boot"
30,20,"petite","second",3791,4173,366995,633025,8346,1266050,15,385,3070,97216,770,194432,"10mill-boot"
30,21,"petite","second",3702,4183,360440,639765,8366,1279530,10,385,2088,98142,770,196284,"10mill-boot"
30,22,"petite","second",3705,4239,356286,643829,8478,1287658,8,399,1510,98776,798,197552,"10mill-boot"
30,23,"petite","second",3856,4125,371297,628756,8250,1257512,11,400,1823,98611,800,197222,"10mill-boot"
30,24,"petite","second",3914,4106,376834,623189,8212,1246378,10,393,1792,98319,786,196638,"10mill-boot"
30,25,"petite","second",3797,4140,368336,631699,8280,1263398,15,384,2923,97481,768,194962,"10mill-boot"
30,26,"petite","second",3820,4174,369114,630971,8348,1261942,13,386,2480,98114,772,196228,"10mill-boot"
30,27,"petite","second",3777,4148,366080,633939,8296,1267878,11,388,2199,98604,776,197208,"10mill-boot"
30,28,"petite","second",3812,4180,365825,634260,8360,1268520,11,385,1958,98119,770,196238,"10mill-boot"
30,29,"petite","second",3760,4165,364179,635916,8330,1271832,16,382,3211,96992,764,193984,"10mill-boot"
30,30,"petite","second",3821,4122,372012,628127,8244,1256254,16,380,2973,97051,760,194102,"10mill-boot"
39,1,"petite","second",3799,4184,369688,630390,8368,1260780,14,379,2288,98386,758,196772,"10mill-boot"
39,2,"petite","second",3808,4105,374088,626036,8210,1252072,15,386,2608,97641,772,195282,"10mill-boot"
39,3,"petite","second",3806,4201,368449,631658,8402,1263316,18,380,3372,96761,760,193522,"10mill-boot"
39,4,"petite","second",3759,4168,365802,634286,8336,1268572,18,381,3261,96857,762,193714,"10mill-boot"
39,5,"petite","second",3837,4050,374279,625788,8100,1251576,15,387,2676,97677,774,195354,"10mill-boot"
39,6,"petite","second",3864,4099,374645,625659,8198,1251318,18,392,3016,97002,784,194004,"10mill-boot"
39,7,"petite","second",3772,4163,363256,636761,8326,1273522,20,374,3663,96352,748,192704,"10mill-boot"
39,8,"petite","second",3806,4142,368695,631336,8284,1262672,13,385,2559,97762,770,195524,"10mill-boot"
39,9,"petite","second",3866,4094,371149,628971,8188,1257942,9,392,1816,98818,784,197636,"10mill-boot"
39,10,"petite","second",3753,4128,369890,630333,8256,1260666,14,378,2814,97455,756,194910,"10mill-boot"
39,11,"petite","second",3868,4114,378414,621615,8228,1243230,16,390,2643,97877,780,195754,"10mill-boot"
39,12,"petite","second",3877,4083,378833,621285,8166,1242570,17,383,3404,96742,766,193484,"10mill-boot"
39,13,"petite","second",3900,4125,379777,620320,8250,1240640,10,393,1531,98486,786,196972,"10mill-boot"
39,14,"petite","second",3823,4126,372018,628001,8252,1256002,11,384,2063,97978,768,195956,"10mill-boot"
39,15,"petite","second",3907,4091,376775,623264,8182,1246528,15,386,2750,97468,772,194936,"10mill-boot"
39,16,"petite","second",3795,4103,373934,626246,8206,1252492,15,387,2494,97998,774,195996,"10mill-boot"
39,17,"petite","second",3735,4168,366823,633289,8336,1266578,10,394,1800,98698,788,197396,"10mill-boot"
39,18,"petite","second",3814,4133,371113,629055,8266,1258110,10,388,1914,98208,776,196416,"10mill-boot"
39,19,"petite","second",3847,4159,373425,626638,8318,1253276,16,391,2969,97102,782,194204,"10mill-boot"
39,20,"petite","second",3847,4064,377593,622411,8128,1244822,12,384,2096,98176,768,196352,"10mill-boot"
39,21,"petite","second",3856,4111,375582,624518,8222,1249036,14,385,2684,97722,770,195444,"10mill-boot"
39,22,"petite","second",3804,4152,370880,629217,8304,1258434,17,392,3202,96854,784,193708,"10mill-boot"
39,23,"petite","second",3834,4054,375459,624583,8108,1249166,8,381,1389,99014,762,198028,"10mill-boot"
39,24,"petite","second",3945,4061,384399,615680,8122,1231360,9,381,1835,98437,762,196874,"10mill-boot"
39,25,"petite","second",3858,4088,374414,625628,8176,1251256,14,385,2578,97535,770,195070,"10mill-boot"
39,26,"petite","second",3900,4080,382566,617453,8160,1234906,17,392,3124,97102,784,194204,"10mill-boot"
39,27,"petite","second",3870,4096,376305,623829,8192,1247658,7,379,1463,98593,758,197186,"10mill-boot"
39,28,"petite","second",3855,4092,375919,624136,8184,1248272,13,392,2519,97779,784,195558,"10mill-boot"
39,29,"petite","second",3768,4113,366765,633268,8226,1266536,8,380,1532,98624,760,197248,"10mill-boot"
39,30,"petite","second",3887,4098,380507,619523,8196,1239046,12,387,2114,98301,774,196602,"10mill-boot"
4,1,"petite","second",3848,4029,375856,624160,8058,1248320,14,372,2830,97217,744,194434,"10mill-boot"
4,2,"petite","second",3963,4028,385584,614501,8056,1229002,14,382,2707,97367,764,194734,"10mill-boot"
4,3,"petite","second",3859,4126,373584,626463,8252,1252926,15,395,2801,97706,790,195412,"10mill-boot"
4,4,"petite","second",3846,4058,376188,624025,8116,1248050,7,381,1278,98877,762,197754,"10mill-boot"
4,5,"petite","second",3899,4060,380886,619263,8120,1238526,14,383,2527,97513,766,195026,"10mill-boot"
4,6,"petite","second",3834,4046,375737,624349,8092,1248698,12,366,2275,97914,732,195828,"10mill-boot"
4,7,"petite","second",3901,4037,383074,617132,8074,1234264,17,382,3097,96935,764,193870,"10mill-boot"
4,8,"petite","second",3816,4076,370586,629429,8152,1258858,14,382,2563,97545,764,195090,"10mill-boot"
4,9,"petite","second",3818,4123,369549,630499,8246,1260998,15,396,2776,97447,792,194894,"10mill-boot"
4,10,"petite","second",3859,4036,379634,620369,8072,1240738,13,392,2460,98489,784,196978,"10mill-boot"
4,11,"petite","second",3758,4148,366348,633668,8296,1267336,16,381,2999,97441,762,194882,"10mill-boot"
4,12,"petite","second",3810,4034,375421,624623,8068,1249246,8,369,1476,98528,738,197056,"10mill-boot"
4,13,"petite","second",3887,4016,380780,619315,8032,1238630,10,379,1879,98128,758,196256,"10mill-boot"
4,14,"petite","second",3863,4058,379184,621064,8116,1242128,7,378,1323,99161,756,198322,"10mill-boot"
4,15,"petite","second",3770,4105,367308,632832,8210,1265664,10,379,1923,98584,758,197168,"10mill-boot"
4,16,"petite","second",3798,4037,374498,625562,8074,1251124,11,373,2210,98006,746,196012,"10mill-boot"
4,17,"petite","second",3849,4144,371958,628066,8288,1256132,15,377,2737,98037,754,196074,"10mill-boot"
4,18,"petite","second",3726,4072,367759,632270,8144,1264540,5,384,921,99161,768,198322,"10mill-boot"
4,19,"petite","second",3801,4084,371600,628456,8168,1256912,11,379,2012,98387,758,196774,"10mill-boot"
4,20,"petite","second",3736,4093,366912,633163,8186,1266326,16,377,3205,96871,754,193742,"10mill-boot"
4,21,"petite","second",3819,4122,368594,631477,8244,1262954,10,392,1753,98514,784,197028,"10mill-boot"
4,22,"petite","second",3909,4092,380056,620056,8184,1240112,10,391,1802,98263,782,196526,"10mill-boot"
4,23,"petite","second",3825,4083,370521,629597,8166,1259194,23,375,4328,95704,750,191408,"10mill-boot"
4,24,"petite","second",3750,4084,367322,632716,8168,1265432,9,382,1911,98301,764,196602,"10mill-boot"
4,25,"petite","second",3699,4128,363361,636723,8256,1273446,7,382,1398,98708,764,197416,"10mill-boot"
4,26,"petite","second",3816,4093,372876,627143,8186,1254286,15,380,2754,97608,760,195216,"10mill-boot"
4,27,"petite","second",3798,4104,372535,627505,8208,1255010,17,386,2987,97104,772,194208,"10mill-boot"
4,28,"petite","second",3805,4048,376625,623401,8096,1246802,12,379,2500,97735,758,195470,"10mill-boot"
4,29,"petite","second",3816,4068,370527,629563,8136,1259126,13,375,2420,97616,750,195232,"10mill-boot"
4,30,"petite","second",3718,4109,364155,635896,8218,1271792,7,387,1440,98807,774,197614,"10mill-boot"
3,1,"petite","second",3735,4275,364479,635741,8550,1271482,16,397,2758,97378,794,194756,"10mill-boot"
3,2,"petite","second",3721,4194,361842,638172,8388,1276344,12,391,2304,97777,782,195554,"10mill-boot"
3,3,"petite","second",3792,4185,365784,634279,8370,1268558,13,402,2311,98364,804,196728,"10mill-boot"
3,4,"petite","second",3802,4206,369201,630855,8412,1261710,11,403,2362,97873,806,195746,"10mill-boot"
3,5,"petite","second",3862,4170,374506,625503,8340,1251006,18,394,3405,96783,788,193566,"10mill-boot"
3,6,"petite","second",3773,4249,362493,637678,8498,1275356,15,394,3089,97000,788,194000,"10mill-boot"
3,7,"petite","second",3708,4263,360528,639498,8526,1278996,18,411,3111,97895,822,195790,"10mill-boot"
3,8,"petite","second",3669,4237,356736,643344,8474,1286688,12,394,2562,97534,788,195068,"10mill-boot"
3,9,"petite","second",3759,4233,364061,636079,8466,1272158,9,414,1564,98482,828,196964,"10mill-boot"
3,10,"petite","second",3676,4293,354890,645171,8586,1290342,11,402,1947,98318,804,196636,"10mill-boot"
3,11,"petite","second",3763,4227,362670,637400,8454,1274800,15,401,2647,97533,802,195066,"10mill-boot"
3,12,"petite","second",3836,4216,370666,629378,8432,1258756,18,402,3143,97043,804,194086,"10mill-boot"
3,13,"petite","second",3643,4252,352548,647510,8504,1295020,16,405,3080,97000,810,194000,"10mill-boot"
3,14,"petite","second",3702,4255,359289,640863,8510,1281726,18,398,2972,97390,796,194780,"10mill-boot"
3,15,"petite","second",3699,4249,356315,643704,8498,1287408,12,403,2250,97944,806,195888,"10mill-boot"
3,16,"petite","second",3814,4178,367831,632231,8356,1264462,18,399,2902,97619,798,195238,"10mill-boot"
3,17,"petite","second",3718,4194,363780,636262,8388,1272524,22,391,3934,96138,782,192276,"10mill-boot"
3,18,"petite","second",3755,4206,362921,637205,8412,1274410,14,409,2305,98864,818,197728,"10mill-boot"
3,19,"petite","second",3725,4282,356630,643419,8564,1286838,15,396,2374,97877,792,195754,"10mill-boot"
3,20,"petite","second",3681,4198,361323,638853,8396,1277706,12,388,2432,97669,776,195338,"10mill-boot"
3,21,"petite","second",3739,4178,368646,631424,8356,1262848,16,398,2929,97269,796,194538,"10mill-boot"
3,22,"petite","second",3772,4223,365594,634509,8446,1269018,11,407,1790,98288,814,196576,"10mill-boot"
3,23,"petite","second",3834,4146,370260,629817,8292,1259634,18,398,3502,96876,796,193752,"10mill-boot"
3,24,"petite","second",3701,4197,358297,641711,8394,1283422,10,398,1812,98572,796,197144,"10mill-boot"
3,25,"petite","second",3707,4175,358076,641975,8350,1283950,16,382,2954,97155,764,194310,"10mill-boot"
3,26,"petite","second",3772,4228,367586,632457,8456,1264914,14,403,2636,97619,806,195238,"10mill-boot"
3,27,"petite","second",3796,4180,370385,629767,8360,1259534,10,405,1918,98404,810,196808,"10mill-boot"
3,28,"petite","second",3866,4222,369731,630290,8444,1260580,18,398,3305,96836,796,193672,"10mill-boot"
3,29,"petite","second",3759,4228,362496,637539,8456,1275078,17,396,2903,97569,792,195138,"10mill-boot"
3,30,"petite","second",3836,4164,369968,630056,8328,1260112,11,394,1867,98662,788,197324,"10mill-boot"
2,1,"petite","second",3685,4223,359083,641178,8446,1282356,20,378,4460,95572,756,191144,"10mill-boot"
2,2,"petite","second",3689,4227,357693,642393,8454,1284786,18,381,3375,96940,762,193880,"10mill-boot"
2,3,"petite","second",3590,4252,353469,646677,8504,1293354,15,391,3282,96800,782,193600,"10mill-boot"
2,4,"petite","second",3706,4275,359411,640651,8550,1281302,25,385,5019,95039,770,190078,"10mill-boot"
2,5,"petite","second",3707,4224,358234,641820,8448,1283640,17,375,3734,96590,750,193180,"10mill-boot"
2,6,"petite","second",3562,4240,349301,650781,8480,1301562,17,374,3649,96516,748,193032,"10mill-boot"
2,7,"petite","second",3532,4293,344183,655843,8586,1311686,16,371,3312,96801,742,193602,"10mill-boot"
2,8,"petite","second",3704,4230,361807,638219,8460,1276438,20,372,4011,96153,744,192306,"10mill-boot"
2,9,"petite","second",3668,4210,359648,640475,8420,1280950,17,379,3396,97130,758,194260,"10mill-boot"
2,10,"petite","second",3585,4206,351544,648480,8412,1296960,21,370,4570,95635,740,191270,"10mill-boot"
2,11,"petite","second",3667,4234,356208,643849,8468,1287698,19,367,4151,95873,734,191746,"10mill-boot"
2,12,"petite","second",3729,4166,366274,633798,8332,1267596,16,384,3055,97519,768,195038,"10mill-boot"
2,13,"petite","second",3718,4189,362476,637602,8378,1275204,14,378,2664,97452,756,194904,"10mill-boot"
2,14,"petite","second",3613,4238,354734,645319,8476,1290638,18,381,3604,96886,762,193772,"10mill-boot"
2,15,"petite","second",3616,4249,351482,648545,8498,1297090,12,379,2368,98012,758,196024,"10mill-boot"
2,16,"petite","second",3599,4267,356311,643840,8534,1287680,15,380,3056,97490,760,194980,"10mill-boot"
2,17,"petite","second",3605,4301,350209,649971,8602,1299942,18,371,3687,96634,742,193268,"10mill-boot"
2,18,"petite","second",3690,4228,359173,640956,8456,1281912,16,377,2945,97112,754,194224,"10mill-boot"
2,19,"petite","second",3554,4290,346073,654041,8580,1308082,19,376,4406,95795,752,191590,"10mill-boot"
2,20,"petite","second",3588,4235,347350,652717,8470,1305434,22,373,4377,95826,746,191652,"10mill-boot"
2,21,"petite","second",3549,4244,352564,647537,8488,1295074,28,370,5778,94374,740,188748,"10mill-boot"
2,22,"petite","second",3686,4191,359936,640231,8382,1280462,18,365,4028,96139,730,192278,"10mill-boot"
2,23,"petite","second",3670,4205,359682,640542,8410,1281084,24,383,4884,95127,766,190254,"10mill-boot"
2,24,"petite","second",3626,4215,353629,646384,8430,1292768,15,377,3090,97004,754,194008,"10mill-boot"
2,25,"petite","second",3590,4228,350663,649401,8456,1298802,20,371,3965,96106,742,192212,"10mill-boot"
2,26,"petite","second",3644,4216,353524,646644,8432,1293288,13,377,2500,97625,754,195250,"10mill-boot"
2,27,"petite","second",3569,4245,350739,649327,8490,1298654,18,371,3780,96817,742,193634,"10mill-boot"
2,28,"petite","second",3662,4233,358533,641519,8466,1283038,13,379,2616,97429,758,194858,"10mill-boot"
2,29,"petite","second",3592,4236,349213,650891,8472,1301782,22,369,4486,95701,738,191402,"10mill-boot"
2,30,"petite","second",3651,4185,357764,642381,8370,1284762,25,387,4697,95904,774,191808,"10mill-boot"
38,1,"petite","second",3876,4056,378090,621994,8112,1243988,18,380,2896,97154,760,194308,"10mill-boot"
38,2,"petite","second",3706,4080,369245,630835,8160,1261670,12,379,2151,97891,758,195782,"10mill-boot"
38,3,"petite","second",3792,4124,368145,631972,8248,1263944,12,385,2351,97827,770,195654,"10mill-boot"
38,4,"petite","second",3788,4042,372388,627670,8084,1255340,9,390,1588,98651,780,197302,"10mill-boot"
38,5,"petite","second",3716,4090,363431,636621,8180,1273242,11,376,2106,98103,752,196206,"10mill-boot"
38,6,"petite","second",3769,4028,369050,630985,8056,1261970,14,372,2664,97483,744,194966,"10mill-boot"
38,7,"petite","second",3716,4118,365887,634114,8236,1268228,9,396,1673,98419,792,196838,"10mill-boot"
38,8,"petite","second",3722,4086,366583,633446,8172,1266892,11,368,2473,97841,736,195682,"10mill-boot"
38,9,"petite","second",3733,4093,367365,632908,8186,1265816,13,398,2362,97652,796,195304,"10mill-boot"
38,10,"petite","second",3798,4041,374227,625896,8082,1251792,7,381,1297,99002,762,198004,"10mill-boot"
38,11,"petite","second",3788,4048,372688,627365,8096,1254730,15,369,2897,97187,738,194374,"10mill-boot"
38,12,"petite","second",3748,4110,365605,634411,8220,1268822,17,388,3143,97426,776,194852,"10mill-boot"
38,13,"petite","second",3751,4111,370470,629591,8222,1259182,8,383,1407,99373,766,198746,"10mill-boot"
38,14,"petite","second",3757,4097,370490,629526,8194,1259052,17,383,3405,96607,766,193214,"10mill-boot"
38,15,"petite","second",3736,4112,364962,635119,8224,1270238,13,390,2579,97640,780,195280,"10mill-boot"
38,16,"petite","second",3795,4017,372939,627061,8034,1254122,17,386,2900,97231,772,194462,"10mill-boot"
38,17,"petite","second",3763,4085,369480,630553,8170,1261106,14,394,2590,97444,788,194888,"10mill-boot"
38,18,"petite","second",3709,4077,362226,637870,8154,1275740,8,379,1478,99281,758,198562,"10mill-boot"
38,19,"petite","second",3792,4090,370044,630007,8180,1260014,10,393,2002,98050,786,196100,"10mill-boot"
38,20,"petite","second",3867,4076,378846,621219,8152,1242438,12,386,1970,98227,772,196454,"10mill-boot"
38,21,"petite","second",3757,4118,366126,633907,8236,1267814,14,379,2416,97625,758,195250,"10mill-boot"
38,22,"petite","second",3700,4068,366841,633203,8136,1266406,10,386,1823,98696,772,197392,"10mill-boot"
38,23,"petite","second",3749,4052,368856,631170,8104,1262340,11,396,2235,98337,792,196674,"10mill-boot"
38,24,"petite","second",3757,4074,371263,628806,8148,1257612,9,392,1535,98839,784,197678,"10mill-boot"
38,25,"petite","second",3686,4076,362296,637781,8152,1275562,14,376,2445,97596,752,195192,"10mill-boot"
38,26,"petite","second",3810,4014,376088,624089,8028,1248178,11,387,2001,98370,774,196740,"10mill-boot"
38,27,"petite","second",3757,4003,371582,628473,8006,1256946,16,369,2875,97704,738,195408,"10mill-boot"
38,28,"petite","second",3680,4072,365252,634751,8144,1269502,14,369,2520,97554,738,195108,"10mill-boot"
38,29,"petite","second",3750,4056,369699,630457,8112,1260914,15,383,2771,97524,766,195048,"10mill-boot"
38,30,"petite","second",3654,4140,355620,644418,8280,1288836,6,390,1146,99051,780,198102,"10mill-boot"
5,1,"petite","second",3870,4134,373178,626887,8268,1253774,13,387,2493,97781,774,195562,"10mill-boot"
5,2,"petite","second",3989,4014,386908,613099,8028,1226198,18,386,3541,96598,772,193196,"10mill-boot"
5,3,"petite","second",3865,4076,379886,620281,8152,1240562,19,382,3623,96482,764,192964,"10mill-boot"
5,4,"petite","second",3901,4114,374978,625230,8228,1250460,10,392,1866,98243,784,196486,"10mill-boot"
5,5,"petite","second",3819,4070,369735,630430,8140,1260860,9,391,1722,98775,782,197550,"10mill-boot"
5,6,"petite","second",3861,4115,374686,625366,8230,1250732,11,393,2099,97916,786,195832,"10mill-boot"
5,7,"petite","second",3849,4107,375886,624308,8214,1248616,14,389,2771,97465,778,194930,"10mill-boot"
5,8,"petite","second",3761,4160,365325,634848,8320,1269696,11,384,2021,98064,768,196128,"10mill-boot"
5,9,"petite","second",3887,4073,376120,623995,8146,1247990,15,389,2693,97348,778,194696,"10mill-boot"
5,10,"petite","second",3837,4118,374414,625643,8236,1251286,16,390,2715,97311,780,194622,"10mill-boot"
5,11,"petite","second",3887,4104,374984,625103,8208,1250206,13,407,2499,97701,814,195402,"10mill-boot"
5,12,"petite","second",3849,4066,374714,625296,8132,1250592,11,396,2132,98457,792,196914,"10mill-boot"
5,13,"petite","second",3932,4061,385729,614348,8122,1228696,10,406,1948,98840,812,197680,"10mill-boot"
5,14,"petite","second",3888,4105,376993,623070,8210,1246140,11,398,2076,98064,796,196128,"10mill-boot"
5,15,"petite","second",3862,4121,376159,623869,8242,1247738,13,397,2449,97672,794,195344,"10mill-boot"
5,16,"petite","second",3916,4091,377995,622151,8182,1244302,15,396,2944,97075,792,194150,"10mill-boot"
5,17,"petite","second",3868,4051,377449,622593,8102,1245186,17,375,3391,96646,750,193292,"10mill-boot"
5,18,"petite","second",3877,4085,375263,624782,8170,1249564,13,401,2393,97734,802,195468,"10mill-boot"
5,19,"petite","second",3883,4103,373556,626506,8206,1253012,9,401,1589,98563,802,197126,"10mill-boot"
5,20,"petite","second",3811,4111,369319,630830,8222,1261660,13,397,2584,97572,794,195144,"10mill-boot"
5,21,"petite","second",3859,4080,373027,627104,8160,1254208,8,389,1582,98790,778,197580,"10mill-boot"
5,22,"petite","second",3856,4069,374229,625780,8138,1251560,10,397,2073,98083,794,196166,"10mill-boot"
5,23,"petite","second",3941,4027,385356,614815,8054,1229630,7,408,1154,98858,816,197716,"10mill-boot"
5,24,"petite","second",3781,4161,366721,633280,8322,1266560,13,385,2245,97779,770,195558,"10mill-boot"
5,25,"petite","second",3892,4068,379040,621046,8136,1242092,10,402,2009,98130,804,196260,"10mill-boot"
5,26,"petite","second",3860,4080,373855,626303,8160,1252606,11,385,2185,98198,770,196396,"10mill-boot"
5,27,"petite","second",3938,4056,379156,620867,8112,1241734,17,394,3168,96856,788,193712,"10mill-boot"
5,28,"petite","second",3920,4028,381919,618113,8056,1236226,8,387,1570,98467,774,196934,"10mill-boot"
5,29,"petite","second",3850,4067,374201,625889,8134,1251778,14,385,2642,97365,770,194730,"10mill-boot"
5,30,"petite","second",3840,4115,374398,625843,8230,1251686,15,381,3034,97099,762,194198,"10mill-boot"
31,1,"petite","second",3725,4204,362200,637913,8408,1275826,13,387,2565,97561,774,195122,"10mill-boot"
31,2,"petite","second",3809,4057,376404,623716,8114,1247432,13,385,2401,97660,770,195320,"10mill-boot"
31,3,"petite","second",3840,4142,373033,627044,8284,1254088,13,385,2896,97619,770,195238,"10mill-boot"
31,4,"petite","second",3877,4123,375330,624725,8246,1249450,19,392,3810,96242,784,192484,"10mill-boot"
31,5,"petite","second",3786,4171,374366,625720,8342,1251440,20,393,4557,95566,786,191132,"10mill-boot"
31,6,"petite","second",3775,4132,369085,630942,8264,1261884,13,389,2395,97660,778,195320,"10mill-boot"
31,7,"petite","second",3858,4145,374789,625251,8290,1250502,13,390,2577,97609,780,195218,"10mill-boot"
31,8,"petite","second",3673,4239,360780,639343,8478,1278686,21,383,3766,96373,766,192746,"10mill-boot"
31,9,"petite","second",3721,4247,359931,640100,8494,1280200,10,392,1930,98490,784,196980,"10mill-boot"
31,10,"petite","second",3738,4177,365837,634254,8354,1268508,13,391,2557,97662,782,195324,"10mill-boot"
31,11,"petite","second",3804,4151,372207,627808,8302,1255616,16,395,3047,97081,790,194162,"10mill-boot"
31,12,"petite","second",3752,4187,364552,635620,8374,1271240,14,384,2905,97295,768,194590,"10mill-boot"
31,13,"petite","second",3836,4127,378387,621856,8254,1243712,20,396,4091,95968,792,191936,"10mill-boot"
31,14,"petite","second",3805,4162,375821,624279,8324,1248558,11,400,2099,98729,800,197458,"10mill-boot"
31,15,"petite","second",3747,4175,369124,630956,8350,1261912,14,386,3122,97438,772,194876,"10mill-boot"
31,16,"petite","second",3727,4217,360216,639964,8434,1279928,10,393,1931,98279,786,196558,"10mill-boot"
31,17,"petite","second",3780,4159,369509,630516,8318,1261032,11,390,2180,97911,780,195822,"10mill-boot"
31,18,"petite","second",3734,4163,365271,634729,8326,1269458,15,382,2811,97307,764,194614,"10mill-boot"
31,19,"petite","second",3724,4184,363030,637069,8368,1274138,12,383,2547,97512,766,195024,"10mill-boot"
31,20,"petite","second",3805,4082,374113,625952,8164,1251904,8,391,1453,98833,782,197666,"10mill-boot"
31,21,"petite","second",3819,4149,372397,627906,8298,1255812,17,388,3763,96288,776,192576,"10mill-boot"
31,22,"petite","second",3725,4158,362585,637422,8316,1274844,23,376,4725,95627,752,191254,"10mill-boot"
31,23,"petite","second",3773,4184,373202,626843,8368,1253686,24,382,4777,95261,764,190522,"10mill-boot"
31,24,"petite","second",3745,4161,362008,638015,8322,1276030,8,383,1412,98595,766,197190,"10mill-boot"
31,25,"petite","second",3726,4168,366313,633768,8336,1267536,13,383,2475,97595,766,195190,"10mill-boot"
31,26,"petite","second",3821,4107,374629,625511,8214,1251022,10,389,1871,98589,778,197178,"10mill-boot"
31,27,"petite","second",3667,4214,361854,638326,8428,1276652,14,381,2598,97506,762,195012,"10mill-boot"
31,28,"petite","second",3783,4124,371172,628960,8248,1257920,13,382,2465,97761,764,195522,"10mill-boot"
31,29,"petite","second",3781,4154,371339,628718,8308,1257436,14,386,2962,97195,772,194390,"10mill-boot"
31,30,"petite","second",3724,4181,366560,633575,8362,1267150,14,383,2840,97403,766,194806,"10mill-boot"
36,1,"petite","second",3740,4053,368371,631719,8106,1263438,9,391,1836,98410,782,196820,"10mill-boot"
36,2,"petite","second",3722,4200,362919,637218,8400,1274436,14,404,2718,97472,808,194944,"10mill-boot"
36,3,"petite","second",3686,4126,359585,640523,8252,1281046,11,397,2099,98240,794,196480,"10mill-boot"
36,4,"petite","second",3862,4127,375294,624798,8254,1249596,16,401,2930,97261,802,194522,"10mill-boot"
36,5,"petite","second",3844,4094,373570,626525,8188,1253050,13,391,2490,97859,782,195718,"10mill-boot"
36,6,"petite","second",3824,4153,369464,630612,8306,1261224,16,397,2883,97836,794,195672,"10mill-boot"
36,7,"petite","second",3740,4130,367731,632501,8260,1265002,15,391,2805,97273,782,194546,"10mill-boot"
36,8,"petite","second",3753,4166,363252,636860,8332,1273720,5,388,1035,99275,776,198550,"10mill-boot"
36,9,"petite","second",3737,4132,364680,635327,8264,1270654,13,388,2761,97439,776,194878,"10mill-boot"
36,10,"petite","second",3751,4173,366128,634025,8346,1268050,14,403,2690,97444,806,194888,"10mill-boot"
36,11,"petite","second",3658,4177,357468,642552,8354,1285104,18,395,3633,96578,790,193156,"10mill-boot"
36,12,"petite","second",3763,4169,367868,632144,8338,1264288,13,400,2410,97672,800,195344,"10mill-boot"
36,13,"petite","second",3753,4090,368258,631776,8180,1263552,7,401,1355,98707,802,197414,"10mill-boot"
36,14,"petite","second",3803,4120,369303,630881,8240,1261762,15,394,2890,97226,788,194452,"10mill-boot"
36,15,"petite","second",3657,4190,355898,644146,8380,1288292,17,398,3103,97286,796,194572,"10mill-boot"
36,16,"petite","second",3723,4135,363754,636248,8270,1272496,16,378,3131,96940,756,193880,"10mill-boot"
36,17,"petite","second",3715,4174,363632,636458,8348,1272916,6,399,1214,99121,798,198242,"10mill-boot"
36,18,"petite","second",3723,4207,360087,640060,8414,1280120,12,399,2312,97844,798,195688,"10mill-boot"
36,19,"petite","second",3589,4178,354192,645839,8356,1291678,14,392,2775,97476,784,194952,"10mill-boot"
36,20,"petite","second",3768,4123,369229,630808,8246,1261616,11,398,2139,98232,796,196464,"10mill-boot"
36,21,"petite","second",3669,4193,359152,640914,8386,1281828,15,401,2649,97470,802,194940,"10mill-boot"
36,22,"petite","second",3711,4200,360777,639234,8400,1278468,6,398,1205,99193,796,198386,"10mill-boot"
36,23,"petite","second",3726,4123,363485,636548,8246,1273096,9,392,1654,98502,784,197004,"10mill-boot"
36,24,"petite","second",3647,4205,357626,642450,8410,1284900,10,399,2015,98379,798,196758,"10mill-boot"
36,25,"petite","second",3688,4141,361933,638099,8282,1276198,9,393,1783,98346,786,196692,"10mill-boot"
36,26,"petite","second",3769,4110,369009,631065,8220,1262130,3,411,519,99563,822,199126,"10mill-boot"
36,27,"petite","second",3704,4188,359384,640702,8376,1281404,13,391,2553,97647,782,195294,"10mill-boot"
36,28,"petite","second",3662,4222,362618,637410,8444,1274820,12,402,2437,97688,804,195376,"10mill-boot"
36,29,"petite","second",3734,4091,367622,632387,8182,1264774,6,398,1113,98956,796,197912,"10mill-boot"
36,30,"petite","second",3684,4142,358092,641964,8284,1283928,15,390,3160,97014,780,194028,"10mill-boot"
14,1,"petite","second",3812,4153,370428,629624,8306,1259248,13,383,2251,98285,766,196570,"10mill-boot"
14,2,"petite","second",3814,4116,370166,629855,8232,1259710,16,378,2966,97582,756,195164,"10mill-boot"
14,3,"petite","second",3796,4082,368993,631076,8164,1262152,2,383,397,99845,766,199690,"10mill-boot"
14,4,"petite","second",3795,4137,368695,631456,8274,1262912,7,376,1712,98366,752,196732,"10mill-boot"
14,5,"petite","second",3854,4104,376067,623992,8208,1247984,16,383,3367,96997,766,193994,"10mill-boot"
14,6,"petite","second",3845,4100,376018,623998,8200,1247996,13,393,2846,97679,786,195358,"10mill-boot"
14,7,"petite","second",3854,4063,376653,623451,8126,1246902,11,381,2269,97893,762,195786,"10mill-boot"
14,8,"petite","second",3835,4122,372776,627284,8244,1254568,6,387,1462,98651,774,197302,"10mill-boot"
14,9,"petite","second",3739,4166,366137,633920,8332,1267840,12,379,2591,97556,758,195112,"10mill-boot"
14,10,"petite","second",3754,4145,364886,635190,8290,1270380,13,382,3075,97197,764,194394,"10mill-boot"
14,11,"petite","second",3795,4113,372031,628148,8226,1256296,6,385,1305,99021,770,198042,"10mill-boot"
14,12,"petite","second",3725,4171,365656,634438,8342,1268876,13,383,2897,97197,766,194394,"10mill-boot"
14,13,"petite","second",3797,4143,368020,632176,8286,1264352,12,392,2535,98115,784,196230,"10mill-boot"
14,14,"petite","second",3777,4133,368581,631462,8266,1262924,15,385,3478,96600,770,193200,"10mill-boot"
14,15,"petite","second",3875,4029,379832,620390,8058,1240780,10,392,2114,97896,784,195792,"10mill-boot"
14,16,"petite","second",3824,4050,377294,622757,8100,1245514,18,364,3912,96110,728,192220,"10mill-boot"
14,17,"petite","second",3733,4186,362708,637440,8372,1274880,11,382,2296,98067,764,196134,"10mill-boot"
14,18,"petite","second",3810,4111,373683,626406,8222,1252812,16,378,3343,96755,756,193510,"10mill-boot"
14,19,"petite","second",3732,4184,365951,634159,8368,1268318,16,380,3325,96833,760,193666,"10mill-boot"
14,20,"petite","second",3705,4177,366439,633594,8354,1267188,16,387,3201,96816,774,193632,"10mill-boot"
14,21,"petite","second",3761,4068,366518,633561,8136,1267122,7,366,1562,98533,732,197066,"10mill-boot"
14,22,"petite","second",3824,4099,374001,626054,8198,1252108,9,394,2136,98318,788,196636,"10mill-boot"
14,23,"petite","second",3734,4188,363571,636460,8376,1272920,14,383,2909,97295,766,194590,"10mill-boot"
14,24,"petite","second",3810,4162,372935,627165,8324,1254330,12,387,2821,97273,774,194546,"10mill-boot"
14,25,"petite","second",3768,4116,367613,632591,8232,1265182,14,378,2879,97333,756,194666,"10mill-boot"
14,26,"petite","second",3706,4176,361131,638914,8352,1277828,16,380,3325,97065,760,194130,"10mill-boot"
14,27,"petite","second",3741,4148,367200,632872,8296,1265744,11,390,2390,97713,780,195426,"10mill-boot"
14,28,"petite","second",3852,4135,374327,625721,8270,1251442,21,393,4095,96201,786,192402,"10mill-boot"
14,29,"petite","second",3793,4161,367123,633054,8322,1266108,16,388,3185,97216,776,194432,"10mill-boot"
14,30,"petite","second",3690,4168,361783,638325,8336,1276650,11,388,2262,97745,776,195490,"10mill-boot"
13,1,"petite","second",3674,4195,361399,638616,8390,1277232,8,391,1281,98745,782,197490,"10mill-boot"
13,2,"petite","second",3637,4185,355196,644834,8370,1289668,13,390,1975,98080,780,196160,"10mill-boot"
13,3,"petite","second",3696,4194,363093,636914,8388,1273828,6,395,915,99172,790,198344,"10mill-boot"
13,4,"petite","second",3701,4190,358392,641871,8380,1283742,9,394,1312,99019,788,198038,"10mill-boot"
13,5,"petite","second",3740,4164,367738,632304,8328,1264608,11,399,1924,98078,798,196156,"10mill-boot"
13,6,"petite","second",3705,4268,358249,641773,8536,1283546,9,393,1690,98567,786,197134,"10mill-boot"
13,7,"petite","second",3527,4301,340232,659831,8602,1319662,7,394,1016,99511,788,199022,"10mill-boot"
13,8,"petite","second",3765,4178,361715,638324,8356,1276648,7,393,1200,99378,786,198756,"10mill-boot"
13,9,"petite","second",3713,4209,362138,638000,8418,1276000,16,392,2576,97456,784,194912,"10mill-boot"
13,10,"petite","second",3712,4213,362893,637299,8426,1274598,8,394,1472,99104,788,198208,"10mill-boot"
13,11,"petite","second",3674,4255,354430,645615,8510,1291230,10,392,1630,98656,784,197312,"10mill-boot"
13,12,"petite","second",3688,4227,359943,640059,8454,1280118,10,400,1745,98441,800,196882,"10mill-boot"
13,13,"petite","second",3695,4228,359374,640629,8456,1281258,7,393,1169,98904,786,197808,"10mill-boot"
13,14,"petite","second",3682,4174,357844,642180,8348,1284360,11,384,1716,98374,768,196748,"10mill-boot"
13,15,"petite","second",3659,4150,356554,643557,8300,1287114,5,392,792,99619,784,199238,"10mill-boot"
13,16,"petite","second",3640,4242,356830,643236,8484,1286472,10,399,1698,98849,798,197698,"10mill-boot"
13,17,"petite","second",3662,4258,356931,643168,8516,1286336,13,402,2051,98173,804,196346,"10mill-boot"
13,18,"petite","second",3632,4232,350456,649612,8464,1299224,8,377,1113,98923,754,197846,"10mill-boot"
13,19,"petite","second",3580,4278,347755,652261,8556,1304522,7,394,1083,99103,788,198206,"10mill-boot"
13,20,"petite","second",3641,4225,358027,642133,8450,1284266,9,399,1692,98552,798,197104,"10mill-boot"
13,21,"petite","second",3757,4186,363589,636434,8372,1272868,8,393,1229,99336,786,198672,"10mill-boot"
13,22,"petite","second",3646,4211,354425,645619,8422,1291238,7,396,1195,99139,792,198278,"10mill-boot"
13,23,"petite","second",3589,4287,346925,653181,8574,1306362,4,398,693,99584,796,199168,"10mill-boot"
13,24,"petite","second",3724,4196,360216,639816,8392,1279632,4,400,575,99546,800,199092,"10mill-boot"
13,25,"petite","second",3657,4269,353226,646837,8538,1293674,8,399,1190,98986,798,197972,"10mill-boot"
13,26,"petite","second",3671,4209,358484,641571,8418,1283142,4,391,636,99510,782,199020,"10mill-boot"
13,27,"petite","second",3641,4183,358252,641897,8366,1283794,10,404,1652,99208,808,198416,"10mill-boot"
13,28,"petite","second",3635,4234,355956,644126,8468,1288252,9,388,1502,98659,776,197318,"10mill-boot"
13,29,"petite","second",3705,4179,363911,636301,8358,1272602,5,389,636,99367,778,198734,"10mill-boot"
13,30,"petite","second",3638,4179,357422,642597,8358,1285194,4,392,695,99409,784,198818,"10mill-boot"
25,1,"petite","second",3723,4164,360355,639727,8328,1279454,9,389,1787,98301,778,196602,"10mill-boot"
25,2,"petite","second",3644,4228,351025,649043,8456,1298086,8,391,1560,98502,782,197004,"10mill-boot"
25,3,"petite","second",3667,4153,358772,641338,8306,1282676,7,392,1263,98991,784,197982,"10mill-boot"
25,4,"petite","second",3701,4146,361160,638842,8292,1277684,6,397,1216,98810,794,197620,"10mill-boot"
25,5,"petite","second",3714,4160,360489,639741,8320,1279482,8,390,1549,98624,780,197248,"10mill-boot"
25,6,"petite","second",3737,4155,360897,639148,8310,1278296,6,393,1147,98991,786,197982,"10mill-boot"
25,7,"petite","second",3682,4180,359340,640884,8360,1281768,11,399,1943,98331,798,196662,"10mill-boot"
25,8,"petite","second",3714,4142,363036,637080,8284,1274160,6,390,1339,98902,780,197804,"10mill-boot"
25,9,"petite","second",3737,4124,363017,636998,8248,1273996,7,388,1555,98881,776,197762,"10mill-boot"
25,10,"petite","second",3699,4176,356810,643223,8352,1286446,8,392,1560,98518,784,197036,"10mill-boot"
25,11,"petite","second",3799,4134,367083,632997,8268,1265994,12,389,2080,98631,778,197262,"10mill-boot"
25,12,"petite","second",3756,4166,363801,636236,8332,1272472,4,399,744,99623,798,199246,"10mill-boot"
25,13,"petite","second",3686,4195,356084,644143,8390,1288286,11,392,2056,98029,784,196058,"10mill-boot"
25,14,"petite","second",3764,4125,369559,630443,8250,1260886,5,401,906,99197,802,198394,"10mill-boot"
25,15,"petite","second",3725,4116,362621,637611,8232,1275222,6,386,1232,99007,772,198014,"10mill-boot"
25,16,"petite","second",3677,4170,362593,637661,8340,1275322,6,406,1000,99368,812,198736,"10mill-boot"
25,17,"petite","second",3733,4163,360359,639695,8326,1279390,6,389,1041,99343,778,198686,"10mill-boot"
25,18,"petite","second",3680,4177,360111,639934,8354,1279868,4,392,845,99179,784,198358,"10mill-boot"
25,19,"petite","second",3662,4213,358770,641262,8426,1282524,10,404,1885,98559,808,197118,"10mill-boot"
25,20,"petite","second",3816,4063,372226,627862,8126,1255724,5,388,1049,99039,776,198078,"10mill-boot"
25,21,"petite","second",3702,4207,357312,642746,8414,1285492,3,396,582,99634,792,199268,"10mill-boot"
25,22,"petite","second",3729,4149,360880,639272,8298,1278544,7,387,1311,98748,774,197496,"10mill-boot"
25,23,"petite","second",3755,4134,368327,631758,8268,1263516,8,392,1513,98897,784,197794,"10mill-boot"
25,24,"petite","second",3726,4138,362009,638051,8276,1276102,7,392,1253,98859,784,197718,"10mill-boot"
25,25,"petite","second",3731,4142,363985,636105,8284,1272210,6,398,963,99217,796,198434,"10mill-boot"
25,26,"petite","second",3638,4196,354667,645491,8392,1290982,2,402,376,100307,804,200614,"10mill-boot"
25,27,"petite","second",3623,4193,353656,646448,8386,1292896,11,387,2212,98072,774,196144,"10mill-boot"
25,28,"petite","second",3767,4198,364990,635194,8396,1270388,11,406,2241,97842,812,195684,"10mill-boot"
25,29,"petite","second",3705,4189,362046,637964,8378,1275928,6,394,1258,98998,788,197996,"10mill-boot"
25,30,"petite","second",3774,4141,361753,638306,8282,1276612,11,396,2015,98273,792,196546,"10mill-boot"
22,1,"petite","second",3614,4202,352228,647860,8404,1295720,18,373,3417,96627,746,193254,"10mill-boot"
22,2,"petite","second",3782,4165,370329,629730,8330,1259460,26,381,4558,95687,762,191374,"10mill-boot"
22,3,"petite","second",3755,4149,368547,631501,8298,1263002,19,388,3604,96414,776,192828,"10mill-boot"
22,4,"petite","second",3636,4282,354778,645342,8564,1290684,25,390,4227,95874,780,191748,"10mill-boot"
22,5,"petite","second",3690,4145,362797,637212,8290,1274424,20,382,3721,96898,764,193796,"10mill-boot"
22,6,"petite","second",3765,4162,369445,630566,8324,1261132,22,380,4120,96021,760,192042,"10mill-boot"
22,7,"petite","second",3703,4203,360849,639246,8406,1278492,23,381,4086,96286,762,192572,"10mill-boot"
22,8,"petite","second",3715,4160,364461,635617,8320,1271234,18,383,3317,96969,766,193938,"10mill-boot"
22,9,"petite","second",3699,4176,362164,638182,8352,1276364,22,378,4245,96372,756,192744,"10mill-boot"
22,10,"petite","second",3739,4174,368004,632050,8348,1264100,22,388,3864,96740,776,193480,"10mill-boot"
22,11,"petite","second",3749,4132,365709,634298,8264,1268596,22,368,4115,96030,736,192060,"10mill-boot"
22,12,"petite","second",3712,4192,363845,636183,8384,1272366,15,397,2704,97622,794,195244,"10mill-boot"
22,13,"petite","second",3741,4210,365409,634639,8420,1269278,17,388,3279,97165,776,194330,"10mill-boot"
22,14,"petite","second",3671,4190,357008,643046,8380,1286092,20,378,3710,96395,756,192790,"10mill-boot"
22,15,"petite","second",3784,4109,371071,629002,8218,1258004,23,383,4425,95689,766,191378,"10mill-boot"
22,16,"petite","second",3633,4205,355358,644722,8410,1289444,29,390,5306,94897,780,189794,"10mill-boot"
22,17,"petite","second",3643,4212,356375,643809,8424,1287618,13,382,2508,97619,764,195238,"10mill-boot"
22,18,"petite","second",3695,4168,363535,636610,8336,1273220,22,378,4080,96327,756,192654,"10mill-boot"
22,19,"petite","second",3625,4245,354287,645746,8490,1291492,15,380,2812,97546,760,195092,"10mill-boot"
22,20,"petite","second",3729,4213,361663,638355,8426,1276710,13,385,2426,97611,770,195222,"10mill-boot"
22,21,"petite","second",3631,4284,354185,645963,8568,1291926,19,383,3579,96449,766,192898,"10mill-boot"
22,22,"petite","second",3616,4225,355076,644994,8450,1289988,25,373,4824,95232,746,190464,"10mill-boot"
22,23,"petite","second",3601,4218,354784,645347,8436,1290694,14,373,2514,97877,746,195754,"10mill-boot"
22,24,"petite","second",3807,4154,370310,629731,8308,1259462,16,376,3114,97194,752,194388,"10mill-boot"
22,25,"petite","second",3719,4151,365459,634646,8302,1269292,16,379,3036,96976,758,193952,"10mill-boot"
22,26,"petite","second",3726,4165,364741,635313,8330,1270626,20,378,3788,96239,756,192478,"10mill-boot"
22,27,"petite","second",3753,4148,365728,634332,8296,1268664,18,374,3269,96820,748,193640,"10mill-boot"
22,28,"petite","second",3643,4247,353780,646237,8494,1292474,25,381,4804,95582,762,191164,"10mill-boot"
22,29,"petite","second",3706,4154,368232,631854,8308,1263708,23,378,4423,95833,756,191666,"10mill-boot"
22,30,"petite","second",3743,4152,367606,632447,8304,1264894,21,393,3796,96227,786,192454,"10mill-boot"
49,1,"petite","second",3782,4191,369871,630138,8382,1260276,25,372,4565,95601,744,191202,"10mill-boot"
49,2,"petite","second",3710,4122,365613,634407,8244,1268814,16,376,2668,97384,752,194768,"10mill-boot"
49,3,"petite","second",3720,4177,362960,637074,8354,1274148,17,391,2974,97209,782,194418,"10mill-boot"
49,4,"petite","second",3810,4167,370144,630409,8334,1260818,12,385,2226,97898,770,195796,"10mill-boot"
49,5,"petite","second",3735,4175,364733,635302,8350,1270604,16,393,2657,97387,786,194774,"10mill-boot"
49,6,"petite","second",3818,4140,371468,628566,8280,1257132,7,396,1506,98939,792,197878,"10mill-boot"
49,7,"petite","second",3745,4148,367916,632166,8296,1264332,11,374,1903,98135,748,196270,"10mill-boot"
49,8,"petite","second",3790,4141,370201,629846,8282,1259692,15,379,2793,97733,758,195466,"10mill-boot"
49,9,"petite","second",3754,4177,365522,634531,8354,1269062,14,379,2595,97525,758,195050,"10mill-boot"
49,10,"petite","second",3786,4143,369176,630909,8286,1261818,9,386,1556,98553,772,197106,"10mill-boot"
49,11,"petite","second",3722,4206,363481,636535,8412,1273070,15,388,2676,97581,776,195162,"10mill-boot"
49,12,"petite","second",3678,4178,361164,638952,8356,1277904,15,384,3221,97282,768,194564,"10mill-boot"
49,13,"petite","second",3751,4144,367489,632547,8288,1265094,15,380,2407,97864,760,195728,"10mill-boot"
49,14,"petite","second",3687,4230,358158,641923,8460,1283846,7,390,1512,98577,780,197154,"10mill-boot"
49,15,"petite","second",3850,4090,373059,626951,8180,1253902,9,392,1604,98501,784,197002,"10mill-boot"
49,16,"petite","second",3728,4186,364728,635350,8372,1270700,19,381,3523,96866,762,193732,"10mill-boot"
49,17,"petite","second",3739,4180,363363,636730,8360,1273460,20,373,3801,96286,746,192572,"10mill-boot"
49,18,"petite","second",3669,4173,361130,639047,8346,1278094,16,379,2794,97221,758,194442,"10mill-boot"
49,19,"petite","second",3741,4142,366888,633187,8284,1266374,12,381,2205,98360,762,196720,"10mill-boot"
49,20,"petite","second",3659,4227,357879,642238,8454,1284476,10,380,2060,97940,760,195880,"10mill-boot"
49,21,"petite","second",3667,4229,360813,639228,8458,1278456,22,390,4328,95687,780,191374,"10mill-boot"
49,22,"petite","second",3663,4165,360112,639936,8330,1279872,7,387,1351,98884,774,197768,"10mill-boot"
49,23,"petite","second",3820,4144,370821,629203,8288,1258406,17,380,2908,97275,760,194550,"10mill-boot"
49,24,"petite","second",3658,4223,356132,643996,8446,1287992,8,394,1610,98401,788,196802,"10mill-boot"
49,25,"petite","second",3782,4156,370261,629894,8312,1259788,17,392,3218,96965,784,193930,"10mill-boot"
49,26,"petite","second",3791,4158,367972,632084,8316,1264168,11,387,2234,97797,774,195594,"10mill-boot"
49,27,"petite","second",3715,4174,363148,636977,8348,1273954,11,381,1971,98327,762,196654,"10mill-boot"
49,28,"petite","second",3792,4163,370368,629698,8326,1259396,17,391,2993,97850,782,195700,"10mill-boot"
49,29,"petite","second",3812,4164,370007,630028,8328,1260056,14,389,2704,97335,778,194670,"10mill-boot"
49,30,"petite","second",3745,4129,368364,631697,8258,1263394,18,374,3427,96720,748,193440,"10mill-boot"
47,1,"petite","second",3634,4194,355866,644167,8388,1288334,16,403,2956,97168,806,194336,"10mill-boot"
47,2,"petite","second",3718,4178,360624,639493,8356,1278986,18,395,3548,96943,790,193886,"10mill-boot"
47,3,"petite","second",3768,4119,369108,630934,8238,1261868,22,403,4090,96203,806,192406,"10mill-boot"
47,4,"petite","second",3700,4187,360698,639403,8374,1278806,20,391,3821,96316,782,192632,"10mill-boot"
47,5,"petite","second",3793,4118,368316,631803,8236,1263606,27,380,5017,95171,760,190342,"10mill-boot"
47,6,"petite","second",3781,4140,366909,633353,8280,1266706,19,398,2974,97046,796,194092,"10mill-boot"
47,7,"petite","second",3756,4097,365626,634457,8194,1268914,23,380,4847,95246,760,190492,"10mill-boot"
47,8,"petite","second",3717,4161,362974,637139,8322,1274278,22,411,3638,96873,822,193746,"10mill-boot"
47,9,"petite","second",3637,4172,358870,641251,8344,1282502,17,390,3278,96874,780,193748,"10mill-boot"
47,10,"petite","second",3756,4131,364554,635470,8262,1270940,21,400,3837,96448,800,192896,"10mill-boot"
47,11,"petite","second",3810,4111,372486,627654,8222,1255308,24,404,4790,95246,808,190492,"10mill-boot"
47,12,"petite","second",3707,4196,361897,638199,8392,1276398,22,400,4047,96802,800,193604,"10mill-boot"
47,13,"petite","second",3729,4115,366282,633829,8230,1267658,20,392,3483,97055,784,194110,"10mill-boot"
47,14,"petite","second",3734,4174,358640,641366,8348,1282732,19,406,3588,96669,812,193338,"10mill-boot"
47,15,"petite","second",3693,4172,360699,639425,8344,1278850,25,397,4902,95291,794,190582,"10mill-boot"
47,16,"petite","second",3782,4154,366577,633514,8308,1267028,24,406,5074,95089,812,190178,"10mill-boot"
47,17,"petite","second",3685,4207,355627,644409,8414,1288818,24,390,4304,95907,780,191814,"10mill-boot"
47,18,"petite","second",3645,4172,357791,642240,8344,1284480,24,398,4558,95974,796,191948,"10mill-boot"
47,19,"petite","second",3671,4101,366037,634020,8202,1268040,15,397,3239,96803,794,193606,"10mill-boot"
47,20,"petite","second",3760,4141,366697,633379,8282,1266758,19,400,3814,96220,800,192440,"10mill-boot"
47,21,"petite","second",3655,4242,352522,647704,8484,1295408,19,398,3496,96794,796,193588,"10mill-boot"
47,22,"petite","second",3661,4127,362639,637548,8254,1275096,21,397,3760,96383,794,192766,"10mill-boot"
47,23,"petite","second",3674,4193,359505,640502,8386,1281004,15,403,3148,97010,806,194020,"10mill-boot"
47,24,"petite","second",3686,4128,360915,639142,8256,1278284,14,396,2678,97424,792,194848,"10mill-boot"
47,25,"petite","second",3742,4129,369605,630450,8258,1260900,13,408,2431,97716,816,195432,"10mill-boot"
47,26,"petite","second",3663,4221,355743,644318,8442,1288636,20,397,3607,96652,794,193304,"10mill-boot"
47,27,"petite","second",3773,4061,371328,628748,8122,1257496,19,400,3815,96507,800,193014,"10mill-boot"
47,28,"petite","second",3732,4073,371517,628637,8146,1257274,19,390,3228,96916,780,193832,"10mill-boot"
47,29,"petite","second",3783,4118,368502,631532,8236,1263064,23,384,4535,95510,768,191020,"10mill-boot"
47,30,"petite","second",3717,4145,366779,633279,8290,1266558,23,398,4603,95812,796,191624,"10mill-boot"
40,1,"petite","second",3792,4111,371373,628650,8222,1257300,13,385,2616,97566,770,195132,"10mill-boot"
40,2,"petite","second",3828,4161,370815,629316,8322,1258632,16,390,3014,97025,780,194050,"10mill-boot"
40,3,"petite","second",3851,4090,375184,624860,8180,1249720,20,376,4020,95982,752,191964,"10mill-boot"
40,4,"petite","second",3787,4114,367358,632642,8228,1265284,12,397,2403,97644,794,195288,"10mill-boot"
40,5,"petite","second",3902,4076,380877,619177,8152,1238354,22,390,3985,96135,780,192270,"10mill-boot"
40,6,"petite","second",3834,4092,374087,625917,8184,1251834,20,382,3933,96158,764,192316,"10mill-boot"
40,7,"petite","second",3820,4068,373022,627012,8136,1254024,11,386,2487,97739,772,195478,"10mill-boot"
40,8,"petite","second",3899,4071,380136,619914,8142,1239828,20,399,4166,96819,798,193638,"10mill-boot"
40,9,"petite","second",3773,4120,367399,632836,8240,1265672,26,385,5411,94670,770,189340,"10mill-boot"
40,10,"petite","second",3800,4121,373541,626722,8242,1253444,19,394,4183,96266,788,192532,"10mill-boot"
40,11,"petite","second",3848,4094,373623,626420,8188,1252840,11,389,2245,98065,778,196130,"10mill-boot"
40,12,"petite","second",3848,4099,378481,621572,8198,1243144,13,393,2433,97921,786,195842,"10mill-boot"
40,13,"petite","second",3765,4167,364282,635820,8334,1271640,15,384,3100,96988,768,193976,"10mill-boot"
40,14,"petite","second",3890,4112,382152,617935,8224,1235870,28,390,5378,94939,780,189878,"10mill-boot"
40,15,"petite","second",3860,4017,380608,619522,8034,1239044,21,383,3972,96345,766,192690,"10mill-boot"
40,16,"petite","second",3918,4049,381345,618869,8098,1237738,16,389,3520,96647,778,193294,"10mill-boot"
40,17,"petite","second",3856,4080,374532,625634,8160,1251268,13,387,2691,98000,774,196000,"10mill-boot"
40,18,"petite","second",3953,4050,380880,619179,8100,1238358,13,400,2610,97654,800,195308,"10mill-boot"
40,19,"petite","second",3940,4060,381700,618339,8120,1236678,16,398,3174,96863,796,193726,"10mill-boot"
40,20,"petite","second",3807,4124,372085,628103,8248,1256206,21,388,4286,95829,776,191658,"10mill-boot"
40,21,"petite","second",3781,4077,370825,629294,8154,1258588,13,385,2656,97457,770,194914,"10mill-boot"
40,22,"petite","second",3862,4029,380763,619259,8058,1238518,20,387,3902,96139,774,192278,"10mill-boot"
40,23,"petite","second",3738,4144,366648,633353,8288,1266706,15,388,3002,97198,776,194396,"10mill-boot"
40,24,"petite","second",3951,4031,386678,613327,8062,1226654,18,399,3482,96924,798,193848,"10mill-boot"
40,25,"petite","second",3840,4081,377582,622444,8162,1244888,19,395,3641,96925,790,193850,"10mill-boot"
40,26,"petite","second",3811,4127,372286,627836,8254,1255672,8,402,1691,98374,804,196748,"10mill-boot"
40,27,"petite","second",3851,4103,377406,622640,8206,1245280,23,397,4229,96335,794,192670,"10mill-boot"
40,28,"petite","second",3813,4114,372250,627753,8228,1255506,13,395,2879,97302,790,194604,"10mill-boot"
40,29,"petite","second",3787,4136,369828,630280,8272,1260560,14,393,3067,97052,786,194104,"10mill-boot"
40,30,"petite","second",3835,4065,376675,623424,8130,1246848,19,377,4261,95877,754,191754,"10mill-boot"
23,1,"petite","second",3834,4170,375828,624233,8340,1248466,21,394,4415,95712,788,191424,"10mill-boot"
23,2,"petite","second",3734,4180,366686,633442,8360,1266884,18,383,3593,96699,766,193398,"10mill-boot"
23,3,"petite","second",3881,4156,378024,622182,8312,1244364,27,394,5350,95136,788,190272,"10mill-boot"
23,4,"petite","second",3693,4209,361059,638977,8418,1277954,21,379,4826,95553,758,191106,"10mill-boot"
23,5,"petite","second",3806,4198,368865,631333,8396,1262666,22,388,4134,96051,776,192102,"10mill-boot"
23,6,"petite","second",3783,4153,371256,628825,8306,1257650,26,374,5946,94570,748,189140,"10mill-boot"
23,7,"petite","second",3834,4249,368299,631791,8498,1263582,23,387,4967,95225,774,190450,"10mill-boot"
23,8,"petite","second",3785,4193,367315,632685,8386,1265370,21,397,4398,96039,794,192078,"10mill-boot"
23,9,"petite","second",3758,4159,367260,632753,8318,1265506,19,381,3973,96359,762,192718,"10mill-boot"
23,10,"petite","second",3770,4233,368946,631229,8466,1262458,27,389,6094,94370,778,188740,"10mill-boot"
23,11,"petite","second",3718,4244,361809,638213,8488,1276426,20,388,3909,96757,776,193514,"10mill-boot"
23,12,"petite","second",3776,4197,368146,631857,8394,1263714,21,389,4406,95748,778,191496,"10mill-boot"
23,13,"petite","second",3661,4233,360966,639127,8466,1278254,37,369,8222,91789,738,183578,"10mill-boot"
23,14,"petite","second",3784,4205,366693,633364,8410,1266728,24,377,5547,94825,754,189650,"10mill-boot"
23,15,"petite","second",3824,4114,376769,623360,8228,1246720,23,375,5070,95082,750,190164,"10mill-boot"
23,16,"petite","second",3740,4186,365853,634199,8372,1268398,27,367,6035,94104,734,188208,"10mill-boot"
23,17,"petite","second",3860,4174,375779,624257,8348,1248514,27,389,6122,94056,778,188112,"10mill-boot"
23,18,"petite","second",3795,4206,366632,633528,8412,1267056,15,393,3192,97185,786,194370,"10mill-boot"
23,19,"petite","second",3762,4224,366975,633075,8448,1266150,26,378,6032,94124,756,188248,"10mill-boot"
23,20,"petite","second",3765,4232,367750,632275,8464,1264550,22,381,4342,95799,762,191598,"10mill-boot"
23,21,"petite","second",3778,4200,366390,633670,8400,1267340,11,394,2472,97731,788,195462,"10mill-boot"
23,22,"petite","second",3675,4232,360165,639838,8464,1279676,18,383,3748,96439,766,192878,"10mill-boot"
23,23,"petite","second",3830,4173,376137,624149,8346,1248298,19,390,3940,96106,780,192212,"10mill-boot"
23,24,"petite","second",3713,4241,359319,640684,8482,1281368,14,380,2962,97278,760,194556,"10mill-boot"
23,25,"petite","second",3770,4201,366807,633220,8402,1266440,18,384,3916,96412,768,192824,"10mill-boot"
23,26,"petite","second",3601,4248,352643,647579,8496,1295158,17,377,3783,96261,754,192522,"10mill-boot"
23,27,"petite","second",3762,4183,367424,632714,8366,1265428,20,389,4370,95727,778,191454,"10mill-boot"
23,28,"petite","second",3846,4139,378626,621397,8278,1242794,33,369,7259,92807,738,185614,"10mill-boot"
23,29,"petite","second",3686,4206,361955,638139,8412,1276278,24,375,5524,94712,750,189424,"10mill-boot"
23,30,"petite","second",3847,4113,375576,624508,8226,1249016,25,382,5271,94988,764,189976,"10mill-boot"
24,1,"petite","second",3749,4203,361427,638658,8406,1277316,21,376,3950,96112,752,192224,"10mill-boot"
24,2,"petite","second",3798,4137,369097,630906,8274,1261812,12,390,2059,98164,780,196328,"10mill-boot"
24,3,"petite","second",3723,4201,359648,640444,8402,1280888,17,390,3400,96954,780,193908,"10mill-boot"
24,4,"petite","second",3790,4153,367057,633035,8306,1266070,10,383,2172,97971,766,195942,"10mill-boot"
24,5,"petite","second",3792,4123,374375,625691,8246,1251382,20,386,3922,96200,772,192400,"10mill-boot"
24,6,"petite","second",3674,4216,358023,642171,8432,1284342,12,381,2263,98026,762,196052,"10mill-boot"
24,7,"petite","second",3730,4224,362382,637731,8448,1275462,20,382,3549,96713,764,193426,"10mill-boot"
24,8,"petite","second",3715,4136,362662,637360,8272,1274720,19,378,3824,96573,756,193146,"10mill-boot"
24,9,"petite","second",3791,4138,369213,630900,8276,1261800,14,372,2639,97463,744,194926,"10mill-boot"
24,10,"petite","second",3780,4153,368364,631868,8306,1263736,20,380,3879,96338,760,192676,"10mill-boot"
24,11,"petite","second",3751,4152,366362,633747,8304,1267494,17,382,3053,97534,764,195068,"10mill-boot"
24,12,"petite","second",3741,4188,363042,636994,8376,1273988,10,383,2014,98140,766,196280,"10mill-boot"
24,13,"petite","second",3717,4163,365127,635086,8326,1270172,16,399,2908,97746,798,195492,"10mill-boot"
24,14,"petite","second",3759,4149,365543,634459,8298,1268918,18,375,3399,96729,750,193458,"10mill-boot"
24,15,"petite","second",3662,4192,356338,643682,8384,1287364,18,382,3583,96570,764,193140,"10mill-boot"
24,16,"petite","second",3719,4177,358956,641090,8354,1282180,15,373,2699,97512,746,195024,"10mill-boot"
24,17,"petite","second",3740,4193,365508,634496,8386,1268992,20,381,4071,96377,762,192754,"10mill-boot"
24,18,"petite","second",3757,4192,364923,635300,8384,1270600,16,391,3140,96871,782,193742,"10mill-boot"
24,19,"petite","second",3879,4082,375817,624265,8164,1248530,16,377,3163,96956,754,193912,"10mill-boot"
24,20,"petite","second",3585,4266,354197,645833,8532,1291666,19,381,3911,96271,762,192542,"10mill-boot"
24,21,"petite","second",3815,4135,371032,629057,8270,1258114,23,378,4491,95696,756,191392,"10mill-boot"
24,22,"petite","second",3679,4252,357585,642438,8504,1284876,17,395,3022,97122,790,194244,"10mill-boot"
24,23,"petite","second",3768,4156,362219,637955,8312,1275910,11,385,2052,98313,770,196626,"10mill-boot"
24,24,"petite","second",3829,4125,375786,624215,8250,1248430,15,390,3117,96924,780,193848,"10mill-boot"
24,25,"petite","second",3761,4124,364395,635932,8248,1271864,13,380,2531,97652,760,195304,"10mill-boot"
24,26,"petite","second",3641,4247,353132,646927,8494,1293854,19,384,3584,96592,768,193184,"10mill-boot"
24,27,"petite","second",3711,4201,363549,636533,8402,1273066,11,384,2128,98002,768,196004,"10mill-boot"
24,28,"petite","second",3686,4151,361567,638460,8302,1276920,19,373,3979,96600,746,193200,"10mill-boot"
24,29,"petite","second",3804,4149,372363,627735,8298,1255470,12,387,2315,97914,774,195828,"10mill-boot"
24,30,"petite","second",3835,4149,376350,623690,8298,1247380,16,408,2929,97732,816,195464,"10mill-boot"
12,1,"petite","second",3801,4176,368042,632004,8352,1264008,10,384,2070,97972,768,195944,"10mill-boot"
12,2,"petite","second",3684,4237,356333,643725,8474,1287450,3,394,659,100207,788,200414,"10mill-boot"
12,3,"petite","second",3783,4141,367930,632106,8282,1264212,15,387,3101,97059,774,194118,"10mill-boot"
12,4,"petite","second",3833,4074,373072,626943,8148,1253886,6,384,1100,98988,768,197976,"10mill-boot"
12,5,"petite","second",3769,4147,371923,628340,8294,1256680,11,385,2290,97725,770,195450,"10mill-boot"
12,6,"petite","second",3888,4100,377559,622498,8200,1244996,12,394,2457,97666,788,195332,"10mill-boot"
12,7,"petite","second",3819,4115,370021,630162,8230,1260324,5,387,793,100054,774,200108,"10mill-boot"
12,8,"petite","second",3692,4181,360710,639367,8362,1278734,11,394,2079,98368,788,196736,"10mill-boot"
12,9,"petite","second",3840,4111,368552,631453,8222,1262906,14,381,2904,97146,762,194292,"10mill-boot"
12,10,"petite","second",3747,4160,368212,631811,8320,1263622,7,389,1347,98673,778,197346,"10mill-boot"
12,11,"petite","second",3838,4075,371423,628634,8150,1257268,15,389,2789,97652,778,195304,"10mill-boot"
12,12,"petite","second",3754,4196,366544,633545,8392,1267090,6,391,1183,99090,782,198180,"10mill-boot"
12,13,"petite","second",3777,4125,367474,632546,8250,1265092,15,378,2924,97614,756,195228,"10mill-boot"
12,14,"petite","second",3803,4123,369748,630297,8246,1260594,18,376,3769,96360,752,192720,"10mill-boot"
12,15,"petite","second",3778,4122,368903,631101,8244,1262202,4,387,746,99323,774,198646,"10mill-boot"
12,16,"petite","second",3817,4088,374198,625827,8176,1251654,8,388,1596,98811,776,197622,"10mill-boot"
12,17,"petite","second",3814,4129,374734,625279,8258,1250558,5,403,1020,99023,806,198046,"10mill-boot"
12,18,"petite","second",3769,4144,369252,630756,8288,1261512,14,396,2877,97394,792,194788,"10mill-boot"
12,19,"petite","second",3776,4228,369832,630305,8456,1260610,9,393,1825,98238,786,196476,"10mill-boot"
12,20,"petite","second",3886,4068,382514,617573,8136,1235146,14,388,2696,97407,776,194814,"10mill-boot"
12,21,"petite","second",3758,4211,364225,635892,8422,1271784,11,400,2332,98486,800,196972,"10mill-boot"
12,22,"petite","second",3751,4123,367818,632243,8246,1264486,9,390,1793,98950,780,197900,"10mill-boot"
12,23,"petite","second",3813,4141,371866,628221,8282,1256442,12,393,2430,97950,786,195900,"10mill-boot"
12,24,"petite","second",3762,4150,366042,634148,8300,1268296,6,391,1173,99003,782,198006,"10mill-boot"
12,25,"petite","second",3781,4170,369189,630944,8340,1261888,7,398,1412,98804,796,197608,"10mill-boot"
12,26,"petite","second",3797,4135,367201,632893,8270,1265786,11,390,1949,99168,780,198336,"10mill-boot"
12,27,"petite","second",3676,4180,360676,639350,8360,1278700,8,402,1463,98693,804,197386,"10mill-boot"
12,28,"petite","second",3805,4121,373040,627129,8242,1254258,11,405,2241,97946,810,195892,"10mill-boot"
12,29,"petite","second",3729,4201,363071,636944,8402,1273888,9,404,1718,98540,808,197080,"10mill-boot"
12,30,"petite","second",3830,4110,378613,621418,8220,1242836,11,398,2339,97735,796,195470,"10mill-boot"
15,1,"petite","second",3767,4098,368260,631793,8196,1263586,22,382,4196,96005,764,192010,"10mill-boot"
15,2,"petite","second",3720,4154,362660,637386,8308,1274772,13,397,2241,97903,794,195806,"10mill-boot"
15,3,"petite","second",3791,4093,369552,630552,8186,1261104,15,393,2891,97284,786,194568,"10mill-boot"
15,4,"petite","second",3784,4091,371533,628683,8182,1257366,15,397,2779,98049,794,196098,"10mill-boot"
15,5,"petite","second",3693,4117,361842,638172,8234,1276344,11,396,1937,98091,792,196182,"10mill-boot"
15,6,"petite","second",3662,4146,360013,640106,8292,1280212,9,393,1657,98525,786,197050,"10mill-boot"
15,7,"petite","second",3703,4132,361446,638670,8264,1277340,10,387,1894,98172,774,196344,"10mill-boot"
15,8,"petite","second",3751,4071,365849,634239,8142,1268478,11,393,2051,98178,786,196356,"10mill-boot"
15,9,"petite","second",3657,4173,361981,638064,8346,1276128,24,384,4446,95969,768,191938,"10mill-boot"
15,10,"petite","second",3754,4102,365476,634525,8204,1269050,11,399,2150,98729,798,197458,"10mill-boot"
15,11,"petite","second",3746,4078,365460,634611,8156,1269222,9,395,1729,98556,790,197112,"10mill-boot"
15,12,"petite","second",3737,4103,367354,632707,8206,1265414,12,388,2097,98006,776,196012,"10mill-boot"
15,13,"petite","second",3762,4117,361034,638999,8234,1277998,12,396,2011,98597,792,197194,"10mill-boot"
15,14,"petite","second",3702,4096,362543,637502,8192,1275004,12,393,2001,98149,786,196298,"10mill-boot"
15,15,"petite","second",3747,4153,364988,635179,8306,1270358,11,398,2055,98469,796,196938,"10mill-boot"
15,16,"petite","second",3719,4103,366831,633174,8206,1266348,10,395,1925,98289,790,196578,"10mill-boot"
15,17,"petite","second",3762,4099,371401,628761,8198,1257522,17,396,3159,97027,792,194054,"10mill-boot"
15,18,"petite","second",3706,4126,364287,635765,8252,1271530,9,401,1516,99106,802,198212,"10mill-boot"
15,19,"petite","second",3702,4149,362546,637471,8298,1274942,11,399,1981,98595,798,197190,"10mill-boot"
15,20,"petite","second",3669,4156,360027,640033,8312,1280066,10,397,1989,98266,794,196532,"10mill-boot"
15,21,"petite","second",3815,4106,375421,624718,8212,1249436,12,398,2279,98323,796,196646,"10mill-boot"
15,22,"petite","second",3660,4161,358256,641858,8322,1283716,10,404,1845,98415,808,196830,"10mill-boot"
15,23,"petite","second",3771,4092,372458,627655,8184,1255310,14,391,2391,97849,782,195698,"10mill-boot"
15,24,"petite","second",3657,4184,356934,643109,8368,1286218,11,399,2024,98539,798,197078,"10mill-boot"
15,25,"petite","second",3773,4138,367549,632487,8276,1264974,4,400,725,99437,800,198874,"10mill-boot"
15,26,"petite","second",3788,4045,373160,626937,8090,1253874,8,393,1597,99209,786,198418,"10mill-boot"
15,27,"petite","second",3704,4139,363785,636262,8278,1272524,16,393,3035,97107,786,194214,"10mill-boot"
15,28,"petite","second",3632,4109,357006,643082,8218,1286164,8,402,1546,98653,804,197306,"10mill-boot"
15,29,"petite","second",3702,4137,363577,636450,8274,1272900,8,397,1407,98685,794,197370,"10mill-boot"
15,30,"petite","second",3647,4130,359801,640248,8260,1280496,12,392,2223,97944,784,195888,"10mill-boot"
41,1,"petite","second",3729,4211,360246,639826,8422,1279652,4,393,811,99777,786,199554,"10mill-boot"
41,2,"petite","second",3954,4164,378750,621260,8328,1242520,13,400,2092,97947,800,195894,"10mill-boot"
41,3,"petite","second",3830,4191,371198,628804,8382,1257608,6,396,1076,99279,792,198558,"10mill-boot"
41,4,"petite","second",3869,4181,372688,627345,8362,1254690,12,403,2008,98063,806,196126,"10mill-boot"
41,5,"petite","second",3743,4261,364508,635533,8522,1271066,10,398,1964,98241,796,196482,"10mill-boot"
41,6,"petite","second",3888,4172,376808,623234,8344,1246468,10,388,1779,98330,776,196660,"10mill-boot"
41,7,"petite","second",3910,4182,377654,622441,8364,1244882,12,389,2330,97891,778,195782,"10mill-boot"
41,8,"petite","second",3733,4196,363002,637024,8392,1274048,9,391,1859,98322,782,196644,"10mill-boot"
41,9,"petite","second",3770,4192,363645,636414,8384,1272828,8,398,1360,98858,796,197716,"10mill-boot"
41,10,"petite","second",3831,4204,370405,629638,8408,1259276,10,390,1847,98266,780,196532,"10mill-boot"
41,11,"petite","second",3833,4122,374157,625971,8244,1251942,11,395,1828,98266,790,196532,"10mill-boot"
41,12,"petite","second",3881,4182,374078,625966,8364,1251932,14,390,2981,97241,780,194482,"10mill-boot"
41,13,"petite","second",3777,4227,364136,635911,8454,1271822,8,399,1537,98606,798,197212,"10mill-boot"
41,14,"petite","second",3734,4204,361271,638764,8408,1277528,5,388,1034,99057,776,198114,"10mill-boot"
41,15,"petite","second",3809,4201,364510,635668,8402,1271336,5,396,1048,99319,792,198638,"10mill-boot"
41,16,"petite","second",3868,4172,373812,626274,8344,1252548,8,394,1742,98852,788,197704,"10mill-boot"
41,17,"petite","second",3817,4195,366612,633464,8390,1266928,10,390,2148,98053,780,196106,"10mill-boot"
41,18,"petite","second",3793,4186,369096,630956,8372,1261912,12,389,2653,97610,778,195220,"10mill-boot"
41,19,"petite","second",3850,4172,374043,626235,8344,1252470,10,391,2216,98077,782,196154,"10mill-boot"
41,20,"petite","second",3835,4187,371554,628491,8374,1256982,8,404,1701,98512,808,197024,"10mill-boot"
41,21,"petite","second",3732,4254,361126,638993,8508,1277986,3,402,545,99699,804,199398,"10mill-boot"
41,22,"petite","second",3878,4128,376270,623763,8256,1247526,12,392,2426,97708,784,195416,"10mill-boot"
41,23,"petite","second",3693,4223,362446,637578,8446,1275156,13,397,2505,97549,794,195098,"10mill-boot"
41,24,"petite","second",3854,4183,371358,628673,8366,1257346,12,393,2356,98142,786,196284,"10mill-boot"
41,25,"petite","second",3873,4181,376754,623303,8362,1246606,16,383,3163,97005,766,194010,"10mill-boot"
41,26,"petite","second",3865,4174,372319,627750,8348,1255500,10,397,1950,98140,794,196280,"10mill-boot"
41,27,"petite","second",3831,4196,370907,629192,8392,1258384,13,394,2564,97855,788,195710,"10mill-boot"
41,28,"petite","second",3757,4230,365361,634644,8460,1269288,14,393,2694,97457,786,194914,"10mill-boot"
41,29,"petite","second",3745,4196,363827,636257,8392,1272514,10,394,2096,98094,788,196188,"10mill-boot"
41,30,"petite","second",3669,4288,354771,645305,8576,1290610,4,398,892,99191,796,198382,"10mill-boot"
46,1,"petite","second",3772,4234,363572,636514,8468,1273028,13,398,2507,97664,796,195328,"10mill-boot"
46,2,"petite","second",3654,4227,358144,641993,8454,1283986,15,391,3288,96827,782,193654,"10mill-boot"
46,3,"petite","second",3657,4226,359498,640547,8452,1281094,16,375,3510,96656,750,193312,"10mill-boot"
46,4,"petite","second",3698,4194,362927,637074,8388,1274148,14,386,2930,97285,772,194570,"10mill-boot"
46,5,"petite","second",3734,4263,364620,635411,8526,1270822,10,402,2169,98164,804,196328,"10mill-boot"
46,6,"petite","second",3776,4154,371454,628709,8308,1257418,14,387,3171,96941,774,193882,"10mill-boot"
46,7,"petite","second",3807,4200,373625,626436,8400,1252872,11,389,2378,97656,778,195312,"10mill-boot"
46,8,"petite","second",3672,4240,362687,637367,8480,1274734,11,396,2125,97877,792,195754,"10mill-boot"
46,9,"petite","second",3798,4216,365471,634554,8432,1269108,8,393,1440,98893,786,197786,"10mill-boot"
46,10,"petite","second",3792,4218,373182,626906,8436,1253812,12,403,2252,97749,806,195498,"10mill-boot"
46,11,"petite","second",3735,4182,364317,635741,8364,1271482,15,384,3274,97118,768,194236,"10mill-boot"
46,12,"petite","second",3682,4276,358568,641498,8552,1282996,15,386,3456,96698,772,193396,"10mill-boot"
46,13,"petite","second",3756,4190,369825,630367,8380,1260734,10,393,2196,97892,786,195784,"10mill-boot"
46,14,"petite","second",3804,4169,375332,624714,8338,1249428,20,385,3713,96373,770,192746,"10mill-boot"
46,15,"petite","second",3755,4268,362004,638096,8536,1276192,15,383,2717,97489,766,194978,"10mill-boot"
46,16,"petite","second",3721,4201,361676,638329,8402,1276658,8,383,1347,98953,766,197906,"10mill-boot"
46,17,"petite","second",3732,4244,366400,633675,8488,1267350,14,415,2665,97427,830,194854,"10mill-boot"
46,18,"petite","second",3790,4160,373017,627001,8320,1254002,10,400,2041,98289,800,196578,"10mill-boot"
46,19,"petite","second",3744,4245,362866,637170,8490,1274340,15,387,2692,97323,774,194646,"10mill-boot"
46,20,"petite","second",3851,4140,375206,625001,8280,1250002,15,386,2632,97464,772,194928,"10mill-boot"
46,21,"petite","second",3709,4268,360142,639893,8536,1279786,11,386,2259,97904,772,195808,"10mill-boot"
46,22,"petite","second",3753,4165,369640,630645,8330,1261290,18,380,3549,96513,760,193026,"10mill-boot"
46,23,"petite","second",3762,4233,366130,634077,8466,1268154,12,378,2433,97607,756,195214,"10mill-boot"
46,24,"petite","second",3748,4197,367465,632651,8394,1265302,10,383,2090,98083,766,196166,"10mill-boot"
46,25,"petite","second",3716,4192,363192,637009,8384,1274018,13,380,2666,97889,760,195778,"10mill-boot"
46,26,"petite","second",3692,4232,358241,641787,8464,1283574,11,389,2348,97656,778,195312,"10mill-boot"
46,27,"petite","second",3663,4204,361359,638782,8408,1277564,10,394,2517,97586,788,195172,"10mill-boot"
46,28,"petite","second",3591,4236,357796,642205,8472,1284410,10,379,2151,97961,758,195922,"10mill-boot"
46,29,"petite","second",3612,4235,355829,644265,8470,1288530,9,384,1775,98835,768,197670,"10mill-boot"
46,30,"petite","second",3689,4218,362947,637156,8436,1274312,18,383,3478,97102,766,194204,"10mill-boot"
48,1,"petite","second",3874,4049,375278,624815,8098,1249630,13,384,2663,98097,768,196194,"10mill-boot"
48,2,"petite","second",3796,4099,366988,633020,8198,1266040,9,387,1811,98419,774,196838,"10mill-boot"
48,3,"petite","second",3778,4100,368291,631799,8200,1263598,11,384,2143,98097,768,196194,"10mill-boot"
48,4,"petite","second",3769,4130,366223,633787,8260,1267574,11,388,2299,97884,776,195768,"10mill-boot"
48,5,"petite","second",3809,4137,370727,629301,8274,1258602,12,381,2378,98122,762,196244,"10mill-boot"
48,6,"petite","second",3793,4107,370843,629343,8214,1258686,15,386,3134,96909,772,193818,"10mill-boot"
48,7,"petite","second",3832,4090,373612,626551,8180,1253102,11,389,2131,98241,778,196482,"10mill-boot"
48,8,"petite","second",3789,4098,365660,634360,8196,1268720,10,378,2111,98074,756,196148,"10mill-boot"
48,9,"petite","second",3756,4088,371244,628837,8176,1257674,9,383,1895,98401,766,196802,"10mill-boot"
48,10,"petite","second",3769,4093,370616,629464,8186,1258928,14,377,2979,97226,754,194452,"10mill-boot"
48,11,"petite","second",3754,4146,364893,635192,8292,1270384,13,384,2572,97576,768,195152,"10mill-boot"
48,12,"petite","second",3769,4074,367905,632112,8148,1264224,16,381,3107,97041,762,194082,"10mill-boot"
48,13,"petite","second",3884,4063,381369,618754,8126,1237508,15,386,2865,97563,772,195126,"10mill-boot"
48,14,"petite","second",3687,4192,361841,638166,8384,1276332,16,376,3131,97403,752,194806,"10mill-boot"
48,15,"petite","second",3812,4091,373465,626589,8182,1253178,10,382,2068,98053,764,196106,"10mill-boot"
48,16,"petite","second",3840,4097,375475,624535,8194,1249070,20,379,3736,96683,758,193366,"10mill-boot"
48,17,"petite","second",3638,4168,356412,643801,8336,1287602,7,390,1530,98985,780,197970,"10mill-boot"
48,18,"petite","second",3847,4040,375086,625002,8080,1250004,6,392,1272,98907,784,197814,"10mill-boot"
48,19,"petite","second",3797,4096,369360,630652,8192,1261304,14,382,2511,97705,764,195410,"10mill-boot"
48,20,"petite","second",3798,4097,370772,629437,8194,1258874,7,386,1406,98632,772,197264,"10mill-boot"
48,21,"petite","second",3815,4124,372362,627760,8248,1255520,12,388,2288,97773,776,195546,"10mill-boot"
48,22,"petite","second",3747,4104,368008,632053,8208,1264106,11,385,2191,98615,770,197230,"10mill-boot"
48,23,"petite","second",3678,4181,359382,640717,8362,1281434,12,390,2259,98169,780,196338,"10mill-boot"
48,24,"petite","second",3790,4059,371698,628381,8118,1256762,5,393,1031,99697,786,199394,"10mill-boot"
48,25,"petite","second",3688,4135,361796,638309,8270,1276618,11,382,2085,98096,764,196192,"10mill-boot"
48,26,"petite","second",3801,4067,374130,626021,8134,1252042,14,386,2708,97406,772,194812,"10mill-boot"
48,27,"petite","second",3776,4083,370748,629253,8166,1258506,11,391,2118,98142,782,196284,"10mill-boot"
48,28,"petite","second",3851,4069,376007,624035,8138,1248070,15,393,3065,97167,786,194334,"10mill-boot"
48,29,"petite","second",3740,4062,368192,631912,8124,1263824,11,379,2158,97983,758,195966,"10mill-boot"
48,30,"petite","second",3729,4085,364319,635697,8170,1271394,11,382,2087,98224,764,196448,"10mill-boot"
33,1,"petite","second",3699,4232,361108,638928,8464,1277856,10,394,2416,97864,788,195728,"10mill-boot"
33,2,"petite","second",3722,4201,363385,636762,8402,1273524,19,388,4228,96205,776,192410,"10mill-boot"
33,3,"petite","second",3754,4164,369546,630494,8328,1260988,10,403,1787,98798,806,197596,"10mill-boot"
33,4,"petite","second",3714,4214,366385,633748,8428,1267496,16,379,3664,96665,758,193330,"10mill-boot"
33,5,"petite","second",3811,4169,374417,625762,8338,1251524,18,397,3385,97091,794,194182,"10mill-boot"
33,6,"petite","second",3687,4180,364911,635128,8360,1270256,11,384,2798,97260,768,194520,"10mill-boot"
33,7,"petite","second",3657,4212,357367,642721,8424,1285442,11,385,2224,98669,770,197338,"10mill-boot"
33,8,"petite","second",3794,4151,373043,627042,8302,1254084,15,396,3015,97161,792,194322,"10mill-boot"
33,9,"petite","second",3777,4118,369482,630532,8236,1261064,13,394,2789,97500,788,195000,"10mill-boot"
33,10,"petite","second",3721,4208,364711,635330,8416,1270660,16,398,3588,96604,796,193208,"10mill-boot"
33,11,"petite","second",3736,4183,366603,633494,8366,1266988,11,391,2245,98263,782,196526,"10mill-boot"
33,12,"petite","second",3663,4226,360461,639595,8452,1279190,12,398,2524,97671,796,195342,"10mill-boot"
33,13,"petite","second",3710,4213,365007,635020,8426,1270040,15,389,3104,97839,778,195678,"10mill-boot"
33,14,"petite","second",3711,4157,367217,632933,8314,1265866,20,370,4297,95791,740,191582,"10mill-boot"
33,15,"petite","second",3737,4215,364868,635216,8430,1270432,15,403,3284,96911,806,193822,"10mill-boot"
33,16,"petite","second",3631,4224,357331,642980,8448,1285960,11,380,2671,97424,760,194848,"10mill-boot"
33,17,"petite","second",3756,4237,367781,632269,8474,1264538,14,412,2959,97373,824,194746,"10mill-boot"
33,18,"petite","second",3736,4188,367533,632514,8376,1265028,18,397,3705,96473,794,192946,"10mill-boot"
33,19,"petite","second",3679,4217,361514,638583,8434,1277166,19,378,4321,95710,756,191420,"10mill-boot"
33,20,"petite","second",3662,4235,360817,639333,8470,1278666,10,397,2207,97883,794,195766,"10mill-boot"
33,21,"petite","second",3629,4221,359319,640734,8442,1281468,22,387,4644,95617,774,191234,"10mill-boot"
33,22,"petite","second",3751,4128,372932,627084,8256,1254168,14,384,3361,96877,768,193754,"10mill-boot"
33,23,"petite","second",3714,4174,365962,634116,8348,1268232,12,399,2927,97126,798,194252,"10mill-boot"
33,24,"petite","second",3688,4209,366373,633729,8418,1267458,19,395,3603,96975,790,193950,"10mill-boot"
33,25,"petite","second",3610,4198,360618,639431,8396,1278862,16,399,3205,96904,798,193808,"10mill-boot"
33,26,"petite","second",3702,4145,371148,628866,8290,1257732,18,381,4349,95932,762,191864,"10mill-boot"
33,27,"petite","second",3672,4226,359845,640251,8452,1280502,13,390,2860,97298,780,194596,"10mill-boot"
33,28,"petite","second",3830,4151,379037,621000,8302,1242000,16,392,3389,97032,784,194064,"10mill-boot"
33,29,"petite","second",3645,4171,365704,634336,8342,1268672,18,387,4133,95870,774,191740,"10mill-boot"
33,30,"petite","second",3697,4190,365078,635017,8380,1270034,10,398,2333,98198,796,196396,"10mill-boot"
9,1,"petite","second",3725,4097,358276,641835,8194,1283670,6,384,1257,98844,768,197688,"10mill-boot"
9,2,"petite","second",3707,4145,358730,641332,8290,1282664,12,385,2027,98096,770,196192,"10mill-boot"
9,3,"petite","second",3752,4111,360717,639329,8222,1278658,10,386,1794,99265,772,198530,"10mill-boot"
9,4,"petite","second",3847,4103,371433,628600,8206,1257200,19,386,3749,96450,772,192900,"10mill-boot"
9,5,"petite","second",3811,4081,369518,630520,8162,1261040,12,375,2081,98001,750,196002,"10mill-boot"
9,6,"petite","second",3761,4151,360954,639186,8302,1278372,7,380,1271,98803,760,197606,"10mill-boot"
9,7,"petite","second",3756,4084,368148,631869,8168,1263738,10,391,1614,98757,782,197514,"10mill-boot"
9,8,"petite","second",3722,4090,362511,637562,8180,1275124,15,382,2858,97188,764,194376,"10mill-boot"
9,9,"petite","second",3710,4158,360913,639126,8316,1278252,14,391,2265,97940,782,195880,"10mill-boot"
9,10,"petite","second",3813,4129,366976,633092,8258,1266184,16,386,2636,97511,772,195022,"10mill-boot"
9,11,"petite","second",3685,4100,361065,638953,8200,1277906,14,377,2491,97548,754,195096,"10mill-boot"
9,12,"petite","second",3715,4107,361797,638230,8214,1276460,9,386,1525,98573,772,197146,"10mill-boot"
9,13,"petite","second",3702,4112,363611,636543,8224,1273086,11,379,1886,98576,758,197152,"10mill-boot"
9,14,"petite","second",3692,4117,362055,638021,8234,1276042,8,382,1413,98636,764,197272,"10mill-boot"
9,15,"petite","second",3639,4170,356714,643287,8340,1286574,11,375,2272,97868,750,195736,"10mill-boot"
9,16,"petite","second",3706,4098,361122,639103,8196,1278206,10,376,1995,98162,752,196324,"10mill-boot"
9,17,"petite","second",3807,4054,370447,629569,8108,1259138,12,382,2273,97845,764,195690,"10mill-boot"
9,18,"petite","second",3745,4135,361662,638413,8270,1276826,10,400,1642,98665,800,197330,"10mill-boot"
9,19,"petite","second",3771,4124,366725,633321,8248,1266642,14,383,2554,97684,766,195368,"10mill-boot"
9,20,"petite","second",3866,4043,373318,626696,8086,1253392,15,383,2434,97689,766,195378,"10mill-boot"
9,21,"petite","second",3793,4086,366195,633819,8172,1267638,13,376,2326,98109,752,196218,"10mill-boot"
9,22,"petite","second",3751,4111,368537,631570,8222,1263140,10,378,1939,98279,756,196558,"10mill-boot"
9,23,"petite","second",3858,3984,376107,623938,7968,1247876,9,378,1503,98759,756,197518,"10mill-boot"
9,24,"petite","second",3668,4173,357977,642215,8346,1284430,14,376,2586,98085,752,196170,"10mill-boot"
9,25,"petite","second",3678,4135,359989,640180,8270,1280360,13,384,2204,97925,768,195850,"10mill-boot"
9,26,"petite","second",3806,4045,368317,631727,8090,1263454,11,377,2249,97955,754,195910,"10mill-boot"
9,27,"petite","second",3768,4066,366394,633663,8132,1267326,7,391,1218,99137,782,198274,"10mill-boot"
9,28,"petite","second",3776,4084,369083,630960,8168,1261920,9,378,1630,98869,756,197738,"10mill-boot"
9,29,"petite","second",3750,4114,366779,633252,8228,1266504,11,399,2043,98634,798,197268,"10mill-boot"
9,30,"petite","second",3861,4063,372716,627342,8126,1254684,8,383,1301,98798,766,197596,"10mill-boot"
34,1,"petite","second",3779,4210,367748,632343,8420,1264686,15,377,3468,96710,754,193420,"10mill-boot"
34,2,"petite","second",3658,4233,360290,639713,8466,1279426,18,370,3693,96497,740,192994,"10mill-boot"
34,3,"petite","second",3627,4213,359109,641032,8426,1282064,11,373,2207,97880,746,195760,"10mill-boot"
34,4,"petite","second",3759,4145,365463,634591,8290,1269182,15,374,3317,96886,748,193772,"10mill-boot"
34,5,"petite","second",3631,4196,357640,642593,8392,1285186,9,380,1681,98743,760,197486,"10mill-boot"
34,6,"petite","second",3685,4220,358667,641385,8440,1282770,10,373,2068,97939,746,195878,"10mill-boot"
34,7,"petite","second",3761,4159,368087,631991,8318,1263982,15,379,3088,96922,758,193844,"10mill-boot"
34,8,"petite","second",3620,4279,353554,646491,8558,1292982,9,384,1768,98407,768,196814,"10mill-boot"
34,9,"petite","second",3770,4173,367610,632409,8346,1264818,14,381,2873,97140,762,194280,"10mill-boot"
34,10,"petite","second",3663,4168,356149,643854,8336,1287708,4,384,831,99362,768,198724,"10mill-boot"
34,11,"petite","second",3683,4224,363227,636792,8448,1273584,12,369,2256,97788,738,195576,"10mill-boot"
34,12,"petite","second",3692,4163,364594,635474,8326,1270948,7,376,1353,98752,752,197504,"10mill-boot"
34,13,"petite","second",3666,4226,358564,641533,8452,1283066,10,382,1968,99238,764,198476,"10mill-boot"
34,14,"petite","second",3729,4220,370456,629592,8440,1259184,18,382,3929,96424,764,192848,"10mill-boot"
34,15,"petite","second",3605,4294,349972,650051,8588,1300102,19,376,3594,96894,752,193788,"10mill-boot"
34,16,"petite","second",3782,4137,364963,635048,8274,1270096,8,375,1600,99074,750,198148,"10mill-boot"
34,17,"petite","second",3711,4238,361930,638106,8476,1276212,11,385,2360,98012,770,196024,"10mill-boot"
34,18,"petite","second",3735,4149,369347,630916,8298,1261832,9,377,1971,98161,754,196322,"10mill-boot"
34,19,"petite","second",3714,4237,363024,637013,8474,1274026,11,383,2396,97769,766,195538,"10mill-boot"
34,20,"petite","second",3755,4191,362883,637134,8382,1274268,10,376,2178,98156,752,196312,"10mill-boot"
34,21,"petite","second",3678,4161,365472,634617,8322,1269234,4,385,715,99490,770,198980,"10mill-boot"
34,22,"petite","second",3736,4186,366526,633480,8372,1266960,17,376,3544,96650,752,193300,"10mill-boot"
34,23,"petite","second",3715,4192,363707,636350,8384,1272700,5,382,1162,99619,764,199238,"10mill-boot"
34,24,"petite","second",3673,4248,357167,642899,8496,1285798,10,378,2173,97852,756,195704,"10mill-boot"
34,25,"petite","second",3747,4184,366295,633832,8368,1267664,19,385,3773,96386,770,192772,"10mill-boot"
34,26,"petite","second",3710,4217,362376,637762,8434,1275524,8,387,1867,98453,774,196906,"10mill-boot"
34,27,"petite","second",3740,4194,368458,631586,8388,1263172,16,383,3516,96547,766,193094,"10mill-boot"
34,28,"petite","second",3745,4193,369111,631041,8386,1262082,11,380,2159,98274,760,196548,"10mill-boot"
34,29,"petite","second",3736,4157,367906,632128,8314,1264256,10,378,2039,98087,756,196174,"10mill-boot"
34,30,"petite","second",3635,4225,359066,641017,8450,1282034,10,371,2061,98229,742,196458,"10mill-boot"
7,1,"petite","second",3795,4170,370448,629704,8340,1259408,14,404,2237,97975,808,195950,"10mill-boot"
7,2,"petite","second",3709,4157,365081,635045,8314,1270090,15,391,2859,97437,782,194874,"10mill-boot"
7,3,"petite","second",3798,4171,370559,629639,8342,1259278,29,389,5241,94847,778,189694,"10mill-boot"
7,4,"petite","second",3797,4161,372749,627312,8322,1254624,12,399,2373,98319,798,196638,"10mill-boot"
7,5,"petite","second",3700,4184,362368,637635,8368,1275270,13,404,2209,98406,808,196812,"10mill-boot"
7,6,"petite","second",3625,4189,357870,642224,8378,1284448,14,393,2382,98079,786,196158,"10mill-boot"
7,7,"petite","second",3651,4212,357993,642017,8424,1284034,14,391,2419,97777,782,195554,"10mill-boot"
7,8,"petite","second",3807,4129,371099,628935,8258,1257870,10,391,1699,98407,782,196814,"10mill-boot"
7,9,"petite","second",3753,4113,369516,630495,8226,1260990,18,397,3383,96991,794,193982,"10mill-boot"
7,10,"petite","second",3747,4149,368497,631591,8298,1263182,19,396,3387,97112,792,194224,"10mill-boot"
7,11,"petite","second",3763,4141,371524,628639,8282,1257278,20,393,3321,97306,786,194612,"10mill-boot"
7,12,"petite","second",3808,4113,374301,625743,8226,1251486,21,397,3939,96283,794,192566,"10mill-boot"
7,13,"petite","second",3726,4194,363431,636584,8388,1273168,17,403,2933,97107,806,194214,"10mill-boot"
7,14,"petite","second",3670,4116,363979,636257,8232,1272514,10,409,1868,98851,818,197702,"10mill-boot"
7,15,"petite","second",3772,4135,370543,629514,8270,1259028,13,397,2190,97987,794,195974,"10mill-boot"
7,16,"petite","second",3708,4177,364198,635893,8354,1271786,17,396,3205,96997,792,193994,"10mill-boot"
7,17,"petite","second",3723,4154,361137,638922,8308,1277844,15,384,2875,97528,768,195056,"10mill-boot"
7,18,"petite","second",3692,4216,361473,638639,8432,1277278,10,391,1926,98296,782,196592,"10mill-boot"
7,19,"petite","second",3714,4194,361615,638490,8388,1276980,20,408,3683,97093,816,194186,"10mill-boot"
7,20,"petite","second",3705,4148,367816,632267,8296,1264534,9,402,1640,98630,804,197260,"10mill-boot"
7,21,"petite","second",3673,4151,364543,635553,8302,1271106,15,395,2594,97664,790,195328,"10mill-boot"
7,22,"petite","second",3704,4164,362005,638179,8328,1276358,28,394,4847,95250,788,190500,"10mill-boot"
7,23,"petite","second",3782,4090,374190,625836,8180,1251672,14,397,2411,97773,794,195546,"10mill-boot"
7,24,"petite","second",3756,4164,367938,632110,8328,1264220,12,400,2219,98112,800,196224,"10mill-boot"
7,25,"petite","second",3748,4115,366277,633776,8230,1267552,12,385,2263,97786,770,195572,"10mill-boot"
7,26,"petite","second",3632,4195,356697,643443,8390,1286886,18,395,3520,96691,790,193382,"10mill-boot"
7,27,"petite","second",3683,4141,361945,638064,8282,1276128,15,396,2626,97413,792,194826,"10mill-boot"
7,28,"petite","second",3699,4144,365765,634400,8288,1268800,20,387,3726,96338,774,192676,"10mill-boot"
7,29,"petite","second",3837,4049,378247,621827,8098,1243654,22,395,3952,96619,790,193238,"10mill-boot"
7,30,"petite","second",3733,4151,365564,634497,8302,1268994,16,387,2805,97583,774,195166,"10mill-boot"
6,1,"petite","second",3789,4132,369911,630145,8264,1260290,13,380,2576,97619,760,195238,"10mill-boot"
6,2,"petite","second",3860,4124,369909,630117,8248,1260234,7,396,1205,99253,792,198506,"10mill-boot"
6,3,"petite","second",3659,4251,354305,645822,8502,1291644,8,383,1440,99326,766,198652,"10mill-boot"
6,4,"petite","second",3746,4123,365048,635204,8246,1270408,11,372,2173,97862,744,195724,"10mill-boot"
6,5,"petite","second",3796,4187,365279,634787,8374,1269574,10,385,1880,98155,770,196310,"10mill-boot"
6,6,"petite","second",3830,4148,369386,630668,8296,1261336,13,396,2147,98236,792,196472,"10mill-boot"
6,7,"petite","second",3781,4166,366144,634001,8332,1268002,11,386,2115,98128,772,196256,"10mill-boot"
6,8,"petite","second",3779,4208,370557,629584,8416,1259168,9,409,1789,98461,818,196922,"10mill-boot"
6,9,"petite","second",3818,4191,368639,631556,8382,1263112,12,386,2119,98086,772,196172,"10mill-boot"
6,10,"petite","second",3711,4151,363050,637050,8302,1274100,9,395,1703,98657,790,197314,"10mill-boot"
6,11,"petite","second",3755,4146,363135,636912,8292,1273824,11,385,2014,98140,770,196280,"10mill-boot"
6,12,"petite","second",3828,4138,371172,629029,8276,1258058,10,389,1818,98211,778,196422,"10mill-boot"
6,13,"petite","second",3783,4141,367044,633021,8282,1266042,4,392,773,99228,784,198456,"10mill-boot"
6,14,"petite","second",3886,4132,375178,624907,8264,1249814,7,397,1229,98843,794,197686,"10mill-boot"
6,15,"petite","second",3771,4154,364968,635068,8308,1270136,18,384,3082,97083,768,194166,"10mill-boot"
6,16,"petite","second",3756,4184,364502,635585,8368,1271170,15,388,2656,97509,776,195018,"10mill-boot"
6,17,"petite","second",3784,4182,366606,633472,8364,1266944,13,387,2840,97591,774,195182,"10mill-boot"
6,18,"petite","second",3727,4232,362188,637882,8464,1275764,12,396,1972,98070,792,196140,"10mill-boot"
6,19,"petite","second",3811,4158,368770,631355,8316,1262710,8,399,1487,98529,798,197058,"10mill-boot"
6,20,"petite","second",3799,4191,368106,631976,8382,1263952,8,402,1563,98997,804,197994,"10mill-boot"
6,21,"petite","second",3788,4135,365599,634428,8270,1268856,8,388,1634,98665,776,197330,"10mill-boot"
6,22,"petite","second",3758,4182,364688,635322,8364,1270644,9,384,1763,98455,768,196910,"10mill-boot"
6,23,"petite","second",3790,4173,369512,630488,8346,1260976,7,400,1379,99254,800,198508,"10mill-boot"
6,24,"petite","second",3687,4187,358534,641678,8374,1283356,8,395,1425,99442,790,198884,"10mill-boot"
6,25,"petite","second",3747,4121,362222,637888,8242,1275776,9,379,1916,98141,758,196282,"10mill-boot"
6,26,"petite","second",3780,4162,365630,634442,8324,1268884,15,382,2643,98321,764,196642,"10mill-boot"
6,27,"petite","second",3752,4154,367839,632298,8308,1264596,11,382,2303,97756,764,195512,"10mill-boot"
6,28,"petite","second",3771,4180,367158,632894,8360,1265788,15,392,2851,97323,784,194646,"10mill-boot"
6,29,"petite","second",3744,4189,364440,635631,8378,1271262,15,381,2970,97459,762,194918,"10mill-boot"
6,30,"petite","second",3860,4107,378259,621768,8214,1243536,18,389,3406,96787,778,193574,"10mill-boot"
1,1,"petite","second",3715,4108,364132,635868,8216,1271736,18,383,3652,96408,766,192816,"10mill-boot"
1,2,"petite","second",3696,4086,359346,640655,8172,1281310,11,376,2055,97978,752,195956,"10mill-boot"
1,3,"petite","second",3736,4074,371520,628493,8148,1256986,15,394,2575,97475,788,194950,"10mill-boot"
1,4,"petite","second",3698,4174,360710,639347,8348,1278694,14,389,2794,97209,778,194418,"10mill-boot"
1,5,"petite","second",3722,4106,363774,636376,8212,1272752,14,374,2732,97983,748,195966,"10mill-boot"
1,6,"petite","second",3679,4106,360030,639996,8212,1279992,8,392,1718,98330,784,196660,"10mill-boot"
1,7,"petite","second",3726,4104,368942,631077,8208,1262154,18,375,3753,96633,750,193266,"10mill-boot"
1,8,"petite","second",3687,4174,358632,641371,8348,1282742,10,388,1968,98032,776,196064,"10mill-boot"
1,9,"petite","second",3742,4041,370302,629828,8082,1259656,13,390,2638,97483,780,194966,"10mill-boot"
1,10,"petite","second",3697,4120,364088,635976,8240,1271952,13,399,2518,97508,798,195016,"10mill-boot"
1,11,"petite","second",3713,4122,364866,635304,8244,1270608,17,378,3520,96662,756,193324,"10mill-boot"
1,12,"petite","second",3622,4192,353460,646677,8384,1293354,13,382,2617,97449,764,194898,"10mill-boot"
1,13,"petite","second",3692,4200,360352,639810,8400,1279620,8,393,1495,98763,786,197526,"10mill-boot"
1,14,"petite","second",3663,4156,361260,638988,8312,1277976,9,397,1767,99412,794,198824,"10mill-boot"
1,15,"petite","second",3759,4101,369654,630455,8202,1260910,10,383,2119,98465,766,196930,"10mill-boot"
1,16,"petite","second",3729,4187,361157,638906,8374,1277812,14,390,2763,97294,780,194588,"10mill-boot"
1,17,"petite","second",3787,4108,369209,630882,8216,1261764,10,399,1856,98463,798,196926,"10mill-boot"
1,18,"petite","second",3726,4121,366712,633398,8242,1266796,15,392,3174,97307,784,194614,"10mill-boot"
1,19,"petite","second",3675,4138,360877,639192,8276,1278384,13,381,2603,98102,762,196204,"10mill-boot"
1,20,"petite","second",3670,4154,362038,638086,8308,1276172,12,392,2168,97935,784,195870,"10mill-boot"
1,21,"petite","second",3602,4181,355468,644623,8362,1289246,15,390,2613,97583,780,195166,"10mill-boot"
1,22,"petite","second",3731,4052,367790,632347,8104,1264694,14,378,2986,97021,756,194042,"10mill-boot"
1,23,"petite","second",3710,4123,365068,635073,8246,1270146,10,397,2093,97978,794,195956,"10mill-boot"
1,24,"petite","second",3668,4171,359581,640447,8342,1280894,10,386,2138,98001,772,196002,"10mill-boot"
1,25,"petite","second",3714,4141,363687,636388,8282,1272776,13,389,2603,97562,778,195124,"10mill-boot"
1,26,"petite","second",3712,4132,364916,635235,8264,1270470,15,389,3029,97508,778,195016,"10mill-boot"
1,27,"petite","second",3742,4071,372453,627603,8142,1255206,8,379,1689,98647,758,197294,"10mill-boot"
1,28,"petite","second",3768,4108,369578,630541,8216,1261082,9,380,1924,98106,760,196212,"10mill-boot"
1,29,"petite","second",3645,4078,362443,637559,8156,1275118,14,386,2927,97192,772,194384,"10mill-boot"
1,30,"petite","second",3732,4086,368178,631850,8172,1263700,12,388,2298,97890,776,195780,"10mill-boot"
8,1,"petite","second",3735,4146,365974,634185,8292,1268370,11,384,1916,98092,768,196184,"10mill-boot"
8,2,"petite","second",3758,4107,371775,628350,8214,1256700,7,384,1340,98748,768,197496,"10mill-boot"
8,3,"petite","second",3842,4174,374334,625757,8348,1251514,20,395,3620,96383,790,192766,"10mill-boot"
8,4,"petite","second",3783,4161,372938,627162,8322,1254324,15,386,2611,97571,772,195142,"10mill-boot"
8,5,"petite","second",3794,4112,371720,628379,8224,1256758,13,382,2116,98068,764,196136,"10mill-boot"
8,6,"petite","second",3741,4155,365752,634310,8310,1268620,6,388,1245,98789,776,197578,"10mill-boot"
8,7,"petite","second",3780,4100,371068,628985,8200,1257970,13,375,2559,97586,750,195172,"10mill-boot"
8,8,"petite","second",3807,4098,371678,628394,8196,1256788,13,384,2181,98121,768,196242,"10mill-boot"
8,9,"petite","second",3784,4107,368809,631283,8214,1262566,11,401,1935,98768,802,197536,"10mill-boot"
8,10,"petite","second",3880,4112,378101,621993,8224,1243986,15,387,3402,97133,774,194266,"10mill-boot"
8,11,"petite","second",3803,4101,374056,625960,8202,1251920,8,393,1729,98629,786,197258,"10mill-boot"
8,12,"petite","second",3810,4128,372363,627738,8256,1255476,17,388,2851,97663,776,195326,"10mill-boot"
8,13,"petite","second",3727,4193,363583,636492,8386,1272984,6,391,1021,99083,782,198166,"10mill-boot"
8,14,"petite","second",3830,4076,375706,624406,8152,1248812,8,394,1224,99283,788,198566,"10mill-boot"
8,15,"petite","second",3667,4169,359077,641000,8338,1282000,7,382,1669,98637,764,197274,"10mill-boot"
8,16,"petite","second",3783,4145,372774,627242,8290,1254484,11,397,1861,98206,794,196412,"10mill-boot"
8,17,"petite","second",3771,4126,369453,630630,8252,1261260,12,381,2383,97896,762,195792,"10mill-boot"
8,18,"petite","second",3699,4128,364711,635389,8256,1270778,10,379,1906,98241,758,196482,"10mill-boot"
8,19,"petite","second",3711,4147,364293,635749,8294,1271498,6,396,1059,99028,792,198056,"10mill-boot"
8,20,"petite","second",3849,4096,380239,619772,8192,1239544,13,391,2272,97882,782,195764,"10mill-boot"
8,21,"petite","second",3758,4185,365518,634555,8370,1269110,15,384,2682,97524,768,195048,"10mill-boot"
8,22,"petite","second",3657,4130,360107,639958,8260,1279916,8,375,1857,98162,750,196324,"10mill-boot"
8,23,"petite","second",3750,4136,370827,629297,8272,1258594,9,392,1749,98295,784,196590,"10mill-boot"
8,24,"petite","second",3701,4177,364567,635514,8354,1271028,10,388,2015,99298,776,198596,"10mill-boot"
8,25,"petite","second",3774,4077,368090,631924,8154,1263848,9,381,1492,98939,762,197878,"10mill-boot"
8,26,"petite","second",3729,4151,365837,634207,8302,1268414,10,390,1615,98389,780,196778,"10mill-boot"
8,27,"petite","second",3783,4148,368884,631189,8296,1262378,16,378,3192,96917,756,193834,"10mill-boot"
8,28,"petite","second",3759,4172,367901,632230,8344,1264460,20,387,3655,96505,774,193010,"10mill-boot"
8,29,"petite","second",3713,4209,361528,638568,8418,1277136,19,381,3572,96853,762,193706,"10mill-boot"
8,30,"petite","second",3746,4136,368149,631908,8272,1263816,9,399,1438,98597,798,197194,"10mill-boot"
35,1,"petite","second",3827,4154,370778,629258,8308,1258516,15,381,2730,97472,762,194944,"10mill-boot"
35,2,"petite","second",3770,4096,372988,627166,8192,1254332,14,391,2944,97140,782,194280,"10mill-boot"
35,3,"petite","second",3919,4115,380052,619972,8230,1239944,20,383,4224,96297,766,192594,"10mill-boot"
35,4,"petite","second",3906,4099,376962,623069,8198,1246138,17,385,3301,96952,770,193904,"10mill-boot"
35,5,"petite","second",3744,4160,364657,635344,8320,1270688,18,370,3480,96653,740,193306,"10mill-boot"
35,6,"petite","second",3945,4076,383867,616139,8152,1232278,15,379,2808,97389,758,194778,"10mill-boot"
35,7,"petite","second",3828,4157,373239,626885,8314,1253770,14,383,2385,97931,766,195862,"10mill-boot"
35,8,"petite","second",3796,4148,372438,627620,8296,1255240,15,388,3072,97158,776,194316,"10mill-boot"
35,9,"petite","second",3845,4174,376244,623850,8348,1247700,16,400,3165,96923,800,193846,"10mill-boot"
35,10,"petite","second",3735,4150,368473,631650,8300,1263300,20,382,4105,95896,764,191792,"10mill-boot"
35,11,"petite","second",3867,4134,376439,623794,8268,1247588,14,388,2785,97268,776,194536,"10mill-boot"
35,12,"petite","second",3755,4159,367326,632729,8318,1265458,14,381,2641,97755,762,195510,"10mill-boot"
35,13,"petite","second",3888,4172,377995,622030,8344,1244060,12,398,2445,97617,796,195234,"10mill-boot"
35,14,"petite","second",3903,4122,379579,620569,8244,1241138,20,387,4073,96090,774,192180,"10mill-boot"
35,15,"petite","second",3691,4199,358517,641584,8398,1283168,9,389,1768,98340,778,196680,"10mill-boot"
35,16,"petite","second",3790,4153,369651,630392,8306,1260784,7,383,1452,98801,766,197602,"10mill-boot"
35,17,"petite","second",3829,4105,378414,621641,8210,1243282,20,382,4297,96278,764,192556,"10mill-boot"
35,18,"petite","second",3887,4128,379363,620642,8256,1241284,15,387,2828,97189,774,194378,"10mill-boot"
35,19,"petite","second",3941,4101,383761,616302,8202,1232604,16,393,3235,96966,786,193932,"10mill-boot"
35,20,"petite","second",3774,4214,366060,634068,8428,1268136,15,392,3077,97072,784,194144,"10mill-boot"
35,21,"petite","second",3786,4151,370930,629189,8302,1258378,8,387,1592,98485,774,196970,"10mill-boot"
35,22,"petite","second",3864,4085,373375,626632,8170,1253264,17,383,3316,96686,766,193372,"10mill-boot"
35,23,"petite","second",3796,4147,374097,625972,8294,1251944,21,383,4616,95645,766,191290,"10mill-boot"
35,24,"petite","second",3834,4157,369328,630723,8314,1261446,6,392,1118,98987,784,197974,"10mill-boot"
35,25,"petite","second",3809,4123,373864,626252,8246,1252504,12,381,2456,97595,762,195190,"10mill-boot"
35,26,"petite","second",3862,4089,376137,623873,8178,1247746,14,387,2568,97526,774,195052,"10mill-boot"
35,27,"petite","second",3823,4130,372149,627903,8260,1255806,14,381,2614,97406,762,194812,"10mill-boot"
35,28,"petite","second",3884,4082,381167,618862,8164,1237724,16,382,3261,96889,764,193778,"10mill-boot"
35,29,"petite","second",3898,4131,379149,620859,8262,1241718,20,395,4144,95962,790,191924,"10mill-boot"
35,30,"petite","second",3772,4135,368047,632044,8270,1264088,9,374,2014,98198,748,196396,"10mill-boot"
32,1,"petite","second",3765,4113,363842,636198,8226,1272396,15,366,3106,96919,732,193838,"10mill-boot"
32,2,"petite","second",3787,4119,369739,630363,8238,1260726,6,377,1105,99024,754,198048,"10mill-boot"
32,3,"petite","second",3822,4138,371201,628863,8276,1257726,17,380,3389,96986,760,193972,"10mill-boot"
32,4,"petite","second",3864,4077,376458,623577,8154,1247154,16,381,3588,97097,762,194194,"10mill-boot"
32,5,"petite","second",3698,4153,360737,639415,8306,1278830,11,375,2257,97950,750,195900,"10mill-boot"
32,6,"petite","second",3809,4077,369283,630855,8154,1261710,11,370,2161,97987,740,195974,"10mill-boot"
32,7,"petite","second",3779,4104,370238,629876,8208,1259752,8,381,1550,98486,762,196972,"10mill-boot"
32,8,"petite","second",3756,4141,367681,632415,8282,1264830,17,367,3241,96981,734,193962,"10mill-boot"
32,9,"petite","second",3715,4159,365221,634861,8318,1269722,12,383,2739,97284,766,194568,"10mill-boot"
32,10,"petite","second",3718,4155,359519,640497,8310,1280994,7,377,1279,99102,754,198204,"10mill-boot"
32,11,"petite","second",3739,4176,365103,634984,8352,1269968,17,378,3539,96756,756,193512,"10mill-boot"
32,12,"petite","second",3753,4053,367989,632031,8106,1264062,15,368,3043,97194,736,194388,"10mill-boot"
32,13,"petite","second",3699,4154,361711,638326,8308,1276652,9,377,1836,98206,754,196412,"10mill-boot"
32,14,"petite","second",3722,4139,359022,641057,8278,1282114,5,386,1055,99028,772,198056,"10mill-boot"
32,15,"petite","second",3747,4169,365321,634781,8338,1269562,9,389,1815,98356,778,196712,"10mill-boot"
32,16,"petite","second",3767,4137,364944,635149,8274,1270298,16,369,3386,96709,738,193418,"10mill-boot"
32,17,"petite","second",3724,4156,361156,638876,8312,1277752,14,375,2819,97465,750,194930,"10mill-boot"
32,18,"petite","second",3677,4121,358796,641349,8242,1282698,11,378,2280,98120,756,196240,"10mill-boot"
32,19,"petite","second",3803,4088,375184,624919,8176,1249838,23,378,4934,95161,756,190322,"10mill-boot"
32,20,"petite","second",3706,4102,366126,633993,8204,1267986,15,366,2929,97673,732,195346,"10mill-boot"
32,21,"petite","second",3719,4136,364233,635819,8272,1271638,11,376,2153,97871,752,195742,"10mill-boot"
32,22,"petite","second",3779,4079,371264,628746,8158,1257492,10,375,1918,98300,750,196600,"10mill-boot"
32,23,"petite","second",3732,4127,365583,634606,8254,1269212,13,376,2934,97245,752,194490,"10mill-boot"
32,24,"petite","second",3655,4150,359489,640577,8300,1281154,13,376,2596,97690,752,195380,"10mill-boot"
32,25,"petite","second",3765,4111,370210,630000,8222,1260000,17,370,3649,96589,740,193178,"10mill-boot"
32,26,"petite","second",3657,4169,358382,641660,8338,1283320,11,367,2209,98135,734,196270,"10mill-boot"
32,27,"petite","second",3713,4061,364820,635418,8122,1270836,11,371,2333,97919,742,195838,"10mill-boot"
32,28,"petite","second",3730,4083,370955,629048,8166,1258096,23,362,4661,95413,724,190826,"10mill-boot"
32,29,"petite","second",3795,4080,371089,628957,8160,1257914,9,386,1730,98750,772,197500,"10mill-boot"
32,30,"petite","second",3708,4115,361809,638259,8230,1276518,14,364,2720,97298,728,194596,"10mill-boot"
50,1,"petite","second",3728,4156,364266,635755,8312,1271510,19,382,3649,96478,764,192956,"10mill-boot"
50,2,"petite","second",3763,4135,362582,637485,8270,1274970,20,393,3987,96465,786,192930,"10mill-boot"
50,3,"petite","second",3723,4195,362059,638098,8390,1276196,19,382,3631,96555,764,193110,"10mill-boot"
50,4,"petite","second",3781,4127,364156,635921,8254,1271842,15,387,3076,97010,774,194020,"10mill-boot"
50,5,"petite","second",3838,4165,368703,631401,8330,1262802,13,403,2582,98272,806,196544,"10mill-boot"
50,6,"petite","second",3806,4133,366818,633201,8266,1266402,13,380,2591,97468,760,194936,"10mill-boot"
50,7,"petite","second",3782,4147,370950,629163,8294,1258326,16,392,3087,97684,784,195368,"10mill-boot"
50,8,"petite","second",3849,4073,372874,627237,8146,1254474,18,383,3125,97169,766,194338,"10mill-boot"
50,9,"petite","second",3681,4186,355691,644434,8372,1288868,17,389,3369,96823,778,193646,"10mill-boot"
50,10,"petite","second",3705,4188,358921,641155,8376,1282310,17,381,3579,97126,762,194252,"10mill-boot"
50,11,"petite","second",3751,4151,366157,633861,8302,1267722,22,385,4405,95698,770,191396,"10mill-boot"
50,12,"petite","second",3719,4230,357097,642935,8460,1285870,20,390,4101,96235,780,192470,"10mill-boot"
50,13,"petite","second",3709,4130,357120,642938,8260,1285876,10,389,1792,98222,778,196444,"10mill-boot"
50,14,"petite","second",3669,4152,353031,647046,8304,1294092,12,376,2447,97829,752,195658,"10mill-boot"
50,15,"petite","second",3669,4229,356793,643314,8458,1286628,15,392,3123,96893,784,193786,"10mill-boot"
50,16,"petite","second",3767,4220,363365,636686,8440,1273372,20,401,3896,96738,802,193476,"10mill-boot"
50,17,"petite","second",3750,4167,359240,640879,8334,1281758,13,384,2536,97561,768,195122,"10mill-boot"
50,18,"petite","second",3763,4173,365247,634868,8346,1269736,17,397,3305,96731,794,193462,"10mill-boot"
50,19,"petite","second",3743,4155,367261,632817,8310,1265634,16,394,3090,97076,788,194152,"10mill-boot"
50,20,"petite","second",3684,4167,357339,642687,8334,1285374,16,392,2875,97822,784,195644,"10mill-boot"
50,21,"petite","second",3851,4104,371805,628246,8208,1256492,15,391,2825,97639,782,195278,"10mill-boot"
50,22,"petite","second",3658,4181,352273,647727,8362,1295454,12,388,2446,97767,776,195534,"10mill-boot"
50,23,"petite","second",3791,4085,370096,629994,8170,1259988,19,393,3697,96858,786,193716,"10mill-boot"
50,24,"petite","second",3822,4082,370956,629175,8164,1258350,18,391,3602,96398,782,192796,"10mill-boot"
50,25,"petite","second",3712,4141,358652,641399,8282,1282798,7,397,1412,98603,794,197206,"10mill-boot"
50,26,"petite","second",3793,4106,368952,631109,8212,1262218,15,396,3031,97026,792,194052,"10mill-boot"
50,27,"petite","second",3805,4108,373374,626866,8216,1253732,23,382,4251,95841,764,191682,"10mill-boot"
50,28,"petite","second",3792,4127,366531,633547,8254,1267094,9,399,1752,98274,798,196548,"10mill-boot"
50,29,"petite","second",3656,4144,356088,643951,8288,1287902,16,378,3260,96850,756,193700,"10mill-boot"
50,30,"petite","second",3771,4075,367548,632484,8150,1264968,15,387,3067,97220,774,194440,"10mill-boot"
43,1,"petite","second",3635,4218,356738,643272,8436,1286544,9,398,1914,98193,796,196386,"10mill-boot"
43,2,"petite","second",3821,4179,371419,628642,8358,1257284,12,396,2397,97715,792,195430,"10mill-boot"
43,3,"petite","second",3712,4268,359054,641036,8536,1282072,10,407,1817,98313,814,196626,"10mill-boot"
43,4,"petite","second",3693,4223,358158,641894,8446,1283788,9,392,1776,98384,784,196768,"10mill-boot"
43,5,"petite","second",3687,4181,362569,637481,8362,1274962,7,401,1275,98814,802,197628,"10mill-boot"
43,6,"petite","second",3714,4247,366756,633252,8494,1266504,14,412,2754,97508,824,195016,"10mill-boot"
43,7,"petite","second",3797,4113,374173,625882,8226,1251764,13,403,2500,97861,806,195722,"10mill-boot"
43,8,"petite","second",3737,4207,365781,634383,8414,1268766,22,388,4212,95843,776,191686,"10mill-boot"
43,9,"petite","second",3740,4233,365555,634456,8466,1268912,17,407,3271,98268,814,196536,"10mill-boot"
43,10,"petite","second",3597,4252,350666,649395,8504,1298790,13,388,2799,97465,776,194930,"10mill-boot"
43,11,"petite","second",3710,4246,356764,643435,8492,1286870,14,401,2651,97430,802,194860,"10mill-boot"
43,12,"petite","second",3671,4269,361704,638351,8538,1276702,21,392,4276,95785,784,191570,"10mill-boot"
43,13,"petite","second",3676,4178,361598,638424,8356,1276848,8,403,1813,98943,806,197886,"10mill-boot"
43,14,"petite","second",3740,4232,363646,636425,8464,1272850,7,411,1401,98885,822,197770,"10mill-boot"
43,15,"petite","second",3690,4248,359171,640905,8496,1281810,7,403,1421,98608,806,197216,"10mill-boot"
43,16,"petite","second",3740,4225,365516,634588,8450,1269176,20,400,4019,96115,800,192230,"10mill-boot"
43,17,"petite","second",3606,4283,350038,649991,8566,1299982,12,391,2478,98387,782,196774,"10mill-boot"
43,18,"petite","second",3712,4187,366173,633831,8374,1267662,10,394,2057,98010,788,196020,"10mill-boot"
43,19,"petite","second",3692,4199,362938,637222,8398,1274444,9,402,1808,98423,804,196846,"10mill-boot"
43,20,"petite","second",3832,4133,374301,625733,8266,1251466,10,412,2067,97995,824,195990,"10mill-boot"
43,21,"petite","second",3701,4206,363117,636924,8412,1273848,12,395,2641,97552,790,195104,"10mill-boot"
43,22,"petite","second",3745,4179,367808,632306,8358,1264612,19,398,4320,95804,796,191608,"10mill-boot"
43,23,"petite","second",3750,4178,366683,633408,8356,1266816,11,393,2361,98548,786,197096,"10mill-boot"
43,24,"petite","second",3667,4254,358598,641495,8508,1282990,11,404,2214,97893,808,195786,"10mill-boot"
43,25,"petite","second",3734,4151,363228,636837,8302,1273674,9,400,1635,98606,800,197212,"10mill-boot"
43,26,"petite","second",3719,4212,362675,637365,8424,1274730,15,383,2744,97609,766,195218,"10mill-boot"
43,27,"petite","second",3708,4184,366546,633462,8368,1266924,10,411,2157,98046,822,196092,"10mill-boot"
43,28,"petite","second",3747,4178,367266,632737,8356,1265474,17,388,3700,96649,776,193298,"10mill-boot"
43,29,"petite","second",3756,4135,366327,633721,8270,1267442,11,396,2178,97825,792,195650,"10mill-boot"
43,30,"petite","second",3706,4213,362002,638008,8426,1276016,12,392,2447,97635,784,195270,"10mill-boot"
44,1,"petite","second",3812,4176,368618,631386,8352,1262772,18,387,3696,96525,774,193050,"10mill-boot"
44,2,"petite","second",3772,4203,365566,634462,8406,1268924,13,385,2494,97633,770,195266,"10mill-boot"
44,3,"petite","second",3795,4183,369064,630999,8366,1261998,15,379,2854,97174,758,194348,"10mill-boot"
44,4,"petite","second",3718,4206,363363,636692,8412,1273384,12,386,2222,97980,772,195960,"10mill-boot"
44,5,"petite","second",3785,4205,366207,633905,8410,1267810,20,381,4160,95889,762,191778,"10mill-boot"
44,6,"petite","second",3802,4151,373852,626200,8302,1252400,21,388,4124,96417,776,192834,"10mill-boot"
44,7,"petite","second",3697,4173,359086,640931,8346,1281862,14,383,2827,97520,766,195040,"10mill-boot"
44,8,"petite","second",3801,4184,370068,629953,8368,1259906,22,386,4798,95433,772,190866,"10mill-boot"
44,9,"petite","second",3752,4211,368308,631746,8422,1263492,21,385,4432,95926,770,191852,"10mill-boot"
44,10,"petite","second",3727,4236,360960,639050,8472,1278100,10,391,2200,98203,782,196406,"10mill-boot"
44,11,"petite","second",3730,4274,361285,638854,8548,1277708,15,389,2903,97298,778,194596,"10mill-boot"
44,12,"petite","second",3764,4166,366914,633108,8332,1266216,15,384,2751,97269,768,194538,"10mill-boot"
44,13,"petite","second",3837,4169,374270,625865,8338,1251730,25,379,5355,94959,758,189918,"10mill-boot"
44,14,"petite","second",3772,4168,366917,633114,8336,1266228,13,392,2834,97256,784,194512,"10mill-boot"
44,15,"petite","second",3811,4149,369120,630905,8298,1261810,13,383,2511,97708,766,195416,"10mill-boot"
44,16,"petite","second",3842,4123,369075,630976,8246,1261952,20,382,3703,96509,764,193018,"10mill-boot"
44,17,"petite","second",3764,4182,366486,633534,8364,1267068,12,388,2680,97353,776,194706,"10mill-boot"
44,18,"petite","second",3670,4167,361805,638393,8334,1276786,15,386,2940,97180,772,194360,"10mill-boot"
44,19,"petite","second",3831,4102,375344,624686,8204,1249372,20,379,3474,96615,758,193230,"10mill-boot"
44,20,"petite","second",3548,4243,347115,652988,8486,1305976,12,377,2391,97699,754,195398,"10mill-boot"
44,21,"petite","second",3801,4183,369665,630401,8366,1260802,18,399,3571,96956,798,193912,"10mill-boot"
44,22,"petite","second",3677,4187,361896,638125,8374,1276250,19,384,3544,96490,768,192980,"10mill-boot"
44,23,"petite","second",3658,4234,355498,644647,8468,1289294,11,391,2394,98121,782,196242,"10mill-boot"
44,24,"petite","second",3752,4172,366837,633505,8344,1267010,24,380,4675,95768,760,191536,"10mill-boot"
44,25,"petite","second",3734,4192,358919,641142,8384,1282284,20,378,4234,95898,756,191796,"10mill-boot"
44,26,"petite","second",3777,4200,368307,631748,8400,1263496,19,386,3503,96668,772,193336,"10mill-boot"
44,27,"petite","second",3701,4186,360622,639424,8372,1278848,12,371,2319,97697,742,195394,"10mill-boot"
44,28,"petite","second",3774,4187,367934,632124,8374,1264248,20,377,4364,96228,754,192456,"10mill-boot"
44,29,"petite","second",3643,4226,351372,648682,8452,1297364,16,371,3132,97466,742,194932,"10mill-boot"
44,30,"petite","second",3733,4158,364349,635699,8316,1271398,15,379,2800,97365,758,194730,"10mill-boot"
10,1,"petite","second",3669,4258,360875,639180,8516,1278360,12,397,2491,97563,794,195126,"10mill-boot"
10,2,"petite","second",3664,4246,358878,641157,8492,1282314,8,400,1590,98588,800,197176,"10mill-boot"
10,3,"petite","second",3760,4205,368117,631886,8410,1263772,11,407,2458,97899,814,195798,"10mill-boot"
10,4,"petite","second",3799,4158,370435,629657,8316,1259314,16,378,3230,96774,756,193548,"10mill-boot"
10,5,"petite","second",3730,4144,362192,637810,8288,1275620,7,384,1422,98726,768,197452,"10mill-boot"
10,6,"petite","second",3708,4223,359544,640589,8446,1281178,17,382,3275,96892,764,193784,"10mill-boot"
10,7,"petite","second",3653,4225,360367,639697,8450,1279394,9,390,1725,98588,780,197176,"10mill-boot"
10,8,"petite","second",3803,4181,369046,631018,8362,1262036,14,390,2469,97684,780,195368,"10mill-boot"
10,9,"petite","second",3643,4224,356319,643744,8448,1287488,10,390,2006,98238,780,196476,"10mill-boot"
10,10,"petite","second",3744,4201,365650,634393,8402,1268786,15,381,2908,97311,762,194622,"10mill-boot"
10,11,"petite","second",3680,4270,360564,639499,8540,1278998,13,385,2921,97363,770,194726,"10mill-boot"
10,12,"petite","second",3718,4238,363924,636150,8476,1272300,13,389,3057,97452,778,194904,"10mill-boot"
10,13,"petite","second",3681,4210,362018,638067,8420,1276134,7,402,1341,99138,804,198276,"10mill-boot"
10,14,"petite","second",3693,4235,357889,642252,8470,1284504,14,377,2856,97592,754,195184,"10mill-boot"
10,15,"petite","second",3640,4203,356758,643273,8406,1286546,10,387,2358,98028,774,196056,"10mill-boot"
10,16,"petite","second",3706,4182,366135,634095,8364,1268190,6,393,1254,98787,786,197574,"10mill-boot"
10,17,"petite","second",3633,4261,355758,644326,8522,1288652,11,399,1915,98381,798,196762,"10mill-boot"
10,18,"petite","second",3662,4257,362408,637625,8514,1275250,10,381,2221,97957,762,195914,"10mill-boot"
10,19,"petite","second",3737,4200,368750,631346,8400,1262692,4,402,741,99343,804,198686,"10mill-boot"
10,20,"petite","second",3712,4224,364361,635661,8448,1271322,16,392,3374,96823,784,193646,"10mill-boot"
10,21,"petite","second",3844,4105,379280,620763,8210,1241526,12,399,2480,97603,798,195206,"10mill-boot"
10,22,"petite","second",3675,4254,362184,637935,8508,1275870,9,395,1735,98323,790,196646,"10mill-boot"
10,23,"petite","second",3756,4234,367669,632333,8468,1264666,8,400,1728,98657,800,197314,"10mill-boot"
10,24,"petite","second",3742,4194,369083,631018,8388,1262036,10,397,2045,98155,794,196310,"10mill-boot"
10,25,"petite","second",3742,4162,362163,637931,8324,1275862,11,385,2296,98209,770,196418,"10mill-boot"
10,26,"petite","second",3679,4244,361336,638775,8488,1277550,13,382,3103,97296,764,194592,"10mill-boot"
10,27,"petite","second",3642,4188,357506,642681,8376,1285362,7,385,1292,98828,770,197656,"10mill-boot"
10,28,"petite","second",3698,4188,362747,637302,8376,1274604,9,387,1869,98677,774,197354,"10mill-boot"
10,29,"petite","second",3687,4203,360848,639328,8406,1278656,15,392,3029,97148,784,194296,"10mill-boot"
10,30,"petite","second",3768,4156,370906,629213,8312,1258426,15,386,2843,97247,772,194494,"10mill-boot"
17,1,"petite","second",3680,4211,360588,639466,8422,1278932,7,389,1634,98528,778,197056,"10mill-boot"
17,2,"petite","second",3761,4163,370062,629996,8326,1259992,14,383,2614,97447,766,194894,"10mill-boot"
17,3,"petite","second",3688,4201,361153,638897,8402,1277794,15,371,3566,96833,742,193666,"10mill-boot"
17,4,"petite","second",3729,4152,368804,631235,8304,1262470,7,391,1554,98599,782,197198,"10mill-boot"
17,5,"petite","second",3773,4183,369488,630605,8366,1261210,30,377,5869,94189,754,188378,"10mill-boot"
17,6,"petite","second",3739,4165,369417,630645,8330,1261290,11,394,2365,97778,788,195556,"10mill-boot"
17,7,"petite","second",3705,4164,364360,635702,8328,1271404,8,396,1810,98465,792,196930,"10mill-boot"
17,8,"petite","second",3721,4207,367554,632463,8414,1264926,15,397,2968,97400,794,194800,"10mill-boot"
17,9,"petite","second",3659,4177,359595,640590,8354,1281180,9,383,2174,98116,766,196232,"10mill-boot"
17,10,"petite","second",3723,4127,369175,630846,8254,1261692,18,401,3586,96510,802,193020,"10mill-boot"
17,11,"petite","second",3662,4219,364808,635247,8438,1270494,14,390,3106,96911,780,193822,"10mill-boot"
17,12,"petite","second",3705,4202,370404,629619,8404,1259238,17,399,3220,96974,798,193948,"10mill-boot"
17,13,"petite","second",3707,4186,366313,633889,8372,1267778,15,394,3199,96870,788,193740,"10mill-boot"
17,14,"petite","second",3789,4126,378482,621536,8252,1243072,14,397,2900,97103,794,194206,"10mill-boot"
17,15,"petite","second",3733,4154,367097,632976,8308,1265952,15,388,2889,97661,776,195322,"10mill-boot"
17,16,"petite","second",3756,4159,367773,632314,8318,1264628,11,389,2213,97930,778,195860,"10mill-boot"
17,17,"petite","second",3742,4195,368991,631066,8390,1262132,9,394,1978,98022,788,196044,"10mill-boot"
17,18,"petite","second",3785,4118,375126,624948,8236,1249896,12,400,2372,97719,800,195438,"10mill-boot"
17,19,"petite","second",3658,4259,360224,639876,8518,1279752,11,396,2537,97533,792,195066,"10mill-boot"
17,20,"petite","second",3707,4163,366240,633820,8326,1267640,12,379,2256,97917,758,195834,"10mill-boot"
17,21,"petite","second",3756,4152,369681,630391,8304,1260782,7,404,1516,98677,808,197354,"10mill-boot"
17,22,"petite","second",3680,4167,365925,634178,8334,1268356,14,390,2865,97577,780,195154,"10mill-boot"
17,23,"petite","second",3777,4130,376239,623878,8260,1247756,15,399,3265,97268,798,194536,"10mill-boot"
17,24,"petite","second",3658,4176,363524,636544,8352,1273088,14,395,3116,96988,790,193976,"10mill-boot"
17,25,"petite","second",3658,4198,361175,638904,8396,1277808,16,389,3215,96845,778,193690,"10mill-boot"
17,26,"petite","second",3694,4151,367984,632097,8302,1264194,10,397,2210,97969,794,195938,"10mill-boot"
17,27,"petite","second",3778,4108,373950,626179,8216,1252358,12,402,2571,97468,804,194936,"10mill-boot"
17,28,"petite","second",3731,4160,368702,631362,8320,1262724,10,392,1864,98346,784,196692,"10mill-boot"
17,29,"petite","second",3784,4098,378724,621699,8196,1243398,17,386,3533,96949,772,193898,"10mill-boot"
17,30,"petite","second",3706,4153,371076,628946,8306,1257892,18,393,3854,96437,786,192874,"10mill-boot"
28,1,"petite","second",3700,4199,356408,643640,8398,1287280,5,398,1039,99123,796,198246,"10mill-boot"
28,2,"petite","second",3730,4191,358844,641376,8382,1282752,4,402,1012,99584,804,199168,"10mill-boot"
28,3,"petite","second",3815,4127,369088,630939,8254,1261878,5,390,1103,99084,780,198168,"10mill-boot"
28,4,"petite","second",3707,4211,356888,643138,8422,1286276,3,397,709,99902,794,199804,"10mill-boot"
28,5,"petite","second",3796,4167,369023,631035,8334,1262070,9,400,1714,98763,800,197526,"10mill-boot"
28,6,"petite","second",3868,4151,374345,625763,8302,1251526,2,407,415,99796,814,199592,"10mill-boot"
28,7,"petite","second",3846,4088,370029,629997,8176,1259994,9,395,2249,97779,790,195558,"10mill-boot"
28,8,"petite","second",3777,4153,369133,630929,8306,1261858,6,396,1391,99159,792,198318,"10mill-boot"
28,9,"petite","second",3830,4128,370410,629645,8256,1259290,13,397,2931,97290,794,194580,"10mill-boot"
28,10,"petite","second",3797,4172,364903,635180,8344,1270360,11,398,2430,97656,796,195312,"10mill-boot"
28,11,"petite","second",3811,4154,366170,633965,8308,1267930,9,399,1961,98099,798,196198,"10mill-boot"
28,12,"petite","second",3827,4094,374759,625317,8188,1250634,12,389,2902,97686,778,195372,"10mill-boot"
28,13,"petite","second",3857,4159,367973,632035,8318,1264070,2,401,408,99694,802,199388,"10mill-boot"
28,14,"petite","second",3804,4145,364900,635113,8290,1270226,11,376,2571,97494,752,194988,"10mill-boot"
28,15,"petite","second",3856,4175,370847,629154,8350,1258308,15,389,3452,96682,778,193364,"10mill-boot"
28,16,"petite","second",3738,4194,359406,640627,8388,1281254,3,395,539,99532,790,199064,"10mill-boot"
28,17,"petite","second",3774,4225,357133,642870,8450,1285740,9,403,2011,98005,806,196010,"10mill-boot"
28,18,"petite","second",3750,4184,361535,638542,8368,1277084,6,391,1293,98883,782,197766,"10mill-boot"
28,19,"petite","second",3750,4170,363800,636210,8340,1272420,4,375,1168,98947,750,197894,"10mill-boot"
28,20,"petite","second",3863,4085,373051,627035,8170,1254070,5,403,1046,99567,806,199134,"10mill-boot"
28,21,"petite","second",3652,4243,354870,645327,8486,1290654,5,397,1135,99147,794,198294,"10mill-boot"
28,22,"petite","second",3826,4077,370321,629774,8154,1259548,6,394,1774,98619,788,197238,"10mill-boot"
28,23,"petite","second",3739,4156,358461,641615,8312,1283230,4,392,1042,99053,784,198106,"10mill-boot"
28,24,"petite","second",3715,4191,358895,641162,8382,1282324,5,387,1261,99233,774,198466,"10mill-boot"
28,25,"petite","second",3714,4174,364801,635236,8348,1270472,6,397,1485,98967,794,197934,"10mill-boot"
28,26,"petite","second",3833,4184,371307,628772,8368,1257544,9,396,1951,98186,792,196372,"10mill-boot"
28,27,"petite","second",3783,4123,367981,632073,8246,1264146,7,401,1507,98720,802,197440,"10mill-boot"
28,28,"petite","second",3719,4172,361676,638413,8344,1276826,2,391,442,99583,782,199166,"10mill-boot"
28,29,"petite","second",3807,4112,368979,631041,8224,1262082,5,396,1291,99243,792,198486,"10mill-boot"
28,30,"petite","second",3753,4168,361585,638524,8336,1277048,6,395,1386,99253,790,198506,"10mill-boot"
21,1,"petite","second",3872,4175,370544,629665,8350,1259330,14,388,3077,96955,776,193910,"10mill-boot"
21,2,"petite","second",3657,4162,359446,640802,8324,1281604,8,385,1646,98599,770,197198,"10mill-boot"
21,3,"petite","second",3761,4139,367975,632079,8278,1264158,12,384,2470,97539,768,195078,"10mill-boot"
21,4,"petite","second",3849,4116,380038,620011,8232,1240022,21,386,4235,96212,772,192424,"10mill-boot"
21,5,"petite","second",3850,4131,374111,625974,8262,1251948,24,389,4627,95475,778,190950,"10mill-boot"
21,6,"petite","second",3751,4130,369104,630933,8260,1261866,17,379,3865,96171,758,192342,"10mill-boot"
21,7,"petite","second",3818,4144,374841,625292,8288,1250584,17,395,3692,96498,790,192996,"10mill-boot"
21,8,"petite","second",3735,4148,365450,634619,8296,1269238,13,382,2853,97242,764,194484,"10mill-boot"
21,9,"petite","second",3782,4097,371722,628376,8194,1256752,12,386,2235,98021,772,196042,"10mill-boot"
21,10,"petite","second",3795,4131,374073,626110,8262,1252220,13,399,2425,98175,798,196350,"10mill-boot"
21,11,"petite","second",3628,4235,356774,643295,8470,1286590,14,380,2978,97134,760,194268,"10mill-boot"
21,12,"petite","second",3799,4129,373734,626291,8258,1252582,19,390,3770,96902,780,193804,"10mill-boot"
21,13,"petite","second",3792,4174,368576,631441,8348,1262882,14,392,2682,97521,784,195042,"10mill-boot"
21,14,"petite","second",3715,4106,365104,634923,8212,1269846,13,381,2424,97818,762,195636,"10mill-boot"
21,15,"petite","second",3753,4160,367197,632812,8320,1265624,6,388,1270,98892,776,197784,"10mill-boot"
21,16,"petite","second",3713,4223,357573,642589,8446,1285178,14,379,2677,97542,758,195084,"10mill-boot"
21,17,"petite","second",3747,4175,367771,632267,8350,1264534,11,382,2056,98038,764,196076,"10mill-boot"
21,18,"petite","second",3800,4118,370888,629134,8236,1258268,20,390,4000,96949,780,193898,"10mill-boot"
21,19,"petite","second",3696,4200,362584,637566,8400,1275132,13,382,2510,97577,764,195154,"10mill-boot"
21,20,"petite","second",3753,4129,369992,630215,8258,1260430,8,400,1437,98861,800,197722,"10mill-boot"
21,21,"petite","second",3809,4111,373924,626144,8222,1252288,17,378,3808,96308,756,192616,"10mill-boot"
21,22,"petite","second",3755,4150,365292,634765,8300,1269530,9,388,1867,98368,776,196736,"10mill-boot"
21,23,"petite","second",3743,4097,367650,632508,8194,1265016,14,375,2916,97263,750,194526,"10mill-boot"
21,24,"petite","second",3731,4127,368747,631292,8254,1262584,21,390,4233,95824,780,191648,"10mill-boot"
21,25,"petite","second",3739,4166,365388,634642,8332,1269284,11,390,2311,97982,780,195964,"10mill-boot"
21,26,"petite","second",3668,4189,360018,640098,8378,1280196,9,380,1907,98529,760,197058,"10mill-boot"
21,27,"petite","second",3782,4136,369263,630792,8272,1261584,13,383,2738,97538,766,195076,"10mill-boot"
21,28,"petite","second",3735,4188,362482,637534,8376,1275068,10,393,2160,97919,786,195838,"10mill-boot"
21,29,"petite","second",3774,4073,374759,625254,8146,1250508,16,386,3449,96811,772,193622,"10mill-boot"
21,30,"petite","second",3796,4155,371137,628996,8310,1257992,9,398,1923,98388,796,196776,"10mill-boot"
26,1,"petite","second",3772,4203,369459,630574,8406,1261148,17,395,3417,96844,790,193688,"10mill-boot"
26,2,"petite","second",3796,4149,369489,630551,8298,1261102,17,390,4118,96065,780,192130,"10mill-boot"
26,3,"petite","second",3816,4156,368197,631892,8312,1263784,13,385,3453,96691,770,193382,"10mill-boot"
26,4,"petite","second",3813,4149,365856,634214,8298,1268428,11,395,2428,97658,790,195316,"10mill-boot"
26,5,"petite","second",3834,4167,369575,630495,8334,1260990,16,394,3395,96760,788,193520,"10mill-boot"
26,6,"petite","second",3727,4165,358995,641017,8330,1282034,15,391,3431,96821,782,193642,"10mill-boot"
26,7,"petite","second",3777,4156,366110,633917,8312,1267834,16,386,3672,96545,772,193090,"10mill-boot"
26,8,"petite","second",3828,4166,367379,632746,8332,1265492,14,397,2907,97137,794,194274,"10mill-boot"
26,9,"petite","second",3857,4144,375896,624191,8288,1248382,15,387,3359,96750,774,193500,"10mill-boot"
26,10,"petite","second",3844,4144,375903,624204,8288,1248408,16,388,3929,96109,776,192218,"10mill-boot"
26,11,"petite","second",3839,4122,372372,627642,8244,1255284,14,382,2672,97468,764,194936,"10mill-boot"
26,12,"petite","second",3796,4150,369657,630369,8300,1260738,7,405,1361,98859,810,197718,"10mill-boot"
26,13,"petite","second",3826,4097,370875,629192,8194,1258384,16,382,3571,96661,764,193322,"10mill-boot"
26,14,"petite","second",3755,4240,359229,640807,8480,1281614,12,391,2040,98235,782,196470,"10mill-boot"
26,15,"petite","second",3764,4203,363665,636386,8406,1272772,10,389,2187,98381,778,196762,"10mill-boot"
26,16,"petite","second",3933,4086,382584,617485,8172,1234970,14,394,2648,97677,788,195354,"10mill-boot"
26,17,"petite","second",3747,4191,363653,636400,8382,1272800,16,388,3659,96361,776,192722,"10mill-boot"
26,18,"petite","second",3844,4119,375018,625043,8238,1250086,10,394,2859,97424,788,194848,"10mill-boot"
26,19,"petite","second",3777,4155,365545,634525,8310,1269050,11,395,2590,97523,790,195046,"10mill-boot"
26,20,"petite","second",3895,4139,378277,621723,8278,1243446,10,407,1654,98498,814,196996,"10mill-boot"
26,21,"petite","second",3845,4102,374560,625558,8204,1251116,11,390,2804,97334,780,194668,"10mill-boot"
26,22,"petite","second",3877,4158,370510,629558,8316,1259116,6,401,1138,99546,802,199092,"10mill-boot"
26,23,"petite","second",3801,4181,364096,635921,8362,1271842,12,391,2527,97599,782,195198,"10mill-boot"
26,24,"petite","second",3723,4161,365396,634622,8322,1269244,9,397,2164,98043,794,196086,"10mill-boot"
26,25,"petite","second",3797,4127,366873,633196,8254,1266392,9,386,2007,98021,772,196042,"10mill-boot"
26,26,"petite","second",3787,4200,366332,633698,8400,1267396,14,398,2820,97371,796,194742,"10mill-boot"
26,27,"petite","second",3827,4067,369891,630175,8134,1260350,12,391,2288,97843,782,195686,"10mill-boot"
26,28,"petite","second",3741,4130,362567,637514,8260,1275028,13,379,3151,97240,758,194480,"10mill-boot"
26,29,"petite","second",3825,4121,369823,630364,8242,1260728,9,396,1660,98420,792,196840,"10mill-boot"
26,30,"petite","second",3831,4112,373700,626308,8224,1252616,16,390,3537,96499,780,192998,"10mill-boot"
19,1,"petite","second",3816,4204,368168,631926,8408,1263852,9,399,1918,98495,798,196990,"10mill-boot"
19,2,"petite","second",3792,4185,369071,631031,8370,1262062,18,382,3682,96611,764,193222,"10mill-boot"
19,3,"petite","second",3782,4244,368728,631303,8488,1262606,16,399,3315,96777,798,193554,"10mill-boot"
19,4,"petite","second",3820,4185,369840,630189,8370,1260378,18,387,3745,96306,774,192612,"10mill-boot"
19,5,"petite","second",3777,4221,365787,634230,8442,1268460,20,396,3825,96200,792,192400,"10mill-boot"
19,6,"petite","second",3818,4194,373525,626487,8388,1252974,16,397,3236,97752,794,195504,"10mill-boot"
19,7,"petite","second",3732,4244,365631,634549,8488,1269098,17,399,3513,96697,798,193394,"10mill-boot"
19,8,"petite","second",3859,4236,371009,629079,8472,1258158,22,392,4308,95888,784,191776,"10mill-boot"
19,9,"petite","second",3767,4210,367774,632327,8420,1264654,11,392,2451,97931,784,195862,"10mill-boot"
19,10,"petite","second",3805,4221,369956,630079,8442,1260158,22,395,4373,95761,790,191522,"10mill-boot"
19,11,"petite","second",3817,4206,369441,630579,8412,1261158,16,390,3304,96846,780,193692,"10mill-boot"
19,12,"petite","second",3694,4213,360764,639279,8426,1278558,15,391,2875,97734,782,195468,"10mill-boot"
19,13,"petite","second",3828,4191,372341,627826,8382,1255652,15,386,2872,97471,772,194942,"10mill-boot"
19,14,"petite","second",3813,4228,371396,628664,8456,1257328,22,389,4327,95833,778,191666,"10mill-boot"
19,15,"petite","second",3755,4231,364913,635112,8462,1270224,17,383,3357,96793,766,193586,"10mill-boot"
19,16,"petite","second",3776,4224,366930,633184,8448,1266368,18,397,3537,97992,794,195984,"10mill-boot"
19,17,"petite","second",3753,4203,365939,634101,8406,1268202,18,384,3494,96820,768,193640,"10mill-boot"
19,18,"petite","second",3690,4180,360713,639334,8360,1278668,14,387,2916,97601,774,195202,"10mill-boot"
19,19,"petite","second",3722,4246,360184,639850,8492,1279700,16,389,2891,97702,778,195404,"10mill-boot"
19,20,"petite","second",3767,4224,367411,632796,8448,1265592,12,380,2445,97776,760,195552,"10mill-boot"
19,21,"petite","second",3790,4220,365969,634048,8440,1268096,19,394,3710,96600,788,193200,"10mill-boot"
19,22,"petite","second",3778,4258,364740,635328,8516,1270656,12,396,2604,97478,792,194956,"10mill-boot"
19,23,"petite","second",3779,4203,369691,630388,8406,1260776,15,391,3113,97552,782,195104,"10mill-boot"
19,24,"petite","second",3689,4257,358859,641389,8514,1282778,17,394,3806,96204,788,192408,"10mill-boot"
19,25,"petite","second",3685,4273,360152,639882,8546,1279764,16,388,3256,96871,776,193742,"10mill-boot"
19,26,"petite","second",3754,4216,366334,633672,8432,1267344,16,384,3093,96911,768,193822,"10mill-boot"
19,27,"petite","second",3691,4270,361751,638403,8540,1276806,16,393,3195,96902,786,193804,"10mill-boot"
19,28,"petite","second",3844,4189,373715,626341,8378,1252682,12,393,2495,97549,786,195098,"10mill-boot"
19,29,"petite","second",3772,4239,364368,635705,8478,1271410,16,387,3170,96962,774,193924,"10mill-boot"
19,30,"petite","second",3680,4259,359040,641077,8518,1282154,14,383,2806,97481,766,194962,"10mill-boot"
45,1,"petite","second",3681,4191,355792,644315,8382,1288630,13,395,2482,97694,790,195388,"10mill-boot"
45,2,"petite","second",3692,4146,361401,638684,8292,1277368,21,374,3971,96281,748,192562,"10mill-boot"
45,3,"petite","second",3720,4168,362851,637175,8336,1274350,19,386,3551,97019,772,194038,"10mill-boot"
45,4,"petite","second",3708,4240,357351,642740,8480,1285480,14,404,2656,97388,808,194776,"10mill-boot"
45,5,"petite","second",3683,4186,361904,638183,8372,1276366,8,405,1504,98941,810,197882,"10mill-boot"
45,6,"petite","second",3759,4197,361792,638260,8394,1276520,15,395,2674,97372,790,194744,"10mill-boot"
45,7,"petite","second",3595,4187,351872,648214,8374,1296428,10,395,1983,98660,790,197320,"10mill-boot"
45,8,"petite","second",3634,4202,354457,645622,8404,1291244,20,390,3538,96928,780,193856,"10mill-boot"
45,9,"petite","second",3618,4268,350197,649845,8536,1299690,16,390,3154,96972,780,193944,"10mill-boot"
45,10,"petite","second",3719,4202,361854,638204,8404,1276408,17,394,3423,96662,788,193324,"10mill-boot"
45,11,"petite","second",3633,4225,352786,647230,8450,1294460,12,393,2132,97889,786,195778,"10mill-boot"
45,12,"petite","second",3711,4167,359826,640306,8334,1280612,20,382,4020,96374,764,192748,"10mill-boot"
45,13,"petite","second",3582,4210,350368,649794,8420,1299588,12,391,2254,98120,782,196240,"10mill-boot"
45,14,"petite","second",3653,4191,359057,640964,8382,1281928,18,379,3296,96716,758,193432,"10mill-boot"
45,15,"petite","second",3673,4139,361266,638754,8278,1277508,12,400,2284,97845,800,195690,"10mill-boot"
45,16,"petite","second",3690,4201,362516,637687,8402,1275374,20,390,3700,96472,780,192944,"10mill-boot"
45,17,"petite","second",3683,4133,362938,637098,8266,1274196,17,387,3167,97039,774,194078,"10mill-boot"
45,18,"petite","second",3696,4208,360247,639841,8416,1279682,14,397,2563,97630,794,195260,"10mill-boot"
45,19,"petite","second",3656,4247,353129,646909,8494,1293818,22,391,3980,96499,782,192998,"10mill-boot"
45,20,"petite","second",3718,4180,362047,637965,8360,1275930,22,383,4231,95910,766,191820,"10mill-boot"
45,21,"petite","second",3735,4247,364767,635285,8494,1270570,14,399,2574,97550,798,195100,"10mill-boot"
45,22,"petite","second",3637,4179,352944,647211,8358,1294422,12,391,2044,98028,782,196056,"10mill-boot"
45,23,"petite","second",3704,4169,362556,637618,8338,1275236,13,387,2441,97714,774,195428,"10mill-boot"
45,24,"petite","second",3748,4142,363475,636607,8284,1273214,19,385,3652,96351,770,192702,"10mill-boot"
45,25,"petite","second",3699,4177,359613,640459,8354,1280918,15,390,2782,97629,780,195258,"10mill-boot"
45,26,"petite","second",3697,4185,357873,642306,8370,1284612,18,394,3460,96848,788,193696,"10mill-boot"
45,27,"petite","second",3628,4219,354831,645298,8438,1290596,13,393,2373,97751,786,195502,"10mill-boot"
45,28,"petite","second",3731,4198,359785,640245,8396,1280490,15,394,3035,97021,788,194042,"10mill-boot"
45,29,"petite","second",3731,4181,361583,638484,8362,1276968,13,385,2320,97719,770,195438,"10mill-boot"
45,30,"petite","second",3713,4197,362859,637141,8394,1274282,12,401,2398,97905,802,195810,"10mill-boot"
42,1,"petite","second",3876,4182,375895,624121,8364,1248242,22,396,4576,95545,792,191090,"10mill-boot"
42,2,"petite","second",3942,4110,377726,622326,8220,1244652,17,386,3075,97015,772,194030,"10mill-boot"
42,3,"petite","second",3801,4138,370164,630112,8276,1260224,18,381,3307,96832,762,193664,"10mill-boot"
42,4,"petite","second",3915,4107,379388,620670,8214,1241340,23,381,4576,95601,762,191202,"10mill-boot"
42,5,"petite","second",3793,4219,365949,634200,8438,1268400,16,402,2945,97132,804,194264,"10mill-boot"
42,6,"petite","second",3725,4201,362729,637412,8402,1274824,15,390,2733,97328,780,194656,"10mill-boot"
42,7,"petite","second",3916,4176,380482,619617,8352,1239234,25,392,4453,95824,784,191648,"10mill-boot"
42,8,"petite","second",3842,4162,370944,629104,8324,1258208,22,382,4126,96124,764,192248,"10mill-boot"
42,9,"petite","second",3770,4175,364066,636269,8350,1272538,17,384,2924,97351,768,194702,"10mill-boot"
42,10,"petite","second",3755,4220,361366,638773,8440,1277546,14,383,2541,97639,766,195278,"10mill-boot"
42,11,"petite","second",3769,4170,363719,636354,8340,1272708,18,382,3169,97039,764,194078,"10mill-boot"
42,12,"petite","second",3849,4111,374252,625782,8222,1251564,21,382,3831,96236,764,192472,"10mill-boot"
42,13,"petite","second",3849,4131,373434,626610,8262,1253220,21,378,4319,96461,756,192922,"10mill-boot"
42,14,"petite","second",3758,4179,367403,632689,8358,1265378,21,378,3806,96264,756,192528,"10mill-boot"
42,15,"petite","second",3902,4127,378062,622006,8254,1244012,19,385,3526,96496,770,192992,"10mill-boot"
42,16,"petite","second",3842,4182,368030,632029,8364,1264058,17,397,3510,96942,794,193884,"10mill-boot"
42,17,"petite","second",3769,4099,371063,629013,8198,1258026,12,387,2320,97933,774,195866,"10mill-boot"
42,18,"petite","second",3850,4168,372786,627237,8336,1254474,14,399,2931,97387,798,194774,"10mill-boot"
42,19,"petite","second",3822,4197,367862,632211,8394,1264422,19,390,3445,96671,780,193342,"10mill-boot"
42,20,"petite","second",3903,4163,374889,625152,8326,1250304,18,386,3593,97068,772,194136,"10mill-boot"
42,21,"petite","second",3863,4157,373911,626193,8314,1252386,18,385,3368,96771,770,193542,"10mill-boot"
42,22,"petite","second",3844,4221,366284,633760,8442,1267520,16,394,3497,97007,788,194014,"10mill-boot"
42,23,"petite","second",3821,4106,374206,625828,8212,1251656,11,402,2064,98131,804,196262,"10mill-boot"
42,24,"petite","second",3851,4109,376835,623315,8218,1246630,21,387,4064,96009,774,192018,"10mill-boot"
42,25,"petite","second",3924,4141,378893,621126,8282,1242252,12,400,2328,98031,800,196062,"10mill-boot"
42,26,"petite","second",3880,4123,376763,623280,8246,1246560,24,391,4666,95410,782,190820,"10mill-boot"
42,27,"petite","second",3787,4154,369275,630931,8308,1261862,18,382,3654,96567,764,193134,"10mill-boot"
42,28,"petite","second",3829,4164,373328,626818,8328,1253636,18,391,3754,96517,782,193034,"10mill-boot"
42,29,"petite","second",3835,4122,372721,627404,8244,1254808,16,389,3045,97416,778,194832,"10mill-boot"
42,30,"petite","second",3802,4167,370199,629908,8334,1259816,21,382,3941,96062,764,192124,"10mill-boot"
27,1,"petite","second",3808,4122,368251,631859,8244,1263718,11,400,2121,98123,800,196246,"10mill-boot"
27,2,"petite","second",3834,4123,371399,628688,8246,1257376,11,388,2320,97864,776,195728,"10mill-boot"
27,3,"petite","second",3966,4091,385241,614994,8182,1229988,18,390,3281,97023,780,194046,"10mill-boot"
27,4,"petite","second",3650,4202,354106,645915,8404,1291830,11,391,2238,98100,782,196200,"10mill-boot"
27,5,"petite","second",3894,4129,380296,619844,8258,1239688,23,393,4387,95954,786,191908,"10mill-boot"
27,6,"petite","second",3839,4126,369896,630140,8252,1260280,15,391,2924,97101,782,194202,"10mill-boot"
27,7,"petite","second",3763,4175,367711,632322,8350,1264644,20,395,3863,96261,790,192522,"10mill-boot"
27,8,"petite","second",3840,4123,372813,627202,8246,1254404,15,389,3236,97326,778,194652,"10mill-boot"
27,9,"petite","second",3789,4172,369850,630185,8344,1260370,18,390,3614,96489,780,192978,"10mill-boot"
27,10,"petite","second",3845,4104,373241,626871,8208,1253742,10,388,2182,98078,776,196156,"10mill-boot"
27,11,"petite","second",3783,4119,371724,628315,8238,1256630,5,401,929,99289,802,198578,"10mill-boot"
27,12,"petite","second",3883,4143,375319,624920,8286,1249840,15,405,2800,97241,810,194482,"10mill-boot"
27,13,"petite","second",3796,4185,369788,630416,8370,1260832,17,400,3368,96966,800,193932,"10mill-boot"
27,14,"petite","second",3868,4105,374664,625452,8210,1250904,22,376,4789,95413,752,190826,"10mill-boot"
27,15,"petite","second",3852,4096,378199,621839,8192,1243678,15,388,3182,97148,776,194296,"10mill-boot"
27,16,"petite","second",3787,4153,366700,633372,8306,1266744,20,388,3954,96139,776,192278,"10mill-boot"
27,17,"petite","second",3753,4114,368282,631833,8228,1263666,9,397,1758,98367,794,196734,"10mill-boot"
27,18,"petite","second",3809,4182,370175,629868,8364,1259736,20,402,4199,95946,804,191892,"10mill-boot"
27,19,"petite","second",3751,4160,365266,634762,8320,1269524,9,400,1732,98796,800,197592,"10mill-boot"
27,20,"petite","second",3862,4182,374920,625146,8364,1250292,18,407,3050,97029,814,194058,"10mill-boot"
27,21,"petite","second",3835,4089,375121,624909,8178,1249818,15,390,2719,97287,780,194574,"10mill-boot"
27,22,"petite","second",3639,4216,360550,639554,8432,1279108,20,386,3653,96580,772,193160,"10mill-boot"
27,23,"petite","second",3846,4051,376860,623203,8102,1246406,12,393,2544,97570,786,195140,"10mill-boot"
27,24,"petite","second",3787,4161,368384,631661,8322,1263322,9,394,1695,98496,788,196992,"10mill-boot"
27,25,"petite","second",3798,4125,370711,629474,8250,1258948,9,391,1986,98390,782,196780,"10mill-boot"
27,26,"petite","second",3747,4189,363849,636216,8378,1272432,11,394,2138,98109,788,196218,"10mill-boot"
27,27,"petite","second",3787,4164,366063,633989,8328,1267978,8,384,1871,98148,768,196296,"10mill-boot"
27,28,"petite","second",3828,4097,374889,625141,8194,1250282,19,390,3835,96488,780,192976,"10mill-boot"
27,29,"petite","second",3727,4223,362791,637359,8446,1274718,19,396,3839,96240,792,192480,"10mill-boot"
27,30,"petite","second",3834,4078,374724,625298,8156,1250596,11,386,2390,97826,772,195652,"10mill-boot"
18,1,"petite","second",3889,4181,366993,633068,8362,1266136,11,397,2018,98180,794,196360,"10mill-boot"
18,2,"petite","second",3988,4058,379689,620431,8116,1240862,13,413,2397,97616,826,195232,"10mill-boot"
18,3,"petite","second",3878,4129,370624,629414,8258,1258828,13,394,2438,97595,788,195190,"10mill-boot"
18,4,"petite","second",3897,4117,372689,627428,8234,1254856,10,404,2030,98440,808,196880,"10mill-boot"
18,5,"petite","second",3901,4108,373434,626718,8216,1253436,16,392,2960,97511,784,195022,"10mill-boot"
18,6,"petite","second",3784,4110,370041,630156,8220,1260312,20,383,3781,96693,766,193386,"10mill-boot"
18,7,"petite","second",3842,4128,369881,630173,8256,1260346,14,405,2594,97640,810,195280,"10mill-boot"
18,8,"petite","second",3876,4090,374969,625166,8180,1250332,15,401,3299,96724,802,193448,"10mill-boot"
18,9,"petite","second",3829,4124,371627,628387,8248,1256774,18,403,3518,96563,806,193126,"10mill-boot"
18,10,"petite","second",3893,4139,371049,629078,8278,1258156,15,402,2885,97150,804,194300,"10mill-boot"
18,11,"petite","second",3814,4120,365763,634240,8240,1268480,11,396,2427,97633,792,195266,"10mill-boot"
18,12,"petite","second",3848,4142,366951,633060,8284,1266120,15,406,2948,97166,812,194332,"10mill-boot"
18,13,"petite","second",3788,4125,367801,632258,8250,1264516,18,397,3738,97140,794,194280,"10mill-boot"
18,14,"petite","second",3817,4135,368755,631341,8270,1262682,18,388,4005,96063,776,192126,"10mill-boot"
18,15,"petite","second",3790,4156,366337,633822,8312,1267644,16,395,2984,97136,790,194272,"10mill-boot"
18,16,"petite","second",3972,4088,380618,619483,8176,1238966,14,393,2787,97242,786,194484,"10mill-boot"
18,17,"petite","second",3803,4115,372712,627362,8230,1254724,14,410,2821,97784,820,195568,"10mill-boot"
18,18,"petite","second",3861,4093,369677,630334,8186,1260668,12,396,2368,97738,792,195476,"10mill-boot"
18,19,"petite","second",3752,4149,360293,639713,8298,1279426,12,392,2311,98016,784,196032,"10mill-boot"
18,20,"petite","second",3952,4105,377875,622308,8210,1244616,6,414,1200,99521,828,199042,"10mill-boot"
18,21,"petite","second",3844,4132,370865,629239,8264,1258478,19,389,3682,96399,778,192798,"10mill-boot"
18,22,"petite","second",3816,4141,366511,633537,8282,1267074,11,409,1921,98177,818,196354,"10mill-boot"
18,23,"petite","second",3830,4118,370981,629054,8236,1258108,23,395,4445,96959,790,193918,"10mill-boot"
18,24,"petite","second",3849,4150,370898,629286,8300,1258572,14,411,2548,98024,822,196048,"10mill-boot"
18,25,"petite","second",3845,4077,372800,627286,8154,1254572,24,387,4874,95185,774,190370,"10mill-boot"
18,26,"petite","second",3883,4118,370904,629147,8236,1258294,19,399,3791,96270,798,192540,"10mill-boot"
18,27,"petite","second",3811,4135,370072,629937,8270,1259874,26,392,5097,94952,784,189904,"10mill-boot"
18,28,"petite","second",3771,4153,363603,636402,8306,1272804,13,389,2855,97225,778,194450,"10mill-boot"
18,29,"petite","second",3843,4085,374329,625774,8170,1251548,20,386,4140,96090,772,192180,"10mill-boot"
18,30,"petite","second",3876,4080,374310,625768,8160,1251536,9,407,1589,98578,814,197156,"10mill-boot"
20,1,"petite","second",3736,4190,356761,643271,8380,1286542,15,387,2934,97369,774,194738,"10mill-boot"
20,2,"petite","second",3753,4115,364127,635984,8230,1271968,20,385,4164,95960,770,191920,"10mill-boot"
20,3,"petite","second",3809,4126,364043,635972,8252,1271944,15,382,2963,97308,764,194616,"10mill-boot"
20,4,"petite","second",3685,4179,357708,642302,8358,1284604,19,386,3711,96589,772,193178,"10mill-boot"
20,5,"petite","second",3751,4156,362890,637169,8312,1274338,16,386,3055,96994,772,193988,"10mill-boot"
20,6,"petite","second",3767,4199,355439,644687,8398,1289374,16,395,3068,97205,790,194410,"10mill-boot"
20,7,"petite","second",3808,4166,363423,636698,8332,1273396,21,385,4526,95971,770,191942,"10mill-boot"
20,8,"petite","second",3762,4153,362193,637885,8306,1275770,14,388,2697,97729,776,195458,"10mill-boot"
20,9,"petite","second",3676,4221,353872,646152,8442,1292304,13,398,2430,97670,796,195340,"10mill-boot"
20,10,"petite","second",3821,4128,368183,631829,8256,1263658,19,387,3882,96553,774,193106,"10mill-boot"
20,11,"petite","second",3754,4155,363026,637101,8310,1274202,16,390,2875,97158,780,194316,"10mill-boot"
20,12,"petite","second",3646,4252,349769,650233,8504,1300466,13,399,2504,97694,798,195388,"10mill-boot"
20,13,"petite","second",3734,4178,362066,638144,8356,1276288,18,375,3478,96558,750,193116,"10mill-boot"
20,14,"petite","second",3716,4167,357841,642172,8334,1284344,21,370,4336,95731,740,191462,"10mill-boot"
20,15,"petite","second",3790,4195,363823,636215,8390,1272430,12,407,2353,98016,814,196032,"10mill-boot"
20,16,"petite","second",3715,4178,361911,638188,8356,1276376,22,396,4373,95828,792,191656,"10mill-boot"
20,17,"petite","second",3773,4150,364996,635194,8300,1270388,27,379,5103,95458,758,190916,"10mill-boot"
20,18,"petite","second",3675,4223,356180,643962,8446,1287924,17,387,3466,96925,774,193850,"10mill-boot"
20,19,"petite","second",3720,4210,357505,642563,8420,1285126,16,385,2954,97271,770,194542,"10mill-boot"
20,20,"petite","second",3808,4198,366236,633859,8396,1267718,17,395,3449,96934,790,193868,"10mill-boot"
20,21,"petite","second",3701,4217,360040,639985,8434,1279970,22,379,4361,96758,758,193516,"10mill-boot"
20,22,"petite","second",3672,4169,361572,638475,8338,1276950,21,389,4138,96731,778,193462,"10mill-boot"
20,23,"petite","second",3705,4185,358420,641670,8370,1283340,16,387,3291,96871,774,193742,"10mill-boot"
20,24,"petite","second",3795,4134,366624,633392,8268,1266784,14,393,2782,97516,786,195032,"10mill-boot"
20,25,"petite","second",3743,4164,361056,638973,8328,1277946,11,389,2284,98141,778,196282,"10mill-boot"
20,26,"petite","second",3810,4114,368143,631898,8228,1263796,11,399,2185,97862,798,195724,"10mill-boot"
20,27,"petite","second",3728,4136,361867,638146,8272,1276292,15,384,2824,97681,768,195362,"10mill-boot"
20,28,"petite","second",3744,4108,367440,632563,8216,1265126,21,373,4529,95905,746,191810,"10mill-boot"
20,29,"petite","second",3798,4086,368225,631835,8172,1263670,9,391,1722,98641,782,197282,"10mill-boot"
20,30,"petite","second",3767,4176,368045,632013,8352,1264026,26,385,5456,94553,770,189106,"10mill-boot"
16,1,"petite","second",3711,4223,362084,637933,8446,1275866,19,387,3618,96825,774,193650,"10mill-boot"
16,2,"petite","second",3764,4198,364567,635640,8396,1271280,12,381,2176,97834,762,195668,"10mill-boot"
16,3,"petite","second",3703,4231,357136,642902,8462,1285804,13,382,2360,97664,764,195328,"10mill-boot"
16,4,"petite","second",3728,4212,366399,633622,8424,1267244,15,405,2646,97699,810,195398,"10mill-boot"
16,5,"petite","second",3705,4261,363590,636442,8522,1272884,12,390,2235,98002,780,196004,"10mill-boot"
16,6,"petite","second",3718,4205,364913,635102,8410,1270204,11,395,2003,98615,790,197230,"10mill-boot"
16,7,"petite","second",3770,4162,366168,633892,8324,1267784,15,392,2752,97732,784,195464,"10mill-boot"
16,8,"petite","second",3670,4306,355635,644506,8612,1289012,14,393,2608,97405,786,194810,"10mill-boot"
16,9,"petite","second",3727,4187,366202,633829,8374,1267658,10,400,1882,98520,800,197040,"10mill-boot"
16,10,"petite","second",3800,4205,367469,632584,8410,1265168,12,392,2440,97630,784,195260,"10mill-boot"
16,11,"petite","second",3666,4214,358994,641107,8428,1282214,13,393,2694,97435,786,194870,"10mill-boot"
16,12,"petite","second",3655,4244,356916,643345,8488,1286690,18,385,3577,96512,770,193024,"10mill-boot"
16,13,"petite","second",3640,4262,354324,645822,8524,1291644,12,398,2346,98219,796,196438,"10mill-boot"
16,14,"petite","second",3742,4208,363586,636448,8416,1272896,8,385,1538,99162,770,198324,"10mill-boot"
16,15,"petite","second",3820,4207,371158,628843,8414,1257686,8,403,1720,98869,806,197738,"10mill-boot"
16,16,"petite","second",3584,4295,351376,648715,8590,1297430,9,394,1631,98489,788,196978,"10mill-boot"
16,17,"petite","second",3770,4170,369754,630286,8340,1260572,12,384,2102,97978,768,195956,"10mill-boot"
16,18,"petite","second",3747,4194,368273,631823,8388,1263646,9,398,1711,98368,796,196736,"10mill-boot"
16,19,"petite","second",3790,4205,365669,634390,8410,1268780,15,389,2760,97560,778,195120,"10mill-boot"
16,20,"petite","second",3789,4178,368187,631831,8356,1263662,12,397,2149,98393,794,196786,"10mill-boot"
16,21,"petite","second",3705,4172,368151,632096,8344,1264192,11,388,2072,98156,776,196312,"10mill-boot"
16,22,"petite","second",3764,4178,366086,633971,8356,1267942,12,394,2301,97782,788,195564,"10mill-boot"
16,23,"petite","second",3750,4167,365470,634564,8334,1269128,15,386,2826,97270,772,194540,"10mill-boot"
16,24,"petite","second",3765,4175,365760,634253,8350,1268506,7,395,1509,98521,790,197042,"10mill-boot"
16,25,"petite","second",3668,4249,357877,642148,8498,1284296,7,396,1231,98860,792,197720,"10mill-boot"
16,26,"petite","second",3791,4121,372755,627283,8242,1254566,14,378,2757,97310,756,194620,"10mill-boot"
16,27,"petite","second",3674,4280,357676,642388,8560,1284776,17,389,3069,96967,778,193934,"10mill-boot"
16,28,"petite","second",3759,4159,368524,631498,8318,1262996,11,392,2017,98081,784,196162,"10mill-boot"
16,29,"petite","second",3710,4219,362999,637015,8438,1274030,6,400,1179,98853,800,197706,"10mill-boot"
16,30,"petite","second",3748,4209,366093,633945,8418,1267890,15,389,2791,97269,778,194538,"10mill-boot"
29,1,"petite","second",3692,4186,363083,637098,8372,1274196,13,385,2461,97814,770,195628,"10mill-boot"
29,2,"petite","second",3714,4121,368312,631868,8242,1263736,17,387,3055,97253,774,194506,"10mill-boot"
29,3,"petite","second",3771,4173,371393,628760,8346,1257520,15,384,3098,97137,768,194274,"10mill-boot"
29,4,"petite","second",3783,4143,376708,623321,8286,1246642,19,376,3958,96171,752,192342,"10mill-boot"
29,5,"petite","second",3690,4215,362870,637203,8430,1274406,9,388,1706,98365,776,196730,"10mill-boot"
29,6,"petite","second",3700,4162,366295,633895,8324,1267790,10,388,2100,98300,776,196600,"10mill-boot"
29,7,"petite","second",3657,4222,361070,639014,8444,1278028,9,395,1727,98464,790,196928,"10mill-boot"
29,8,"petite","second",3714,4210,364650,635433,8420,1270866,12,386,2473,97635,772,195270,"10mill-boot"
29,9,"petite","second",3812,4095,376921,623162,8190,1246324,13,388,2560,97743,776,195486,"10mill-boot"
29,10,"petite","second",3741,4229,367242,632863,8458,1265726,17,398,3242,97118,796,194236,"10mill-boot"
29,11,"petite","second",3677,4191,363336,636667,8382,1273334,18,380,3754,96443,760,192886,"10mill-boot"
29,12,"petite","second",3726,4177,369015,631077,8354,1262154,16,385,2966,97147,770,194294,"10mill-boot"
29,13,"petite","second",3719,4179,369138,630976,8358,1261952,12,390,2346,97665,780,195330,"10mill-boot"
29,14,"petite","second",3794,4145,377269,622731,8290,1245462,19,389,3828,96191,778,192382,"10mill-boot"
29,15,"petite","second",3744,4173,368512,631488,8346,1262976,8,388,1478,98596,776,197192,"10mill-boot"
29,16,"petite","second",3735,4196,369756,630307,8392,1260614,13,396,2756,98202,792,196404,"10mill-boot"
29,17,"petite","second",3743,4173,373158,626885,8346,1253770,7,397,1333,99147,794,198294,"10mill-boot"
29,18,"petite","second",3692,4183,363875,636165,8366,1272330,14,380,2939,98065,760,196130,"10mill-boot"
29,19,"petite","second",3673,4209,358512,641498,8418,1282996,12,386,2480,97539,772,195078,"10mill-boot"
29,20,"petite","second",3736,4191,365361,634677,8382,1269354,13,382,2654,98144,764,196288,"10mill-boot"
29,21,"petite","second",3679,4227,363265,636740,8454,1273480,12,392,2428,98082,784,196164,"10mill-boot"
29,22,"petite","second",3647,4187,362013,638006,8374,1276012,9,379,1709,98379,758,196758,"10mill-boot"
29,23,"petite","second",3651,4229,363282,636734,8458,1273468,9,392,1733,98474,784,196948,"10mill-boot"
29,24,"petite","second",3652,4182,367406,632725,8364,1265450,12,398,2555,98080,796,196160,"10mill-boot"
29,25,"petite","second",3587,4212,357138,643018,8424,1286036,17,385,3721,96348,770,192696,"10mill-boot"
29,26,"petite","second",3684,4196,364467,635594,8392,1271188,16,390,3120,96985,780,193970,"10mill-boot"
29,27,"petite","second",3734,4129,373513,626534,8258,1253068,19,391,3683,96640,782,193280,"10mill-boot"
29,28,"petite","second",3634,4209,360078,640042,8418,1280084,15,389,3058,97112,778,194224,"10mill-boot"
29,29,"petite","second",3608,4223,356076,643940,8446,1287880,11,385,2149,97874,770,195748,"10mill-boot"
29,30,"petite","second",3641,4266,361564,638556,8532,1277112,14,379,2842,97555,758,195110,"10mill-boot"
11,1,"petite","second",3679,4159,359232,640871,8318,1281742,13,387,3111,97050,774,194100,"10mill-boot"
11,2,"petite","second",3812,4044,372084,627936,8088,1255872,16,370,3273,96781,740,193562,"10mill-boot"
11,3,"petite","second",3650,4137,357101,642999,8274,1285998,12,386,2508,97910,772,195820,"10mill-boot"
11,4,"petite","second",3779,4123,368864,631155,8246,1262310,16,391,3187,96866,782,193732,"10mill-boot"
11,5,"petite","second",3702,4145,360923,639243,8290,1278486,13,390,2728,97328,780,194656,"10mill-boot"
11,6,"petite","second",3690,4159,362705,637349,8318,1274698,14,379,3197,96837,758,193674,"10mill-boot"
11,7,"petite","second",3802,4067,371931,628168,8134,1256336,8,393,1935,98347,786,196694,"10mill-boot"
11,8,"petite","second",3736,4129,360024,640074,8258,1280148,12,378,2501,97537,756,195074,"10mill-boot"
11,9,"petite","second",3741,4139,362698,637320,8278,1274640,13,378,2889,97326,756,194652,"10mill-boot"
11,10,"petite","second",3718,4169,358190,641824,8338,1283648,11,391,2394,97622,782,195244,"10mill-boot"
11,11,"petite","second",3842,4126,371107,628972,8252,1257944,13,373,2950,97285,746,194570,"10mill-boot"
11,12,"petite","second",3746,4136,362089,637960,8272,1275920,14,384,3013,97036,768,194072,"10mill-boot"
11,13,"petite","second",3702,4135,358498,641582,8270,1283164,16,374,3401,96651,748,193302,"10mill-boot"
11,14,"petite","second",3693,4189,361415,638630,8378,1277260,17,386,3496,96542,772,193084,"10mill-boot"
11,15,"petite","second",3691,4158,359633,640416,8316,1280832,9,389,2285,98151,778,196302,"10mill-boot"
11,16,"petite","second",3725,4132,364784,635246,8264,1270492,12,397,2486,98358,794,196716,"10mill-boot"
11,17,"petite","second",3736,4165,361643,638366,8330,1276732,14,392,2680,97850,784,195700,"10mill-boot"
11,18,"petite","second",3579,4160,350134,649952,8320,1299904,11,380,2551,97544,760,195088,"10mill-boot"
11,19,"petite","second",3775,4090,365566,634502,8180,1269004,11,384,2113,98379,768,196758,"10mill-boot"
11,20,"petite","second",3709,4100,361972,638086,8200,1276172,19,367,4534,95494,734,190988,"10mill-boot"
11,21,"petite","second",3720,4181,358243,641957,8362,1283914,14,372,3160,97106,744,194212,"10mill-boot"
11,22,"petite","second",3740,4113,365641,634368,8226,1268736,17,388,3665,96446,776,192892,"10mill-boot"
11,23,"petite","second",3741,4134,365374,634696,8268,1269392,14,387,3005,97180,774,194360,"10mill-boot"
11,24,"petite","second",3679,4161,358860,641221,8322,1282442,13,391,2932,97513,782,195026,"10mill-boot"
11,25,"petite","second",3715,4143,362687,637433,8286,1274866,11,376,2673,97394,752,194788,"10mill-boot"
11,26,"petite","second",3757,4100,364255,635856,8200,1271712,11,374,2244,97832,748,195664,"10mill-boot"
11,27,"petite","second",3676,4192,354351,645826,8384,1291652,10,395,2110,98196,790,196392,"10mill-boot"
11,28,"petite","second",3619,4214,348962,651088,8428,1302176,7,387,1744,98721,774,197442,"10mill-boot"
11,29,"petite","second",3755,4136,361127,639007,8272,1278014,14,392,2583,97782,784,195564,"10mill-boot"
11,30,"petite","second",3671,4151,356613,643466,8302,1286932,12,386,2642,97569,772,195138,"10mill-boot"
37,1,"petite","second",37131,41838,3628000,6372024,83676,12744048,126,3964,24203,979763,7928,1959526,"100mill-boot"
37,2,"petite","second",37007,42035,3608027,6392147,84070,12784294,143,3892,28156,972803,7784,1945606,"100mill-boot"
37,3,"petite","second",37138,41824,3646894,6353143,83648,12706286,131,3905,25775,975240,7810,1950480,"100mill-boot"
37,4,"petite","second",37420,41652,3657713,6342349,83304,12684698,147,3857,28382,972364,7714,1944728,"100mill-boot"
37,5,"petite","second",36730,41959,3589958,6410106,83918,12820212,129,3864,24543,976575,7728,1953150,"100mill-boot"
37,6,"petite","second",37040,41725,3616447,6383559,83450,12767118,147,3870,28870,972145,7740,1944290,"100mill-boot"
37,7,"petite","second",36740,41924,3596608,6403490,83848,12806980,127,3881,24101,977503,7762,1955006,"100mill-boot"
37,8,"petite","second",36962,41923,3613312,6386789,83846,12773578,147,3872,28937,972131,7744,1944262,"100mill-boot"
37,9,"petite","second",37332,41722,3653726,6346305,83444,12692610,141,3884,26703,973723,7768,1947446,"100mill-boot"
37,10,"petite","second",36758,41955,3585232,6414795,83910,12829590,118,3905,22542,977483,7810,1954966,"100mill-boot"
37,11,"petite","second",37192,41855,3654349,6345709,83710,12691418,129,3945,25207,977104,7890,1954208,"100mill-boot"
37,12,"petite","second",37184,41820,3636608,6363463,83640,12726926,159,3863,29664,970557,7726,1941114,"100mill-boot"
37,13,"petite","second",36827,42057,3600308,6399730,84114,12799460,142,3865,27846,974043,7730,1948086,"100mill-boot"
37,14,"petite","second",37215,41706,3645602,6354559,83412,12709118,139,3888,26967,974601,7776,1949202,"100mill-boot"
37,15,"petite","second",37273,41888,3644247,6355961,83776,12711922,137,3915,26454,973802,7830,1947604,"100mill-boot"
37,16,"petite","second",36998,41953,3619765,6380300,83906,12760600,120,3881,23163,978375,7762,1956750,"100mill-boot"
37,17,"petite","second",36942,41836,3627648,6372361,83672,12744722,148,3868,28450,973381,7736,1946762,"100mill-boot"
37,18,"petite","second",37082,41866,3639259,6360764,83732,12721528,137,3884,26847,973222,7768,1946444,"100mill-boot"
37,19,"petite","second",37069,41791,3624719,6375302,83582,12750604,126,3890,23996,976760,7780,1953520,"100mill-boot"
37,20,"petite","second",36840,41850,3611276,6388766,83700,12777532,141,3881,27238,974895,7762,1949790,"100mill-boot"
37,21,"petite","second",37478,41588,3655547,6344525,83176,12689050,145,3873,27626,972686,7746,1945372,"100mill-boot"
37,22,"petite","second",37357,41700,3660949,6339165,83400,12678330,152,3926,29089,972464,7852,1944928,"100mill-boot"
37,23,"petite","second",36650,41951,3588276,6411822,83902,12823644,148,3856,29570,970847,7712,1941694,"100mill-boot"
37,24,"petite","second",37110,41931,3620513,6379515,83862,12759030,142,3889,27484,974195,7778,1948390,"100mill-boot"
37,25,"petite","second",37147,41882,3626377,6373646,83764,12747292,115,3926,22550,978656,7852,1957312,"100mill-boot"
37,26,"petite","second",37037,41882,3626543,6373521,83764,12747042,127,3870,24575,977242,7740,1954484,"100mill-boot"
37,27,"petite","second",37184,41872,3636624,6363647,83744,12727294,156,3855,30501,969880,7710,1939760,"100mill-boot"
37,28,"petite","second",37212,41794,3633259,6366771,83588,12733542,127,3884,24788,976303,7768,1952606,"100mill-boot"
37,29,"petite","second",37295,41785,3655581,6344479,83570,12688958,151,3873,29995,970093,7746,1940186,"100mill-boot"
37,30,"petite","second",37124,41795,3638123,6361924,83590,12723848,141,3893,26634,973492,7786,1946984,"100mill-boot"
30,1,"petite","second",36981,41728,3633338,6366757,83456,12733514,85,3932,18358,982616,7864,1965232,"100mill-boot"
30,2,"petite","second",36665,41938,3615938,6384221,83876,12768442,73,3931,16585,983943,7862,1967886,"100mill-boot"
30,3,"petite","second",36456,41937,3601158,6398914,83874,12797828,58,3952,12349,988928,7904,1977856,"100mill-boot"
30,4,"petite","second",36905,41723,3640342,6359865,83446,12719730,96,3953,20196,981083,7906,1962166,"100mill-boot"
30,5,"petite","second",36527,41878,3595273,6404737,83756,12809474,83,3943,17979,986174,7886,1972348,"100mill-boot"
30,6,"petite","second",36514,41959,3585716,6414364,83918,12828728,72,3937,15562,986098,7874,1972196,"100mill-boot"
30,7,"petite","second",36588,41988,3597032,6403036,83976,12806072,89,3901,18908,984282,7802,1968564,"100mill-boot"
30,8,"petite","second",36633,41843,3602541,6397526,83686,12795052,71,3930,15029,989066,7860,1978132,"100mill-boot"
30,9,"petite","second",36889,41861,3609754,6390270,83722,12780540,93,3924,19326,982035,7848,1964070,"100mill-boot"
30,10,"petite","second",36688,41719,3608409,6391647,83438,12783294,95,3888,19880,980131,7776,1960262,"100mill-boot"
30,11,"petite","second",36892,41766,3634007,6366099,83532,12732198,82,3938,17986,983106,7876,1966212,"100mill-boot"
30,12,"petite","second",36781,41976,3603683,6396355,83952,12792710,101,3922,20662,981644,7844,1963288,"100mill-boot"
30,13,"petite","second",36318,42056,3582917,6417119,84112,12834238,74,3944,16281,985070,7888,1970140,"100mill-boot"
30,14,"petite","second",36750,41855,3618546,6381575,83710,12763150,80,3928,18092,984098,7856,1968196,"100mill-boot"
30,15,"petite","second",36770,41763,3631181,6368921,83526,12737842,99,3944,21097,979139,7888,1958278,"100mill-boot"
30,16,"petite","second",36440,42090,3590196,6409886,84180,12819772,79,3920,16485,984764,7840,1969528,"100mill-boot"
30,17,"petite","second",36788,41770,3619481,6380618,83540,12761236,90,3905,19232,981964,7810,1963928,"100mill-boot"
30,18,"petite","second",36699,41785,3615168,6384978,83570,12769956,70,3926,14833,986611,7852,1973222,"100mill-boot"
30,19,"petite","second",36877,41819,3619014,6381136,83638,12762272,70,3952,14914,987348,7904,1974696,"100mill-boot"
30,20,"petite","second",36655,41893,3609539,6390478,83786,12780956,78,3966,16235,985919,7932,1971838,"100mill-boot"
30,21,"petite","second",36903,41745,3620417,6379672,83490,12759344,81,3931,17467,985706,7862,1971412,"100mill-boot"
30,22,"petite","second",36783,41819,3614677,6385336,83638,12770672,81,3951,16843,986707,7902,1973414,"100mill-boot"
30,23,"petite","second",36784,41849,3620499,6379675,83698,12759350,94,3900,19971,982017,7800,1964034,"100mill-boot"
30,24,"petite","second",36631,41848,3594213,6405967,83696,12811934,91,3935,19354,980714,7870,1961428,"100mill-boot"
30,25,"petite","second",36936,41919,3613398,6386706,83838,12773412,87,3922,18839,982577,7844,1965154,"100mill-boot"
30,26,"petite","second",36898,41841,3615713,6384415,83682,12768830,75,3918,16625,984631,7836,1969262,"100mill-boot"
30,27,"petite","second",36791,41928,3619192,6380831,83856,12761662,80,3912,16964,984457,7824,1968914,"100mill-boot"
30,28,"petite","second",36737,41972,3611716,6388304,83944,12776608,83,3950,17851,982970,7900,1965940,"100mill-boot"
30,29,"petite","second",36489,42081,3574364,6425728,84162,12851456,67,3950,14041,987385,7900,1974770,"100mill-boot"
30,30,"petite","second",36871,41689,3626449,6373577,83378,12747154,88,3927,18634,981958,7854,1963916,"100mill-boot"
39,1,"petite","second",37985,41665,3670838,6329165,83330,12658330,84,3961,18472,982596,7922,1965192,"100mill-boot"
39,2,"petite","second",37717,41728,3648297,6351739,83456,12703478,86,3951,18198,984600,7902,1969200,"100mill-boot"
39,3,"petite","second",37899,41334,3669794,6330287,82668,12660574,102,3951,21309,981119,7902,1962238,"100mill-boot"
39,4,"petite","second",38066,41353,3701320,6298696,82706,12597392,96,3940,19705,982060,7880,1964120,"100mill-boot"
39,5,"petite","second",37884,41490,3671851,6328193,82980,12656386,94,3958,19848,981401,7916,1962802,"100mill-boot"
39,6,"petite","second",38117,41477,3693189,6306841,82954,12613682,110,3924,23213,978092,7848,1956184,"100mill-boot"
39,7,"petite","second",38059,41337,3709025,6290998,82674,12581996,109,3936,23077,979589,7872,1959178,"100mill-boot"
39,8,"petite","second",38204,41488,3696713,6303336,82976,12606672,97,3944,20766,979307,7888,1958614,"100mill-boot"
39,9,"petite","second",38102,41472,3705988,6294032,82944,12588064,97,3963,20232,981438,7926,1962876,"100mill-boot"
39,10,"petite","second",37774,41589,3658552,6341503,83178,12683006,110,3938,23272,982148,7876,1964296,"100mill-boot"
39,11,"petite","second",37952,41609,3667686,6332385,83218,12664770,121,3881,25978,974513,7762,1949026,"100mill-boot"
39,12,"petite","second",38108,41467,3695239,6304808,82934,12609616,94,3916,20939,979395,7832,1958790,"100mill-boot"
39,13,"petite","second",37781,41569,3667883,6332190,83138,12664380,94,3914,20030,981774,7828,1963548,"100mill-boot"
39,14,"petite","second",37800,41561,3670362,6329757,83122,12659514,99,3953,21941,980424,7906,1960848,"100mill-boot"
39,15,"petite","second",37829,41546,3676453,6323816,83092,12647632,108,3944,22740,979284,7888,1958568,"100mill-boot"
39,16,"petite","second",37823,41605,3665444,6334685,83210,12669370,92,3920,18952,981448,7840,1962896,"100mill-boot"
39,17,"petite","second",37672,41703,3657686,6342447,83406,12684894,84,3969,17988,983108,7938,1966216,"100mill-boot"
39,18,"petite","second",37911,41509,3685405,6314670,83018,12629340,109,3930,22009,978527,7860,1957054,"100mill-boot"
39,19,"petite","second",37822,41727,3658930,6341089,83454,12682178,92,3932,20287,980024,7864,1960048,"100mill-boot"
39,20,"petite","second",37927,41466,3670539,6329523,82932,12659046,90,3915,18943,981538,7830,1963076,"100mill-boot"
39,21,"petite","second",38160,41284,3703596,6296447,82568,12592894,89,3955,18949,981780,7910,1963560,"100mill-boot"
39,22,"petite","second",37677,41746,3649944,6350272,83492,12700544,101,3915,20973,980249,7830,1960498,"100mill-boot"
39,23,"petite","second",38256,41467,3700035,6300007,82934,12600014,79,3968,16235,985526,7936,1971052,"100mill-boot"
39,24,"petite","second",38036,41230,3692051,6308174,82460,12616348,88,3927,18417,981893,7854,1963786,"100mill-boot"
39,25,"petite","second",38058,41478,3683754,6316358,82956,12632716,98,3889,20803,980045,7778,1960090,"100mill-boot"
39,26,"petite","second",37970,41466,3678735,6321367,82932,12642734,93,3934,20588,980024,7868,1960048,"100mill-boot"
39,27,"petite","second",37855,41643,3663373,6336762,83286,12673524,96,3964,20457,983211,7928,1966422,"100mill-boot"
39,28,"petite","second",37694,41668,3664469,6335663,83336,12671326,80,3969,17462,985596,7938,1971192,"100mill-boot"
39,29,"petite","second",38320,41414,3695726,6304375,82828,12608750,110,3928,23681,976353,7856,1952706,"100mill-boot"
39,30,"petite","second",37817,41610,3672105,6328064,83220,12656128,116,3930,25050,979523,7860,1959046,"100mill-boot"
4,1,"petite","second",37848,40644,3715116,6284899,81288,12569798,143,3747,27309,974285,7494,1948570,"100mill-boot"
4,2,"petite","second",37734,40627,3698793,6301374,81254,12602748,167,3741,33482,967612,7482,1935224,"100mill-boot"
4,3,"petite","second",37883,40555,3728586,6271438,81110,12542876,144,3774,28459,972314,7548,1944628,"100mill-boot"
4,4,"petite","second",37310,40831,3659074,6341148,81662,12682296,157,3739,31668,970132,7478,1940264,"100mill-boot"
4,5,"petite","second",37839,40587,3717517,6282500,81174,12565000,153,3744,29447,971330,7488,1942660,"100mill-boot"
4,6,"petite","second",37561,40731,3689832,6310259,81462,12620518,127,3734,25188,974833,7468,1949666,"100mill-boot"
4,7,"petite","second",37888,40702,3698468,6301534,81404,12603068,147,3770,28450,971963,7540,1943926,"100mill-boot"
4,8,"petite","second",37574,40794,3691811,6308195,81588,12616390,136,3786,26327,975054,7572,1950108,"100mill-boot"
4,9,"petite","second",37668,40859,3689411,6310606,81718,12621212,163,3739,32822,967495,7478,1934990,"100mill-boot"
4,10,"petite","second",37448,40761,3671100,6328902,81522,12657804,154,3721,30767,969817,7442,1939634,"100mill-boot"
4,11,"petite","second",37701,40707,3692810,6307398,81414,12614796,158,3712,31552,969299,7424,1938598,"100mill-boot"
4,12,"petite","second",37483,40850,3665800,6334237,81700,12668474,150,3748,29599,971846,7496,1943692,"100mill-boot"
4,13,"petite","second",37826,40692,3690391,6309679,81384,12619358,156,3765,30222,971604,7530,1943208,"100mill-boot"
4,14,"petite","second",37419,40837,3665557,6334581,81674,12669162,144,3745,28891,971166,7490,1942332,"100mill-boot"
4,15,"petite","second",37728,40644,3700584,6299457,81288,12598914,137,3774,27727,972471,7548,1944942,"100mill-boot"
4,16,"petite","second",37478,40873,3665308,6334746,81746,12669492,145,3772,29347,973528,7544,1947056,"100mill-boot"
4,17,"petite","second",37327,40787,3654946,6345191,81574,12690382,146,3707,29457,970632,7414,1941264,"100mill-boot"
4,18,"petite","second",37999,40687,3719628,6280384,81374,12560768,167,3740,32406,971433,7480,1942866,"100mill-boot"
4,19,"petite","second",37820,40514,3713777,6286485,81028,12572970,156,3721,31019,971180,7442,1942360,"100mill-boot"
4,20,"petite","second",37473,40870,3678203,6322026,81740,12644052,143,3775,27719,975035,7550,1950070,"100mill-boot"
4,21,"petite","second",37673,40814,3690846,6309226,81628,12618452,154,3726,31157,970603,7452,1941206,"100mill-boot"
4,22,"petite","second",37842,40759,3715426,6284597,81518,12569194,137,3798,27022,974546,7596,1949092,"100mill-boot"
4,23,"petite","second",37905,40550,3720875,6279180,81100,12558360,153,3765,30194,970915,7530,1941830,"100mill-boot"
4,24,"petite","second",37563,40877,3688277,6311761,81754,12623522,151,3786,29457,972061,7572,1944122,"100mill-boot"
4,25,"petite","second",37929,40781,3711691,6288442,81562,12576884,144,3792,28112,973628,7584,1947256,"100mill-boot"
4,26,"petite","second",37616,40671,3683683,6316323,81342,12632646,136,3753,26725,974475,7506,1948950,"100mill-boot"
4,27,"petite","second",37763,40722,3686914,6313167,81444,12626334,141,3741,27908,972181,7482,1944362,"100mill-boot"
4,28,"petite","second",37419,40982,3670249,6329804,81964,12659608,163,3750,32375,969290,7500,1938580,"100mill-boot"
4,29,"petite","second",38011,40475,3723788,6276307,80950,12552614,161,3752,31123,970471,7504,1940942,"100mill-boot"
4,30,"petite","second",37359,40896,3658574,6341603,81792,12683206,169,3713,33472,966815,7426,1933630,"100mill-boot"
3,1,"petite","second",37329,41216,3668450,6331607,82432,12663214,86,3896,18190,983068,7792,1966136,"100mill-boot"
3,2,"petite","second",37532,41151,3688495,6311607,82302,12623214,94,3901,19370,980959,7802,1961918,"100mill-boot"
3,3,"petite","second",37721,40988,3702566,6297505,81976,12595010,88,3933,18528,982950,7866,1965900,"100mill-boot"
3,4,"petite","second",37635,40875,3708911,6291121,81750,12582242,93,3893,18985,981608,7786,1963216,"100mill-boot"
3,5,"petite","second",37453,41023,3672566,6327451,82046,12654902,74,3904,14698,987881,7808,1975762,"100mill-boot"
3,6,"petite","second",37953,40813,3725297,6274721,81626,12549442,106,3849,22076,978895,7698,1957790,"100mill-boot"
3,7,"petite","second",37629,41006,3691314,6308839,82012,12617678,87,3868,18488,982867,7736,1965734,"100mill-boot"
3,8,"petite","second",37810,41069,3706108,6293908,82138,12587816,83,3913,16698,983911,7826,1967822,"100mill-boot"
3,9,"petite","second",37716,41128,3682427,6317655,82256,12635310,89,3878,17840,982211,7756,1964422,"100mill-boot"
3,10,"petite","second",38061,40840,3726158,6273847,81680,12547694,83,3917,16657,985891,7834,1971782,"100mill-boot"
3,11,"petite","second",37724,41015,3696393,6303660,82030,12607320,94,3875,19346,982427,7750,1964854,"100mill-boot"
3,12,"petite","second",37842,40988,3714889,6285175,81976,12570350,90,3878,17916,982691,7756,1965382,"100mill-boot"
3,13,"petite","second",37433,41127,3673757,6326321,82254,12652642,72,3901,14942,986231,7802,1972462,"100mill-boot"
3,14,"petite","second",37568,41126,3686999,6313049,82252,12626098,90,3926,18205,983896,7852,1967792,"100mill-boot"
3,15,"petite","second",37383,41215,3680722,6319310,82430,12638620,92,3887,18434,982581,7774,1965162,"100mill-boot"
3,16,"petite","second",37375,41351,3675535,6324521,82702,12649042,80,3890,15926,985883,7780,1971766,"100mill-boot"
3,17,"petite","second",37641,41063,3697432,6302679,82126,12605358,91,3918,18604,983869,7836,1967738,"100mill-boot"
3,18,"petite","second",37844,40983,3710778,6289262,81966,12578524,97,3865,20209,982482,7730,1964964,"100mill-boot"
3,19,"petite","second",37377,40991,3664185,6335884,81982,12671768,76,3863,15620,985535,7726,1971070,"100mill-boot"
3,20,"petite","second",37808,40919,3708053,6292045,81838,12584090,103,3887,20911,980043,7774,1960086,"100mill-boot"
3,21,"petite","second",37818,40939,3709533,6290689,81878,12581378,97,3876,19465,983128,7752,1966256,"100mill-boot"
3,22,"petite","second",37775,41008,3709015,6290987,82016,12581974,95,3884,19382,981452,7768,1962904,"100mill-boot"
3,23,"petite","second",37550,41119,3699689,6300315,82238,12600630,80,3918,16607,985223,7836,1970446,"100mill-boot"
3,24,"petite","second",37580,41042,3683061,6317001,82084,12634002,99,3881,19774,983367,7762,1966734,"100mill-boot"
3,25,"petite","second",37933,40944,3724807,6275224,81888,12550448,102,3903,21618,978574,7806,1957148,"100mill-boot"
3,26,"petite","second",37944,40891,3715826,6284246,81782,12568492,86,3870,17439,984766,7740,1969532,"100mill-boot"
3,27,"petite","second",37887,40994,3717990,6282071,81988,12564142,88,3914,17614,983787,7828,1967574,"100mill-boot"
3,28,"petite","second",37509,41121,3679851,6320214,82242,12640428,97,3925,19750,982400,7850,1964800,"100mill-boot"
3,29,"petite","second",37399,40971,3684607,6315408,81942,12630816,92,3869,18981,984446,7738,1968892,"100mill-boot"
3,30,"petite","second",37824,40860,3716691,6283422,81720,12566844,90,3945,18573,983918,7890,1967836,"100mill-boot"
2,1,"petite","second",37263,41581,3650250,6349766,83162,12699532,84,3919,16309,984460,7838,1968920,"100mill-boot"
2,2,"petite","second",37443,41504,3692419,6307599,83008,12615198,100,3923,19011,982100,7846,1964200,"100mill-boot"
2,3,"petite","second",37208,41355,3671771,6328316,82710,12656632,85,3891,16402,985154,7782,1970308,"100mill-boot"
2,4,"petite","second",37498,41052,3691599,6308405,82104,12616810,107,3844,21156,980974,7688,1961948,"100mill-boot"
2,5,"petite","second",37383,41538,3678304,6321813,83076,12643626,109,3907,21040,979117,7814,1958234,"100mill-boot"
2,6,"petite","second",37233,41559,3678490,6321594,83118,12643188,109,3931,21642,980797,7862,1961594,"100mill-boot"
2,7,"petite","second",37156,41516,3651585,6348436,83032,12696872,105,3886,19056,983095,7772,1966190,"100mill-boot"
2,8,"petite","second",37472,41392,3701109,6299174,82784,12598348,119,3907,22878,977948,7814,1955896,"100mill-boot"
2,9,"petite","second",37677,41469,3690833,6309280,82938,12618560,87,3925,16437,984929,7850,1969858,"100mill-boot"
2,10,"petite","second",37450,41322,3680614,6319415,82644,12638830,74,3891,14625,985875,7782,1971750,"100mill-boot"
2,11,"petite","second",37510,41509,3686474,6313600,83018,12627200,105,3930,19621,983234,7860,1966468,"100mill-boot"
2,12,"petite","second",37354,41570,3666211,6333961,83140,12667922,110,3910,21300,978918,7820,1957836,"100mill-boot"
2,13,"petite","second",36932,41687,3634926,6365132,83374,12730264,85,3925,16204,985223,7850,1970446,"100mill-boot"
2,14,"petite","second",37012,41720,3623119,6376906,83440,12753812,92,3929,17708,982410,7858,1964820,"100mill-boot"
2,15,"petite","second",37452,41381,3678577,6321483,82762,12642966,100,3895,19505,981600,7790,1963200,"100mill-boot"
2,16,"petite","second",37118,41734,3645797,6354341,83468,12708682,101,3923,18990,985401,7846,1970802,"100mill-boot"
2,17,"petite","second",37198,41535,3661756,6338264,83070,12676528,96,3891,18841,982113,7782,1964226,"100mill-boot"
2,18,"petite","second",37594,41299,3686427,6313573,82598,12627146,105,3882,20413,981074,7764,1962148,"100mill-boot"
2,19,"petite","second",37415,41402,3679052,6320975,82804,12641950,118,3881,22977,980603,7762,1961206,"100mill-boot"
2,20,"petite","second",37207,41424,3661611,6338538,82848,12677076,96,3889,18965,981468,7778,1962936,"100mill-boot"
2,21,"petite","second",37396,41569,3665808,6334214,83138,12668428,103,3933,19798,982836,7866,1965672,"100mill-boot"
2,22,"petite","second",37406,41235,3687959,6312044,82470,12624088,102,3926,19230,986482,7852,1972964,"100mill-boot"
2,23,"petite","second",37608,41257,3708521,6291552,82514,12583104,114,3885,22580,979795,7770,1959590,"100mill-boot"
2,24,"petite","second",37253,41655,3669059,6330971,83310,12661942,95,3932,17806,982614,7864,1965228,"100mill-boot"
2,25,"petite","second",37321,41564,3645794,6354268,83128,12708536,90,3895,17678,984263,7790,1968526,"100mill-boot"
2,26,"petite","second",37354,41364,3671890,6328134,82728,12656268,128,3872,25600,975054,7744,1950108,"100mill-boot"
2,27,"petite","second",37009,41563,3643846,6356169,83126,12712338,85,3923,16270,988093,7846,1976186,"100mill-boot"
2,28,"petite","second",37241,41775,3646137,6353919,83550,12707838,105,3886,19252,981369,7772,1962738,"100mill-boot"
2,29,"petite","second",36979,41743,3624269,6375840,83486,12751680,82,3939,15449,985385,7878,1970770,"100mill-boot"
2,30,"petite","second",37706,41344,3700009,6300035,82688,12600070,77,3949,14793,988006,7898,1976012,"100mill-boot"
38,1,"petite","second",38131,41412,3689131,6310887,82824,12621774,193,3948,38039,962889,7896,1925778,"100mill-boot"
38,2,"petite","second",38234,41323,3706339,6293678,82646,12587356,210,3924,42455,959915,7848,1919830,"100mill-boot"
38,3,"petite","second",38092,41489,3693815,6306245,82978,12612490,205,3891,40991,963676,7782,1927352,"100mill-boot"
38,4,"petite","second",38088,41271,3695197,6304917,82542,12609834,178,3922,35838,965255,7844,1930510,"100mill-boot"
38,5,"petite","second",37903,41497,3675152,6324999,82994,12649998,199,3918,41137,959095,7836,1918190,"100mill-boot"
38,6,"petite","second",38276,41239,3696013,6304198,82478,12608396,178,3916,35843,966155,7832,1932310,"100mill-boot"
38,7,"petite","second",38066,41416,3688745,6311293,82832,12622586,205,3869,41396,958766,7738,1917532,"100mill-boot"
38,8,"petite","second",38511,41120,3718012,6281995,82240,12563990,193,3886,38984,961690,7772,1923380,"100mill-boot"
38,9,"petite","second",38201,41246,3704254,6295788,82492,12591576,197,3864,39049,961308,7728,1922616,"100mill-boot"
38,10,"petite","second",38016,41348,3687136,6312871,82696,12625742,193,3909,38842,962566,7818,1925132,"100mill-boot"
38,11,"petite","second",38169,41396,3699338,6300710,82792,12601420,214,3880,41826,958273,7760,1916546,"100mill-boot"
38,12,"petite","second",38098,41345,3689726,6310324,82690,12620648,198,3863,39033,961662,7726,1923324,"100mill-boot"
38,13,"petite","second",37711,41627,3655969,6344075,83254,12688150,194,3880,39135,961990,7760,1923980,"100mill-boot"
38,14,"petite","second",38379,41072,3707857,6292179,82144,12584358,191,3896,38545,963824,7792,1927648,"100mill-boot"
38,15,"petite","second",38043,41434,3677863,6322247,82868,12644494,182,3920,36457,964001,7840,1928002,"100mill-boot"
38,16,"petite","second",38072,41422,3696238,6303882,82844,12607764,199,3904,40074,960354,7808,1920708,"100mill-boot"
38,17,"petite","second",38182,41250,3692336,6307736,82500,12615472,170,3929,33536,968537,7858,1937074,"100mill-boot"
38,18,"petite","second",38169,41255,3705571,6294602,82510,12589204,234,3849,48063,953742,7698,1907484,"100mill-boot"
38,19,"petite","second",38104,41295,3688206,6311813,82590,12623626,208,3909,41536,958542,7818,1917084,"100mill-boot"
38,20,"petite","second",37921,41391,3673575,6326527,82782,12653054,203,3863,40935,960364,7726,1920728,"100mill-boot"
38,21,"petite","second",38344,41184,3708947,6291056,82368,12582112,220,3863,45417,954851,7726,1909702,"100mill-boot"
38,22,"petite","second",37916,41385,3678609,6321397,82770,12642794,181,3880,35338,964964,7760,1929928,"100mill-boot"
38,23,"petite","second",37943,41413,3672537,6327538,82826,12655076,193,3906,39626,962906,7812,1925812,"100mill-boot"
38,24,"petite","second",38365,41224,3718614,6281389,82448,12562778,194,3922,38473,964799,7844,1929598,"100mill-boot"
38,25,"petite","second",38258,41246,3701688,6298316,82492,12596632,194,3878,38121,963103,7756,1926206,"100mill-boot"
38,26,"petite","second",38317,41306,3701576,6298474,82612,12596948,205,3860,40617,960412,7720,1920824,"100mill-boot"
38,27,"petite","second",38221,41260,3707471,6292649,82520,12585298,200,3878,41104,959180,7756,1918360,"100mill-boot"
38,28,"petite","second",38176,41356,3688928,6311201,82712,12622402,204,3885,39316,961189,7770,1922378,"100mill-boot"
38,29,"petite","second",38315,41231,3710873,6289162,82462,12578324,178,3932,36046,965177,7864,1930354,"100mill-boot"
38,30,"petite","second",38042,41268,3686943,6313085,82536,12626170,224,3929,44427,957347,7858,1914694,"100mill-boot"
5,1,"petite","second",37217,42051,3612176,6388002,84102,12776004,97,3855,18760,984899,7710,1969798,"100mill-boot"
5,2,"petite","second",36902,42010,3591462,6408580,84020,12817160,101,3792,19946,982249,7584,1964498,"100mill-boot"
5,3,"petite","second",36958,41971,3611726,6388325,83942,12776650,96,3823,19297,983324,7646,1966648,"100mill-boot"
5,4,"petite","second",37040,41791,3617939,6382071,83582,12764142,131,3814,25679,981385,7628,1962770,"100mill-boot"
5,5,"petite","second",36890,41979,3595721,6404301,83958,12808602,112,3795,22097,979668,7590,1959336,"100mill-boot"
5,6,"petite","second",37148,41866,3628328,6371816,83732,12743632,97,3817,18847,983841,7634,1967682,"100mill-boot"
5,7,"petite","second",37167,41843,3633472,6366563,83686,12733126,84,3828,16493,987220,7656,1974440,"100mill-boot"
5,8,"petite","second",36915,41865,3598334,6401683,83730,12803366,101,3823,20470,982577,7646,1965154,"100mill-boot"
5,9,"petite","second",37572,41774,3650609,6349419,83548,12698838,104,3849,20722,982951,7698,1965902,"100mill-boot"
5,10,"petite","second",37009,41931,3601026,6399041,83862,12798082,114,3797,22446,980226,7594,1960452,"100mill-boot"
5,11,"petite","second",37250,41887,3616693,6383332,83774,12766664,116,3819,22207,979233,7638,1958466,"100mill-boot"
5,12,"petite","second",36951,42162,3591626,6408459,84324,12816918,90,3832,17894,982952,7664,1965904,"100mill-boot"
5,13,"petite","second",36863,42081,3589866,6410351,84162,12820702,96,3828,18741,983324,7656,1966648,"100mill-boot"
5,14,"petite","second",37110,41887,3609776,6390230,83774,12780460,115,3831,22470,977756,7662,1955512,"100mill-boot"
5,15,"petite","second",37233,41952,3625587,6374450,83904,12748900,95,3854,18830,985478,7708,1970956,"100mill-boot"
5,16,"petite","second",37264,41831,3630560,6369504,83662,12739008,99,3829,19567,981995,7658,1963990,"100mill-boot"
5,17,"petite","second",37302,41782,3647187,6352878,83564,12705756,108,3837,21748,982428,7674,1964856,"100mill-boot"
5,18,"petite","second",37230,41887,3639583,6360503,83774,12721006,116,3824,22968,977739,7648,1955478,"100mill-boot"
5,19,"petite","second",37222,41687,3627909,6372100,83374,12744200,89,3784,17720,983301,7568,1966602,"100mill-boot"
5,20,"petite","second",36856,41963,3593800,6406391,83926,12812782,129,3837,25574,981220,7674,1962440,"100mill-boot"
5,21,"petite","second",37141,41951,3614783,6385289,83902,12770578,90,3842,18118,982591,7684,1965182,"100mill-boot"
5,22,"petite","second",37450,41715,3660811,6339192,83430,12678384,114,3823,23371,979152,7646,1958304,"100mill-boot"
5,23,"petite","second",37383,41793,3642049,6358156,83586,12716312,116,3811,22917,978753,7622,1957506,"100mill-boot"
5,24,"petite","second",36785,42097,3581323,6418713,84194,12837426,103,3837,20468,980601,7674,1961202,"100mill-boot"
5,25,"petite","second",37304,41858,3622939,6377155,83716,12754310,109,3799,21614,981533,7598,1963066,"100mill-boot"
5,26,"petite","second",37060,41976,3607751,6392285,83952,12784570,128,3791,24773,976648,7582,1953296,"100mill-boot"
5,27,"petite","second",36675,42188,3578187,6421913,84376,12843826,104,3801,20388,981052,7602,1962104,"100mill-boot"
5,28,"petite","second",37471,41886,3643054,6356948,83772,12713896,117,3835,23338,977572,7670,1955144,"100mill-boot"
5,29,"petite","second",37138,41888,3616703,6383317,83776,12766634,128,3813,24899,978296,7626,1956592,"100mill-boot"
5,30,"petite","second",37296,41864,3628286,6371792,83728,12743584,116,3793,22653,978862,7586,1957724,"100mill-boot"
31,1,"petite","second",38296,40944,3726678,6273330,81888,12546660,223,3788,44556,957904,7576,1915808,"100mill-boot"
31,2,"petite","second",37981,41252,3707051,6293039,82504,12586078,192,3816,39863,960466,7632,1920932,"100mill-boot"
31,3,"petite","second",37841,41253,3689590,6310592,82506,12621184,211,3798,44058,958651,7596,1917302,"100mill-boot"
31,4,"petite","second",38336,40996,3731004,6269111,81992,12538222,171,3826,34647,965802,7652,1931604,"100mill-boot"
31,5,"petite","second",37709,41294,3682818,6317267,82588,12634534,202,3801,40349,963263,7602,1926526,"100mill-boot"
31,6,"petite","second",37536,41274,3664946,6335171,82548,12670342,194,3775,39546,960465,7550,1920930,"100mill-boot"
31,7,"petite","second",38143,41045,3711594,6288492,82090,12576984,188,3800,37748,962958,7600,1925916,"100mill-boot"
31,8,"petite","second",37972,41301,3688397,6311680,82602,12623360,197,3800,40268,960337,7600,1920674,"100mill-boot"
31,9,"petite","second",38098,41029,3717289,6282714,82058,12565428,205,3788,42759,957913,7576,1915826,"100mill-boot"
31,10,"petite","second",37925,41040,3698475,6301629,82080,12603258,201,3827,40779,961064,7654,1922128,"100mill-boot"
31,11,"petite","second",38262,41023,3725027,6275259,82046,12550518,179,3823,37800,963739,7646,1927478,"100mill-boot"
31,12,"petite","second",37928,41067,3685126,6315139,82134,12630278,189,3815,38627,962760,7630,1925520,"100mill-boot"
31,13,"petite","second",38195,40984,3717391,6282639,81968,12565278,192,3825,39439,961769,7650,1923538,"100mill-boot"
31,14,"petite","second",38069,41242,3705167,6294906,82484,12589812,188,3877,38485,963542,7754,1927084,"100mill-boot"
31,15,"petite","second",38140,41120,3713076,6286997,82240,12573994,208,3807,42564,959467,7614,1918934,"100mill-boot"
31,16,"petite","second",38003,41203,3714133,6285929,82406,12571858,216,3821,42995,958548,7642,1917096,"100mill-boot"
31,17,"petite","second",38065,41119,3693355,6306818,82238,12613636,179,3836,36169,964911,7672,1929822,"100mill-boot"
31,18,"petite","second",38328,41073,3736925,6263196,82146,12526392,190,3830,39089,963083,7660,1926166,"100mill-boot"
31,19,"petite","second",37830,41007,3694830,6305308,82014,12610616,202,3776,40830,961478,7552,1922956,"100mill-boot"
31,20,"petite","second",38080,41198,3714336,6285721,82396,12571442,213,3808,43987,959150,7616,1918300,"100mill-boot"
31,21,"petite","second",37958,41122,3702889,6297370,82244,12594740,202,3799,41133,960889,7598,1921778,"100mill-boot"
31,22,"petite","second",37668,41493,3665711,6334365,82986,12668730,187,3832,39213,961220,7664,1922440,"100mill-boot"
31,23,"petite","second",38098,41004,3713010,6287052,82008,12574104,201,3796,41624,960267,7592,1920534,"100mill-boot"
31,24,"petite","second",38221,41107,3719143,6280971,82214,12561942,173,3864,35956,964119,7728,1928238,"100mill-boot"
31,25,"petite","second",38341,41040,3731351,6268821,82080,12537642,178,3845,35465,966888,7690,1933776,"100mill-boot"
31,26,"petite","second",38166,41079,3726595,6273487,82158,12546974,194,3824,40047,961098,7648,1922196,"100mill-boot"
31,27,"petite","second",37622,41299,3665108,6334982,82598,12669964,186,3812,37571,965629,7624,1931258,"100mill-boot"
31,28,"petite","second",38017,41212,3685733,6314326,82424,12628652,192,3842,38120,964168,7684,1928336,"100mill-boot"
31,29,"petite","second",37954,41343,3685847,6314272,82686,12628544,229,3778,45974,955355,7556,1910710,"100mill-boot"
31,30,"petite","second",38070,41242,3701265,6298802,82484,12597604,167,3829,32893,968136,7658,1936272,"100mill-boot"
36,1,"petite","second",37795,41144,3684842,6315338,82288,12630676,158,3858,28955,972717,7716,1945434,"100mill-boot"
36,2,"petite","second",38174,40929,3722039,6277961,81858,12555922,148,3842,26787,973850,7684,1947700,"100mill-boot"
36,3,"petite","second",37590,41187,3671723,6328378,82374,12656756,141,3855,25592,975913,7710,1951826,"100mill-boot"
36,4,"petite","second",37756,41139,3689350,6310669,82278,12621338,155,3867,28078,971940,7734,1943880,"100mill-boot"
36,5,"petite","second",37819,40950,3704580,6295444,81900,12590888,135,3866,25100,976136,7732,1952272,"100mill-boot"
36,6,"petite","second",37721,41212,3671715,6328382,82424,12656764,121,3893,21828,980054,7786,1960108,"100mill-boot"
36,7,"petite","second",37926,40923,3698505,6301511,81846,12603022,117,3863,21280,979924,7726,1959848,"100mill-boot"
36,8,"petite","second",37706,41197,3659040,6341017,82394,12682034,99,3934,18234,985241,7868,1970482,"100mill-boot"
36,9,"petite","second",38056,40936,3714096,6285919,81872,12571838,132,3861,24131,976920,7722,1953840,"100mill-boot"
36,10,"petite","second",38103,40961,3708445,6291650,81922,12583300,148,3880,26385,974696,7760,1949392,"100mill-boot"
36,11,"petite","second",37986,41071,3699509,6300760,82142,12601520,123,3908,22678,977463,7816,1954926,"100mill-boot"
36,12,"petite","second",37746,41140,3660757,6339282,82280,12678564,104,3833,19591,981478,7666,1962956,"100mill-boot"
36,13,"petite","second",37893,41033,3681912,6318132,82066,12636264,135,3883,24216,976790,7766,1953580,"100mill-boot"
36,14,"petite","second",37585,41163,3663189,6336819,82326,12673638,107,3908,19996,981292,7816,1962584,"100mill-boot"
36,15,"petite","second",37981,40912,3706798,6293213,81824,12586426,144,3865,26253,975732,7730,1951464,"100mill-boot"
36,16,"petite","second",37866,41090,3696767,6303281,82180,12606562,126,3888,22983,979108,7776,1958216,"100mill-boot"
36,17,"petite","second",37952,41024,3687503,6312544,82048,12625088,138,3848,25084,977590,7696,1955180,"100mill-boot"
36,18,"petite","second",38091,40878,3729433,6270635,81756,12541270,124,3890,22835,978662,7780,1957324,"100mill-boot"
36,19,"petite","second",38228,40860,3709555,6290510,81720,12581020,116,3876,21332,979863,7752,1959726,"100mill-boot"
36,20,"petite","second",37863,41005,3690020,6310029,82010,12620058,114,3887,20309,979839,7774,1959678,"100mill-boot"
36,21,"petite","second",37603,41187,3673558,6326481,82374,12652962,134,3873,24588,977752,7746,1955504,"100mill-boot"
36,22,"petite","second",37599,41215,3671482,6328585,82430,12657170,155,3875,28020,974337,7750,1948674,"100mill-boot"
36,23,"petite","second",37989,41116,3697164,6302865,82232,12605730,143,3875,26059,977139,7750,1954278,"100mill-boot"
36,24,"petite","second",37853,41028,3685082,6315010,82056,12630020,113,3880,20524,979758,7760,1959516,"100mill-boot"
36,25,"petite","second",37750,41021,3685170,6314885,82042,12629770,135,3931,24290,978414,7862,1956828,"100mill-boot"
36,26,"petite","second",37656,41226,3661219,6338803,82452,12677606,119,3859,21765,979665,7718,1959330,"100mill-boot"
36,27,"petite","second",37472,41204,3654462,6345754,82408,12691508,132,3894,23826,977176,7788,1954352,"100mill-boot"
36,28,"petite","second",37745,41250,3675556,6324499,82500,12648998,143,3856,25488,974642,7712,1949284,"100mill-boot"
36,29,"petite","second",38055,40984,3706343,6293726,81968,12587452,120,3890,21465,979033,7780,1958066,"100mill-boot"
36,30,"petite","second",37884,40934,3689078,6310953,81868,12621906,131,3865,24027,976227,7730,1952454,"100mill-boot"
14,1,"petite","second",38442,41021,3710638,6289450,82042,12578900,46,3881,8974,991588,7762,1983176,"100mill-boot"
14,2,"petite","second",38401,40931,3701889,6298231,81862,12596462,43,3903,8901,992810,7806,1985620,"100mill-boot"
14,3,"petite","second",38325,41024,3706272,6293804,82048,12587608,33,3962,6783,994306,7924,1988612,"100mill-boot"
14,4,"petite","second",38222,40969,3697464,6302597,81938,12605194,51,3873,10358,989735,7746,1979470,"100mill-boot"
14,5,"petite","second",38216,41047,3689017,6311018,82094,12622036,40,3896,7876,993522,7792,1987044,"100mill-boot"
14,6,"petite","second",38574,41066,3713965,6286143,82132,12572286,50,3937,9377,991418,7874,1982836,"100mill-boot"
14,7,"petite","second",38234,41055,3704385,6295667,82110,12591334,33,3926,6560,996182,7852,1992364,"100mill-boot"
14,8,"petite","second",38411,41129,3703106,6296990,82258,12593980,36,3918,7137,993183,7836,1986366,"100mill-boot"
14,9,"petite","second",38413,41172,3709731,6290314,82344,12580628,47,3945,9379,991308,7890,1982616,"100mill-boot"
14,10,"petite","second",38442,40925,3698216,6301896,81850,12603792,49,3889,9676,995165,7778,1990330,"100mill-boot"
14,11,"petite","second",38358,40946,3710499,6289575,81892,12579150,29,3915,5512,994820,7830,1989640,"100mill-boot"
14,12,"petite","second",38478,40912,3718277,6281782,81824,12563564,37,3956,7609,994220,7912,1988440,"100mill-boot"
14,13,"petite","second",38648,41134,3722070,6277987,82268,12555974,52,3939,10396,990626,7878,1981252,"100mill-boot"
14,14,"petite","second",38501,41025,3721285,6278800,82050,12557600,44,3937,8539,992362,7874,1984724,"100mill-boot"
14,15,"petite","second",38468,40977,3718367,6281703,81954,12563406,36,3975,6691,994199,7950,1988398,"100mill-boot"
14,16,"petite","second",38090,41276,3674094,6326001,82552,12652002,41,3919,8388,993342,7838,1986684,"100mill-boot"
14,17,"petite","second",38656,40803,3714437,6285630,81606,12571260,37,3926,7554,994377,7852,1988754,"100mill-boot"
14,18,"petite","second",38430,41055,3704433,6295578,82110,12591156,47,3889,9552,991409,7778,1982818,"100mill-boot"
14,19,"petite","second",38415,40981,3702010,6298117,81962,12596234,53,3875,10482,990504,7750,1981008,"100mill-boot"
14,20,"petite","second",38326,41113,3699128,6300909,82226,12601818,49,3912,9849,990368,7824,1980736,"100mill-boot"
14,21,"petite","second",38513,41124,3717516,6282486,82248,12564972,41,3950,7981,992188,7900,1984376,"100mill-boot"
14,22,"petite","second",38172,41248,3678860,6321250,82496,12642500,43,3920,8094,993896,7840,1987792,"100mill-boot"
14,23,"petite","second",38799,40879,3750141,6249898,81758,12499796,54,3921,10194,990489,7842,1980978,"100mill-boot"
14,24,"petite","second",38055,41206,3672628,6327511,82412,12655022,34,3948,6711,993343,7896,1986686,"100mill-boot"
14,25,"petite","second",38480,41100,3704062,6295972,82200,12591944,45,3925,8804,993022,7850,1986044,"100mill-boot"
14,26,"petite","second",38300,41017,3704318,6295709,82034,12591418,47,3895,9397,991742,7790,1983484,"100mill-boot"
14,27,"petite","second",38437,41154,3705608,6294422,82308,12588844,47,3939,8745,991799,7878,1983598,"100mill-boot"
14,28,"petite","second",38195,41205,3697233,6302771,82410,12605542,33,3957,6576,994082,7914,1988164,"100mill-boot"
14,29,"petite","second",38430,40954,3708934,6291102,81908,12582204,58,3936,10950,989359,7872,1978718,"100mill-boot"
14,30,"petite","second",38265,40992,3693662,6306412,81984,12612824,43,3917,8597,992474,7834,1984948,"100mill-boot"
13,1,"petite","second",37543,41852,3684348,6315709,83704,12631418,69,3936,13452,988454,7872,1976908,"100mill-boot"
13,2,"petite","second",37027,41984,3647273,6352972,83968,12705944,73,3920,15028,987766,7840,1975532,"100mill-boot"
13,3,"petite","second",37106,42007,3639051,6361148,84014,12722296,62,3923,11276,989704,7846,1979408,"100mill-boot"
13,4,"petite","second",37318,41721,3683428,6316822,83442,12633644,65,3915,12393,991098,7830,1982196,"100mill-boot"
13,5,"petite","second",36827,42306,3618335,6381675,84612,12763350,66,3935,13047,987843,7870,1975686,"100mill-boot"
13,6,"petite","second",37132,42027,3653605,6346402,84054,12692804,67,3939,13507,990723,7878,1981446,"100mill-boot"
13,7,"petite","second",37188,41969,3656697,6343396,83938,12686792,79,3948,16122,986548,7896,1973096,"100mill-boot"
13,8,"petite","second",37583,41930,3681547,6318499,83860,12636998,65,3948,12859,989560,7896,1979120,"100mill-boot"
13,9,"petite","second",37322,41866,3663260,6336864,83732,12673728,62,3915,12407,988623,7830,1977246,"100mill-boot"
13,10,"petite","second",37096,42061,3639878,6360181,84122,12720362,80,3959,15455,985924,7918,1971848,"100mill-boot"
13,11,"petite","second",37501,41913,3686007,6314068,83826,12628136,84,3928,17249,983078,7856,1966156,"100mill-boot"
13,12,"petite","second",37224,42135,3645131,6354913,84270,12709826,58,3928,11381,991071,7856,1982142,"100mill-boot"
13,13,"petite","second",37360,42019,3666586,6333444,84038,12666888,69,3915,13652,987409,7830,1974818,"100mill-boot"
13,14,"petite","second",37291,42033,3656345,6343693,84066,12687386,61,3984,11125,991906,7968,1983812,"100mill-boot"
13,15,"petite","second",37374,41907,3681466,6318626,83814,12637252,64,3960,12184,988180,7920,1976360,"100mill-boot"
13,16,"petite","second",37146,42091,3644669,6355518,84182,12711036,75,3931,14917,990547,7862,1981094,"100mill-boot"
13,17,"petite","second",37430,41798,3673599,6326536,83596,12653072,57,3911,11281,989342,7822,1978684,"100mill-boot"
13,18,"petite","second",37311,41959,3664495,6335882,83918,12671764,53,3954,10796,989925,7908,1979850,"100mill-boot"
13,19,"petite","second",37254,41812,3653406,6346675,83624,12693350,71,3929,14351,986813,7858,1973626,"100mill-boot"
13,20,"petite","second",37145,41969,3646256,6353752,83938,12707504,65,3928,12667,989951,7856,1979902,"100mill-boot"
13,21,"petite","second",37546,41781,3675830,6324194,83562,12648388,74,3932,14341,986422,7864,1972844,"100mill-boot"
13,22,"petite","second",37172,42046,3654156,6345860,84092,12691720,59,3938,11907,988185,7876,1976370,"100mill-boot"
13,23,"petite","second",37408,42017,3666976,6333061,84034,12666122,80,3921,16302,984998,7842,1969996,"100mill-boot"
13,24,"petite","second",37414,41982,3668132,6332057,83964,12664114,71,3954,13818,988145,7908,1976290,"100mill-boot"
13,25,"petite","second",37480,41976,3678796,6321307,83952,12642614,76,3942,15084,985995,7884,1971990,"100mill-boot"
13,26,"petite","second",37191,42222,3649832,6350246,84444,12700492,62,3934,12918,988180,7868,1976360,"100mill-boot"
13,27,"petite","second",37184,41940,3667434,6332611,83880,12665222,66,3906,13335,987525,7812,1975050,"100mill-boot"
13,28,"petite","second",37277,42016,3660299,6339732,84032,12679464,64,3931,12719,987812,7862,1975624,"100mill-boot"
13,29,"petite","second",37397,41860,3681523,6318733,83720,12637466,76,3935,14944,986457,7870,1972914,"100mill-boot"
13,30,"petite","second",37155,41873,3660736,6339363,83746,12678726,71,3928,14168,986589,7856,1973178,"100mill-boot"
25,1,"petite","second",37527,41369,3669989,6330138,82738,12660276,135,3960,27520,974758,7920,1949516,"100mill-boot"
25,2,"petite","second",37503,41411,3653393,6346688,82822,12693376,101,4003,20310,981173,8006,1962346,"100mill-boot"
25,3,"petite","second",37580,41156,3669164,6330940,82312,12661880,128,3920,26240,974128,7840,1948256,"100mill-boot"
25,4,"petite","second",37276,41559,3644761,6355307,83118,12710614,136,3971,26768,975378,7942,1950756,"100mill-boot"
25,5,"petite","second",37565,41497,3667507,6332608,82994,12665216,115,4013,22874,977987,8026,1955974,"100mill-boot"
25,6,"petite","second",37642,41336,3678476,6321563,82672,12643126,126,3941,25096,976863,7882,1953726,"100mill-boot"
25,7,"petite","second",37603,41307,3670973,6329141,82614,12658282,134,3939,26362,975170,7878,1950340,"100mill-boot"
25,8,"petite","second",37544,41466,3666708,6333395,82932,12666790,119,3991,23659,976353,7982,1952706,"100mill-boot"
25,9,"petite","second",37255,41476,3635013,6365073,82952,12730146,122,3935,24043,976394,7870,1952788,"100mill-boot"
25,10,"petite","second",37587,41423,3663103,6337011,82846,12674022,128,3972,26042,974354,7944,1948708,"100mill-boot"
25,11,"petite","second",37397,41513,3647897,6352169,83026,12704338,127,3940,25945,974954,7880,1949908,"100mill-boot"
25,12,"petite","second",37581,41439,3666823,6333228,82878,12666456,122,3995,24506,977081,7990,1954162,"100mill-boot"
25,13,"petite","second",37436,41457,3655328,6344702,82914,12689404,131,3944,26415,974319,7888,1948638,"100mill-boot"
25,14,"petite","second",37806,41224,3689662,6310361,82448,12620722,140,3997,27784,974735,7994,1949470,"100mill-boot"
25,15,"petite","second",37391,41371,3644130,6355949,82742,12711898,119,3961,23815,978223,7922,1956446,"100mill-boot"
25,16,"petite","second",37516,41280,3669581,6330509,82560,12661018,127,3973,25446,976608,7946,1953216,"100mill-boot"
25,17,"petite","second",37771,41249,3678149,6321970,82498,12643940,129,3950,25577,976675,7900,1953350,"100mill-boot"
25,18,"petite","second",37305,41412,3653172,6346841,82824,12693682,142,3914,28139,972244,7828,1944488,"100mill-boot"
25,19,"petite","second",37356,41508,3644429,6355718,83016,12711436,132,3916,26641,974728,7832,1949456,"100mill-boot"
25,20,"petite","second",37377,41578,3652824,6347279,83156,12694558,120,4001,24049,976966,8002,1953932,"100mill-boot"
25,21,"petite","second",37521,41401,3672327,6327798,82802,12655596,132,3957,26644,974373,7914,1948746,"100mill-boot"
25,22,"petite","second",37310,41597,3639737,6360329,83194,12720658,113,3992,22082,980039,7984,1960078,"100mill-boot"
25,23,"petite","second",37604,41308,3676792,6323244,82616,12646488,148,3948,29018,971059,7896,1942118,"100mill-boot"
25,24,"petite","second",37563,41517,3651634,6348394,83034,12696788,120,4007,24538,977685,8014,1955370,"100mill-boot"
25,25,"petite","second",37506,41423,3669420,6330626,82846,12661252,135,3956,27234,973332,7912,1946664,"100mill-boot"
25,26,"petite","second",37402,41623,3647145,6352980,83246,12705960,105,3979,21367,979388,7958,1958776,"100mill-boot"
25,27,"petite","second",37617,41432,3667900,6332135,82864,12664270,129,3987,26272,976177,7974,1952354,"100mill-boot"
25,28,"petite","second",37724,41229,3690546,6309475,82458,12618950,128,3952,24944,976476,7904,1952952,"100mill-boot"
25,29,"petite","second",37585,41295,3682541,6317507,82590,12635014,140,3928,28661,973101,7856,1946202,"100mill-boot"
25,30,"petite","second",37270,41491,3629392,6370704,82982,12741408,114,3919,23292,977367,7838,1954734,"100mill-boot"
22,1,"petite","second",37076,41776,3668704,6331331,83552,12662662,92,4002,20044,981141,8004,1962282,"100mill-boot"
22,2,"petite","second",36599,42108,3626054,6374020,84216,12748040,70,4005,15202,986653,8010,1973306,"100mill-boot"
22,3,"petite","second",36767,41620,3650693,6349324,83240,12698648,89,3962,20141,981015,7924,1962030,"100mill-boot"
22,4,"petite","second",36742,41778,3637901,6362104,83556,12724208,74,4001,16197,984196,8002,1968392,"100mill-boot"
22,5,"petite","second",36832,41950,3650867,6349227,83900,12698454,69,4046,15635,985101,8092,1970202,"100mill-boot"
22,6,"petite","second",36685,41882,3622318,6377824,83764,12755648,72,3972,15843,985309,7944,1970618,"100mill-boot"
22,7,"petite","second",36736,41879,3639547,6360606,83758,12721212,79,4020,17504,983266,8040,1966532,"100mill-boot"
22,8,"petite","second",37327,41656,3676530,6323537,83312,12647074,91,3992,20002,983314,7984,1966628,"100mill-boot"
22,9,"petite","second",36850,41823,3640840,6359343,83646,12718686,92,3995,20174,981869,7990,1963738,"100mill-boot"
22,10,"petite","second",37037,41741,3663705,6336334,83482,12672668,78,3999,16973,983448,7998,1966896,"100mill-boot"
22,11,"petite","second",36903,41951,3652439,6347621,83902,12695242,75,4019,16804,984758,8038,1969516,"100mill-boot"
22,12,"petite","second",37016,41864,3650184,6349857,83728,12699714,75,3988,16689,984991,7976,1969982,"100mill-boot"
22,13,"petite","second",37011,41783,3659680,6340433,83566,12680866,75,4012,15971,986561,8024,1973122,"100mill-boot"
22,14,"petite","second",36961,41735,3655919,6344092,83470,12688184,78,3983,16705,984542,7966,1969084,"100mill-boot"
22,15,"petite","second",36787,41912,3629256,6370794,83824,12741588,70,4010,14985,986439,8020,1972878,"100mill-boot"
22,16,"petite","second",36975,41968,3658035,6342028,83936,12684056,69,3995,14643,987293,7990,1974586,"100mill-boot"
22,17,"petite","second",37036,41685,3666158,6333908,83370,12667816,61,4022,12997,989913,8044,1979826,"100mill-boot"
22,18,"petite","second",36985,41658,3654816,6345278,83316,12690556,84,3968,18332,982338,7936,1964676,"100mill-boot"
22,19,"petite","second",36756,41780,3644318,6355766,83560,12711532,85,3994,18697,983521,7988,1967042,"100mill-boot"
22,20,"petite","second",37220,41637,3663781,6336264,83274,12672528,76,3976,17036,983294,7952,1966588,"100mill-boot"
22,21,"petite","second",37272,41378,3699381,6300642,82756,12601284,85,3965,18790,982143,7930,1964286,"100mill-boot"
22,22,"petite","second",36942,41840,3651988,6348075,83680,12696150,78,4004,17068,984154,8008,1968308,"100mill-boot"
22,23,"petite","second",36765,41993,3630928,6369157,83986,12738314,84,4007,17510,985095,8014,1970190,"100mill-boot"
22,24,"petite","second",36935,41820,3650308,6349735,83640,12699470,79,4006,17321,983342,8012,1966684,"100mill-boot"
22,25,"petite","second",37050,41806,3665014,6335028,83612,12670056,88,3996,18564,983165,7992,1966330,"100mill-boot"
22,26,"petite","second",36953,41765,3658197,6341807,83530,12683614,87,3981,19376,981821,7962,1963642,"100mill-boot"
22,27,"petite","second",37026,41725,3668794,6331439,83450,12662878,70,4015,15262,986836,8030,1973672,"100mill-boot"
22,28,"petite","second",36653,42032,3631870,6368276,84064,12736552,72,4022,16275,984720,8044,1969440,"100mill-boot"
22,29,"petite","second",36908,41827,3646673,6353407,83654,12706814,73,4015,15393,987483,8030,1974966,"100mill-boot"
22,30,"petite","second",36983,41542,3664548,6335458,83084,12670916,72,3977,16031,984607,7954,1969214,"100mill-boot"
49,1,"petite","second",37802,40564,3711736,6288337,81128,12576674,84,3792,17503,985102,7584,1970204,"100mill-boot"
49,2,"petite","second",37545,40737,3699992,6300016,81474,12600032,108,3808,20831,980265,7616,1960530,"100mill-boot"
49,3,"petite","second",37345,40707,3699683,6300397,81414,12600794,87,3810,17164,983232,7620,1966464,"100mill-boot"
49,4,"petite","second",37345,40721,3685019,6315010,81442,12630020,90,3813,18576,984000,7626,1968000,"100mill-boot"
49,5,"petite","second",37406,40727,3690753,6309262,81454,12618524,86,3774,18339,982684,7548,1965368,"100mill-boot"
49,6,"petite","second",37553,40936,3697084,6303023,81872,12606046,79,3821,15758,986505,7642,1973010,"100mill-boot"
49,7,"petite","second",37418,40815,3689556,6310544,81630,12621088,92,3798,18781,985968,7596,1971936,"100mill-boot"
49,8,"petite","second",37386,40830,3685313,6314835,81660,12629670,90,3788,18157,981856,7576,1963712,"100mill-boot"
49,9,"petite","second",37581,40911,3690849,6309370,81822,12618740,85,3817,16795,984413,7634,1968826,"100mill-boot"
49,10,"petite","second",37455,40762,3683370,6316734,81524,12633468,78,3811,15866,984872,7622,1969744,"100mill-boot"
49,11,"petite","second",37525,40696,3701941,6298216,81392,12596432,88,3831,17695,984684,7662,1969368,"100mill-boot"
49,12,"petite","second",37520,40873,3682953,6317073,81746,12634146,80,3826,16210,984233,7652,1968466,"100mill-boot"
49,13,"petite","second",37924,40593,3721123,6278909,81186,12557818,83,3812,17476,982843,7624,1965686,"100mill-boot"
49,14,"petite","second",37442,40822,3685898,6314167,81644,12628334,98,3805,20245,985482,7610,1970964,"100mill-boot"
49,15,"petite","second",37556,40623,3704410,6295704,81246,12591408,102,3797,21453,979743,7594,1959486,"100mill-boot"
49,16,"petite","second",37734,40664,3714355,6285685,81328,12571370,91,3801,18084,984192,7602,1968384,"100mill-boot"
49,17,"petite","second",37790,40726,3724784,6275309,81452,12550618,101,3809,20689,979439,7618,1958878,"100mill-boot"
49,18,"petite","second",37564,40780,3694453,6305665,81560,12611330,95,3850,18827,982517,7700,1965034,"100mill-boot"
49,19,"petite","second",37510,40761,3702866,6297205,81522,12594410,86,3796,17516,982906,7592,1965812,"100mill-boot"
49,20,"petite","second",37367,40828,3681851,6318166,81656,12636332,90,3821,18270,982754,7642,1965508,"100mill-boot"
49,21,"petite","second",37456,40960,3675932,6324332,81920,12648664,86,3810,17279,985236,7620,1970472,"100mill-boot"
49,22,"petite","second",37333,40946,3679665,6320391,81892,12640782,86,3821,17582,985212,7642,1970424,"100mill-boot"
49,23,"petite","second",37549,40587,3698754,6301315,81174,12602630,79,3799,14264,987228,7598,1974456,"100mill-boot"
49,24,"petite","second",37264,40877,3676406,6323663,81754,12647326,95,3793,19247,983236,7586,1966472,"100mill-boot"
49,25,"petite","second",37649,40758,3710572,6289455,81516,12578910,89,3830,17842,983069,7660,1966138,"100mill-boot"
49,26,"petite","second",37492,40846,3685395,6314675,81692,12629350,85,3815,17355,984962,7630,1969924,"100mill-boot"
49,27,"petite","second",37520,40763,3699337,6300765,81526,12601530,85,3784,17177,985616,7568,1971232,"100mill-boot"
49,28,"petite","second",37554,40890,3682231,6317915,81780,12635830,83,3832,15868,985462,7664,1970924,"100mill-boot"
49,29,"petite","second",37549,40776,3700634,6299395,81552,12598790,85,3834,17302,985159,7668,1970318,"100mill-boot"
49,30,"petite","second",37784,40734,3720534,6279503,81468,12559006,77,3833,14970,985505,7666,1971010,"100mill-boot"
47,1,"petite","second",38381,41138,3742261,6257821,82276,12515642,105,3848,18244,984365,7696,1968730,"100mill-boot"
47,2,"petite","second",37987,41232,3708420,6291593,82464,12583186,110,3785,19261,981655,7570,1963310,"100mill-boot"
47,3,"petite","second",38089,41061,3738015,6262047,82122,12524094,113,3806,19519,981573,7612,1963146,"100mill-boot"
47,4,"petite","second",38251,41162,3738880,6261139,82324,12522278,100,3860,17820,984002,7720,1968004,"100mill-boot"
47,5,"petite","second",37790,41386,3705489,6294658,82772,12589316,109,3834,19415,981114,7668,1962228,"100mill-boot"
47,6,"petite","second",38116,41198,3726806,6273255,82396,12546510,89,3822,15571,984508,7644,1969016,"100mill-boot"
47,7,"petite","second",37821,41285,3702315,6297758,82570,12595516,91,3815,15625,985083,7630,1970166,"100mill-boot"
47,8,"petite","second",38096,41286,3726944,6273168,82572,12546336,97,3843,17073,984224,7686,1968448,"100mill-boot"
47,9,"petite","second",38265,41208,3727417,6272613,82416,12545226,96,3846,16731,986530,7692,1973060,"100mill-boot"
47,10,"petite","second",38290,41041,3732923,6267108,82082,12534216,103,3817,17956,983927,7634,1967854,"100mill-boot"
47,11,"petite","second",38194,41209,3735423,6264845,82418,12529690,102,3799,18253,983293,7598,1966586,"100mill-boot"
47,12,"petite","second",38342,41139,3743455,6256590,82278,12513180,89,3836,15364,985251,7672,1970502,"100mill-boot"
47,13,"petite","second",38198,41223,3729911,6270119,82446,12540238,106,3813,18668,982327,7626,1964654,"100mill-boot"
47,14,"petite","second",38523,41018,3765358,6234671,82036,12469342,90,3825,16149,984910,7650,1969820,"100mill-boot"
47,15,"petite","second",38093,41309,3718793,6281312,82618,12562624,104,3842,17739,983431,7684,1966862,"100mill-boot"
47,16,"petite","second",38229,41217,3735383,6264810,82434,12529620,96,3835,16530,983862,7670,1967724,"100mill-boot"
47,17,"petite","second",38192,41147,3725624,6274402,82294,12548804,77,3869,12886,987617,7738,1975234,"100mill-boot"
47,18,"petite","second",38300,41069,3751096,6248908,82138,12497816,95,3831,16472,983964,7662,1967928,"100mill-boot"
47,19,"petite","second",38129,41111,3727014,6273119,82222,12546238,101,3809,17016,984796,7618,1969592,"100mill-boot"
47,20,"petite","second",38031,41248,3720553,6279510,82496,12559020,102,3833,17589,983849,7666,1967698,"100mill-boot"
47,21,"petite","second",38416,41023,3741877,6258136,82046,12516272,85,3869,14950,986029,7738,1972058,"100mill-boot"
47,22,"petite","second",37882,41446,3717129,6283102,82892,12566204,99,3861,16746,984622,7722,1969244,"100mill-boot"
47,23,"petite","second",38194,41160,3736594,6263447,82320,12526894,119,3838,21026,982592,7676,1965184,"100mill-boot"
47,24,"petite","second",38167,41232,3726709,6273331,82464,12546662,100,3872,17930,985813,7744,1971626,"100mill-boot"
47,25,"petite","second",38030,41301,3706767,6293332,82602,12586664,100,3866,17376,984612,7732,1969224,"100mill-boot"
47,26,"petite","second",38242,41272,3737184,6262849,82544,12525698,100,3851,17895,984207,7702,1968414,"100mill-boot"
47,27,"petite","second",37933,41412,3700612,6299483,82824,12598966,114,3787,20249,980351,7574,1960702,"100mill-boot"
47,28,"petite","second",38407,41301,3747739,6252295,82602,12504590,108,3828,19085,982313,7656,1964626,"100mill-boot"
47,29,"petite","second",38170,41212,3722218,6277793,82424,12555586,93,3836,16395,984174,7672,1968348,"100mill-boot"
47,30,"petite","second",37964,41217,3706839,6293278,82434,12586556,100,3838,17159,984366,7676,1968732,"100mill-boot"
40,1,"petite","second",38161,41016,3727666,6272417,82032,12544834,122,3982,21076,981905,7964,1963810,"100mill-boot"
40,2,"petite","second",37393,41621,3642882,6357199,83242,12714398,122,3960,20621,981207,7920,1962414,"100mill-boot"
40,3,"petite","second",37717,41124,3693538,6306476,82248,12612952,139,3987,23806,980673,7974,1961346,"100mill-boot"
40,4,"petite","second",37576,41404,3678912,6321193,82808,12642386,121,4011,20700,980236,8022,1960472,"100mill-boot"
40,5,"petite","second",37606,41414,3678867,6321155,82828,12642310,131,3964,22838,977926,7928,1955852,"100mill-boot"
40,6,"petite","second",37617,41551,3664606,6335508,83102,12671016,124,3963,22110,978279,7926,1956558,"100mill-boot"
40,7,"petite","second",38037,41317,3707930,6292087,82634,12584174,118,3987,20410,981519,7974,1963038,"100mill-boot"
40,8,"petite","second",37967,41308,3702850,6297176,82616,12594352,123,3969,21405,980897,7938,1961794,"100mill-boot"
40,9,"petite","second",37781,41129,3700516,6299619,82258,12599238,136,3956,23409,977792,7912,1955584,"100mill-boot"
40,10,"petite","second",37832,41224,3703365,6296660,82448,12593320,134,3972,23323,979144,7944,1958288,"100mill-boot"
40,11,"petite","second",38049,41222,3698587,6301479,82444,12602958,121,3976,21456,979738,7952,1959476,"100mill-boot"
40,12,"petite","second",37751,41447,3679272,6320841,82894,12641682,130,3994,22737,978244,7988,1956488,"100mill-boot"
40,13,"petite","second",37912,41240,3702564,6297448,82480,12594896,118,4033,20454,982133,8066,1964266,"100mill-boot"
40,14,"petite","second",37963,41280,3697907,6302172,82560,12604344,120,3997,20612,980041,7994,1960082,"100mill-boot"
40,15,"petite","second",38002,41282,3712623,6287418,82564,12574836,118,3975,20236,980570,7950,1961140,"100mill-boot"
40,16,"petite","second",38004,41311,3697546,6302596,82622,12605192,91,4021,15254,985139,8042,1970278,"100mill-boot"
40,17,"petite","second",37953,41217,3687564,6312451,82434,12624902,119,3953,20952,979579,7906,1959158,"100mill-boot"
40,18,"petite","second",37737,41329,3697541,6302539,82658,12605078,120,4031,20397,981520,8062,1963040,"100mill-boot"
40,19,"petite","second",37456,41502,3658481,6341597,83004,12683194,117,4013,20295,982174,8026,1964348,"100mill-boot"
40,20,"petite","second",37586,41507,3666333,6333888,83014,12667776,104,3975,17973,983177,7950,1966354,"100mill-boot"
40,21,"petite","second",37859,41190,3695480,6304649,82380,12609298,116,3945,20372,981586,7890,1963172,"100mill-boot"
40,22,"petite","second",38077,41310,3716427,6283638,82620,12567276,128,4018,22034,978163,8036,1956326,"100mill-boot"
40,23,"petite","second",37867,41314,3694983,6305323,82628,12610646,106,4000,18269,983215,8000,1966430,"100mill-boot"
40,24,"petite","second",37791,41361,3682731,6317304,82722,12634608,96,3978,16399,984023,7956,1968046,"100mill-boot"
40,25,"petite","second",37615,41432,3666020,6334053,82864,12668106,100,4023,17052,987421,8046,1974842,"100mill-boot"
40,26,"petite","second",37650,41477,3681947,6318106,82954,12636212,139,3979,23731,978408,7958,1956816,"100mill-boot"
40,27,"petite","second",38042,41311,3716765,6283449,82622,12566898,134,3975,22861,977495,7950,1954990,"100mill-boot"
40,28,"petite","second",37719,41563,3687144,6312985,83126,12625970,115,3989,19796,981630,7978,1963260,"100mill-boot"
40,29,"petite","second",37560,41439,3665642,6334386,82878,12668772,106,4002,18163,986249,8004,1972498,"100mill-boot"
40,30,"petite","second",37804,41308,3689949,6310056,82616,12620112,119,4010,20306,980493,8020,1960986,"100mill-boot"
23,1,"petite","second",37373,42012,3629709,6370350,84024,12740700,93,3976,18516,983312,7952,1966624,"100mill-boot"
23,2,"petite","second",37885,41659,3683466,6316704,83318,12633408,94,4000,20154,980078,8000,1960156,"100mill-boot"
23,3,"petite","second",37448,41762,3663756,6336284,83524,12672568,88,4052,17904,983582,8104,1967164,"100mill-boot"
23,4,"petite","second",37584,41803,3660252,6339798,83606,12679596,76,4019,14786,990997,8038,1981994,"100mill-boot"
23,5,"petite","second",37306,42022,3634158,6365959,84044,12731918,84,3975,16350,986304,7950,1972608,"100mill-boot"
23,6,"petite","second",37735,41766,3677570,6322495,83532,12644990,115,4037,23593,979890,8074,1959780,"100mill-boot"
23,7,"petite","second",37522,41722,3657599,6342566,83444,12685132,71,3983,14316,986777,7966,1973554,"100mill-boot"
23,8,"petite","second",38030,41717,3692481,6307651,83434,12615302,90,4047,17202,985416,8094,1970832,"100mill-boot"
23,9,"petite","second",37356,42058,3629280,6370829,84116,12741658,79,4019,15964,984636,8038,1969272,"100mill-boot"
23,10,"petite","second",37532,41750,3660895,6339258,83500,12678516,84,3937,17600,982908,7874,1965816,"100mill-boot"
23,11,"petite","second",37832,41770,3678257,6321805,83540,12643610,89,3979,17566,983374,7958,1966748,"100mill-boot"
23,12,"petite","second",37492,41915,3643957,6356119,83830,12712238,79,3997,15936,985535,7994,1971070,"100mill-boot"
23,13,"petite","second",37619,41851,3671870,6328327,83702,12656654,87,3984,18066,983003,7968,1966006,"100mill-boot"
23,14,"petite","second",37557,41929,3654831,6345250,83858,12690500,74,3991,14328,987351,7982,1974702,"100mill-boot"
23,15,"petite","second",37923,41679,3691282,6308735,83358,12617470,77,4040,15296,987323,8080,1974646,"100mill-boot"
23,16,"petite","second",37503,41850,3657895,6342184,83700,12684368,94,3995,19550,980798,7990,1961596,"100mill-boot"
23,17,"petite","second",38002,41569,3703512,6296741,83138,12593482,92,4013,18716,982670,8026,1965340,"100mill-boot"
23,18,"petite","second",37763,41743,3659953,6340062,83486,12680124,96,3989,19304,983495,7978,1966990,"100mill-boot"
23,19,"petite","second",37403,41930,3623951,6376164,83860,12752328,108,3956,21922,979116,7912,1958232,"100mill-boot"
23,20,"petite","second",37731,41722,3667917,6332094,83444,12664188,83,3987,16524,989883,7974,1979766,"100mill-boot"
23,21,"petite","second",37549,41809,3654647,6345378,83618,12690756,90,3969,18636,981851,7938,1963702,"100mill-boot"
23,22,"petite","second",37775,41718,3680602,6319429,83436,12638858,82,3992,16124,985919,7984,1971838,"100mill-boot"
23,23,"petite","second",37499,41849,3649667,6350461,83698,12700922,83,3978,17760,983067,7956,1966134,"100mill-boot"
23,24,"petite","second",37723,41695,3670646,6329443,83390,12658886,102,4013,20288,981272,8026,1962544,"100mill-boot"
23,25,"petite","second",37432,41876,3653129,6346908,83752,12693816,88,3952,18592,982090,7904,1964180,"100mill-boot"
23,26,"petite","second",37605,41828,3666832,6333232,83656,12666464,92,3997,19520,982458,7994,1964916,"100mill-boot"
23,27,"petite","second",37605,41868,3657916,6342152,83736,12684304,84,3991,17680,983822,7982,1967644,"100mill-boot"
23,28,"petite","second",37452,42055,3650114,6349946,84110,12699892,82,4003,17182,984172,8006,1968344,"100mill-boot"
23,29,"petite","second",37561,41763,3652308,6347707,83526,12695414,83,4019,17128,984558,8038,1969116,"100mill-boot"
23,30,"petite","second",37610,41658,3668287,6331736,83316,12663472,78,3968,15532,984913,7936,1969826,"100mill-boot"
24,1,"petite","second",37686,41284,3670628,6329444,82568,12658888,118,3840,21476,979558,7680,1959116,"100mill-boot"
24,2,"petite","second",37863,41146,3682064,6318089,82292,12636178,97,3861,17782,983303,7722,1966606,"100mill-boot"
24,3,"petite","second",37695,41339,3661261,6338884,82678,12677768,104,3889,19178,981575,7778,1963150,"100mill-boot"
24,4,"petite","second",37718,41069,3693420,6306792,82138,12613584,85,3865,15503,985001,7730,1970002,"100mill-boot"
24,5,"petite","second",37682,41295,3668728,6331333,82590,12662666,101,3827,17723,982339,7654,1964678,"100mill-boot"
24,6,"petite","second",37955,41201,3697834,6302199,82402,12604398,84,3868,15529,984633,7736,1969266,"100mill-boot"
24,7,"petite","second",37830,41260,3678788,6321260,82520,12642520,100,3867,18702,982714,7734,1965428,"100mill-boot"
24,8,"petite","second",37628,41326,3669136,6330885,82652,12661770,81,3882,14595,985441,7764,1970882,"100mill-boot"
24,9,"petite","second",37874,41500,3682589,6317552,83000,12635104,95,3934,17401,983403,7868,1966806,"100mill-boot"
24,10,"petite","second",37703,41107,3669197,6330804,82214,12661608,92,3805,16716,984052,7610,1968104,"100mill-boot"
24,11,"petite","second",37728,41304,3679406,6320694,82608,12641388,79,3862,14698,988511,7724,1977022,"100mill-boot"
24,12,"petite","second",37636,41432,3661031,6339039,82864,12678078,90,3900,16929,988601,7800,1977202,"100mill-boot"
24,13,"petite","second",37796,41309,3687039,6312984,82618,12625968,92,3875,17352,983391,7750,1966782,"100mill-boot"
24,14,"petite","second",37753,41279,3673944,6326097,82558,12652194,104,3878,19710,983234,7756,1966468,"100mill-boot"
24,15,"petite","second",37860,41301,3692267,6307754,82602,12615508,99,3903,18371,983638,7806,1967276,"100mill-boot"
24,16,"petite","second",37956,41157,3712327,6287742,82314,12575484,101,3862,18643,985122,7724,1970244,"100mill-boot"
24,17,"petite","second",37549,41336,3667245,6332909,82672,12665818,81,3845,14567,988005,7690,1976010,"100mill-boot"
24,18,"petite","second",37938,41025,3699844,6300165,82050,12600330,99,3838,18190,984682,7676,1969364,"100mill-boot"
24,19,"petite","second",38084,41034,3710138,6290017,82068,12580034,78,3845,13780,986879,7690,1973758,"100mill-boot"
24,20,"petite","second",37592,41409,3664353,6335673,82818,12671346,96,3871,17266,982771,7742,1965542,"100mill-boot"
24,21,"petite","second",37821,41360,3689190,6310881,82720,12621762,109,3855,19473,980707,7710,1961414,"100mill-boot"
24,22,"petite","second",37741,41337,3674891,6325130,82674,12650260,100,3896,18685,982028,7792,1964056,"100mill-boot"
24,23,"petite","second",37750,41266,3676647,6323480,82532,12646960,79,3859,14202,989032,7718,1978064,"100mill-boot"
24,24,"petite","second",37532,41269,3647324,6352818,82538,12705636,94,3867,16861,985920,7734,1971840,"100mill-boot"
24,25,"petite","second",38279,41097,3720254,6279834,82194,12559668,113,3867,20852,982007,7734,1964014,"100mill-boot"
24,26,"petite","second",37669,41342,3667017,6333092,82684,12666184,85,3863,15267,987134,7726,1974268,"100mill-boot"
24,27,"petite","second",37891,41243,3677331,6322925,82486,12645850,94,3839,16482,984286,7678,1968572,"100mill-boot"
24,28,"petite","second",37292,41510,3626790,6373381,83020,12746762,87,3854,16453,986849,7708,1973698,"100mill-boot"
24,29,"petite","second",37464,41496,3638653,6361369,82992,12722738,95,3873,17528,982699,7746,1965398,"100mill-boot"
24,30,"petite","second",37918,41015,3696844,6303279,82030,12606558,105,3812,19266,983907,7624,1967814,"100mill-boot"
12,1,"petite","second",37315,41277,3664912,6335089,82554,12670178,160,3818,34951,965803,7636,1931606,"100mill-boot"
12,2,"petite","second",37045,41575,3634086,6366093,83150,12732186,136,3833,29551,973445,7666,1946890,"100mill-boot"
12,3,"petite","second",36914,41529,3632784,6367222,83058,12734444,133,3892,29476,971786,7784,1943572,"100mill-boot"
12,4,"petite","second",36758,41599,3607141,6392867,83198,12785734,150,3845,32360,971853,7690,1943706,"100mill-boot"
12,5,"petite","second",37009,41691,3630485,6369646,83382,12739292,168,3848,36332,964862,7696,1929724,"100mill-boot"
12,6,"petite","second",37197,41652,3652748,6347263,83304,12694526,157,3843,33871,966654,7686,1933308,"100mill-boot"
12,7,"petite","second",37150,41548,3647976,6352072,83096,12704144,143,3850,30602,969476,7700,1938952,"100mill-boot"
12,8,"petite","second",37227,41591,3650541,6349491,83182,12698982,148,3876,32478,967675,7752,1935350,"100mill-boot"
12,9,"petite","second",37253,41568,3640225,6359847,83136,12719694,138,3892,29318,973369,7784,1946738,"100mill-boot"
12,10,"petite","second",37148,41429,3646052,6353977,82858,12707954,170,3812,37396,964371,7624,1928742,"100mill-boot"
12,11,"petite","second",37070,41570,3631301,6368715,83140,12737430,141,3873,30298,970882,7746,1941764,"100mill-boot"
12,12,"petite","second",37380,41608,3653817,6346270,83216,12692540,142,3900,29561,972731,7800,1945462,"100mill-boot"
12,13,"petite","second",37569,41375,3686371,6313635,82750,12627270,160,3868,34679,966472,7736,1932944,"100mill-boot"
12,14,"petite","second",37196,41558,3640388,6359655,83116,12719310,136,3907,29143,972701,7814,1945402,"100mill-boot"
12,15,"petite","second",37271,41555,3651065,6348935,83110,12697870,154,3863,32535,968854,7726,1937708,"100mill-boot"
12,16,"petite","second",37024,41684,3642980,6357134,83368,12714268,136,3891,28331,975507,7782,1951014,"100mill-boot"
12,17,"petite","second",37545,41306,3672572,6327444,82612,12654888,155,3822,32643,968160,7644,1936320,"100mill-boot"
12,18,"petite","second",37365,41397,3665371,6334666,82794,12669332,135,3891,28764,974295,7782,1948590,"100mill-boot"
12,19,"petite","second",37107,41502,3644650,6355353,83004,12710706,126,3866,26613,973449,7732,1946898,"100mill-boot"
12,20,"petite","second",37141,41534,3638361,6361686,83068,12723372,112,3874,24541,978805,7748,1957610,"100mill-boot"
12,21,"petite","second",37330,41507,3652746,6347276,83014,12694552,152,3864,32934,967270,7728,1934540,"100mill-boot"
12,22,"petite","second",36871,41746,3616711,6383313,83492,12766626,136,3867,29084,971289,7734,1942578,"100mill-boot"
12,23,"petite","second",37591,41328,3687894,6312115,82656,12624230,160,3876,34739,966956,7752,1933912,"100mill-boot"
12,24,"petite","second",37283,41579,3643153,6356888,83158,12713776,133,3874,27999,972840,7748,1945680,"100mill-boot"
12,25,"petite","second",37437,41422,3674286,6325848,82844,12651696,142,3859,30651,970961,7718,1941922,"100mill-boot"
12,26,"petite","second",37073,41587,3642236,6357821,83174,12715642,147,3851,30610,970806,7702,1941612,"100mill-boot"
12,27,"petite","second",37145,41710,3638048,6362061,83420,12724122,137,3896,29326,973650,7792,1947300,"100mill-boot"
12,28,"petite","second",37338,41458,3665219,6334810,82916,12669620,160,3837,34746,967290,7674,1934580,"100mill-boot"
12,29,"petite","second",36958,41463,3625885,6374219,82926,12748438,134,3824,28792,971492,7648,1942984,"100mill-boot"
12,30,"petite","second",37220,41466,3643160,6356971,82932,12713942,141,3898,30962,969308,7796,1938616,"100mill-boot"
15,1,"petite","second",37410,41573,3693783,6306243,83146,12612486,81,3907,17998,983603,7814,1967206,"100mill-boot"
15,2,"petite","second",37626,41476,3686362,6313639,82952,12627278,73,3886,16407,984263,7772,1968526,"100mill-boot"
15,3,"petite","second",37474,41398,3700023,6300024,82796,12600048,70,3891,15463,985758,7782,1971516,"100mill-boot"
15,4,"petite","second",37296,41542,3675649,6324447,83084,12648894,80,3889,18261,982621,7778,1965242,"100mill-boot"
15,5,"petite","second",37397,41429,3699583,6300488,82858,12600976,88,3891,18848,985169,7782,1970338,"100mill-boot"
15,6,"petite","second",37315,41599,3660714,6339386,83198,12678772,83,3922,18287,984803,7844,1969606,"100mill-boot"
15,7,"petite","second",37427,41548,3679916,6320114,83096,12640228,60,3898,13516,986552,7796,1973104,"100mill-boot"
15,8,"petite","second",37193,41636,3651439,6348735,83272,12697470,47,3920,9471,992596,7840,1985192,"100mill-boot"
15,9,"petite","second",37399,41548,3675905,6324256,83096,12648512,86,3898,18640,985034,7796,1970068,"100mill-boot"
15,10,"petite","second",37862,41470,3716472,6283589,82940,12567178,97,3906,20863,980565,7812,1961130,"100mill-boot"
15,11,"petite","second",37244,41862,3657782,6342262,83724,12684524,72,3918,15816,985045,7836,1970090,"100mill-boot"
15,12,"petite","second",37347,41667,3656867,6343187,83334,12686374,77,3894,16639,984714,7788,1969428,"100mill-boot"
15,13,"petite","second",37088,41672,3657231,6342853,83344,12685706,83,3911,17149,983108,7822,1966216,"100mill-boot"
15,14,"petite","second",37544,41552,3685235,6314934,83104,12629868,81,3913,17633,984658,7826,1969316,"100mill-boot"
15,15,"petite","second",37118,41714,3653645,6346420,83428,12692840,53,3896,11471,988978,7792,1977956,"100mill-boot"
15,16,"petite","second",37389,41572,3693221,6306819,83144,12613638,99,3875,22017,979581,7750,1959162,"100mill-boot"
15,17,"petite","second",37449,41427,3684891,6315132,82854,12630264,87,3886,18922,981380,7772,1962760,"100mill-boot"
15,18,"petite","second",37776,41473,3715229,6284824,82946,12569648,91,3944,19026,981234,7888,1962468,"100mill-boot"
15,19,"petite","second",37081,41664,3654980,6345073,83328,12690146,81,3898,18279,983504,7796,1967008,"100mill-boot"
15,20,"petite","second",37322,41607,3671919,6328262,83214,12656524,80,3904,17189,983461,7808,1966922,"100mill-boot"
15,21,"petite","second",37595,41207,3702878,6297234,82414,12594468,70,3878,14619,986621,7756,1973242,"100mill-boot"
15,22,"petite","second",37271,41674,3676566,6323492,83348,12646984,75,3904,16243,985916,7808,1971832,"100mill-boot"
15,23,"petite","second",37692,41354,3707376,6292647,82708,12585294,68,3914,14501,986764,7828,1973528,"100mill-boot"
15,24,"petite","second",37382,41603,3667782,6332292,83206,12664584,92,3897,19577,981090,7794,1962180,"100mill-boot"
15,25,"petite","second",37386,41561,3683781,6316237,83122,12632474,92,3896,20463,980286,7792,1960572,"100mill-boot"
15,26,"petite","second",37858,41456,3726661,6273393,82912,12546786,65,3924,14200,986060,7848,1972120,"100mill-boot"
15,27,"petite","second",37658,41377,3710980,6289057,82754,12578114,82,3857,18221,982491,7714,1964982,"100mill-boot"
15,28,"petite","second",37602,41612,3696034,6303996,83224,12607992,101,3904,22138,979298,7808,1958596,"100mill-boot"
15,29,"petite","second",37340,41685,3669899,6330145,83370,12660290,73,3908,16058,985152,7816,1970304,"100mill-boot"
15,30,"petite","second",37330,41546,3666879,6333142,83092,12666284,72,3899,15248,984986,7798,1969972,"100mill-boot"
41,1,"petite","second",37484,41590,3661810,6338234,83180,12676468,78,3891,14908,988471,7782,1976942,"100mill-boot"
41,2,"petite","second",37353,41550,3661106,6339044,83100,12678088,76,3880,14581,985422,7760,1970844,"100mill-boot"
41,3,"petite","second",37360,41456,3678852,6321168,82912,12642336,95,3832,17695,986300,7664,1972600,"100mill-boot"
41,4,"petite","second",37456,41464,3689388,6310657,82928,12621314,76,3912,14901,986044,7824,1972088,"100mill-boot"
41,5,"petite","second",37381,41443,3665698,6334415,82886,12668830,68,3866,13248,987733,7732,1975466,"100mill-boot"
41,6,"petite","second",37318,41594,3665843,6334245,83188,12668490,96,3935,17671,985013,7870,1970026,"100mill-boot"
41,7,"petite","second",37268,41627,3660998,6339275,83254,12678550,83,3865,15687,986457,7730,1972914,"100mill-boot"
41,8,"petite","second",37319,41513,3671917,6328138,83026,12656276,58,3874,11487,990236,7748,1980472,"100mill-boot"
41,9,"petite","second",37587,41567,3679900,6320181,83134,12640362,84,3894,16595,987419,7788,1974838,"100mill-boot"
41,10,"petite","second",37392,41538,3667368,6332786,83076,12665572,86,3884,16148,986212,7768,1972424,"100mill-boot"
41,11,"petite","second",37332,41722,3666919,6333142,83444,12666284,102,3859,18665,983975,7718,1967950,"100mill-boot"
41,12,"petite","second",37631,41337,3693625,6306386,82674,12612772,90,3852,16032,983999,7704,1967998,"100mill-boot"
41,13,"petite","second",37547,41523,3685683,6314363,83046,12628726,96,3873,18400,982197,7746,1964394,"100mill-boot"
41,14,"petite","second",37301,41699,3658012,6342179,83398,12684358,87,3915,17304,985185,7830,1970370,"100mill-boot"
41,15,"petite","second",37393,41574,3666793,6333299,83148,12666598,87,3879,16261,985631,7758,1971262,"100mill-boot"
41,16,"petite","second",37632,41608,3690820,6309242,83216,12618484,93,3919,17219,984806,7838,1969612,"100mill-boot"
41,17,"petite","second",37199,41521,3645372,6354686,83042,12709372,87,3838,16470,984593,7676,1969186,"100mill-boot"
41,18,"petite","second",37505,41401,3689135,6311057,82802,12622114,87,3880,16891,985624,7760,1971248,"100mill-boot"
41,19,"petite","second",37313,41540,3663800,6336256,83080,12672512,91,3872,16775,986188,7744,1972376,"100mill-boot"
41,20,"petite","second",37464,41507,3676289,6323731,83014,12647462,82,3892,15722,987989,7784,1975978,"100mill-boot"
41,21,"petite","second",37100,41588,3644754,6355296,83176,12710592,82,3873,15109,986114,7746,1972228,"100mill-boot"
41,22,"petite","second",37476,41569,3673126,6326971,83138,12653942,79,3899,15184,987763,7798,1975526,"100mill-boot"
41,23,"petite","second",37340,41620,3664935,6335149,83240,12670298,86,3896,15487,985501,7792,1971002,"100mill-boot"
41,24,"petite","second",37484,41463,3692070,6308073,82926,12616146,88,3887,16844,983457,7774,1966914,"100mill-boot"
41,25,"petite","second",37216,41628,3650405,6349640,83256,12699280,89,3911,16275,985722,7822,1971444,"100mill-boot"
41,26,"petite","second",37426,41656,3661391,6338618,83312,12677236,86,3858,15967,985320,7716,1970640,"100mill-boot"
41,27,"petite","second",37214,41559,3663642,6336383,83118,12672766,68,3856,12343,988282,7712,1976564,"100mill-boot"
41,28,"petite","second",37050,41702,3644242,6355806,83404,12711612,93,3894,17911,984473,7788,1968946,"100mill-boot"
41,29,"petite","second",37243,41595,3654879,6345197,83190,12690394,91,3867,17442,984510,7734,1969020,"100mill-boot"
41,30,"petite","second",37474,41636,3679681,6320420,83272,12640840,90,3902,16710,985656,7804,1971312,"100mill-boot"
46,1,"petite","second",37684,42108,3649817,6350302,84216,12700604,127,3952,21570,978603,7904,1957206,"100mill-boot"
46,2,"petite","second",37653,41995,3648177,6351906,83990,12703812,119,3932,20002,981180,7864,1962360,"100mill-boot"
46,3,"petite","second",37837,42073,3668079,6332042,84146,12664084,148,3928,25471,974783,7856,1949566,"100mill-boot"
46,4,"petite","second",37650,42141,3651058,6349095,84282,12698190,117,3988,19895,985784,7976,1971568,"100mill-boot"
46,5,"petite","second",37818,42128,3669394,6330660,84256,12661320,168,3934,28408,973300,7868,1946600,"100mill-boot"
46,6,"petite","second",38056,42056,3698746,6301292,84112,12602584,134,4008,21568,981273,8016,1962546,"100mill-boot"
46,7,"petite","second",37582,42278,3631659,6368448,84556,12736896,116,3944,20545,980385,7888,1960770,"100mill-boot"
46,8,"petite","second",37739,42104,3659555,6340522,84208,12681044,131,3925,20910,980891,7850,1961782,"100mill-boot"
46,9,"petite","second",37953,42028,3665121,6335048,84056,12670096,133,3951,23068,977715,7902,1955430,"100mill-boot"
46,10,"petite","second",38233,41816,3701541,6298515,83632,12597030,177,3924,29925,970104,7848,1940208,"100mill-boot"
46,11,"petite","second",37840,42321,3655545,6344523,84642,12689046,127,3985,21156,981120,7970,1962240,"100mill-boot"
46,12,"petite","second",37993,42087,3690723,6309441,84174,12618882,144,3979,24134,977127,7958,1954254,"100mill-boot"
46,13,"petite","second",38002,41851,3676798,6323305,83702,12646610,147,3910,25366,975405,7820,1950810,"100mill-boot"
46,14,"petite","second",37741,41963,3656321,6343795,83926,12687590,122,3941,20368,980846,7882,1961692,"100mill-boot"
46,15,"petite","second",37902,42068,3668738,6331317,84136,12662634,117,3967,19699,982349,7934,1964698,"100mill-boot"
46,16,"petite","second",37848,42109,3659696,6340357,84218,12680714,136,3987,22608,980657,7974,1961314,"100mill-boot"
46,17,"petite","second",37786,42022,3664691,6335339,84044,12670678,147,3954,24460,977443,7908,1954886,"100mill-boot"
46,18,"petite","second",37782,42075,3669830,6330196,84150,12660392,137,3961,22780,981547,7922,1963094,"100mill-boot"
46,19,"petite","second",37766,42227,3660628,6339518,84454,12679036,140,3969,23114,978654,7938,1957308,"100mill-boot"
46,20,"petite","second",37964,41961,3683556,6316461,83922,12632922,152,3955,25528,978561,7910,1957122,"100mill-boot"
46,21,"petite","second",37639,42196,3642277,6357770,84392,12715540,162,3910,26661,974168,7820,1948336,"100mill-boot"
46,22,"petite","second",38102,42008,3693166,6306888,84016,12613776,129,3977,21871,978486,7954,1956972,"100mill-boot"
46,23,"petite","second",38125,41899,3695470,6304638,83798,12609276,121,3951,20755,981835,7902,1963670,"100mill-boot"
46,24,"petite","second",38104,42013,3690658,6309437,84026,12618874,138,3974,24133,977832,7948,1955664,"100mill-boot"
46,25,"petite","second",37737,42172,3654815,6345193,84344,12690386,123,3972,20656,979794,7944,1959588,"100mill-boot"
46,26,"petite","second",37695,42150,3641789,6358412,84300,12716824,130,3922,22307,978576,7844,1957152,"100mill-boot"
46,27,"petite","second",37970,42107,3673723,6326310,84214,12652620,121,3978,20840,982563,7956,1965126,"100mill-boot"
46,28,"petite","second",37759,42126,3652915,6347121,84252,12694242,129,3963,21891,978991,7926,1957982,"100mill-boot"
46,29,"petite","second",37769,42160,3652723,6347530,84320,12695060,153,3951,25025,977648,7902,1955296,"100mill-boot"
46,30,"petite","second",37605,42175,3644379,6355654,84350,12711308,142,3939,25375,976904,7878,1953808,"100mill-boot"
48,1,"petite","second",37631,41077,3674330,6325744,82154,12651488,114,3816,21832,980463,7632,1960926,"100mill-boot"
48,2,"petite","second",37645,41092,3668825,6331270,82184,12662540,112,3860,20930,980331,7720,1960662,"100mill-boot"
48,3,"petite","second",37893,41049,3694376,6305828,82098,12611656,103,3909,20005,980047,7818,1960094,"100mill-boot"
48,4,"petite","second",37508,41025,3660128,6339955,82050,12679910,103,3820,19849,980494,7640,1960988,"100mill-boot"
48,5,"petite","second",37207,41418,3637377,6362717,82836,12725434,99,3883,19443,981887,7766,1963774,"100mill-boot"
48,6,"petite","second",37499,41008,3671156,6328894,82016,12657788,135,3855,25658,975867,7710,1951734,"100mill-boot"
48,7,"petite","second",37493,41020,3661887,6338159,82040,12676318,100,3823,19131,981067,7646,1962134,"100mill-boot"
48,8,"petite","second",37467,41179,3652561,6347553,82358,12695106,120,3849,22541,979016,7698,1958032,"100mill-boot"
48,9,"petite","second",37958,40980,3690598,6309517,81960,12619034,110,3856,20590,980323,7712,1960646,"100mill-boot"
48,10,"petite","second",37680,40823,3687158,6312877,81646,12625754,102,3786,19845,980702,7572,1961404,"100mill-boot"
48,11,"petite","second",37803,40986,3677407,6322672,81972,12645344,99,3893,18562,981822,7786,1963644,"100mill-boot"
48,12,"petite","second",37739,41263,3668132,6332034,82526,12664068,100,3918,19074,983285,7836,1966570,"100mill-boot"
48,13,"petite","second",37468,41187,3648096,6351952,82374,12703904,92,3848,17338,983265,7696,1966530,"100mill-boot"
48,14,"petite","second",37824,40933,3695913,6304259,81866,12608518,98,3853,18302,983423,7706,1966846,"100mill-boot"
48,15,"petite","second",38014,40896,3706935,6293209,81792,12586418,91,3898,17757,983786,7796,1967572,"100mill-boot"
48,16,"petite","second",37599,41111,3664338,6335725,82222,12671450,110,3895,21045,980878,7790,1961756,"100mill-boot"
48,17,"petite","second",37864,40892,3689126,6310938,81784,12621876,122,3877,23188,978078,7754,1956156,"100mill-boot"
48,18,"petite","second",37838,40989,3693395,6306641,81978,12613282,109,3871,21032,979059,7742,1958118,"100mill-boot"
48,19,"petite","second",37703,41012,3681101,6318920,82024,12637840,107,3892,20346,981264,7784,1962528,"100mill-boot"
48,20,"petite","second",37555,41109,3654694,6345353,82218,12690706,97,3880,18376,983008,7760,1966016,"100mill-boot"
48,21,"petite","second",37523,41232,3657664,6342552,82464,12685104,106,3858,19938,981168,7716,1962336,"100mill-boot"
48,22,"petite","second",37791,40874,3682626,6317410,81748,12634820,96,3846,17832,984239,7692,1968478,"100mill-boot"
48,23,"petite","second",37744,40955,3675484,6324521,81910,12649042,98,3901,18436,982902,7802,1965804,"100mill-boot"
48,24,"petite","second",37663,41165,3673460,6326801,82330,12653602,116,3914,22210,980081,7828,1960162,"100mill-boot"
48,25,"petite","second",37787,40943,3691619,6308588,81886,12617176,91,3878,17371,983034,7756,1966068,"100mill-boot"
48,26,"petite","second",37497,41173,3656159,6343959,82346,12687918,109,3844,21010,979448,7688,1958896,"100mill-boot"
48,27,"petite","second",37548,41203,3661723,6338370,82406,12676740,108,3856,20791,980842,7712,1961684,"100mill-boot"
48,28,"petite","second",37966,41047,3703374,6296706,82094,12593412,108,3856,20626,980322,7712,1960644,"100mill-boot"
48,29,"petite","second",37743,41147,3675702,6324298,82294,12648596,110,3882,21025,981486,7764,1962972,"100mill-boot"
48,30,"petite","second",37674,40979,3698870,6301196,81958,12602392,116,3879,22198,978820,7758,1957640,"100mill-boot"
33,1,"petite","second",37954,41187,3731832,6268308,82374,12536616,154,3985,26887,976054,7970,1952108,"100mill-boot"
33,2,"petite","second",37764,41290,3723124,6276916,82580,12553832,128,4048,23259,979610,8096,1959220,"100mill-boot"
33,3,"petite","second",37788,40887,3740552,6259484,81774,12518968,135,3968,23458,976733,7936,1953466,"100mill-boot"
33,4,"petite","second",37483,41432,3689959,6310272,82864,12620544,148,3970,26798,973855,7940,1947710,"100mill-boot"
33,5,"petite","second",37420,41415,3672215,6327854,82830,12655708,125,3975,22676,978931,7950,1957862,"100mill-boot"
33,6,"petite","second",37663,41314,3712155,6287877,82628,12575754,141,3995,25336,976258,7990,1952516,"100mill-boot"
33,7,"petite","second",37666,41339,3727071,6273105,82678,12546210,128,4025,22980,978476,8050,1956952,"100mill-boot"
33,8,"petite","second",38066,41110,3744542,6255513,82220,12511026,139,4006,24835,975778,8012,1951556,"100mill-boot"
33,9,"petite","second",37543,41423,3691824,6308192,82846,12616384,142,4014,24700,975423,8028,1950846,"100mill-boot"
33,10,"petite","second",37875,41258,3710941,6289184,82516,12578368,142,3995,25563,976330,7990,1952660,"100mill-boot"
33,11,"petite","second",37452,41447,3685755,6314317,82894,12628634,90,4001,16899,983853,8002,1967706,"100mill-boot"
33,12,"petite","second",37567,41277,3705352,6294665,82554,12589330,123,4000,21777,978347,8000,1956694,"100mill-boot"
33,13,"petite","second",38005,41238,3733771,6266230,82476,12532460,122,3980,22224,978253,7960,1956506,"100mill-boot"
33,14,"petite","second",37571,41250,3704603,6295505,82500,12591010,122,3986,21833,980625,7972,1961250,"100mill-boot"
33,15,"petite","second",37453,41386,3690005,6310173,82772,12620346,128,4013,22616,979671,8026,1959342,"100mill-boot"
33,16,"petite","second",37383,41363,3679408,6320775,82726,12641550,129,3992,22559,978471,7984,1956942,"100mill-boot"
33,17,"petite","second",37821,41202,3723135,6277131,82404,12554262,143,4018,24660,978456,8036,1956912,"100mill-boot"
33,18,"petite","second",37966,41111,3741890,6258136,82222,12516272,136,3990,24362,977434,7980,1954868,"100mill-boot"
33,19,"petite","second",37454,41340,3689965,6310043,82680,12620086,132,3997,23572,980070,7994,1960140,"100mill-boot"
33,20,"petite","second",37890,41249,3719997,6280135,82498,12560270,126,4036,23073,981248,8072,1962496,"100mill-boot"
33,21,"petite","second",37727,41158,3705679,6294402,82316,12588804,123,3994,21347,979420,7988,1958840,"100mill-boot"
33,22,"petite","second",37566,41320,3697877,6302243,82640,12604486,114,4027,19896,980116,8054,1960232,"100mill-boot"
33,23,"petite","second",37724,41310,3721025,6279061,82620,12558122,124,4011,22143,978917,8022,1957834,"100mill-boot"
33,24,"petite","second",37966,41227,3729507,6270629,82454,12541258,147,3988,26357,975331,7976,1950662,"100mill-boot"
33,25,"petite","second",37820,41175,3713063,6287105,82350,12574210,165,3985,28780,974047,7970,1948094,"100mill-boot"
33,26,"petite","second",37521,41315,3694009,6306050,82630,12612100,153,3989,28129,974615,7978,1949230,"100mill-boot"
33,27,"petite","second",37470,41533,3678350,6321681,83066,12643362,107,4053,18972,982466,8106,1964932,"100mill-boot"
33,28,"petite","second",37757,41156,3716649,6283409,82312,12566818,136,3997,23570,978793,7994,1957586,"100mill-boot"
33,29,"petite","second",37726,41062,3724040,6276048,82124,12552096,126,4011,22117,978553,8022,1957106,"100mill-boot"
33,30,"petite","second",37785,41222,3706278,6293761,82444,12587522,139,3991,24487,977188,7982,1954376,"100mill-boot"
9,1,"petite","second",37316,41472,3667655,6332444,82944,12664888,180,3813,33391,968536,7626,1937072,"100mill-boot"
9,2,"petite","second",36928,41602,3631717,6368300,83204,12736600,216,3823,38956,967264,7646,1934528,"100mill-boot"
9,3,"petite","second",37178,41194,3663340,6336753,82388,12673506,179,3827,33656,967695,7654,1935390,"100mill-boot"
9,4,"petite","second",37048,41493,3642953,6357225,82986,12714450,188,3810,33914,967738,7620,1935476,"100mill-boot"
9,5,"petite","second",37104,41564,3634782,6365461,83128,12730922,166,3830,30103,970568,7660,1941136,"100mill-boot"
9,6,"petite","second",36988,41520,3633886,6366181,83040,12732362,175,3819,31893,968424,7638,1936848,"100mill-boot"
9,7,"petite","second",37157,41525,3654511,6345715,83050,12691430,183,3819,32941,969396,7638,1938792,"100mill-boot"
9,8,"petite","second",37561,41341,3681022,6319037,82682,12638074,190,3811,34723,966367,7622,1932734,"100mill-boot"
9,9,"petite","second",37135,41477,3640593,6359437,82954,12718874,183,3839,33592,969371,7678,1938742,"100mill-boot"
9,10,"petite","second",37454,41280,3661170,6338943,82560,12677886,158,3851,29622,975329,7702,1950658,"100mill-boot"
9,11,"petite","second",37153,41476,3639403,6360665,82952,12721330,167,3808,30946,969289,7616,1938578,"100mill-boot"
9,12,"petite","second",37521,41242,3683823,6316179,82484,12632358,180,3844,32835,967665,7688,1935330,"100mill-boot"
9,13,"petite","second",37171,41374,3650231,6349984,82748,12699968,181,3799,33399,968439,7598,1936878,"100mill-boot"
9,14,"petite","second",37468,41159,3681610,6318467,82318,12636934,211,3836,38776,965078,7672,1930156,"100mill-boot"
9,15,"petite","second",37196,41462,3637725,6362311,82924,12724622,194,3803,35756,964358,7606,1928716,"100mill-boot"
9,16,"petite","second",37368,41293,3673360,6326699,82586,12653398,196,3797,35917,964933,7594,1929866,"100mill-boot"
9,17,"petite","second",37394,41271,3676772,6323352,82542,12646704,200,3829,37659,962612,7658,1925224,"100mill-boot"
9,18,"petite","second",37487,41355,3681098,6319001,82710,12638002,193,3797,36219,966726,7594,1933452,"100mill-boot"
9,19,"petite","second",37231,41425,3653901,6346105,82850,12692210,182,3846,33498,969763,7692,1939526,"100mill-boot"
9,20,"petite","second",37193,41523,3653461,6346618,83046,12693236,199,3821,37048,965646,7642,1931292,"100mill-boot"
9,21,"petite","second",37122,41476,3641704,6358355,82952,12716710,182,3808,33772,967211,7616,1934422,"100mill-boot"
9,22,"petite","second",37119,41421,3647098,6352992,82842,12705984,183,3826,33523,967295,7652,1934590,"100mill-boot"
9,23,"petite","second",37248,41408,3666299,6333783,82816,12667566,185,3840,33342,968934,7680,1937868,"100mill-boot"
9,24,"petite","second",37489,41331,3673643,6326423,82662,12652846,167,3822,30627,969914,7644,1939828,"100mill-boot"
9,25,"petite","second",37324,41448,3669399,6330727,82896,12661454,169,3848,31072,970132,7696,1940264,"100mill-boot"
9,26,"petite","second",37357,41392,3666463,6333620,82784,12667240,199,3791,37637,964853,7582,1929706,"100mill-boot"
9,27,"petite","second",37200,41484,3659108,6340906,82968,12681812,212,3812,39573,964900,7624,1929800,"100mill-boot"
9,28,"petite","second",37235,41397,3657950,6342061,82794,12684122,206,3798,37493,965131,7596,1930262,"100mill-boot"
9,29,"petite","second",37323,41364,3676153,6323865,82728,12647730,205,3814,38096,962199,7628,1924398,"100mill-boot"
9,30,"petite","second",37434,41310,3666301,6333705,82620,12667410,168,3841,30601,973017,7682,1946034,"100mill-boot"
34,1,"petite","second",37829,41396,3689445,6310561,82792,12621122,95,4005,17841,982495,8010,1964990,"100mill-boot"
34,2,"petite","second",37482,41470,3669472,6330552,82940,12661104,105,4017,19380,982941,8034,1965882,"100mill-boot"
34,3,"petite","second",37555,41435,3675464,6324556,82870,12649112,107,3973,20487,980707,7946,1961414,"100mill-boot"
34,4,"petite","second",37984,41170,3722230,6277843,82340,12555686,95,3996,17644,982628,7992,1965256,"100mill-boot"
34,5,"petite","second",37572,41538,3678593,6321419,83076,12642838,95,4039,17337,983241,8078,1966482,"100mill-boot"
34,6,"petite","second",37844,41381,3699326,6300675,82762,12601350,94,3981,16911,984053,7962,1968106,"100mill-boot"
34,7,"petite","second",37680,41395,3697810,6302242,82790,12604484,110,4004,20318,980190,8008,1960380,"100mill-boot"
34,8,"petite","second",37665,41482,3676851,6323363,82964,12646726,73,4030,13517,986998,8060,1973996,"100mill-boot"
34,9,"petite","second",37938,41305,3702684,6297397,82610,12594794,119,3976,22517,978904,7952,1957808,"100mill-boot"
34,10,"petite","second",37913,41332,3710113,6289983,82664,12579966,95,4041,18212,984213,8082,1968426,"100mill-boot"
34,11,"petite","second",37872,41393,3701071,6299028,82786,12598056,92,4005,17114,984025,8010,1968050,"100mill-boot"
34,12,"petite","second",37722,41325,3675246,6324776,82650,12649552,88,3966,16334,984321,7932,1968642,"100mill-boot"
34,13,"petite","second",37810,41378,3692762,6307288,82756,12614576,97,4033,17983,982551,8066,1965102,"100mill-boot"
34,14,"petite","second",37851,41504,3700200,6299826,83008,12599652,100,4034,19445,981424,8068,1962848,"100mill-boot"
34,15,"petite","second",37708,41481,3681311,6318756,82962,12637512,100,3982,18639,981921,7964,1963842,"100mill-boot"
34,16,"petite","second",37739,41541,3687040,6312987,83082,12625974,88,4026,16310,985724,8052,1971448,"100mill-boot"
34,17,"petite","second",37716,41496,3688792,6311271,82992,12622542,103,4038,18676,982456,8076,1964912,"100mill-boot"
34,18,"petite","second",38042,41148,3717017,6283002,82296,12566004,94,3992,17993,982063,7984,1964126,"100mill-boot"
34,19,"petite","second",37791,41330,3694392,6305609,82660,12611218,87,3996,16309,988004,7992,1976008,"100mill-boot"
34,20,"petite","second",37762,41298,3695796,6304316,82596,12608632,107,3993,20429,980106,7986,1960212,"100mill-boot"
34,21,"petite","second",37706,41444,3686996,6313108,82888,12626216,80,4035,14908,985546,8070,1971092,"100mill-boot"
34,22,"petite","second",37676,41388,3680186,6319936,82776,12639872,86,3993,16047,984429,7986,1968858,"100mill-boot"
34,23,"petite","second",37779,41446,3685307,6314815,82892,12629630,98,3999,18391,983816,7998,1967632,"100mill-boot"
34,24,"petite","second",37750,41381,3677452,6322630,82762,12645260,75,3982,13336,988314,7964,1976628,"100mill-boot"
34,25,"petite","second",37896,41362,3711323,6288700,82724,12577400,97,4039,18222,983334,8078,1966668,"100mill-boot"
34,26,"petite","second",37541,41503,3670304,6329738,83006,12659476,108,4011,19918,981694,8022,1963388,"100mill-boot"
34,27,"petite","second",37358,41480,3670378,6329694,82960,12659388,110,4000,20066,982970,8000,1965940,"100mill-boot"
34,28,"petite","second",37892,41386,3710197,6289849,82772,12579698,113,3996,21184,979273,7992,1958546,"100mill-boot"
34,29,"petite","second",37827,41244,3705039,6295076,82488,12590152,109,3985,19696,980742,7970,1961484,"100mill-boot"
34,30,"petite","second",37446,41569,3655020,6345174,83138,12690348,99,3994,17965,983322,7988,1966644,"100mill-boot"
7,1,"petite","second",37075,40841,3669110,6330929,81682,12661858,154,3801,32150,968348,7602,1936696,"100mill-boot"
7,2,"petite","second",37153,40656,3686863,6313390,81312,12626780,167,3840,32959,968189,7680,1936378,"100mill-boot"
7,3,"petite","second",37047,40691,3680543,6319569,81382,12639138,152,3813,32193,970241,7626,1940482,"100mill-boot"
7,4,"petite","second",37064,40662,3696325,6303697,81324,12607394,168,3828,35433,964594,7656,1929188,"100mill-boot"
7,5,"petite","second",37696,40423,3740884,6259135,80846,12518270,158,3851,32393,969617,7702,1939234,"100mill-boot"
7,6,"petite","second",37378,40559,3707480,6292596,81118,12585192,143,3836,30174,970864,7672,1941728,"100mill-boot"
7,7,"petite","second",37052,40746,3681834,6318177,81492,12636354,141,3843,28493,973619,7686,1947238,"100mill-boot"
7,8,"petite","second",36873,40903,3650001,6350108,81806,12700216,151,3855,30472,971266,7710,1942532,"100mill-boot"
7,9,"petite","second",37014,40984,3670163,6329866,81968,12659732,155,3882,31806,968542,7764,1937084,"100mill-boot"
7,10,"petite","second",37232,40617,3702071,6297943,81234,12595886,148,3854,31439,970223,7708,1940446,"100mill-boot"
7,11,"petite","second",37036,40776,3674439,6325576,81552,12651152,134,3826,27849,972966,7652,1945932,"100mill-boot"
7,12,"petite","second",37317,40692,3707223,6292957,81384,12585914,150,3887,30864,970461,7774,1940922,"100mill-boot"
7,13,"petite","second",37307,40679,3689348,6310685,81358,12621370,148,3800,31288,968935,7600,1937870,"100mill-boot"
7,14,"petite","second",37120,40793,3679079,6320967,81586,12641934,165,3827,33495,968042,7654,1936084,"100mill-boot"
7,15,"petite","second",37590,40552,3719900,6280180,81104,12560360,144,3859,29289,971109,7718,1942218,"100mill-boot"
7,16,"petite","second",37303,40769,3695563,6304484,81538,12608968,169,3834,34724,965424,7668,1930848,"100mill-boot"
7,17,"petite","second",36823,40929,3653737,6346377,81858,12692754,167,3837,35022,965692,7674,1931384,"100mill-boot"
7,18,"petite","second",37083,40891,3677699,6322386,81782,12644772,150,3876,31004,969690,7752,1939380,"100mill-boot"
7,19,"petite","second",36942,40758,3669630,6330453,81516,12660906,152,3826,30840,969521,7652,1939042,"100mill-boot"
7,20,"petite","second",37211,40657,3691271,6308844,81314,12617688,146,3833,30366,972189,7666,1944378,"100mill-boot"
7,21,"petite","second",37064,40938,3666540,6333494,81876,12666988,136,3867,27527,976366,7734,1952732,"100mill-boot"
7,22,"petite","second",36813,40970,3654328,6345849,81940,12691698,155,3831,31557,968609,7662,1937218,"100mill-boot"
7,23,"petite","second",37162,40572,3691550,6308533,81144,12617066,131,3870,26923,973635,7740,1947270,"100mill-boot"
7,24,"petite","second",37469,40765,3709785,6290425,81530,12580850,171,3869,36146,965733,7738,1931466,"100mill-boot"
7,25,"petite","second",37548,40703,3722192,6277939,81406,12555878,170,3848,34896,966112,7696,1932224,"100mill-boot"
7,26,"petite","second",37275,40686,3692984,6307033,81372,12614066,152,3807,33282,968624,7614,1937248,"100mill-boot"
7,27,"petite","second",37409,40629,3701100,6298991,81258,12597982,155,3836,32012,969042,7672,1938084,"100mill-boot"
7,28,"petite","second",37266,40779,3701500,6298510,81558,12597020,144,3890,28986,972001,7780,1944002,"100mill-boot"
7,29,"petite","second",37097,40876,3675740,6324327,81752,12648654,146,3852,30260,970849,7704,1941698,"100mill-boot"
7,30,"petite","second",37095,40689,3695382,6304631,81378,12609262,178,3833,36831,964425,7666,1928850,"100mill-boot"
6,1,"petite","second",38071,41330,3705637,6294428,82660,12588856,101,3884,19369,981428,7768,1962856,"100mill-boot"
6,2,"petite","second",38549,41169,3760744,6239287,82338,12478574,94,3880,17981,984991,7760,1969982,"100mill-boot"
6,3,"petite","second",38308,41182,3722757,6277291,82364,12554582,70,3875,13934,987157,7750,1974314,"100mill-boot"
6,4,"petite","second",38293,41125,3724435,6275734,82250,12551468,96,3863,18274,981745,7726,1963490,"100mill-boot"
6,5,"petite","second",38156,41301,3718907,6281208,82602,12562416,116,3862,21079,979998,7724,1959996,"100mill-boot"
6,6,"petite","second",38387,41261,3737225,6262851,82522,12525702,128,3841,23670,977559,7682,1955118,"100mill-boot"
6,7,"petite","second",38279,41149,3726974,6273031,82298,12546062,100,3829,19947,981568,7658,1963136,"100mill-boot"
6,8,"petite","second",38499,41302,3737664,6262526,82604,12525052,114,3856,21560,980789,7712,1961578,"100mill-boot"
6,9,"petite","second",38404,41411,3751690,6248340,82822,12496680,119,3905,22520,980737,7810,1961474,"100mill-boot"
6,10,"petite","second",38112,41219,3713273,6286734,82438,12573468,98,3855,18870,981847,7710,1963694,"100mill-boot"
6,11,"petite","second",38060,41439,3704411,6295715,82878,12591430,87,3892,17293,985515,7784,1971030,"100mill-boot"
6,12,"petite","second",38416,41108,3734881,6265294,82216,12530588,87,3892,16713,986009,7784,1972018,"100mill-boot"
6,13,"petite","second",38507,41128,3747819,6252243,82256,12504486,85,3880,16039,986438,7760,1972876,"100mill-boot"
6,14,"petite","second",38298,41270,3733383,6266680,82540,12533360,111,3867,20164,981034,7734,1962068,"100mill-boot"
6,15,"petite","second",38090,41441,3703650,6296440,82882,12592880,121,3874,22250,980124,7748,1960248,"100mill-boot"
6,16,"petite","second",38311,41225,3734087,6265987,82450,12531974,100,3856,18543,982694,7712,1965388,"100mill-boot"
6,17,"petite","second",38463,41128,3752058,6248030,82256,12496060,101,3867,18740,981770,7734,1963540,"100mill-boot"
6,18,"petite","second",38532,41096,3737023,6263202,82192,12526404,83,3860,15969,987105,7720,1974210,"100mill-boot"
6,19,"petite","second",37821,41453,3679442,6320660,82906,12641320,95,3839,18979,983313,7678,1966626,"100mill-boot"
6,20,"petite","second",38728,40929,3772498,6227598,81858,12455196,145,3861,26747,974564,7722,1949128,"100mill-boot"
6,21,"petite","second",38267,41215,3727372,6272690,82430,12545380,110,3881,20253,980730,7762,1961460,"100mill-boot"
6,22,"petite","second",38579,41145,3752294,6247834,82290,12495668,90,3869,17534,983603,7738,1967206,"100mill-boot"
6,23,"petite","second",38493,41170,3753778,6246286,82340,12492572,88,3872,17158,987722,7744,1975444,"100mill-boot"
6,24,"petite","second",38352,41139,3733185,6266823,82278,12533646,104,3853,18589,982334,7706,1964668,"100mill-boot"
6,25,"petite","second",38278,41151,3727103,6272921,82302,12545842,80,3883,15660,986451,7766,1972902,"100mill-boot"
6,26,"petite","second",38166,41329,3717241,6282826,82658,12565652,119,3832,22084,978568,7664,1957136,"100mill-boot"
6,27,"petite","second",38571,41252,3756795,6243257,82504,12486514,135,3837,25084,977312,7674,1954624,"100mill-boot"
6,28,"petite","second",38144,41385,3717557,6282511,82770,12565022,102,3879,18838,981343,7758,1962686,"100mill-boot"
6,29,"petite","second",38663,41188,3759296,6240788,82376,12481576,133,3857,24028,977512,7714,1955024,"100mill-boot"
6,30,"petite","second",38536,41090,3755698,6244311,82180,12488622,126,3852,23399,979027,7704,1958054,"100mill-boot"
1,1,"petite","second",37755,41754,3708089,6291972,83508,12583944,183,3956,33931,966544,7912,1933088,"100mill-boot"
1,2,"petite","second",37629,41915,3701021,6298991,83830,12597982,196,3943,36546,965089,7886,1930178,"100mill-boot"
1,3,"petite","second",37780,41561,3707662,6292448,83122,12584896,216,3884,41247,960853,7768,1921706,"100mill-boot"
1,4,"petite","second",37564,41718,3688094,6311995,83436,12623990,202,3897,38316,963354,7794,1926708,"100mill-boot"
1,5,"petite","second",37353,41840,3663727,6336451,83680,12672902,183,3928,34687,967140,7856,1934280,"100mill-boot"
1,6,"petite","second",37752,41737,3700882,6299265,83474,12598530,186,3943,36153,965346,7886,1930692,"100mill-boot"
1,7,"petite","second",37383,41737,3662390,6337669,83474,12675338,183,3904,34815,967412,7808,1934824,"100mill-boot"
1,8,"petite","second",37802,41805,3711444,6288568,83610,12577136,190,3943,36155,965318,7886,1930636,"100mill-boot"
1,9,"petite","second",37874,41812,3718635,6281365,83624,12562730,192,3957,37043,964634,7914,1929268,"100mill-boot"
1,10,"petite","second",37917,41690,3714487,6285593,83380,12571186,192,3881,36502,963533,7762,1927066,"100mill-boot"
1,11,"petite","second",37937,41551,3720883,6279230,83102,12558460,193,3911,36939,963424,7822,1926848,"100mill-boot"
1,12,"petite","second",37700,41660,3697246,6302899,83320,12605798,180,3924,35676,966951,7848,1933902,"100mill-boot"
1,13,"petite","second",37705,41645,3702093,6297976,83290,12595952,181,3893,34842,965495,7786,1930990,"100mill-boot"
1,14,"petite","second",37637,41852,3687215,6312952,83704,12625904,188,3941,35376,965143,7882,1930286,"100mill-boot"
1,15,"petite","second",38097,41522,3730808,6269349,83044,12538698,208,3923,40030,960523,7846,1921046,"100mill-boot"
1,16,"petite","second",37494,41843,3683336,6316767,83686,12633534,187,3951,35442,966181,7902,1932362,"100mill-boot"
1,17,"petite","second",37825,41638,3717748,6282483,83276,12564966,222,3899,42690,958308,7798,1916616,"100mill-boot"
1,18,"petite","second",37936,41669,3723989,6276059,83338,12552118,189,3961,37118,964754,7922,1929508,"100mill-boot"
1,19,"petite","second",37772,41675,3703058,6296942,83350,12593884,204,3904,40373,960682,7808,1921364,"100mill-boot"
1,20,"petite","second",37686,41717,3702955,6297166,83434,12594332,182,3934,35116,965660,7868,1931320,"100mill-boot"
1,21,"petite","second",37720,41720,3703671,6296412,83440,12592824,190,3924,35690,966203,7848,1932406,"100mill-boot"
1,22,"petite","second",37934,41608,3722272,6277750,83216,12555500,210,3952,40990,961946,7904,1923892,"100mill-boot"
1,23,"petite","second",37712,41629,3700404,6299610,83258,12599220,202,3892,38316,962477,7784,1924954,"100mill-boot"
1,24,"petite","second",37657,41769,3699533,6300518,83538,12601036,203,3914,38053,962110,7828,1924220,"100mill-boot"
1,25,"petite","second",37752,41818,3694475,6305611,83636,12611222,201,3926,37175,963766,7852,1927532,"100mill-boot"
1,26,"petite","second",37552,41934,3684744,6315272,83868,12630544,200,3926,37066,963709,7852,1927418,"100mill-boot"
1,27,"petite","second",37654,41839,3694059,6305990,83678,12611980,217,3921,41208,959114,7842,1918228,"100mill-boot"
1,28,"petite","second",37694,41959,3692133,6308066,83918,12616132,171,3958,32717,969837,7916,1939674,"100mill-boot"
1,29,"petite","second",37566,41981,3685709,6314295,83962,12628590,198,3952,38500,963106,7904,1926212,"100mill-boot"
1,30,"petite","second",37974,41487,3724969,6275066,82974,12550132,195,3932,36754,965506,7864,1931012,"100mill-boot"
8,1,"petite","second",37034,41602,3678036,6322111,83204,12644222,132,3871,29493,970756,7742,1941512,"100mill-boot"
8,2,"petite","second",37176,41526,3695396,6304644,83052,12609288,126,3870,29824,973075,7740,1946150,"100mill-boot"
8,3,"petite","second",36980,41659,3692933,6307170,83318,12614340,134,3869,32058,968790,7738,1937580,"100mill-boot"
8,4,"petite","second",36906,41712,3686232,6313959,83424,12627918,112,3879,25961,977423,7758,1954846,"100mill-boot"
8,5,"petite","second",36773,41831,3658823,6341255,83662,12682510,122,3896,28743,973784,7792,1947568,"100mill-boot"
8,6,"petite","second",36794,41824,3648740,6351382,83648,12702764,115,3855,26038,977975,7710,1955950,"100mill-boot"
8,7,"petite","second",36558,41912,3645437,6354657,83824,12709314,124,3880,28895,973620,7760,1947240,"100mill-boot"
8,8,"petite","second",36701,41861,3648503,6351535,83722,12703070,124,3879,28299,972719,7758,1945438,"100mill-boot"
8,9,"petite","second",37109,41725,3677867,6322261,83450,12644522,132,3907,30428,972278,7814,1944556,"100mill-boot"
8,10,"petite","second",37095,41632,3694049,6306009,83264,12612018,131,3877,31577,970098,7754,1940196,"100mill-boot"
8,11,"petite","second",36872,41733,3684209,6315904,83466,12631808,114,3892,26487,974467,7784,1948934,"100mill-boot"
8,12,"petite","second",36878,41774,3668652,6331426,83548,12662852,139,3871,31470,970672,7742,1941344,"100mill-boot"
8,13,"petite","second",36787,41787,3651891,6348135,83574,12696270,145,3910,33629,970281,7820,1940562,"100mill-boot"
8,14,"petite","second",36880,41679,3670212,6329942,83358,12659884,116,3882,26112,975146,7764,1950292,"100mill-boot"
8,15,"petite","second",36885,41722,3652167,6347868,83444,12695736,126,3871,29320,972357,7742,1944714,"100mill-boot"
8,16,"petite","second",36847,41958,3661123,6338940,83916,12677880,131,3886,30102,971481,7772,1942962,"100mill-boot"
8,17,"petite","second",37151,41463,3708716,6291302,82926,12582604,125,3864,29282,971646,7728,1943292,"100mill-boot"
8,18,"petite","second",37063,41494,3686951,6313212,82988,12626424,131,3884,30859,969579,7768,1939158,"100mill-boot"
8,19,"petite","second",36724,41799,3652368,6347702,83598,12695404,118,3911,27173,977211,7822,1954422,"100mill-boot"
8,20,"petite","second",37060,41655,3690755,6309261,83310,12618522,122,3885,29200,971436,7770,1942872,"100mill-boot"
8,21,"petite","second",36836,41807,3657463,6342680,83614,12685360,103,3879,24323,979545,7758,1959090,"100mill-boot"
8,22,"petite","second",36881,41785,3676390,6323821,83570,12647642,127,3884,28941,972511,7768,1945022,"100mill-boot"
8,23,"petite","second",37165,41655,3682568,6317439,83310,12634878,123,3883,26581,975520,7766,1951040,"100mill-boot"
8,24,"petite","second",36678,41887,3644030,6355993,83774,12711986,135,3842,30781,970319,7684,1940638,"100mill-boot"
8,25,"petite","second",36822,41805,3664481,6335554,83610,12671108,134,3866,31768,971059,7732,1942118,"100mill-boot"
8,26,"petite","second",36813,41849,3654430,6345654,83698,12691308,117,3879,26527,974559,7758,1949118,"100mill-boot"
8,27,"petite","second",36846,41851,3661131,6338884,83702,12677768,138,3842,32666,969369,7684,1938738,"100mill-boot"
8,28,"petite","second",36883,41700,3664760,6335336,83400,12670672,126,3867,29773,971018,7734,1942036,"100mill-boot"
8,29,"petite","second",36643,41980,3657924,6342114,83960,12684228,144,3859,32369,969211,7718,1938422,"100mill-boot"
8,30,"petite","second",37019,41625,3667004,6333104,83250,12666208,120,3861,27238,972859,7722,1945718,"100mill-boot"
35,1,"petite","second",37739,41312,3680832,6319381,82624,12638762,146,3888,27063,973973,7776,1947946,"100mill-boot"
35,2,"petite","second",37594,41345,3670381,6329628,82690,12659256,98,3923,17426,983276,7846,1966552,"100mill-boot"
35,3,"petite","second",37428,41398,3660113,6339966,82796,12679932,102,3930,19099,982118,7860,1964236,"100mill-boot"
35,4,"petite","second",37277,41418,3649623,6350479,82836,12700958,83,3947,14891,986429,7894,1972858,"100mill-boot"
35,5,"petite","second",37604,41398,3673881,6326180,82796,12652360,113,3943,20832,982227,7886,1964454,"100mill-boot"
35,6,"petite","second",37275,41660,3630530,6369561,83320,12739122,98,3937,16816,984039,7874,1968078,"100mill-boot"
35,7,"petite","second",37207,41766,3635765,6364287,83532,12728574,106,3943,19664,981600,7886,1963200,"100mill-boot"
35,8,"petite","second",37569,41527,3662450,6337584,83054,12675168,128,3923,23440,976773,7846,1953546,"100mill-boot"
35,9,"petite","second",37666,41531,3657394,6342618,83062,12685236,91,3923,16786,983349,7846,1966698,"100mill-boot"
35,10,"petite","second",37571,41359,3677696,6322374,82718,12644748,76,3966,13324,989044,7932,1978088,"100mill-boot"
35,11,"petite","second",37733,41356,3683799,6316409,82712,12632818,125,3943,23014,979900,7886,1959800,"100mill-boot"
35,12,"petite","second",37698,41388,3673509,6326584,82776,12653168,95,3921,16989,983232,7842,1966464,"100mill-boot"
35,13,"petite","second",37694,41510,3667216,6332893,83020,12665786,115,3944,20791,979254,7888,1958508,"100mill-boot"
35,14,"petite","second",37418,41497,3650540,6349614,82994,12699228,110,3931,20832,979314,7862,1958628,"100mill-boot"
35,15,"petite","second",37790,41209,3686861,6313140,82418,12626280,126,3912,23156,977407,7824,1954814,"100mill-boot"
35,16,"petite","second",37637,41489,3674142,6326168,82978,12652336,98,3946,17266,983690,7892,1967380,"100mill-boot"
35,17,"petite","second",37765,41208,3680029,6320043,82416,12640086,120,3922,21916,979246,7844,1958492,"100mill-boot"
35,18,"petite","second",37660,41368,3681147,6319007,82736,12638014,107,3934,20762,981401,7868,1962802,"100mill-boot"
35,19,"petite","second",37690,41192,3695753,6304281,82384,12608562,127,3933,24108,977398,7866,1954796,"100mill-boot"
35,20,"petite","second",37728,41168,3695429,6304635,82336,12609270,128,3898,23111,977186,7796,1954372,"100mill-boot"
35,21,"petite","second",37574,41439,3664073,6336044,82878,12672088,102,3956,17972,982883,7912,1965766,"100mill-boot"
35,22,"petite","second",37604,41596,3657717,6342353,83192,12684706,69,3960,12740,987352,7920,1974704,"100mill-boot"
35,23,"petite","second",37774,41392,3700255,6299845,82784,12599690,123,3923,22249,978440,7846,1956880,"100mill-boot"
35,24,"petite","second",37769,41360,3680748,6319275,82720,12638550,117,3944,21755,979226,7888,1958452,"100mill-boot"
35,25,"petite","second",37461,41483,3647735,6352267,82966,12704534,60,3971,11425,990918,7942,1981836,"100mill-boot"
35,26,"petite","second",37528,41352,3662633,6337536,82704,12675072,80,3934,14949,985210,7868,1970420,"100mill-boot"
35,27,"petite","second",37419,41652,3660322,6339690,83304,12679380,117,3919,21789,978713,7838,1957426,"100mill-boot"
35,28,"petite","second",37322,41506,3645796,6354228,83012,12708456,109,3966,20209,982615,7932,1965230,"100mill-boot"
35,29,"petite","second",37330,41528,3638868,6361133,83056,12722266,90,3941,16361,984686,7882,1969372,"100mill-boot"
35,30,"petite","second",37340,41516,3655663,6344430,83032,12688860,113,3971,21487,982823,7942,1965646,"100mill-boot"
32,1,"petite","second",36918,41473,3621263,6378798,82946,12757596,117,3911,26565,976904,7822,1953808,"100mill-boot"
32,2,"petite","second",36548,41397,3609188,6390865,82794,12781730,114,3871,25874,974971,7742,1949942,"100mill-boot"
32,3,"petite","second",36532,41479,3591798,6408246,82958,12816492,113,3868,26525,973844,7736,1947688,"100mill-boot"
32,4,"petite","second",36922,41240,3637771,6362351,82480,12724702,117,3902,26236,975365,7804,1950730,"100mill-boot"
32,5,"petite","second",36577,41647,3577076,6423134,83294,12846268,93,3906,20959,981477,7812,1962954,"100mill-boot"
32,6,"petite","second",37179,41261,3647057,6353026,82522,12706052,131,3881,29769,971735,7762,1943470,"100mill-boot"
32,7,"petite","second",36670,41476,3598420,6401588,82952,12803176,95,3899,21620,978642,7798,1957284,"100mill-boot"
32,8,"petite","second",36827,41513,3614634,6385399,83026,12770798,108,3877,23735,976280,7754,1952560,"100mill-boot"
32,9,"petite","second",36700,41403,3612487,6387768,82806,12775536,99,3910,22545,979131,7820,1958262,"100mill-boot"
32,10,"petite","second",36999,41406,3617357,6382736,82812,12765472,92,3921,21613,979782,7842,1959564,"100mill-boot"
32,11,"petite","second",36628,41392,3596623,6403380,82784,12806760,74,3907,16389,985013,7814,1970026,"100mill-boot"
32,12,"petite","second",36870,41594,3613448,6386666,83188,12773332,94,3930,21365,979458,7860,1958916,"100mill-boot"
32,13,"petite","second",36736,41470,3610622,6389406,82940,12778812,105,3920,23878,976871,7840,1953742,"100mill-boot"
32,14,"petite","second",36561,41519,3587114,6412977,83038,12825954,114,3871,26271,975175,7742,1950350,"100mill-boot"
32,15,"petite","second",37198,41259,3647231,6352866,82518,12705732,104,3907,23078,977696,7814,1955392,"100mill-boot"
32,16,"petite","second",36745,41361,3613387,6386631,82722,12773262,110,3876,24651,975844,7752,1951688,"100mill-boot"
32,17,"petite","second",36943,41329,3634008,6366151,82658,12732302,99,3894,22420,977611,7788,1955222,"100mill-boot"
32,18,"petite","second",36621,41474,3604865,6395319,82948,12790638,97,3872,22290,977717,7744,1955434,"100mill-boot"
32,19,"petite","second",36582,41678,3599616,6400432,83356,12800864,106,3906,25066,975292,7812,1950584,"100mill-boot"
32,20,"petite","second",36524,41669,3587827,6412234,83338,12824468,101,3947,22730,977475,7894,1954950,"100mill-boot"
32,21,"petite","second",36747,41581,3596150,6403935,83162,12807870,118,3877,26789,973575,7754,1947150,"100mill-boot"
32,22,"petite","second",36730,41403,3599768,6400256,82806,12800512,81,3898,19842,982001,7796,1964002,"100mill-boot"
32,23,"petite","second",36841,41499,3610282,6389880,82998,12779760,115,3909,25347,976256,7818,1952512,"100mill-boot"
32,24,"petite","second",36723,41567,3600947,6399068,83134,12798136,90,3906,20220,981080,7812,1962160,"100mill-boot"
32,25,"petite","second",36834,41353,3617482,6382729,82706,12765458,120,3887,27322,972905,7774,1945810,"100mill-boot"
32,26,"petite","second",36733,41549,3604752,6395312,83098,12790624,110,3900,24546,976317,7800,1952634,"100mill-boot"
32,27,"petite","second",36472,41558,3587529,6412560,83116,12825120,114,3905,25489,977773,7810,1955546,"100mill-boot"
32,28,"petite","second",36610,41401,3596904,6403105,82802,12806210,108,3900,24454,975829,7800,1951658,"100mill-boot"
32,29,"petite","second",36517,41579,3602616,6397402,83158,12794804,107,3920,23830,977284,7840,1954568,"100mill-boot"
32,30,"petite","second",36623,41604,3600910,6399134,83208,12798268,97,3939,22518,980105,7878,1960210,"100mill-boot"
50,1,"petite","second",37435,41257,3669140,6330988,82514,12661976,131,3835,25605,975054,7670,1950108,"100mill-boot"
50,2,"petite","second",37201,41263,3644817,6355228,82526,12710456,140,3820,26392,975934,7640,1951868,"100mill-boot"
50,3,"petite","second",37240,41045,3671756,6328340,82090,12656680,129,3842,24793,975651,7684,1951302,"100mill-boot"
50,4,"petite","second",36913,41477,3625473,6374583,82954,12749166,137,3851,25584,975040,7702,1950080,"100mill-boot"
50,5,"petite","second",37094,41389,3639771,6360358,82778,12720716,124,3838,23186,978689,7676,1957378,"100mill-boot"
50,6,"petite","second",37478,41218,3682304,6317715,82436,12635430,120,3860,23539,976645,7720,1953290,"100mill-boot"
50,7,"petite","second",37332,41224,3663830,6336228,82448,12672456,148,3850,28518,972053,7700,1944106,"100mill-boot"
50,8,"petite","second",37558,41327,3671564,6328516,82654,12657032,126,3900,23937,977424,7800,1954848,"100mill-boot"
50,9,"petite","second",37217,41363,3658794,6341293,82726,12682586,131,3884,25070,975491,7768,1950982,"100mill-boot"
50,10,"petite","second",37372,41307,3659756,6340276,82614,12680552,124,3866,23480,976622,7732,1953244,"100mill-boot"
50,11,"petite","second",37246,41382,3653949,6346098,82764,12692196,146,3856,27654,974174,7712,1948348,"100mill-boot"
50,12,"petite","second",37420,41391,3676734,6323270,82782,12646540,152,3904,28533,974655,7808,1949310,"100mill-boot"
50,13,"petite","second",37719,40967,3692535,6307487,81934,12614974,144,3850,28108,975000,7700,1950000,"100mill-boot"
50,14,"petite","second",37519,41190,3663729,6336484,82380,12672968,132,3875,25597,978929,7750,1957858,"100mill-boot"
50,15,"petite","second",37444,41275,3668251,6331815,82550,12663630,145,3832,27116,974431,7664,1948862,"100mill-boot"
50,16,"petite","second",37494,41190,3676458,6323612,82380,12647224,158,3837,30207,970747,7674,1941494,"100mill-boot"
50,17,"petite","second",37573,41091,3686842,6313185,82182,12626370,134,3901,25323,977225,7802,1954450,"100mill-boot"
50,18,"petite","second",37358,41283,3660926,6339233,82566,12678466,150,3847,29060,972308,7694,1944616,"100mill-boot"
50,19,"petite","second",37454,41121,3681563,6318515,82242,12637030,152,3820,29356,971568,7640,1943136,"100mill-boot"
50,20,"petite","second",37697,41244,3695187,6304831,82488,12609662,154,3871,29389,972176,7742,1944352,"100mill-boot"
50,21,"petite","second",37600,41242,3675390,6324683,82484,12649366,140,3863,26306,974665,7726,1949330,"100mill-boot"
50,22,"petite","second",37372,41148,3663201,6336864,82296,12673728,139,3825,26605,973860,7650,1947720,"100mill-boot"
50,23,"petite","second",37510,41190,3682489,6317581,82380,12635162,139,3897,26740,976204,7794,1952408,"100mill-boot"
50,24,"petite","second",37621,41096,3685803,6314258,82192,12628516,130,3872,24360,976710,7744,1953420,"100mill-boot"
50,25,"petite","second",37389,41343,3660290,6339799,82686,12679598,127,3858,23957,976070,7716,1952140,"100mill-boot"
50,26,"petite","second",37129,41455,3637066,6362935,82910,12725870,134,3842,25273,974935,7684,1949870,"100mill-boot"
50,27,"petite","second",37631,41157,3688883,6311228,82314,12622456,147,3843,27735,975602,7686,1951204,"100mill-boot"
50,28,"petite","second",37491,41223,3666370,6333650,82446,12667300,128,3844,24491,977288,7688,1954576,"100mill-boot"
50,29,"petite","second",37464,41091,3683219,6316852,82182,12633704,145,3862,27368,973184,7724,1946368,"100mill-boot"
50,30,"petite","second",37603,41110,3697932,6302167,82220,12604334,144,3892,27477,975143,7784,1950286,"100mill-boot"
43,1,"petite","second",37858,41769,3667607,6332521,83538,12665042,156,3981,30177,971405,7962,1942810,"100mill-boot"
43,2,"petite","second",37891,41637,3668287,6331722,83274,12663444,175,3930,35065,965244,7860,1930488,"100mill-boot"
43,3,"petite","second",37743,41817,3666547,6333687,83634,12667374,176,3948,35596,966953,7896,1933906,"100mill-boot"
43,4,"petite","second",37848,41548,3685451,6314691,83096,12629382,167,3953,33184,969101,7906,1938202,"100mill-boot"
43,5,"petite","second",37716,41690,3670977,6329110,83380,12658220,176,3972,35880,964427,7944,1928854,"100mill-boot"
43,6,"petite","second",37570,41798,3650303,6349763,83596,12699526,180,3947,36305,967819,7894,1935638,"100mill-boot"
43,7,"petite","second",37697,41771,3663251,6336802,83542,12673604,171,3957,33504,970204,7914,1940408,"100mill-boot"
43,8,"petite","second",37669,41671,3659806,6340316,83342,12680632,170,3975,33842,971693,7950,1943386,"100mill-boot"
43,9,"petite","second",37931,41805,3667235,6332816,83610,12665632,172,3967,35075,968059,7934,1936118,"100mill-boot"
43,10,"petite","second",37810,41780,3671947,6328163,83560,12656326,161,3938,32789,968419,7876,1936838,"100mill-boot"
43,11,"petite","second",37802,41742,3663022,6337045,83484,12674090,160,3965,31908,969995,7930,1939990,"100mill-boot"
43,12,"petite","second",37981,41767,3680198,6319881,83534,12639762,177,3941,34512,966290,7882,1932580,"100mill-boot"
43,13,"petite","second",37718,41884,3652473,6347555,83768,12695110,164,3942,32984,968816,7884,1937632,"100mill-boot"
43,14,"petite","second",37877,41590,3680930,6319254,83180,12638508,171,3964,33683,968334,7928,1936668,"100mill-boot"
43,15,"petite","second",37905,41703,3668128,6331976,83406,12663952,156,3958,30773,969243,7916,1938486,"100mill-boot"
43,16,"petite","second",37562,41754,3636162,6363990,83508,12727980,148,3926,31737,968582,7852,1937164,"100mill-boot"
43,17,"petite","second",37615,41782,3639405,6360621,83564,12721242,167,3946,33447,971030,7892,1942060,"100mill-boot"
43,18,"petite","second",38123,41550,3694510,6305516,83100,12611032,169,3952,33951,967077,7904,1934154,"100mill-boot"
43,19,"petite","second",37938,41493,3697447,6302576,82986,12605152,178,3939,36550,964894,7878,1929788,"100mill-boot"
43,20,"petite","second",37542,41938,3640274,6359733,83876,12719466,164,3952,34286,965965,7904,1931930,"100mill-boot"
43,21,"petite","second",37732,41727,3658788,6341254,83454,12682508,156,3950,33135,967265,7900,1934530,"100mill-boot"
43,22,"petite","second",37719,41751,3653243,6346913,83502,12693826,169,3915,34512,965592,7830,1931184,"100mill-boot"
43,23,"petite","second",37705,41633,3663250,6336764,83266,12673528,174,3935,36144,964367,7870,1928734,"100mill-boot"
43,24,"petite","second",37869,41757,3664616,6335423,83514,12670846,178,3941,35767,966666,7882,1933332,"100mill-boot"
43,25,"petite","second",37692,41874,3635919,6364152,83748,12728304,168,3930,33879,966647,7860,1933294,"100mill-boot"
43,26,"petite","second",37977,41771,3681274,6318818,83542,12637636,157,3957,31627,970554,7914,1941108,"100mill-boot"
43,27,"petite","second",37660,41786,3662363,6337749,83572,12675498,187,3931,37305,963004,7862,1926008,"100mill-boot"
43,28,"petite","second",37965,41651,3691787,6308288,83302,12616576,167,3937,33757,967533,7874,1935066,"100mill-boot"
43,29,"petite","second",37905,41805,3674180,6325915,83610,12651830,163,3996,31749,968509,7992,1937018,"100mill-boot"
43,30,"petite","second",37652,41690,3666250,6333824,83380,12667648,169,3926,35375,964790,7852,1929580,"100mill-boot"
44,1,"petite","second",37971,41374,3704855,6295342,82748,12590684,174,3941,34636,967780,7882,1935560,"100mill-boot"
44,2,"petite","second",38261,41354,3732102,6267962,82708,12535924,217,3887,44885,957454,7774,1914908,"100mill-boot"
44,3,"petite","second",37750,41463,3695761,6304293,82926,12608586,180,3929,36447,963592,7858,1927184,"100mill-boot"
44,4,"petite","second",38046,41451,3708758,6291324,82902,12582648,153,3955,32159,968525,7910,1937050,"100mill-boot"
44,5,"petite","second",38140,41398,3719310,6280691,82796,12561382,192,3903,37910,964281,7806,1928562,"100mill-boot"
44,6,"petite","second",37901,41615,3707120,6293101,83230,12586202,200,3896,42598,961883,7792,1923766,"100mill-boot"
44,7,"petite","second",38041,41387,3725075,6274958,82774,12549916,175,3920,35567,965145,7840,1930290,"100mill-boot"
44,8,"petite","second",38193,41420,3722808,6277260,82840,12554520,187,3891,36972,963103,7782,1926206,"100mill-boot"
44,9,"petite","second",38117,41339,3717522,6282522,82678,12565044,203,3897,43418,957978,7794,1915956,"100mill-boot"
44,10,"petite","second",38295,41270,3745290,6254713,82540,12509426,175,3913,36469,964654,7826,1929308,"100mill-boot"
44,11,"petite","second",38112,41364,3708303,6291756,82728,12583512,179,3945,36351,965230,7890,1930460,"100mill-boot"
44,12,"petite","second",38502,41255,3742920,6257188,82510,12514376,174,3947,36743,964586,7894,1929172,"100mill-boot"
44,13,"petite","second",38018,41547,3705327,6294683,83094,12589366,201,3933,41144,960816,7866,1921632,"100mill-boot"
44,14,"petite","second",38344,41146,3746190,6253812,82292,12507624,189,3917,38237,963636,7834,1927272,"100mill-boot"
44,15,"petite","second",37786,41734,3668873,6331143,83468,12662286,159,3954,31451,968677,7908,1937354,"100mill-boot"
44,16,"petite","second",38234,41222,3731558,6268454,82444,12536908,183,3916,37433,965500,7832,1931000,"100mill-boot"
44,17,"petite","second",37951,41483,3704568,6295451,82966,12590902,180,3909,37121,964633,7818,1929266,"100mill-boot"
44,18,"petite","second",38321,41337,3732941,6267092,82674,12534184,149,3936,29804,971861,7872,1943722,"100mill-boot"
44,19,"petite","second",38287,41229,3738367,6261712,82458,12523424,157,3956,31448,968960,7912,1937920,"100mill-boot"
44,20,"petite","second",37759,41775,3673073,6326985,83550,12653970,189,3907,38509,961760,7814,1923520,"100mill-boot"
44,21,"petite","second",37976,41483,3706236,6293781,82966,12587562,172,3926,35035,966718,7852,1933436,"100mill-boot"
44,22,"petite","second",38093,41444,3708891,6291207,82888,12582414,188,3895,39141,962154,7790,1924308,"100mill-boot"
44,23,"petite","second",38117,41407,3721652,6278484,82814,12556968,180,3933,38090,963696,7866,1927392,"100mill-boot"
44,24,"petite","second",38322,41313,3741127,6258937,82626,12517874,170,3924,33919,967484,7848,1934968,"100mill-boot"
44,25,"petite","second",37970,41394,3711781,6288225,82788,12576450,170,3912,36061,965853,7824,1931706,"100mill-boot"
44,26,"petite","second",37771,41699,3676687,6323718,83398,12647436,177,3949,36993,969797,7898,1939594,"100mill-boot"
44,27,"petite","second",37972,41567,3710674,6289518,83134,12579036,178,3944,36522,964120,7888,1928240,"100mill-boot"
44,28,"petite","second",38311,41193,3737318,6262763,82386,12525526,177,3944,37082,963105,7888,1926210,"100mill-boot"
44,29,"petite","second",38058,41443,3712447,6287555,82886,12575110,191,3901,40285,963548,7802,1927096,"100mill-boot"
44,30,"petite","second",38005,41340,3705800,6294349,82680,12588698,171,3906,34456,966775,7812,1933550,"100mill-boot"
10,1,"petite","second",37972,41963,3670614,6329532,83926,12659064,177,3829,37050,964589,7658,1929178,"100mill-boot"
10,2,"petite","second",37587,42088,3645149,6354933,84176,12709866,141,3872,29982,971326,7744,1942652,"100mill-boot"
10,3,"petite","second",37363,42043,3620402,6379678,84086,12759356,125,3875,28031,973764,7750,1947528,"100mill-boot"
10,4,"petite","second",37711,41963,3646135,6354004,83926,12708008,146,3884,29981,970296,7768,1940592,"100mill-boot"
10,5,"petite","second",37775,41992,3648909,6351124,83984,12702248,145,3875,32582,970536,7750,1941072,"100mill-boot"
10,6,"petite","second",37815,41899,3651581,6348444,83798,12696888,139,3855,31819,969432,7710,1938864,"100mill-boot"
10,7,"petite","second",37678,42024,3641166,6358892,84048,12717784,150,3885,32188,968518,7770,1937036,"100mill-boot"
10,8,"petite","second",37933,42006,3646216,6353827,84012,12707654,135,3902,28580,972596,7804,1945192,"100mill-boot"
10,9,"petite","second",37769,42009,3643473,6356652,84018,12713304,142,3910,29450,972868,7820,1945736,"100mill-boot"
10,10,"petite","second",37785,42066,3631929,6368080,84132,12736160,142,3863,30194,969899,7726,1939798,"100mill-boot"
10,11,"petite","second",37862,42025,3642310,6357721,84050,12715442,126,3902,27039,975487,7804,1950974,"100mill-boot"
10,12,"petite","second",37738,41966,3640429,6359651,83932,12719302,159,3873,32479,968251,7746,1936502,"100mill-boot"
10,13,"petite","second",37785,42011,3655357,6344729,84022,12689458,151,3885,30388,969707,7770,1939414,"100mill-boot"
10,14,"petite","second",38093,41997,3675525,6324488,83994,12648976,172,3863,37396,964541,7726,1929082,"100mill-boot"
10,15,"petite","second",37755,42094,3647367,6352697,84188,12705394,128,3917,27512,972991,7834,1945982,"100mill-boot"
10,16,"petite","second",37518,42198,3617408,6382601,84396,12765202,130,3866,27022,973729,7732,1947458,"100mill-boot"
10,17,"petite","second",37896,41773,3658019,6341983,83546,12683966,144,3882,30982,969896,7764,1939792,"100mill-boot"
10,18,"petite","second",37741,42072,3641697,6358352,84144,12716704,143,3839,31346,971131,7678,1942262,"100mill-boot"
10,19,"petite","second",37812,41914,3655508,6344551,83828,12689102,154,3867,31555,970232,7734,1940464,"100mill-boot"
10,20,"petite","second",37801,42043,3642140,6358112,84086,12716224,160,3881,34776,966723,7762,1933446,"100mill-boot"
10,21,"petite","second",37998,41711,3683622,6316380,83422,12632760,146,3869,32446,967786,7738,1935572,"100mill-boot"
10,22,"petite","second",37791,41957,3640188,6359885,83914,12719770,163,3858,35663,965180,7716,1930360,"100mill-boot"
10,23,"petite","second",37839,42083,3636442,6363726,84166,12727452,128,3885,27496,973498,7770,1946996,"100mill-boot"
10,24,"petite","second",38011,41989,3649496,6350620,83978,12701240,138,3898,27060,973009,7796,1946018,"100mill-boot"
10,25,"petite","second",37687,42152,3637177,6362960,84304,12725920,161,3841,34730,966489,7682,1932978,"100mill-boot"
10,26,"petite","second",37734,41964,3643127,6356980,83928,12713960,140,3888,28608,973087,7776,1946174,"100mill-boot"
10,27,"petite","second",37891,41846,3659863,6340294,83692,12680588,137,3884,29169,972354,7768,1944708,"100mill-boot"
10,28,"petite","second",37677,42128,3639204,6360923,84256,12721846,141,3884,31890,968598,7768,1937196,"100mill-boot"
10,29,"petite","second",38088,41810,3675419,6324599,83620,12649198,143,3895,29028,973862,7790,1947724,"100mill-boot"
10,30,"petite","second",37870,41815,3650908,6349123,83630,12698246,160,3862,32650,969195,7724,1938390,"100mill-boot"
17,1,"petite","second",37770,41620,3659280,6340806,83240,12681612,95,3868,15924,984107,7736,1968214,"100mill-boot"
17,2,"petite","second",37805,41397,3660692,6339314,82794,12678628,80,3915,13327,988453,7830,1976906,"100mill-boot"
17,3,"petite","second",37989,41328,3684680,6315340,82656,12630680,98,3869,16780,983604,7738,1967208,"100mill-boot"
17,4,"petite","second",37989,41334,3689326,6310731,82668,12621462,104,3879,17792,985689,7758,1971378,"100mill-boot"
17,5,"petite","second",37757,41433,3656523,6343603,82866,12687206,89,3889,15463,987065,7778,1974130,"100mill-boot"
17,6,"petite","second",38132,41387,3687867,6312254,82774,12624508,87,3879,14887,986450,7758,1972900,"100mill-boot"
17,7,"petite","second",37708,41373,3658686,6341401,82746,12682802,105,3881,17683,986579,7762,1973158,"100mill-boot"
17,8,"petite","second",37984,41472,3677330,6322791,82944,12645582,94,3909,16338,986281,7818,1972562,"100mill-boot"
17,9,"petite","second",37922,41488,3668835,6331167,82976,12662334,91,3919,15513,984762,7838,1969524,"100mill-boot"
17,10,"petite","second",37764,41489,3653624,6346408,82978,12692816,100,3837,16908,985337,7674,1970674,"100mill-boot"
17,11,"petite","second",37768,41555,3659172,6340963,83110,12681926,96,3853,15978,985570,7706,1971140,"100mill-boot"
17,12,"petite","second",37841,41565,3647247,6352828,83130,12705656,79,3864,13726,988519,7728,1977038,"100mill-boot"
17,13,"petite","second",38000,41401,3679757,6320352,82802,12640704,93,3892,15670,987349,7784,1974698,"100mill-boot"
17,14,"petite","second",38070,41308,3683970,6316202,82616,12632404,85,3864,14908,986282,7728,1972564,"100mill-boot"
17,15,"petite","second",37733,41618,3658110,6341923,83236,12683846,91,3918,15648,987404,7836,1974808,"100mill-boot"
17,16,"petite","second",37560,41586,3646945,6353174,83172,12706348,109,3882,19165,985001,7764,1970002,"100mill-boot"
17,17,"petite","second",37808,41375,3666555,6333533,82750,12667066,89,3854,14775,985670,7708,1971340,"100mill-boot"
17,18,"petite","second",38030,41261,3692583,6307588,82522,12615176,114,3864,19700,984662,7728,1969324,"100mill-boot"
17,19,"petite","second",37754,41347,3674152,6326080,82694,12652160,93,3846,15709,985491,7692,1970982,"100mill-boot"
17,20,"petite","second",37848,41575,3648271,6351799,83150,12703598,90,3879,15016,986961,7758,1973922,"100mill-boot"
17,21,"petite","second",38078,41379,3671266,6328752,82758,12657504,92,3841,15809,987579,7682,1975158,"100mill-boot"
17,22,"petite","second",37812,41499,3657027,6343002,82998,12686004,87,3914,15038,985847,7828,1971694,"100mill-boot"
17,23,"petite","second",37888,41423,3672637,6327484,82846,12654968,109,3897,18359,981762,7794,1963524,"100mill-boot"
17,24,"petite","second",38169,41360,3689251,6311037,82720,12622074,107,3874,18373,984690,7748,1969380,"100mill-boot"
17,25,"petite","second",37826,41473,3654746,6345294,82946,12690588,107,3815,18438,983009,7630,1966018,"100mill-boot"
17,26,"petite","second",38237,41224,3695990,6304026,82448,12608052,117,3858,20389,982621,7716,1965242,"100mill-boot"
17,27,"petite","second",37755,41546,3661399,6338764,83092,12677528,84,3855,14279,987862,7710,1975724,"100mill-boot"
17,28,"petite","second",37621,41511,3656225,6343785,83022,12687570,107,3863,18447,983519,7726,1967038,"100mill-boot"
17,29,"petite","second",37995,41268,3683362,6316743,82536,12633486,103,3841,17787,982359,7682,1964718,"100mill-boot"
17,30,"petite","second",37860,41436,3672503,6327527,82872,12655054,77,3913,12946,993168,7826,1986336,"100mill-boot"
28,1,"petite","second",37766,41499,3660405,6339733,82998,12679466,88,3958,17716,982391,7916,1964782,"100mill-boot"
28,2,"petite","second",37816,41382,3666906,6333119,82764,12666238,78,3967,16887,984075,7934,1968150,"100mill-boot"
28,3,"petite","second",37852,41411,3671377,6328678,82822,12657356,100,3973,20252,982101,7946,1964202,"100mill-boot"
28,4,"petite","second",38010,41325,3669535,6330523,82650,12661046,90,3942,18556,982210,7884,1964420,"100mill-boot"
28,5,"petite","second",37699,41514,3651434,6348759,83028,12697518,84,3988,17361,984218,7976,1968436,"100mill-boot"
28,6,"petite","second",37968,41459,3663700,6336307,82918,12672614,65,3976,13172,988071,7952,1976142,"100mill-boot"
28,7,"petite","second",37796,41484,3649618,6350388,82968,12700776,80,3984,16388,985093,7968,1970186,"100mill-boot"
28,8,"petite","second",37890,41479,3651612,6348399,82958,12696798,81,3972,16223,985533,7944,1971066,"100mill-boot"
28,9,"petite","second",38357,41238,3709715,6290345,82476,12580690,82,3978,16523,985851,7956,1971702,"100mill-boot"
28,10,"petite","second",38019,41187,3690502,6309728,82374,12619456,71,3985,14939,987011,7970,1974022,"100mill-boot"
28,11,"petite","second",38385,41129,3718945,6281080,82258,12562160,83,3971,18638,982330,7942,1964660,"100mill-boot"
28,12,"petite","second",38131,41325,3683281,6316737,82650,12633474,63,3980,12992,988285,7960,1976570,"100mill-boot"
28,13,"petite","second",37659,41586,3642331,6357753,83172,12715506,87,3967,17174,986003,7934,1972006,"100mill-boot"
28,14,"petite","second",37920,41291,3672216,6328058,82582,12656116,81,3978,17116,983597,7956,1967194,"100mill-boot"
28,15,"petite","second",37935,41338,3671886,6328145,82676,12656290,77,3956,16419,983582,7912,1967164,"100mill-boot"
28,16,"petite","second",37626,41656,3640439,6359604,83312,12719208,82,3977,17272,984886,7954,1969772,"100mill-boot"
28,17,"petite","second",37989,41335,3670253,6329793,82670,12659586,70,3966,14348,987433,7932,1974866,"100mill-boot"
28,18,"petite","second",37961,41217,3672532,6327689,82434,12655378,78,3965,15877,985617,7930,1971234,"100mill-boot"
28,19,"petite","second",38076,41331,3690488,6309566,82662,12619132,76,3969,15528,985130,7938,1970260,"100mill-boot"
28,20,"petite","second",37913,41324,3668923,6331088,82648,12662176,72,4006,15876,985963,8012,1971926,"100mill-boot"
28,21,"petite","second",38400,41108,3705051,6294961,82216,12589922,89,3953,17685,983622,7906,1967244,"100mill-boot"
28,22,"petite","second",37974,41448,3662096,6338128,82896,12676256,79,3962,16214,984881,7924,1969762,"100mill-boot"
28,23,"petite","second",37969,41383,3673781,6326235,82766,12652470,75,3961,15151,989703,7922,1979406,"100mill-boot"
28,24,"petite","second",37938,41393,3659229,6340906,82786,12681812,85,3978,17954,984237,7956,1968474,"100mill-boot"
28,25,"petite","second",38072,41399,3678615,6321632,82798,12643264,75,3962,15762,985267,7924,1970534,"100mill-boot"
28,26,"petite","second",38014,41345,3679108,6320915,82690,12641830,91,3946,19476,980872,7892,1961744,"100mill-boot"
28,27,"petite","second",37835,41467,3648304,6351820,82934,12703640,80,3973,16878,984949,7946,1969898,"100mill-boot"
28,28,"petite","second",37910,41482,3659022,6341081,82964,12682162,73,3955,15144,985506,7910,1971012,"100mill-boot"
28,29,"petite","second",37766,41339,3648342,6351848,82678,12703696,78,3946,16555,985916,7892,1971832,"100mill-boot"
28,30,"petite","second",38241,41214,3690570,6309568,82428,12619136,75,3986,15024,988110,7972,1976220,"100mill-boot"
21,1,"petite","second",37063,42494,3632386,6367794,84988,12735588,160,3856,30259,973002,7712,1946004,"100mill-boot"
21,2,"petite","second",37126,42561,3621561,6378469,85122,12756938,167,3866,30964,972985,7732,1945970,"100mill-boot"
21,3,"petite","second",37187,42186,3643464,6356565,84372,12713130,115,3844,20243,979929,7688,1959858,"100mill-boot"
21,4,"petite","second",37363,42421,3637383,6362711,84842,12725422,136,3846,23889,976772,7692,1953544,"100mill-boot"
21,5,"petite","second",37256,42259,3636147,6363890,84518,12727780,122,3855,22020,978619,7710,1957238,"100mill-boot"
21,6,"petite","second",37098,42450,3633095,6366935,84900,12733870,146,3867,26231,974459,7734,1948918,"100mill-boot"
21,7,"petite","second",36974,42527,3611367,6388821,85054,12777642,123,3897,23588,976930,7794,1953860,"100mill-boot"
21,8,"petite","second",37318,42482,3633120,6366952,84964,12733904,118,3908,21072,980078,7816,1960156,"100mill-boot"
21,9,"petite","second",37387,42112,3658374,6341810,84224,12683620,134,3833,23992,978216,7666,1956432,"100mill-boot"
21,10,"petite","second",37254,42323,3625366,6374692,84646,12749384,116,3856,20729,982334,7712,1964668,"100mill-boot"
21,11,"petite","second",37205,42497,3634124,6365997,84994,12731994,154,3873,28197,972897,7746,1945794,"100mill-boot"
21,12,"petite","second",37140,42487,3617148,6383008,84974,12766016,121,3880,21551,980117,7760,1960234,"100mill-boot"
21,13,"petite","second",37238,42317,3629496,6370516,84634,12741032,124,3884,22345,978199,7768,1956398,"100mill-boot"
21,14,"petite","second",37152,42499,3628248,6371796,84998,12743592,110,3832,19435,981388,7664,1962776,"100mill-boot"
21,15,"petite","second",36950,42510,3608326,6391757,85020,12783514,135,3866,24476,977516,7732,1955032,"100mill-boot"
21,16,"petite","second",37125,42433,3630036,6370025,84866,12740050,111,3890,20177,982205,7780,1964410,"100mill-boot"
21,17,"petite","second",37127,42285,3626447,6373608,84570,12747216,109,3857,19432,981143,7714,1962286,"100mill-boot"
21,18,"petite","second",37245,42355,3636156,6363954,84710,12727908,129,3872,23329,977927,7744,1955854,"100mill-boot"
21,19,"petite","second",37380,42094,3658612,6341407,84188,12682814,134,3868,24243,977219,7736,1954438,"100mill-boot"
21,20,"petite","second",37447,42233,3650406,6349672,84466,12699344,147,3860,27229,973710,7720,1947420,"100mill-boot"
21,21,"petite","second",37067,42432,3624399,6375640,84864,12751280,126,3892,22603,978257,7784,1956514,"100mill-boot"
21,22,"petite","second",37243,42333,3645380,6354716,84666,12709432,121,3847,21292,979156,7694,1958312,"100mill-boot"
21,23,"petite","second",37143,42412,3624485,6375534,84824,12751068,129,3871,23428,978178,7742,1956356,"100mill-boot"
21,24,"petite","second",37309,42407,3634453,6365668,84814,12731336,143,3856,26012,975862,7712,1951724,"100mill-boot"
21,25,"petite","second",37261,42502,3631959,6368116,85004,12736232,123,3839,22028,978409,7678,1956818,"100mill-boot"
21,26,"petite","second",37446,42144,3651608,6348402,84288,12696804,150,3857,28279,972357,7714,1944714,"100mill-boot"
21,27,"petite","second",36863,42627,3596884,6403157,85254,12806314,126,3882,22730,980210,7764,1960420,"100mill-boot"
21,28,"petite","second",37038,42574,3614608,6385439,85148,12770878,136,3894,25736,976028,7788,1952056,"100mill-boot"
21,29,"petite","second",37402,42233,3652042,6347981,84466,12695962,123,3865,22161,978830,7730,1957660,"100mill-boot"
21,30,"petite","second",37318,42366,3646995,6353010,84732,12706020,129,3886,23721,978604,7772,1957208,"100mill-boot"
26,1,"petite","second",37277,41961,3648442,6351614,83922,12703228,114,3896,25263,977286,7792,1954572,"100mill-boot"
26,2,"petite","second",37048,42066,3631393,6368639,84132,12737278,97,3895,21758,981890,7790,1963780,"100mill-boot"
26,3,"petite","second",37306,41752,3666556,6333525,83504,12667050,99,3914,21398,978730,7828,1957460,"100mill-boot"
26,4,"petite","second",37194,41832,3648825,6351228,83664,12702456,103,3887,21067,980533,7774,1961066,"100mill-boot"
26,5,"petite","second",37031,41937,3630170,6369878,83874,12739756,105,3925,22344,979993,7850,1959986,"100mill-boot"
26,6,"petite","second",37008,41898,3625287,6374844,83796,12749688,103,3900,21667,981249,7800,1962498,"100mill-boot"
26,7,"petite","second",37309,41916,3657793,6342229,83832,12684458,126,3888,26636,973785,7776,1947570,"100mill-boot"
26,8,"petite","second",37138,42007,3626704,6373494,84014,12746988,92,3884,20734,981752,7768,1963504,"100mill-boot"
26,9,"petite","second",36936,42128,3609726,6390349,84256,12780698,97,3887,20947,979387,7774,1958774,"100mill-boot"
26,10,"petite","second",37250,41916,3642162,6357929,83832,12715858,107,3912,23237,978216,7824,1956432,"100mill-boot"
26,11,"petite","second",37026,42046,3621336,6378815,84092,12757630,102,3910,21740,979126,7820,1958252,"100mill-boot"
26,12,"petite","second",37476,41889,3665071,6334946,83778,12669892,130,3911,28514,972982,7822,1945964,"100mill-boot"
26,13,"petite","second",37475,41712,3664310,6335754,83424,12671508,116,3882,23875,978875,7764,1957750,"100mill-boot"
26,14,"petite","second",37594,41683,3685702,6314465,83366,12628930,115,3900,23734,979908,7800,1959816,"100mill-boot"
26,15,"petite","second",37115,41958,3621433,6378651,83916,12757302,107,3911,23724,979560,7822,1959120,"100mill-boot"
26,16,"petite","second",37069,42085,3627835,6372221,84170,12744442,118,3897,24775,976571,7794,1953142,"100mill-boot"
26,17,"petite","second",37091,41959,3624640,6375409,83918,12750818,81,3882,18095,983785,7764,1967570,"100mill-boot"
26,18,"petite","second",37227,41964,3641935,6358076,83928,12716152,93,3934,19375,981115,7868,1962230,"100mill-boot"
26,19,"petite","second",36924,41935,3630826,6369223,83870,12738446,115,3858,23598,977218,7716,1954436,"100mill-boot"
26,20,"petite","second",37575,41729,3672849,6327207,83458,12654414,128,3897,28128,972763,7794,1945526,"100mill-boot"
26,21,"petite","second",37505,41567,3680036,6320005,83134,12640010,108,3901,22272,981258,7802,1962516,"100mill-boot"
26,22,"petite","second",37174,41916,3633355,6366660,83832,12733320,113,3901,24375,976509,7802,1953018,"100mill-boot"
26,23,"petite","second",37222,41894,3640023,6360016,83788,12720032,114,3885,22845,978222,7770,1956444,"100mill-boot"
26,24,"petite","second",37316,41928,3650105,6350071,83856,12700142,126,3901,26300,974012,7802,1948024,"100mill-boot"
26,25,"petite","second",37458,41822,3664403,6335730,83644,12671460,108,3914,22795,978895,7828,1957790,"100mill-boot"
26,26,"petite","second",36947,42084,3616075,6384035,84168,12768070,104,3848,22100,978144,7696,1956288,"100mill-boot"
26,27,"petite","second",36998,41926,3617437,6382604,83852,12765208,85,3900,17512,987030,7800,1974060,"100mill-boot"
26,28,"petite","second",37066,41969,3633252,6366772,83938,12733544,97,3926,21415,979898,7852,1959796,"100mill-boot"
26,29,"petite","second",37344,41860,3656784,6343253,83720,12686506,125,3880,26598,974816,7760,1949632,"100mill-boot"
26,30,"petite","second",37010,41899,3624462,6375624,83798,12751248,98,3901,21522,979014,7802,1958028,"100mill-boot"
19,1,"petite","second",38836,40389,3782281,6217761,80778,12435522,135,3888,25220,976804,7776,1953608,"100mill-boot"
19,2,"petite","second",38528,40562,3760311,6239825,81124,12479650,102,3901,19100,981113,7802,1962226,"100mill-boot"
19,3,"petite","second",38192,40537,3734938,6265139,81074,12530278,114,3890,21057,979488,7780,1958976,"100mill-boot"
19,4,"petite","second",38278,40582,3744809,6255233,81164,12510466,127,3881,22813,978192,7762,1956384,"100mill-boot"
19,5,"petite","second",38350,40634,3726546,6273497,81268,12546994,95,3905,18823,984307,7810,1968614,"100mill-boot"
19,6,"petite","second",38263,40873,3718449,6281628,81746,12563256,132,3882,24538,976410,7764,1952820,"100mill-boot"
19,7,"petite","second",38413,40552,3738839,6261364,81104,12522728,119,3877,21371,981068,7754,1962136,"100mill-boot"
19,8,"petite","second",38526,40685,3755072,6244964,81370,12489928,123,3892,22277,978302,7784,1956604,"100mill-boot"
19,9,"petite","second",38353,40678,3722979,6277224,81356,12554448,105,3915,19899,980691,7830,1961382,"100mill-boot"
19,10,"petite","second",38517,40557,3749823,6250246,81114,12500492,98,3926,18998,981890,7852,1963780,"100mill-boot"
19,11,"petite","second",38537,40486,3741597,6258542,80972,12517084,106,3870,20064,980528,7740,1961056,"100mill-boot"
19,12,"petite","second",38196,40683,3717579,6282546,81366,12565092,101,3898,19595,981152,7796,1962304,"100mill-boot"
19,13,"petite","second",38698,40428,3763863,6236259,80856,12472518,117,3890,21176,978865,7780,1957730,"100mill-boot"
19,14,"petite","second",38363,40672,3736045,6264029,81344,12528058,120,3924,22081,978388,7848,1956776,"100mill-boot"
19,15,"petite","second",38538,40434,3764467,6235761,80868,12471522,129,3889,23149,978069,7778,1956138,"100mill-boot"
19,16,"petite","second",38385,40717,3728744,6271404,81434,12542808,127,3881,22959,978179,7762,1956358,"100mill-boot"
19,17,"petite","second",38593,40524,3757383,6242704,81048,12485408,136,3863,25269,974835,7726,1949670,"100mill-boot"
19,18,"petite","second",38472,40518,3749935,6250126,81036,12500252,101,3931,19245,982384,7862,1964768,"100mill-boot"
19,19,"petite","second",38574,40453,3757784,6242304,80906,12484608,133,3907,24493,976058,7814,1952116,"100mill-boot"
19,20,"petite","second",38522,40783,3752488,6247549,81566,12495098,142,3906,25106,975895,7812,1951790,"100mill-boot"
19,21,"petite","second",38082,40844,3707900,6292175,81688,12584350,119,3901,21621,979062,7802,1958124,"100mill-boot"
19,22,"petite","second",38416,40626,3743898,6256261,81252,12512522,106,3919,20029,980090,7838,1960180,"100mill-boot"
19,23,"petite","second",38772,40438,3762832,6237299,80876,12474598,144,3886,26917,975626,7772,1951252,"100mill-boot"
19,24,"petite","second",38827,40457,3772910,6227176,80914,12454352,101,3928,18494,982013,7856,1964026,"100mill-boot"
19,25,"petite","second",38383,40621,3736283,6263806,81242,12527612,105,3853,19175,982398,7706,1964796,"100mill-boot"
19,26,"petite","second",38473,40470,3758288,6241801,80940,12483602,98,3890,19016,982040,7780,1964080,"100mill-boot"
19,27,"petite","second",38330,40762,3731054,6269081,81524,12538162,113,3896,21291,979444,7792,1958888,"100mill-boot"
19,28,"petite","second",38217,40605,3736861,6263252,81210,12526504,142,3877,25405,976308,7754,1952616,"100mill-boot"
19,29,"petite","second",38326,40677,3744051,6255971,81354,12511942,118,3935,22436,979850,7870,1959700,"100mill-boot"
19,30,"petite","second",38534,40426,3750007,6250001,80852,12500002,108,3891,20004,980333,7782,1960666,"100mill-boot"
45,1,"petite","second",37705,41438,3679431,6320587,82876,12641174,126,3858,24321,977503,7716,1955006,"100mill-boot"
45,2,"petite","second",37500,41313,3673565,6326460,82626,12652920,113,3895,21426,979879,7790,1959758,"100mill-boot"
45,3,"petite","second",37384,41410,3647926,6352087,82820,12704174,106,3871,19696,981538,7742,1963076,"100mill-boot"
45,4,"petite","second",37668,41309,3682589,6317510,82618,12635020,122,3881,24166,977424,7762,1954848,"100mill-boot"
45,5,"petite","second",37257,41412,3650759,6349324,82824,12698648,94,3890,17330,983200,7780,1966400,"100mill-boot"
45,6,"petite","second",37127,41557,3627995,6372076,83114,12744152,97,3880,18669,983699,7760,1967398,"100mill-boot"
45,7,"petite","second",37074,41625,3629511,6370581,83250,12741162,100,3874,18383,981647,7748,1963294,"100mill-boot"
45,8,"petite","second",37371,41497,3645199,6354856,82994,12709712,108,3857,19556,981676,7714,1963352,"100mill-boot"
45,9,"petite","second",37650,41461,3669252,6330885,82922,12661770,111,3896,22187,981246,7792,1962492,"100mill-boot"
45,10,"petite","second",37329,41451,3642949,6357120,82902,12714240,140,3844,26404,973649,7688,1947298,"100mill-boot"
45,11,"petite","second",37516,41388,3680303,6319787,82776,12639574,125,3881,24666,977024,7762,1954048,"100mill-boot"
45,12,"petite","second",37350,41453,3645387,6354689,82906,12709378,94,3856,17673,984829,7712,1969658,"100mill-boot"
45,13,"petite","second",36993,41682,3611763,6388261,83364,12776522,87,3874,16166,986256,7748,1972512,"100mill-boot"
45,14,"petite","second",37403,41368,3649281,6350801,82736,12701602,113,3844,20500,980129,7688,1960258,"100mill-boot"
45,15,"petite","second",37301,41411,3648392,6351787,82822,12703574,93,3865,18163,982317,7730,1964634,"100mill-boot"
45,16,"petite","second",37246,41585,3649994,6350116,83170,12700232,100,3923,19049,981347,7846,1962694,"100mill-boot"
45,17,"petite","second",37443,41271,3664429,6335721,82542,12671442,136,3810,25990,975387,7620,1950774,"100mill-boot"
45,18,"petite","second",37621,41076,3690305,6309848,82152,12619696,85,3883,15714,988164,7766,1976328,"100mill-boot"
45,19,"petite","second",37394,41235,3673416,6326597,82470,12653194,104,3871,19124,981035,7742,1962070,"100mill-boot"
45,20,"petite","second",37185,41625,3640349,6359655,83250,12719310,128,3909,23993,977746,7818,1955492,"100mill-boot"
45,21,"petite","second",37878,41194,3693692,6306323,82388,12612646,128,3851,24941,978308,7702,1956616,"100mill-boot"
45,22,"petite","second",37161,41416,3640070,6359960,82832,12719920,101,3886,18670,981598,7772,1963196,"100mill-boot"
45,23,"petite","second",37521,41436,3678909,6321201,82872,12642402,137,3897,25657,975539,7794,1951078,"100mill-boot"
45,24,"petite","second",37381,41301,3663454,6336550,82602,12673100,118,3828,23104,979264,7656,1958528,"100mill-boot"
45,25,"petite","second",37274,41399,3648767,6351261,82798,12702522,109,3859,20019,980300,7718,1960600,"100mill-boot"
45,26,"petite","second",37190,41491,3630041,6370015,82982,12740030,104,3865,19374,985060,7730,1970120,"100mill-boot"
45,27,"petite","second",37360,41562,3655922,6344239,83124,12688478,102,3883,19023,983479,7766,1966958,"100mill-boot"
45,28,"petite","second",37435,41371,3668712,6331328,82742,12662656,106,3877,18651,981545,7754,1963090,"100mill-boot"
45,29,"petite","second",37484,41386,3673701,6326431,82772,12652862,88,3930,16166,983992,7860,1967984,"100mill-boot"
45,30,"petite","second",37330,41437,3642131,6357924,82874,12715848,106,3862,19584,981306,7724,1962612,"100mill-boot"
42,1,"petite","second",36773,42117,3654383,6345678,84234,12691356,152,3944,25849,974438,7888,1948876,"100mill-boot"
42,2,"petite","second",36867,41982,3674912,6325221,83964,12650442,171,3972,30360,970207,7944,1940414,"100mill-boot"
42,3,"petite","second",36703,41929,3676162,6324096,83858,12648192,167,3921,29076,970953,7842,1941906,"100mill-boot"
42,4,"petite","second",37068,41873,3690275,6309795,83746,12619590,174,3953,30317,970285,7906,1940570,"100mill-boot"
42,5,"petite","second",36787,42249,3666096,6334115,84498,12668230,174,3993,30635,971022,7986,1942044,"100mill-boot"
42,6,"petite","second",37154,41968,3681569,6318572,83936,12637144,158,3940,27063,974472,7880,1948944,"100mill-boot"
42,7,"petite","second",36943,42003,3688564,6311485,84006,12622970,181,3954,32802,969719,7908,1939438,"100mill-boot"
42,8,"petite","second",37170,41943,3681272,6318878,83886,12637756,176,3947,31107,970476,7894,1940952,"100mill-boot"
42,9,"petite","second",36694,42043,3644410,6355650,84086,12711300,191,3917,33734,967886,7834,1935772,"100mill-boot"
42,10,"petite","second",36898,41933,3669443,6330586,83866,12661172,164,3958,28563,971591,7916,1943182,"100mill-boot"
42,11,"petite","second",37028,41951,3684659,6315478,83902,12630956,177,3952,30986,969452,7904,1938904,"100mill-boot"
42,12,"petite","second",36706,42234,3643735,6356308,84468,12712616,168,3951,29715,972661,7902,1945322,"100mill-boot"
42,13,"petite","second",37149,41944,3707162,6292855,83888,12585710,183,3937,31025,969484,7874,1938968,"100mill-boot"
42,14,"petite","second",37126,41901,3697338,6302673,83802,12605346,148,3985,24949,976181,7970,1952362,"100mill-boot"
42,15,"petite","second",37083,41874,3693124,6306923,83748,12613846,172,3977,28900,971821,7954,1943642,"100mill-boot"
42,16,"petite","second",36739,42158,3651706,6348396,84316,12696792,167,3935,28762,973147,7870,1946294,"100mill-boot"
42,17,"petite","second",36872,42155,3656646,6343485,84310,12686970,166,3963,29105,971669,7926,1943338,"100mill-boot"
42,18,"petite","second",37059,41884,3693916,6306103,83768,12612206,196,3950,33925,966393,7900,1932786,"100mill-boot"
42,19,"petite","second",36938,41995,3680507,6319516,83990,12639032,187,3942,33001,967109,7884,1934218,"100mill-boot"
42,20,"petite","second",37061,41890,3693146,6306878,83780,12613756,160,3944,27627,973002,7888,1946004,"100mill-boot"
42,21,"petite","second",37288,41596,3715136,6284921,83192,12569842,180,3950,31202,969717,7900,1939434,"100mill-boot"
42,22,"petite","second",36838,42103,3662092,6338018,84206,12676036,174,3955,30258,970051,7910,1940102,"100mill-boot"
42,23,"petite","second",36912,41852,3678882,6321184,83704,12642368,181,3921,31707,969026,7842,1938052,"100mill-boot"
42,24,"petite","second",37203,41819,3704778,6295252,83638,12590504,177,3956,30992,972348,7912,1944696,"100mill-boot"
42,25,"petite","second",36970,41971,3691279,6308768,83942,12617536,183,3925,31386,969574,7850,1939148,"100mill-boot"
42,26,"petite","second",36952,41904,3670736,6329368,83808,12658736,180,3910,29996,971826,7820,1943652,"100mill-boot"
42,27,"petite","second",36911,42024,3677935,6322207,84048,12644414,182,3971,31658,971736,7942,1943472,"100mill-boot"
42,28,"petite","second",36877,42130,3685103,6315001,84260,12630002,182,3987,30934,973073,7974,1946146,"100mill-boot"
42,29,"petite","second",37063,41899,3694217,6305869,83798,12611738,188,3956,32171,969601,7912,1939202,"100mill-boot"
42,30,"petite","second",37057,41978,3683912,6316131,83956,12632262,159,4008,27249,977013,8016,1954026,"100mill-boot"
27,1,"petite","second",37966,41904,3682062,6318010,83808,12636020,114,3933,21263,981530,7866,1963060,"100mill-boot"
27,2,"petite","second",37656,41918,3655773,6344243,83836,12688486,118,3894,21396,980355,7788,1960710,"100mill-boot"
27,3,"petite","second",37962,42024,3681299,6318808,84048,12637616,104,3967,18688,988287,7934,1976574,"100mill-boot"
27,4,"petite","second",37775,41998,3655719,6344304,83996,12688608,96,3943,17253,984931,7886,1969862,"100mill-boot"
27,5,"petite","second",37632,41980,3655677,6344521,83960,12689042,96,3904,17512,983309,7808,1966618,"100mill-boot"
27,6,"petite","second",37670,41888,3654836,6345290,83776,12690580,103,3917,19249,981015,7834,1962030,"100mill-boot"
27,7,"petite","second",37887,42068,3680416,6319596,84136,12639192,102,3914,19304,981009,7828,1962018,"100mill-boot"
27,8,"petite","second",37544,41936,3642486,6357569,83872,12715138,101,3888,18634,984302,7776,1968604,"100mill-boot"
27,9,"petite","second",38004,41945,3681311,6318766,83890,12637532,109,3885,20212,980442,7770,1960884,"100mill-boot"
27,10,"petite","second",38048,41748,3693838,6306243,83496,12612486,96,3922,17452,982721,7844,1965442,"100mill-boot"
27,11,"petite","second",37886,41957,3682277,6317738,83914,12635476,94,3944,17350,985857,7888,1971714,"100mill-boot"
27,12,"petite","second",38103,41866,3703163,6296853,83732,12593706,91,3930,16710,983635,7860,1967270,"100mill-boot"
27,13,"petite","second",37909,41991,3673030,6327228,83982,12654456,105,3921,19730,981035,7842,1962070,"100mill-boot"
27,14,"petite","second",37944,41853,3680821,6319397,83706,12638794,105,3887,19499,981367,7774,1962734,"100mill-boot"
27,15,"petite","second",37932,42016,3680300,6319730,84032,12639460,97,3923,18244,982667,7846,1965334,"100mill-boot"
27,16,"petite","second",37639,42244,3653757,6346369,84488,12692738,94,3928,17577,982512,7856,1965024,"100mill-boot"
27,17,"petite","second",37975,41920,3669745,6330273,83840,12660546,102,3923,18909,985301,7846,1970602,"100mill-boot"
27,18,"petite","second",37799,42063,3661497,6338519,84126,12677038,104,3922,19034,983162,7844,1966324,"100mill-boot"
27,19,"petite","second",38116,41655,3700105,6300040,83310,12600080,90,3898,16796,984667,7796,1969334,"100mill-boot"
27,20,"petite","second",37751,41987,3671877,6328239,83974,12656478,109,3918,19693,981064,7836,1962128,"100mill-boot"
27,21,"petite","second",38217,41646,3700697,6299308,83292,12598616,77,3916,14425,989321,7832,1978642,"100mill-boot"
27,22,"petite","second",37971,42019,3678135,6321960,84038,12643920,114,3953,21184,980342,7906,1960684,"100mill-boot"
27,23,"petite","second",37857,41996,3681400,6318628,83992,12637256,89,3927,16349,984055,7854,1968110,"100mill-boot"
27,24,"petite","second",38287,41804,3693643,6306510,83608,12613020,99,3923,18185,983132,7846,1966264,"100mill-boot"
27,25,"petite","second",38224,41681,3704830,6295236,83362,12590472,97,3882,18327,985110,7764,1970220,"100mill-boot"
27,26,"petite","second",38032,41845,3680393,6319730,83690,12639460,114,3902,20378,980799,7804,1961598,"100mill-boot"
27,27,"petite","second",37624,42095,3647250,6352831,84190,12705662,85,3931,15742,985904,7862,1971808,"100mill-boot"
27,28,"petite","second",37987,41925,3682743,6317404,83850,12634808,95,3896,17963,982879,7792,1965758,"100mill-boot"
27,29,"petite","second",37860,41933,3683960,6316081,83866,12632162,96,3968,18060,986127,7936,1972254,"100mill-boot"
27,30,"petite","second",37927,41680,3686308,6313739,83360,12627478,97,3889,18039,982045,7778,1964090,"100mill-boot"
18,1,"petite","second",37528,41864,3650787,6349214,83728,12698428,190,3839,37654,963325,7678,1926650,"100mill-boot"
18,2,"petite","second",37217,42033,3616186,6383922,84066,12767844,178,3855,34872,965328,7710,1930656,"100mill-boot"
18,3,"petite","second",37315,41722,3624234,6375900,83444,12751800,175,3850,33673,966746,7700,1933492,"100mill-boot"
18,4,"petite","second",36922,42017,3590376,6409638,84034,12819276,146,3859,29594,970471,7718,1940942,"100mill-boot"
18,5,"petite","second",37110,41984,3597586,6402525,83968,12805050,185,3794,36372,967144,7588,1934288,"100mill-boot"
18,6,"petite","second",37043,42002,3598574,6401550,84004,12803100,151,3852,29676,974260,7704,1948520,"100mill-boot"
18,7,"petite","second",37707,41640,3661480,6338621,83280,12677242,190,3814,38932,963004,7628,1926008,"100mill-boot"
18,8,"petite","second",37686,41779,3647743,6352374,83558,12704748,185,3853,36218,966667,7706,1933334,"100mill-boot"
18,9,"petite","second",37067,41830,3618469,6381544,83660,12763088,205,3861,39164,964387,7722,1928774,"100mill-boot"
18,10,"petite","second",37196,41922,3602981,6397270,83844,12794540,175,3828,34447,967775,7656,1935550,"100mill-boot"
18,11,"petite","second",37171,42104,3604777,6395484,84208,12790968,153,3855,30555,970002,7710,1940004,"100mill-boot"
18,12,"petite","second",37092,41954,3611167,6388997,83908,12777994,182,3849,35246,966731,7698,1933462,"100mill-boot"
18,13,"petite","second",37035,41920,3594194,6405817,83840,12811634,145,3858,28599,971975,7716,1943950,"100mill-boot"
18,14,"petite","second",37269,41886,3614883,6385357,83772,12770714,139,3856,27925,972221,7712,1944442,"100mill-boot"
18,15,"petite","second",37252,41941,3630725,6369325,83882,12738650,193,3827,37229,963119,7654,1926238,"100mill-boot"
18,16,"petite","second",37441,41857,3643097,6356906,83714,12713812,156,3846,30321,971886,7692,1943772,"100mill-boot"
18,17,"petite","second",37412,41741,3628974,6371189,83482,12742378,172,3842,34981,967537,7684,1935074,"100mill-boot"
18,18,"petite","second",37538,41734,3650504,6349567,83468,12699134,171,3791,33922,967955,7582,1935910,"100mill-boot"
18,19,"petite","second",37195,41954,3620008,6380025,83908,12760050,168,3882,32371,969677,7764,1939354,"100mill-boot"
18,20,"petite","second",37540,41775,3636791,6363227,83550,12726454,194,3849,37149,964975,7698,1929950,"100mill-boot"
18,21,"petite","second",37414,41649,3634349,6365891,83298,12731782,191,3807,38460,961834,7614,1923668,"100mill-boot"
18,22,"petite","second",37349,41876,3624293,6375755,83752,12751510,181,3846,36103,967192,7692,1934384,"100mill-boot"
18,23,"petite","second",37488,41818,3639657,6360468,83636,12720936,169,3860,32546,971544,7720,1943088,"100mill-boot"
18,24,"petite","second",37252,41910,3618992,6381096,83820,12762192,169,3862,32603,967913,7724,1935826,"100mill-boot"
18,25,"petite","second",37354,41933,3626920,6373189,83866,12746378,190,3837,37440,962975,7674,1925950,"100mill-boot"
18,26,"petite","second",37199,42028,3617551,6382517,84056,12765034,163,3867,31476,969459,7734,1938918,"100mill-boot"
18,27,"petite","second",37400,41970,3620583,6379474,83940,12758948,190,3843,37506,963058,7686,1926116,"100mill-boot"
18,28,"petite","second",37578,41927,3645990,6354151,83854,12708302,194,3870,37347,964457,7740,1928914,"100mill-boot"
18,29,"petite","second",37363,41830,3634348,6365707,83660,12731414,179,3860,34607,967993,7720,1935986,"100mill-boot"
18,30,"petite","second",37134,41970,3602414,6397618,83940,12795236,167,3872,32449,969736,7744,1939472,"100mill-boot"
20,1,"petite","second",37877,41289,3720811,6279231,82578,12558462,142,3872,28289,972062,7744,1944124,"100mill-boot"
20,2,"petite","second",38027,41487,3716214,6283911,82974,12567822,127,3916,27175,975157,7832,1950314,"100mill-boot"
20,3,"petite","second",37859,41356,3713944,6286069,82712,12572138,146,3873,27836,973152,7746,1946304,"100mill-boot"
20,4,"petite","second",37622,41606,3681985,6318031,83212,12636062,148,3841,29569,973001,7682,1946002,"100mill-boot"
20,5,"petite","second",37729,41536,3690787,6309236,83072,12618472,142,3851,29082,973184,7702,1946368,"100mill-boot"
20,6,"petite","second",38198,41378,3725973,6274054,82756,12548108,161,3831,32027,968305,7662,1936610,"100mill-boot"
20,7,"petite","second",37957,41429,3706663,6293403,82858,12586806,123,3895,24023,977261,7790,1954522,"100mill-boot"
20,8,"petite","second",38326,41279,3749654,6250451,82558,12500902,145,3890,28668,973592,7780,1947184,"100mill-boot"
20,9,"petite","second",37997,41348,3718037,6282066,82696,12564132,142,3865,27076,975294,7730,1950588,"100mill-boot"
20,10,"petite","second",38111,41423,3709042,6290995,82846,12581990,135,3882,28030,973386,7764,1946772,"100mill-boot"
20,11,"petite","second",37981,41451,3714051,6285999,82902,12571998,135,3849,26402,974067,7698,1948134,"100mill-boot"
20,12,"petite","second",37881,41473,3699454,6300597,82946,12601194,157,3867,30636,971908,7734,1943816,"100mill-boot"
20,13,"petite","second",38081,41212,3738348,6261656,82424,12523312,160,3863,32548,968453,7726,1936906,"100mill-boot"
20,14,"petite","second",37799,41506,3697239,6302763,83012,12605526,153,3878,30061,970391,7756,1940782,"100mill-boot"
20,15,"petite","second",37788,41377,3705037,6295117,82754,12590234,159,3842,32115,969432,7684,1938864,"100mill-boot"
20,16,"petite","second",38021,41463,3727185,6272834,82926,12545668,144,3906,29178,971944,7812,1943888,"100mill-boot"
20,17,"petite","second",38200,41188,3735030,6265039,82376,12530078,129,3851,25319,974903,7702,1949806,"100mill-boot"
20,18,"petite","second",38201,41086,3754860,6245180,82172,12490360,144,3839,30722,969664,7678,1939328,"100mill-boot"
20,19,"petite","second",37732,41356,3699955,6300137,82712,12600274,151,3823,30159,971202,7646,1942404,"100mill-boot"
20,20,"petite","second",38046,41341,3725813,6274313,82682,12548626,171,3899,34684,967498,7798,1934996,"100mill-boot"
20,21,"petite","second",37721,41591,3689545,6310465,83182,12620930,150,3899,29577,971650,7798,1943300,"100mill-boot"
20,22,"petite","second",38054,41331,3721991,6278011,82662,12556022,148,3847,29274,970798,7694,1941596,"100mill-boot"
20,23,"petite","second",37776,41506,3707027,6293193,83012,12586386,137,3906,27569,973869,7812,1947738,"100mill-boot"
20,24,"petite","second",38007,41405,3707363,6292651,82810,12585302,159,3838,32109,968357,7676,1936714,"100mill-boot"
20,25,"petite","second",37772,41390,3713255,6286872,82780,12573744,145,3887,30013,970110,7774,1940220,"100mill-boot"
20,26,"petite","second",38008,41565,3726416,6273603,83130,12547206,160,3893,31687,968963,7786,1937926,"100mill-boot"
20,27,"petite","second",38009,41593,3720925,6279129,83186,12558258,166,3893,34399,966814,7786,1933628,"100mill-boot"
20,28,"petite","second",37872,41349,3710110,6289943,82698,12579886,142,3842,27798,976596,7684,1953192,"100mill-boot"
20,29,"petite","second",37989,41383,3714212,6285812,82766,12571624,160,3880,31792,968705,7760,1937410,"100mill-boot"
20,30,"petite","second",38114,41154,3731794,6268363,82308,12536726,142,3855,27160,973808,7710,1947616,"100mill-boot"
16,1,"petite","second",38168,41252,3711836,6288221,82504,12576442,179,3809,38516,963349,7618,1926698,"100mill-boot"
16,2,"petite","second",37866,41378,3676333,6323722,82756,12647444,183,3776,39477,963771,7552,1927542,"100mill-boot"
16,3,"petite","second",38006,41314,3703833,6296209,82628,12592418,178,3791,37498,966012,7582,1932024,"100mill-boot"
16,4,"petite","second",38192,41207,3712261,6287861,82414,12575722,151,3797,32810,969566,7594,1939132,"100mill-boot"
16,5,"petite","second",37524,41637,3657481,6342545,83274,12685090,170,3857,35462,969247,7714,1938494,"100mill-boot"
16,6,"petite","second",37766,41461,3669592,6330476,82922,12660952,179,3813,37340,962940,7626,1925880,"100mill-boot"
16,7,"petite","second",37798,41450,3685969,6314085,82900,12628170,143,3865,30421,973409,7730,1946818,"100mill-boot"
16,8,"petite","second",38075,41421,3708281,6291823,82842,12583646,151,3825,32443,970068,7650,1940136,"100mill-boot"
16,9,"petite","second",38351,41299,3724901,6275161,82598,12550322,152,3861,32744,970637,7722,1941274,"100mill-boot"
16,10,"petite","second",38089,41190,3700831,6299173,82380,12598346,164,3784,35750,964953,7568,1929906,"100mill-boot"
16,11,"petite","second",37973,41508,3678364,6321780,83016,12643560,161,3795,34007,966933,7590,1933866,"100mill-boot"
16,12,"petite","second",38099,41428,3711051,6288990,82856,12577980,156,3828,34689,967013,7656,1934026,"100mill-boot"
16,13,"petite","second",37997,41368,3701917,6298162,82736,12596324,166,3815,36793,964577,7630,1929154,"100mill-boot"
16,14,"petite","second",38006,41441,3689863,6310221,82882,12620442,156,3817,33420,967042,7634,1934084,"100mill-boot"
16,15,"petite","second",38226,41145,3728133,6271945,82290,12543890,201,3828,42356,957745,7656,1915490,"100mill-boot"
16,16,"petite","second",37710,41513,3671741,6328358,83026,12656716,162,3770,33579,967224,7540,1934448,"100mill-boot"
16,17,"petite","second",38023,41360,3692315,6307754,82720,12615508,142,3820,31078,969980,7640,1939960,"100mill-boot"
16,18,"petite","second",38046,41377,3706782,6293291,82754,12586582,140,3817,29678,971944,7634,1943888,"100mill-boot"
16,19,"petite","second",38081,41193,3717614,6282398,82386,12564796,159,3803,33193,968696,7606,1937392,"100mill-boot"
16,20,"petite","second",38179,41364,3711583,6288466,82728,12576932,154,3819,32452,968289,7638,1936578,"100mill-boot"
16,21,"petite","second",38323,41121,3718331,6281701,82242,12563402,157,3827,33328,967696,7654,1935392,"100mill-boot"
16,22,"petite","second",37878,41464,3685394,6314674,82928,12629348,157,3793,33587,966618,7586,1933236,"100mill-boot"
16,23,"petite","second",37973,41335,3693417,6306702,82670,12613404,146,3798,31692,968657,7596,1937314,"100mill-boot"
16,24,"petite","second",38060,41374,3704012,6296013,82748,12592026,166,3810,35829,965295,7620,1930590,"100mill-boot"
16,25,"petite","second",38269,41243,3715647,6284535,82486,12569070,199,3766,42631,959296,7532,1918592,"100mill-boot"
16,26,"petite","second",38232,41378,3707148,6292954,82756,12585908,176,3800,36797,963621,7600,1927242,"100mill-boot"
16,27,"petite","second",37788,41657,3673556,6326669,83314,12653338,148,3845,30936,972309,7690,1944618,"100mill-boot"
16,28,"petite","second",38096,41354,3697850,6302358,82708,12604716,166,3791,34540,966966,7582,1933932,"100mill-boot"
16,29,"petite","second",38111,41303,3700677,6299363,82606,12598726,150,3837,31810,973298,7674,1946596,"100mill-boot"
16,30,"petite","second",38001,41209,3698812,6301297,82418,12602594,125,3877,27554,973321,7754,1946642,"100mill-boot"
29,1,"petite","second",37983,41637,3713743,6286298,83274,12572596,165,3897,31968,968814,7794,1937628,"100mill-boot"
29,2,"petite","second",37919,41596,3697308,6302882,83192,12605764,209,3815,40584,959744,7630,1919488,"100mill-boot"
29,3,"petite","second",37908,41582,3700429,6299614,83164,12599228,208,3860,40093,962686,7720,1925372,"100mill-boot"
29,4,"petite","second",37665,41856,3664140,6336127,83712,12672254,199,3896,39876,960736,7792,1921472,"100mill-boot"
29,5,"petite","second",37578,41838,3652979,6347114,83676,12694228,187,3865,36521,963487,7730,1926974,"100mill-boot"
29,6,"petite","second",37829,41694,3678492,6321582,83388,12643164,206,3847,42128,958892,7694,1917784,"100mill-boot"
29,7,"petite","second",37677,41751,3666766,6333353,83502,12666706,172,3854,33062,967241,7708,1934482,"100mill-boot"
29,8,"petite","second",37830,41802,3669086,6330958,83604,12661916,185,3829,35378,966300,7658,1932600,"100mill-boot"
29,9,"petite","second",37657,41804,3670029,6329992,83608,12659984,196,3860,39354,963200,7720,1926400,"100mill-boot"
29,10,"petite","second",38117,41551,3715790,6284265,83102,12568530,200,3894,41468,959247,7788,1918494,"100mill-boot"
29,11,"petite","second",37618,41770,3671871,6328169,83540,12656338,213,3788,42306,958610,7576,1917220,"100mill-boot"
29,12,"petite","second",37766,41760,3677575,6322436,83520,12644872,202,3888,39819,961276,7776,1922552,"100mill-boot"
29,13,"petite","second",37815,41666,3678607,6321505,83332,12643010,202,3803,40473,961032,7606,1922064,"100mill-boot"
29,14,"petite","second",37961,41721,3691962,6308203,83442,12616406,179,3904,35887,964587,7808,1929174,"100mill-boot"
29,15,"petite","second",37784,41903,3677668,6322350,83806,12644700,189,3900,36705,965495,7800,1930990,"100mill-boot"
29,16,"petite","second",37390,41894,3642484,6357626,83788,12715252,183,3833,35314,966426,7666,1932852,"100mill-boot"
29,17,"petite","second",37885,41656,3680242,6319785,83312,12639570,187,3884,37451,964026,7768,1928052,"100mill-boot"
29,18,"petite","second",38023,41729,3700253,6299760,83458,12599520,193,3901,37108,964329,7802,1928658,"100mill-boot"
29,19,"petite","second",37668,41636,3685633,6314465,83272,12628930,204,3847,40588,960468,7694,1920936,"100mill-boot"
29,20,"petite","second",38152,41525,3707314,6292720,83050,12585440,182,3891,35822,965502,7782,1931004,"100mill-boot"
29,21,"petite","second",37944,41746,3686159,6314003,83492,12628006,184,3885,36876,963170,7770,1926340,"100mill-boot"
29,22,"petite","second",37887,41685,3690777,6309424,83370,12618848,185,3862,35915,964315,7724,1928630,"100mill-boot"
29,23,"petite","second",37726,41695,3667465,6332673,83390,12665346,185,3835,35073,965330,7670,1930660,"100mill-boot"
29,24,"petite","second",38388,41523,3731522,6268549,83046,12537098,197,3883,38263,961754,7766,1923508,"100mill-boot"
29,25,"petite","second",37860,41777,3684518,6315649,83554,12631298,179,3855,36030,965874,7710,1931748,"100mill-boot"
29,26,"petite","second",37338,41962,3632585,6367596,83924,12735192,204,3839,41188,959423,7678,1918846,"100mill-boot"
29,27,"petite","second",37705,41812,3669775,6330290,83624,12660580,178,3859,36684,963360,7718,1926720,"100mill-boot"
29,28,"petite","second",37709,41817,3673064,6326978,83634,12653956,185,3856,37909,964187,7712,1928374,"100mill-boot"
29,29,"petite","second",38123,41526,3710524,6289578,83052,12579156,167,3894,33830,968535,7788,1937070,"100mill-boot"
29,30,"petite","second",37743,41725,3667034,6333072,83450,12666144,183,3822,36389,965777,7644,1931554,"100mill-boot"
11,1,"petite","second",37274,41934,3639369,6360705,83868,12721410,143,3950,26890,973674,7900,1947348,"100mill-boot"
11,2,"petite","second",37330,41750,3670316,6329720,83500,12659440,188,3932,34119,967148,7864,1934296,"100mill-boot"
11,3,"petite","second",36642,42152,3594888,6405117,84304,12810234,153,3950,27342,973771,7900,1947542,"100mill-boot"
11,4,"petite","second",36926,41937,3622521,6377510,83874,12755020,153,3942,27844,972456,7884,1944912,"100mill-boot"
11,5,"petite","second",37359,41627,3663598,6336443,83254,12672886,146,3949,25975,974094,7898,1948188,"100mill-boot"
11,6,"petite","second",37070,41986,3625302,6374744,83972,12749488,166,3934,30195,970392,7868,1940784,"100mill-boot"
11,7,"petite","second",37344,41827,3658756,6341246,83654,12682492,163,3932,29759,971186,7864,1942372,"100mill-boot"
11,8,"petite","second",37346,41870,3654642,6345414,83740,12690828,153,3943,27731,973642,7886,1947284,"100mill-boot"
11,9,"petite","second",37085,41686,3651387,6348724,83372,12697448,167,3917,31922,968705,7834,1937410,"100mill-boot"
11,10,"petite","second",37288,41983,3647195,6352963,83966,12705926,182,3938,32898,968222,7876,1936444,"100mill-boot"
11,11,"petite","second",37149,41989,3625061,6375061,83978,12750122,162,3896,29302,973882,7792,1947764,"100mill-boot"
11,12,"petite","second",37047,41897,3625090,6375046,83794,12750092,159,3855,28930,971072,7710,1942144,"100mill-boot"
11,13,"petite","second",37165,41927,3642291,6357820,83854,12715640,168,3947,31126,969947,7894,1939894,"100mill-boot"
11,14,"petite","second",37054,41930,3636160,6363895,83860,12727790,155,3911,28736,971949,7822,1943898,"100mill-boot"
11,15,"petite","second",37069,42012,3637605,6362457,84024,12724914,145,3962,26055,976544,7924,1953088,"100mill-boot"
11,16,"petite","second",37153,41873,3640209,6360009,83746,12720018,150,3936,27627,973906,7872,1947812,"100mill-boot"
11,17,"petite","second",37507,41645,3676601,6323520,83290,12647040,136,3966,24934,976444,7932,1952888,"100mill-boot"
11,18,"petite","second",37227,41710,3649254,6350825,83420,12701650,153,3952,28217,974326,7904,1948652,"100mill-boot"
11,19,"petite","second",37622,41661,3680260,6319940,83322,12639880,154,3946,26957,974686,7892,1949372,"100mill-boot"
11,20,"petite","second",37280,41925,3646854,6353211,83850,12706422,124,3953,23327,977980,7906,1955960,"100mill-boot"
11,21,"petite","second",37112,41957,3631776,6368224,83914,12736448,110,3945,19900,981203,7890,1962406,"100mill-boot"
11,22,"petite","second",37344,41670,3662784,6337290,83340,12674580,172,3930,31854,973251,7860,1946502,"100mill-boot"
11,23,"petite","second",37220,41892,3647391,6352912,83784,12705824,168,3953,30518,969787,7906,1939574,"100mill-boot"
11,24,"petite","second",37248,41882,3641617,6358475,83764,12716950,177,3948,31305,968949,7896,1937898,"100mill-boot"
11,25,"petite","second",37188,41877,3640362,6359652,83754,12719304,150,3915,26768,976143,7830,1952286,"100mill-boot"
11,26,"petite","second",37078,41893,3646089,6353975,83786,12707950,149,3924,27518,974010,7848,1948020,"100mill-boot"
11,27,"petite","second",37234,41666,3648856,6351281,83332,12702562,148,3925,27838,977195,7850,1954390,"100mill-boot"
11,28,"petite","second",36936,41903,3628773,6371274,83806,12742548,153,3926,28019,972786,7852,1945572,"100mill-boot"
11,29,"petite","second",37141,41937,3630692,6369317,83874,12738634,160,3950,28842,972342,7900,1944684,"100mill-boot"
11,30,"petite","second",37385,41783,3663624,6336454,83566,12672908,159,3932,29554,971653,7864,1943306,"100mill-boot"
37,1,"petite","second",376528,410396,36777864,63222172,820792,126444344,1350,38687,282587,9740188,77374,19480376,"1bill-boot"
37,2,"petite","second",377660,409535,36909123,63090964,819070,126181928,1395,38548,286789,9720383,77096,19440766,"1bill-boot"
37,3,"petite","second",377687,409989,36904215,63095811,819978,126191622,1415,38585,294574,9705547,77170,19411094,"1bill-boot"
37,4,"petite","second",377981,409656,36939622,63060440,819312,126120880,1411,38799,290892,9727467,77598,19454934,"1bill-boot"
37,5,"petite","second",377595,409666,36909520,63090591,819332,126181182,1400,38581,289755,9716408,77162,19432816,"1bill-boot"
37,6,"petite","second",377640,409622,36911111,63089032,819244,126178064,1351,38569,282268,9724482,77138,19448964,"1bill-boot"
37,7,"petite","second",378088,409703,36933687,63066406,819406,126132812,1419,38681,293531,9720772,77362,19441544,"1bill-boot"
37,8,"petite","second",378166,409507,36957520,63042497,819014,126084994,1389,38541,289209,9711813,77082,19423626,"1bill-boot"
37,9,"petite","second",377661,409342,36878516,63121560,818684,126243120,1335,38717,275889,9742546,77434,19485092,"1bill-boot"
37,10,"petite","second",377745,409285,36949457,63050747,818570,126101494,1422,38619,296443,9715740,77238,19431480,"1bill-boot"
37,11,"petite","second",377801,409536,36885124,63114946,819072,126229892,1445,38561,299836,9728057,77122,19456114,"1bill-boot"
37,12,"petite","second",378088,409715,36940977,63059026,819430,126118052,1350,38791,280601,9740069,77582,19480138,"1bill-boot"
37,13,"petite","second",377717,409719,36895685,63104371,819438,126208742,1401,38731,288631,9751415,77462,19502830,"1bill-boot"
37,14,"petite","second",377391,410063,36865597,63134560,820126,126269120,1395,38699,288882,9714543,77398,19429086,"1bill-boot"
37,15,"petite","second",379388,409305,37060685,62939402,818610,125878804,1393,38816,287474,9742090,77632,19484180,"1bill-boot"
37,16,"petite","second",377332,409875,36855967,63144180,819750,126288360,1368,38704,282821,9741591,77408,19483182,"1bill-boot"
37,17,"petite","second",377427,410116,36897366,63102728,820232,126205456,1360,38631,285166,9715540,77262,19431080,"1bill-boot"
37,18,"petite","second",378220,410146,36928830,63071239,820292,126142478,1363,38825,283982,9730867,77650,19461734,"1bill-boot"
37,19,"petite","second",377419,410224,36871992,63128161,820448,126256322,1382,38816,286746,9734693,77632,19469386,"1bill-boot"
37,20,"petite","second",377345,410338,36844836,63155262,820676,126310524,1467,38671,307377,9706689,77342,19413378,"1bill-boot"
37,21,"petite","second",378401,410050,36902550,63097555,820100,126195110,1371,38759,283218,9736240,77518,19472480,"1bill-boot"
37,22,"petite","second",377686,409559,36897965,63102286,819118,126204572,1360,38691,283051,9738230,77382,19476460,"1bill-boot"
37,23,"petite","second",378285,409425,36977677,63022430,818850,126044860,1429,38733,294929,9727535,77466,19455070,"1bill-boot"
37,24,"petite","second",378110,409810,36946227,63053801,819620,126107602,1435,38717,295072,9707011,77434,19414022,"1bill-boot"
37,25,"petite","second",377949,409721,36948085,63051966,819442,126103932,1446,38587,300559,9709669,77174,19419338,"1bill-boot"
37,26,"petite","second",378349,409814,36988498,63011726,819628,126023452,1409,38831,293196,9723809,77662,19447618,"1bill-boot"
37,27,"petite","second",378342,409065,36976931,63023225,818130,126046450,1409,38667,290130,9713690,77334,19427380,"1bill-boot"
37,28,"petite","second",378009,410039,36930801,63069294,820078,126138588,1409,38657,293427,9723961,77314,19447922,"1bill-boot"
37,29,"petite","second",377842,410051,36899871,63100218,820102,126200436,1335,38705,275371,9732178,77410,19464356,"1bill-boot"
37,30,"petite","second",377650,409481,36897542,63102525,818962,126205050,1457,38577,300419,9707538,77154,19415076,"1bill-boot"
30,1,"petite","second",380412,410258,37098917,62901171,820516,125802342,1539,37707,321538,9691253,75414,19382506,"1bill-boot"
30,2,"petite","second",382223,409814,37259537,62740506,819628,125481012,1480,37808,307807,9715381,75616,19430762,"1bill-boot"
30,3,"petite","second",380781,410605,37141854,62858216,821210,125716432,1526,37642,320006,9684215,75284,19368430,"1bill-boot"
30,4,"petite","second",380885,410611,37140652,62859411,821222,125718822,1441,37992,298473,9718315,75984,19436630,"1bill-boot"
30,5,"petite","second",380517,410530,37090624,62909565,821060,125819130,1426,37838,298932,9723821,75676,19447642,"1bill-boot"
30,6,"petite","second",381296,410383,37170731,62829390,820766,125658780,1399,37921,291993,9726065,75842,19452130,"1bill-boot"
30,7,"petite","second",381196,410321,37175282,62824734,820642,125649468,1413,37885,291831,9720537,75770,19441074,"1bill-boot"
30,8,"petite","second",382131,409304,37243107,62756939,818608,125513878,1500,37810,311136,9698175,75620,19396350,"1bill-boot"
30,9,"petite","second",380563,410758,37106139,62893887,821516,125787774,1478,37865,306962,9702226,75730,19404452,"1bill-boot"
30,10,"petite","second",381025,409898,37154012,62846039,819796,125692078,1484,37696,311431,9691504,75392,19383008,"1bill-boot"
30,11,"petite","second",380791,410572,37071315,62928779,821144,125857558,1431,37739,298423,9702548,75478,19405096,"1bill-boot"
30,12,"petite","second",380619,410628,37161561,62838536,821256,125677072,1515,37775,317800,9688090,75550,19376180,"1bill-boot"
30,13,"petite","second",380572,410352,37116064,62884099,820704,125768198,1549,37757,319509,9694822,75514,19389644,"1bill-boot"
30,14,"petite","second",381868,409842,37227816,62772462,819684,125544924,1458,37776,305032,9713041,75552,19426082,"1bill-boot"
30,15,"petite","second",381014,410347,37139366,62860646,820694,125721292,1481,37636,309434,9700389,75272,19400778,"1bill-boot"
30,16,"petite","second",381522,410156,37183802,62816306,820312,125632612,1564,37640,326422,9679264,75280,19358528,"1bill-boot"
30,17,"petite","second",381627,410490,37190823,62809192,820980,125618384,1517,37826,319003,9683594,75652,19367188,"1bill-boot"
30,18,"petite","second",380912,410764,37114671,62885471,821528,125770942,1478,37763,309598,9692348,75526,19384696,"1bill-boot"
30,19,"petite","second",380637,410329,37087702,62912306,820658,125824612,1549,37734,323797,9691472,75468,19382944,"1bill-boot"
30,20,"petite","second",381489,410182,37187384,62812631,820364,125625262,1517,37872,317855,9693707,75744,19387414,"1bill-boot"
30,21,"petite","second",381108,410777,37134265,62865794,821554,125731588,1412,37890,293088,9707155,75780,19414310,"1bill-boot"
30,22,"petite","second",380679,410775,37075477,62924590,821550,125849180,1485,37827,309877,9693791,75654,19387582,"1bill-boot"
30,23,"petite","second",380847,410713,37148495,62851580,821426,125703160,1454,37883,302525,9716803,75766,19433606,"1bill-boot"
30,24,"petite","second",379396,411353,36999384,63000649,822706,126001298,1477,37698,308171,9694612,75396,19389224,"1bill-boot"
30,25,"petite","second",380726,410634,37110137,62889879,821268,125779758,1458,37724,305234,9709258,75448,19418516,"1bill-boot"
30,26,"petite","second",381630,410365,37179050,62821189,820730,125642378,1447,37877,300271,9709432,75754,19418864,"1bill-boot"
30,27,"petite","second",380728,410235,37117840,62882164,820470,125764328,1388,37781,287730,9725811,75562,19451622,"1bill-boot"
30,28,"petite","second",381690,410601,37172189,62827922,821202,125655844,1516,37764,320370,9684333,75528,19368666,"1bill-boot"
30,29,"petite","second",380639,410697,37115771,62884334,821394,125768668,1527,37765,315527,9691914,75530,19383828,"1bill-boot"
30,30,"petite","second",380822,410011,37189744,62810390,820022,125620780,1463,37778,304974,9707371,75556,19414742,"1bill-boot"
39,1,"petite","second",380146,410755,36921590,63078508,821510,126157016,960,38943,196258,9811085,77886,19622170,"1bill-boot"
39,2,"petite","second",380616,410739,36961707,63038345,821478,126076690,931,39022,191556,9815102,78044,19630204,"1bill-boot"
39,3,"petite","second",381518,410236,37052150,62947920,820472,125895840,1154,39015,236012,9776805,78030,19553610,"1bill-boot"
39,4,"petite","second",380567,410327,36955360,63044793,820654,126089586,996,39005,202822,9807593,78010,19615186,"1bill-boot"
39,5,"petite","second",381203,410770,36957687,63042341,821540,126084682,943,38935,194677,9812158,77870,19624316,"1bill-boot"
39,6,"petite","second",381058,410757,36966399,63033621,821514,126067242,955,38990,193803,9815438,77980,19630876,"1bill-boot"
39,7,"petite","second",380471,410524,36944634,63055382,821048,126110764,1021,38947,209044,9797638,77894,19595276,"1bill-boot"
39,8,"petite","second",380470,410318,36954298,63045715,820636,126091430,1005,38877,205055,9806457,77754,19612914,"1bill-boot"
39,9,"petite","second",380904,410816,36960901,63039114,821632,126078228,1102,39082,218221,9793196,78164,19586392,"1bill-boot"
39,10,"petite","second",381466,410025,37021357,62978648,820050,125957296,1160,38855,237002,9764126,77710,19528252,"1bill-boot"
39,11,"petite","second",380729,410397,36946191,63053833,820794,126107666,961,39076,199650,9805163,78152,19610326,"1bill-boot"
39,12,"petite","second",380955,410419,36991226,63008834,820838,126017668,1057,39024,210716,9802354,78048,19604708,"1bill-boot"
39,13,"petite","second",380679,410376,36983655,63016490,820752,126032980,1033,38808,213927,9787125,77616,19574250,"1bill-boot"
39,14,"petite","second",381368,410252,36998670,63001432,820504,126002864,989,38967,203948,9803850,77934,19607700,"1bill-boot"
39,15,"petite","second",381126,410171,36992804,63007276,820342,126014552,983,38941,202633,9806113,77882,19612226,"1bill-boot"
39,16,"petite","second",381217,410412,36989150,63010902,820824,126021804,1000,38959,207363,9800994,77918,19601988,"1bill-boot"
39,17,"petite","second",381057,410369,37010481,62989561,820738,125979122,983,39011,203915,9808773,78022,19617546,"1bill-boot"
39,18,"petite","second",381180,410461,36993568,63006515,820922,126013030,995,38923,203259,9805661,77846,19611322,"1bill-boot"
39,19,"petite","second",380953,410863,36961886,63038133,821726,126076266,1085,38965,217238,9786680,77930,19573360,"1bill-boot"
39,20,"petite","second",380841,410401,36993210,63006967,820802,126013934,971,38985,201522,9807196,77970,19614392,"1bill-boot"
39,21,"petite","second",381384,409890,37026637,62973439,819780,125946878,970,39003,198902,9828453,78006,19656906,"1bill-boot"
39,22,"petite","second",381193,410208,37010734,62989348,820416,125978696,958,38924,196168,9812383,77848,19624766,"1bill-boot"
39,23,"petite","second",379943,410857,36931909,63068162,821714,126136324,1119,38900,223703,9781010,77800,19562020,"1bill-boot"
39,24,"petite","second",379774,410869,36897295,63102781,821738,126205562,989,38896,204247,9800036,77792,19600072,"1bill-boot"
39,25,"petite","second",380669,410638,36959279,63040723,821276,126081446,1015,38893,208319,9805070,77786,19610140,"1bill-boot"
39,26,"petite","second",381764,409962,37049405,62950631,819924,125901262,949,39037,194283,9809546,78074,19619092,"1bill-boot"
39,27,"petite","second",380064,410463,36934386,63065800,820926,126131600,968,38960,197341,9811606,77920,19623212,"1bill-boot"
39,28,"petite","second",381772,410325,37047132,62952992,820650,125905984,959,38948,201472,9800980,77896,19601960,"1bill-boot"
39,29,"petite","second",381898,410504,37055659,62944370,821008,125888740,1042,39107,209292,9792022,78214,19584044,"1bill-boot"
39,30,"petite","second",381711,409525,37064471,62935669,819050,125871338,1049,38770,218402,9789878,77540,19579756,"1bill-boot"
4,1,"petite","second",372033,416092,36957809,63042354,832184,126084708,1456,39282,292365,9734448,78564,19468896,"1bill-boot"
4,2,"petite","second",372456,416513,36931734,63068284,833026,126136568,1381,39321,277982,9735702,78642,19471404,"1bill-boot"
4,3,"petite","second",371816,416680,36879838,63120289,833360,126240578,1396,39176,282078,9718383,78352,19436766,"1bill-boot"
4,4,"petite","second",372452,415883,36955695,63044364,831766,126088728,1456,39126,294854,9727244,78252,19454488,"1bill-boot"
4,5,"petite","second",373182,416212,36968292,63031708,832424,126063416,1372,39346,273872,9749060,78692,19498120,"1bill-boot"
4,6,"petite","second",372496,416009,36973092,63026994,832018,126053988,1325,39214,267040,9745651,78428,19491302,"1bill-boot"
4,7,"petite","second",373078,416124,37032541,62967562,832248,125935124,1431,39303,291852,9711620,78606,19423240,"1bill-boot"
4,8,"petite","second",373178,415278,37029480,62970676,830556,125941352,1386,39237,277663,9741037,78474,19482074,"1bill-boot"
4,9,"petite","second",371719,416295,36872919,63127154,832590,126254308,1426,39255,288523,9736582,78510,19473164,"1bill-boot"
4,10,"petite","second",372964,415885,36995648,63004369,831770,126008738,1348,39304,272110,9745578,78608,19491156,"1bill-boot"
4,11,"petite","second",372179,416130,36925843,63074364,832260,126148728,1370,39214,275631,9738164,78428,19476328,"1bill-boot"
4,12,"petite","second",372720,416165,36948677,63051407,832330,126102814,1383,39324,276918,9737532,78648,19475064,"1bill-boot"
4,13,"petite","second",372693,416156,36939630,63060488,832312,126120976,1394,39393,280756,9741810,78786,19483620,"1bill-boot"
4,14,"petite","second",372565,416104,36955364,63044646,832208,126089292,1415,39227,287922,9717186,78454,19434372,"1bill-boot"
4,15,"petite","second",372722,416037,36933773,63066370,832074,126132740,1408,39249,287689,9734993,78498,19469986,"1bill-boot"
4,16,"petite","second",372313,416342,36969122,63030999,832684,126061998,1455,39256,295546,9732157,78512,19464314,"1bill-boot"
4,17,"petite","second",372141,416780,36890601,63109466,833560,126218932,1427,39236,291427,9731333,78472,19462666,"1bill-boot"
4,18,"petite","second",371475,416629,36817080,63182938,833258,126365876,1359,39188,276388,9733148,78376,19466296,"1bill-boot"
4,19,"petite","second",371856,416883,36832270,63167779,833766,126335558,1327,39265,269028,9739809,78530,19479618,"1bill-boot"
4,20,"petite","second",372838,416100,36965636,63034368,832200,126068736,1375,39274,277740,9735620,78548,19471240,"1bill-boot"
4,21,"petite","second",372289,416622,36902315,63097724,833244,126195448,1434,39306,289166,9718387,78612,19436774,"1bill-boot"
4,22,"petite","second",372291,416298,36953024,63047051,832596,126094102,1434,39151,292423,9713519,78302,19427038,"1bill-boot"
4,23,"petite","second",371671,416652,36869606,63130479,833304,126260958,1388,39223,276346,9725811,78446,19451622,"1bill-boot"
4,24,"petite","second",373065,415775,37007867,62992224,831550,125984448,1421,39285,287260,9728871,78570,19457742,"1bill-boot"
4,25,"petite","second",370912,417289,36759041,63240981,834578,126481962,1372,39224,277028,9733214,78448,19466428,"1bill-boot"
4,26,"petite","second",372771,415860,36955639,63044512,831720,126089024,1402,39152,283062,9720213,78304,19440426,"1bill-boot"
4,27,"petite","second",371507,416098,36896543,63103500,832196,126207000,1453,39183,293251,9724542,78366,19449084,"1bill-boot"
4,28,"petite","second",372611,416439,36907456,63092563,832878,126185126,1327,39284,267777,9736444,78568,19472888,"1bill-boot"
4,29,"petite","second",372140,416009,36876734,63123345,832018,126246690,1347,39261,268950,9748203,78522,19496406,"1bill-boot"
4,30,"petite","second",372155,416893,36889295,63110776,833786,126221552,1367,39289,276408,9729476,78578,19458952,"1bill-boot"
3,1,"petite","second",374536,411374,36659207,63340841,822748,126681682,2123,38381,415837,9593579,76762,19187158,"1bill-boot"
3,2,"petite","second",375569,410667,36778435,63221595,821334,126443190,2160,38392,422495,9607168,76784,19214336,"1bill-boot"
3,3,"petite","second",374842,412012,36661459,63338709,824024,126677418,2013,38405,395391,9610090,76810,19220180,"1bill-boot"
3,4,"petite","second",374181,411439,36615054,63384965,822878,126769930,2063,38292,400922,9633880,76584,19267760,"1bill-boot"
3,5,"petite","second",374657,411969,36639237,63360821,823938,126721642,2022,38437,398478,9604953,76874,19209906,"1bill-boot"
3,6,"petite","second",374120,412229,36619033,63380979,824458,126761958,2114,38382,411239,9601001,76764,19202002,"1bill-boot"
3,7,"petite","second",375106,411948,36694687,63305441,823896,126610882,2176,38304,426894,9579125,76608,19158250,"1bill-boot"
3,8,"petite","second",374832,411051,36710376,63289707,822102,126579414,2076,38332,405044,9596278,76664,19192556,"1bill-boot"
3,9,"petite","second",374106,412038,36603104,63396951,824076,126793902,2094,38317,410225,9612223,76634,19224446,"1bill-boot"
3,10,"petite","second",374227,411664,36666135,63334022,823328,126668044,2061,38206,403448,9606835,76412,19213670,"1bill-boot"
3,11,"petite","second",373862,412324,36593758,63406361,824648,126812722,2119,38499,415962,9610510,76998,19221020,"1bill-boot"
3,12,"petite","second",374159,412038,36636400,63363621,824076,126727242,2087,38387,407697,9613278,76774,19226556,"1bill-boot"
3,13,"petite","second",373771,411697,36612362,63387655,823394,126775310,2108,38294,412346,9597279,76588,19194558,"1bill-boot"
3,14,"petite","second",374447,411553,36631407,63368775,823106,126737550,2072,38317,404160,9603521,76634,19207042,"1bill-boot"
3,15,"petite","second",374808,411642,36696181,63303847,823284,126607694,2133,38369,414681,9589317,76738,19178634,"1bill-boot"
3,16,"petite","second",374467,411931,36620943,63379088,823862,126758176,2103,38291,407455,9600235,76582,19200470,"1bill-boot"
3,17,"petite","second",374930,411882,36633221,63366842,823764,126733684,2062,38368,402455,9598716,76736,19197432,"1bill-boot"
3,18,"petite","second",375462,411774,36724636,63275546,823548,126551092,2193,38412,430615,9597344,76824,19194688,"1bill-boot"
3,19,"petite","second",374308,412023,36622056,63377993,824046,126755986,2041,38463,395171,9636087,76926,19272174,"1bill-boot"
3,20,"petite","second",375165,411827,36682539,63317522,823654,126635044,2097,38384,409127,9592684,76768,19185368,"1bill-boot"
3,21,"petite","second",374547,411879,36641148,63358870,823758,126717740,2076,38316,405097,9609630,76632,19219260,"1bill-boot"
3,22,"petite","second",375089,411397,36697904,63302096,822794,126604192,2070,38481,407244,9620727,76962,19241454,"1bill-boot"
3,23,"petite","second",374562,412291,36613250,63386811,824582,126773622,2086,38357,408580,9596147,76714,19192294,"1bill-boot"
3,24,"petite","second",374994,411449,36692618,63307396,822898,126614792,2091,38281,407601,9596817,76562,19193634,"1bill-boot"
3,25,"petite","second",374584,411663,36623132,63376892,823326,126753784,2082,38324,410214,9618058,76648,19236116,"1bill-boot"
3,26,"petite","second",374205,411801,36588135,63411940,823602,126823880,2051,38399,399500,9620812,76798,19241624,"1bill-boot"
3,27,"petite","second",375091,411017,36689506,63310557,822034,126621114,2088,38298,406810,9597602,76596,19195204,"1bill-boot"
3,28,"petite","second",374966,411894,36647180,63352928,823788,126705856,2055,38280,403219,9598036,76560,19196072,"1bill-boot"
3,29,"petite","second",374527,411796,36629760,63370251,823592,126740502,2046,38358,398533,9605960,76716,19211920,"1bill-boot"
3,30,"petite","second",374105,412090,36607015,63393045,824180,126786090,2089,38320,409079,9598850,76640,19197700,"1bill-boot"
2,1,"petite","second",368862,415103,36346954,63653178,830206,127306356,1348,39415,242690,9763748,78830,19527496,"1bill-boot"
2,2,"petite","second",370183,414710,36452629,63547509,829420,127095018,1395,39466,251904,9770403,78932,19540806,"1bill-boot"
2,3,"petite","second",369524,415441,36373809,63626340,830882,127252680,1281,39574,231145,9782685,79148,19565370,"1bill-boot"
2,4,"petite","second",369860,414565,36444133,63555899,829130,127111798,1458,39346,262873,9760127,78692,19520254,"1bill-boot"
2,5,"petite","second",370112,415017,36444795,63555450,830034,127110900,1369,39540,247576,9764053,79080,19528106,"1bill-boot"
2,6,"petite","second",369360,415381,36390473,63609659,830762,127219318,1391,39535,253303,9754228,79070,19508456,"1bill-boot"
2,7,"petite","second",370021,415086,36414190,63585927,830172,127171854,1390,39535,251027,9759656,79070,19519312,"1bill-boot"
2,8,"petite","second",369217,415035,36383647,63616360,830070,127232720,1389,39398,250018,9766160,78796,19532320,"1bill-boot"
2,9,"petite","second",368703,415343,36344418,63655779,830686,127311558,1402,39479,254560,9745548,78958,19491096,"1bill-boot"
2,10,"petite","second",370769,414475,36530349,63469715,828950,126939430,1395,39574,251537,9772102,79148,19544204,"1bill-boot"
2,11,"petite","second",368938,415231,36353601,63646514,830462,127293028,1422,39524,261830,9753549,79048,19507098,"1bill-boot"
2,12,"petite","second",369079,415049,36412276,63587800,830098,127175600,1381,39528,251514,9762192,79056,19524384,"1bill-boot"
2,13,"petite","second",369235,414897,36369648,63630408,829794,127260816,1430,39423,259162,9755175,78846,19510350,"1bill-boot"
2,14,"petite","second",369453,415079,36404302,63595836,830158,127191672,1421,39350,258192,9748395,78700,19496790,"1bill-boot"
2,15,"petite","second",369335,415236,36390310,63609767,830472,127219534,1438,39504,258561,9755565,79008,19511130,"1bill-boot"
2,16,"petite","second",369271,414903,36400625,63599382,829806,127198764,1387,39361,255814,9758307,78722,19516614,"1bill-boot"
2,17,"petite","second",369215,415161,36371420,63628784,830322,127257568,1365,39453,249827,9758968,78906,19517936,"1bill-boot"
2,18,"petite","second",369276,415190,36390703,63609389,830380,127218778,1320,39461,237752,9764163,78922,19528326,"1bill-boot"
2,19,"petite","second",368607,415849,36304026,63695974,831698,127391948,1404,39380,256408,9748282,78760,19496564,"1bill-boot"
2,20,"petite","second",370100,414374,36460233,63539779,828748,127079558,1365,39455,244609,9761894,78910,19523788,"1bill-boot"
2,21,"petite","second",369634,415036,36431634,63568416,830072,127136832,1378,39337,250131,9750401,78674,19500802,"1bill-boot"
2,22,"petite","second",369789,415072,36374377,63625687,830144,127251374,1383,39437,249585,9765055,78874,19530110,"1bill-boot"
2,23,"petite","second",368091,415610,36278599,63721436,831220,127442872,1401,39495,253075,9761090,78990,19522180,"1bill-boot"
2,24,"petite","second",369683,414922,36404577,63595613,829844,127191226,1386,39511,252430,9766910,79022,19533820,"1bill-boot"
2,25,"petite","second",368807,415409,36314845,63685248,830818,127370496,1422,39371,258329,9755618,78742,19511236,"1bill-boot"
2,26,"petite","second",369382,414775,36388822,63611258,829550,127222516,1353,39404,244272,9757950,78808,19515900,"1bill-boot"
2,27,"petite","second",369424,414706,36414140,63585938,829412,127171876,1344,39592,243324,9768793,79184,19537586,"1bill-boot"
2,28,"petite","second",368883,415691,36300122,63699987,831382,127399974,1392,39320,252872,9760333,78640,19520666,"1bill-boot"
2,29,"petite","second",368884,415150,36321309,63678854,830300,127357708,1317,39530,239684,9783836,79060,19567672,"1bill-boot"
2,30,"petite","second",369842,414777,36391423,63608583,829554,127217166,1384,39305,251030,9751687,78610,19503374,"1bill-boot"
38,1,"petite","second",374572,413382,36578125,63421941,826764,126843882,1051,39216,199568,9819715,78432,19639430,"1bill-boot"
38,2,"petite","second",374710,413721,36539886,63460356,827442,126920712,958,39242,174304,9841626,78484,19683252,"1bill-boot"
38,3,"petite","second",374018,414253,36494946,63505101,828506,127010202,933,39320,171123,9836813,78640,19673626,"1bill-boot"
38,4,"petite","second",374190,414158,36489931,63510104,828316,127020208,980,39303,178531,9841882,78606,19683764,"1bill-boot"
38,5,"petite","second",374558,413701,36552120,63447926,827402,126895852,981,39333,175135,9829746,78666,19659492,"1bill-boot"
38,6,"petite","second",374658,413523,36625304,63374764,827046,126749528,985,39302,179834,9828890,78604,19657780,"1bill-boot"
38,7,"petite","second",375606,413447,36699230,63300818,826894,126601636,1046,39420,199331,9810891,78840,19621782,"1bill-boot"
38,8,"petite","second",374776,413198,36565533,63434743,826396,126869486,1013,39251,183675,9825536,78502,19651072,"1bill-boot"
38,9,"petite","second",375131,413535,36598588,63401449,827070,126802898,1041,39225,198731,9811237,78450,19622474,"1bill-boot"
38,10,"petite","second",374777,412920,36619358,63380675,825840,126761350,989,39181,178645,9836949,78362,19673898,"1bill-boot"
38,11,"petite","second",374802,413572,36601812,63398245,827144,126796490,984,39294,176017,9840693,78588,19681386,"1bill-boot"
38,12,"petite","second",373975,414410,36503195,63496842,828820,126993684,1006,39373,182245,9834789,78746,19669578,"1bill-boot"
38,13,"petite","second",374280,413311,36553092,63446969,826622,126893938,908,39255,165600,9836398,78510,19672796,"1bill-boot"
38,14,"petite","second",374922,413637,36596487,63403601,827274,126807202,1144,39120,216120,9788205,78240,19576410,"1bill-boot"
38,15,"petite","second",375204,412996,36641215,63358885,825992,126717770,883,39277,160694,9841708,78554,19683416,"1bill-boot"
38,16,"petite","second",374750,413331,36619468,63380628,826662,126761256,905,39222,163971,9839762,78444,19679524,"1bill-boot"
38,17,"petite","second",375098,413724,36634873,63365286,827448,126730572,1105,39185,210420,9805098,78370,19610196,"1bill-boot"
38,18,"petite","second",375282,413400,36648309,63351716,826800,126703432,988,39375,181860,9835041,78750,19670082,"1bill-boot"
38,19,"petite","second",375061,413871,36611625,63388481,827742,126776962,942,39341,168984,9841835,78682,19683670,"1bill-boot"
38,20,"petite","second",373955,413391,36524231,63475949,826782,126951898,989,39256,178771,9832160,78512,19664320,"1bill-boot"
38,21,"petite","second",374614,413926,36544838,63455170,827852,126910340,1025,39382,194238,9819301,78764,19638602,"1bill-boot"
38,22,"petite","second",375114,413082,36627101,63373071,826164,126746142,1073,39294,199453,9811675,78588,19623350,"1bill-boot"
38,23,"petite","second",374271,413746,36577089,63422939,827492,126845878,981,39235,180687,9840390,78470,19680780,"1bill-boot"
38,24,"petite","second",375186,413270,36655115,63345003,826540,126690006,957,39219,173275,9844667,78438,19689334,"1bill-boot"
38,25,"petite","second",374096,414069,36533080,63467006,828138,126934012,951,39269,173567,9833669,78538,19667338,"1bill-boot"
38,26,"petite","second",374903,413328,36592537,63407463,826656,126814926,1008,39142,180201,9837343,78284,19674686,"1bill-boot"
38,27,"petite","second",374344,413140,36605931,63394123,826280,126788246,976,39320,177878,9846043,78640,19692086,"1bill-boot"
38,28,"petite","second",374515,413863,36535448,63464632,827726,126929264,995,39223,181213,9821138,78446,19642276,"1bill-boot"
38,29,"petite","second",374241,413897,36515475,63484539,827794,126969078,993,39261,181542,9840256,78522,19680512,"1bill-boot"
38,30,"petite","second",374527,413443,36542493,63457586,826886,126915172,993,39254,177710,9829838,78508,19659676,"1bill-boot"
5,1,"petite","second",368854,412465,36693543,63306580,824930,126613160,1689,37231,354799,9646861,74462,19293722,"1bill-boot"
5,2,"petite","second",367984,412860,36626550,63373490,825720,126746980,1663,37252,348800,9659093,74504,19318186,"1bill-boot"
5,3,"petite","second",367685,413843,36593240,63406798,827686,126813596,1759,37301,368110,9635197,74602,19270394,"1bill-boot"
5,4,"petite","second",367452,412689,36614488,63385567,825378,126771134,1640,37256,340360,9675335,74512,19350670,"1bill-boot"
5,5,"petite","second",368192,413060,36641443,63358681,826120,126717362,1747,37170,365957,9638771,74340,19277542,"1bill-boot"
5,6,"petite","second",368563,412543,36718429,63281678,825086,126563356,1668,37208,349666,9660149,74416,19320298,"1bill-boot"
5,7,"petite","second",367893,413456,36584457,63415557,826912,126831114,1738,37166,361838,9643438,74332,19286876,"1bill-boot"
5,8,"petite","second",367306,413016,36644265,63355832,826032,126711664,1713,37286,356922,9653014,74572,19306028,"1bill-boot"
5,9,"petite","second",367190,413821,36533686,63466539,827642,126933078,1662,37239,347683,9655226,74478,19310452,"1bill-boot"
5,10,"petite","second",367446,413076,36601290,63398804,826152,126797608,1642,37118,346692,9659877,74236,19319754,"1bill-boot"
5,11,"petite","second",367626,413109,36626001,63374005,826218,126748010,1677,37446,351606,9674071,74892,19348142,"1bill-boot"
5,12,"petite","second",367589,413737,36621291,63378744,827474,126757488,1666,37366,347776,9656011,74732,19312022,"1bill-boot"
5,13,"petite","second",367878,412893,36647079,63353041,825786,126706082,1725,37317,361747,9670164,74634,19340328,"1bill-boot"
5,14,"petite","second",367177,413279,36533424,63466683,826558,126933366,1636,37266,339203,9681577,74532,19363154,"1bill-boot"
5,15,"petite","second",368393,412939,36721138,63278872,825878,126557744,1747,37250,363827,9636735,74500,19273470,"1bill-boot"
5,16,"petite","second",366539,413981,36482683,63517415,827962,127034830,1720,37254,356920,9673209,74508,19346418,"1bill-boot"
5,17,"petite","second",367372,413289,36580124,63419958,826578,126839916,1655,37284,348837,9665802,74568,19331604,"1bill-boot"
5,18,"petite","second",367573,413463,36563840,63436250,826926,126872500,1679,37339,347026,9680022,74678,19360044,"1bill-boot"
5,19,"petite","second",367349,413911,36565765,63434249,827822,126868498,1635,37328,343010,9684764,74656,19369528,"1bill-boot"
5,20,"petite","second",368260,412586,36671988,63328072,825172,126656144,1707,37200,357412,9650426,74400,19300852,"1bill-boot"
5,21,"petite","second",367485,413495,36566492,63433535,826990,126867070,1758,37269,362064,9657250,74538,19314500,"1bill-boot"
5,22,"petite","second",367039,413432,36565401,63434615,826864,126869230,1667,37309,349099,9652598,74618,19305196,"1bill-boot"
5,23,"petite","second",367903,412997,36639494,63360719,825994,126721438,1618,37273,335666,9666114,74546,19332228,"1bill-boot"
5,24,"petite","second",367932,413279,36605074,63395011,826558,126790022,1663,37173,346880,9658859,74346,19317718,"1bill-boot"
5,25,"petite","second",367631,413687,36605261,63394854,827374,126789708,1728,37289,357374,9643617,74578,19287234,"1bill-boot"
5,26,"petite","second",366841,413551,36484233,63515780,827102,127031560,1741,37248,362802,9658096,74496,19316192,"1bill-boot"
5,27,"petite","second",367410,412978,36599288,63400775,825956,126801550,1726,37170,359896,9650095,74340,19300190,"1bill-boot"
5,28,"petite","second",367788,413260,36586182,63413945,826520,126827890,1691,37167,349907,9650382,74334,19300764,"1bill-boot"
5,29,"petite","second",368020,413339,36653559,63346626,826678,126693252,1784,37139,375118,9638001,74278,19276002,"1bill-boot"
5,30,"petite","second",367494,413013,36636597,63363506,826026,126727012,1603,37236,339988,9661376,74472,19322752,"1bill-boot"
31,1,"petite","second",371221,419862,36484656,63515395,839724,127030790,1207,39601,245602,9763529,79202,19527058,"1bill-boot"
31,2,"petite","second",372866,418730,36687775,63312229,837460,126624458,1276,39615,257926,9746929,79230,19493858,"1bill-boot"
31,3,"petite","second",371727,419976,36509659,63490383,839952,126980766,1218,39663,246965,9769000,79326,19538000,"1bill-boot"
31,4,"petite","second",370899,419890,36516890,63483195,839780,126966390,1188,39655,243287,9768417,79310,19536834,"1bill-boot"
31,5,"petite","second",372103,420013,36565823,63434360,840026,126868720,1175,39724,238554,9775259,79448,19550518,"1bill-boot"
31,6,"petite","second",372067,419258,36554710,63445452,838516,126890904,1119,39663,222627,9790195,79326,19580390,"1bill-boot"
31,7,"petite","second",371919,419763,36535531,63464565,839526,126929130,1108,39761,227330,9790955,79522,19581910,"1bill-boot"
31,8,"petite","second",372411,418362,36637648,63362400,836724,126724800,1232,39498,250347,9753665,78996,19507330,"1bill-boot"
31,9,"petite","second",371568,419410,36545363,63454676,838820,126909352,1309,39569,264133,9742063,79138,19484126,"1bill-boot"
31,10,"petite","second",372300,419307,36613507,63386597,838614,126773194,1203,39627,245477,9764132,79254,19528264,"1bill-boot"
31,11,"petite","second",373831,419036,36728187,63271894,838072,126543788,1286,39599,257486,9745956,79198,19491912,"1bill-boot"
31,12,"petite","second",371186,419835,36528154,63471895,839670,126943790,1349,39605,270081,9746319,79210,19492638,"1bill-boot"
31,13,"petite","second",371773,419254,36559773,63440426,838508,126880852,1242,39562,250453,9751887,79124,19503774,"1bill-boot"
31,14,"petite","second",372072,419339,36585362,63414666,838678,126829332,1260,39770,250560,9786507,79540,19573014,"1bill-boot"
31,15,"petite","second",372257,419662,36566478,63433525,839324,126867050,1182,39588,237483,9765697,79176,19531394,"1bill-boot"
31,16,"petite","second",372386,419015,36604922,63395130,838030,126790260,1132,39642,230730,9787232,79284,19574464,"1bill-boot"
31,17,"petite","second",371855,419752,36516948,63483134,839504,126966268,1117,39636,229622,9785595,79272,19571190,"1bill-boot"
31,18,"petite","second",372199,419734,36566011,63433994,839468,126867988,1183,39593,238018,9764027,79186,19528054,"1bill-boot"
31,19,"petite","second",372292,419229,36618697,63381395,838458,126762790,1193,39622,241048,9760885,79244,19521770,"1bill-boot"
31,20,"petite","second",370946,419934,36459223,63540791,839868,127081582,1073,39849,218549,9812121,79698,19624242,"1bill-boot"
31,21,"petite","second",372367,419585,36598119,63401922,839170,126803844,1256,39588,251290,9754613,79176,19509226,"1bill-boot"
31,22,"petite","second",370690,419878,36448746,63551341,839756,127102682,1072,39564,221858,9782206,79128,19564412,"1bill-boot"
31,23,"petite","second",373202,418731,36668430,63331580,837462,126663160,1114,39715,227424,9793677,79430,19587354,"1bill-boot"
31,24,"petite","second",371857,419787,36498165,63501883,839574,127003766,1265,39569,252029,9765427,79138,19530854,"1bill-boot"
31,25,"petite","second",371600,419531,36522596,63477413,839062,126954826,1219,39612,246791,9774823,79224,19549646,"1bill-boot"
31,26,"petite","second",371831,419306,36575472,63424617,838612,126849234,1151,39665,232558,9774437,79330,19548874,"1bill-boot"
31,27,"petite","second",371873,419687,36570939,63429145,839374,126858290,1167,39692,237800,9784672,79384,19569344,"1bill-boot"
31,28,"petite","second",372442,419297,36593240,63406803,838594,126813606,1303,39523,258251,9745489,79046,19490978,"1bill-boot"
31,29,"petite","second",371570,420333,36506244,63493792,840666,126987584,1256,39677,251948,9748128,79354,19496256,"1bill-boot"
31,30,"petite","second",371874,419705,36519919,63480176,839410,126960352,1037,39669,213726,9795530,79338,19591060,"1bill-boot"
36,1,"petite","second",372149,416217,36748690,63251371,832434,126502742,1065,38356,241324,9759207,76712,19518414,"1bill-boot"
36,2,"petite","second",372283,416682,36761564,63238515,833364,126477030,1093,38454,246219,9778866,76908,19557732,"1bill-boot"
36,3,"petite","second",372857,416264,36812726,63187377,832528,126374754,1138,38423,256843,9744172,76846,19488344,"1bill-boot"
36,4,"petite","second",371799,416688,36728950,63271109,833376,126542218,1077,38409,245323,9759404,76818,19518808,"1bill-boot"
36,5,"petite","second",372507,416485,36803730,63196418,832970,126392836,1064,38342,241241,9772072,76684,19544144,"1bill-boot"
36,6,"petite","second",372161,416718,36749777,63250261,833436,126500522,1077,38483,246922,9769475,76966,19538950,"1bill-boot"
36,7,"petite","second",372037,416930,36701961,63298079,833860,126596158,1031,38557,233114,9783342,77114,19566684,"1bill-boot"
36,8,"petite","second",373908,415281,36954828,63045332,830562,126090664,1100,38345,247697,9766681,76690,19533362,"1bill-boot"
36,9,"petite","second",371770,416727,36689585,63310531,833454,126621062,1097,38342,248270,9755963,76684,19511926,"1bill-boot"
36,10,"petite","second",372819,416027,36861969,63138112,832054,126276224,1083,38300,246795,9758870,76600,19517740,"1bill-boot"
36,11,"petite","second",372338,416272,36768868,63231156,832544,126462312,1109,38383,246984,9759302,76766,19518604,"1bill-boot"
36,12,"petite","second",372356,416276,36768147,63231930,832552,126463860,1121,38278,252816,9764912,76556,19529824,"1bill-boot"
36,13,"petite","second",372379,415998,36785562,63214481,831996,126428962,1105,38498,249863,9787073,76996,19574146,"1bill-boot"
36,14,"petite","second",372385,416526,36771008,63229031,833052,126458062,1081,38485,244646,9789656,76970,19579312,"1bill-boot"
36,15,"petite","second",372620,416505,36757123,63243054,833010,126486108,1088,38519,245462,9773377,77038,19546754,"1bill-boot"
36,16,"petite","second",372617,416273,36810124,63189891,832546,126379782,1079,38519,244957,9762930,77038,19525860,"1bill-boot"
36,17,"petite","second",372350,417054,36763489,63236550,834108,126473100,1084,38519,245082,9763817,77038,19527634,"1bill-boot"
36,18,"petite","second",371713,416739,36694448,63305616,833478,126611232,1092,38428,249081,9770370,76856,19540740,"1bill-boot"
36,19,"petite","second",371943,416997,36713918,63286240,833994,126572480,1073,38491,245545,9801917,76982,19603834,"1bill-boot"
36,20,"petite","second",371783,416616,36718876,63281185,833232,126562370,1091,38365,246985,9756438,76730,19512876,"1bill-boot"
36,21,"petite","second",373504,416224,36853640,63146493,832448,126292986,1085,38403,243264,9759633,76806,19519266,"1bill-boot"
36,22,"petite","second",372303,416250,36774181,63225819,832500,126451638,1055,38400,235436,9777732,76800,19555464,"1bill-boot"
36,23,"petite","second",372415,416446,36773054,63226992,832892,126453984,1084,38408,247715,9753082,76816,19506164,"1bill-boot"
36,24,"petite","second",372052,416576,36748490,63251694,833152,126503388,1122,38398,257896,9783085,76796,19566170,"1bill-boot"
36,25,"petite","second",372594,416710,36783990,63216134,833420,126432268,1104,38369,250195,9764664,76738,19529328,"1bill-boot"
36,26,"petite","second",372346,416506,36758087,63242014,833012,126484028,1096,38550,252956,9763073,77100,19526146,"1bill-boot"
36,27,"petite","second",371915,416421,36780287,63219775,832842,126439550,1065,38617,237886,9787941,77234,19575882,"1bill-boot"
36,28,"petite","second",371377,417132,36627441,63372679,834264,126745358,1067,38412,242746,9774575,76824,19549150,"1bill-boot"
36,29,"petite","second",372094,417155,36728456,63271621,834310,126543242,1083,38614,243587,9777397,77228,19554794,"1bill-boot"
36,30,"petite","second",371985,416773,36758109,63242074,833546,126484148,1132,38437,258158,9772396,76874,19544792,"1bill-boot"
14,1,"petite","second",372544,408660,36729515,63270547,817320,126541094,1113,37757,251492,9767754,75514,19535508,"1bill-boot"
14,2,"petite","second",371756,409133,36665105,63334981,818266,126669962,1081,37819,243360,9775529,75638,19551058,"1bill-boot"
14,3,"petite","second",373086,408475,36778519,63221497,816950,126442994,1109,37653,252695,9772070,75306,19544140,"1bill-boot"
14,4,"petite","second",372653,408350,36744886,63255178,816700,126510356,1090,37583,241349,9768824,75166,19537648,"1bill-boot"
14,5,"petite","second",372999,408466,36718933,63281157,816932,126562314,1075,37823,240999,9778273,75646,19556546,"1bill-boot"
14,6,"petite","second",372880,407816,36798972,63201172,815632,126402344,1128,37505,254145,9766173,75010,19532346,"1bill-boot"
14,7,"petite","second",373231,409100,36774610,63225430,818200,126450860,1185,37831,257558,9751133,75662,19502266,"1bill-boot"
14,8,"petite","second",373397,407839,36794921,63205260,815678,126410520,1070,37833,240106,9766254,75666,19532508,"1bill-boot"
14,9,"petite","second",373413,407724,36843407,63156728,815448,126313456,1121,37801,251931,9769318,75602,19538636,"1bill-boot"
14,10,"petite","second",373126,407623,36840080,63159959,815246,126319918,1059,37648,237290,9762964,75296,19525928,"1bill-boot"
14,11,"petite","second",371991,408569,36663827,63336334,817138,126672668,1104,37634,245328,9774108,75268,19548216,"1bill-boot"
14,12,"petite","second",372747,408603,36740922,63259121,817206,126518242,1120,37717,249884,9768461,75434,19536922,"1bill-boot"
14,13,"petite","second",372721,407930,36783232,63216896,815860,126433792,1094,37687,245050,9763566,75374,19527132,"1bill-boot"
14,14,"petite","second",371744,408876,36640445,63359697,817752,126719394,1052,37661,234981,9774355,75322,19548710,"1bill-boot"
14,15,"petite","second",373467,408291,36809539,63190574,816582,126381148,1109,37749,251938,9771677,75498,19543354,"1bill-boot"
14,16,"petite","second",372705,408620,36784293,63215795,817240,126431590,1074,37737,245399,9760437,75474,19520874,"1bill-boot"
14,17,"petite","second",372185,408997,36676801,63323217,817994,126646434,1045,37877,234600,9786699,75754,19573398,"1bill-boot"
14,18,"petite","second",374342,408024,36889057,63110976,816048,126221952,1047,37809,236106,9784443,75618,19568886,"1bill-boot"
14,19,"petite","second",373178,408393,36813784,63186227,816786,126372454,1060,37832,237040,9776906,75664,19553812,"1bill-boot"
14,20,"petite","second",372241,408435,36715730,63284344,816870,126568688,1002,37715,226441,9790895,75430,19581790,"1bill-boot"
14,21,"petite","second",372944,408877,36729353,63270766,817754,126541532,1057,37737,235796,9771439,75474,19542878,"1bill-boot"
14,22,"petite","second",373229,408050,36824861,63175142,816100,126350284,1099,37536,246200,9757927,75072,19515854,"1bill-boot"
14,23,"petite","second",373340,408122,36815594,63184498,816244,126368996,1131,37689,250777,9751032,75378,19502064,"1bill-boot"
14,24,"petite","second",372638,408640,36780550,63219452,817280,126438904,1082,37747,241769,9759728,75494,19519456,"1bill-boot"
14,25,"petite","second",373567,408085,36811487,63188539,816170,126377078,1168,37725,255616,9754790,75450,19509580,"1bill-boot"
14,26,"petite","second",372230,408941,36660115,63339926,817882,126679852,1137,37692,256590,9760768,75384,19521536,"1bill-boot"
14,27,"petite","second",373269,408297,36793834,63206267,816594,126412534,1107,37739,245262,9754876,75478,19509752,"1bill-boot"
14,28,"petite","second",372738,408637,36748829,63251287,817274,126502574,1117,37520,252160,9757662,75040,19515324,"1bill-boot"
14,29,"petite","second",372742,408669,36725070,63275080,817338,126550160,1075,37542,239378,9765407,75084,19530814,"1bill-boot"
14,30,"petite","second",372678,408145,36731464,63268603,816290,126537206,1038,37718,232455,9782053,75436,19564106,"1bill-boot"
13,1,"petite","second",372273,417151,36691878,63308259,834302,126616518,826,39336,158539,9844148,78672,19688296,"1bill-boot"
13,2,"petite","second",372852,416921,36748262,63251769,833842,126503538,760,39666,145612,9857602,79332,19715204,"1bill-boot"
13,3,"petite","second",371922,417003,36644687,63355327,834006,126710654,746,39613,143626,9894325,79226,19788650,"1bill-boot"
13,4,"petite","second",371573,417089,36588871,63411245,834178,126822490,775,39374,148988,9857203,78748,19714406,"1bill-boot"
13,5,"petite","second",372504,417458,36644857,63355188,834916,126710376,780,39348,148950,9861056,78696,19722112,"1bill-boot"
13,6,"petite","second",372646,416560,36708428,63291744,833120,126583488,747,39316,143610,9856772,78632,19713544,"1bill-boot"
13,7,"petite","second",372437,417566,36633111,63366945,835132,126733890,757,39428,145036,9871424,78856,19742848,"1bill-boot"
13,8,"petite","second",373317,416314,36771942,63228105,832628,126456210,749,39504,142968,9881629,79008,19763258,"1bill-boot"
13,9,"petite","second",373035,416834,36760745,63239263,833668,126478526,785,39456,152398,9875526,78912,19751052,"1bill-boot"
13,10,"petite","second",373094,416754,36751475,63248571,833508,126497142,781,39598,150584,9891710,79196,19783420,"1bill-boot"
13,11,"petite","second",372084,417681,36589635,63410389,835362,126820778,766,39394,146668,9858382,78788,19716764,"1bill-boot"
13,12,"petite","second",371858,417810,36610416,63389587,835620,126779174,791,39661,151042,9865798,79322,19731596,"1bill-boot"
13,13,"petite","second",372517,416415,36685465,63314573,832830,126629146,824,39280,156463,9858962,78560,19717924,"1bill-boot"
13,14,"petite","second",372842,416479,36738116,63261988,832958,126523976,718,39463,138397,9885384,78926,19770768,"1bill-boot"
13,15,"petite","second",373493,416396,36790104,63209990,832792,126419980,805,39644,153167,9863070,79288,19726140,"1bill-boot"
13,16,"petite","second",373355,416286,36734453,63265639,832572,126531278,765,39419,146051,9856718,78838,19713436,"1bill-boot"
13,17,"petite","second",372997,417264,36714524,63285574,834528,126571148,803,39440,150952,9852180,78880,19704360,"1bill-boot"
13,18,"petite","second",373068,416920,36728834,63271271,833840,126542542,795,39390,154931,9851665,78780,19703330,"1bill-boot"
13,19,"petite","second",372658,416612,36752712,63247297,833224,126494594,748,39517,142503,9863382,79034,19726764,"1bill-boot"
13,20,"petite","second",372250,417213,36662362,63337660,834426,126675320,764,39421,143700,9869851,78842,19739702,"1bill-boot"
13,21,"petite","second",373456,416327,36780648,63219353,832654,126438706,808,39419,156203,9848479,78838,19696958,"1bill-boot"
13,22,"petite","second",371897,417048,36614555,63385576,834096,126771152,797,39316,150513,9861278,78632,19722556,"1bill-boot"
13,23,"petite","second",372104,417416,36631020,63369049,834832,126738098,788,39462,151644,9848368,78924,19696736,"1bill-boot"
13,24,"petite","second",372365,417212,36672983,63327047,834424,126654094,811,39382,155590,9855032,78764,19710064,"1bill-boot"
13,25,"petite","second",372449,417647,36680272,63319881,835294,126639762,770,39724,148390,9855282,79448,19710564,"1bill-boot"
13,26,"petite","second",372975,416822,36733014,63267071,833644,126534142,802,39332,154328,9851733,78664,19703466,"1bill-boot"
13,27,"petite","second",371602,417410,36594510,63405611,834820,126811222,749,39373,143371,9873134,78746,19746268,"1bill-boot"
13,28,"petite","second",373998,416727,36834901,63165101,833454,126330202,816,39551,156988,9860455,79102,19720910,"1bill-boot"
13,29,"petite","second",372436,417507,36641691,63358426,835014,126716852,746,39473,141890,9867571,78946,19735142,"1bill-boot"
13,30,"petite","second",373107,416565,36742845,63257268,833130,126514536,790,39479,151195,9856526,78958,19713052,"1bill-boot"
25,1,"petite","second",372072,414953,36727190,63272901,829906,126545802,1009,38505,203236,9800989,77010,19601978,"1bill-boot"
25,2,"petite","second",374179,413419,36921233,63078907,826838,126157814,1064,38401,217351,9796831,76802,19593662,"1bill-boot"
25,3,"petite","second",372190,414417,36736341,63263667,828834,126527334,1080,38264,219677,9797296,76528,19594592,"1bill-boot"
25,4,"petite","second",373110,414301,36787308,63212800,828602,126425600,1105,38324,222676,9779359,76648,19558718,"1bill-boot"
25,5,"petite","second",373244,414371,36817314,63182736,828742,126365472,1118,38347,224660,9787065,76694,19574130,"1bill-boot"
25,6,"petite","second",372833,414386,36793449,63206641,828772,126413282,1106,38214,224453,9782104,76428,19564208,"1bill-boot"
25,7,"petite","second",372858,414763,36773318,63226782,829526,126453564,1063,38387,214258,9801571,76774,19603142,"1bill-boot"
25,8,"petite","second",372952,414056,36839126,63161013,828112,126322026,1093,38255,220592,9780394,76510,19560788,"1bill-boot"
25,9,"petite","second",373126,414402,36817552,63182570,828804,126365140,1099,38275,218987,9798219,76550,19596438,"1bill-boot"
25,10,"petite","second",373719,413956,36920128,63079939,827912,126159878,1136,38323,226797,9776041,76646,19552082,"1bill-boot"
25,11,"petite","second",372072,415009,36728075,63271992,830018,126543984,1075,38490,216135,9798722,76980,19597444,"1bill-boot"
25,12,"petite","second",372806,413955,36814708,63185499,827910,126370998,1066,38182,211809,9793134,76364,19586268,"1bill-boot"
25,13,"petite","second",372931,413855,36778704,63221517,827710,126443034,1035,38359,207717,9801403,76718,19602806,"1bill-boot"
25,14,"petite","second",372900,414164,36787539,63212636,828328,126425272,1088,38206,220418,9783053,76412,19566106,"1bill-boot"
25,15,"petite","second",373409,414071,36839422,63160583,828142,126321166,1093,38350,221812,9794495,76700,19588990,"1bill-boot"
25,16,"petite","second",372899,414557,36787739,63212312,829114,126424624,1091,38362,219429,9781159,76724,19562318,"1bill-boot"
25,17,"petite","second",373955,414408,36872237,63127780,828816,126255560,1082,38335,218900,9781984,76670,19563968,"1bill-boot"
25,18,"petite","second",373248,414501,36844814,63155269,829002,126310538,1079,38392,218864,9785844,76784,19571688,"1bill-boot"
25,19,"petite","second",372326,414180,36761662,63238354,828360,126476708,1175,37968,237387,9772880,75936,19545760,"1bill-boot"
25,20,"petite","second",373275,413735,36834885,63165196,827470,126330392,1125,38274,223448,9778639,76548,19557278,"1bill-boot"
25,21,"petite","second",372954,415054,36767143,63232912,830108,126465824,1094,38547,222929,9818710,77094,19637420,"1bill-boot"
25,22,"petite","second",372573,414384,36749668,63250393,828768,126500786,1057,38327,219392,9795856,76654,19591712,"1bill-boot"
25,23,"petite","second",372117,414564,36771632,63228368,829128,126456736,1139,38196,233133,9783387,76392,19566774,"1bill-boot"
25,24,"petite","second",373010,414566,36803810,63196201,829132,126392402,1070,38464,217271,9798565,76928,19597130,"1bill-boot"
25,25,"petite","second",371984,415477,36725148,63275035,830954,126550070,1092,38613,220935,9825894,77226,19651788,"1bill-boot"
25,26,"petite","second",373592,414143,36856539,63143698,828286,126287396,1049,38426,209708,9807297,76852,19614594,"1bill-boot"
25,27,"petite","second",372858,414098,36755770,63244335,828196,126488670,1067,38207,214807,9796001,76414,19592002,"1bill-boot"
25,28,"petite","second",372837,414448,36753531,63246581,828896,126493162,1102,38438,221989,9797347,76876,19594694,"1bill-boot"
25,29,"petite","second",373128,414460,36789160,63210971,828920,126421942,1051,38322,212792,9795843,76644,19591686,"1bill-boot"
25,30,"petite","second",373646,414166,36847476,63152647,828332,126305294,1077,38335,221168,9800799,76670,19601598,"1bill-boot"
22,1,"petite","second",371851,419334,36410180,63589943,838668,127179886,932,39657,180020,9847306,79314,19694612,"1bill-boot"
22,2,"petite","second",371993,419559,36383820,63616202,839118,127232404,889,39664,170545,9839361,79328,19678722,"1bill-boot"
22,3,"petite","second",372643,419646,36422500,63577563,839292,127155126,889,39649,169127,9861702,79298,19723404,"1bill-boot"
22,4,"petite","second",372755,418855,36471612,63528396,837710,127056792,852,39679,164326,9852417,79358,19704834,"1bill-boot"
22,5,"petite","second",373791,419141,36509095,63490972,838282,126981944,839,39719,162421,9846432,79438,19692864,"1bill-boot"
22,6,"petite","second",372188,419020,36391534,63608603,838040,127217206,930,39499,178138,9827492,78998,19654984,"1bill-boot"
22,7,"petite","second",371449,420111,36291225,63708796,840222,127417592,896,39702,171856,9839070,79404,19678140,"1bill-boot"
22,8,"petite","second",372865,418812,36457549,63542453,837624,127084906,849,39608,163919,9844285,79216,19688570,"1bill-boot"
22,9,"petite","second",372566,418661,36463441,63536584,837322,127073168,847,39593,159024,9852335,79186,19704670,"1bill-boot"
22,10,"petite","second",372224,419132,36404446,63595638,838264,127191276,866,39604,167664,9836009,79208,19672018,"1bill-boot"
22,11,"petite","second",372581,418837,36443412,63556612,837674,127113224,844,39660,161205,9847925,79320,19695850,"1bill-boot"
22,12,"petite","second",372024,418981,36419695,63580380,837962,127160760,893,39554,172763,9850525,79108,19701050,"1bill-boot"
22,13,"petite","second",371993,419019,36394821,63605237,838038,127210474,833,39798,158838,9858037,79596,19716074,"1bill-boot"
22,14,"petite","second",372556,418919,36450601,63549439,837838,127098878,922,39636,175666,9844902,79272,19689804,"1bill-boot"
22,15,"petite","second",372922,419351,36458412,63541760,838702,127083520,851,39771,163103,9856044,79542,19712088,"1bill-boot"
22,16,"petite","second",372160,419215,36390643,63609365,838430,127218730,858,39656,163091,9845782,79312,19691564,"1bill-boot"
22,17,"petite","second",372372,420280,36384437,63615646,840560,127231292,900,39568,171734,9833158,79136,19666316,"1bill-boot"
22,18,"petite","second",372101,419573,36374214,63625787,839146,127251574,870,39604,165941,9840760,79208,19681520,"1bill-boot"
22,19,"petite","second",372776,419269,36451074,63549264,838538,127098528,871,39633,166452,9839930,79266,19679860,"1bill-boot"
22,20,"petite","second",373238,418688,36493609,63506417,837376,127012834,877,39588,167104,9852568,79176,19705136,"1bill-boot"
22,21,"petite","second",372821,419036,36468492,63531582,838072,127063164,860,39639,162812,9857841,79278,19715682,"1bill-boot"
22,22,"petite","second",372056,419381,36376809,63623222,838762,127246444,876,39778,166235,9844205,79556,19688410,"1bill-boot"
22,23,"petite","second",372228,419224,36374647,63625521,838448,127251042,924,39550,176382,9824191,79100,19648382,"1bill-boot"
22,24,"petite","second",371957,419855,36375349,63624722,839710,127249444,872,39818,167504,9847651,79636,19695302,"1bill-boot"
22,25,"petite","second",371938,419165,36387830,63612213,838330,127224426,857,39593,163795,9858809,79186,19717618,"1bill-boot"
22,26,"petite","second",372245,419497,36410817,63589300,838994,127178600,851,39628,163002,9841586,79256,19683172,"1bill-boot"
22,27,"petite","second",372122,419026,36406058,63594065,838052,127188130,851,39569,164086,9843308,79138,19686616,"1bill-boot"
22,28,"petite","second",373046,419770,36474342,63525690,839540,127051380,931,39651,178586,9854382,79302,19708764,"1bill-boot"
22,29,"petite","second",372588,418859,36445892,63554126,837718,127108252,908,39525,175049,9825579,79050,19651158,"1bill-boot"
22,30,"petite","second",372331,418958,36439474,63560603,837916,127121206,877,39683,169683,9858832,79366,19717664,"1bill-boot"
49,1,"petite","second",376982,416578,36913849,63086345,833156,126172690,1353,39335,283386,9728586,78670,19457172,"1bill-boot"
49,2,"petite","second",377505,416466,36924404,63075682,832932,126151364,1374,39252,285785,9729213,78504,19458426,"1bill-boot"
49,3,"petite","second",377266,416719,36917942,63082105,833438,126164210,1400,39305,293184,9734023,78610,19468046,"1bill-boot"
49,4,"petite","second",377619,416465,36939028,63061017,832930,126122034,1365,39188,287836,9712899,78376,19425798,"1bill-boot"
49,5,"petite","second",377865,416334,36949643,63050358,832668,126100716,1417,39225,294593,9724192,78450,19448384,"1bill-boot"
49,6,"petite","second",377184,416368,36928424,63071790,832736,126143580,1388,39278,290655,9716782,78556,19433564,"1bill-boot"
49,7,"petite","second",377196,416368,36894674,63105396,832736,126210792,1450,39208,300904,9714889,78416,19429778,"1bill-boot"
49,8,"petite","second",377460,415750,36960466,63039660,831500,126079320,1345,39194,283259,9732448,78388,19464896,"1bill-boot"
49,9,"petite","second",376903,416349,36884897,63115132,832698,126230264,1441,38912,301026,9703306,77824,19406612,"1bill-boot"
49,10,"petite","second",376633,416207,36890177,63109833,832414,126219666,1361,39250,285495,9726797,78500,19453594,"1bill-boot"
49,11,"petite","second",377489,416453,36982035,63018047,832906,126036094,1493,39098,309524,9690761,78196,19381522,"1bill-boot"
49,12,"petite","second",376254,416694,36843822,63156377,833388,126312754,1443,39133,301693,9702816,78266,19405632,"1bill-boot"
49,13,"petite","second",377028,415821,36941900,63058217,831642,126116434,1428,39194,301041,9710257,78388,19420514,"1bill-boot"
49,14,"petite","second",376366,416645,36818907,63181226,833290,126362452,1386,39148,289427,9725530,78296,19451060,"1bill-boot"
49,15,"petite","second",377445,416365,36929423,63070584,832730,126141168,1432,39196,300285,9717776,78392,19435552,"1bill-boot"
49,16,"petite","second",377108,416414,36918070,63081940,832828,126163880,1401,39220,292415,9727394,78440,19454788,"1bill-boot"
49,17,"petite","second",377511,416179,36940608,63059492,832358,126118984,1366,39144,285582,9714709,78288,19429418,"1bill-boot"
49,18,"petite","second",377549,416379,36947340,63052692,832758,126105384,1355,39173,282327,9719786,78346,19439572,"1bill-boot"
49,19,"petite","second",376583,416914,36820216,63179794,833828,126359588,1362,39164,285463,9735563,78328,19471126,"1bill-boot"
49,20,"petite","second",377131,416461,36916995,63083011,832922,126166022,1363,39137,284970,9732501,78274,19465002,"1bill-boot"
49,21,"petite","second",376362,416662,36855914,63144143,833324,126288286,1346,39166,280609,9743060,78332,19486120,"1bill-boot"
49,22,"petite","second",377044,416526,36898211,63101839,833052,126203678,1441,39332,296142,9715940,78664,19431880,"1bill-boot"
49,23,"petite","second",377022,416420,36917721,63082335,832840,126164670,1386,39282,291560,9714133,78564,19428266,"1bill-boot"
49,24,"petite","second",377308,416438,36967057,63032985,832876,126065970,1374,39215,286626,9713767,78430,19427534,"1bill-boot"
49,25,"petite","second",376640,416867,36846100,63153910,833734,126307820,1339,39176,283161,9723641,78352,19447282,"1bill-boot"
49,26,"petite","second",376511,416546,36877683,63122424,833092,126244848,1340,39225,279758,9731480,78450,19462960,"1bill-boot"
49,27,"petite","second",377775,416086,36984055,63016063,832172,126032126,1478,39244,305554,9707059,78488,19414118,"1bill-boot"
49,28,"petite","second",376845,416476,36886280,63113735,832952,126227470,1389,39196,292521,9722601,78392,19445202,"1bill-boot"
49,29,"petite","second",376742,416486,36878093,63121940,832972,126243880,1361,39221,285079,9716753,78442,19433506,"1bill-boot"
49,30,"petite","second",377125,416127,36927220,63072858,832254,126145716,1352,39246,284032,9738522,78492,19477044,"1bill-boot"
47,1,"petite","second",376603,412486,36627541,63372604,824972,126745208,996,38596,189815,9814134,77192,19628268,"1bill-boot"
47,2,"petite","second",378586,411708,36775430,63224634,823416,126449268,969,38802,182022,9830303,77604,19660606,"1bill-boot"
47,3,"petite","second",376366,412820,36577873,63422145,825640,126844290,1018,38772,193375,9841135,77544,19682270,"1bill-boot"
47,4,"petite","second",377107,411938,36663919,63336102,823876,126672204,932,38652,185283,9826734,77304,19653468,"1bill-boot"
47,5,"petite","second",377793,412084,36740377,63259701,824168,126519402,973,38843,186841,9814818,77686,19629636,"1bill-boot"
47,6,"petite","second",376831,412536,36615905,63384158,825072,126768316,1011,38784,194134,9828891,77568,19657782,"1bill-boot"
47,7,"petite","second",377802,412069,36705663,63294542,824138,126589084,931,38775,174730,9841298,77550,19682596,"1bill-boot"
47,8,"petite","second",377664,411188,36780585,63219443,822376,126438886,979,38686,188495,9834925,77372,19669850,"1bill-boot"
47,9,"petite","second",376157,412347,36563042,63437025,824694,126874050,846,38716,169079,9843399,77432,19686798,"1bill-boot"
47,10,"petite","second",377090,412198,36665397,63334734,824396,126669468,966,38860,181660,9829952,77720,19659904,"1bill-boot"
47,11,"petite","second",376962,412330,36637077,63363050,824660,126726100,1003,38747,192315,9811833,77494,19623666,"1bill-boot"
47,12,"petite","second",376827,412315,36652736,63347421,824630,126694842,993,38745,189255,9825383,77490,19650766,"1bill-boot"
47,13,"petite","second",376834,411780,36628311,63371733,823560,126743466,908,38544,177320,9833052,77088,19666104,"1bill-boot"
47,14,"petite","second",377707,412031,36700100,63299977,824062,126599954,917,38900,173323,9847890,77800,19695780,"1bill-boot"
47,15,"petite","second",376920,412212,36632661,63367380,824424,126734760,985,38520,190038,9810711,77040,19621422,"1bill-boot"
47,16,"petite","second",376047,412418,36555929,63444132,824836,126888264,996,38613,191401,9813505,77226,19627010,"1bill-boot"
47,17,"petite","second",377892,412339,36693267,63306879,824678,126613758,997,38901,191676,9829018,77802,19658036,"1bill-boot"
47,18,"petite","second",377493,412278,36690410,63309642,824556,126619284,963,38806,181380,9826132,77612,19652264,"1bill-boot"
47,19,"petite","second",376576,412730,36601611,63398390,825460,126796780,976,38877,185048,9844260,77754,19688520,"1bill-boot"
47,20,"petite","second",377247,412202,36657150,63342914,824404,126685828,1038,38695,194626,9810625,77390,19621250,"1bill-boot"
47,21,"petite","second",377063,412366,36633583,63366422,824732,126732844,853,38703,170288,9835702,77406,19671404,"1bill-boot"
47,22,"petite","second",377708,411901,36708162,63291872,823802,126583744,978,38695,185997,9818976,77390,19637952,"1bill-boot"
47,23,"petite","second",377310,412811,36643916,63356103,825622,126712206,988,38646,189854,9814299,77292,19628598,"1bill-boot"
47,24,"petite","second",376183,412814,36548026,63452108,825628,126904216,1048,38696,198444,9808239,77392,19616478,"1bill-boot"
47,25,"petite","second",377186,412813,36604119,63395973,825626,126791946,1012,38627,195134,9820486,77254,19640972,"1bill-boot"
47,26,"petite","second",377577,411972,36671424,63328630,823944,126657260,1006,38736,190236,9822783,77472,19645566,"1bill-boot"
47,27,"petite","second",376878,411777,36665822,63334222,823554,126668444,989,38697,191450,9813380,77394,19626760,"1bill-boot"
47,28,"petite","second",376512,413299,36545046,63455020,826598,126910040,980,38708,184741,9819522,77416,19639044,"1bill-boot"
47,29,"petite","second",377316,412048,36645708,63354357,824096,126708714,980,38492,191180,9811470,76984,19622940,"1bill-boot"
47,30,"petite","second",376947,412179,36646618,63353490,824358,126706980,996,38654,188592,9831330,77308,19662660,"1bill-boot"
40,1,"petite","second",371607,421309,36235930,63764113,842618,127528226,1290,39015,245784,9769688,78030,19539376,"1bill-boot"
40,2,"petite","second",371764,421908,36259640,63740464,843816,127480928,1419,39063,270183,9759379,78126,19518758,"1bill-boot"
40,3,"petite","second",372206,421121,36287322,63712728,842242,127425456,1383,39041,262585,9737563,78082,19475126,"1bill-boot"
40,4,"petite","second",372079,420846,36279811,63720248,841692,127440496,1404,38908,268994,9732541,77816,19465082,"1bill-boot"
40,5,"petite","second",371243,422094,36161222,63838925,844188,127677850,1404,38943,269085,9755059,77886,19510118,"1bill-boot"
40,6,"petite","second",372408,420284,36348542,63651687,840568,127303374,1385,39010,261312,9756169,78020,19512338,"1bill-boot"
40,7,"petite","second",372320,421241,36265471,63734542,842482,127469084,1451,38963,276863,9748046,77926,19496092,"1bill-boot"
40,8,"petite","second",371851,420883,36273092,63727008,841766,127454016,1417,38993,268678,9752774,77986,19505548,"1bill-boot"
40,9,"petite","second",371253,421686,36221162,63779072,843372,127558144,1354,39006,258672,9749422,78012,19498844,"1bill-boot"
40,10,"petite","second",372281,420534,36337153,63662867,841068,127325734,1421,38914,272354,9732412,77828,19464824,"1bill-boot"
40,11,"petite","second",372279,421187,36245171,63754843,842374,127509686,1391,38854,262510,9745499,77708,19490998,"1bill-boot"
40,12,"petite","second",372596,420504,36345227,63654827,841008,127309654,1388,38899,263213,9741667,77798,19483334,"1bill-boot"
40,13,"petite","second",371852,421175,36242606,63757549,842350,127515098,1408,38922,267228,9741914,77844,19483828,"1bill-boot"
40,14,"petite","second",372037,421568,36246883,63753216,843136,127506432,1410,39045,263328,9745777,78090,19491554,"1bill-boot"
40,15,"petite","second",371709,421319,36260321,63739700,842638,127479400,1413,38973,267003,9743970,77946,19487940,"1bill-boot"
40,16,"petite","second",371879,421385,36262569,63737434,842770,127474868,1385,39073,261100,9770395,78146,19540790,"1bill-boot"
40,17,"petite","second",371664,421529,36245347,63754657,843058,127509314,1405,38886,266237,9744565,77772,19489130,"1bill-boot"
40,18,"petite","second",371526,421756,36230772,63769262,843512,127538524,1390,39097,265198,9737875,78194,19475750,"1bill-boot"
40,19,"petite","second",372616,421189,36369655,63630352,842378,127260704,1444,39068,273143,9743341,78136,19486682,"1bill-boot"
40,20,"petite","second",372179,421360,36244444,63755592,842720,127511184,1336,39088,257126,9758669,78176,19517338,"1bill-boot"
40,21,"petite","second",372118,421847,36229411,63770657,843694,127541314,1319,38946,252055,9770208,77892,19540416,"1bill-boot"
40,22,"petite","second",372417,420870,36300467,63699633,841740,127399266,1417,38971,271055,9733571,77942,19467142,"1bill-boot"
40,23,"petite","second",372136,421409,36292539,63707524,842818,127415048,1400,39035,266873,9736620,78070,19473240,"1bill-boot"
40,24,"petite","second",372196,421617,36280250,63719832,843234,127439664,1366,39068,261914,9738153,78136,19476306,"1bill-boot"
40,25,"petite","second",372761,420952,36366505,63633658,841904,127267316,1539,38949,291343,9720442,77898,19440884,"1bill-boot"
40,26,"petite","second",372020,421485,36280791,63719252,842970,127438504,1392,39067,264309,9744080,78134,19488160,"1bill-boot"
40,27,"petite","second",371654,421476,36213585,63786451,842952,127572902,1327,39149,253768,9762680,78298,19525360,"1bill-boot"
40,28,"petite","second",372305,421754,36283609,63716479,843508,127432958,1394,38959,262696,9741879,77918,19483758,"1bill-boot"
40,29,"petite","second",372459,421109,36286951,63713163,842218,127426326,1382,39004,264068,9740490,78008,19480980,"1bill-boot"
40,30,"petite","second",371793,421517,36251801,63748271,843034,127496542,1383,39120,263458,9757683,78240,19515366,"1bill-boot"
23,1,"petite","second",373525,422662,36148920,63851096,845324,127702192,894,40143,149989,9863836,80286,19727672,"1bill-boot"
23,2,"petite","second",374262,421829,36179056,63820978,843658,127641956,842,40263,141282,9877312,80526,19754624,"1bill-boot"
23,3,"petite","second",374599,422185,36246245,63753962,844370,127507924,767,40174,126930,9880993,80348,19761986,"1bill-boot"
23,4,"petite","second",374708,421686,36259150,63740987,843372,127481974,765,40232,126555,9881806,80464,19763612,"1bill-boot"
23,5,"petite","second",374119,422556,36158384,63841630,845112,127683260,792,40228,131721,9872474,80456,19744948,"1bill-boot"
23,6,"petite","second",374001,421935,36227102,63772958,843870,127545916,780,40132,130434,9875184,80264,19750368,"1bill-boot"
23,7,"petite","second",374139,422269,36192151,63807849,844538,127615698,898,40133,150772,9857433,80266,19714866,"1bill-boot"
23,8,"petite","second",374575,420945,36262135,63737938,841890,127475876,863,40056,145610,9859753,80112,19719506,"1bill-boot"
23,9,"petite","second",374299,422147,36236552,63763456,844294,127526912,775,40171,128863,9881531,80342,19763062,"1bill-boot"
23,10,"petite","second",373509,422592,36156419,63843736,845184,127687472,783,40171,130569,9874202,80342,19748404,"1bill-boot"
23,11,"petite","second",374269,422147,36213035,63787025,844294,127574050,876,40251,147038,9876462,80502,19752924,"1bill-boot"
23,12,"petite","second",374549,422063,36252187,63747876,844126,127495752,754,40190,127178,9883806,80380,19767612,"1bill-boot"
23,13,"petite","second",373610,422124,36124159,63875940,844248,127751880,681,40166,118502,9895099,80332,19790198,"1bill-boot"
23,14,"petite","second",374327,422027,36217132,63782964,844054,127565928,777,40233,129104,9880186,80466,19760372,"1bill-boot"
23,15,"petite","second",374542,421642,36247564,63752462,843284,127504924,887,40140,150111,9856541,80280,19713082,"1bill-boot"
23,16,"petite","second",373930,421926,36169562,63830518,843852,127661036,846,40024,141850,9860434,80048,19720868,"1bill-boot"
23,17,"petite","second",375038,421919,36272823,63727253,843838,127454506,902,40304,152907,9864027,80608,19728054,"1bill-boot"
23,18,"petite","second",374102,422074,36179082,63820948,844148,127641896,896,40171,151751,9870908,80342,19741816,"1bill-boot"
23,19,"petite","second",373474,422299,36125390,63874833,844598,127749666,819,40152,133267,9873090,80304,19746180,"1bill-boot"
23,20,"petite","second",373973,422138,36225136,63774954,844276,127549908,825,40115,138816,9872986,80230,19745972,"1bill-boot"
23,21,"petite","second",374313,421666,36202628,63797423,843332,127594846,757,40251,125882,9890919,80502,19781838,"1bill-boot"
23,22,"petite","second",373675,422067,36154804,63845255,844134,127690510,785,40332,128078,9895166,80664,19790332,"1bill-boot"
23,23,"petite","second",374409,422148,36199928,63800197,844296,127600394,904,40237,152723,9878445,80474,19756890,"1bill-boot"
23,24,"petite","second",373018,422457,36108181,63891890,844914,127783780,787,40172,129745,9895551,80344,19791102,"1bill-boot"
23,25,"petite","second",374008,422278,36179021,63821103,844556,127642206,785,40151,129607,9884470,80302,19768940,"1bill-boot"
23,26,"petite","second",374090,421592,36196556,63803480,843184,127606960,768,40170,128015,9878648,80340,19757296,"1bill-boot"
23,27,"petite","second",374259,422094,36191123,63808948,844188,127617896,667,40116,116504,9885906,80232,19771812,"1bill-boot"
23,28,"petite","second",374833,421790,36261475,63738618,843580,127477236,862,40122,145026,9866710,80244,19733420,"1bill-boot"
23,29,"petite","second",374241,421861,36226892,63773219,843722,127546438,830,40154,138707,9867401,80308,19734802,"1bill-boot"
23,30,"petite","second",374326,421441,36235847,63764167,842882,127528334,771,40171,128068,9887575,80342,19775150,"1bill-boot"
24,1,"petite","second",379717,414923,36807700,63192357,829846,126384714,1383,39128,284647,9727412,78256,19454824,"1bill-boot"
24,2,"petite","second",379132,414682,36775761,63224284,829364,126448568,1407,38997,289945,9713464,77994,19426928,"1bill-boot"
24,3,"petite","second",379414,415410,36783315,63216795,830820,126433590,1354,39147,280993,9742114,78294,19484228,"1bill-boot"
24,4,"petite","second",379820,415092,36790093,63210039,830184,126420078,1404,39114,284552,9718809,78228,19437618,"1bill-boot"
24,5,"petite","second",380263,415016,36850968,63149092,830032,126298184,1382,39240,284533,9743381,78480,19486762,"1bill-boot"
24,6,"petite","second",379375,414777,36812972,63187038,829554,126374076,1413,39186,292572,9725428,78372,19450856,"1bill-boot"
24,7,"petite","second",379662,415781,36784321,63215731,831562,126431462,1316,39191,272367,9742414,78382,19484828,"1bill-boot"
24,8,"petite","second",380021,414518,36856166,63143975,829036,126287950,1429,39149,291204,9736824,78298,19473648,"1bill-boot"
24,9,"petite","second",380375,414800,36839093,63160954,829600,126321908,1335,39155,276356,9735594,78310,19471188,"1bill-boot"
24,10,"petite","second",379571,414605,36826433,63173740,829210,126347480,1387,39054,285486,9722628,78108,19445256,"1bill-boot"
24,11,"petite","second",379548,415136,36756067,63244109,830272,126488218,1397,38956,284992,9715322,77912,19430644,"1bill-boot"
24,12,"petite","second",379863,414926,36827420,63172619,829852,126345238,1420,39051,293397,9712801,78102,19425602,"1bill-boot"
24,13,"petite","second",380024,414489,36858610,63141506,828978,126283012,1398,39204,289672,9737761,78408,19475522,"1bill-boot"
24,14,"petite","second",379747,415013,36786067,63213975,830026,126427950,1370,39348,283013,9744532,78696,19489064,"1bill-boot"
24,15,"petite","second",379843,415384,36776532,63223508,830768,126447016,1450,39151,296651,9719459,78302,19438918,"1bill-boot"
24,16,"petite","second",380439,414342,36864470,63135673,828684,126271346,1402,39297,288081,9760055,78594,19520110,"1bill-boot"
24,17,"petite","second",380003,415489,36794263,63205832,830978,126411664,1357,39118,278673,9725381,78236,19450762,"1bill-boot"
24,18,"petite","second",380592,415244,36870187,63129876,830488,126259752,1367,39234,281368,9723604,78468,19447208,"1bill-boot"
24,19,"petite","second",380808,414648,36866424,63133614,829296,126267228,1378,39180,283195,9718106,78360,19436212,"1bill-boot"
24,20,"petite","second",379385,415688,36796770,63203351,831376,126406702,1395,39142,289492,9712353,78284,19424706,"1bill-boot"
24,21,"petite","second",381291,414150,36959744,63040386,828300,126080772,1360,39213,280403,9731194,78426,19462388,"1bill-boot"
24,22,"petite","second",379333,415082,36791153,63208878,830164,126417756,1391,39176,285821,9733665,78352,19467330,"1bill-boot"
24,23,"petite","second",380607,415102,36873947,63126197,830204,126252394,1374,39140,284615,9722627,78280,19445254,"1bill-boot"
24,24,"petite","second",380849,414674,36947871,63052237,829348,126104474,1400,39288,287422,9748526,78576,19497052,"1bill-boot"
24,25,"petite","second",379824,415068,36815964,63184136,830136,126368272,1429,39137,295503,9707350,78274,19414700,"1bill-boot"
24,26,"petite","second",379466,415412,36765196,63234839,830824,126469678,1370,39132,281876,9725460,78264,19450920,"1bill-boot"
24,27,"petite","second",379244,415003,36784441,63215658,830006,126431316,1490,39132,307220,9706876,78264,19413752,"1bill-boot"
24,28,"petite","second",380371,415137,36851499,63148651,830274,126297302,1354,39246,280444,9744679,78492,19489358,"1bill-boot"
24,29,"petite","second",379898,415196,36795355,63204810,830392,126409620,1310,39136,269486,9734800,78272,19469600,"1bill-boot"
24,30,"petite","second",379992,414995,36833215,63166932,829990,126333864,1403,39265,288601,9742242,78530,19484484,"1bill-boot"
12,1,"petite","second",379024,417155,36781896,63218147,834310,126436294,1362,39273,261111,9764551,78546,19529102,"1bill-boot"
12,2,"petite","second",378607,416796,36776077,63223928,833592,126447856,1340,39059,259658,9746089,78118,19492178,"1bill-boot"
12,3,"petite","second",380197,416242,36898706,63101423,832484,126202846,1423,39162,276161,9735404,78324,19470808,"1bill-boot"
12,4,"petite","second",379539,416872,36819914,63180093,833744,126360186,1370,39077,268132,9733842,78154,19467684,"1bill-boot"
12,5,"petite","second",379111,416370,36811675,63188515,832740,126377030,1371,39053,268248,9747734,78106,19495468,"1bill-boot"
12,6,"petite","second",379667,416164,36861992,63138022,832328,126276044,1320,39187,257447,9748727,78374,19497454,"1bill-boot"
12,7,"petite","second",379410,416709,36851092,63148932,833418,126297864,1382,39166,270309,9732727,78332,19465454,"1bill-boot"
12,8,"petite","second",379139,415995,36899983,63100200,831990,126200400,1434,39006,282463,9736637,78012,19473274,"1bill-boot"
12,9,"petite","second",379404,416648,36823600,63176544,833296,126353088,1453,39196,282246,9738100,78392,19476200,"1bill-boot"
12,10,"petite","second",379712,416180,36877645,63122468,832360,126244936,1385,39244,265752,9758105,78488,19516210,"1bill-boot"
12,11,"petite","second",379291,416410,36830871,63169262,832820,126338524,1475,39041,287689,9717730,78082,19435460,"1bill-boot"
12,12,"petite","second",379058,416615,36793219,63206875,833230,126413750,1423,38988,275584,9731199,77976,19462398,"1bill-boot"
12,13,"petite","second",378146,416911,36714978,63285098,833822,126570196,1394,39057,269323,9733240,78114,19466480,"1bill-boot"
12,14,"petite","second",379398,416577,36834876,63165158,833154,126330316,1372,39204,265657,9752600,78408,19505200,"1bill-boot"
12,15,"petite","second",379172,416649,36805423,63194654,833298,126389308,1328,39282,259385,9776558,78564,19553116,"1bill-boot"
12,16,"petite","second",380214,415785,36922324,63077812,831570,126155624,1353,39168,262435,9751584,78336,19503168,"1bill-boot"
12,17,"petite","second",378724,417303,36799354,63200693,834606,126401386,1416,39186,275791,9739691,78372,19479382,"1bill-boot"
12,18,"petite","second",379174,416780,36821510,63178553,833560,126357106,1413,39047,277051,9723213,78094,19446426,"1bill-boot"
12,19,"petite","second",379846,416237,36853050,63147039,832474,126294078,1458,38990,282708,9729932,77980,19459864,"1bill-boot"
12,20,"petite","second",378935,416900,36814193,63185933,833800,126371866,1360,39268,262742,9762885,78536,19525770,"1bill-boot"
12,21,"petite","second",380173,416127,36868027,63131999,832254,126263998,1335,39154,261687,9751125,78308,19502250,"1bill-boot"
12,22,"petite","second",379047,416368,36790494,63209597,832736,126419194,1403,39085,274907,9734053,78170,19468106,"1bill-boot"
12,23,"petite","second",380012,416221,36846513,63153624,832442,126307248,1307,39269,253974,9768487,78538,19536974,"1bill-boot"
12,24,"petite","second",379537,416550,36830085,63169988,833100,126339976,1413,38996,274992,9728661,77992,19457322,"1bill-boot"
12,25,"petite","second",379356,416637,36830453,63169567,833274,126339134,1370,39221,264278,9763141,78442,19526282,"1bill-boot"
12,26,"petite","second",378960,416653,36803137,63196878,833306,126393756,1352,39096,259964,9742809,78192,19485618,"1bill-boot"
12,27,"petite","second",379896,416323,36869926,63130090,832646,126260180,1377,39176,266244,9748776,78352,19497552,"1bill-boot"
12,28,"petite","second",379228,417173,36815724,63184326,834346,126368652,1370,39151,268241,9737175,78302,19474350,"1bill-boot"
12,29,"petite","second",379538,416214,36847610,63152436,832428,126304872,1430,39061,275395,9744584,78122,19489168,"1bill-boot"
12,30,"petite","second",380236,416236,36902887,63097147,832472,126194294,1348,39162,262632,9739873,78324,19479746,"1bill-boot"
15,1,"petite","second",373873,412975,37040943,62959125,825950,125918250,1164,40618,243304,9764139,81236,19528278,"1bill-boot"
15,2,"petite","second",373620,413082,37027691,62972330,826164,125944660,1230,40589,256862,9759378,81178,19518756,"1bill-boot"
15,3,"petite","second",372943,414070,36960379,63039727,828140,126079454,1258,40729,257674,9754348,81458,19508696,"1bill-boot"
15,4,"petite","second",374269,412599,37095856,62904193,825198,125808386,1179,40813,244054,9789944,81626,19579888,"1bill-boot"
15,5,"petite","second",373605,413218,36973657,63026437,826436,126052874,1212,40560,246645,9774018,81120,19548036,"1bill-boot"
15,6,"petite","second",374305,413012,37051269,62948848,826024,125897696,1261,40587,258538,9769929,81174,19539858,"1bill-boot"
15,7,"petite","second",375160,413302,37113460,62886586,826604,125773172,1273,40571,259499,9752963,81142,19505926,"1bill-boot"
15,8,"petite","second",373084,413552,37008295,62991723,827104,125983446,1291,40668,263063,9764197,81336,19528394,"1bill-boot"
15,9,"petite","second",373259,413372,36968826,63031410,826744,126062820,1238,40549,250454,9767446,81098,19534892,"1bill-boot"
15,10,"petite","second",374476,412760,37104494,62895623,825520,125791246,1237,40612,252722,9764401,81224,19528802,"1bill-boot"
15,11,"petite","second",373820,413340,37049875,62950238,826680,125900476,1230,40633,251417,9772110,81266,19544220,"1bill-boot"
15,12,"petite","second",373806,413215,37019548,62980587,826430,125961174,1237,40672,257550,9757901,81344,19515802,"1bill-boot"
15,13,"petite","second",373767,413132,37079929,62920079,826264,125840158,1321,40512,270412,9743861,81024,19487722,"1bill-boot"
15,14,"petite","second",374170,413666,37059607,62940561,827332,125881122,1337,40591,270636,9751787,81182,19503574,"1bill-boot"
15,15,"petite","second",373086,414042,36926024,63073997,828084,126147994,1125,40621,233582,9771329,81242,19542658,"1bill-boot"
15,16,"petite","second",373491,413320,37015268,62984825,826640,125969650,1297,40532,265300,9739459,81064,19478918,"1bill-boot"
15,17,"petite","second",374551,413229,37064502,62935531,826458,125871062,1280,40526,261707,9757278,81052,19514556,"1bill-boot"
15,18,"petite","second",373606,413376,37020201,62979865,826752,125959730,1123,40674,234102,9787342,81348,19574684,"1bill-boot"
15,19,"petite","second",373090,414020,36938288,63061745,828040,126123490,1198,40598,248100,9776188,81196,19552376,"1bill-boot"
15,20,"petite","second",374035,413042,37033622,62966623,826084,125933246,1247,40712,251526,9764022,81424,19528044,"1bill-boot"
15,21,"petite","second",374014,412915,37029017,62970984,825830,125941968,1248,40458,253414,9746638,80916,19493276,"1bill-boot"
15,22,"petite","second",374457,412705,37112825,62887276,825410,125774552,1278,40634,258865,9757816,81268,19515632,"1bill-boot"
15,23,"petite","second",374243,413030,37100557,62899586,826060,125799172,1268,40583,259142,9745390,81166,19490780,"1bill-boot"
15,24,"petite","second",373619,413389,37013268,62986769,826778,125973538,1297,40638,262211,9761425,81276,19522850,"1bill-boot"
15,25,"petite","second",374112,413887,37010785,62989346,827774,125978692,1288,40618,262682,9760501,81236,19521002,"1bill-boot"
15,26,"petite","second",373835,412868,37094360,62905695,825736,125811390,1243,40579,255802,9748775,81158,19497550,"1bill-boot"
15,27,"petite","second",374050,412947,37078603,62921636,825894,125843272,1157,40734,240856,9785144,81468,19570288,"1bill-boot"
15,28,"petite","second",373031,414354,36924829,63075177,828708,126150354,1256,40598,256154,9769683,81196,19539366,"1bill-boot"
15,29,"petite","second",374308,413134,37034643,62965385,826268,125930770,1326,40604,271247,9752408,81208,19504816,"1bill-boot"
15,30,"petite","second",373957,413165,37019003,62981079,826330,125962158,1245,40674,253035,9771384,81348,19542768,"1bill-boot"
41,1,"petite","second",372758,414885,36527113,63472903,829770,126945806,901,38229,175459,9825599,76458,19651198,"1bill-boot"
41,2,"petite","second",373591,414318,36566783,63433283,828636,126866566,922,38245,181268,9843065,76490,19686130,"1bill-boot"
41,3,"petite","second",373442,414373,36567110,63432956,828746,126865912,1024,38077,219146,9788017,76154,19576034,"1bill-boot"
41,4,"petite","second",373591,414422,36588353,63411705,828844,126823410,1097,38212,230637,9821717,76424,19643434,"1bill-boot"
41,5,"petite","second",372655,415361,36468386,63531756,830722,127063512,1007,38100,214857,9815098,76200,19630196,"1bill-boot"
41,6,"petite","second",373970,414657,36595681,63404331,829314,126808662,1123,38101,236540,9776429,76202,19552858,"1bill-boot"
41,7,"petite","second",373623,415202,36528551,63471491,830404,126942982,882,38291,172844,9835737,76582,19671474,"1bill-boot"
41,8,"petite","second",374126,414152,36624617,63375572,828304,126751144,1079,38169,227845,9783332,76338,19566664,"1bill-boot"
41,9,"petite","second",373903,414350,36600710,63399292,828700,126798584,964,38156,207000,9807120,76312,19614240,"1bill-boot"
41,10,"petite","second",373970,414248,36597884,63402188,828496,126804376,986,38104,213841,9797689,76208,19595378,"1bill-boot"
41,11,"petite","second",373211,414844,36525250,63474834,829688,126949668,805,38314,158232,9868577,76628,19737154,"1bill-boot"
41,12,"petite","second",373285,414974,36530822,63469273,829948,126938546,886,38157,176622,9825152,76314,19650304,"1bill-boot"
41,13,"petite","second",373975,414629,36564931,63435144,829258,126870288,972,38177,209242,9819451,76354,19638902,"1bill-boot"
41,14,"petite","second",373794,414650,36546838,63453294,829300,126906588,1123,38043,233642,9779073,76086,19558146,"1bill-boot"
41,15,"petite","second",374150,414325,36577145,63422863,828650,126845726,863,38210,173740,9834547,76420,19669094,"1bill-boot"
41,16,"petite","second",374006,414590,36591142,63408986,829180,126817972,853,38256,164862,9837919,76512,19675838,"1bill-boot"
41,17,"petite","second",373370,414655,36539685,63460514,829310,126921028,876,38289,171430,9832433,76578,19664866,"1bill-boot"
41,18,"petite","second",373363,414657,36568955,63431062,829314,126862124,842,38338,167085,9848861,76676,19697722,"1bill-boot"
41,19,"petite","second",373947,414536,36591577,63408508,829072,126817016,897,38250,180232,9828228,76500,19656456,"1bill-boot"
41,20,"petite","second",372606,414915,36453764,63546236,829830,127092472,993,38082,211255,9800818,76164,19601636,"1bill-boot"
41,21,"petite","second",373980,414418,36634386,63365846,828836,126731692,950,38118,206892,9801538,76236,19603076,"1bill-boot"
41,22,"petite","second",373892,414266,36574850,63425241,828532,126850482,861,38247,173637,9854231,76494,19708462,"1bill-boot"
41,23,"petite","second",373682,414546,36579765,63420240,829092,126840480,880,38245,173664,9833108,76490,19666216,"1bill-boot"
41,24,"petite","second",373756,414630,36565843,63434213,829260,126868426,956,38137,204737,9801038,76274,19602076,"1bill-boot"
41,25,"petite","second",373863,414722,36560516,63439550,829444,126879100,908,38245,178854,9827731,76490,19655462,"1bill-boot"
41,26,"petite","second",374305,414387,36642857,63357247,828774,126714494,1022,38109,219169,9787486,76218,19574972,"1bill-boot"
41,27,"petite","second",372616,415089,36466584,63533674,830178,127067348,801,38414,157746,9869732,76828,19739464,"1bill-boot"
41,28,"petite","second",375006,414160,36685604,63314437,828320,126628874,966,38163,207126,9803420,76326,19606840,"1bill-boot"
41,29,"petite","second",372477,415205,36447442,63552601,830410,127105202,894,38348,179315,9835547,76696,19671094,"1bill-boot"
41,30,"petite","second",374920,413906,36697048,63303070,827812,126606140,910,38267,180572,9838284,76534,19676568,"1bill-boot"
46,1,"petite","second",377709,410605,36753857,63246146,821210,126492292,1799,38534,356411,9664978,77068,19329956,"1bill-boot"
46,2,"petite","second",378409,409821,36820087,63179940,819642,126359880,1853,38539,367018,9640033,77078,19280066,"1bill-boot"
46,3,"petite","second",377388,410895,36711765,63288245,821790,126576490,1789,38543,351549,9669337,77086,19338674,"1bill-boot"
46,4,"petite","second",377951,410155,36808833,63191266,820310,126382532,1808,38639,354474,9663157,77278,19326314,"1bill-boot"
46,5,"petite","second",377935,410229,36764690,63235352,820458,126470704,1689,38706,334811,9671149,77412,19342298,"1bill-boot"
46,6,"petite","second",378593,409534,36847462,63152591,819068,126305182,1778,38684,350733,9653660,77368,19307320,"1bill-boot"
46,7,"petite","second",379165,410028,36876900,63123166,820056,126246332,1739,38719,344019,9658865,77438,19317730,"1bill-boot"
46,8,"petite","second",378341,409637,36840281,63159727,819274,126319454,1750,38650,343974,9657369,77300,19314738,"1bill-boot"
46,9,"petite","second",377928,409812,36806255,63193834,819624,126387668,1729,38548,341506,9669700,77096,19339400,"1bill-boot"
46,10,"petite","second",378246,409940,36806019,63194180,819880,126388360,1783,38683,352040,9662307,77366,19324614,"1bill-boot"
46,11,"petite","second",377925,410012,36765310,63234770,820024,126469540,1789,38469,351158,9653584,76938,19307168,"1bill-boot"
46,12,"petite","second",378152,409826,36804960,63195102,819652,126390204,1783,38574,352912,9657805,77148,19315610,"1bill-boot"
46,13,"petite","second",378107,409602,36781292,63218757,819204,126437514,1678,38633,331272,9674499,77266,19348998,"1bill-boot"
46,14,"petite","second",378115,409976,36784554,63215474,819952,126430948,1705,38703,335639,9666973,77406,19333946,"1bill-boot"
46,15,"petite","second",378487,410176,36816644,63183377,820352,126366754,1827,38591,358000,9652497,77182,19304994,"1bill-boot"
46,16,"petite","second",378450,410172,36819307,63180747,820344,126361494,1801,38683,354228,9656434,77366,19312868,"1bill-boot"
46,17,"petite","second",378209,410295,36807346,63192713,820590,126385426,1830,38782,360815,9647621,77564,19295242,"1bill-boot"
46,18,"petite","second",378289,409941,36824458,63175565,819882,126351130,1851,38525,365741,9650416,77050,19300832,"1bill-boot"
46,19,"petite","second",378438,410252,36822238,63177786,820504,126355572,1784,38435,353272,9648522,76870,19297044,"1bill-boot"
46,20,"petite","second",378613,409857,36838372,63161724,819714,126323448,1811,38549,354618,9659347,77098,19318694,"1bill-boot"
46,21,"petite","second",379016,409990,36864690,63135502,819980,126271004,1781,38730,351469,9653776,77460,19307552,"1bill-boot"
46,22,"petite","second",379005,409564,36887553,63112492,819128,126224984,1721,38678,339431,9678775,77356,19357550,"1bill-boot"
46,23,"petite","second",378238,410383,36798261,63201984,820766,126403968,1791,38543,352276,9655946,77086,19311892,"1bill-boot"
46,24,"petite","second",377816,410231,36782992,63217066,820462,126434132,1795,38600,355800,9650239,77200,19300478,"1bill-boot"
46,25,"petite","second",377740,410344,36807631,63192469,820688,126384938,1747,38687,347987,9661509,77374,19323018,"1bill-boot"
46,26,"petite","second",379304,409641,36943077,63057044,819282,126114088,1891,38623,370711,9634703,77246,19269406,"1bill-boot"
46,27,"petite","second",378475,409349,36916518,63083600,818698,126167200,1774,38633,347639,9662149,77266,19324298,"1bill-boot"
46,28,"petite","second",378356,410684,36793625,63206413,821368,126412826,1774,38527,354090,9650623,77054,19301246,"1bill-boot"
46,29,"petite","second",378858,410101,36873039,63126996,820202,126253992,1817,38669,359296,9644874,77338,19289748,"1bill-boot"
46,30,"petite","second",378062,409830,36784293,63215716,819660,126431432,1778,38592,351762,9659810,77184,19319620,"1bill-boot"
48,1,"petite","second",373937,413625,36264786,63735415,827250,127470830,1481,37590,299232,9706813,75180,19413626,"1bill-boot"
48,2,"petite","second",375522,413373,36309350,63690754,826746,127381508,1354,37755,272027,9737704,75510,19475408,"1bill-boot"
48,3,"petite","second",373592,413921,36159737,63840425,827842,127680850,1310,37658,262654,9740335,75316,19480670,"1bill-boot"
48,4,"petite","second",373887,413946,36185514,63814494,827892,127628988,1345,37812,272413,9745138,75624,19490276,"1bill-boot"
48,5,"petite","second",375639,413301,36293416,63706727,826602,127413454,1375,37743,278180,9736084,75486,19472168,"1bill-boot"
48,6,"petite","second",373817,413474,36179197,63820807,826948,127641614,1244,37731,250394,9763499,75462,19526998,"1bill-boot"
48,7,"petite","second",373560,414657,36130298,63869721,829314,127739442,1348,37765,270294,9743451,75530,19486902,"1bill-boot"
48,8,"petite","second",374422,413234,36226919,63773091,826468,127546182,1450,37718,297835,9717414,75436,19434828,"1bill-boot"
48,9,"petite","second",374559,414049,36185171,63815053,828098,127630106,1393,37638,283052,9736934,75276,19473868,"1bill-boot"
48,10,"petite","second",373838,413745,36156526,63843674,827490,127687348,1238,37786,249365,9762529,75572,19525058,"1bill-boot"
48,11,"petite","second",374124,413819,36194618,63805410,827638,127610820,1210,37766,246509,9761348,75532,19522696,"1bill-boot"
48,12,"petite","second",374827,413197,36296966,63703185,826394,127406370,1264,37853,253324,9759914,75706,19519828,"1bill-boot"
48,13,"petite","second",373968,414004,36154845,63845164,828008,127690328,1212,37800,247262,9769958,75600,19539916,"1bill-boot"
48,14,"petite","second",374623,413550,36247263,63752862,827100,127505724,1371,37692,276519,9739068,75384,19478136,"1bill-boot"
48,15,"petite","second",374180,414386,36169258,63830750,828772,127661500,1305,37877,263522,9754247,75754,19508494,"1bill-boot"
48,16,"petite","second",374731,413568,36263379,63736710,827136,127473420,1286,37835,253287,9764384,75670,19528768,"1bill-boot"
48,17,"petite","second",374352,414184,36163344,63836658,828368,127673316,1411,37642,285640,9730461,75284,19460922,"1bill-boot"
48,18,"petite","second",374079,413858,36223232,63776838,827716,127553676,1312,37740,260498,9744702,75480,19489404,"1bill-boot"
48,19,"petite","second",373856,414008,36167515,63832636,828016,127665272,1208,37758,244984,9763444,75516,19526888,"1bill-boot"
48,20,"petite","second",374697,413252,36279198,63720963,826504,127441926,1300,37793,261047,9774049,75586,19548098,"1bill-boot"
48,21,"petite","second",374555,413532,36242769,63757235,827064,127514470,1209,37943,242106,9790500,75886,19581000,"1bill-boot"
48,22,"petite","second",374384,414131,36211555,63788587,828262,127577174,1543,37617,308104,9707648,75234,19415296,"1bill-boot"
48,23,"petite","second",373644,414664,36115115,63884928,829328,127769856,1565,37682,314401,9700105,75364,19400210,"1bill-boot"
48,24,"petite","second",373853,414346,36165292,63834716,828692,127669432,1515,37542,303913,9703313,75084,19406626,"1bill-boot"
48,25,"petite","second",373535,414311,36136100,63864131,828622,127728262,1229,37893,247929,9781093,75786,19562186,"1bill-boot"
48,26,"petite","second",374861,413344,36288725,63711338,826688,127422676,1298,37899,261812,9786766,75798,19573532,"1bill-boot"
48,27,"petite","second",373328,413787,36188308,63811768,827574,127623536,1293,37703,261778,9742498,75406,19484996,"1bill-boot"
48,28,"petite","second",375548,413550,36323618,63676470,827100,127352940,1570,37607,313858,9720094,75214,19440188,"1bill-boot"
48,29,"petite","second",374961,412936,36313744,63686278,825872,127372556,1283,37817,259711,9749628,75634,19499256,"1bill-boot"
48,30,"petite","second",375306,412927,36296910,63703156,825854,127406312,1280,37700,256322,9769786,75400,19539572,"1bill-boot"
33,1,"petite","second",378768,411441,37326037,62674063,822882,125348126,1963,38780,384024,9619766,77560,19239532,"1bill-boot"
33,2,"petite","second",378132,411289,37261606,62738430,822578,125476860,1894,38756,367689,9638447,77512,19276894,"1bill-boot"
33,3,"petite","second",379421,410875,37390553,62609491,821750,125218982,1847,38944,356008,9661775,77888,19323550,"1bill-boot"
33,4,"petite","second",378907,411060,37350140,62649936,822120,125299872,1852,38838,362334,9660394,77676,19320788,"1bill-boot"
33,5,"petite","second",379275,411131,37371464,62628718,822262,125257436,1838,38635,354658,9646558,77270,19293116,"1bill-boot"
33,6,"petite","second",378826,411324,37311214,62688929,822648,125377858,1832,38705,357671,9644823,77410,19289646,"1bill-boot"
33,7,"petite","second",378094,411893,37233262,62766773,823786,125533546,1876,38906,364469,9640188,77812,19280376,"1bill-boot"
33,8,"petite","second",379000,410368,37364617,62635437,820736,125270874,1887,38685,365095,9643423,77370,19286846,"1bill-boot"
33,9,"petite","second",379314,410826,37398210,62601928,821652,125203856,1872,38877,362647,9648934,77754,19297868,"1bill-boot"
33,10,"petite","second",379112,410774,37350215,62649993,821548,125299986,1906,38713,372336,9643359,77426,19286718,"1bill-boot"
33,11,"petite","second",379366,410535,37408467,62591554,821070,125183108,1885,38724,371645,9646579,77448,19293158,"1bill-boot"
33,12,"petite","second",378427,411270,37282777,62717227,822540,125434454,1887,38682,368977,9634876,77364,19269752,"1bill-boot"
33,13,"petite","second",379151,410723,37373096,62626948,821446,125253896,1811,38785,354036,9660942,77570,19321884,"1bill-boot"
33,14,"petite","second",377980,411758,37236550,62763472,823516,125526944,1878,39007,370258,9644818,78014,19289636,"1bill-boot"
33,15,"petite","second",380045,410717,37414169,62585881,821434,125171762,1904,38776,372071,9633653,77552,19267306,"1bill-boot"
33,16,"petite","second",379072,410769,37354837,62645301,821538,125290602,1828,38736,360008,9653843,77472,19307686,"1bill-boot"
33,17,"petite","second",378551,411835,37262635,62737490,823670,125474980,1817,38895,351969,9659269,77790,19318538,"1bill-boot"
33,18,"petite","second",378938,411301,37309588,62690517,822602,125381034,1856,38807,362343,9640197,77614,19280394,"1bill-boot"
33,19,"petite","second",379474,410651,37366082,62634021,821302,125268042,1905,38597,370718,9633136,77194,19266272,"1bill-boot"
33,20,"petite","second",378688,411087,37303207,62696843,822174,125393686,1845,38720,359755,9640575,77440,19281150,"1bill-boot"
33,21,"petite","second",379529,410804,37381984,62618044,821608,125236088,1862,38750,363960,9662524,77500,19325048,"1bill-boot"
33,22,"petite","second",379722,410281,37437131,62562914,820562,125125828,1854,38774,360286,9643422,77548,19286844,"1bill-boot"
33,23,"petite","second",379532,410799,37396674,62603426,821598,125206852,1841,38781,361458,9651922,77562,19303844,"1bill-boot"
33,24,"petite","second",378774,411503,37308310,62691784,823006,125383568,1950,38667,380036,9628659,77334,19257318,"1bill-boot"
33,25,"petite","second",379216,410883,37400595,62599549,821766,125199098,1984,38699,388818,9630306,77398,19260612,"1bill-boot"
33,26,"petite","second",379519,410380,37435375,62564656,820760,125129312,1847,38796,362812,9650818,77592,19301636,"1bill-boot"
33,27,"petite","second",378344,411039,37322419,62677758,822078,125355516,1821,38845,357053,9647054,77690,19294108,"1bill-boot"
33,28,"petite","second",379514,411560,37361241,62638825,823120,125277650,1946,38880,380309,9622897,77760,19245794,"1bill-boot"
33,29,"petite","second",378801,411232,37326649,62673429,822464,125346858,1862,38896,362804,9651539,77792,19303078,"1bill-boot"
33,30,"petite","second",379128,410815,37361667,62638618,821630,125277236,2020,38574,395917,9611118,77148,19222236,"1bill-boot"
9,1,"petite","second",365274,421934,35818850,64181158,843868,128362316,1659,39267,307981,9695514,78534,19391028,"1bill-boot"
9,2,"petite","second",366818,420928,35977322,64022718,841856,128045436,1771,39427,333430,9708735,78854,19417470,"1bill-boot"
9,3,"petite","second",365888,421673,35899650,64100489,843346,128200978,1723,39228,323170,9682969,78456,19365938,"1bill-boot"
9,4,"petite","second",366210,421534,35926515,64073539,843068,128147078,1706,39251,322268,9680625,78502,19361250,"1bill-boot"
9,5,"petite","second",367428,420893,36039859,63960440,841786,127920880,1634,39499,303614,9740921,78998,19481842,"1bill-boot"
9,6,"petite","second",365627,421393,35898748,64101307,842786,128202614,1682,39319,312900,9700403,78638,19400806,"1bill-boot"
9,7,"petite","second",366849,421781,35971478,64028579,843562,128057158,1632,39447,303230,9715885,78894,19431770,"1bill-boot"
9,8,"petite","second",365525,421609,35881041,64119072,843218,128238144,1583,39406,299945,9717488,78812,19434976,"1bill-boot"
9,9,"petite","second",365922,421456,35930029,64070053,842912,128140106,1724,39330,319874,9699573,78660,19399146,"1bill-boot"
9,10,"petite","second",365147,421857,35836574,64163513,843714,128327026,1764,39079,326490,9674720,78158,19349440,"1bill-boot"
9,11,"petite","second",365067,422547,35799309,64200698,845094,128401396,1674,39475,312157,9730141,78950,19460282,"1bill-boot"
9,12,"petite","second",365289,422066,35865090,64134960,844132,128269920,1736,39378,328258,9693488,78756,19386976,"1bill-boot"
9,13,"petite","second",365438,422031,35865266,64134842,844062,128269684,1561,39465,299348,9718345,78930,19436690,"1bill-boot"
9,14,"petite","second",365953,421169,35918603,64081501,842338,128163002,1715,39439,318261,9731116,78878,19462232,"1bill-boot"
9,15,"petite","second",365399,421815,35868351,64131795,843630,128263590,1573,39351,301208,9714393,78702,19428786,"1bill-boot"
9,16,"petite","second",364850,422644,35796296,64203784,845288,128407568,1801,39308,334607,9677584,78616,19355168,"1bill-boot"
9,17,"petite","second",365720,422404,35847505,64152549,844808,128305098,1751,39329,325495,9698078,78658,19396156,"1bill-boot"
9,18,"petite","second",365881,421796,35896454,64103911,843592,128207822,1578,39305,299922,9708564,78610,19417128,"1bill-boot"
9,19,"petite","second",365993,422459,35880107,64120023,844918,128240046,1624,39405,305716,9715747,78810,19431494,"1bill-boot"
9,20,"petite","second",365877,421070,35923482,64076577,842140,128153154,1619,39304,304995,9707706,78608,19415412,"1bill-boot"
9,21,"petite","second",365324,422467,35832696,64167312,844934,128334624,1661,39443,307838,9708895,78886,19417790,"1bill-boot"
9,22,"petite","second",364999,421998,35816888,64183144,843996,128366288,1697,39311,318383,9689604,78622,19379208,"1bill-boot"
9,23,"petite","second",365411,421801,35900774,64099227,843602,128198454,1724,39332,323301,9695479,78664,19390958,"1bill-boot"
9,24,"petite","second",365611,421671,35863376,64136640,843342,128273280,1714,39125,320302,9682919,78250,19365838,"1bill-boot"
9,25,"petite","second",365697,421822,35900161,64099948,843644,128199896,1696,39506,311422,9730783,79012,19461566,"1bill-boot"
9,26,"petite","second",365750,421338,35893219,64106863,842676,128213726,1647,39269,313539,9701472,78538,19402944,"1bill-boot"
9,27,"petite","second",364770,421622,35809983,64190036,843244,128380072,1627,39399,314803,9705243,78798,19410486,"1bill-boot"
9,28,"petite","second",365706,422038,35868068,64131978,844076,128263956,1717,39272,320467,9704378,78544,19408756,"1bill-boot"
9,29,"petite","second",366076,421775,35905254,64094796,843550,128189592,1668,39378,308533,9711122,78756,19422244,"1bill-boot"
9,30,"petite","second",365658,421627,35851603,64148446,843254,128296892,1633,39376,305651,9710874,78752,19421748,"1bill-boot"
34,1,"petite","second",371376,416282,36326637,63673500,832564,127347000,1050,38736,231938,9770809,77472,19541618,"1bill-boot"
34,2,"petite","second",371957,416424,36427448,63572685,832848,127145370,1070,38858,235154,9773913,77716,19547826,"1bill-boot"
34,3,"petite","second",371348,415985,36348551,63651595,831970,127303190,1115,38624,245254,9761548,77248,19523096,"1bill-boot"
34,4,"petite","second",371110,415823,36355089,63644994,831646,127289988,1102,38573,242535,9762470,77146,19524940,"1bill-boot"
34,5,"petite","second",372279,415529,36446678,63553350,831058,127106700,1037,38839,228929,9776852,77678,19553704,"1bill-boot"
34,6,"petite","second",372292,415562,36477893,63522172,831124,127044344,1047,38812,232342,9783315,77624,19566630,"1bill-boot"
34,7,"petite","second",371740,416547,36370219,63629790,833094,127259580,1040,38825,226771,9788929,77650,19577858,"1bill-boot"
34,8,"petite","second",371594,415465,36410603,63589546,830930,127179092,1011,38709,225086,9780728,77418,19561456,"1bill-boot"
34,9,"petite","second",372314,415912,36439447,63560576,831824,127121152,1113,38786,244018,9756711,77572,19513422,"1bill-boot"
34,10,"petite","second",372146,415519,36446803,63553288,831038,127106576,1111,38599,246761,9757088,77198,19514176,"1bill-boot"
34,11,"petite","second",372339,415764,36466129,63533893,831528,127067786,1081,38808,240019,9771642,77616,19543284,"1bill-boot"
34,12,"petite","second",372547,415506,36487810,63512365,831012,127024730,1063,38822,234606,9770784,77644,19541568,"1bill-boot"
34,13,"petite","second",372620,415370,36472105,63527972,830740,127055944,1122,38744,245133,9762898,77488,19525796,"1bill-boot"
34,14,"petite","second",372246,416100,36451466,63548581,832200,127097162,1077,38854,241068,9772527,77708,19545054,"1bill-boot"
34,15,"petite","second",372334,415833,36422781,63577223,831666,127154446,1091,38772,241318,9759026,77544,19518052,"1bill-boot"
34,16,"petite","second",371549,416058,36374254,63626019,832116,127252038,1079,38715,239523,9769872,77430,19539744,"1bill-boot"
34,17,"petite","second",372116,416244,36408046,63591955,832488,127183910,1064,38882,236789,9775043,77764,19550086,"1bill-boot"
34,18,"petite","second",372191,416409,36426913,63573178,832818,127146356,1061,39006,231980,9783298,78012,19566596,"1bill-boot"
34,19,"petite","second",371867,415617,36394727,63605300,831234,127210600,1062,38781,234262,9774498,77562,19548996,"1bill-boot"
34,20,"petite","second",371897,416140,36388228,63611809,832280,127223618,1060,38903,232902,9784576,77806,19569152,"1bill-boot"
34,21,"petite","second",372283,415928,36428272,63571787,831856,127143574,1058,38816,229799,9777481,77632,19554962,"1bill-boot"
34,22,"petite","second",371603,416255,36387597,63612466,832510,127224932,1097,38851,246076,9762495,77702,19524990,"1bill-boot"
34,23,"petite","second",372844,415216,36509945,63490074,830432,126980148,1117,38840,247130,9764702,77680,19529404,"1bill-boot"
34,24,"petite","second",372569,415508,36496658,63503359,831016,127006718,1112,38715,248153,9769302,77430,19538604,"1bill-boot"
34,25,"petite","second",371649,416297,36371988,63628132,832594,127256264,1078,38857,241090,9772684,77714,19545368,"1bill-boot"
34,26,"petite","second",372536,415485,36447945,63552095,830970,127104190,1048,38863,230876,9781645,77726,19563290,"1bill-boot"
34,27,"petite","second",370807,416077,36313865,63686163,832154,127372326,1063,38648,234340,9768177,77296,19536354,"1bill-boot"
34,28,"petite","second",372488,416118,36421630,63578375,832236,127156750,1090,38799,238819,9777627,77598,19555254,"1bill-boot"
34,29,"petite","second",372526,415424,36448221,63551812,830848,127103624,993,38875,218680,9795605,77750,19591210,"1bill-boot"
34,30,"petite","second",371668,416546,36374203,63625841,833092,127251682,1058,38987,231463,9772766,77974,19545532,"1bill-boot"
7,1,"petite","second",377439,416012,36910334,63089743,832024,126179486,1462,38742,305813,9704957,77484,19409914,"1bill-boot"
7,2,"petite","second",377599,416417,36931696,63068334,832834,126136668,1537,38756,321968,9692627,77512,19385254,"1bill-boot"
7,3,"petite","second",379057,416422,36983941,63016123,832844,126032246,1517,38835,318312,9711958,77670,19423916,"1bill-boot"
7,4,"petite","second",378151,415854,36987768,63012321,831708,126024642,1466,38821,304620,9719615,77642,19439230,"1bill-boot"
7,5,"petite","second",377012,416766,36861207,63138889,833532,126277778,1470,38764,308778,9698182,77528,19396364,"1bill-boot"
7,6,"petite","second",377545,416157,36904639,63095363,832314,126190726,1494,38755,310961,9714667,77510,19429334,"1bill-boot"
7,7,"petite","second",377842,416764,36922242,63078040,833528,126156080,1487,38761,313516,9688922,77522,19377844,"1bill-boot"
7,8,"petite","second",377485,416351,36917471,63082562,832702,126165124,1436,38714,299406,9706570,77428,19413140,"1bill-boot"
7,9,"petite","second",377979,416256,36936943,63063153,832512,126126306,1484,38796,312983,9711167,77592,19422334,"1bill-boot"
7,10,"petite","second",378212,415432,36956225,63043869,830864,126087738,1515,38707,317601,9689991,77414,19379982,"1bill-boot"
7,11,"petite","second",377289,416602,36880120,63119930,833204,126239860,1515,38679,317583,9682522,77358,19365044,"1bill-boot"
7,12,"petite","second",378943,415664,37037703,62962431,831328,125924862,1423,38772,298975,9732145,77544,19464290,"1bill-boot"
7,13,"petite","second",377347,416409,36888317,63111727,832818,126223454,1502,38877,315144,9720028,77754,19440056,"1bill-boot"
7,14,"petite","second",378043,416150,36973335,63026768,832300,126053536,1498,38916,313764,9724775,77832,19449550,"1bill-boot"
7,15,"petite","second",377835,416581,36886104,63113942,833162,126227884,1433,38751,299606,9710925,77502,19421850,"1bill-boot"
7,16,"petite","second",378548,416072,36991037,63009010,832144,126018020,1464,38788,309915,9691308,77576,19382616,"1bill-boot"
7,17,"petite","second",377784,417026,36957809,63042255,834052,126084510,1474,38954,307991,9730075,77908,19460150,"1bill-boot"
7,18,"petite","second",378858,415809,37000620,62999485,831618,125998970,1482,38697,308907,9693715,77394,19387430,"1bill-boot"
7,19,"petite","second",377261,416840,36877920,63122117,833680,126244234,1471,38705,307442,9699081,77410,19398162,"1bill-boot"
7,20,"petite","second",378383,416122,36998339,63001946,832244,126003892,1548,38793,325960,9677746,77586,19355492,"1bill-boot"
7,21,"petite","second",378761,416298,37008367,62991689,832596,125983378,1478,38837,307090,9716492,77674,19432984,"1bill-boot"
7,22,"petite","second",378193,416098,36963889,63036149,832196,126072298,1477,38807,308657,9711058,77614,19422116,"1bill-boot"
7,23,"petite","second",378502,415925,37011316,62988928,831850,125977856,1445,38707,303556,9705324,77414,19410648,"1bill-boot"
7,24,"petite","second",378006,416274,36947136,63052883,832548,126105766,1502,38781,315211,9701664,77562,19403328,"1bill-boot"
7,25,"petite","second",377982,415998,36979105,63021095,831996,126042190,1475,38836,310771,9716086,77672,19432172,"1bill-boot"
7,26,"petite","second",377635,416574,36939900,63060270,833148,126120540,1515,38853,314882,9709482,77706,19418964,"1bill-boot"
7,27,"petite","second",377939,416164,36945724,63054363,832328,126108726,1436,38928,300598,9728965,77856,19457930,"1bill-boot"
7,28,"petite","second",378161,416522,36976746,63023309,833044,126046618,1490,38858,309420,9729013,77716,19458026,"1bill-boot"
7,29,"petite","second",377767,416143,36907008,63093002,832286,126186004,1436,38728,301025,9701556,77456,19403112,"1bill-boot"
7,30,"petite","second",378521,415639,37049025,62951127,831278,125902254,1511,38798,313463,9696953,77596,19393906,"1bill-boot"
6,1,"petite","second",374987,417033,36722974,63277144,834066,126554288,1539,39283,276709,9746054,78566,19492108,"1bill-boot"
6,2,"petite","second",376822,416613,36821109,63178946,833226,126357892,1592,39076,285194,9717006,78152,19434012,"1bill-boot"
6,3,"petite","second",375482,417031,36727930,63272158,834062,126544316,1557,39199,279647,9738886,78398,19477772,"1bill-boot"
6,4,"petite","second",376251,416598,36845644,63154506,833196,126309012,1550,39175,278130,9733598,78350,19467196,"1bill-boot"
6,5,"petite","second",375389,417553,36686650,63313386,835106,126626772,1552,39250,277167,9733646,78500,19467292,"1bill-boot"
6,6,"petite","second",375224,416927,36744233,63255901,833854,126511802,1521,39171,273760,9734742,78342,19469484,"1bill-boot"
6,7,"petite","second",375352,417630,36730297,63269816,835260,126539632,1524,39307,277467,9724516,78614,19449032,"1bill-boot"
6,8,"petite","second",375958,416694,36763031,63237137,833388,126474274,1606,39298,289025,9717859,78596,19435718,"1bill-boot"
6,9,"petite","second",375562,417276,36747715,63252297,834552,126504594,1545,39203,276833,9742983,78406,19485966,"1bill-boot"
6,10,"petite","second",375628,416765,36748813,63251212,833530,126502424,1586,39144,285953,9718966,78288,19437932,"1bill-boot"
6,11,"petite","second",375006,417664,36649731,63350336,835328,126700672,1530,39280,270464,9745505,78560,19491010,"1bill-boot"
6,12,"petite","second",375183,417329,36729015,63271047,834658,126542094,1563,39185,281760,9725580,78370,19451160,"1bill-boot"
6,13,"petite","second",376069,416397,36802634,63197370,832794,126394740,1607,38963,292452,9718609,77926,19437218,"1bill-boot"
6,14,"petite","second",376391,416973,36768564,63231577,833946,126463154,1616,39151,292276,9722940,78302,19445880,"1bill-boot"
6,15,"petite","second",376028,417097,36746545,63253485,834194,126506970,1527,39137,274170,9731384,78274,19462768,"1bill-boot"
6,16,"petite","second",375124,417189,36662028,63337981,834378,126675962,1539,39374,277605,9759059,78748,19518118,"1bill-boot"
6,17,"petite","second",376563,416696,36830078,63169989,833392,126339978,1543,39177,281588,9731297,78354,19462594,"1bill-boot"
6,18,"petite","second",375958,417036,36762062,63237960,834072,126475920,1586,39198,285128,9724431,78396,19448862,"1bill-boot"
6,19,"petite","second",375996,416823,36761661,63238393,833646,126476786,1582,39135,283235,9719453,78270,19438906,"1bill-boot"
6,20,"petite","second",375287,417577,36670108,63330011,835154,126660022,1551,39267,279467,9741304,78534,19482608,"1bill-boot"
6,21,"petite","second",376300,417213,36784346,63215723,834426,126431446,1573,39255,284690,9729364,78510,19458728,"1bill-boot"
6,22,"petite","second",375174,417685,36695643,63304524,835370,126609048,1632,39165,293651,9708315,78330,19416630,"1bill-boot"
6,23,"petite","second",376049,416592,36790065,63210089,833184,126420178,1529,39346,275668,9776948,78692,19553896,"1bill-boot"
6,24,"petite","second",374761,417456,36651880,63348136,834912,126696272,1532,39235,276190,9765376,78470,19530752,"1bill-boot"
6,25,"petite","second",375273,417487,36747819,63252181,834974,126504362,1556,39308,280744,9724460,78616,19448920,"1bill-boot"
6,26,"petite","second",376126,416602,36805269,63194778,833204,126389556,1535,39187,278082,9731052,78374,19462104,"1bill-boot"
6,27,"petite","second",375959,416995,36768074,63231969,833990,126463938,1513,39235,272201,9729921,78470,19459842,"1bill-boot"
6,28,"petite","second",376007,417094,36757758,63242327,834188,126484654,1627,39082,290784,9720002,78164,19440004,"1bill-boot"
6,29,"petite","second",376081,417313,36737231,63262833,834626,126525666,1582,39256,280632,9732829,78512,19465658,"1bill-boot"
6,30,"petite","second",376532,416389,36828864,63171139,832778,126342278,1607,39063,286625,9728624,78126,19457248,"1bill-boot"
1,1,"petite","second",369923,420162,36006894,63993164,840324,127986328,1367,38584,249537,9753348,77168,19506696,"1bill-boot"
1,2,"petite","second",370161,421232,36011537,63988497,842464,127976994,1397,38762,258135,9760947,77524,19521894,"1bill-boot"
1,3,"petite","second",370987,420038,36127037,63872992,840076,127745984,1331,38742,248640,9765064,77484,19530128,"1bill-boot"
1,4,"petite","second",371059,419489,36130920,63869103,838978,127738206,1377,38651,255044,9756143,77302,19512286,"1bill-boot"
1,5,"petite","second",370080,420897,35987033,64012999,841794,128025998,1404,38579,260154,9744224,77158,19488448,"1bill-boot"
1,6,"petite","second",371522,420012,36141305,63858781,840024,127717562,1347,38727,250610,9775561,77454,19551122,"1bill-boot"
1,7,"petite","second",371329,420239,36094444,63905583,840478,127811166,1402,38713,259825,9748236,77426,19496472,"1bill-boot"
1,8,"petite","second",370449,420162,36034276,63965849,840324,127931698,1375,38659,254524,9755734,77318,19511468,"1bill-boot"
1,9,"petite","second",370893,420712,36060338,63939729,841424,127879458,1312,38773,241108,9774282,77546,19548564,"1bill-boot"
1,10,"petite","second",370378,419902,36059107,63940992,839804,127881984,1387,38625,256656,9759163,77250,19518326,"1bill-boot"
1,11,"petite","second",370670,420451,36075737,63924417,840902,127848834,1382,38654,251769,9753747,77308,19507494,"1bill-boot"
1,12,"petite","second",370701,420206,36084875,63915234,840412,127830468,1383,38673,253763,9752040,77346,19504080,"1bill-boot"
1,13,"petite","second",369928,420460,36023855,63976198,840920,127952396,1363,38641,253663,9753910,77282,19507820,"1bill-boot"
1,14,"petite","second",370944,420271,36077616,63922465,840542,127844930,1348,38744,250010,9775311,77488,19550622,"1bill-boot"
1,15,"petite","second",371095,420072,36083160,63916909,840144,127833818,1357,38727,249715,9771026,77454,19542052,"1bill-boot"
1,16,"petite","second",370045,420601,36016894,63983148,841202,127966296,1417,38692,260906,9740437,77384,19480874,"1bill-boot"
1,17,"petite","second",369926,421684,35960528,64039555,843368,128079110,1436,38746,264815,9746087,77492,19492174,"1bill-boot"
1,18,"petite","second",370482,420837,36027742,63972357,841674,127944714,1303,38748,239779,9764889,77496,19529778,"1bill-boot"
1,19,"petite","second",370807,420301,36061986,63938059,840602,127876118,1408,38651,262924,9743131,77302,19486262,"1bill-boot"
1,20,"petite","second",369978,420396,35995023,64005205,840792,128010410,1385,38564,258110,9753852,77128,19507704,"1bill-boot"
1,21,"petite","second",370889,420693,36060744,63939261,841386,127878522,1427,38581,262159,9746596,77162,19493192,"1bill-boot"
1,22,"petite","second",370864,419963,36111627,63888456,839926,127776912,1432,38649,264152,9750554,77298,19501108,"1bill-boot"
1,23,"petite","second",370429,420895,36043586,63956487,841790,127912974,1371,38641,250550,9758702,77282,19517404,"1bill-boot"
1,24,"petite","second",370271,420846,36011323,63988767,841692,127977534,1376,38601,252350,9758736,77202,19517472,"1bill-boot"
1,25,"petite","second",369752,421078,35942234,64057821,842156,128115642,1357,38732,251336,9776045,77464,19552090,"1bill-boot"
1,26,"petite","second",370451,420519,36025180,63974906,841038,127949812,1440,38591,265693,9749959,77182,19499918,"1bill-boot"
1,27,"petite","second",370283,420075,36054915,63945224,840150,127890448,1403,38628,257382,9767340,77256,19534680,"1bill-boot"
1,28,"petite","second",370605,420552,36016906,63983108,841104,127966216,1356,38609,247098,9758339,77218,19516678,"1bill-boot"
1,29,"petite","second",370613,420506,36021632,63978439,841012,127956878,1421,38563,265069,9744381,77126,19488762,"1bill-boot"
1,30,"petite","second",370793,419983,36073559,63926636,839966,127853272,1360,38658,247284,9764559,77316,19529118,"1bill-boot"
8,1,"petite","second",373006,417807,36457638,63542456,835614,127084912,1341,37983,287465,9713318,75966,19426636,"1bill-boot"
8,2,"petite","second",373749,418122,36488260,63511781,836244,127023562,1334,38097,284280,9731238,76194,19462476,"1bill-boot"
8,3,"petite","second",374254,417853,36544136,63455864,835706,126911728,1315,38092,281993,9720320,76184,19440640,"1bill-boot"
8,4,"petite","second",374410,417273,36560567,63439457,834546,126878914,1287,38038,273706,9750409,76076,19500818,"1bill-boot"
8,5,"petite","second",373926,418110,36489955,63510155,836220,127020310,1221,38097,261059,9739114,76194,19478228,"1bill-boot"
8,6,"petite","second",374738,417027,36635138,63365014,834054,126730028,1292,38136,273178,9746283,76272,19492566,"1bill-boot"
8,7,"petite","second",373807,417607,36482557,63517493,835214,127034986,1244,38110,263781,9745738,76220,19491476,"1bill-boot"
8,8,"petite","second",374141,417144,36519121,63480909,834288,126961818,1337,37964,281993,9723307,75928,19446614,"1bill-boot"
8,9,"petite","second",374233,416972,36567340,63432717,833944,126865434,1340,38183,283220,9771404,76366,19542808,"1bill-boot"
8,10,"petite","second",372970,417575,36443862,63556251,835150,127112502,1353,37959,288851,9714977,75918,19429954,"1bill-boot"
8,11,"petite","second",374262,417538,36558393,63441691,835076,126883382,1433,37985,312351,9696313,75970,19392626,"1bill-boot"
8,12,"petite","second",375238,417191,36620773,63379315,834382,126758630,1252,38168,262650,9755085,76336,19510170,"1bill-boot"
8,13,"petite","second",373712,417299,36538056,63462000,834598,126924000,1310,38071,279486,9739867,76142,19479734,"1bill-boot"
8,14,"petite","second",374061,417535,36509851,63490229,835070,126980458,1228,38240,255639,9755116,76480,19510232,"1bill-boot"
8,15,"petite","second",374413,417115,36573195,63426853,834230,126853706,1299,38038,273890,9746917,76076,19493834,"1bill-boot"
8,16,"petite","second",373356,417701,36480804,63519369,835402,127038738,1346,37974,284294,9726175,75948,19452350,"1bill-boot"
8,17,"petite","second",373550,417860,36493765,63506405,835720,127012810,1328,37998,281373,9722926,75996,19445852,"1bill-boot"
8,18,"petite","second",374109,417817,36525274,63474799,835634,126949598,1257,38007,267263,9734258,76014,19468516,"1bill-boot"
8,19,"petite","second",374404,417372,36566222,63433801,834744,126867602,1249,38039,266200,9738737,76078,19477474,"1bill-boot"
8,20,"petite","second",374569,417007,36572320,63427713,834014,126855426,1298,38092,273630,9745538,76184,19491076,"1bill-boot"
8,21,"petite","second",374685,417479,36586726,63413413,834958,126826826,1289,38021,275750,9731576,76042,19463152,"1bill-boot"
8,22,"petite","second",373426,417740,36450654,63549436,835480,127098872,1277,38042,269783,9745983,76084,19491966,"1bill-boot"
8,23,"petite","second",374419,417710,36562326,63437714,835420,126875428,1324,38069,282673,9728228,76138,19456456,"1bill-boot"
8,24,"petite","second",373065,417826,36463249,63536813,835652,127073626,1298,37960,277615,9729255,75920,19458510,"1bill-boot"
8,25,"petite","second",373940,418008,36520646,63479544,836016,126959088,1285,38120,274232,9736835,76240,19473670,"1bill-boot"
8,26,"petite","second",374135,417744,36521622,63478415,835488,126956830,1344,38087,284321,9730000,76174,19460000,"1bill-boot"
8,27,"petite","second",373650,417813,36474747,63525512,835626,127051024,1332,38121,282495,9730667,76242,19461334,"1bill-boot"
8,28,"petite","second",375260,417351,36647956,63352186,834702,126704372,1311,38079,278278,9725847,76158,19451694,"1bill-boot"
8,29,"petite","second",373941,417700,36504824,63495220,835400,126990440,1313,38113,279315,9735236,76226,19470472,"1bill-boot"
8,30,"petite","second",374412,417416,36541682,63458337,834832,126916674,1305,38082,280550,9721480,76164,19442960,"1bill-boot"
35,1,"petite","second",369990,417312,36867094,63132917,834624,126265834,1083,39819,195583,9829143,79638,19658286,"1bill-boot"
35,2,"petite","second",370533,417863,36840732,63159290,835726,126318580,1063,39814,191950,9824200,79628,19648400,"1bill-boot"
35,3,"petite","second",370642,417971,36886971,63113074,835942,126226148,1139,39757,205329,9802424,79514,19604848,"1bill-boot"
35,4,"petite","second",370024,418000,36809207,63190809,836000,126381618,1086,39743,195746,9815912,79486,19631824,"1bill-boot"
35,5,"petite","second",370021,417884,36873415,63126660,835768,126253320,1181,39772,210351,9804719,79544,19609438,"1bill-boot"
35,6,"petite","second",369627,418238,36811372,63188635,836476,126377270,1149,39916,205772,9810847,79832,19621694,"1bill-boot"
35,7,"petite","second",370650,418052,36844670,63155464,836104,126310928,1074,39881,192842,9816715,79762,19633430,"1bill-boot"
35,8,"petite","second",370216,417582,36853775,63146269,835164,126292538,1100,39770,196950,9811907,79540,19623814,"1bill-boot"
35,9,"petite","second",369297,418022,36788044,63212163,836044,126424326,1051,39806,187944,9820836,79612,19641672,"1bill-boot"
35,10,"petite","second",370375,417570,36919904,63080120,835140,126160240,1143,39806,203804,9813260,79612,19626520,"1bill-boot"
35,11,"petite","second",369282,418519,36768507,63231604,837038,126463208,1126,39843,204044,9828893,79686,19657786,"1bill-boot"
35,12,"petite","second",369446,418104,36795557,63204592,836208,126409184,1086,39838,194554,9824858,79676,19649716,"1bill-boot"
35,13,"petite","second",370058,417691,36813703,63186407,835382,126372814,1022,39807,181259,9831555,79614,19663110,"1bill-boot"
35,14,"petite","second",369238,418060,36748068,63251983,836120,126503966,1018,39746,184643,9823830,79492,19647660,"1bill-boot"
35,15,"petite","second",370613,417907,36909574,63090568,835814,126181136,1140,39886,202996,9807137,79772,19614274,"1bill-boot"
35,16,"petite","second",369540,417873,36826572,63173460,835746,126346920,1106,39744,198116,9805457,79488,19610914,"1bill-boot"
35,17,"petite","second",370710,417982,36889202,63110822,835964,126221644,1077,40063,193378,9832167,80126,19664334,"1bill-boot"
35,18,"petite","second",370218,417991,36832882,63167134,835982,126334268,1075,39772,193964,9820624,79544,19641248,"1bill-boot"
35,19,"petite","second",369507,418393,36801118,63198918,836786,126397836,1051,39835,189372,9832719,79670,19665438,"1bill-boot"
35,20,"petite","second",369537,417881,36815109,63184895,835762,126369790,1049,39943,186302,9848698,79886,19697396,"1bill-boot"
35,21,"petite","second",371242,417743,36939278,63060741,835486,126121482,1075,39939,190244,9814014,79878,19628028,"1bill-boot"
35,22,"petite","second",370761,417397,36948660,63051371,834794,126102742,1047,39869,187902,9819604,79738,19639208,"1bill-boot"
35,23,"petite","second",370158,417925,36855791,63144356,835850,126288712,1101,39853,196346,9815217,79706,19630434,"1bill-boot"
35,24,"petite","second",370297,417619,36888874,63111155,835238,126222310,1072,39829,190514,9816608,79658,19633216,"1bill-boot"
35,25,"petite","second",370091,417815,36830280,63169756,835630,126339512,1142,39896,203689,9820577,79792,19641154,"1bill-boot"
35,26,"petite","second",369162,418441,36745592,63254457,836882,126508914,1049,39718,186579,9814624,79436,19629248,"1bill-boot"
35,27,"petite","second",369437,417842,36807085,63193007,835684,126386014,1119,39684,201457,9802796,79368,19605592,"1bill-boot"
35,28,"petite","second",370229,418126,36861547,63138490,836252,126276980,1109,39802,198710,9802465,79604,19604930,"1bill-boot"
35,29,"petite","second",369115,418302,36750268,63249875,836604,126499750,1036,39841,185715,9814954,79682,19629908,"1bill-boot"
35,30,"petite","second",370952,417507,36946288,63053766,835014,126107532,1139,39969,206426,9808625,79938,19617250,"1bill-boot"
32,1,"petite","second",379202,414176,36694162,63305853,828352,126611706,1078,39155,186123,9835683,78310,19671366,"1bill-boot"
32,2,"petite","second",379399,413614,36729175,63270826,827228,126541652,1040,39135,179331,9839720,78270,19679440,"1bill-boot"
32,3,"petite","second",379678,413302,36797949,63202066,826604,126404132,1116,39182,191530,9829914,78364,19659828,"1bill-boot"
32,4,"petite","second",379794,413327,36795235,63204830,826654,126409660,1064,38964,184878,9819277,77928,19638554,"1bill-boot"
32,5,"petite","second",379074,413962,36670194,63329975,827924,126659950,1069,39001,183979,9825847,78002,19651694,"1bill-boot"
32,6,"petite","second",379927,413469,36779799,63220332,826938,126440664,1068,39124,184888,9827128,78248,19654256,"1bill-boot"
32,7,"petite","second",379656,413517,36729100,63271026,827034,126542052,1020,38995,177128,9823593,77990,19647186,"1bill-boot"
32,8,"petite","second",380071,412829,36837284,63162717,825658,126325434,1146,39047,196415,9807863,78094,19615726,"1bill-boot"
32,9,"petite","second",379469,413666,36718908,63281300,827332,126562600,1038,39106,178731,9832944,78212,19665888,"1bill-boot"
32,10,"petite","second",379879,412973,36792043,63208159,825946,126416318,1086,39044,187150,9817462,78088,19634924,"1bill-boot"
32,11,"petite","second",380699,412918,36876381,63123829,825836,126247658,1141,39051,197883,9825241,78102,19650482,"1bill-boot"
32,12,"petite","second",379556,413491,36752709,63247350,826982,126494700,1106,39086,190653,9830420,78172,19660840,"1bill-boot"
32,13,"petite","second",378884,413429,36718772,63281231,826858,126562462,1135,39063,194811,9837600,78126,19675200,"1bill-boot"
32,14,"petite","second",379892,412753,36812065,63188007,825506,126376014,1091,39008,187930,9820881,78016,19641762,"1bill-boot"
32,15,"petite","second",379933,413294,36814651,63185388,826588,126370776,1111,38963,190956,9820150,77926,19640300,"1bill-boot"
32,16,"petite","second",380184,412477,36814912,63185111,824954,126370222,1061,39035,181408,9826424,78070,19652848,"1bill-boot"
32,17,"petite","second",379771,413887,36769002,63231063,827774,126462126,1071,39196,183853,9841930,78392,19683860,"1bill-boot"
32,18,"petite","second",380066,413257,36822577,63177516,826514,126355032,1081,39068,186233,9817404,78136,19634808,"1bill-boot"
32,19,"petite","second",380659,412666,36878117,63121927,825332,126243854,1116,39076,192617,9822207,78152,19644414,"1bill-boot"
32,20,"petite","second",380577,413364,36871081,63128958,826728,126257916,1093,39250,187649,9822852,78500,19645704,"1bill-boot"
32,21,"petite","second",381138,412948,36883706,63116325,825896,126232650,1102,39084,190240,9815939,78168,19631878,"1bill-boot"
32,22,"petite","second",379897,412761,36813983,63186048,825522,126372096,1104,38998,189698,9827529,77996,19655058,"1bill-boot"
32,23,"petite","second",379900,413270,36771952,63228299,826540,126456598,1065,39056,183730,9827442,78112,19654884,"1bill-boot"
32,24,"petite","second",380121,412943,36848652,63151423,825886,126302846,1097,39094,189196,9813820,78188,19627640,"1bill-boot"
32,25,"petite","second",380398,413019,36799120,63200943,826038,126401886,1049,39099,179961,9833219,78198,19666438,"1bill-boot"
32,26,"petite","second",379016,413453,36701964,63298094,826906,126596188,1109,38876,191944,9817615,77752,19635230,"1bill-boot"
32,27,"petite","second",380172,412813,36842549,63157503,825626,126315006,1074,39195,184295,9833688,78390,19667376,"1bill-boot"
32,28,"petite","second",379677,413918,36726992,63273087,827836,126546174,1106,39057,191395,9813103,78114,19626206,"1bill-boot"
32,29,"petite","second",379345,413884,36718733,63281525,827768,126563050,1069,39094,184653,9826772,78188,19653544,"1bill-boot"
32,30,"petite","second",380025,413139,36792632,63207391,826278,126414782,1067,38990,183683,9829313,77980,19658626,"1bill-boot"
50,1,"petite","second",373426,412388,36822102,63178035,824776,126356070,963,38142,180188,9831111,76284,19662222,"1bill-boot"
50,2,"petite","second",374702,412332,36877890,63122305,824664,126244610,885,38296,165614,9845450,76592,19690900,"1bill-boot"
50,3,"petite","second",373374,413628,36787957,63212287,827256,126424574,859,38346,162620,9844580,76692,19689160,"1bill-boot"
50,4,"petite","second",372782,413195,36762299,63237792,826390,126475584,838,38334,157741,9857103,76668,19714206,"1bill-boot"
50,5,"petite","second",375183,411876,36971168,63029028,823752,126058056,894,38481,168183,9855070,76962,19710140,"1bill-boot"
50,6,"petite","second",373313,412417,36808248,63191799,824834,126383598,935,38179,175753,9827021,76358,19654042,"1bill-boot"
50,7,"petite","second",373674,412631,36781597,63218408,825262,126436816,780,38297,146425,9863131,76594,19726262,"1bill-boot"
50,8,"petite","second",374475,412038,36924214,63075833,824076,126151666,908,38303,171118,9844444,76606,19688888,"1bill-boot"
50,9,"petite","second",373973,412759,36865781,63134257,825518,126268514,935,38148,176205,9825324,76296,19650648,"1bill-boot"
50,10,"petite","second",373017,412723,36772754,63227257,825446,126454514,778,38341,145118,9871736,76682,19743472,"1bill-boot"
50,11,"petite","second",372943,413075,36734178,63265934,826150,126531868,825,38403,156108,9860529,76806,19721058,"1bill-boot"
50,12,"petite","second",372918,413104,36760879,63239134,826208,126478268,783,38428,146790,9876313,76856,19752626,"1bill-boot"
50,13,"petite","second",372544,412992,36761076,63238954,825984,126477908,916,38306,174624,9856084,76612,19712168,"1bill-boot"
50,14,"petite","second",374212,411988,36892799,63107257,823976,126214514,895,38112,168750,9833111,76224,19666222,"1bill-boot"
50,15,"petite","second",374377,412169,36902520,63097558,824338,126195116,911,38324,169052,9838799,76648,19677598,"1bill-boot"
50,16,"petite","second",373834,411941,36805917,63194115,823882,126388230,736,38365,139661,9870495,76730,19740990,"1bill-boot"
50,17,"petite","second",373656,412952,36793858,63206241,825904,126412482,808,38341,152088,9850989,76682,19701978,"1bill-boot"
50,18,"petite","second",373589,413078,36781503,63218536,826156,126437072,883,38225,165141,9840526,76450,19681052,"1bill-boot"
50,19,"petite","second",374058,413003,36839815,63160243,826006,126320486,895,38519,167432,9845481,77038,19690962,"1bill-boot"
50,20,"petite","second",374913,412078,36940724,63059350,824156,126118700,913,38473,170491,9839423,76946,19678846,"1bill-boot"
50,21,"petite","second",374084,413337,36816370,63183662,826674,126367324,869,38439,161567,9858934,76878,19717868,"1bill-boot"
50,22,"petite","second",373498,412947,36796465,63203681,825894,126407362,743,38348,139697,9863790,76696,19727580,"1bill-boot"
50,23,"petite","second",372442,413123,36718726,63281305,826246,126562610,781,38304,148838,9870592,76608,19741184,"1bill-boot"
50,24,"petite","second",373664,412737,36841626,63158468,825474,126316936,817,38323,154336,9856627,76646,19713254,"1bill-boot"
50,25,"petite","second",373217,412881,36794293,63205739,825762,126411478,944,38287,177823,9822790,76574,19645580,"1bill-boot"
50,26,"petite","second",373868,412952,36861949,63138125,825904,126276250,898,38338,171039,9833706,76676,19667412,"1bill-boot"
50,27,"petite","second",372950,412588,36760417,63239626,825176,126479252,758,38463,142499,9873675,76926,19747350,"1bill-boot"
50,28,"petite","second",372496,413561,36694702,63305372,827122,126610744,833,38393,156813,9849748,76786,19699496,"1bill-boot"
50,29,"petite","second",373762,412543,36815932,63184150,825086,126368300,833,38227,157040,9844172,76454,19688344,"1bill-boot"
50,30,"petite","second",372800,412957,36757903,63242104,825914,126484208,922,38254,172034,9828621,76508,19657242,"1bill-boot"
43,1,"petite","second",374677,409176,37114324,62885692,818352,125771384,1238,39054,248202,9752042,78108,19504084,"1bill-boot"
43,2,"petite","second",375695,409183,37109451,62890691,818366,125781382,1164,39248,232659,9777879,78496,19555758,"1bill-boot"
43,3,"petite","second",374698,410073,37035753,62964398,820146,125928796,1144,39239,227232,9774824,78478,19549648,"1bill-boot"
43,4,"petite","second",375122,409461,37108546,62891706,818922,125783412,1175,39234,234224,9784349,78468,19568698,"1bill-boot"
43,5,"petite","second",374751,409971,37013213,62986791,819942,125973582,1051,39290,215395,9802098,78580,19604196,"1bill-boot"
43,6,"petite","second",375069,409661,37098218,62901918,819322,125803836,1174,39182,232596,9784699,78364,19569398,"1bill-boot"
43,7,"petite","second",374875,410345,36982435,63017638,820690,126035276,1229,39196,244279,9762751,78392,19525502,"1bill-boot"
43,8,"petite","second",374841,409194,37022160,62977997,818388,125955994,1221,39034,243211,9762603,78068,19525206,"1bill-boot"
43,9,"petite","second",373579,410447,36917204,63082832,820894,126165664,1104,39234,225900,9784201,78468,19568402,"1bill-boot"
43,10,"petite","second",374144,409835,37022745,62977469,819670,125954938,1168,39163,233772,9767777,78326,19535554,"1bill-boot"
43,11,"petite","second",375321,409402,37081740,62918334,818804,125836668,1105,39220,222825,9778497,78440,19556994,"1bill-boot"
43,12,"petite","second",374301,409871,37028576,62971661,819742,125943322,1224,39084,244960,9763233,78168,19526466,"1bill-boot"
43,13,"petite","second",374986,408861,37082896,62917177,817722,125834354,1091,39015,222959,9778538,78030,19557076,"1bill-boot"
43,14,"petite","second",374267,409960,36981550,63018501,819920,126037002,1192,39204,237070,9777053,78408,19554106,"1bill-boot"
43,15,"petite","second",375573,409111,37140793,62859255,818222,125718510,1183,39098,237742,9763988,78196,19527976,"1bill-boot"
43,16,"petite","second",374486,409798,37057752,62942375,819596,125884750,1140,39175,231813,9773172,78350,19546344,"1bill-boot"
43,17,"petite","second",375184,409575,37115127,62884948,819150,125769896,1176,39104,234150,9773882,78208,19547764,"1bill-boot"
43,18,"petite","second",375355,410170,37052426,62947633,820340,125895266,1172,39211,235134,9783134,78422,19566268,"1bill-boot"
43,19,"petite","second",374591,410184,37018586,62981470,820368,125962940,1076,39148,218368,9784003,78296,19568006,"1bill-boot"
43,20,"petite","second",374603,409930,37035567,62964478,819860,125928956,1270,39088,251631,9757492,78176,19514984,"1bill-boot"
43,21,"petite","second",375235,409837,37060186,62939946,819674,125879892,1181,39184,237274,9780130,78368,19560260,"1bill-boot"
43,22,"petite","second",375394,409216,37104268,62895753,818432,125791506,1147,39148,227624,9788118,78296,19576236,"1bill-boot"
43,23,"petite","second",374766,409933,37001378,62998687,819866,125997374,1196,39146,238333,9782633,78292,19565266,"1bill-boot"
43,24,"petite","second",374255,409765,36985682,63014379,819530,126028758,1174,39175,233143,9772082,78350,19544164,"1bill-boot"
43,25,"petite","second",374452,410044,37052612,62947410,820088,125894820,1173,39217,234723,9786689,78434,19573378,"1bill-boot"
43,26,"petite","second",374999,409453,37043133,62957062,818906,125914124,1145,39312,230412,9792930,78624,19585860,"1bill-boot"
43,27,"petite","second",374674,409576,37063799,62936228,819152,125872456,1179,39124,237605,9766748,78248,19533496,"1bill-boot"
43,28,"petite","second",375455,409266,37134498,62865591,818532,125731182,1165,39222,232504,9781087,78444,19562174,"1bill-boot"
43,29,"petite","second",374141,409670,36970904,63029113,819340,126058226,1026,39240,210593,9806422,78480,19612844,"1bill-boot"
43,30,"petite","second",375298,409067,37120881,62879287,818134,125758574,1058,39239,214804,9796128,78478,19592256,"1bill-boot"
44,1,"petite","second",367945,414793,36312197,63687889,829586,127375778,1148,38489,221138,9783886,76978,19567772,"1bill-boot"
44,2,"petite","second",367789,414848,36245639,63754374,829696,127508748,1194,38360,228042,9781502,76720,19563004,"1bill-boot"
44,3,"petite","second",368167,415253,36275830,63724325,830506,127448650,1175,38391,227722,9786521,76782,19573042,"1bill-boot"
44,4,"petite","second",368440,414890,36338944,63661071,829780,127322142,1121,38481,215651,9790215,76962,19580430,"1bill-boot"
44,5,"petite","second",368413,414376,36344035,63655984,828752,127311968,1162,38370,221938,9778439,76740,19556878,"1bill-boot"
44,6,"petite","second",368915,414934,36361808,63638237,829868,127276474,1202,38332,231299,9775158,76664,19550316,"1bill-boot"
44,7,"petite","second",368949,414710,36381190,63618882,829420,127237764,1311,38336,249875,9754024,76672,19508048,"1bill-boot"
44,8,"petite","second",367938,415089,36283206,63716810,830178,127433620,1195,38467,229746,9784237,76934,19568474,"1bill-boot"
44,9,"petite","second",367287,415786,36209161,63790939,831572,127581878,1182,38510,224615,9789980,77020,19579960,"1bill-boot"
44,10,"petite","second",367435,414889,36242695,63757342,829778,127514684,1180,38419,226205,9785705,76838,19571410,"1bill-boot"
44,11,"petite","second",367513,415479,36248857,63751590,830958,127503180,1184,38453,224618,9782157,76906,19564314,"1bill-boot"
44,12,"petite","second",367391,415392,36253306,63746799,830784,127493598,1220,38386,235230,9771087,76772,19542174,"1bill-boot"
44,13,"petite","second",367728,414424,36274375,63725751,828848,127451502,1125,38475,215918,9791329,76950,19582658,"1bill-boot"
44,14,"petite","second",368375,414802,36323888,63676157,829604,127352314,1147,38524,220363,9785146,77048,19570292,"1bill-boot"
44,15,"petite","second",368052,415382,36269412,63730684,830764,127461368,1118,38497,213989,9804269,76994,19608538,"1bill-boot"
44,16,"petite","second",368075,415200,36318184,63682057,830400,127364114,1121,38488,213593,9795042,76976,19590084,"1bill-boot"
44,17,"petite","second",367367,415644,36251946,63748074,831288,127496148,1149,38514,220028,9786244,77028,19572488,"1bill-boot"
44,18,"petite","second",368632,414919,36342723,63657362,829838,127314724,1133,38645,214123,9807769,77290,19615538,"1bill-boot"
44,19,"petite","second",367701,415090,36263616,63736400,830180,127472800,1100,38568,210303,9805356,77136,19610712,"1bill-boot"
44,20,"petite","second",367922,414909,36259604,63740462,829818,127480924,1196,38417,228567,9788036,76834,19576072,"1bill-boot"
44,21,"petite","second",367486,415697,36244735,63755291,831394,127510582,1112,38472,213373,9803279,76944,19606558,"1bill-boot"
44,22,"petite","second",368105,414642,36300175,63699835,829284,127399670,1182,38555,226345,9801123,77110,19602246,"1bill-boot"
44,23,"petite","second",368284,415004,36317773,63682323,830008,127364646,1205,38479,229986,9796423,76958,19592846,"1bill-boot"
44,24,"petite","second",368179,415314,36311782,63688383,830628,127376766,1192,38450,230328,9779811,76900,19559622,"1bill-boot"
44,25,"petite","second",368141,415684,36272060,63728044,831368,127456088,1173,38514,223431,9802865,77028,19605730,"1bill-boot"
44,26,"petite","second",368593,414756,36352741,63647293,829512,127294586,1157,38563,220935,9805003,77126,19610006,"1bill-boot"
44,27,"petite","second",367677,415099,36268288,63731824,830198,127463648,1224,38474,234710,9775989,76948,19551978,"1bill-boot"
44,28,"petite","second",368294,415266,36325839,63674182,830532,127348364,1199,38475,230611,9783727,76950,19567454,"1bill-boot"
44,29,"petite","second",369143,414596,36400657,63599356,829192,127198712,1155,38406,221649,9778546,76812,19557092,"1bill-boot"
44,30,"petite","second",368368,414761,36311326,63688765,829522,127377530,1167,38425,222164,9787603,76850,19575206,"1bill-boot"
10,1,"petite","second",369572,412520,36517833,63482255,825040,126964510,1482,37897,295272,9715909,75794,19431818,"1bill-boot"
10,2,"petite","second",369908,412432,36533002,63467133,824864,126934266,1399,37999,277875,9724512,75998,19449024,"1bill-boot"
10,3,"petite","second",369967,412859,36573770,63426397,825718,126852794,1461,38039,289175,9722607,76078,19445214,"1bill-boot"
10,4,"petite","second",369954,412473,36514404,63485686,824946,126971372,1363,38121,272181,9738975,76242,19477950,"1bill-boot"
10,5,"petite","second",369384,413399,36461175,63538850,826798,127077700,1404,38206,279294,9735797,76412,19471594,"1bill-boot"
10,6,"petite","second",370098,412559,36552402,63447664,825118,126895328,1522,38168,301580,9758740,76336,19517480,"1bill-boot"
10,7,"petite","second",370113,412955,36539741,63460386,825910,126920772,1395,38001,276364,9724333,76002,19448666,"1bill-boot"
10,8,"petite","second",369521,412483,36492455,63507616,824966,127015232,1384,38000,272456,9764535,76000,19529070,"1bill-boot"
10,9,"petite","second",367799,413825,36335247,63664895,827650,127329790,1300,38211,257287,9763202,76422,19526404,"1bill-boot"
10,10,"petite","second",370338,412044,36599809,63400253,824088,126800506,1420,37940,280770,9737161,75880,19474322,"1bill-boot"
10,11,"petite","second",369400,412621,36510833,63489377,825242,126978754,1434,37822,285203,9724199,75644,19448398,"1bill-boot"
10,12,"petite","second",368708,413700,36430078,63569972,827400,127139944,1378,38041,275257,9758466,76082,19516932,"1bill-boot"
10,13,"petite","second",369742,412295,36536498,63463682,824590,126927364,1376,38028,273203,9736974,76056,19473948,"1bill-boot"
10,14,"petite","second",369767,412514,36523038,63477035,825028,126954070,1393,38202,277671,9731103,76404,19462206,"1bill-boot"
10,15,"petite","second",369252,413119,36474245,63525893,826238,127051786,1362,38090,270813,9738970,76180,19477940,"1bill-boot"
10,16,"petite","second",369003,413270,36438949,63561269,826540,127122538,1402,38073,279673,9724251,76146,19448502,"1bill-boot"
10,17,"petite","second",370140,412760,36552949,63447139,825520,126894278,1440,38239,286319,9758432,76478,19516864,"1bill-boot"
10,18,"petite","second",370403,412957,36536017,63464009,825914,126928018,1470,38315,289944,9773744,76630,19547488,"1bill-boot"
10,19,"petite","second",369217,413295,36450326,63549757,826590,127099514,1406,37918,280412,9725136,75836,19450272,"1bill-boot"
10,20,"petite","second",369405,412658,36468024,63532051,825316,127064102,1366,38114,270716,9742876,76228,19485752,"1bill-boot"
10,21,"petite","second",369365,413170,36469630,63530431,826340,127060862,1355,38051,269631,9732398,76102,19464796,"1bill-boot"
10,22,"petite","second",369991,412162,36554476,63445637,824324,126891274,1439,37977,284741,9729579,75954,19459158,"1bill-boot"
10,23,"petite","second",370272,412574,36557983,63442018,825148,126884036,1408,38107,280302,9720438,76214,19440876,"1bill-boot"
10,24,"petite","second",368971,412862,36438268,63561855,825724,127123710,1456,37982,290593,9714868,75964,19429736,"1bill-boot"
10,25,"petite","second",368924,413769,36454325,63545750,827538,127091500,1496,38201,296666,9747186,76402,19494372,"1bill-boot"
10,26,"petite","second",370398,412716,36562779,63437223,825432,126874446,1382,38048,277714,9726095,76096,19452190,"1bill-boot"
10,27,"petite","second",368803,412812,36447060,63552965,825624,127105930,1395,38005,276048,9730868,76010,19461736,"1bill-boot"
10,28,"petite","second",368984,413830,36409866,63590241,827660,127180482,1475,38129,291237,9729317,76258,19458634,"1bill-boot"
10,29,"petite","second",369166,413886,36431384,63568616,827772,127137232,1505,38285,294605,9761414,76570,19522828,"1bill-boot"
10,30,"petite","second",370274,412635,36578957,63421098,825270,126842196,1486,38239,292545,9753065,76478,19506130,"1bill-boot"
17,1,"petite","second",368653,419580,36090538,63909463,839160,127818926,1631,38840,303716,9711411,77680,19422822,"1bill-boot"
17,2,"petite","second",369834,419591,36165560,63834573,839182,127669146,1677,39004,308276,9714105,78008,19428210,"1bill-boot"
17,3,"petite","second",368513,420198,36046071,63954074,840396,127908148,1608,39052,294148,9715534,78104,19431068,"1bill-boot"
17,4,"petite","second",369080,419487,36128490,63871612,838974,127743224,1648,38967,304454,9706535,77934,19413070,"1bill-boot"
17,5,"petite","second",369421,420095,36072803,63927360,840190,127854720,1667,39044,303748,9705893,78088,19411786,"1bill-boot"
17,6,"petite","second",368359,419860,36056074,63944003,839720,127888006,1666,38897,306295,9696251,77794,19392502,"1bill-boot"
17,7,"petite","second",369107,419902,36088316,63911697,839804,127823394,1627,38869,299002,9705135,77738,19410270,"1bill-boot"
17,8,"petite","second",369050,419433,36100943,63899137,838866,127798274,1694,38950,314005,9708649,77900,19417298,"1bill-boot"
17,9,"petite","second",368138,420290,35983061,64016943,840580,128033886,1696,39016,309629,9705180,78032,19410360,"1bill-boot"
17,10,"petite","second",369280,419750,36118939,63881090,839500,127762180,1667,38966,308189,9710741,77932,19421482,"1bill-boot"
17,11,"petite","second",368337,420144,36009408,63990662,840288,127981324,1616,38907,298325,9711093,77814,19422186,"1bill-boot"
17,12,"petite","second",368243,420106,36028439,63971585,840212,127943170,1657,38845,304691,9707217,77690,19414434,"1bill-boot"
17,13,"petite","second",368754,419784,36078473,63921537,839568,127843074,1591,39117,294078,9734110,78234,19468220,"1bill-boot"
17,14,"petite","second",369692,419221,36156505,63843520,838442,127687040,1652,38866,304778,9716162,77732,19432324,"1bill-boot"
17,15,"petite","second",369566,419617,36130117,63869940,839234,127739880,1644,38895,307592,9701331,77790,19402662,"1bill-boot"
17,16,"petite","second",368739,419811,36080077,63919929,839622,127839858,1636,38935,297421,9728448,77870,19456896,"1bill-boot"
17,17,"petite","second",369522,419661,36152464,63847653,839322,127695306,1650,39031,301740,9709567,78062,19419134,"1bill-boot"
17,18,"petite","second",368083,420765,35965462,64034661,841530,128069322,1667,38947,307620,9715113,77894,19430226,"1bill-boot"
17,19,"petite","second",369383,419782,36137566,63862453,839564,127724906,1580,38966,286357,9714592,77932,19429184,"1bill-boot"
17,20,"petite","second",369104,419871,36107681,63892531,839742,127785062,1675,38981,308051,9717411,77962,19434822,"1bill-boot"
17,21,"petite","second",369095,419497,36103994,63896029,838994,127792058,1684,38884,309589,9701724,77768,19403448,"1bill-boot"
17,22,"petite","second",369901,419677,36165882,63834276,839354,127668552,1693,38981,307231,9697475,77962,19394950,"1bill-boot"
17,23,"petite","second",368739,419973,36118156,63881942,839946,127763884,1651,39006,304916,9706065,78012,19412130,"1bill-boot"
17,24,"petite","second",368577,419849,36068278,63931731,839698,127863462,1562,38959,295248,9709613,77918,19419226,"1bill-boot"
17,25,"petite","second",369371,419633,36141275,63858727,839266,127717454,1566,38972,292265,9721200,77944,19442400,"1bill-boot"
17,26,"petite","second",368374,420052,36027407,63972609,840104,127945218,1667,38889,305083,9704854,77778,19409708,"1bill-boot"
17,27,"petite","second",368551,419459,36095139,63904955,838918,127809910,1636,38987,302571,9720403,77974,19440806,"1bill-boot"
17,28,"petite","second",369088,419833,36101952,63898241,839666,127796482,1558,39071,291002,9714657,78142,19429314,"1bill-boot"
17,29,"petite","second",368328,419534,36060798,63939214,839068,127878428,1594,38767,299015,9716014,77534,19432028,"1bill-boot"
17,30,"petite","second",369174,419652,36095517,63904519,839304,127809038,1585,38914,293069,9713627,77828,19427254,"1bill-boot"
28,1,"petite","second",374157,416477,36721527,63278553,832954,126557106,1346,39042,293864,9722913,78084,19445826,"1bill-boot"
28,2,"petite","second",375965,415624,36872615,63127445,831248,126254890,1337,39026,289036,9715761,78052,19431522,"1bill-boot"
28,3,"petite","second",375179,415843,36832285,63167834,831686,126335668,1352,38980,294896,9717093,77960,19434186,"1bill-boot"
28,4,"petite","second",375195,416085,36822295,63177713,832170,126355426,1456,38835,318479,9701829,77670,19403658,"1bill-boot"
28,5,"petite","second",375845,415955,36889749,63110411,831910,126220822,1466,38909,318806,9684941,77818,19369882,"1bill-boot"
28,6,"petite","second",374291,416422,36743800,63256216,832844,126512432,1377,38895,298900,9702862,77790,19405724,"1bill-boot"
28,7,"petite","second",374821,416339,36782617,63217395,832678,126434790,1348,39056,294050,9717982,78112,19435964,"1bill-boot"
28,8,"petite","second",375785,415208,36882092,63117968,830416,126235936,1375,38936,297649,9708623,77872,19417246,"1bill-boot"
28,9,"petite","second",375320,415996,36794609,63205442,831992,126410884,1379,38923,295687,9720373,77846,19440746,"1bill-boot"
28,10,"petite","second",375077,415588,36827190,63173002,831176,126346004,1381,38870,300552,9701393,77740,19402786,"1bill-boot"
28,11,"petite","second",375094,416561,36755416,63244643,833122,126489286,1367,38948,298954,9710808,77896,19421616,"1bill-boot"
28,12,"petite","second",374513,416649,36746416,63253627,833298,126507254,1373,38967,300602,9719577,77934,19439154,"1bill-boot"
28,13,"petite","second",375349,415086,36903177,63096824,830172,126193648,1381,38989,303661,9718388,77978,19436776,"1bill-boot"
28,14,"petite","second",375668,416055,36822253,63177799,832110,126355598,1359,39088,293909,9735650,78176,19471300,"1bill-boot"
28,15,"petite","second",374906,415948,36798412,63201689,831896,126403378,1399,38917,302652,9704510,77834,19409020,"1bill-boot"
28,16,"petite","second",375971,415541,36896162,63103841,831082,126207682,1398,38959,306181,9720738,77918,19441476,"1bill-boot"
28,17,"petite","second",375009,416591,36760543,63239472,833182,126478944,1378,39037,297674,9726355,78074,19452710,"1bill-boot"
28,18,"petite","second",375874,415802,36871294,63128883,831604,126257766,1370,38926,299860,9705560,77852,19411120,"1bill-boot"
28,19,"petite","second",375826,415467,36865291,63134735,830934,126269470,1440,38803,313613,9687422,77606,19374844,"1bill-boot"
28,20,"petite","second",375076,416250,36758213,63241825,832500,126483650,1390,38857,304011,9708745,77714,19417490,"1bill-boot"
28,21,"petite","second",376019,415418,36901059,63098957,830836,126197914,1389,39007,298572,9725468,78014,19450936,"1bill-boot"
28,22,"petite","second",374976,416043,36793301,63206763,832086,126413526,1415,38997,309713,9714763,77994,19429526,"1bill-boot"
28,23,"petite","second",374771,415880,36791961,63208064,831760,126416128,1332,38842,290923,9716325,77684,19432650,"1bill-boot"
28,24,"petite","second",374855,416302,36796735,63203381,832604,126406762,1345,39062,292691,9715213,78124,19430426,"1bill-boot"
28,25,"petite","second",375771,415781,36865090,63135004,831562,126270008,1382,39118,301929,9719295,78236,19438590,"1bill-boot"
28,26,"petite","second",375121,416245,36778074,63221926,832490,126443852,1361,38967,297517,9716274,77934,19432548,"1bill-boot"
28,27,"petite","second",375405,416027,36830802,63169324,832054,126338648,1395,38988,303966,9707671,77976,19415342,"1bill-boot"
28,28,"petite","second",375004,416381,36777240,63222784,832762,126445568,1422,38893,311965,9692659,77786,19385318,"1bill-boot"
28,29,"petite","second",374962,416583,36779391,63220733,833166,126441466,1376,38984,299850,9711908,77968,19423816,"1bill-boot"
28,30,"petite","second",375013,415721,36801267,63198849,831442,126397698,1377,38999,300391,9715998,77998,19431996,"1bill-boot"
21,1,"petite","second",373915,412664,36382860,63617148,825328,127234296,794,38972,154862,9868065,77944,19736130,"1bill-boot"
21,2,"petite","second",375281,412478,36475897,63524264,824956,127048528,802,38933,154337,9854714,77866,19709428,"1bill-boot"
21,3,"petite","second",373790,413060,36341251,63658794,826120,127317588,825,38981,159092,9855494,77962,19710988,"1bill-boot"
21,4,"petite","second",373844,413442,36342222,63657833,826884,127315666,800,38894,156461,9850946,77788,19701892,"1bill-boot"
21,5,"petite","second",374199,413297,36346780,63653247,826594,127306494,757,39058,145478,9878222,78116,19756444,"1bill-boot"
21,6,"petite","second",373580,413396,36309614,63690391,826792,127380782,806,38940,156956,9844895,77880,19689790,"1bill-boot"
21,7,"petite","second",375126,412923,36425017,63575050,825846,127150100,750,38925,144862,9867970,77850,19735940,"1bill-boot"
21,8,"petite","second",375084,411744,36479028,63521028,823488,127042056,758,38974,146531,9859486,77948,19718972,"1bill-boot"
21,9,"petite","second",374130,413009,36378644,63621695,826018,127243390,749,39038,145527,9881290,78076,19762580,"1bill-boot"
21,10,"petite","second",374816,412825,36464270,63535868,825650,127071736,806,38850,155122,9857445,77700,19714890,"1bill-boot"
21,11,"petite","second",373506,412967,36368411,63631677,825934,127263354,765,38946,145714,9863703,77892,19727406,"1bill-boot"
21,12,"petite","second",374162,413066,36367113,63632968,826132,127265936,802,38869,154060,9848588,77738,19697176,"1bill-boot"
21,13,"petite","second",373958,412808,36397882,63602249,825616,127204498,759,38829,145652,9867087,77658,19734174,"1bill-boot"
21,14,"petite","second",374381,412842,36385747,63614431,825684,127228862,797,38867,154354,9868852,77734,19737704,"1bill-boot"
21,15,"petite","second",375012,412573,36477433,63522580,825146,127045160,736,38966,143380,9876500,77932,19753000,"1bill-boot"
21,16,"petite","second",374038,412968,36357700,63642377,825936,127284754,779,38919,150532,9851461,77838,19702922,"1bill-boot"
21,17,"petite","second",375165,412607,36452349,63547687,825214,127095374,841,38964,163385,9843860,77928,19687720,"1bill-boot"
21,18,"petite","second",374743,412833,36398194,63601982,825666,127203964,784,38871,150780,9852914,77742,19705828,"1bill-boot"
21,19,"petite","second",373895,413553,36341254,63658854,827106,127317708,813,38926,158042,9856656,77852,19713312,"1bill-boot"
21,20,"petite","second",374136,412744,36333059,63667031,825488,127334062,747,38869,146916,9857276,77738,19714552,"1bill-boot"
21,21,"petite","second",374162,412500,36383077,63617016,825000,127234032,777,38829,149204,9859687,77658,19719374,"1bill-boot"
21,22,"petite","second",373747,412953,36307381,63692626,825906,127385252,781,38878,153665,9857874,77756,19715748,"1bill-boot"
21,23,"petite","second",374230,413052,36376342,63623766,826104,127247532,751,38953,143575,9869673,77906,19739346,"1bill-boot"
21,24,"petite","second",373895,413116,36310815,63689241,826232,127378482,829,38775,160704,9840573,77550,19681146,"1bill-boot"
21,25,"petite","second",374438,413325,36358926,63641093,826650,127282186,745,38939,144092,9877773,77878,19755546,"1bill-boot"
21,26,"petite","second",373875,412925,36327229,63672780,825850,127345560,817,39049,157732,9858783,78098,19717566,"1bill-boot"
21,27,"petite","second",373754,412709,36322108,63677960,825418,127355920,842,38819,162478,9838204,77638,19676408,"1bill-boot"
21,28,"petite","second",373639,413172,36310772,63689295,826344,127378590,781,38839,150588,9852844,77678,19705688,"1bill-boot"
21,29,"petite","second",373352,413409,36292053,63707956,826818,127415912,767,38921,147561,9858299,77842,19716598,"1bill-boot"
21,30,"petite","second",374500,413434,36376331,63623709,826868,127247418,768,38904,148023,9852336,77808,19704672,"1bill-boot"
26,1,"petite","second",372543,418990,36658877,63341222,837980,126682444,1695,38833,328206,9690061,77666,19380122,"1bill-boot"
26,2,"petite","second",373642,418628,36715725,63284314,837256,126568628,1772,38597,340111,9662853,77194,19325706,"1bill-boot"
26,3,"petite","second",374157,418010,36777915,63222253,836020,126444506,1782,38560,344895,9659126,77120,19318252,"1bill-boot"
26,4,"petite","second",374194,418052,36780605,63219531,836104,126439062,1763,38599,338727,9667955,77198,19335910,"1bill-boot"
26,5,"petite","second",373871,418626,36698340,63301736,837252,126603472,1802,38308,349344,9652933,76616,19305866,"1bill-boot"
26,6,"petite","second",373516,418029,36736148,63263872,836058,126527744,1737,38560,338678,9677228,77120,19354456,"1bill-boot"
26,7,"petite","second",374577,418307,36793203,63206797,836614,126413594,1784,38558,345704,9655095,77116,19310190,"1bill-boot"
26,8,"petite","second",374071,417968,36771832,63228224,835936,126456448,1827,38488,354829,9648807,76976,19297614,"1bill-boot"
26,9,"petite","second",372994,418714,36657433,63342636,837428,126685272,1775,38289,344631,9655531,76578,19311062,"1bill-boot"
26,10,"petite","second",374148,417942,36751298,63248931,835884,126497862,1725,38562,331369,9668888,77124,19337776,"1bill-boot"
26,11,"petite","second",373615,418731,36701498,63298524,837462,126597048,1787,38533,347313,9660753,77066,19321506,"1bill-boot"
26,12,"petite","second",374086,418488,36792500,63207571,836976,126415142,1770,38558,344355,9664846,77116,19329692,"1bill-boot"
26,13,"petite","second",373800,418017,36720533,63279470,836034,126558940,1762,38532,339757,9664424,77064,19328848,"1bill-boot"
26,14,"petite","second",373724,418021,36754945,63245173,836042,126490346,1833,38494,352100,9670722,76988,19341444,"1bill-boot"
26,15,"petite","second",373674,418527,36750449,63249646,837054,126499292,1788,38577,344316,9670890,77154,19341780,"1bill-boot"
26,16,"petite","second",373353,418052,36714860,63285155,836104,126570310,1759,38506,342840,9659888,77012,19319776,"1bill-boot"
26,17,"petite","second",373238,418620,36676613,63323436,837240,126646872,1694,38423,328811,9681879,76846,19363758,"1bill-boot"
26,18,"petite","second",374023,418607,36729963,63270230,837214,126540460,1754,38553,341412,9661588,77106,19323176,"1bill-boot"
26,19,"petite","second",374627,417773,36828780,63171326,835546,126342652,1709,38631,328615,9671856,77262,19343712,"1bill-boot"
26,20,"petite","second",373643,418509,36706044,63293984,837018,126587968,1758,38416,342766,9681359,76832,19362718,"1bill-boot"
26,21,"petite","second",374263,418422,36754639,63245409,836844,126490818,1759,38678,341524,9669680,77356,19339360,"1bill-boot"
26,22,"petite","second",373908,417956,36764417,63235695,835912,126471390,1795,38587,344935,9676005,77174,19352010,"1bill-boot"
26,23,"petite","second",373163,419063,36658536,63341530,838126,126683060,1744,38510,336032,9675786,77020,19351572,"1bill-boot"
26,24,"petite","second",373394,419165,36690696,63309355,838330,126618710,1791,38711,346307,9682754,77422,19365508,"1bill-boot"
26,25,"petite","second",373462,418442,36733870,63266288,836884,126532576,1709,38581,331697,9672996,77162,19345992,"1bill-boot"
26,26,"petite","second",373550,418241,36706127,63294082,836482,126588164,1751,38596,338886,9666309,77192,19332618,"1bill-boot"
26,27,"petite","second",373697,417975,36766253,63233818,835950,126467636,1838,38373,355686,9645492,76746,19290984,"1bill-boot"
26,28,"petite","second",373791,418678,36718949,63281052,837356,126562104,1771,38619,345911,9675467,77238,19350934,"1bill-boot"
26,29,"petite","second",374873,417755,36846846,63153261,835510,126306522,1777,38508,345840,9654246,77016,19308492,"1bill-boot"
26,30,"petite","second",374179,417913,36742419,63257615,835826,126515230,1768,38382,342649,9667568,76764,19335136,"1bill-boot"
19,1,"petite","second",383083,424973,37028943,62971112,849946,125942224,1387,40923,246049,9759549,81846,19519098,"1bill-boot"
19,2,"petite","second",382376,425299,36968270,63031754,850598,126063508,1411,40924,250581,9759001,81848,19518002,"1bill-boot"
19,3,"petite","second",383998,424229,37128552,62871578,848458,125743156,1431,40897,253494,9755941,81794,19511882,"1bill-boot"
19,4,"petite","second",383657,424043,37089535,62910625,848086,125821250,1318,40972,233892,9767911,81944,19535822,"1bill-boot"
19,5,"petite","second",383999,424811,37061670,62938470,849622,125876940,1371,41092,242921,9766471,82184,19532942,"1bill-boot"
19,6,"petite","second",383527,424444,37081244,62918781,848888,125837562,1404,40979,248857,9754861,81958,19509722,"1bill-boot"
19,7,"petite","second",383555,424896,37047512,62952781,849792,125905562,1386,40952,245076,9768797,81904,19537594,"1bill-boot"
19,8,"petite","second",383217,423756,37068183,62931819,847512,125863638,1427,40903,254424,9754797,81806,19509594,"1bill-boot"
19,9,"petite","second",384294,423894,37146831,62853328,847788,125706656,1376,40920,243682,9771854,81840,19543708,"1bill-boot"
19,10,"petite","second",382548,425058,36982588,63017475,850116,126034950,1387,41101,246658,9775638,82202,19551276,"1bill-boot"
19,11,"petite","second",382711,424874,36958938,63041083,849748,126082166,1292,41022,228135,9785850,82044,19571700,"1bill-boot"
19,12,"petite","second",382664,424612,36999190,63000875,849224,126001750,1414,41064,251627,9782936,82128,19565872,"1bill-boot"
19,13,"petite","second",382655,424865,36985987,63014031,849730,126028062,1313,41004,232089,9776523,82008,19553046,"1bill-boot"
19,14,"petite","second",383571,424716,37035832,62964274,849432,125928548,1392,40999,247084,9769322,81998,19538644,"1bill-boot"
19,15,"petite","second",382983,425341,37007394,62992636,850682,125985272,1382,41211,244580,9785888,82422,19571776,"1bill-boot"
19,16,"petite","second",383712,424674,37082245,62917946,849348,125835892,1358,41065,240853,9766735,82130,19533470,"1bill-boot"
19,17,"petite","second",383699,425213,37045100,62955046,850426,125910092,1328,40989,236780,9764114,81978,19528228,"1bill-boot"
19,18,"petite","second",383692,424205,37087338,62912725,848410,125825450,1365,41061,241093,9783708,82122,19567416,"1bill-boot"
19,19,"petite","second",382968,425011,36974778,63025324,850022,126050648,1352,40991,238843,9770757,81982,19541514,"1bill-boot"
19,20,"petite","second",383572,424390,37046856,62953242,848780,125906484,1445,40861,257270,9744680,81722,19489360,"1bill-boot"
19,21,"petite","second",383917,424078,37103878,62896244,848156,125792488,1436,40927,254982,9757605,81854,19515210,"1bill-boot"
19,22,"petite","second",383789,423978,37092388,62907674,847956,125815348,1362,40980,242864,9780319,81960,19560638,"1bill-boot"
19,23,"petite","second",383013,424470,37035468,62964547,848940,125929094,1350,41014,240213,9781708,82028,19563416,"1bill-boot"
19,24,"petite","second",384282,424912,37136040,62864159,849824,125728318,1453,41006,257980,9751386,82012,19502772,"1bill-boot"
19,25,"petite","second",382393,424810,36957590,63042431,849620,126084862,1352,40987,238487,9763636,81974,19527272,"1bill-boot"
19,26,"petite","second",383441,424642,37060299,62939786,849284,125879572,1327,41221,235554,9801734,82442,19603468,"1bill-boot"
19,27,"petite","second",383571,424444,37056466,62943534,848888,125887068,1375,41073,244542,9779466,82146,19558932,"1bill-boot"
19,28,"petite","second",382631,425398,36953576,63046470,850796,126092940,1437,40961,253863,9757977,81922,19515954,"1bill-boot"
19,29,"petite","second",383477,424579,37042037,62958169,849158,125916338,1410,41021,249262,9750857,82042,19501714,"1bill-boot"
19,30,"petite","second",384404,424033,37159663,62840399,848066,125680798,1396,40869,249244,9751871,81738,19503742,"1bill-boot"
45,1,"petite","second",374405,419473,36344840,63655229,838946,127310458,1466,38741,301107,9705910,77482,19411820,"1bill-boot"
45,2,"petite","second",375635,419009,36472221,63527841,838018,127055682,1429,38852,289304,9721115,77704,19442230,"1bill-boot"
45,3,"petite","second",374835,419371,36399926,63600100,838742,127200200,1415,38779,289887,9730445,77558,19460890,"1bill-boot"
45,4,"petite","second",373946,419486,36361558,63638623,838972,127277246,1458,38780,295984,9710972,77560,19421944,"1bill-boot"
45,5,"petite","second",375142,419060,36418707,63581494,838120,127162988,1476,38782,298083,9738406,77564,19476812,"1bill-boot"
45,6,"petite","second",374994,419269,36431409,63568827,838538,127137654,1452,38903,295040,9716160,77806,19432320,"1bill-boot"
45,7,"petite","second",375434,419176,36462926,63537103,838352,127074206,1452,38757,297572,9711956,77514,19423912,"1bill-boot"
45,8,"petite","second",375678,418794,36485490,63514566,837588,127029132,1516,38743,307638,9692415,77486,19384830,"1bill-boot"
45,9,"petite","second",374618,419000,36403785,63596298,838000,127192596,1479,38812,300463,9718268,77624,19436536,"1bill-boot"
45,10,"petite","second",376282,417901,36571262,63428796,835802,126857592,1493,38837,304268,9732452,77674,19464904,"1bill-boot"
45,11,"petite","second",376438,418669,36514487,63485552,837338,126971104,1513,38759,309817,9699320,77518,19398640,"1bill-boot"
45,12,"petite","second",375193,419221,36446689,63553349,838442,127106698,1502,38886,304387,9708740,77772,19417480,"1bill-boot"
45,13,"petite","second",374684,419515,36415546,63584487,839030,127168974,1523,38736,311916,9700468,77472,19400936,"1bill-boot"
45,14,"petite","second",375280,419180,36426516,63573507,838360,127147014,1464,38726,302129,9702356,77452,19404712,"1bill-boot"
45,15,"petite","second",376080,418495,36533193,63466862,836990,126933724,1487,38854,304772,9725253,77708,19450506,"1bill-boot"
45,16,"petite","second",375733,418857,36510139,63489889,837714,126979778,1526,38799,309454,9705480,77598,19410960,"1bill-boot"
45,17,"petite","second",374524,419372,36389981,63610027,838744,127220054,1403,38799,286186,9725462,77598,19450924,"1bill-boot"
45,18,"petite","second",374850,418973,36426903,63573149,837946,127146298,1443,38737,293224,9707512,77474,19415024,"1bill-boot"
45,19,"petite","second",374824,419527,36380033,63619992,839054,127239984,1474,38793,300095,9702590,77586,19405180,"1bill-boot"
45,20,"petite","second",375269,419017,36422430,63577623,838034,127155246,1528,38713,309778,9692144,77426,19384288,"1bill-boot"
45,21,"petite","second",375269,419274,36430516,63569501,838548,127139002,1489,38939,300960,9722858,77878,19445716,"1bill-boot"
45,22,"petite","second",376102,418823,36508538,63491515,837646,126983030,1656,38813,338523,9683599,77626,19367198,"1bill-boot"
45,23,"petite","second",374411,419091,36318550,63681509,838182,127363018,1499,38770,306378,9724156,77540,19448312,"1bill-boot"
45,24,"petite","second",375158,419732,36400282,63599817,839464,127199634,1414,38803,288420,9712244,77606,19424488,"1bill-boot"
45,25,"petite","second",373830,419469,36288722,63711327,838938,127422654,1441,38882,294167,9720376,77764,19440752,"1bill-boot"
45,26,"petite","second",374300,419603,36346676,63653338,839206,127306676,1453,38679,300992,9716313,77358,19432626,"1bill-boot"
45,27,"petite","second",374904,419158,36410156,63589971,838316,127179942,1456,38874,297602,9722506,77748,19445012,"1bill-boot"
45,28,"petite","second",375097,419497,36399147,63601054,838994,127202108,1497,38697,305049,9699550,77394,19399100,"1bill-boot"
45,29,"petite","second",374179,419615,36318629,63681384,839230,127362768,1358,38777,275087,9734332,77554,19468664,"1bill-boot"
45,30,"petite","second",375039,419467,36416886,63583212,838934,127166424,1534,38683,312434,9694028,77366,19388056,"1bill-boot"
42,1,"petite","second",369525,418227,36363493,63636510,836454,127273020,1654,39478,341459,9678401,78956,19356802,"1bill-boot"
42,2,"petite","second",371132,417300,36459678,63540353,834600,127080706,1664,39418,341058,9663203,78836,19326406,"1bill-boot"
42,3,"petite","second",369430,418742,36315815,63684190,837484,127368380,1565,39709,325922,9694595,79418,19389190,"1bill-boot"
42,4,"petite","second",370882,418029,36464867,63535195,836058,127070390,1712,39539,359015,9685290,79078,19370580,"1bill-boot"
42,5,"petite","second",370290,418254,36419890,63580222,836508,127160444,1702,39586,355700,9676120,79172,19352240,"1bill-boot"
42,6,"petite","second",371520,417917,36543859,63456259,835834,126912518,1751,39604,352547,9666016,79208,19332032,"1bill-boot"
42,7,"petite","second",370782,418396,36437337,63562765,836792,127125530,1722,39396,359558,9643633,78792,19287266,"1bill-boot"
42,8,"petite","second",371265,417390,36514933,63485088,834780,126970176,1616,39582,333605,9676409,79164,19352818,"1bill-boot"
42,9,"petite","second",369232,418814,36314418,63685662,837628,127371324,1742,39531,364611,9673601,79062,19347202,"1bill-boot"
42,10,"petite","second",370877,417915,36452446,63547644,835830,127095288,1618,39566,334712,9680914,79132,19361828,"1bill-boot"
42,11,"petite","second",370642,417778,36472703,63527349,835556,127054698,1612,39604,335975,9684470,79208,19368940,"1bill-boot"
42,12,"petite","second",369695,418505,36344522,63655524,837010,127311048,1684,39347,356148,9648579,78694,19297158,"1bill-boot"
42,13,"petite","second",370511,417865,36455119,63544899,835730,127089798,1770,39518,368036,9661789,79036,19323578,"1bill-boot"
42,14,"petite","second",370800,417849,36459322,63540784,835698,127081568,1688,39424,348371,9651812,78848,19303624,"1bill-boot"
42,15,"petite","second",370290,418547,36389259,63610781,837094,127221562,1672,39679,346215,9679778,79358,19359556,"1bill-boot"
42,16,"petite","second",370362,418253,36445484,63554652,836506,127109304,1742,39402,363887,9649007,78804,19298014,"1bill-boot"
42,17,"petite","second",370342,418253,36397601,63602439,836506,127204878,1709,39493,347364,9660801,78986,19321602,"1bill-boot"
42,18,"petite","second",370982,418079,36473982,63526107,836158,127052214,1622,39570,333608,9673751,79140,19347502,"1bill-boot"
42,19,"petite","second",369999,418563,36349209,63650980,837126,127301960,1585,39703,332354,9682655,79406,19365310,"1bill-boot"
42,20,"petite","second",370657,417791,36422222,63577817,835582,127155634,1600,39553,332317,9678506,79106,19357012,"1bill-boot"
42,21,"petite","second",370589,418465,36411843,63588220,836930,127176440,1579,39635,325129,9694617,79270,19389234,"1bill-boot"
42,22,"petite","second",370586,417682,36427618,63572565,835364,127145130,1653,39423,346317,9666295,78846,19332590,"1bill-boot"
42,23,"petite","second",370879,418099,36483037,63517035,836198,127034070,1688,39593,349383,9694966,79186,19389932,"1bill-boot"
42,24,"petite","second",370308,418198,36420822,63579350,836396,127158700,1697,39490,350772,9652779,78980,19305558,"1bill-boot"
42,25,"petite","second",369645,418441,36353604,63646507,836882,127293014,1636,39587,342647,9675682,79174,19351364,"1bill-boot"
42,26,"petite","second",370752,418289,36445932,63554193,836578,127108386,1596,39668,332669,9700861,79336,19401722,"1bill-boot"
42,27,"petite","second",370720,417506,36484580,63515425,835012,127030850,1699,39571,353254,9668350,79142,19336700,"1bill-boot"
42,28,"petite","second",370434,418457,36373712,63626322,836914,127252644,1602,39694,331903,9718076,79388,19436152,"1bill-boot"
42,29,"petite","second",371142,417769,36495704,63504407,835538,127008814,1689,39595,349217,9692488,79190,19384976,"1bill-boot"
42,30,"petite","second",371449,417540,36557286,63442818,835080,126885636,1652,39536,342565,9663192,79072,19326384,"1bill-boot"
27,1,"petite","second",371558,413433,36863701,63136336,826866,126272672,1176,39322,206127,9806662,78644,19613324,"1bill-boot"
27,2,"petite","second",372146,413069,36878986,63121057,826138,126242114,1165,39349,204162,9799214,78698,19598428,"1bill-boot"
27,3,"petite","second",370448,414419,36693520,63306596,828838,126613192,1139,39330,198978,9812368,78660,19624736,"1bill-boot"
27,4,"petite","second",370435,414241,36760058,63239946,828482,126479892,1211,39341,211479,9810794,78682,19621588,"1bill-boot"
27,5,"petite","second",372152,413233,36908807,63091283,826466,126182566,1178,39326,205915,9808560,78652,19617120,"1bill-boot"
27,6,"petite","second",370683,413641,36779546,63220585,827282,126441170,1142,39254,201229,9800723,78508,19601446,"1bill-boot"
27,7,"petite","second",371174,414186,36714574,63285515,828372,126571030,1127,39264,196160,9810243,78528,19620486,"1bill-boot"
27,8,"petite","second",371808,413027,36889946,63110142,826054,126220284,1203,39411,210028,9807182,78822,19614364,"1bill-boot"
27,9,"petite","second",370791,413871,36793813,63206223,827742,126412446,1211,39250,210214,9804251,78500,19608502,"1bill-boot"
27,10,"petite","second",370633,413621,36773218,63226793,827242,126453586,1198,39235,210931,9804173,78470,19608346,"1bill-boot"
27,11,"petite","second",370716,413557,36767170,63232922,827114,126465844,1136,39354,197214,9821017,78708,19642034,"1bill-boot"
27,12,"petite","second",370956,413275,36781202,63218917,826550,126437834,1195,39163,207802,9793562,78326,19587124,"1bill-boot"
27,13,"petite","second",371157,413901,36768213,63231835,827802,126463670,1163,39338,202857,9812024,78676,19624048,"1bill-boot"
27,14,"petite","second",372098,413176,36882150,63117921,826352,126235842,1169,39405,203889,9800590,78810,19601180,"1bill-boot"
27,15,"petite","second",371163,413855,36770870,63229443,827710,126458886,1123,39270,193695,9812155,78540,19624310,"1bill-boot"
27,16,"petite","second",371293,413920,36789466,63210711,827840,126421422,1224,39345,214214,9804615,78690,19609230,"1bill-boot"
27,17,"petite","second",371664,413937,36826893,63173359,827874,126346718,1119,39409,195997,9823899,78818,19647798,"1bill-boot"
27,18,"petite","second",370474,414098,36715858,63284194,828196,126568388,1174,39227,205802,9794920,78454,19589840,"1bill-boot"
27,19,"petite","second",370369,414230,36720626,63279395,828460,126558790,1172,39323,204244,9806743,78646,19613486,"1bill-boot"
27,20,"petite","second",372079,412842,36866168,63133854,825684,126267708,1231,39124,216233,9787734,78248,19575468,"1bill-boot"
27,21,"petite","second",371155,414108,36750816,63249219,828216,126498438,1170,39304,204244,9805284,78608,19610568,"1bill-boot"
27,22,"petite","second",371678,413381,36844984,63155036,826762,126310072,1208,39164,210423,9803304,78328,19606608,"1bill-boot"
27,23,"petite","second",371464,413588,36825618,63174390,827176,126348780,1209,39284,212082,9796302,78568,19592604,"1bill-boot"
27,24,"petite","second",371775,413783,36821768,63178243,827566,126356486,1211,39362,212637,9801740,78724,19603480,"1bill-boot"
27,25,"petite","second",370202,414575,36671457,63328574,829150,126657148,1149,39239,200748,9806189,78478,19612378,"1bill-boot"
27,26,"petite","second",370364,413868,36748130,63251951,827736,126503902,1160,39414,201359,9813357,78828,19626714,"1bill-boot"
27,27,"petite","second",371574,413360,36837400,63162696,826720,126325392,1226,39284,215265,9797487,78568,19594974,"1bill-boot"
27,28,"petite","second",370980,414042,36762677,63237408,828084,126474816,1170,39353,203278,9812570,78706,19625140,"1bill-boot"
27,29,"petite","second",370905,413876,36764452,63235621,827752,126471242,1170,39350,202963,9815941,78700,19631882,"1bill-boot"
27,30,"petite","second",371668,413299,36867412,63132612,826598,126265224,1191,39334,208246,9801348,78668,19602696,"1bill-boot"
18,1,"petite","second",372288,415992,36200460,63799632,831984,127599264,1428,38209,291373,9723115,76418,19446230,"1bill-boot"
18,2,"petite","second",373701,415465,36306317,63693727,830930,127387454,1387,38329,280689,9741005,76658,19482010,"1bill-boot"
18,3,"petite","second",373637,415639,36321505,63678626,831278,127357252,1462,38239,298283,9706707,76478,19413414,"1bill-boot"
18,4,"petite","second",372641,415807,36228203,63771928,831614,127543856,1427,38273,290743,9722583,76546,19445166,"1bill-boot"
18,5,"petite","second",373756,416069,36282212,63718080,832138,127436160,1420,38212,293036,9717470,76424,19434940,"1bill-boot"
18,6,"petite","second",374248,415239,36401049,63599059,830478,127198118,1574,38132,325207,9687397,76264,19374794,"1bill-boot"
18,7,"petite","second",373745,415772,36321148,63678949,831544,127357898,1455,38295,299775,9715233,76590,19430466,"1bill-boot"
18,8,"petite","second",373621,414540,36391386,63608692,829080,127217384,1468,38111,296849,9721708,76222,19443416,"1bill-boot"
18,9,"petite","second",372519,415831,36225537,63774501,831662,127549002,1467,38098,303516,9704303,76196,19408606,"1bill-boot"
18,10,"petite","second",373103,415212,36276626,63723418,830424,127446836,1392,38122,286404,9722364,76244,19444728,"1bill-boot"
18,11,"petite","second",373477,415475,36283145,63716857,830950,127433714,1410,38239,288364,9731602,76478,19463204,"1bill-boot"
18,12,"petite","second",372636,416160,36235964,63764089,832320,127528178,1455,38226,301117,9709630,76452,19419260,"1bill-boot"
18,13,"petite","second",372941,415732,36247818,63752260,831464,127504520,1498,37980,304037,9707422,75960,19414844,"1bill-boot"
18,14,"petite","second",374204,415069,36363337,63636668,830138,127273336,1410,38199,286196,9721186,76398,19442372,"1bill-boot"
18,15,"petite","second",373744,415371,36334214,63665816,830742,127331632,1478,38301,300407,9729944,76602,19459888,"1bill-boot"
18,16,"petite","second",373334,415441,36287022,63713095,830882,127426190,1470,38232,303298,9721333,76464,19442666,"1bill-boot"
18,17,"petite","second",373814,415278,36316005,63684015,830556,127368030,1423,38177,294610,9719457,76354,19438914,"1bill-boot"
18,18,"petite","second",373035,416196,36251575,63748464,832392,127496928,1495,38177,303670,9705886,76354,19411772,"1bill-boot"
18,19,"petite","second",373558,415790,36299959,63700301,831580,127400602,1502,38082,305578,9701296,76164,19402592,"1bill-boot"
18,20,"petite","second",373285,415538,36272671,63727360,831076,127454720,1478,38137,303838,9717120,76274,19434240,"1bill-boot"
18,21,"petite","second",373487,415617,36301212,63698927,831234,127397854,1420,38298,292486,9717145,76596,19434290,"1bill-boot"
18,22,"petite","second",372630,416282,36221822,63778193,832564,127556386,1485,38183,303303,9708515,76366,19417030,"1bill-boot"
18,23,"petite","second",373715,415913,36330813,63669204,831826,127338408,1436,38379,293674,9721670,76758,19443340,"1bill-boot"
18,24,"petite","second",372809,416042,36264476,63735551,832084,127471102,1474,38370,303993,9729382,76740,19458764,"1bill-boot"
18,25,"petite","second",373422,415807,36294252,63705775,831614,127411550,1504,38224,308907,9703073,76448,19406146,"1bill-boot"
18,26,"petite","second",374473,415013,36413521,63586537,830026,127173074,1516,38154,313064,9695224,76308,19390448,"1bill-boot"
18,27,"petite","second",373627,415247,36315096,63685072,830494,127370144,1424,38188,290975,9730209,76376,19460418,"1bill-boot"
18,28,"petite","second",374404,415225,36395068,63604955,830450,127209910,1479,38259,300918,9711868,76518,19423736,"1bill-boot"
18,29,"petite","second",373070,415826,36258423,63741639,831652,127483278,1502,38139,305045,9711919,76278,19423838,"1bill-boot"
18,30,"petite","second",373440,415384,36309890,63690117,830768,127380234,1448,38171,298116,9717219,76342,19434438,"1bill-boot"
20,1,"petite","second",377583,410326,37244765,62755282,820652,125510564,1089,37809,214456,9791135,75618,19582270,"1bill-boot"
20,2,"petite","second",378612,410127,37260235,62739850,820254,125479700,983,37988,194931,9828769,75976,19657538,"1bill-boot"
20,3,"petite","second",377989,410477,37219138,62780876,820954,125561752,1135,37791,223630,9792357,75582,19584714,"1bill-boot"
20,4,"petite","second",377836,409797,37186187,62813895,819594,125627790,1009,37909,200267,9817076,75818,19634152,"1bill-boot"
20,5,"petite","second",378624,409755,37278254,62721867,819510,125443734,976,37829,192899,9812697,75658,19625394,"1bill-boot"
20,6,"petite","second",378687,410056,37317699,62682320,820112,125364640,1048,37951,203424,9817990,75902,19635980,"1bill-boot"
20,7,"petite","second",378996,409892,37283032,62717200,819784,125434400,1070,37945,209974,9818107,75890,19636214,"1bill-boot"
20,8,"petite","second",378825,408700,37345472,62654689,817400,125309378,967,37853,193226,9807105,75706,19614210,"1bill-boot"
20,9,"petite","second",378377,409556,37282748,62717345,819112,125434690,1045,37666,203180,9800902,75332,19601804,"1bill-boot"
20,10,"petite","second",379011,409352,37312850,62687326,818704,125374652,1102,37799,215389,9793445,75598,19586890,"1bill-boot"
20,11,"petite","second",379033,409822,37309939,62690085,819644,125380170,1085,37933,210690,9800831,75866,19601662,"1bill-boot"
20,12,"petite","second",378407,409747,37306435,62693610,819494,125387220,1040,37916,207454,9819744,75832,19639488,"1bill-boot"
20,13,"petite","second",378167,409857,37231642,62768377,819714,125536754,975,37964,191261,9820442,75928,19640884,"1bill-boot"
20,14,"petite","second",378403,409827,37276028,62723987,819654,125447974,1071,37764,208618,9793543,75528,19587086,"1bill-boot"
20,15,"petite","second",379008,409795,37334497,62665578,819590,125331156,1098,37926,218993,9797555,75852,19595110,"1bill-boot"
20,16,"petite","second",378875,409456,37356988,62643076,818912,125286152,1097,37787,214177,9787425,75574,19574850,"1bill-boot"
20,17,"petite","second",379840,409427,37444965,62555063,818854,125110126,1063,37930,207538,9812458,75860,19624916,"1bill-boot"
20,18,"petite","second",378838,410106,37278411,62721645,820212,125443290,1065,37986,206406,9821696,75972,19643392,"1bill-boot"
20,19,"petite","second",378694,409987,37304351,62695651,819974,125391302,1092,37946,212892,9811947,75892,19623894,"1bill-boot"
20,20,"petite","second",378259,410087,37233691,62766343,820174,125532686,1087,37787,211471,9797798,75574,19595596,"1bill-boot"
20,21,"petite","second",378536,409902,37258693,62741406,819804,125482812,1116,37797,218618,9783991,75594,19567982,"1bill-boot"
20,22,"petite","second",378398,410126,37253224,62746861,820252,125493722,1058,37851,207084,9808864,75702,19617728,"1bill-boot"
20,23,"petite","second",378623,409924,37301004,62699170,819848,125398340,1077,37876,213618,9796020,75752,19592040,"1bill-boot"
20,24,"petite","second",378015,410129,37222485,62777562,820258,125555124,1046,37861,206314,9797632,75722,19595264,"1bill-boot"
20,25,"petite","second",378990,409845,37341508,62658657,819690,125317314,1042,37945,203917,9814606,75890,19629212,"1bill-boot"
20,26,"petite","second",378622,409786,37275151,62724930,819572,125449860,1063,37818,207068,9798528,75636,19597056,"1bill-boot"
20,27,"petite","second",377395,409997,37205140,62794980,819994,125589960,1068,37860,208249,9801173,75720,19602346,"1bill-boot"
20,28,"petite","second",378737,410240,37276884,62723224,820480,125446448,1075,37870,209795,9804414,75740,19608828,"1bill-boot"
20,29,"petite","second",378669,409931,37266115,62733919,819862,125467838,1097,37775,215640,9797081,75550,19594162,"1bill-boot"
20,30,"petite","second",379418,409032,37399904,62600149,818064,125200298,1037,37912,206604,9815884,75824,19631768,"1bill-boot"
16,1,"petite","second",376477,414876,36833415,63166666,829752,126333332,489,39730,115070,9899680,79460,19799360,"1bill-boot"
16,2,"petite","second",377673,414623,36952871,63047177,829246,126094354,502,39806,118721,9899211,79612,19798422,"1bill-boot"
16,3,"petite","second",377489,414559,36929686,63070375,829118,126140750,518,39631,120471,9894226,79262,19788452,"1bill-boot"
16,4,"petite","second",378233,414277,36990788,63009218,828554,126018436,509,39645,118014,9888832,79290,19777664,"1bill-boot"
16,5,"petite","second",378264,414222,37016516,62983538,828444,125967076,566,39741,129308,9882907,79482,19765814,"1bill-boot"
16,6,"petite","second",378384,414265,36998727,63001343,828530,126002686,522,39635,124448,9886363,79270,19772726,"1bill-boot"
16,7,"petite","second",378281,414488,36981138,63018916,828976,126037832,518,39699,120698,9898332,79398,19796664,"1bill-boot"
16,8,"petite","second",378139,413804,37020246,62979815,827608,125959630,483,39660,114977,9894364,79320,19788728,"1bill-boot"
16,9,"petite","second",378059,414562,36950713,63049363,829124,126098726,483,39771,114289,9920240,79542,19840480,"1bill-boot"
16,10,"petite","second",378423,414052,36973478,63026533,828104,126053066,486,39603,112630,9894397,79206,19788794,"1bill-boot"
16,11,"petite","second",378118,414772,36971043,63028959,829544,126057918,592,39834,134753,9891027,79668,19782054,"1bill-boot"
16,12,"petite","second",377709,414642,36960229,63039771,829284,126079542,513,39679,118679,9887729,79358,19775458,"1bill-boot"
16,13,"petite","second",377051,414976,36889030,63110993,829952,126221986,495,39710,116823,9904611,79420,19809222,"1bill-boot"
16,14,"petite","second",377844,414286,36968461,63031559,828572,126063118,488,39571,115282,9896665,79142,19793330,"1bill-boot"
16,15,"petite","second",378423,413927,37023709,62976441,827854,125952882,525,39576,121616,9888654,79152,19777308,"1bill-boot"
16,16,"petite","second",378652,414238,37009014,62991042,828476,125982084,608,39690,137418,9882266,79380,19764532,"1bill-boot"
16,17,"petite","second",377905,415062,36963802,63036201,830124,126072402,586,39656,134315,9878745,79312,19757490,"1bill-boot"
16,18,"petite","second",378036,414844,36968414,63031666,829688,126063332,489,39716,115414,9893245,79432,19786490,"1bill-boot"
16,19,"petite","second",378534,413791,37032089,62967960,827582,125935920,502,39581,120022,9892769,79162,19785538,"1bill-boot"
16,20,"petite","second",378144,414402,36988666,63011375,828804,126022750,495,39655,116906,9909216,79310,19818432,"1bill-boot"
16,21,"petite","second",379141,414491,37007642,62992396,828982,125984792,478,39937,110610,9898384,79874,19796768,"1bill-boot"
16,22,"petite","second",377798,414416,36944610,63055642,828832,126111284,518,39727,123153,9890951,79454,19781902,"1bill-boot"
16,23,"petite","second",377762,414480,36975102,63025013,828960,126050026,502,39550,116194,9889927,79100,19779854,"1bill-boot"
16,24,"petite","second",377753,414142,37006146,62993882,828284,125987764,533,39607,127137,9882843,79214,19765686,"1bill-boot"
16,25,"petite","second",377762,414858,36948005,63052028,829716,126104056,482,39771,112778,9902662,79542,19805324,"1bill-boot"
16,26,"petite","second",378203,414515,36976973,63023120,829030,126046240,494,39746,115445,9899130,79492,19798260,"1bill-boot"
16,27,"petite","second",377589,414816,36923172,63076956,829632,126153912,457,39721,105658,9929566,79442,19859132,"1bill-boot"
16,28,"petite","second",378241,414723,36944857,63055189,829446,126110378,592,39780,136431,9879675,79560,19759350,"1bill-boot"
16,29,"petite","second",378290,414429,36974585,63025458,828858,126050916,489,39727,112983,9910227,79454,19820454,"1bill-boot"
16,30,"petite","second",376635,415331,36830159,63169874,830662,126339748,469,39668,108995,9900345,79336,19800690,"1bill-boot"
29,1,"petite","second",373847,418229,36573425,63426640,836458,126853280,1989,38850,399009,9604111,77700,19208222,"1bill-boot"
29,2,"petite","second",374584,418163,36654009,63346114,836326,126692228,1975,38775,395450,9605351,77550,19210702,"1bill-boot"
29,3,"petite","second",373693,418064,36567566,63432588,836128,126865176,2080,38731,413577,9586991,77462,19173982,"1bill-boot"
29,4,"petite","second",374111,418262,36617371,63382687,836524,126765374,2035,38992,405108,9635956,77984,19271912,"1bill-boot"
29,5,"petite","second",374746,417886,36629472,63370584,835772,126741168,1994,38828,396433,9606864,77656,19213728,"1bill-boot"
29,6,"petite","second",374158,418362,36589701,63410309,836724,126820618,2122,38757,420991,9592391,77514,19184782,"1bill-boot"
29,7,"petite","second",374538,418469,36643896,63356229,836938,126712458,1964,38783,392845,9609009,77566,19218018,"1bill-boot"
29,8,"petite","second",374776,417459,36674357,63325696,834918,126651392,1927,38893,386113,9621157,77786,19242314,"1bill-boot"
29,9,"petite","second",374414,418235,36632550,63367557,836470,126735114,2110,38800,420451,9593490,77600,19186980,"1bill-boot"
29,10,"petite","second",374336,417842,36633927,63366091,835684,126732182,2003,38852,401085,9624318,77704,19248636,"1bill-boot"
29,11,"petite","second",374522,418640,36627198,63372806,837280,126745612,2050,38757,410046,9597034,77514,19194068,"1bill-boot"
29,12,"petite","second",373932,418503,36630188,63369812,837006,126739624,2118,38809,418780,9609961,77618,19219922,"1bill-boot"
29,13,"petite","second",374191,418356,36618512,63381498,836712,126762996,2006,38820,397526,9611272,77640,19222544,"1bill-boot"
29,14,"petite","second",374431,417983,36626191,63373866,835966,126747732,2028,38845,400693,9608379,77690,19216758,"1bill-boot"
29,15,"petite","second",374098,418074,36624341,63375749,836148,126751498,2045,38727,410831,9616343,77454,19232686,"1bill-boot"
29,16,"petite","second",374236,418101,36643159,63356874,836202,126713748,2097,38775,417818,9596626,77550,19193252,"1bill-boot"
29,17,"petite","second",374746,418495,36635130,63364888,836990,126729776,2010,38996,400541,9626967,77992,19253934,"1bill-boot"
29,18,"petite","second",373858,418628,36559329,63440789,837256,126881578,2032,38890,402506,9611428,77780,19222856,"1bill-boot"
29,19,"petite","second",374735,418166,36637243,63362803,836332,126725606,2003,38793,397682,9609130,77586,19218260,"1bill-boot"
29,20,"petite","second",374380,417843,36594979,63405121,835686,126810242,1899,38759,379415,9627589,77518,19255178,"1bill-boot"
29,21,"petite","second",374782,418289,36651752,63348313,836578,126696626,2019,38767,404536,9603260,77534,19206520,"1bill-boot"
29,22,"petite","second",374078,417858,36623876,63376145,835716,126752290,1975,38858,397901,9604202,77716,19208404,"1bill-boot"
29,23,"petite","second",374253,418436,36615866,63384336,836872,126768672,2098,38777,419043,9596050,77554,19192100,"1bill-boot"
29,24,"petite","second",373579,418473,36594630,63405416,836946,126810832,2062,38842,405728,9615817,77684,19231634,"1bill-boot"
29,25,"petite","second",374194,418657,36619116,63380906,837314,126761812,2084,38872,413340,9613780,77744,19227560,"1bill-boot"
29,26,"petite","second",373970,418087,36674311,63325865,836174,126651730,2094,38869,415389,9616818,77738,19233636,"1bill-boot"
29,27,"petite","second",374554,417347,36707496,63292547,834694,126585094,1939,38845,389631,9618785,77690,19237570,"1bill-boot"
29,28,"petite","second",374609,418690,36621999,63378089,837380,126756178,1986,38879,393152,9607386,77758,19214772,"1bill-boot"
29,29,"petite","second",373419,418769,36511051,63489042,837538,126978084,1962,38843,390549,9616650,77686,19233300,"1bill-boot"
29,30,"petite","second",373620,418730,36537186,63462842,837460,126925684,2062,38809,406623,9596275,77618,19192550,"1bill-boot"
11,1,"petite","second",380184,417652,37127271,62872775,835304,125745550,920,39417,161848,9853839,78834,19707678,"1bill-boot"
11,2,"petite","second",379219,419095,36931598,63068605,838190,126137210,849,39499,148636,9860768,78998,19721536,"1bill-boot"
11,3,"petite","second",379556,418294,36994021,63005990,836588,126011980,809,39516,143506,9871268,79032,19742536,"1bill-boot"
11,4,"petite","second",379251,418024,36985727,63014357,836048,126028714,924,39221,162984,9839324,78442,19678648,"1bill-boot"
11,5,"petite","second",380181,418293,37049233,62950888,836586,125901776,923,39399,163379,9843397,78798,19686794,"1bill-boot"
11,6,"petite","second",379458,418406,37004624,62995385,836812,125990770,904,39527,159994,9844572,79054,19689144,"1bill-boot"
11,7,"petite","second",379743,418247,37024894,62975173,836494,125950346,908,39361,160912,9843150,78722,19686300,"1bill-boot"
11,8,"petite","second",379228,417990,36993760,63006243,835980,126012486,888,39348,158040,9866110,78696,19732220,"1bill-boot"
11,9,"petite","second",380503,418020,37093039,62906965,836040,125813930,868,39599,154616,9866619,79198,19733238,"1bill-boot"
11,10,"petite","second",379821,417486,37078918,62921124,834972,125842248,913,39367,162170,9853402,78734,19706804,"1bill-boot"
11,11,"petite","second",378501,418518,36940488,63059659,837036,126119318,876,39240,155613,9846518,78480,19693036,"1bill-boot"
11,12,"petite","second",379285,418148,36973350,63026730,836296,126053460,854,39334,150587,9867540,78668,19735080,"1bill-boot"
11,13,"petite","second",379029,418869,36945828,63054223,837738,126108446,915,39368,163367,9849511,78736,19699022,"1bill-boot"
11,14,"petite","second",379610,418405,36999987,63000071,836810,126000142,903,39265,159694,9852946,78530,19705892,"1bill-boot"
11,15,"petite","second",379580,418699,36983369,63016675,837398,126033350,922,39378,164303,9842879,78756,19685758,"1bill-boot"
11,16,"petite","second",379310,418382,36990980,63009053,836764,126018106,859,39538,150549,9857679,79076,19715358,"1bill-boot"
11,17,"petite","second",378678,419307,36928795,63071397,838614,126142794,830,39594,145874,9876549,79188,19753098,"1bill-boot"
11,18,"petite","second",380065,417847,37040771,62959229,835694,125918458,913,39355,160026,9856311,78710,19712622,"1bill-boot"
11,19,"petite","second",379855,418506,36989162,63010967,837012,126021934,919,39328,162135,9843120,78656,19686240,"1bill-boot"
11,20,"petite","second",380696,417738,37093312,62906737,835476,125813474,913,39364,162348,9840837,78728,19681674,"1bill-boot"
11,21,"petite","second",379815,418516,36989929,63010205,837032,126020410,908,39395,161565,9838481,78790,19676962,"1bill-boot"
11,22,"petite","second",380260,418295,37031988,62968067,836590,125936134,897,39513,159492,9858117,79026,19716234,"1bill-boot"
11,23,"petite","second",378865,418542,36922068,63078038,837084,126156076,908,39331,160207,9856861,78662,19713722,"1bill-boot"
11,24,"petite","second",380513,417953,37076046,62923994,835906,125847988,862,39512,153601,9863584,79024,19727168,"1bill-boot"
11,25,"petite","second",379064,418783,36914447,63085556,837566,126171112,827,39491,147990,9853969,78982,19707938,"1bill-boot"
11,26,"petite","second",379121,418820,36942192,63057880,837640,126115760,887,39327,157525,9843658,78654,19687316,"1bill-boot"
11,27,"petite","second",380089,417741,37077685,62922359,835482,125844718,846,39421,148008,9855936,78842,19711872,"1bill-boot"
11,28,"petite","second",379166,419043,36944762,63055266,838086,126110532,887,39492,157337,9844237,78984,19688474,"1bill-boot"
11,29,"petite","second",379911,418063,37036951,62963195,836126,125926390,882,39318,157326,9847058,78636,19694116,"1bill-boot"
11,30,"petite","second",379754,418405,37002349,62997729,836810,125995458,882,39454,156481,9844064,78908,19688128,"1bill-boot"
