"sim_number","transfer","strain1","strain2","clusters_pop1_b","clusters_pop2_b","cells_pop1_b","cells_pop2_b","total_clusters_b","total_cells_b","clusters_pop1_a","clusters_pop2_a","cells_pop1_a","cells_pop2_a","total_clusters_a","total_cells_a","experiment"
37,1,"petite","second-15min",3823,2313,511225,510786,6136,1022011,282,242,41304,58901,524,100205,"Equal Growth Rates"
37,2,"petite","second-15min",3122,2676,420836,578937,5798,999773,217,306,31455,68640,523,100095,"Equal Growth Rates"
37,3,"petite","second-15min",2468,3170,334534,686796,5638,1021330,166,322,24642,75368,488,100010,"Equal Growth Rates"
37,4,"petite","second-15min",1927,3492,259841,762257,5419,1022098,140,354,19716,80827,494,100543,"Equal Growth Rates"
37,5,"petite","second-15min",1483,3685,202264,792025,5168,994289,110,368,16579,83539,478,100118,"Equal Growth Rates"
37,6,"petite","second-15min",1312,3859,181100,836156,5171,1017256,99,372,14666,85471,471,100137,"Equal Growth Rates"
37,7,"petite","second-15min",1131,4007,150838,871801,5138,1022639,81,382,12226,88012,463,100238,"Equal Growth Rates"
37,8,"petite","second-15min",975,4075,133830,882131,5050,1015961,66,395,9298,90845,461,100143,"Equal Growth Rates"
37,9,"petite","second-15min",731,4224,100158,920150,4955,1020308,44,414,7513,92696,458,100209,"Equal Growth Rates"
37,10,"petite","second-15min",603,4299,79937,937297,4902,1017234,35,409,5442,94667,444,100109,"Equal Growth Rates"
37,11,"petite","second-15min",424,4394,59622,944062,4818,1003684,19,424,2591,97417,443,100008,"Equal Growth Rates"
37,12,"petite","second-15min",203,4512,27961,983944,4715,1011905,14,407,2309,97756,421,100065,"Equal Growth Rates"
37,13,"petite","second-15min",182,4518,25165,981602,4700,1006767,13,418,2045,98037,431,100082,"Equal Growth Rates"
37,14,"petite","second-15min",171,4535,22048,990344,4706,1012392,12,425,1331,98697,437,100028,"Equal Growth Rates"
37,15,"petite","second-15min",101,4597,14043,996274,4698,1010317,7,422,1227,98930,429,100157,"Equal Growth Rates"
37,16,"petite","second-15min",96,4600,12784,1002831,4696,1015615,8,431,1084,98988,439,100072,"Equal Growth Rates"
37,17,"petite","second-15min",84,4602,11406,1003990,4686,1015396,3,426,351,99784,429,100135,"Equal Growth Rates"
37,18,"petite","second-15min",31,4625,3832,999197,4656,1003029,3,443,292,99834,446,100126,"Equal Growth Rates"
30,1,"petite","second-15min",3859,2265,514115,492912,6124,1007027,314,235,45365,54829,549,100194,"Equal Growth Rates"
30,2,"petite","second-15min",3402,2534,464372,535781,5936,1000153,275,267,40525,59769,542,100294,"Equal Growth Rates"
30,3,"petite","second-15min",3043,2737,412880,586418,5780,999298,249,285,36566,63654,534,100220,"Equal Growth Rates"
30,4,"petite","second-15min",2812,2856,377655,624472,5668,1002127,234,289,33276,66758,523,100034,"Equal Growth Rates"
30,5,"petite","second-15min",2595,3098,352455,675110,5693,1027565,166,320,24982,75080,486,100062,"Equal Growth Rates"
30,6,"petite","second-15min",1924,3516,263637,753711,5440,1017348,137,350,19479,80780,487,100259,"Equal Growth Rates"
30,7,"petite","second-15min",1478,3778,204419,819360,5256,1023779,116,366,17182,82927,482,100109,"Equal Growth Rates"
30,8,"petite","second-15min",1350,3844,183616,835060,5194,1018676,101,370,15274,84855,471,100129,"Equal Growth Rates"
30,9,"petite","second-15min",1141,3992,152757,866958,5133,1019715,82,380,11772,88487,462,100259,"Equal Growth Rates"
30,10,"petite","second-15min",951,4064,126110,880161,5015,1006271,62,396,8731,91541,458,100272,"Equal Growth Rates"
30,11,"petite","second-15min",652,4286,87557,920210,4938,1007767,55,403,8499,91714,458,100213,"Equal Growth Rates"
30,12,"petite","second-15min",616,4295,83044,930897,4911,1013941,38,407,5342,94715,445,100057,"Equal Growth Rates"
30,13,"petite","second-15min",409,4415,55701,949768,4824,1005469,23,408,3318,96836,431,100154,"Equal Growth Rates"
30,14,"petite","second-15min",265,4504,33763,977165,4769,1010928,19,439,2715,97379,458,100094,"Equal Growth Rates"
30,15,"petite","second-15min",207,4542,28808,988277,4749,1017085,16,419,2617,97727,435,100344,"Equal Growth Rates"
30,16,"petite","second-15min",219,4532,28389,980732,4751,1009121,14,418,1462,98721,432,100183,"Equal Growth Rates"
30,17,"petite","second-15min",123,4578,16309,982549,4701,998858,8,430,1532,98645,438,100177,"Equal Growth Rates"
30,18,"petite","second-15min",125,4583,16570,994033,4708,1010603,10,432,1453,98705,442,100158,"Equal Growth Rates"
30,19,"petite","second-15min",108,4595,14526,997393,4703,1011919,3,429,542,99561,432,100103,"Equal Growth Rates"
30,20,"petite","second-15min",41,4629,5347,1007075,4670,1012422,4,429,440,99647,433,100087,"Equal Growth Rates"
30,21,"petite","second-15min",41,4620,5264,1007783,4661,1013047,1,433,93,100265,434,100358,"Equal Growth Rates"
30,22,"petite","second-15min",9,4657,999,1007003,4666,1008002,1,442,142,100182,443,100324,"Equal Growth Rates"
30,23,"petite","second-15min",10,4650,1327,1006147,4660,1007474,1,445,110,100378,446,100488,"Equal Growth Rates"
39,1,"petite","second-15min",3861,2275,512393,495895,6136,1008288,318,236,45395,54820,554,100215,"Equal Growth Rates"
39,2,"petite","second-15min",3482,2454,468733,526676,5936,995409,280,260,40842,59347,540,100189,"Equal Growth Rates"
39,3,"petite","second-15min",3050,2731,418677,594857,5781,1013534,246,285,36022,64226,531,100248,"Equal Growth Rates"
39,4,"petite","second-15min",2693,2942,361779,645158,5635,1006937,227,296,33052,67059,523,100111,"Equal Growth Rates"
39,5,"petite","second-15min",2516,3036,345298,651487,5552,996785,208,305,29401,70929,513,100330,"Equal Growth Rates"
39,6,"petite","second-15min",2213,3217,303760,699629,5430,1003389,169,326,25266,75025,495,100291,"Equal Growth Rates"
39,7,"petite","second-15min",1859,3589,252947,784609,5448,1037556,143,343,20896,79145,486,100041,"Equal Growth Rates"
39,8,"petite","second-15min",1589,3717,209676,802771,5306,1012447,124,352,17367,82733,476,100100,"Equal Growth Rates"
39,9,"petite","second-15min",1356,3845,186649,831486,5201,1018135,83,368,13348,87012,451,100360,"Equal Growth Rates"
39,10,"petite","second-15min",1015,4059,138753,880288,5074,1019041,80,384,11681,88320,464,100001,"Equal Growth Rates"
39,11,"petite","second-15min",876,4137,118894,897207,5013,1016101,64,401,9088,91030,465,100118,"Equal Growth Rates"
39,12,"petite","second-15min",749,4183,98807,908408,4932,1007215,61,379,8386,91866,440,100252,"Equal Growth Rates"
39,13,"petite","second-15min",662,4257,89946,908355,4919,998301,50,400,7466,92620,450,100086,"Equal Growth Rates"
39,14,"petite","second-15min",581,4297,78328,930936,4878,1009264,41,415,5983,94027,456,100010,"Equal Growth Rates"
39,15,"petite","second-15min",433,4384,56659,952348,4817,1009007,33,406,5189,94978,439,100167,"Equal Growth Rates"
39,16,"petite","second-15min",426,4379,58096,948647,4805,1006743,36,412,5411,94689,448,100100,"Equal Growth Rates"
39,17,"petite","second-15min",446,4367,61372,951407,4813,1012779,31,413,3923,96451,444,100374,"Equal Growth Rates"
39,18,"petite","second-15min",305,4486,40058,968246,4791,1008304,23,421,3264,96759,444,100023,"Equal Growth Rates"
39,19,"petite","second-15min",261,4474,36261,973617,4735,1009878,18,421,2880,97399,439,100279,"Equal Growth Rates"
39,20,"petite","second-15min",219,4521,30726,983698,4740,1014424,10,435,1337,98776,445,100113,"Equal Growth Rates"
39,21,"petite","second-15min",87,4600,11167,999833,4687,1011000,5,444,795,99452,449,100247,"Equal Growth Rates"
39,22,"petite","second-15min",49,4633,7322,1003354,4682,1010676,2,447,386,99661,449,100047,"Equal Growth Rates"
39,23,"petite","second-15min",31,4627,3626,998494,4658,1002120,1,432,206,99860,433,100066,"Equal Growth Rates"
39,24,"petite","second-15min",10,4658,1418,1007546,4668,1008964,2,434,452,99588,436,100040,"Equal Growth Rates"
39,25,"petite","second-15min",38,4612,5211,1005214,4650,1010425,2,430,230,99970,432,100200,"Equal Growth Rates"
39,26,"petite","second-15min",13,4650,1886,1014456,4663,1016342,4,429,780,99619,433,100399,"Equal Growth Rates"
39,27,"petite","second-15min",61,4618,7872,1005531,4679,1013403,7,422,932,99148,429,100080,"Equal Growth Rates"
39,28,"petite","second-15min",78,4598,10069,1002646,4676,1012715,5,420,575,99578,425,100153,"Equal Growth Rates"
39,29,"petite","second-15min",42,4636,5485,1004804,4678,1010289,6,434,754,99353,440,100107,"Equal Growth Rates"
39,30,"petite","second-15min",70,4622,9928,1003509,4692,1013437,6,419,903,99170,425,100073,"Equal Growth Rates"
39,31,"petite","second-15min",67,4617,8952,994222,4684,1003174,3,431,539,99600,434,100139,"Equal Growth Rates"
39,32,"petite","second-15min",31,4624,4192,1007639,4655,1011831,4,440,599,99740,444,100339,"Equal Growth Rates"
39,33,"petite","second-15min",43,4648,5671,1012168,4691,1017839,2,432,296,99883,434,100179,"Equal Growth Rates"
39,34,"petite","second-15min",25,4638,3411,1001006,4663,1004417,2,443,112,99919,445,100031,"Equal Growth Rates"
39,35,"petite","second-15min",7,4634,868,1007942,4641,1008810,1,439,245,99904,440,100149,"Equal Growth Rates"
4,1,"petite","second-15min",3839,2273,514324,492568,6112,1006892,313,238,44615,55477,551,100092,"Equal Growth Rates"
4,2,"petite","second-15min",3321,2591,447880,564363,5912,1012243,257,278,37170,62928,535,100098,"Equal Growth Rates"
4,3,"petite","second-15min",2875,2800,390619,608838,5675,999457,203,296,29818,70343,499,100161,"Equal Growth Rates"
4,4,"petite","second-15min",2258,3194,303861,687660,5452,991521,157,336,23003,77033,493,100036,"Equal Growth Rates"
4,5,"petite","second-15min",1762,3622,238457,782675,5384,1021132,116,358,17046,82988,474,100034,"Equal Growth Rates"
4,6,"petite","second-15min",1355,3829,183061,821839,5184,1004900,96,374,14446,85846,470,100292,"Equal Growth Rates"
4,7,"petite","second-15min",1137,3981,155665,864406,5118,1020071,81,390,11534,88523,471,100057,"Equal Growth Rates"
4,8,"petite","second-15min",909,4088,122369,880201,4997,1002570,75,395,10262,90187,470,100449,"Equal Growth Rates"
4,9,"petite","second-15min",812,4171,108077,903907,4983,1011984,57,392,7771,92453,449,100224,"Equal Growth Rates"
4,10,"petite","second-15min",588,4315,78690,944226,4903,1022916,37,412,5121,95258,449,100379,"Equal Growth Rates"
4,11,"petite","second-15min",414,4406,55617,953835,4820,1009452,36,409,4853,95288,445,100141,"Equal Growth Rates"
4,12,"petite","second-15min",358,4450,48639,956951,4808,1005590,32,433,4779,95231,465,100010,"Equal Growth Rates"
4,13,"petite","second-15min",371,4430,51218,953494,4801,1004712,24,423,3295,96855,447,100150,"Equal Growth Rates"
4,14,"petite","second-15min",268,4493,35648,975044,4761,1010692,14,421,2165,97893,435,100058,"Equal Growth Rates"
4,15,"petite","second-15min",155,4550,22319,987073,4705,1009392,13,427,2090,98060,440,100150,"Equal Growth Rates"
4,16,"petite","second-15min",155,4569,20916,989758,4724,1010674,8,436,1598,98561,444,100159,"Equal Growth Rates"
4,17,"petite","second-15min",98,4613,13140,1003177,4711,1016317,4,429,546,99524,433,100070,"Equal Growth Rates"
4,18,"petite","second-15min",42,4613,5228,1009043,4655,1014271,6,427,626,99385,433,100011,"Equal Growth Rates"
4,19,"petite","second-15min",40,4620,5584,1005852,4660,1011436,5,431,701,99423,436,100124,"Equal Growth Rates"
4,20,"petite","second-15min",58,4616,7615,991167,4674,998782,2,437,204,99882,439,100086,"Equal Growth Rates"
4,21,"petite","second-15min",18,4624,2622,1005492,4642,1008114,2,447,224,99844,449,100068,"Equal Growth Rates"
4,22,"petite","second-15min",16,4641,2358,1011948,4657,1014306,2,429,249,100092,431,100341,"Equal Growth Rates"
3,1,"petite","second-15min",3859,2278,514101,492204,6137,1006305,312,247,44311,55760,559,100071,"Equal Growth Rates"
3,2,"petite","second-15min",3351,2526,452440,551750,5877,1004190,286,266,41363,58796,552,100159,"Equal Growth Rates"
3,3,"petite","second-15min",3128,2692,423156,578351,5820,1001507,232,275,34946,65055,507,100001,"Equal Growth Rates"
3,4,"petite","second-15min",2602,2977,355064,644890,5579,999954,205,313,28306,71803,518,100109,"Equal Growth Rates"
3,5,"petite","second-15min",2180,3353,298777,729790,5533,1028567,164,334,24031,76077,498,100108,"Equal Growth Rates"
3,6,"petite","second-15min",1872,3546,255341,770831,5418,1026172,124,353,17800,82353,477,100153,"Equal Growth Rates"
3,7,"petite","second-15min",1376,3834,184926,847432,5210,1032358,95,370,13386,86672,465,100058,"Equal Growth Rates"
3,8,"petite","second-15min",1000,4058,136221,881125,5058,1017346,67,390,10783,89549,457,100332,"Equal Growth Rates"
3,9,"petite","second-15min",820,4162,110724,902309,4982,1013033,65,395,10228,89816,460,100044,"Equal Growth Rates"
3,10,"petite","second-15min",805,4177,108094,901235,4982,1009329,62,383,9228,90789,445,100017,"Equal Growth Rates"
3,11,"petite","second-15min",708,4223,95436,908954,4931,1004390,46,392,6048,94060,438,100108,"Equal Growth Rates"
3,12,"petite","second-15min",450,4398,62685,955137,4848,1017822,40,412,5697,94393,452,100090,"Equal Growth Rates"
3,13,"petite","second-15min",420,4412,55819,955266,4832,1011085,20,413,2516,97553,433,100069,"Equal Growth Rates"
3,14,"petite","second-15min",206,4533,27070,978134,4739,1005204,13,423,1426,98669,436,100095,"Equal Growth Rates"
3,15,"petite","second-15min",111,4589,14756,987410,4700,1002166,7,429,889,99179,436,100068,"Equal Growth Rates"
3,16,"petite","second-15min",66,4620,8939,1002431,4686,1011370,2,435,279,99983,437,100262,"Equal Growth Rates"
3,17,"petite","second-15min",27,4624,3792,1006602,4651,1010394,3,441,446,99688,444,100134,"Equal Growth Rates"
3,18,"petite","second-15min",32,4640,4669,1001749,4672,1006418,3,436,511,99602,439,100113,"Equal Growth Rates"
3,19,"petite","second-15min",31,4630,3992,1006033,4661,1010025,1,429,122,99905,430,100027,"Equal Growth Rates"
2,1,"petite","second-15min",3887,2251,521898,483641,6138,1005539,317,238,46686,53416,555,100102,"Equal Growth Rates"
2,2,"petite","second-15min",3473,2480,475305,536144,5953,1011449,265,279,39889,60375,544,100264,"Equal Growth Rates"
2,3,"petite","second-15min",3059,2714,417597,586280,5773,1003877,254,271,37659,62445,525,100104,"Equal Growth Rates"
2,4,"petite","second-15min",2877,2803,389612,611237,5680,1000849,230,287,34993,65008,517,100001,"Equal Growth Rates"
2,5,"petite","second-15min",2612,2991,352776,645091,5603,997867,214,314,30805,69347,528,100152,"Equal Growth Rates"
2,6,"petite","second-15min",2319,3174,306614,691818,5493,998432,169,327,23635,76392,496,100027,"Equal Growth Rates"
2,7,"petite","second-15min",1809,3585,243464,771401,5394,1014865,121,350,17962,82075,471,100037,"Equal Growth Rates"
2,8,"petite","second-15min",1396,3831,189706,824839,5227,1014545,103,376,15463,84771,479,100234,"Equal Growth Rates"
2,9,"petite","second-15min",1229,3915,166159,854255,5144,1020414,88,363,13411,86795,451,100206,"Equal Growth Rates"
2,10,"petite","second-15min",1074,3997,146347,867464,5071,1013811,85,370,12317,87848,455,100165,"Equal Growth Rates"
2,11,"petite","second-15min",975,4073,129617,884583,5048,1014200,70,387,9928,90315,457,100243,"Equal Growth Rates"
2,12,"petite","second-15min",772,4208,102846,901605,4980,1004451,41,408,5308,94860,449,100168,"Equal Growth Rates"
2,13,"petite","second-15min",426,4399,60319,942829,4825,1003148,32,415,4444,95738,447,100182,"Equal Growth Rates"
2,14,"petite","second-15min",319,4475,43118,964513,4794,1007631,26,407,4009,95999,433,100008,"Equal Growth Rates"
2,15,"petite","second-15min",330,4440,44278,960384,4770,1004662,27,422,3983,96121,449,100104,"Equal Growth Rates"
2,16,"petite","second-15min",302,4481,39743,975779,4783,1015522,22,416,2965,97233,438,100198,"Equal Growth Rates"
2,17,"petite","second-15min",209,4548,27910,985660,4757,1013570,13,429,1939,98176,442,100115,"Equal Growth Rates"
2,18,"petite","second-15min",150,4547,20206,994508,4697,1014714,12,434,1542,98712,446,100254,"Equal Growth Rates"
2,19,"petite","second-15min",116,4601,15655,1002758,4717,1018413,9,431,1143,99116,440,100259,"Equal Growth Rates"
2,20,"petite","second-15min",86,4593,12330,998815,4679,1011145,7,427,881,99135,434,100016,"Equal Growth Rates"
2,21,"petite","second-15min",67,4607,9418,1000844,4674,1010262,3,437,388,99864,440,100252,"Equal Growth Rates"
2,22,"petite","second-15min",34,4623,4317,1001539,4657,1005856,2,434,334,99792,436,100126,"Equal Growth Rates"
2,23,"petite","second-15min",23,4638,2783,1006979,4661,1009762,2,437,230,99827,439,100057,"Equal Growth Rates"
2,24,"petite","second-15min",19,4643,2696,1000814,4662,1003510,2,424,221,99986,426,100207,"Equal Growth Rates"
38,1,"petite","second-15min",3810,2327,506389,510666,6137,1017055,279,263,39300,60767,542,100067,"Equal Growth Rates"
38,2,"petite","second-15min",3020,2720,409349,582574,5740,991923,209,291,31264,68756,500,100020,"Equal Growth Rates"
38,3,"petite","second-15min",2408,3223,325473,700750,5631,1026223,190,324,27366,72655,514,100021,"Equal Growth Rates"
38,4,"petite","second-15min",2166,3317,292435,730924,5483,1023359,173,337,23606,76734,510,100340,"Equal Growth Rates"
38,5,"petite","second-15min",1855,3539,251488,767905,5394,1019393,138,344,19399,80634,482,100033,"Equal Growth Rates"
38,6,"petite","second-15min",1535,3731,210210,807446,5266,1017656,107,359,15758,84611,466,100369,"Equal Growth Rates"
38,7,"petite","second-15min",1237,3930,168642,845953,5167,1014595,78,384,11476,88619,462,100095,"Equal Growth Rates"
38,8,"petite","second-15min",886,4144,120399,890940,5030,1011339,64,404,9324,90731,468,100055,"Equal Growth Rates"
38,9,"petite","second-15min",707,4245,95137,915031,4952,1010168,48,409,7094,93294,457,100388,"Equal Growth Rates"
38,10,"petite","second-15min",609,4283,83225,925859,4892,1009084,45,415,6537,93542,460,100079,"Equal Growth Rates"
38,11,"petite","second-15min",476,4387,62759,950494,4863,1013253,32,405,4820,95204,437,100024,"Equal Growth Rates"
38,12,"petite","second-15min",384,4418,51525,961066,4802,1012591,25,419,3756,96451,444,100207,"Equal Growth Rates"
38,13,"petite","second-15min",299,4483,39421,974661,4782,1014082,15,437,2374,97781,452,100155,"Equal Growth Rates"
38,14,"petite","second-15min",192,4550,25963,981920,4742,1007883,11,422,1854,98321,433,100175,"Equal Growth Rates"
38,15,"petite","second-15min",138,4572,17757,992515,4710,1010272,11,430,1407,98662,441,100069,"Equal Growth Rates"
38,16,"petite","second-15min",112,4575,15606,993581,4687,1009187,8,432,1270,99157,440,100427,"Equal Growth Rates"
38,17,"petite","second-15min",101,4607,14082,988081,4708,1002163,12,416,2033,98046,428,100079,"Equal Growth Rates"
38,18,"petite","second-15min",152,4567,20496,990738,4719,1011234,14,412,2142,97890,426,100032,"Equal Growth Rates"
38,19,"petite","second-15min",184,4539,24825,983166,4723,1007991,8,434,898,99105,442,100003,"Equal Growth Rates"
38,20,"petite","second-15min",74,4599,10136,995543,4673,1005679,2,426,291,99755,428,100046,"Equal Growth Rates"
38,21,"petite","second-15min",22,4644,3271,1002546,4666,1005817,3,435,351,99792,438,100143,"Equal Growth Rates"
38,22,"petite","second-15min",21,4633,2688,1004205,4654,1006893,1,424,85,100218,425,100303,"Equal Growth Rates"
5,1,"petite","second-15min",3863,2268,512295,492245,6131,1004540,288,262,41150,58969,550,100119,"Equal Growth Rates"
5,2,"petite","second-15min",3117,2681,418544,584057,5798,1002601,239,295,34191,65866,534,100057,"Equal Growth Rates"
5,3,"petite","second-15min",2553,3031,342077,660329,5584,1002406,186,324,25225,75044,510,100269,"Equal Growth Rates"
5,4,"petite","second-15min",1937,3505,261330,760495,5442,1021825,139,352,20798,79280,491,100078,"Equal Growth Rates"
5,5,"petite","second-15min",1587,3718,214494,809931,5305,1024425,114,366,15079,84949,480,100028,"Equal Growth Rates"
5,6,"petite","second-15min",1168,3938,155496,860307,5106,1015803,83,384,11262,88893,467,100155,"Equal Growth Rates"
5,7,"petite","second-15min",864,4143,116513,897227,5007,1013740,63,406,9040,91085,469,100125,"Equal Growth Rates"
5,8,"petite","second-15min",732,4210,100675,911232,4942,1011907,57,386,8509,91543,443,100052,"Equal Growth Rates"
5,9,"petite","second-15min",650,4264,88351,925144,4914,1013495,45,407,6684,93364,452,100048,"Equal Growth Rates"
5,10,"petite","second-15min",531,4335,71839,938984,4866,1010823,44,398,6254,93832,442,100086,"Equal Growth Rates"
5,11,"petite","second-15min",472,4373,63770,940318,4845,1004088,29,427,4362,95984,456,100346,"Equal Growth Rates"
5,12,"petite","second-15min",375,4448,50017,955815,4823,1005832,25,421,3456,97136,446,100592,"Equal Growth Rates"
5,13,"petite","second-15min",262,4532,36164,986237,4794,1022401,27,412,3703,96378,439,100081,"Equal Growth Rates"
5,14,"petite","second-15min",269,4500,34821,976959,4769,1011780,23,427,3125,96993,450,100118,"Equal Growth Rates"
5,15,"petite","second-15min",253,4514,34097,982266,4767,1016363,9,420,1498,98653,429,100151,"Equal Growth Rates"
5,16,"petite","second-15min",99,4594,13193,998804,4693,1011997,5,431,834,99269,436,100103,"Equal Growth Rates"
5,17,"petite","second-15min",68,4618,9191,997019,4686,1006210,5,448,669,99428,453,100097,"Equal Growth Rates"
5,18,"petite","second-15min",62,4598,8536,1004589,4660,1013125,5,436,794,99368,441,100162,"Equal Growth Rates"
5,19,"petite","second-15min",61,4610,7781,1004456,4671,1012237,8,442,941,99375,450,100316,"Equal Growth Rates"
5,20,"petite","second-15min",78,4618,11367,1000720,4696,1012087,6,424,726,99366,430,100092,"Equal Growth Rates"
5,21,"petite","second-15min",52,4611,6880,1003205,4663,1010085,2,430,345,99753,432,100098,"Equal Growth Rates"
5,22,"petite","second-15min",21,4640,3364,1003520,4661,1006884,5,451,972,99049,456,100021,"Equal Growth Rates"
5,23,"petite","second-15min",76,4584,10219,995037,4660,1005256,12,433,1753,98421,445,100174,"Equal Growth Rates"
5,24,"petite","second-15min",127,4596,17665,985476,4723,1003141,11,428,1578,98510,439,100088,"Equal Growth Rates"
5,25,"petite","second-15min",125,4578,17314,990346,4703,1007660,10,417,1206,98848,427,100054,"Equal Growth Rates"
5,26,"petite","second-15min",109,4586,15428,990839,4695,1006267,5,436,652,99510,441,100162,"Equal Growth Rates"
5,27,"petite","second-15min",59,4605,8020,999682,4664,1007702,3,429,527,99680,432,100207,"Equal Growth Rates"
5,28,"petite","second-15min",44,4641,5692,1004380,4685,1010072,2,437,337,99681,439,100018,"Equal Growth Rates"
5,29,"petite","second-15min",16,4645,2064,1003635,4661,1005699,1,434,103,99958,435,100061,"Equal Growth Rates"
31,1,"petite","second-15min",3844,2285,511251,501790,6129,1013041,275,243,41546,58566,518,100112,"Equal Growth Rates"
31,2,"petite","second-15min",3157,2632,425742,577914,5789,1003656,241,280,34668,65748,521,100416,"Equal Growth Rates"
31,3,"petite","second-15min",2656,2950,359536,639028,5606,998564,215,290,31394,68692,505,100086,"Equal Growth Rates"
31,4,"petite","second-15min",2503,3127,342022,674630,5630,1016652,158,334,22956,77130,492,100086,"Equal Growth Rates"
31,5,"petite","second-15min",1756,3601,237113,783084,5357,1020197,136,344,20001,80031,480,100032,"Equal Growth Rates"
31,6,"petite","second-15min",1586,3696,216979,794589,5282,1011568,127,348,18078,81973,475,100051,"Equal Growth Rates"
31,7,"petite","second-15min",1411,3806,190723,830951,5217,1021674,97,368,14671,85613,465,100284,"Equal Growth Rates"
31,8,"petite","second-15min",1181,3931,158993,860339,5112,1019332,80,374,11668,88481,454,100149,"Equal Growth Rates"
31,9,"petite","second-15min",921,4103,123381,879902,5024,1003283,69,388,9330,90751,457,100081,"Equal Growth Rates"
31,10,"petite","second-15min",718,4243,96101,921320,4961,1017421,62,392,8272,91785,454,100057,"Equal Growth Rates"
31,11,"petite","second-15min",656,4252,90380,926481,4908,1016861,45,409,7452,92587,454,100039,"Equal Growth Rates"
31,12,"petite","second-15min",557,4321,74508,949259,4878,1023767,43,392,6144,93873,435,100017,"Equal Growth Rates"
31,13,"petite","second-15min",467,4366,62674,951352,4833,1014026,25,412,3513,96596,437,100109,"Equal Growth Rates"
31,14,"petite","second-15min",271,4490,36738,969759,4761,1006497,12,421,1363,98732,433,100095,"Equal Growth Rates"
31,15,"petite","second-15min",109,4574,13971,996418,4683,1010389,5,437,679,99336,442,100015,"Equal Growth Rates"
31,16,"petite","second-15min",51,4614,6689,994968,4665,1001657,6,442,766,99557,448,100323,"Equal Growth Rates"
31,17,"petite","second-15min",57,4638,8028,1004507,4695,1012535,5,431,712,99299,436,100011,"Equal Growth Rates"
31,18,"petite","second-15min",56,4624,8194,1007839,4680,1016033,8,436,1323,98781,444,100104,"Equal Growth Rates"
31,19,"petite","second-15min",107,4578,13695,988724,4685,1002419,9,438,1257,99042,447,100299,"Equal Growth Rates"
31,20,"petite","second-15min",96,4580,12794,1000170,4676,1012964,6,428,829,99263,434,100092,"Equal Growth Rates"
31,21,"petite","second-15min",61,4614,7641,1001854,4675,1009495,5,427,662,99364,432,100026,"Equal Growth Rates"
31,22,"petite","second-15min",46,4613,6142,1003286,4659,1009428,6,438,987,99263,444,100250,"Equal Growth Rates"
31,23,"petite","second-15min",73,4613,9403,997720,4686,1007123,4,426,655,99487,430,100142,"Equal Growth Rates"
31,24,"petite","second-15min",53,4621,7292,1003529,4674,1010821,2,428,289,99740,430,100029,"Equal Growth Rates"
31,25,"petite","second-15min",27,4632,3633,1001917,4659,1005550,1,441,200,99966,442,100166,"Equal Growth Rates"
31,26,"petite","second-15min",19,4632,2793,1008869,4651,1011662,2,410,262,99868,412,100130,"Equal Growth Rates"
36,1,"petite","second-15min",3830,2288,511253,499899,6118,1011152,308,254,43958,56050,562,100008,"Equal Growth Rates"
36,2,"petite","second-15min",3419,2468,462650,536156,5887,998806,295,259,40744,59582,554,100326,"Equal Growth Rates"
36,3,"petite","second-15min",3091,2719,418074,590333,5810,1008407,246,292,35665,64640,538,100305,"Equal Growth Rates"
36,4,"petite","second-15min",2703,2939,361992,645511,5642,1007503,187,302,27098,72970,489,100068,"Equal Growth Rates"
36,5,"petite","second-15min",2111,3393,282822,737813,5504,1020635,158,328,22271,77776,486,100047,"Equal Growth Rates"
36,6,"petite","second-15min",1733,3623,235129,787868,5356,1022997,119,351,17154,82867,470,100021,"Equal Growth Rates"
36,7,"petite","second-15min",1343,3833,182583,835693,5176,1018276,87,371,12293,87935,458,100228,"Equal Growth Rates"
36,8,"petite","second-15min",955,4090,129169,887232,5045,1016401,76,388,10865,89300,464,100165,"Equal Growth Rates"
36,9,"petite","second-15min",840,4148,112234,899863,4988,1012097,44,403,6651,93512,447,100163,"Equal Growth Rates"
36,10,"petite","second-15min",511,4345,69774,938753,4856,1008527,29,413,4080,96100,442,100180,"Equal Growth Rates"
36,11,"petite","second-15min",318,4463,43432,960833,4781,1004265,29,412,4134,95995,441,100129,"Equal Growth Rates"
36,12,"petite","second-15min",300,4481,40737,976812,4781,1017549,20,404,3472,96550,424,100022,"Equal Growth Rates"
36,13,"petite","second-15min",270,4463,38309,977258,4733,1015567,16,418,2413,97681,434,100094,"Equal Growth Rates"
36,14,"petite","second-15min",191,4538,26000,986353,4729,1012353,11,418,1642,98363,429,100005,"Equal Growth Rates"
36,15,"petite","second-15min",119,4595,15377,994298,4714,1009675,7,422,933,99323,429,100256,"Equal Growth Rates"
36,16,"petite","second-15min",63,4611,8729,1011505,4674,1020234,1,430,94,99986,431,100080,"Equal Growth Rates"
36,17,"petite","second-15min",5,4639,775,1016757,4644,1017532,2,417,341,99660,419,100001,"Equal Growth Rates"
36,18,"petite","second-15min",27,4635,3615,1001764,4662,1005379,3,445,482,99549,448,100031,"Equal Growth Rates"
36,19,"petite","second-15min",40,4622,4762,999270,4662,1004032,1,431,145,100191,432,100336,"Equal Growth Rates"
14,1,"petite","second-15min",3863,2256,516295,486154,6119,1002449,319,243,43890,56276,562,100166,"Equal Growth Rates"
14,2,"petite","second-15min",3294,2574,451837,556663,5868,1008500,251,289,36408,63656,540,100064,"Equal Growth Rates"
14,3,"petite","second-15min",2766,2876,373546,619393,5642,992939,193,324,27096,73042,517,100138,"Equal Growth Rates"
14,4,"petite","second-15min",2087,3279,280617,715077,5366,995694,148,330,21110,78958,478,100068,"Equal Growth Rates"
14,5,"petite","second-15min",1685,3634,226502,780729,5319,1007231,105,373,14806,85395,478,100201,"Equal Growth Rates"
14,6,"petite","second-15min",1185,3949,159825,845128,5134,1004953,82,365,12898,87199,447,100097,"Equal Growth Rates"
14,7,"petite","second-15min",1041,4023,142120,876062,5064,1018182,71,383,10655,89384,454,100039,"Equal Growth Rates"
14,8,"petite","second-15min",829,4143,113120,898343,4972,1011463,70,389,10111,89959,459,100070,"Equal Growth Rates"
14,9,"petite","second-15min",778,4199,108042,901288,4977,1009330,54,400,8293,91737,454,100030,"Equal Growth Rates"
14,10,"petite","second-15min",647,4260,89340,925241,4907,1014581,34,409,4929,95108,443,100037,"Equal Growth Rates"
14,11,"petite","second-15min",385,4425,50296,962832,4810,1013128,25,408,3651,97067,433,100718,"Equal Growth Rates"
14,12,"petite","second-15min",289,4499,37502,983018,4788,1020520,25,415,3478,96660,440,100138,"Equal Growth Rates"
14,13,"petite","second-15min",243,4514,32542,978227,4757,1010769,17,422,2465,97880,439,100345,"Equal Growth Rates"
14,14,"petite","second-15min",170,4572,23222,1002384,4742,1025606,9,425,1518,98533,434,100051,"Equal Growth Rates"
14,15,"petite","second-15min",117,4566,16157,1002362,4683,1018519,3,422,421,99709,425,100130,"Equal Growth Rates"
14,16,"petite","second-15min",36,4658,5297,1007598,4694,1012895,4,428,480,99542,432,100022,"Equal Growth Rates"
14,17,"petite","second-15min",44,4635,5680,998334,4679,1004014,4,439,770,99249,443,100019,"Equal Growth Rates"
14,18,"petite","second-15min",62,4626,7886,1000797,4688,1008683,6,425,853,99407,431,100260,"Equal Growth Rates"
14,19,"petite","second-15min",67,4602,8580,1003767,4669,1012347,6,432,1048,99005,438,100053,"Equal Growth Rates"
14,20,"petite","second-15min",81,4591,10234,996055,4672,1006289,2,434,139,99992,436,100131,"Equal Growth Rates"
13,1,"petite","second-15min",3881,2253,517449,494518,6134,1011967,299,250,42179,57916,549,100095,"Equal Growth Rates"
13,2,"petite","second-15min",3234,2598,434224,560090,5832,994314,283,273,41202,58967,556,100169,"Equal Growth Rates"
13,3,"petite","second-15min",3130,2656,420990,583102,5786,1004092,241,280,34488,65581,521,100069,"Equal Growth Rates"
13,4,"petite","second-15min",2562,3020,352499,651788,5582,1004287,211,310,29739,70338,521,100077,"Equal Growth Rates"
13,5,"petite","second-15min",2321,3118,316309,672197,5439,988506,164,348,22841,77195,512,100036,"Equal Growth Rates"
13,6,"petite","second-15min",1749,3623,238513,780498,5372,1019011,131,348,18934,81120,479,100054,"Equal Growth Rates"
13,7,"petite","second-15min",1483,3766,200266,816059,5249,1016325,117,370,16537,83629,487,100166,"Equal Growth Rates"
13,8,"petite","second-15min",1332,3837,181612,833554,5169,1015166,96,366,13916,86248,462,100164,"Equal Growth Rates"
13,9,"petite","second-15min",1135,3968,151834,864431,5103,1016265,72,390,9989,90047,462,100036,"Equal Growth Rates"
13,10,"petite","second-15min",769,4180,107257,903935,4949,1011192,47,405,7565,92741,452,100306,"Equal Growth Rates"
13,11,"petite","second-15min",570,4350,75529,944979,4920,1020508,43,401,6724,93277,444,100001,"Equal Growth Rates"
13,12,"petite","second-15min",530,4319,73074,933977,4849,1007051,32,408,4987,95171,440,100158,"Equal Growth Rates"
13,13,"petite","second-15min",399,4408,53432,959943,4807,1013375,21,425,2592,97468,446,100060,"Equal Growth Rates"
13,14,"petite","second-15min",193,4532,27026,984371,4725,1011397,13,430,1960,98119,443,100079,"Equal Growth Rates"
13,15,"petite","second-15min",156,4559,20953,986232,4715,1007185,15,431,2268,97819,446,100087,"Equal Growth Rates"
13,16,"petite","second-15min",169,4575,23083,971177,4744,994260,19,423,2742,97459,442,100201,"Equal Growth Rates"
13,17,"petite","second-15min",220,4516,28851,982842,4736,1011693,29,407,3890,96171,436,100061,"Equal Growth Rates"
13,18,"petite","second-15min",308,4455,42471,970289,4763,1012760,23,407,3019,97251,430,100270,"Equal Growth Rates"
13,19,"petite","second-15min",218,4529,29205,984718,4747,1013923,11,429,1709,98343,440,100052,"Equal Growth Rates"
13,20,"petite","second-15min",133,4572,18594,985323,4705,1003917,13,413,1982,98384,426,100366,"Equal Growth Rates"
13,21,"petite","second-15min",138,4592,18142,994111,4730,1012253,8,415,1349,98849,423,100198,"Equal Growth Rates"
13,22,"petite","second-15min",110,4584,15353,1003951,4694,1019304,11,421,1642,98403,432,100045,"Equal Growth Rates"
13,23,"petite","second-15min",140,4545,18192,990722,4685,1008914,8,429,1252,98910,437,100162,"Equal Growth Rates"
13,24,"petite","second-15min",101,4586,13183,993804,4687,1006987,5,426,609,99532,431,100141,"Equal Growth Rates"
13,25,"petite","second-15min",54,4629,6847,1007296,4683,1014143,6,433,896,99172,439,100068,"Equal Growth Rates"
13,26,"petite","second-15min",72,4605,9467,1000609,4677,1010076,7,413,1101,98931,420,100032,"Equal Growth Rates"
13,27,"petite","second-15min",83,4603,11597,995359,4686,1006956,6,441,821,99446,447,100267,"Equal Growth Rates"
13,28,"petite","second-15min",69,4623,8982,1009463,4692,1018445,4,430,491,99657,434,100148,"Equal Growth Rates"
13,29,"petite","second-15min",35,4649,4612,1015735,4684,1020347,2,419,328,100306,421,100634,"Equal Growth Rates"
13,30,"petite","second-15min",29,4663,3898,1014748,4692,1018646,5,435,827,99285,440,100112,"Equal Growth Rates"
13,31,"petite","second-15min",61,4626,8253,997550,4687,1005803,5,427,705,99387,432,100092,"Equal Growth Rates"
13,32,"petite","second-15min",53,4614,6909,1000198,4667,1007107,4,441,545,99593,445,100138,"Equal Growth Rates"
25,1,"petite","second-15min",3908,2237,519580,491126,6145,1010706,313,221,46720,53342,534,100062,"Equal Growth Rates"
25,2,"petite","second-15min",3544,2415,481962,526628,5959,1008590,264,270,39040,61066,534,100106,"Equal Growth Rates"
25,3,"petite","second-15min",2906,2835,390132,618215,5741,1008347,228,284,34498,65923,512,100421,"Equal Growth Rates"
25,4,"petite","second-15min",2633,2972,354476,643148,5605,997624,214,307,30485,69677,521,100162,"Equal Growth Rates"
25,5,"petite","second-15min",2332,3138,311418,681505,5470,992923,183,305,26910,73166,488,100076,"Equal Growth Rates"
25,6,"petite","second-15min",2101,3383,287559,736516,5484,1024075,149,333,22318,77707,482,100025,"Equal Growth Rates"
25,7,"petite","second-15min",1688,3670,231235,799060,5358,1030295,121,346,16914,83167,467,100081,"Equal Growth Rates"
25,8,"petite","second-15min",1311,3873,179838,841722,5184,1021560,95,371,14019,86033,466,100052,"Equal Growth Rates"
25,9,"petite","second-15min",1096,4004,149304,867266,5100,1016570,72,381,9868,90271,453,100139,"Equal Growth Rates"
25,10,"petite","second-15min",742,4221,100832,909996,4963,1010828,47,410,6218,93950,457,100168,"Equal Growth Rates"
25,11,"petite","second-15min",508,4348,68436,939480,4856,1007916,32,429,4064,96144,461,100208,"Equal Growth Rates"
25,12,"petite","second-15min",327,4450,45162,963799,4777,1008961,20,425,3003,97115,445,100118,"Equal Growth Rates"
25,13,"petite","second-15min",229,4523,31581,980997,4752,1012578,20,409,3332,96819,429,100151,"Equal Growth Rates"
25,14,"petite","second-15min",285,4474,38957,966196,4759,1005153,16,431,2431,97822,447,100253,"Equal Growth Rates"
25,15,"petite","second-15min",177,4552,24163,982570,4729,1006733,14,425,2001,98276,439,100277,"Equal Growth Rates"
25,16,"petite","second-15min",157,4577,21048,986025,4734,1007073,12,429,1854,98335,441,100189,"Equal Growth Rates"
25,17,"petite","second-15min",139,4569,18711,985300,4708,1004011,11,412,1651,98689,423,100340,"Equal Growth Rates"
25,18,"petite","second-15min",120,4598,16054,991364,4718,1007418,11,426,1766,98557,437,100323,"Equal Growth Rates"
25,19,"petite","second-15min",136,4582,18388,994839,4718,1013227,6,420,798,99303,426,100101,"Equal Growth Rates"
25,20,"petite","second-15min",86,4586,11948,992727,4672,1004675,3,430,531,99573,433,100104,"Equal Growth Rates"
25,21,"petite","second-15min",38,4613,4933,1010426,4651,1015359,2,429,236,100185,431,100421,"Equal Growth Rates"
25,22,"petite","second-15min",22,4648,3148,1013317,4670,1016465,2,436,191,99910,438,100101,"Equal Growth Rates"
25,23,"petite","second-15min",15,4640,2547,1013483,4655,1016030,1,433,112,100001,434,100113,"Equal Growth Rates"
22,1,"petite","second-15min",3898,2229,517993,487548,6127,1005541,330,221,47689,52408,551,100097,"Equal Growth Rates"
22,2,"petite","second-15min",3643,2364,491721,509010,6007,1000731,283,251,41720,58445,534,100165,"Equal Growth Rates"
22,3,"petite","second-15min",3064,2747,415151,591075,5811,1006226,235,289,33713,66388,524,100101,"Equal Growth Rates"
22,4,"petite","second-15min",2494,3065,343834,667853,5559,1011687,188,311,28873,71152,499,100025,"Equal Growth Rates"
22,5,"petite","second-15min",2225,3327,298726,729662,5552,1028388,167,336,22470,77757,503,100227,"Equal Growth Rates"
22,6,"petite","second-15min",1759,3620,233694,786774,5379,1020468,135,350,19046,81048,485,100094,"Equal Growth Rates"
22,7,"petite","second-15min",1446,3806,192082,819574,5252,1011656,96,393,14190,85962,489,100152,"Equal Growth Rates"
22,8,"petite","second-15min",1100,4000,152136,863974,5100,1016110,76,398,10893,89199,474,100092,"Equal Growth Rates"
22,9,"petite","second-15min",822,4183,113516,897413,5005,1010929,59,393,8302,91975,452,100277,"Equal Growth Rates"
22,10,"petite","second-15min",655,4266,89876,921508,4921,1011384,38,406,5088,95067,444,100155,"Equal Growth Rates"
22,11,"petite","second-15min",374,4443,49834,962384,4817,1012218,27,414,4065,95984,441,100049,"Equal Growth Rates"
22,12,"petite","second-15min",329,4442,44975,963207,4771,1008182,10,428,1551,98708,438,100259,"Equal Growth Rates"
22,13,"petite","second-15min",120,4582,16481,996984,4702,1013465,7,432,811,99237,439,100048,"Equal Growth Rates"
22,14,"petite","second-15min",66,4627,8451,1003712,4693,1012163,4,431,544,99707,435,100251,"Equal Growth Rates"
22,15,"petite","second-15min",39,4646,5251,1005848,4685,1011099,4,439,585,99721,443,100306,"Equal Growth Rates"
22,16,"petite","second-15min",45,4633,6123,1006275,4678,1012398,8,432,1334,98904,440,100238,"Equal Growth Rates"
22,17,"petite","second-15min",99,4614,13384,1000684,4713,1014068,7,406,1368,98704,413,100072,"Equal Growth Rates"
22,18,"petite","second-15min",116,4565,15302,995264,4681,1010566,4,428,538,99643,432,100181,"Equal Growth Rates"
22,19,"petite","second-15min",60,4617,7632,1006557,4677,1014189,4,420,517,99490,424,100007,"Equal Growth Rates"
22,20,"petite","second-15min",41,4627,5398,999722,4668,1005120,6,443,822,99222,449,100044,"Equal Growth Rates"
22,21,"petite","second-15min",78,4608,9692,994666,4686,1004358,8,441,950,99301,449,100251,"Equal Growth Rates"
22,22,"petite","second-15min",58,4617,7913,1005715,4675,1013628,3,430,372,99707,433,100079,"Equal Growth Rates"
22,23,"petite","second-15min",41,4628,5368,1009580,4669,1014948,1,441,269,99871,442,100140,"Equal Growth Rates"
49,1,"petite","second-15min",3908,2257,523046,485737,6165,1008783,327,226,46784,53360,553,100144,"Equal Growth Rates"
49,2,"petite","second-15min",3522,2447,487011,522118,5969,1009129,286,253,42834,57175,539,100009,"Equal Growth Rates"
49,3,"petite","second-15min",3231,2596,438233,563674,5827,1001907,255,272,38397,61729,527,100126,"Equal Growth Rates"
49,4,"petite","second-15min",2917,2781,397358,601318,5698,998676,233,294,33866,66286,527,100152,"Equal Growth Rates"
49,5,"petite","second-15min",2568,2987,348772,650506,5555,999278,183,324,26308,73720,507,100028,"Equal Growth Rates"
49,6,"petite","second-15min",2030,3457,269888,749794,5487,1019682,156,341,21966,78147,497,100113,"Equal Growth Rates"
49,7,"petite","second-15min",1676,3649,225411,787184,5325,1012595,120,361,15901,84187,481,100088,"Equal Growth Rates"
49,8,"petite","second-15min",1209,3941,163653,845286,5150,1008939,69,390,10133,90109,459,100242,"Equal Growth Rates"
49,9,"petite","second-15min",825,4157,110987,897378,4982,1008365,49,397,7267,92928,446,100195,"Equal Growth Rates"
49,10,"petite","second-15min",545,4355,74584,933528,4900,1008112,36,411,5800,94292,447,100092,"Equal Growth Rates"
47,1,"petite","second-15min",3838,2282,512497,500335,6120,1012832,271,244,39913,60415,515,100328,"Equal Growth Rates"
47,2,"petite","second-15min",3056,2702,409444,594072,5758,1003516,216,289,31495,68615,505,100110,"Equal Growth Rates"
47,3,"petite","second-15min",2458,3158,337251,683726,5616,1020977,183,308,28225,71907,491,100132,"Equal Growth Rates"
47,4,"petite","second-15min",2184,3362,291975,728391,5546,1020366,169,328,24835,75300,497,100135,"Equal Growth Rates"
47,5,"petite","second-15min",1953,3464,262357,760154,5417,1022511,147,360,21510,78835,507,100345,"Equal Growth Rates"
47,6,"petite","second-15min",1635,3695,221011,808590,5330,1029601,135,339,19778,80470,474,100248,"Equal Growth Rates"
47,7,"petite","second-15min",1561,3710,212040,803688,5271,1015728,105,364,14923,85275,469,100198,"Equal Growth Rates"
47,8,"petite","second-15min",1179,3945,163655,855041,5124,1018696,93,373,13692,86388,466,100080,"Equal Growth Rates"
47,9,"petite","second-15min",1084,3999,149262,864403,5083,1013665,79,388,11710,88357,467,100067,"Equal Growth Rates"
47,10,"petite","second-15min",890,4125,121839,892322,5015,1014161,68,377,10037,90225,445,100262,"Equal Growth Rates"
47,11,"petite","second-15min",837,4139,113370,899323,4976,1012693,62,395,8445,91579,457,100024,"Equal Growth Rates"
47,12,"petite","second-15min",681,4226,91759,918642,4907,1010401,55,411,6778,93405,466,100183,"Equal Growth Rates"
47,13,"petite","second-15min",533,4328,71549,936017,4861,1007566,36,416,5482,94684,452,100166,"Equal Growth Rates"
40,1,"petite","second-15min",3843,2289,512938,496481,6132,1009419,301,253,42887,57327,554,100214,"Equal Growth Rates"
40,2,"petite","second-15min",3295,2571,448458,562529,5866,1010987,249,272,36356,63667,521,100023,"Equal Growth Rates"
40,3,"petite","second-15min",2753,2888,372162,625686,5641,997848,185,314,26650,73529,499,100179,"Equal Growth Rates"
40,4,"petite","second-15min",2092,3386,288240,745146,5478,1033386,143,338,21811,78505,481,100316,"Equal Growth Rates"
40,5,"petite","second-15min",1693,3654,229177,798849,5347,1028026,110,346,17039,83001,456,100040,"Equal Growth Rates"
40,6,"petite","second-15min",1333,3865,182317,833933,5198,1016250,93,388,13667,86551,481,100218,"Equal Growth Rates"
40,7,"petite","second-15min",1116,3967,151089,853347,5083,1004436,84,388,12498,87575,472,100073,"Equal Growth Rates"
40,8,"petite","second-15min",966,4101,130207,885595,5067,1015802,58,400,8185,91964,458,100149,"Equal Growth Rates"
40,9,"petite","second-15min",611,4303,83180,927927,4914,1011107,38,413,5125,94917,451,100042,"Equal Growth Rates"
40,10,"petite","second-15min",386,4435,51479,951920,4821,1003399,32,411,4410,95762,443,100172,"Equal Growth Rates"
40,11,"petite","second-15min",359,4426,49927,954911,4785,1004838,21,416,2862,97309,437,100171,"Equal Growth Rates"
40,12,"petite","second-15min",203,4570,26610,987823,4773,1014433,13,431,1644,98405,444,100049,"Equal Growth Rates"
40,13,"petite","second-15min",142,4547,18364,986008,4689,1004372,5,427,741,99343,432,100084,"Equal Growth Rates"
40,14,"petite","second-15min",49,4635,6476,1003969,4684,1010445,4,431,410,99647,435,100057,"Equal Growth Rates"
40,15,"petite","second-15min",30,4621,4401,999909,4651,1004310,3,433,552,99522,436,100074,"Equal Growth Rates"
40,16,"petite","second-15min",50,4601,6214,1001253,4651,1007467,3,425,449,99669,428,100118,"Equal Growth Rates"
40,17,"petite","second-15min",35,4629,4993,1008848,4664,1013841,5,438,701,99474,443,100175,"Equal Growth Rates"
40,18,"petite","second-15min",45,4628,5636,1014606,4673,1020242,2,423,158,99971,425,100129,"Equal Growth Rates"
23,1,"petite","second-15min",3863,2289,515226,493124,6152,1008350,349,228,48527,51663,577,100190,"Equal Growth Rates"
23,2,"petite","second-15min",3718,2320,512450,502578,6038,1015028,272,255,41109,59079,527,100188,"Equal Growth Rates"
23,3,"petite","second-15min",3126,2670,423241,577318,5796,1000559,286,267,39683,60422,553,100105,"Equal Growth Rates"
23,4,"petite","second-15min",3006,2747,405593,592817,5753,998410,228,289,33136,66963,517,100099,"Equal Growth Rates"
23,5,"petite","second-15min",2557,2992,344809,651915,5549,996724,200,318,28180,71867,518,100047,"Equal Growth Rates"
23,6,"petite","second-15min",2173,3367,296630,725902,5540,1022532,174,312,26267,73854,486,100121,"Equal Growth Rates"
23,7,"petite","second-15min",2012,3465,274530,752643,5477,1027173,141,335,20178,79966,476,100144,"Equal Growth Rates"
23,8,"petite","second-15min",1494,3801,204759,824890,5295,1029649,107,374,15615,84782,481,100397,"Equal Growth Rates"
23,9,"petite","second-15min",1196,3957,161278,850848,5153,1012126,88,372,12527,87561,460,100088,"Equal Growth Rates"
23,10,"petite","second-15min",1006,4039,134349,864749,5045,999098,67,399,9205,90822,466,100027,"Equal Growth Rates"
23,11,"petite","second-15min",741,4201,99933,909093,4942,1009026,46,390,6618,93521,436,100139,"Equal Growth Rates"
23,12,"petite","second-15min",501,4351,66462,949117,4852,1015579,27,415,4161,96055,442,100216,"Equal Growth Rates"
23,13,"petite","second-15min",295,4491,41029,971381,4786,1012410,20,410,2822,97231,430,100053,"Equal Growth Rates"
23,14,"petite","second-15min",244,4487,33232,981517,4731,1014749,28,404,4059,96042,432,100101,"Equal Growth Rates"
23,15,"petite","second-15min",288,4489,37611,978405,4777,1016016,17,425,2488,97801,442,100289,"Equal Growth Rates"
23,16,"petite","second-15min",202,4540,27062,986238,4742,1013300,11,420,1463,98994,431,100457,"Equal Growth Rates"
23,17,"petite","second-15min",127,4586,17329,1001611,4713,1018940,5,424,797,99255,429,100052,"Equal Growth Rates"
23,18,"petite","second-15min",57,4620,8153,998895,4677,1007048,1,447,112,99962,448,100074,"Equal Growth Rates"
23,19,"petite","second-15min",9,4641,1649,1005964,4650,1007613,1,432,52,100095,433,100147,"Equal Growth Rates"
23,20,"petite","second-15min",7,4644,720,1004855,4651,1005575,1,436,107,99962,437,100069,"Equal Growth Rates"
23,21,"petite","second-15min",6,4651,819,1010508,4657,1011327,1,430,108,99913,431,100021,"Equal Growth Rates"
24,1,"petite","second-15min",3822,2314,512798,500062,6136,1012860,291,238,43753,56631,529,100384,"Equal Growth Rates"
24,2,"petite","second-15min",3327,2552,450886,554794,5879,1005680,268,260,39937,60108,528,100045,"Equal Growth Rates"
24,3,"petite","second-15min",3036,2701,410073,589209,5737,999282,223,287,32778,67343,510,100121,"Equal Growth Rates"
24,4,"petite","second-15min",2473,3062,338589,670468,5535,1009057,203,304,29671,70414,507,100085,"Equal Growth Rates"
24,5,"petite","second-15min",2269,3312,310922,712687,5581,1023609,162,332,23640,76579,494,100219,"Equal Growth Rates"
24,6,"petite","second-15min",1833,3563,246447,781090,5396,1027537,138,343,19181,80941,481,100122,"Equal Growth Rates"
24,7,"petite","second-15min",1453,3804,198993,815585,5257,1014578,111,370,16286,84211,481,100497,"Equal Growth Rates"
24,8,"petite","second-15min",1247,3935,169445,850179,5182,1019624,89,380,13430,86905,469,100335,"Equal Growth Rates"
24,9,"petite","second-15min",1068,4008,144462,865470,5076,1009932,69,398,10026,90427,467,100453,"Equal Growth Rates"
24,10,"petite","second-15min",767,4202,103178,908385,4969,1011563,43,400,6150,93940,443,100090,"Equal Growth Rates"
24,11,"petite","second-15min",497,4352,66868,943524,4849,1010392,34,403,5503,94514,437,100017,"Equal Growth Rates"
24,12,"petite","second-15min",421,4395,56813,955727,4816,1012540,22,421,3030,97009,443,100039,"Equal Growth Rates"
24,13,"petite","second-15min",257,4485,35938,969502,4742,1005440,23,429,3458,96701,452,100159,"Equal Growth Rates"
24,14,"petite","second-15min",274,4482,35354,970596,4756,1005950,20,424,2771,97347,444,100118,"Equal Growth Rates"
24,15,"petite","second-15min",227,4536,30310,977664,4763,1007974,13,424,1740,98281,437,100021,"Equal Growth Rates"
24,16,"petite","second-15min",124,4589,17627,991215,4713,1008842,8,436,1068,99247,444,100315,"Equal Growth Rates"
24,17,"petite","second-15min",79,4608,10848,996559,4687,1007407,7,443,1138,99099,450,100237,"Equal Growth Rates"
24,18,"petite","second-15min",90,4606,12500,1001773,4696,1014273,10,432,1728,98272,442,100000,"Equal Growth Rates"
24,19,"petite","second-15min",135,4557,17569,990353,4692,1007922,9,426,1363,98940,435,100303,"Equal Growth Rates"
24,20,"petite","second-15min",112,4578,14893,993950,4690,1008843,11,427,1587,98611,438,100198,"Equal Growth Rates"
24,21,"petite","second-15min",123,4583,16510,992537,4706,1009047,5,433,692,99308,438,100000,"Equal Growth Rates"
24,22,"petite","second-15min",52,4600,6671,993301,4652,999972,3,438,263,99753,441,100016,"Equal Growth Rates"
24,23,"petite","second-15min",19,4627,2857,1002416,4646,1005273,4,438,575,99675,442,100250,"Equal Growth Rates"
24,24,"petite","second-15min",45,4625,5931,1005175,4670,1011106,3,420,568,99562,423,100130,"Equal Growth Rates"
24,25,"petite","second-15min",46,4630,6502,1007253,4676,1013755,4,422,469,99731,426,100200,"Equal Growth Rates"
24,26,"petite","second-15min",41,4633,5589,1003450,4674,1009039,2,426,208,99796,428,100004,"Equal Growth Rates"
24,27,"petite","second-15min",15,4613,1995,1001819,4628,1003814,1,441,186,99883,442,100069,"Equal Growth Rates"
24,28,"petite","second-15min",13,4657,2159,1008560,4670,1010719,2,435,205,99946,437,100151,"Equal Growth Rates"
12,1,"petite","second-15min",3934,2196,530530,471086,6130,1001616,334,233,48338,52037,567,100375,"Equal Growth Rates"
12,2,"petite","second-15min",3657,2368,502047,517851,6025,1019898,300,240,43441,56770,540,100211,"Equal Growth Rates"
12,3,"petite","second-15min",3333,2547,455802,547756,5880,1003558,267,271,38977,61303,538,100280,"Equal Growth Rates"
12,4,"petite","second-15min",2995,2740,403755,594164,5735,997919,224,295,32297,67855,519,100152,"Equal Growth Rates"
12,5,"petite","second-15min",2460,3067,335116,662919,5527,998035,204,319,28911,71182,523,100093,"Equal Growth Rates"
12,6,"petite","second-15min",2226,3333,303272,726145,5559,1029417,166,341,23888,76291,507,100179,"Equal Growth Rates"
12,7,"petite","second-15min",1848,3583,246296,783307,5431,1029603,117,364,16096,83957,481,100053,"Equal Growth Rates"
12,8,"petite","second-15min",1301,3856,178385,838997,5157,1017382,106,371,15103,84990,477,100093,"Equal Growth Rates"
12,9,"petite","second-15min",1187,3951,159484,849178,5138,1008662,70,391,11137,88909,461,100046,"Equal Growth Rates"
12,10,"petite","second-15min",845,4159,115830,891850,5004,1007680,53,393,8358,91736,446,100094,"Equal Growth Rates"
12,11,"petite","second-15min",688,4227,92264,917748,4915,1010012,58,384,8300,91944,442,100244,"Equal Growth Rates"
12,12,"petite","second-15min",642,4267,87005,926922,4909,1013927,54,401,8025,92057,455,100082,"Equal Growth Rates"
12,13,"petite","second-15min",610,4299,80877,930252,4909,1011129,46,412,6288,93851,458,100139,"Equal Growth Rates"
12,14,"petite","second-15min",490,4354,66607,940669,4844,1007276,31,412,4808,95216,443,100024,"Equal Growth Rates"
12,15,"petite","second-15min",393,4420,51089,959147,4813,1010236,19,422,2712,97434,441,100146,"Equal Growth Rates"
12,16,"petite","second-15min",230,4506,32010,976058,4736,1008068,18,433,2479,97660,451,100139,"Equal Growth Rates"
12,17,"petite","second-15min",195,4538,26756,976038,4733,1002794,13,426,2375,97712,439,100087,"Equal Growth Rates"
12,18,"petite","second-15min",176,4559,24005,979594,4735,1003599,9,438,1181,99357,447,100538,"Equal Growth Rates"
12,19,"petite","second-15min",86,4625,12428,996014,4711,1008442,6,423,936,99340,429,100276,"Equal Growth Rates"
12,20,"petite","second-15min",73,4610,10448,1005534,4683,1015982,4,444,622,99446,448,100068,"Equal Growth Rates"
12,21,"petite","second-15min",48,4627,6893,1004778,4675,1011671,5,426,820,99204,431,100024,"Equal Growth Rates"
12,22,"petite","second-15min",66,4618,8117,1009944,4684,1018061,5,424,609,99721,429,100330,"Equal Growth Rates"
12,23,"petite","second-15min",57,4616,7948,995422,4673,1003370,5,419,796,99277,424,100073,"Equal Growth Rates"
12,24,"petite","second-15min",67,4614,8602,995893,4681,1004495,4,436,489,99526,440,100015,"Equal Growth Rates"
12,25,"petite","second-15min",31,4629,3721,1008050,4660,1011771,1,433,172,99857,434,100029,"Equal Growth Rates"
15,1,"petite","second-15min",3847,2270,515716,493306,6117,1009022,331,229,48037,52097,560,100134,"Equal Growth Rates"
15,2,"petite","second-15min",3646,2376,497024,520271,6022,1017295,287,241,43131,56895,528,100026,"Equal Growth Rates"
15,3,"petite","second-15min",3317,2520,450156,545877,5837,996033,235,291,33791,66433,526,100224,"Equal Growth Rates"
15,4,"petite","second-15min",2580,3009,347421,656451,5589,1003872,193,319,28074,71949,512,100023,"Equal Growth Rates"
15,5,"petite","second-15min",2199,3344,299158,719865,5543,1019023,146,341,21542,78561,487,100103,"Equal Growth Rates"
15,6,"petite","second-15min",1701,3624,232205,785637,5325,1017842,126,362,18296,81729,488,100025,"Equal Growth Rates"
15,7,"petite","second-15min",1408,3802,191883,822595,5210,1014478,103,363,14990,85026,466,100016,"Equal Growth Rates"
15,8,"petite","second-15min",1149,3976,153693,867377,5125,1021070,70,381,11248,88809,451,100057,"Equal Growth Rates"
15,9,"petite","second-15min",877,4116,120884,891030,4993,1011914,67,384,10627,89717,451,100344,"Equal Growth Rates"
15,10,"petite","second-15min",830,4164,110520,901804,4994,1012324,68,376,9420,90801,444,100221,"Equal Growth Rates"
15,11,"petite","second-15min",732,4231,98613,906594,4963,1005207,42,421,7072,93081,463,100153,"Equal Growth Rates"
15,12,"petite","second-15min",542,4343,70457,940527,4885,1010984,40,405,6668,93490,445,100158,"Equal Growth Rates"
15,13,"petite","second-15min",534,4324,72343,943116,4858,1015459,37,402,5565,94475,439,100040,"Equal Growth Rates"
15,14,"petite","second-15min",461,4365,61741,943679,4826,1005420,25,420,3900,96142,445,100042,"Equal Growth Rates"
15,15,"petite","second-15min",279,4495,38702,969318,4774,1008020,16,423,2486,97615,439,100101,"Equal Growth Rates"
15,16,"petite","second-15min",169,4566,22975,989943,4735,1012918,11,440,1893,98502,451,100395,"Equal Growth Rates"
15,17,"petite","second-15min",134,4590,17291,995318,4724,1012609,11,429,1301,98860,440,100161,"Equal Growth Rates"
15,18,"petite","second-15min",85,4607,11276,1007124,4692,1018400,5,420,706,99422,425,100128,"Equal Growth Rates"
15,19,"petite","second-15min",61,4618,8996,1000975,4679,1009971,4,413,553,99616,417,100169,"Equal Growth Rates"
15,20,"petite","second-15min",44,4628,6142,1006282,4672,1012424,3,445,461,99551,448,100012,"Equal Growth Rates"
15,21,"petite","second-15min",39,4624,5293,1000893,4663,1006186,5,445,671,99395,450,100066,"Equal Growth Rates"
15,22,"petite","second-15min",39,4629,5522,998577,4668,1004099,5,440,848,99517,445,100365,"Equal Growth Rates"
15,23,"petite","second-15min",82,4621,10648,1001129,4703,1011777,4,436,589,99536,440,100125,"Equal Growth Rates"
15,24,"petite","second-15min",45,4611,5984,1011598,4656,1017582,2,443,319,99897,445,100216,"Equal Growth Rates"
15,25,"petite","second-15min",18,4652,2860,1015985,4670,1018845,3,427,520,99707,430,100227,"Equal Growth Rates"
15,26,"petite","second-15min",37,4635,5426,1010369,4672,1015795,1,419,125,99989,420,100114,"Equal Growth Rates"
15,27,"petite","second-15min",12,4633,1356,1014483,4645,1015839,1,421,106,100482,422,100588,"Equal Growth Rates"
15,28,"petite","second-15min",9,4677,1611,1020321,4686,1021932,1,426,246,100124,427,100370,"Equal Growth Rates"
41,1,"petite","second-15min",3881,2242,518104,485594,6123,1003698,318,239,44841,55193,557,100034,"Equal Growth Rates"
41,2,"petite","second-15min",3408,2483,460235,542447,5891,1002682,262,268,37227,62842,530,100069,"Equal Growth Rates"
41,3,"petite","second-15min",2766,2912,378044,626525,5678,1004569,222,294,33043,66979,516,100022,"Equal Growth Rates"
41,4,"petite","second-15min",2515,3035,335407,656143,5550,991550,191,310,26580,73666,501,100246,"Equal Growth Rates"
41,5,"petite","second-15min",2013,3458,277923,754674,5471,1032597,138,340,21142,78870,478,100012,"Equal Growth Rates"
41,6,"petite","second-15min",1606,3716,217670,802126,5322,1019796,116,371,16152,83871,487,100023,"Equal Growth Rates"
41,7,"petite","second-15min",1310,3826,181358,829031,5136,1010389,94,372,14098,85991,466,100089,"Equal Growth Rates"
41,8,"petite","second-15min",1091,3992,147719,867563,5083,1015282,68,385,8994,91403,453,100397,"Equal Growth Rates"
41,9,"petite","second-15min",675,4268,90943,928834,4943,1019777,44,409,6482,93635,453,100117,"Equal Growth Rates"
41,10,"petite","second-15min",499,4368,67217,950815,4867,1018032,35,406,5583,94626,441,100209,"Equal Growth Rates"
41,11,"petite","second-15min",410,4425,57393,960210,4835,1017603,25,427,3952,96259,452,100211,"Equal Growth Rates"
41,12,"petite","second-15min",332,4451,44974,975111,4783,1020085,14,432,1687,98514,446,100201,"Equal Growth Rates"
41,13,"petite","second-15min",124,4584,16585,997177,4708,1013762,10,424,1464,98558,434,100022,"Equal Growth Rates"
41,14,"petite","second-15min",125,4572,16424,989328,4697,1005752,8,436,1034,99013,444,100047,"Equal Growth Rates"
41,15,"petite","second-15min",84,4621,11213,995326,4705,1006539,8,430,1137,99011,438,100148,"Equal Growth Rates"
41,16,"petite","second-15min",100,4592,13520,1012381,4692,1025901,7,424,967,99501,431,100468,"Equal Growth Rates"
41,17,"petite","second-15min",99,4594,13867,1001698,4693,1015565,7,436,996,99161,443,100157,"Equal Growth Rates"
41,18,"petite","second-15min",75,4623,10101,998321,4698,1008422,8,435,1101,99016,443,100117,"Equal Growth Rates"
41,19,"petite","second-15min",102,4593,13181,1003662,4695,1016843,8,430,1400,98665,438,100065,"Equal Growth Rates"
41,20,"petite","second-15min",103,4592,14731,1004346,4695,1019077,6,424,679,99601,430,100280,"Equal Growth Rates"
41,21,"petite","second-15min",55,4616,8240,1003587,4671,1011827,1,436,101,100253,437,100354,"Equal Growth Rates"
46,1,"petite","second-15min",3877,2253,519386,487493,6130,1006879,318,237,45756,54248,555,100004,"Equal Growth Rates"
46,2,"petite","second-15min",3410,2520,463422,537661,5930,1001083,271,269,38516,61502,540,100018,"Equal Growth Rates"
46,3,"petite","second-15min",2949,2763,402533,598254,5712,1000787,210,296,32089,68190,506,100279,"Equal Growth Rates"
46,4,"petite","second-15min",2407,3105,325079,685997,5512,1011076,184,308,25937,74151,492,100088,"Equal Growth Rates"
46,5,"petite","second-15min",2026,3433,275102,737751,5459,1012853,150,350,21590,78490,500,100080,"Equal Growth Rates"
46,6,"petite","second-15min",1719,3608,231782,779248,5327,1011030,121,361,18128,82170,482,100298,"Equal Growth Rates"
46,7,"petite","second-15min",1415,3817,191246,832687,5232,1023933,88,374,12819,87234,462,100053,"Equal Growth Rates"
46,8,"petite","second-15min",995,4066,132112,884268,5061,1016380,71,395,9479,90550,466,100029,"Equal Growth Rates"
46,9,"petite","second-15min",728,4217,98345,920523,4945,1018868,55,391,8696,91505,446,100201,"Equal Growth Rates"
46,10,"petite","second-15min",657,4289,88458,934105,4946,1022563,41,418,6029,94247,459,100276,"Equal Growth Rates"
46,11,"petite","second-15min",463,4390,65351,951226,4853,1016577,40,409,6522,93480,449,100002,"Equal Growth Rates"
46,12,"petite","second-15min",514,4338,68448,942290,4852,1010738,26,408,3771,96386,434,100157,"Equal Growth Rates"
46,13,"petite","second-15min",250,4517,34425,979137,4767,1013562,13,414,1747,98349,427,100096,"Equal Growth Rates"
46,14,"petite","second-15min",132,4579,18058,989665,4711,1007723,9,423,1282,98979,432,100261,"Equal Growth Rates"
46,15,"petite","second-15min",95,4596,12437,1003198,4691,1015635,10,425,1512,98549,435,100061,"Equal Growth Rates"
46,16,"petite","second-15min",103,4617,13408,995521,4720,1008929,5,445,655,99413,450,100068,"Equal Growth Rates"
48,1,"petite","second-15min",3842,2289,510996,505305,6131,1016301,300,243,43442,56622,543,100064,"Equal Growth Rates"
48,2,"petite","second-15min",3295,2562,445672,549463,5857,995135,236,283,34883,65239,519,100122,"Equal Growth Rates"
48,3,"petite","second-15min",2585,3020,349688,655294,5605,1004982,181,315,26513,73600,496,100113,"Equal Growth Rates"
48,4,"petite","second-15min",2087,3390,287668,728154,5477,1015822,161,343,23717,76305,504,100022,"Equal Growth Rates"
48,5,"petite","second-15min",1837,3563,253447,766827,5400,1020274,135,348,20141,80106,483,100247,"Equal Growth Rates"
48,6,"petite","second-15min",1581,3719,216340,812586,5300,1028926,94,379,14142,85919,473,100061,"Equal Growth Rates"
48,7,"petite","second-15min",1132,3953,153118,860741,5085,1013859,78,381,11840,88295,459,100135,"Equal Growth Rates"
48,8,"petite","second-15min",927,4106,127833,881909,5033,1009742,66,393,9255,90866,459,100121,"Equal Growth Rates"
48,9,"petite","second-15min",740,4204,100303,915183,4944,1015486,50,402,7540,92770,452,100310,"Equal Growth Rates"
48,10,"petite","second-15min",584,4317,79819,940188,4901,1020007,43,398,6167,94013,441,100180,"Equal Growth Rates"
48,11,"petite","second-15min",519,4355,68329,939563,4874,1007892,39,397,6182,93954,436,100136,"Equal Growth Rates"
48,12,"petite","second-15min",524,4341,71188,944513,4865,1015701,36,423,5417,94678,459,100095,"Equal Growth Rates"
33,1,"petite","second-15min",3877,2253,517228,481884,6130,999112,323,229,45462,54749,552,100211,"Equal Growth Rates"
33,2,"petite","second-15min",3449,2465,466191,534955,5914,1001146,285,247,43392,56683,532,100075,"Equal Growth Rates"
33,3,"petite","second-15min",3268,2611,439434,568888,5879,1008322,231,291,33381,66696,522,100077,"Equal Growth Rates"
33,4,"petite","second-15min",2550,3000,344089,646033,5550,990122,171,326,24124,76051,497,100175,"Equal Growth Rates"
33,5,"petite","second-15min",1897,3505,257251,760116,5402,1017367,149,342,21500,78587,491,100087,"Equal Growth Rates"
33,6,"petite","second-15min",1701,3628,234389,781850,5329,1016239,149,342,21729,78271,491,100000,"Equal Growth Rates"
33,7,"petite","second-15min",1666,3652,227019,794945,5318,1021964,126,359,18655,81451,485,100106,"Equal Growth Rates"
33,8,"petite","second-15min",1442,3789,194162,816524,5231,1010686,104,371,15494,84522,475,100016,"Equal Growth Rates"
33,9,"petite","second-15min",1172,3939,158840,862933,5111,1021773,81,388,12290,87936,469,100226,"Equal Growth Rates"
33,10,"petite","second-15min",978,4080,134831,880201,5058,1015032,57,395,8761,91253,452,100014,"Equal Growth Rates"
33,11,"petite","second-15min",680,4265,91924,925752,4945,1017676,48,407,7237,92971,455,100208,"Equal Growth Rates"
33,12,"petite","second-15min",552,4317,75035,941938,4869,1016973,29,425,4133,96196,454,100329,"Equal Growth Rates"
33,13,"petite","second-15min",346,4444,48509,963596,4790,1012105,19,419,2858,97200,438,100058,"Equal Growth Rates"
33,14,"petite","second-15min",248,4497,33713,970371,4745,1004084,12,425,1852,98316,437,100168,"Equal Growth Rates"
33,15,"petite","second-15min",144,4569,18681,995724,4713,1014405,15,416,2204,97922,431,100126,"Equal Growth Rates"
33,16,"petite","second-15min",152,4578,22107,988945,4730,1011052,7,435,1026,99048,442,100074,"Equal Growth Rates"
33,17,"petite","second-15min",76,4605,9892,998174,4681,1008066,8,432,1026,99100,440,100126,"Equal Growth Rates"
33,18,"petite","second-15min",80,4607,10960,1003687,4687,1014647,9,432,776,99570,441,100346,"Equal Growth Rates"
33,19,"petite","second-15min",58,4626,8143,1003249,4684,1011392,5,436,674,99885,441,100559,"Equal Growth Rates"
33,20,"petite","second-15min",39,4652,5448,1009839,4691,1015287,4,434,450,99820,438,100270,"Equal Growth Rates"
9,1,"petite","second-15min",3842,2304,509011,506240,6146,1015251,286,244,40990,59023,530,100013,"Equal Growth Rates"
9,2,"petite","second-15min",3082,2704,416441,585799,5786,1002240,243,285,34723,65280,528,100003,"Equal Growth Rates"
9,3,"petite","second-15min",2623,2968,355889,640986,5591,996875,215,300,31200,68997,515,100197,"Equal Growth Rates"
9,4,"petite","second-15min",2345,3159,320005,687545,5504,1007550,179,331,25234,74836,510,100070,"Equal Growth Rates"
9,5,"petite","second-15min",1943,3498,260632,757013,5441,1017645,161,337,22955,77160,498,100115,"Equal Growth Rates"
9,6,"petite","second-15min",1808,3559,244496,774545,5367,1019041,130,352,19028,81213,482,100241,"Equal Growth Rates"
9,7,"petite","second-15min",1502,3754,201073,809058,5256,1010131,118,364,17180,83064,482,100244,"Equal Growth Rates"
9,8,"petite","second-15min",1305,3885,177863,842492,5190,1020355,102,380,13416,86713,482,100129,"Equal Growth Rates"
9,9,"petite","second-15min",1069,4005,141843,867618,5074,1009461,72,397,10114,90000,469,100114,"Equal Growth Rates"
9,10,"petite","second-15min",762,4218,102600,903484,4980,1006084,65,417,8897,91291,482,100188,"Equal Growth Rates"
9,11,"petite","second-15min",714,4223,98892,913945,4937,1012837,45,404,6140,93954,449,100094,"Equal Growth Rates"
9,12,"petite","second-15min",494,4345,66745,952090,4839,1018835,46,402,7084,92948,448,100032,"Equal Growth Rates"
9,13,"petite","second-15min",533,4355,73335,939397,4888,1012732,27,427,3723,96379,454,100102,"Equal Growth Rates"
9,14,"petite","second-15min",294,4477,40088,960807,4771,1000895,24,410,3501,96658,434,100159,"Equal Growth Rates"
9,15,"petite","second-15min",248,4515,33875,981416,4763,1015291,14,419,1970,98222,433,100192,"Equal Growth Rates"
9,16,"petite","second-15min",140,4587,19326,991675,4727,1011001,14,425,1953,98397,439,100350,"Equal Growth Rates"
9,17,"petite","second-15min",149,4589,20523,994187,4738,1014710,10,432,1396,98823,442,100219,"Equal Growth Rates"
9,18,"petite","second-15min",106,4601,14882,985954,4707,1000836,15,434,2335,97673,449,100008,"Equal Growth Rates"
9,19,"petite","second-15min",183,4545,24602,989812,4728,1014414,18,415,2646,97471,433,100117,"Equal Growth Rates"
9,20,"petite","second-15min",193,4530,27032,979607,4723,1006639,9,427,1471,98847,436,100318,"Equal Growth Rates"
9,21,"petite","second-15min",117,4603,15048,995495,4720,1010543,7,420,1064,99014,427,100078,"Equal Growth Rates"
9,22,"petite","second-15min",82,4599,10699,999548,4681,1010247,10,419,1442,98672,429,100114,"Equal Growth Rates"
9,23,"petite","second-15min",115,4595,15088,993767,4710,1008855,10,423,1404,98596,433,100000,"Equal Growth Rates"
9,24,"petite","second-15min",99,4594,12864,1002879,4693,1015743,7,444,689,99330,451,100019,"Equal Growth Rates"
9,25,"petite","second-15min",47,4632,6414,997198,4679,1003612,2,425,335,99800,427,100135,"Equal Growth Rates"
9,26,"petite","second-15min",31,4643,4169,1005844,4674,1010013,1,436,220,99997,437,100217,"Equal Growth Rates"
9,27,"petite","second-15min",20,4638,2886,1004292,4658,1007178,1,433,168,99951,434,100119,"Equal Growth Rates"
9,28,"petite","second-15min",13,4653,1908,1011213,4666,1013121,1,427,147,99945,428,100092,"Equal Growth Rates"
34,1,"petite","second-15min",3830,2284,510181,496788,6114,1006969,273,241,41181,58909,514,100090,"Equal Growth Rates"
34,2,"petite","second-15min",3178,2612,426958,567248,5790,994206,243,275,35500,64689,518,100189,"Equal Growth Rates"
34,3,"petite","second-15min",2643,2996,356586,655468,5639,1012054,209,292,31344,68675,501,100019,"Equal Growth Rates"
34,4,"petite","second-15min",2440,3197,331180,690408,5637,1021588,187,316,27612,72523,503,100135,"Equal Growth Rates"
34,5,"petite","second-15min",2183,3330,295718,718779,5513,1014497,163,332,23231,76909,495,100140,"Equal Growth Rates"
34,6,"petite","second-15min",1820,3564,247285,780580,5384,1027865,125,362,18176,81979,487,100155,"Equal Growth Rates"
34,7,"petite","second-15min",1454,3782,197104,811009,5236,1008113,89,387,12283,87874,476,100157,"Equal Growth Rates"
34,8,"petite","second-15min",947,4103,128220,894121,5050,1022341,70,383,10522,89511,453,100033,"Equal Growth Rates"
34,9,"petite","second-15min",813,4163,113870,894932,4976,1008802,51,414,7076,93173,465,100249,"Equal Growth Rates"
34,10,"petite","second-15min",562,4320,73829,932825,4882,1006654,49,402,6654,93655,451,100309,"Equal Growth Rates"
34,11,"petite","second-15min",535,4325,73851,948402,4860,1022253,41,397,6293,93918,438,100211,"Equal Growth Rates"
34,12,"petite","second-15min",506,4351,69242,948853,4857,1018095,48,401,7185,93040,449,100225,"Equal Growth Rates"
34,13,"petite","second-15min",540,4363,72343,935803,4903,1008146,40,417,6438,93915,457,100353,"Equal Growth Rates"
34,14,"petite","second-15min",477,4375,64353,952229,4852,1016582,45,407,6522,93521,452,100043,"Equal Growth Rates"
34,15,"petite","second-15min",484,4366,64915,948631,4850,1013546,40,400,5179,95131,440,100310,"Equal Growth Rates"
34,16,"petite","second-15min",447,4373,59480,946795,4820,1006275,36,416,5256,94752,452,100008,"Equal Growth Rates"
34,17,"petite","second-15min",396,4406,52702,959060,4802,1011762,31,410,4030,96196,441,100226,"Equal Growth Rates"
34,18,"petite","second-15min",315,4464,41846,974862,4779,1016708,25,417,3157,96960,442,100117,"Equal Growth Rates"
34,19,"petite","second-15min",253,4503,33563,976340,4756,1009903,20,403,2680,97553,423,100233,"Equal Growth Rates"
34,20,"petite","second-15min",210,4537,28076,978184,4747,1006260,14,417,1898,98235,431,100133,"Equal Growth Rates"
34,21,"petite","second-15min",146,4568,20501,1000674,4714,1021175,7,422,1106,99067,429,100173,"Equal Growth Rates"
34,22,"petite","second-15min",83,4594,10990,997580,4677,1008570,6,441,1068,99048,447,100116,"Equal Growth Rates"
34,23,"petite","second-15min",89,4610,12033,1001094,4699,1013127,3,417,413,99906,420,100319,"Equal Growth Rates"
34,24,"petite","second-15min",29,4632,3732,1001196,4661,1004928,1,426,98,99981,427,100079,"Equal Growth Rates"
34,25,"petite","second-15min",5,4665,578,996201,4670,996779,1,441,127,100298,442,100425,"Equal Growth Rates"
34,26,"petite","second-15min",9,4670,1325,1008313,4679,1009638,1,444,91,100266,445,100357,"Equal Growth Rates"
7,1,"petite","second-15min",3876,2244,521370,489226,6120,1010596,317,235,45933,54182,552,100115,"Equal Growth Rates"
7,2,"petite","second-15min",3486,2450,470731,531482,5936,1002213,273,261,40628,59396,534,100024,"Equal Growth Rates"
7,3,"petite","second-15min",3103,2656,430146,578546,5759,1008692,256,261,40357,59799,517,100156,"Equal Growth Rates"
7,4,"petite","second-15min",3066,2708,408111,592464,5774,1000575,230,302,33248,67117,532,100365,"Equal Growth Rates"
7,5,"petite","second-15min",2502,3063,338474,667238,5565,1005712,183,319,27646,72538,502,100184,"Equal Growth Rates"
7,6,"petite","second-15min",2175,3352,291086,726552,5527,1017638,154,335,22923,77170,489,100093,"Equal Growth Rates"
7,7,"petite","second-15min",1821,3552,247124,774436,5373,1021560,144,335,21128,78891,479,100019,"Equal Growth Rates"
7,8,"petite","second-15min",1637,3656,224697,793454,5293,1018151,126,347,19547,80453,473,100000,"Equal Growth Rates"
7,9,"petite","second-15min",1528,3731,211539,800107,5259,1011646,118,364,16905,83155,482,100060,"Equal Growth Rates"
7,10,"petite","second-15min",1295,3889,174499,840367,5184,1014866,87,390,11527,88545,477,100072,"Equal Growth Rates"
7,11,"petite","second-15min",914,4106,121422,892251,5020,1013673,67,380,9722,90435,447,100157,"Equal Growth Rates"
7,12,"petite","second-15min",765,4187,103651,902181,4952,1005832,48,411,6954,93281,459,100235,"Equal Growth Rates"
7,13,"petite","second-15min",554,4326,73424,936738,4880,1010162,38,419,5053,94949,457,100002,"Equal Growth Rates"
7,14,"petite","second-15min",375,4428,51373,956027,4803,1007400,31,410,4376,95715,441,100091,"Equal Growth Rates"
7,15,"petite","second-15min",373,4412,50866,954452,4785,1005318,19,414,2829,97449,433,100278,"Equal Growth Rates"
7,16,"petite","second-15min",206,4544,27182,984132,4750,1011314,11,420,1517,98666,431,100183,"Equal Growth Rates"
7,17,"petite","second-15min",131,4563,16389,996572,4694,1012961,8,418,1048,99075,426,100123,"Equal Growth Rates"
7,18,"petite","second-15min",76,4597,10023,1001786,4673,1011809,4,422,543,99594,426,100137,"Equal Growth Rates"
7,19,"petite","second-15min",47,4615,6068,999766,4662,1005834,2,430,419,99728,432,100147,"Equal Growth Rates"
7,20,"petite","second-15min",37,4628,4905,1004299,4665,1009204,2,430,451,99874,432,100325,"Equal Growth Rates"
7,21,"petite","second-15min",35,4648,4527,1008746,4683,1013273,1,447,95,99923,448,100018,"Equal Growth Rates"
6,1,"petite","second-15min",3878,2251,523623,484447,6129,1008070,303,247,43230,56883,550,100113,"Equal Growth Rates"
6,2,"petite","second-15min",3220,2621,439727,566450,5841,1006177,252,286,36616,63547,538,100163,"Equal Growth Rates"
6,3,"petite","second-15min",2725,2904,374794,628587,5629,1003381,207,299,29831,70172,506,100003,"Equal Growth Rates"
6,4,"petite","second-15min",2264,3348,304093,715331,5612,1019424,169,345,23447,76765,514,100212,"Equal Growth Rates"
6,5,"petite","second-15min",1867,3550,252357,767518,5417,1019875,112,351,16094,83953,463,100047,"Equal Growth Rates"
6,6,"petite","second-15min",1220,3937,167689,852571,5157,1020260,92,373,12752,87299,465,100051,"Equal Growth Rates"
6,7,"petite","second-15min",980,4069,134606,881020,5049,1015626,55,397,8837,91292,452,100129,"Equal Growth Rates"
6,8,"petite","second-15min",677,4247,93016,920849,4924,1013865,49,404,7555,92552,453,100107,"Equal Growth Rates"
6,9,"petite","second-15min",575,4311,79062,933382,4886,1012444,36,405,6387,94188,441,100575,"Equal Growth Rates"
6,10,"petite","second-15min",500,4359,69014,945266,4859,1014280,32,418,4219,95889,450,100108,"Equal Growth Rates"
6,11,"petite","second-15min",310,4478,42886,970301,4788,1013187,21,433,3144,97015,454,100159,"Equal Growth Rates"
6,12,"petite","second-15min",248,4499,33290,977324,4747,1010614,13,426,1390,98661,439,100051,"Equal Growth Rates"
6,13,"petite","second-15min",103,4597,13574,986998,4700,1000572,3,426,343,99802,429,100145,"Equal Growth Rates"
1,1,"petite","second-15min",3857,2279,518219,498428,6136,1016647,314,243,44137,56230,557,100367,"Equal Growth Rates"
1,2,"petite","second-15min",3308,2582,445554,566402,5890,1011956,264,265,38062,62020,529,100082,"Equal Growth Rates"
1,3,"petite","second-15min",2899,2782,394431,613467,5681,1007898,241,302,33900,66183,543,100083,"Equal Growth Rates"
1,4,"petite","second-15min",2591,2969,347739,653759,5560,1001498,194,299,28482,71660,493,100142,"Equal Growth Rates"
1,5,"petite","second-15min",2207,3328,295044,729426,5535,1024470,155,339,22437,77720,494,100157,"Equal Growth Rates"
1,6,"petite","second-15min",1757,3591,236175,780168,5348,1016343,128,358,17694,82327,486,100021,"Equal Growth Rates"
1,7,"petite","second-15min",1375,3828,189229,828373,5203,1017602,89,385,12668,87399,474,100067,"Equal Growth Rates"
1,8,"petite","second-15min",982,4082,131801,878629,5064,1010430,66,400,8945,91237,466,100182,"Equal Growth Rates"
1,9,"petite","second-15min",661,4289,87261,925390,4950,1012651,41,417,5626,94643,458,100269,"Equal Growth Rates"
1,10,"petite","second-15min",416,4420,56575,956282,4836,1012857,22,404,3295,96847,426,100142,"Equal Growth Rates"
1,11,"petite","second-15min",239,4527,31430,981849,4766,1013279,17,419,2253,97899,436,100152,"Equal Growth Rates"
1,12,"petite","second-15min",180,4554,24985,980850,4734,1005835,9,430,1397,98613,439,100010,"Equal Growth Rates"
1,13,"petite","second-15min",104,4599,12954,999290,4703,1012244,13,425,1695,98358,438,100053,"Equal Growth Rates"
1,14,"petite","second-15min",131,4572,17762,991041,4703,1008803,15,422,2375,97777,437,100152,"Equal Growth Rates"
1,15,"petite","second-15min",206,4546,28334,983557,4752,1011891,12,428,1880,98321,440,100201,"Equal Growth Rates"
1,16,"petite","second-15min",145,4561,20311,981447,4706,1001758,13,425,1950,98576,438,100526,"Equal Growth Rates"
1,17,"petite","second-15min",170,4591,22212,985831,4761,1008043,12,431,1868,98439,443,100307,"Equal Growth Rates"
1,18,"petite","second-15min",125,4591,17088,1004069,4716,1021157,5,430,689,99316,435,100005,"Equal Growth Rates"
1,19,"petite","second-15min",49,4623,7157,1011940,4672,1019097,3,417,433,99874,420,100307,"Equal Growth Rates"
1,20,"petite","second-15min",32,4646,3788,1009436,4678,1013224,1,432,129,100101,433,100230,"Equal Growth Rates"
8,1,"petite","second-15min",3878,2247,524280,488319,6125,1012599,295,251,42719,57464,546,100183,"Equal Growth Rates"
8,2,"petite","second-15min",3226,2614,438652,566153,5840,1004805,243,284,36254,63769,527,100023,"Equal Growth Rates"
8,3,"petite","second-15min",2752,2875,372312,624286,5627,996598,199,307,29764,70600,506,100364,"Equal Growth Rates"
8,4,"petite","second-15min",2249,3218,306532,693670,5467,1000202,180,319,27050,73029,499,100079,"Equal Growth Rates"
8,5,"petite","second-15min",2146,3356,289456,726807,5502,1016263,133,348,20244,80014,481,100258,"Equal Growth Rates"
8,6,"petite","second-15min",1530,3768,207283,817382,5298,1024665,122,364,17155,82992,486,100147,"Equal Growth Rates"
8,7,"petite","second-15min",1321,3896,179502,842546,5217,1022048,87,396,12263,87833,483,100096,"Equal Growth Rates"
8,8,"petite","second-15min",938,4084,125525,888039,5022,1013564,64,397,9651,90549,461,100200,"Equal Growth Rates"
8,9,"petite","second-15min",771,4203,104677,910570,4974,1015247,51,408,7736,92417,459,100153,"Equal Growth Rates"
8,10,"petite","second-15min",546,4360,73518,941471,4906,1014989,41,419,6129,94108,460,100237,"Equal Growth Rates"
8,11,"petite","second-15min",472,4382,63537,961632,4854,1025169,33,406,4920,95368,439,100288,"Equal Growth Rates"
8,12,"petite","second-15min",397,4401,54030,967604,4798,1021634,24,412,3249,96914,436,100163,"Equal Growth Rates"
8,13,"petite","second-15min",260,4493,34302,975443,4753,1009745,15,420,1959,98089,435,100048,"Equal Growth Rates"
8,14,"petite","second-15min",144,4558,20190,991744,4702,1011934,10,409,1120,99216,419,100336,"Equal Growth Rates"
8,15,"petite","second-15min",90,4596,12350,1005020,4686,1017370,3,430,476,99785,433,100261,"Equal Growth Rates"
8,16,"petite","second-15min",39,4621,5183,1006669,4660,1011852,1,429,246,99848,430,100094,"Equal Growth Rates"
8,17,"petite","second-15min",24,4628,3099,1001175,4652,1004274,1,443,116,100078,444,100194,"Equal Growth Rates"
35,1,"petite","second-15min",3892,2239,517507,488266,6131,1005773,295,246,41858,58223,541,100081,"Equal Growth Rates"
35,2,"petite","second-15min",3134,2669,430436,580283,5803,1010719,232,273,34563,65540,505,100103,"Equal Growth Rates"
35,3,"petite","second-15min",2595,2983,352914,644492,5578,997406,213,309,30427,69930,522,100357,"Equal Growth Rates"
35,4,"petite","second-15min",2311,3187,311589,688628,5498,1000217,161,327,23350,76708,488,100058,"Equal Growth Rates"
35,5,"petite","second-15min",1802,3579,240552,776581,5381,1017133,112,373,15295,84796,485,100091,"Equal Growth Rates"
35,6,"petite","second-15min",1193,3945,160761,859596,5138,1020357,86,374,11607,88825,460,100432,"Equal Growth Rates"
35,7,"petite","second-15min",880,4159,117741,901778,5039,1019519,58,398,8745,91323,456,100068,"Equal Growth Rates"
35,8,"petite","second-15min",708,4232,96061,915812,4940,1011873,44,406,6799,93226,450,100025,"Equal Growth Rates"
35,9,"petite","second-15min",584,4293,79761,925068,4877,1004829,47,404,6696,93599,451,100295,"Equal Growth Rates"
35,10,"petite","second-15min",523,4351,70593,936545,4874,1007138,38,409,5233,94991,447,100224,"Equal Growth Rates"
35,11,"petite","second-15min",402,4415,56716,950107,4817,1006823,27,425,3838,96167,452,100005,"Equal Growth Rates"
35,12,"petite","second-15min",311,4468,42848,958469,4779,1001317,21,432,2832,97212,453,100044,"Equal Growth Rates"
35,13,"petite","second-15min",228,4521,30224,980338,4749,1010562,15,432,1802,98361,447,100163,"Equal Growth Rates"
35,14,"petite","second-15min",141,4571,20170,993129,4712,1013299,10,434,1481,98523,444,100004,"Equal Growth Rates"
35,15,"petite","second-15min",110,4586,15500,999259,4696,1014759,6,432,822,99223,438,100045,"Equal Growth Rates"
35,16,"petite","second-15min",68,4599,8996,1005389,4667,1014385,5,431,744,99278,436,100022,"Equal Growth Rates"
35,17,"petite","second-15min",62,4597,7479,991085,4659,998564,2,449,170,99879,451,100049,"Equal Growth Rates"
35,18,"petite","second-15min",12,4634,1844,1009222,4646,1011066,1,429,308,99976,430,100284,"Equal Growth Rates"
32,1,"petite","second-15min",3834,2298,509774,497316,6132,1007090,301,240,42565,57629,541,100194,"Equal Growth Rates"
32,2,"petite","second-15min",3254,2577,436284,559674,5831,995958,267,270,37566,62687,537,100253,"Equal Growth Rates"
32,3,"petite","second-15min",2864,2837,390025,613901,5701,1003926,228,296,32438,67562,524,100000,"Equal Growth Rates"
32,4,"petite","second-15min",2484,3038,337537,661476,5522,999013,207,296,30474,69930,503,100404,"Equal Growth Rates"
32,5,"petite","second-15min",2364,3118,323241,675997,5482,999238,178,319,26894,73228,497,100122,"Equal Growth Rates"
32,6,"petite","second-15min",2113,3376,287564,735521,5489,1023085,160,331,23571,76592,491,100163,"Equal Growth Rates"
32,7,"petite","second-15min",1809,3593,241481,778505,5402,1019986,139,347,19404,80681,486,100085,"Equal Growth Rates"
32,8,"petite","second-15min",1514,3733,208239,808479,5247,1016718,107,374,15693,84484,481,100177,"Equal Growth Rates"
32,9,"petite","second-15min",1167,3996,158271,862396,5163,1020667,84,380,11749,88287,464,100036,"Equal Growth Rates"
32,10,"petite","second-15min",912,4109,120384,893773,5021,1014157,66,389,8974,91387,455,100361,"Equal Growth Rates"
32,11,"petite","second-15min",670,4272,90171,926748,4942,1016919,38,408,5360,94813,446,100173,"Equal Growth Rates"
32,12,"petite","second-15min",445,4380,61146,943622,4825,1004768,37,416,5841,94249,453,100090,"Equal Growth Rates"
32,13,"petite","second-15min",472,4351,65142,947801,4823,1012943,38,410,5778,94628,448,100406,"Equal Growth Rates"
32,14,"petite","second-15min",447,4393,59136,955715,4840,1014851,40,413,5077,95001,453,100078,"Equal Growth Rates"
32,15,"petite","second-15min",416,4393,56967,954407,4809,1011374,30,420,4062,96184,450,100246,"Equal Growth Rates"
32,16,"petite","second-15min",319,4457,42757,961323,4776,1004080,34,418,4792,95545,452,100337,"Equal Growth Rates"
32,17,"petite","second-15min",340,4471,46223,970382,4811,1016605,20,423,3001,97040,443,100041,"Equal Growth Rates"
32,18,"petite","second-15min",263,4486,35577,966410,4749,1001987,12,434,1428,98659,446,100087,"Equal Growth Rates"
32,19,"petite","second-15min",115,4583,17322,995426,4698,1012748,11,424,1575,98535,435,100110,"Equal Growth Rates"
32,20,"petite","second-15min",139,4552,19335,990077,4691,1009412,10,435,1547,98681,445,100228,"Equal Growth Rates"
32,21,"petite","second-15min",119,4586,16687,994338,4705,1011025,10,414,1561,98508,424,100069,"Equal Growth Rates"
32,22,"petite","second-15min",116,4576,17121,998029,4692,1015150,13,429,1867,98287,442,100154,"Equal Growth Rates"
32,23,"petite","second-15min",139,4573,17431,987137,4712,1004568,10,435,1382,98905,445,100287,"Equal Growth Rates"
32,24,"petite","second-15min",95,4612,12485,997945,4707,1010430,6,428,830,99331,434,100161,"Equal Growth Rates"
32,25,"petite","second-15min",56,4614,8105,1004391,4670,1012496,6,433,1016,99380,439,100396,"Equal Growth Rates"
32,26,"petite","second-15min",61,4643,7824,1001909,4704,1009733,5,436,807,99329,441,100136,"Equal Growth Rates"
32,27,"petite","second-15min",54,4610,7718,994046,4664,1001764,11,431,1470,98601,442,100071,"Equal Growth Rates"
32,28,"petite","second-15min",96,4594,14084,1002143,4690,1016227,6,436,791,99704,442,100495,"Equal Growth Rates"
32,29,"petite","second-15min",58,4648,8056,1009188,4706,1017244,4,430,779,99618,434,100397,"Equal Growth Rates"
32,30,"petite","second-15min",63,4619,9323,992682,4682,1002005,3,430,446,99561,433,100007,"Equal Growth Rates"
32,31,"petite","second-15min",32,4632,4141,996086,4664,1000227,5,437,794,99251,442,100045,"Equal Growth Rates"
32,32,"petite","second-15min",60,4622,8443,1004046,4682,1012489,7,436,879,99301,443,100180,"Equal Growth Rates"
32,33,"petite","second-15min",59,4607,7821,1004899,4666,1012720,5,439,823,99296,444,100119,"Equal Growth Rates"
32,34,"petite","second-15min",65,4604,9109,1003701,4669,1012810,7,418,928,99180,425,100108,"Equal Growth Rates"
32,35,"petite","second-15min",77,4615,11053,1009077,4692,1020130,2,437,619,99929,439,100548,"Equal Growth Rates"
32,36,"petite","second-15min",54,4627,7760,1005799,4681,1013559,5,423,922,99182,428,100104,"Equal Growth Rates"
32,37,"petite","second-15min",62,4632,7929,1001557,4694,1009486,3,432,382,99769,435,100151,"Equal Growth Rates"
32,38,"petite","second-15min",28,4623,4120,1005464,4651,1009584,1,422,141,100047,423,100188,"Equal Growth Rates"
50,1,"petite","second-15min",3900,2224,522884,484930,6124,1007814,313,252,44928,55607,565,100535,"Equal Growth Rates"
50,2,"petite","second-15min",3360,2576,451515,563157,5936,1014672,252,282,36658,63672,534,100330,"Equal Growth Rates"
50,3,"petite","second-15min",2843,2832,384690,613498,5675,998188,235,291,33632,66427,526,100059,"Equal Growth Rates"
50,4,"petite","second-15min",2565,3005,348053,645310,5570,993363,209,313,29962,70358,522,100320,"Equal Growth Rates"
43,1,"petite","second-15min",3849,2300,513465,496165,6149,1009630,322,244,46534,53549,566,100083,"Equal Growth Rates"
43,2,"petite","second-15min",3520,2427,475530,531205,5947,1006735,277,250,40454,59669,527,100123,"Equal Growth Rates"
43,3,"petite","second-15min",3118,2658,425382,578940,5776,1004322,237,271,35803,64256,508,100059,"Equal Growth Rates"
43,4,"petite","second-15min",2788,2840,374601,610381,5628,984982,223,304,31153,69255,527,100408,"Equal Growth Rates"
43,5,"petite","second-15min",2376,3121,322154,674875,5497,997029,174,302,27919,72167,476,100086,"Equal Growth Rates"
43,6,"petite","second-15min",2218,3327,303129,716606,5545,1019735,171,324,25640,74400,495,100040,"Equal Growth Rates"
43,7,"petite","second-15min",1978,3492,264796,757819,5470,1022615,145,336,21632,78644,481,100276,"Equal Growth Rates"
43,8,"petite","second-15min",1673,3647,228289,805087,5320,1033376,112,355,15551,84562,467,100113,"Equal Growth Rates"
43,9,"petite","second-15min",1208,3933,164398,853891,5141,1018289,83,384,12328,87719,467,100047,"Equal Growth Rates"
43,10,"petite","second-15min",913,4113,124896,882102,5026,1006998,82,384,11340,89083,466,100423,"Equal Growth Rates"
43,11,"petite","second-15min",925,4093,122861,892454,5018,1015315,69,395,9917,90238,464,100155,"Equal Growth Rates"
43,12,"petite","second-15min",756,4210,101118,916228,4966,1017346,54,394,7379,92679,448,100058,"Equal Growth Rates"
43,13,"petite","second-15min",614,4271,81431,916267,4885,997698,44,417,6279,93941,461,100220,"Equal Growth Rates"
43,14,"petite","second-15min",489,4371,66586,949186,4860,1015772,38,404,5855,94193,442,100048,"Equal Growth Rates"
43,15,"petite","second-15min",469,4370,64552,945628,4839,1010180,38,419,6048,94137,457,100185,"Equal Growth Rates"
43,16,"petite","second-15min",439,4394,59568,958982,4833,1018550,36,407,5478,94751,443,100229,"Equal Growth Rates"
43,17,"petite","second-15min",439,4402,59447,957668,4841,1017115,29,425,3309,96764,454,100073,"Equal Growth Rates"
43,18,"petite","second-15min",252,4514,33435,976144,4766,1009579,21,422,2830,97337,443,100167,"Equal Growth Rates"
43,19,"petite","second-15min",189,4558,26274,984145,4747,1010419,12,417,1735,98574,429,100309,"Equal Growth Rates"
43,20,"petite","second-15min",125,4581,15573,981607,4706,997180,16,434,1957,98170,450,100127,"Equal Growth Rates"
43,21,"petite","second-15min",150,4569,20448,983098,4719,1003546,4,426,741,99398,430,100139,"Equal Growth Rates"
43,22,"petite","second-15min",57,4614,7526,999792,4671,1007318,6,420,1050,98991,426,100041,"Equal Growth Rates"
43,23,"petite","second-15min",73,4632,8472,1008095,4705,1016567,5,433,731,99291,438,100022,"Equal Growth Rates"
43,24,"petite","second-15min",63,4603,8833,1002731,4666,1011564,6,427,573,99663,433,100236,"Equal Growth Rates"
43,25,"petite","second-15min",48,4624,7462,1008293,4672,1015755,2,419,190,99888,421,100078,"Equal Growth Rates"
43,26,"petite","second-15min",16,4636,2016,1004331,4652,1006347,1,431,157,100047,432,100204,"Equal Growth Rates"
43,27,"petite","second-15min",11,4645,1336,1009388,4656,1010724,2,427,351,99743,429,100094,"Equal Growth Rates"
43,28,"petite","second-15min",29,4631,4154,999148,4660,1003302,3,417,434,99625,420,100059,"Equal Growth Rates"
44,1,"petite","second-15min",3873,2262,513757,501386,6135,1015143,289,245,41981,58108,534,100089,"Equal Growth Rates"
44,2,"petite","second-15min",3177,2647,433492,579375,5824,1012867,270,269,39181,61019,539,100200,"Equal Growth Rates"
44,3,"petite","second-15min",2998,2722,407524,591521,5720,999045,236,280,34457,65565,516,100022,"Equal Growth Rates"
44,4,"petite","second-15min",2658,2922,361646,629679,5580,991325,185,307,28230,71937,492,100167,"Equal Growth Rates"
44,5,"petite","second-15min",2221,3332,306659,715767,5553,1022426,172,330,25099,75216,502,100315,"Equal Growth Rates"
44,6,"petite","second-15min",1971,3487,266842,749494,5458,1016336,170,327,24980,75086,497,100066,"Equal Growth Rates"
44,7,"petite","second-15min",1900,3538,253820,769706,5438,1023526,133,343,19812,80297,476,100109,"Equal Growth Rates"
44,8,"petite","second-15min",1547,3714,209479,810242,5261,1019721,122,351,18204,81838,473,100042,"Equal Growth Rates"
44,9,"petite","second-15min",1415,3802,188925,832407,5217,1021332,113,362,16697,83390,475,100087,"Equal Growth Rates"
44,10,"petite","second-15min",1356,3820,182079,838760,5176,1020839,87,360,12353,87664,447,100017,"Equal Growth Rates"
44,11,"petite","second-15min",956,4092,125037,886003,5048,1011040,62,400,8012,92060,462,100072,"Equal Growth Rates"
44,12,"petite","second-15min",615,4282,82663,941488,4897,1024151,38,413,5585,94429,451,100014,"Equal Growth Rates"
44,13,"petite","second-15min",451,4376,59427,960754,4827,1020181,35,406,4808,95405,441,100213,"Equal Growth Rates"
44,14,"petite","second-15min",344,4465,45460,957862,4809,1003322,22,437,3032,97251,459,100283,"Equal Growth Rates"
44,15,"petite","second-15min",238,4518,31910,976501,4756,1008411,15,423,2123,97915,438,100038,"Equal Growth Rates"
44,16,"petite","second-15min",155,4553,21520,986788,4708,1008308,12,413,1852,98179,425,100031,"Equal Growth Rates"
44,17,"petite","second-15min",151,4564,20020,992020,4715,1012040,11,425,1811,98369,436,100180,"Equal Growth Rates"
44,18,"petite","second-15min",151,4566,21827,989650,4717,1011477,10,431,1325,98844,441,100169,"Equal Growth Rates"
44,19,"petite","second-15min",94,4592,12469,995483,4686,1007952,9,431,1179,99299,440,100478,"Equal Growth Rates"
44,20,"petite","second-15min",90,4607,11955,1003810,4697,1015765,6,437,917,99266,443,100183,"Equal Growth Rates"
44,21,"petite","second-15min",74,4610,9584,1001204,4684,1010788,3,422,546,99592,425,100138,"Equal Growth Rates"
44,22,"petite","second-15min",44,4616,6487,1004306,4660,1010793,2,420,323,99863,422,100186,"Equal Growth Rates"
44,23,"petite","second-15min",28,4646,3875,1011072,4674,1014947,1,423,121,100102,424,100223,"Equal Growth Rates"
10,1,"petite","second-15min",3829,2310,510237,505029,6139,1015266,293,254,40429,59633,547,100062,"Equal Growth Rates"
10,2,"petite","second-15min",2968,2785,403186,605226,5753,1008412,237,281,35660,64656,518,100316,"Equal Growth Rates"
10,3,"petite","second-15min",2719,2923,365065,628862,5642,993927,193,318,27595,72514,511,100109,"Equal Growth Rates"
10,4,"petite","second-15min",2159,3360,297625,726816,5519,1024441,170,331,25324,74752,501,100076,"Equal Growth Rates"
10,5,"petite","second-15min",2013,3445,274760,742092,5458,1016852,127,351,18854,81315,478,100169,"Equal Growth Rates"
10,6,"petite","second-15min",1467,3781,199102,814980,5248,1014082,102,363,15132,84897,465,100029,"Equal Growth Rates"
10,7,"petite","second-15min",1150,3968,155753,863552,5118,1019305,84,372,12018,88136,456,100154,"Equal Growth Rates"
10,8,"petite","second-15min",971,4045,132589,880835,5016,1013424,75,383,10794,89431,458,100225,"Equal Growth Rates"
10,9,"petite","second-15min",898,4096,121692,887388,4994,1009080,61,387,9061,90975,448,100036,"Equal Growth Rates"
10,10,"petite","second-15min",744,4188,100909,902391,4932,1003300,61,404,9056,91038,465,100094,"Equal Growth Rates"
10,11,"petite","second-15min",688,4244,94390,918689,4932,1013079,50,407,6839,93475,457,100314,"Equal Growth Rates"
10,12,"petite","second-15min",553,4314,74388,941732,4867,1016120,32,408,4257,95806,440,100063,"Equal Growth Rates"
10,13,"petite","second-15min",343,4436,45950,954838,4779,1000788,24,419,3443,96732,443,100175,"Equal Growth Rates"
10,14,"petite","second-15min",257,4498,34842,972558,4755,1007400,20,428,2915,97421,448,100336,"Equal Growth Rates"
10,15,"petite","second-15min",230,4527,30761,982977,4757,1013738,9,431,1119,98977,440,100096,"Equal Growth Rates"
10,16,"petite","second-15min",91,4601,12511,996122,4692,1008633,4,421,650,99714,425,100364,"Equal Growth Rates"
10,17,"petite","second-15min",51,4637,6877,1006975,4688,1013852,2,421,230,99847,423,100077,"Equal Growth Rates"
10,18,"petite","second-15min",16,4642,2268,1009776,4658,1012044,2,431,384,99635,433,100019,"Equal Growth Rates"
10,19,"petite","second-15min",29,4638,3669,1005358,4667,1009027,3,430,521,99512,433,100033,"Equal Growth Rates"
10,20,"petite","second-15min",44,4618,5640,1006214,4662,1011854,1,435,108,99905,436,100013,"Equal Growth Rates"
17,1,"petite","second-15min",3848,2288,513385,494414,6136,1007799,302,251,43003,57149,553,100152,"Equal Growth Rates"
17,2,"petite","second-15min",3231,2618,437686,571230,5849,1008916,245,283,35227,64958,528,100185,"Equal Growth Rates"
17,3,"petite","second-15min",2689,2939,363484,635142,5628,998626,211,294,31732,68353,505,100085,"Equal Growth Rates"
17,4,"petite","second-15min",2420,3225,320460,703323,5645,1023783,168,329,23875,76329,497,100204,"Equal Growth Rates"
17,5,"petite","second-15min",1863,3537,254123,764699,5400,1018822,142,357,19329,80908,499,100237,"Equal Growth Rates"
17,6,"petite","second-15min",1493,3770,199177,817592,5263,1016769,111,363,16429,83763,474,100192,"Equal Growth Rates"
17,7,"petite","second-15min",1301,3863,175172,838878,5164,1014050,102,378,14904,85193,480,100097,"Equal Growth Rates"
17,8,"petite","second-15min",1213,3896,161353,844856,5109,1006209,76,376,11214,88856,452,100070,"Equal Growth Rates"
17,9,"petite","second-15min",881,4136,117843,897028,5017,1014871,52,399,7221,92845,451,100066,"Equal Growth Rates"
17,10,"petite","second-15min",567,4323,76008,934760,4890,1010768,45,412,7130,93104,457,100234,"Equal Growth Rates"
17,11,"petite","second-15min",578,4299,76716,930268,4877,1006984,48,395,6543,93688,443,100231,"Equal Growth Rates"
17,12,"petite","second-15min",464,4396,63471,964591,4860,1028062,32,398,4576,95526,430,100102,"Equal Growth Rates"
17,13,"petite","second-15min",339,4438,47639,961798,4777,1009437,24,419,3747,96355,443,100102,"Equal Growth Rates"
17,14,"petite","second-15min",328,4439,44613,966332,4767,1010945,18,408,2987,97175,426,100162,"Equal Growth Rates"
17,15,"petite","second-15min",226,4518,31415,981553,4744,1012968,15,429,2026,97983,444,100009,"Equal Growth Rates"
17,16,"petite","second-15min",159,4546,20763,986084,4705,1006847,11,441,1831,98216,452,100047,"Equal Growth Rates"
17,17,"petite","second-15min",148,4545,20392,996458,4693,1016850,9,431,1475,98679,440,100154,"Equal Growth Rates"
17,18,"petite","second-15min",118,4565,17066,996384,4683,1013450,11,421,1772,98384,432,100156,"Equal Growth Rates"
17,19,"petite","second-15min",146,4559,20416,987382,4705,1007798,8,435,906,99272,443,100178,"Equal Growth Rates"
17,20,"petite","second-15min",67,4625,8623,1006545,4692,1015168,4,426,423,99588,430,100011,"Equal Growth Rates"
17,21,"petite","second-15min",33,4631,4291,1001846,4664,1006137,2,441,222,100326,443,100548,"Equal Growth Rates"
17,22,"petite","second-15min",16,4677,2382,1012001,4693,1014383,1,435,138,99888,436,100026,"Equal Growth Rates"
28,1,"petite","second-15min",3871,2281,515556,495697,6152,1011253,308,242,44785,55220,550,100005,"Equal Growth Rates"
28,2,"petite","second-15min",3372,2540,460324,546316,5912,1006640,257,261,38448,61868,518,100316,"Equal Growth Rates"
28,3,"petite","second-15min",2905,2799,397920,606193,5704,1004113,226,285,34144,65961,511,100105,"Equal Growth Rates"
28,4,"petite","second-15min",2558,2999,348198,648865,5557,997063,204,314,29465,70581,518,100046,"Equal Growth Rates"
28,5,"petite","second-15min",2252,3307,306184,717648,5559,1023832,153,344,22406,77814,497,100220,"Equal Growth Rates"
28,6,"petite","second-15min",1774,3596,236601,782938,5370,1019539,134,348,19533,80745,482,100278,"Equal Growth Rates"
28,7,"petite","second-15min",1422,3853,189046,828500,5275,1017546,98,376,14494,85670,474,100164,"Equal Growth Rates"
28,8,"petite","second-15min",1167,3937,157623,850576,5104,1008199,97,378,13876,86220,475,100096,"Equal Growth Rates"
28,9,"petite","second-15min",1079,4012,149555,871491,5091,1021046,86,358,13375,86837,444,100212,"Equal Growth Rates"
28,10,"petite","second-15min",1079,4005,147150,868466,5084,1015616,69,392,10540,89952,461,100492,"Equal Growth Rates"
28,11,"petite","second-15min",811,4188,107995,907739,4999,1015734,51,388,7213,92942,439,100155,"Equal Growth Rates"
28,12,"petite","second-15min",535,4349,70148,936475,4884,1006623,45,405,6852,93275,450,100127,"Equal Growth Rates"
28,13,"petite","second-15min",500,4359,68389,942737,4859,1011126,38,425,5905,94096,463,100001,"Equal Growth Rates"
28,14,"petite","second-15min",480,4339,65019,949198,4819,1014217,34,402,5520,94581,436,100101,"Equal Growth Rates"
28,15,"petite","second-15min",435,4412,58341,958043,4847,1016384,22,416,3348,96873,438,100221,"Equal Growth Rates"
28,16,"petite","second-15min",279,4497,35553,977193,4776,1012746,7,426,852,99220,433,100072,"Equal Growth Rates"
28,17,"petite","second-15min",60,4627,8139,1009815,4687,1017954,2,430,330,99735,432,100065,"Equal Growth Rates"
21,1,"petite","second-15min",3839,2264,512021,497695,6103,1009716,285,240,41119,59181,525,100300,"Equal Growth Rates"
21,2,"petite","second-15min",3176,2628,432483,573417,5804,1005900,250,269,37919,62184,519,100103,"Equal Growth Rates"
21,3,"petite","second-15min",2922,2770,396093,598904,5692,994997,201,286,29868,70160,487,100028,"Equal Growth Rates"
21,4,"petite","second-15min",2263,3182,306351,688704,5445,995055,154,324,22157,77851,478,100008,"Equal Growth Rates"
21,5,"petite","second-15min",1753,3577,242197,772085,5330,1014282,127,351,18632,81623,478,100255,"Equal Growth Rates"
21,6,"petite","second-15min",1424,3814,192389,831190,5238,1023579,105,369,15755,84369,474,100124,"Equal Growth Rates"
21,7,"petite","second-15min",1177,3959,163197,854859,5136,1018056,83,388,12409,87744,471,100153,"Equal Growth Rates"
21,8,"petite","second-15min",975,4085,132399,886052,5060,1018451,64,404,8660,91448,468,100108,"Equal Growth Rates"
21,9,"petite","second-15min",717,4215,96335,908366,4932,1004701,32,403,4636,95634,435,100270,"Equal Growth Rates"
21,10,"petite","second-15min",343,4462,46427,967351,4805,1013778,17,432,2860,97284,449,100144,"Equal Growth Rates"
21,11,"petite","second-15min",224,4535,29471,988294,4759,1017765,13,418,2114,98014,431,100128,"Equal Growth Rates"
21,12,"petite","second-15min",172,4537,22805,986392,4709,1009197,15,428,1865,98303,443,100168,"Equal Growth Rates"
21,13,"petite","second-15min",145,4564,20280,985681,4709,1005961,14,421,1761,98706,435,100467,"Equal Growth Rates"
21,14,"petite","second-15min",153,4552,21680,989505,4705,1011185,10,432,1479,98629,442,100108,"Equal Growth Rates"
21,15,"petite","second-15min",108,4583,14903,1000242,4691,1015145,9,439,1198,98897,448,100095,"Equal Growth Rates"
21,16,"petite","second-15min",85,4606,11551,1000496,4691,1012047,10,422,1268,98765,432,100033,"Equal Growth Rates"
21,17,"petite","second-15min",90,4605,12268,1000381,4695,1012649,8,436,1303,98773,444,100076,"Equal Growth Rates"
21,18,"petite","second-15min",90,4604,11906,998174,4694,1010080,3,439,381,99960,442,100341,"Equal Growth Rates"
26,1,"petite","second-15min",3812,2299,507126,511134,6111,1018260,280,254,39237,60904,534,100141,"Equal Growth Rates"
26,2,"petite","second-15min",2958,2779,402990,608766,5737,1011756,225,293,33021,67001,518,100022,"Equal Growth Rates"
26,3,"petite","second-15min",2448,3086,330311,671381,5534,1001692,198,314,28148,71896,512,100044,"Equal Growth Rates"
26,4,"petite","second-15min",2147,3403,290439,731410,5550,1021849,173,329,25515,74612,502,100127,"Equal Growth Rates"
26,5,"petite","second-15min",2022,3444,269967,743537,5466,1013504,152,331,21919,78109,483,100028,"Equal Growth Rates"
26,6,"petite","second-15min",1729,3615,233945,785006,5344,1018951,122,341,18303,81781,463,100084,"Equal Growth Rates"
26,7,"petite","second-15min",1455,3763,194202,830569,5218,1024771,102,367,14845,85234,469,100079,"Equal Growth Rates"
26,8,"petite","second-15min",1145,3994,150955,865516,5139,1016471,86,392,12691,87433,478,100124,"Equal Growth Rates"
26,9,"petite","second-15min",998,4064,135684,876534,5062,1012218,65,397,8782,91307,462,100089,"Equal Growth Rates"
26,10,"petite","second-15min",667,4256,90621,920347,4923,1010968,47,392,6887,93246,439,100133,"Equal Growth Rates"
26,11,"petite","second-15min",540,4333,75571,945939,4873,1021510,37,399,5875,94194,436,100069,"Equal Growth Rates"
26,12,"petite","second-15min",478,4353,64228,940055,4831,1004283,36,408,5270,94824,444,100094,"Equal Growth Rates"
26,13,"petite","second-15min",392,4438,55051,958381,4830,1013432,23,424,3126,96996,447,100122,"Equal Growth Rates"
26,14,"petite","second-15min",252,4506,33725,977054,4758,1010779,18,422,2677,97768,440,100445,"Equal Growth Rates"
26,15,"petite","second-15min",208,4567,28046,985819,4775,1013865,9,433,1249,98982,442,100231,"Equal Growth Rates"
26,16,"petite","second-15min",98,4606,12814,995037,4704,1007851,6,431,745,99326,437,100071,"Equal Growth Rates"
26,17,"petite","second-15min",48,4623,6008,1003461,4671,1009469,2,448,258,99792,450,100050,"Equal Growth Rates"
26,18,"petite","second-15min",30,4621,3639,1000541,4651,1004180,4,430,494,99558,434,100052,"Equal Growth Rates"
26,19,"petite","second-15min",36,4627,4405,1001029,4663,1005434,5,433,594,99534,438,100128,"Equal Growth Rates"
26,20,"petite","second-15min",51,4600,6653,1001381,4651,1008034,1,453,215,99828,454,100043,"Equal Growth Rates"
26,21,"petite","second-15min",17,4638,2219,1005545,4655,1007764,1,442,122,99937,443,100059,"Equal Growth Rates"
19,1,"petite","second-15min",3891,2236,518548,496274,6127,1014822,280,245,41883,58134,525,100017,"Equal Growth Rates"
19,2,"petite","second-15min",3139,2684,427297,584428,5823,1011725,259,275,36928,63171,534,100099,"Equal Growth Rates"
19,3,"petite","second-15min",2855,2805,388656,612521,5660,1001177,227,297,33410,67039,524,100449,"Equal Growth Rates"
19,4,"petite","second-15min",2514,3064,334487,661833,5578,996320,193,304,28471,71629,497,100100,"Equal Growth Rates"
19,5,"petite","second-15min",2249,3290,303753,718129,5539,1021882,161,328,23039,77137,489,100176,"Equal Growth Rates"
19,6,"petite","second-15min",1858,3512,249322,767491,5370,1016813,142,330,20898,79290,472,100188,"Equal Growth Rates"
19,7,"petite","second-15min",1574,3726,217503,802231,5300,1019734,103,379,14396,85845,482,100241,"Equal Growth Rates"
19,8,"petite","second-15min",1122,3986,154158,858014,5108,1012172,74,373,11347,88699,447,100046,"Equal Growth Rates"
19,9,"petite","second-15min",882,4117,118077,893427,4999,1011504,62,394,8737,91550,456,100287,"Equal Growth Rates"
19,10,"petite","second-15min",695,4232,95513,915485,4927,1010998,53,397,7878,92127,450,100005,"Equal Growth Rates"
19,11,"petite","second-15min",623,4278,83427,923062,4901,1006489,56,399,8109,91967,455,100076,"Equal Growth Rates"
19,12,"petite","second-15min",669,4235,89806,905036,4904,994842,51,388,7229,92877,439,100106,"Equal Growth Rates"
19,13,"petite","second-15min",596,4279,79410,931513,4875,1010923,45,404,6132,93915,449,100047,"Equal Growth Rates"
19,14,"petite","second-15min",479,4357,65226,948068,4836,1013294,30,408,4224,95790,438,100014,"Equal Growth Rates"
19,15,"petite","second-15min",310,4471,41235,976921,4781,1018156,14,417,1952,98134,431,100086,"Equal Growth Rates"
19,16,"petite","second-15min",147,4574,19968,991137,4721,1011105,6,440,964,99067,446,100031,"Equal Growth Rates"
19,17,"petite","second-15min",77,4578,10525,1001377,4655,1011902,2,431,184,100287,433,100471,"Equal Growth Rates"
45,1,"petite","second-15min",3855,2273,517038,488849,6128,1005887,298,240,42649,57432,538,100081,"Equal Growth Rates"
45,2,"petite","second-15min",3267,2562,444675,554954,5829,999629,255,261,37986,62022,516,100008,"Equal Growth Rates"
45,3,"petite","second-15min",2858,2846,383555,616220,5704,999775,213,294,30649,69370,507,100019,"Equal Growth Rates"
45,4,"petite","second-15min",2335,3268,319201,707429,5603,1026630,158,332,22772,77352,490,100124,"Equal Growth Rates"
45,5,"petite","second-15min",1730,3632,236833,788359,5362,1025192,111,365,16190,83887,476,100077,"Equal Growth Rates"
45,6,"petite","second-15min",1258,3907,169969,842590,5165,1012559,109,357,16425,83910,466,100335,"Equal Growth Rates"
45,7,"petite","second-15min",1228,3945,169698,850069,5173,1019767,101,379,15072,85092,480,100164,"Equal Growth Rates"
45,8,"petite","second-15min",1255,3879,172253,836420,5134,1008673,79,384,12016,88093,463,100109,"Equal Growth Rates"
45,9,"petite","second-15min",935,4076,127192,881890,5011,1009082,62,394,8768,91430,456,100198,"Equal Growth Rates"
45,10,"petite","second-15min",685,4265,90870,922119,4950,1012989,41,397,5986,94132,438,100118,"Equal Growth Rates"
45,11,"petite","second-15min",479,4351,64396,946126,4830,1010522,32,410,4826,95240,442,100066,"Equal Growth Rates"
45,12,"petite","second-15min",364,4452,48040,956870,4816,1004910,23,407,3261,96742,430,100003,"Equal Growth Rates"
45,13,"petite","second-15min",234,4525,30170,987102,4759,1017272,12,418,1535,98481,430,100016,"Equal Growth Rates"
45,14,"petite","second-15min",120,4563,16695,997678,4683,1014373,10,411,1142,98947,421,100089,"Equal Growth Rates"
45,15,"petite","second-15min",87,4603,11495,992870,4690,1004365,3,420,413,99756,423,100169,"Equal Growth Rates"
42,1,"petite","second-15min",3872,2276,518914,493264,6148,1012178,322,227,46786,53268,549,100054,"Equal Growth Rates"
42,2,"petite","second-15min",3518,2452,482611,541716,5970,1024327,275,251,40971,59200,526,100171,"Equal Growth Rates"
42,3,"petite","second-15min",3118,2668,425522,573014,5786,998536,271,276,40330,60413,547,100743,"Equal Growth Rates"
42,4,"petite","second-15min",3054,2729,414573,591603,5783,1006176,209,290,28932,71537,499,100469,"Equal Growth Rates"
42,5,"petite","second-15min",2230,3228,301933,703051,5458,1004984,183,311,27669,72502,494,100171,"Equal Growth Rates"
42,6,"petite","second-15min",2084,3301,283893,711832,5385,995725,168,337,23333,76714,505,100047,"Equal Growth Rates"
42,7,"petite","second-15min",1824,3572,247881,772699,5396,1020580,139,343,20849,79201,482,100050,"Equal Growth Rates"
42,8,"petite","second-15min",1645,3665,222445,797111,5310,1019556,108,347,14956,85184,455,100140,"Equal Growth Rates"
42,9,"petite","second-15min",1188,3942,163714,852523,5130,1016237,85,380,13372,86777,465,100149,"Equal Growth Rates"
42,10,"petite","second-15min",1049,4005,142772,877008,5054,1019780,77,377,11673,88534,454,100207,"Equal Growth Rates"
42,11,"petite","second-15min",900,4121,122682,880553,5021,1003235,61,382,8771,91229,443,100000,"Equal Growth Rates"
42,12,"petite","second-15min",740,4193,99429,904542,4933,1003971,43,401,5985,94085,444,100070,"Equal Growth Rates"
42,13,"petite","second-15min",470,4366,62957,940752,4836,1003709,35,414,5518,94689,449,100207,"Equal Growth Rates"
42,14,"petite","second-15min",431,4406,59379,956913,4837,1016292,36,418,5052,95086,454,100138,"Equal Growth Rates"
42,15,"petite","second-15min",411,4389,55856,953110,4800,1008966,31,417,3601,96445,448,100046,"Equal Growth Rates"
42,16,"petite","second-15min",266,4479,36532,978017,4745,1014549,20,417,3038,97179,437,100217,"Equal Growth Rates"
42,17,"petite","second-15min",211,4545,27451,988117,4756,1015568,9,424,1305,98841,433,100146,"Equal Growth Rates"
42,18,"petite","second-15min",109,4582,14562,1004598,4691,1019160,4,423,491,99674,427,100165,"Equal Growth Rates"
42,19,"petite","second-15min",35,4626,4193,1007989,4661,1012182,3,424,389,99815,427,100204,"Equal Growth Rates"
42,20,"petite","second-15min",35,4620,4127,1010743,4655,1014870,3,427,275,100123,430,100398,"Equal Growth Rates"
27,1,"petite","second-15min",3859,2266,517529,499605,6125,1017134,305,249,41833,58214,554,100047,"Equal Growth Rates"
27,2,"petite","second-15min",3168,2658,425214,579016,5826,1004230,252,276,36895,63351,528,100246,"Equal Growth Rates"
27,3,"petite","second-15min",2775,2899,372783,632531,5674,1005314,197,293,28254,71792,490,100046,"Equal Growth Rates"
27,4,"petite","second-15min",2217,3321,303604,717665,5538,1021269,167,338,24076,76197,505,100273,"Equal Growth Rates"
27,5,"petite","second-15min",1896,3514,257085,748892,5410,1005977,132,344,19123,80933,476,100056,"Equal Growth Rates"
27,6,"petite","second-15min",1505,3751,203999,815021,5256,1019020,104,370,14109,86116,474,100225,"Equal Growth Rates"
27,7,"petite","second-15min",1097,4028,149466,873075,5125,1022541,74,384,10465,89536,458,100001,"Equal Growth Rates"
27,8,"petite","second-15min",815,4160,110173,923292,4975,1033465,67,384,10273,89763,451,100036,"Equal Growth Rates"
27,9,"petite","second-15min",771,4200,102781,901831,4971,1004612,55,385,7783,92396,440,100179,"Equal Growth Rates"
27,10,"petite","second-15min",585,4315,77926,943213,4900,1021139,46,411,6430,93645,457,100075,"Equal Growth Rates"
27,11,"petite","second-15min",518,4339,69051,936247,4857,1005298,39,426,5748,94299,465,100047,"Equal Growth Rates"
27,12,"petite","second-15min",428,4404,60458,953566,4832,1014024,40,410,6613,93619,450,100232,"Equal Growth Rates"
27,13,"petite","second-15min",529,4323,72231,939975,4852,1012206,38,402,4830,95354,440,100184,"Equal Growth Rates"
27,14,"petite","second-15min",390,4421,51768,967401,4811,1019169,25,410,3805,96713,435,100518,"Equal Growth Rates"
27,15,"petite","second-15min",295,4491,40592,971244,4786,1011836,23,411,3107,96969,434,100076,"Equal Growth Rates"
27,16,"petite","second-15min",265,4466,34847,971318,4731,1006165,19,420,2598,97405,439,100003,"Equal Growth Rates"
27,17,"petite","second-15min",200,4528,27884,980177,4728,1008061,12,410,1579,98617,422,100196,"Equal Growth Rates"
27,18,"petite","second-15min",120,4593,15553,999853,4713,1015406,6,428,737,99329,434,100066,"Equal Growth Rates"
27,19,"petite","second-15min",60,4601,8017,1001360,4661,1009377,1,438,226,100007,439,100233,"Equal Growth Rates"
27,20,"petite","second-15min",14,4648,2197,1014820,4662,1017017,1,422,258,99761,423,100019,"Equal Growth Rates"
27,21,"petite","second-15min",24,4627,3205,1005923,4651,1009128,1,443,85,100109,444,100194,"Equal Growth Rates"
27,22,"petite","second-15min",8,4646,1239,1009927,4654,1011166,1,429,123,99924,430,100047,"Equal Growth Rates"
18,1,"petite","second-15min",3875,2261,518051,488240,6136,1006291,317,236,44893,55318,553,100211,"Equal Growth Rates"
18,2,"petite","second-15min",3411,2508,465870,539260,5919,1005130,270,279,38077,62011,549,100088,"Equal Growth Rates"
18,3,"petite","second-15min",2914,2784,399774,605443,5698,1005217,208,310,29265,70766,518,100031,"Equal Growth Rates"
18,4,"petite","second-15min",2173,3252,295360,706215,5425,1001575,172,324,25673,74502,496,100175,"Equal Growth Rates"
18,5,"petite","second-15min",2007,3463,270483,751626,5470,1022109,149,343,21307,78949,492,100256,"Equal Growth Rates"
18,6,"petite","second-15min",1699,3653,232339,789868,5352,1022207,126,360,19003,81010,486,100013,"Equal Growth Rates"
18,7,"petite","second-15min",1466,3779,195051,822602,5245,1017653,100,370,13705,86386,470,100091,"Equal Growth Rates"
18,8,"petite","second-15min",1041,4035,142329,875173,5076,1017502,64,383,9524,90498,447,100022,"Equal Growth Rates"
18,9,"petite","second-15min",785,4164,105581,904291,4949,1009872,54,398,7232,92949,452,100181,"Equal Growth Rates"
18,10,"petite","second-15min",574,4301,76832,931266,4875,1008098,34,414,5182,94848,448,100030,"Equal Growth Rates"
18,11,"petite","second-15min",379,4422,50990,960352,4801,1011342,25,417,3507,96506,442,100013,"Equal Growth Rates"
18,12,"petite","second-15min",286,4472,40054,972058,4758,1012112,14,422,2002,98087,436,100089,"Equal Growth Rates"
18,13,"petite","second-15min",175,4543,23880,978733,4718,1002613,11,441,1813,98469,452,100282,"Equal Growth Rates"
18,14,"petite","second-15min",138,4569,17504,995022,4707,1012526,10,426,1507,98679,436,100186,"Equal Growth Rates"
18,15,"petite","second-15min",130,4570,17906,997743,4700,1015649,7,435,853,99150,442,100003,"Equal Growth Rates"
18,16,"petite","second-15min",69,4608,9167,1003872,4677,1013039,3,435,453,99662,438,100115,"Equal Growth Rates"
18,17,"petite","second-15min",42,4639,5484,1005179,4681,1010663,4,433,530,99512,437,100042,"Equal Growth Rates"
18,18,"petite","second-15min",29,4634,3899,1004755,4663,1008654,3,430,330,99692,433,100022,"Equal Growth Rates"
18,19,"petite","second-15min",33,4617,4524,1002334,4650,1006858,2,431,380,99937,433,100317,"Equal Growth Rates"
18,20,"petite","second-15min",18,4666,2178,1015527,4684,1017705,3,444,396,99824,447,100220,"Equal Growth Rates"
18,21,"petite","second-15min",33,4639,4395,999884,4672,1004279,5,434,831,99192,439,100023,"Equal Growth Rates"
18,22,"petite","second-15min",64,4615,8601,1010587,4679,1019188,5,437,770,99407,442,100177,"Equal Growth Rates"
18,23,"petite","second-15min",53,4610,7566,1004483,4663,1012049,3,435,437,99925,438,100362,"Equal Growth Rates"
18,24,"petite","second-15min",38,4656,4307,1014471,4694,1018778,1,422,90,99954,423,100044,"Equal Growth Rates"
18,25,"petite","second-15min",10,4652,1236,1011202,4662,1012438,1,421,145,99924,422,100069,"Equal Growth Rates"
20,1,"petite","second-15min",3884,2241,520151,494167,6125,1014318,322,240,45673,54437,562,100110,"Equal Growth Rates"
20,2,"petite","second-15min",3460,2476,467217,534968,5936,1002185,273,266,38898,61103,539,100001,"Equal Growth Rates"
20,3,"petite","second-15min",2921,2794,393690,609934,5715,1003624,226,282,33417,66884,508,100301,"Equal Growth Rates"
20,4,"petite","second-15min",2568,2990,352997,656172,5558,1009169,193,306,28837,71234,499,100071,"Equal Growth Rates"
20,5,"petite","second-15min",2272,3270,312518,710133,5542,1022651,169,320,25380,74869,489,100249,"Equal Growth Rates"
20,6,"petite","second-15min",1986,3468,268844,747599,5454,1016443,158,337,21611,78671,495,100282,"Equal Growth Rates"
20,7,"petite","second-15min",1677,3682,227348,793738,5359,1021086,108,377,16410,83751,485,100161,"Equal Growth Rates"
20,8,"petite","second-15min",1261,3912,174056,851882,5173,1025938,90,379,13591,86473,469,100064,"Equal Growth Rates"
20,9,"petite","second-15min",1049,4035,140537,876340,5084,1016877,69,389,9529,90507,458,100036,"Equal Growth Rates"
20,10,"petite","second-15min",788,4169,105932,903805,4957,1009737,58,397,7971,92098,455,100069,"Equal Growth Rates"
20,11,"petite","second-15min",590,4314,78856,941350,4904,1020206,39,402,5803,94503,441,100306,"Equal Growth Rates"
20,12,"petite","second-15min",459,4384,64017,948082,4843,1012099,37,406,5766,94550,443,100316,"Equal Growth Rates"
20,13,"petite","second-15min",459,4387,61743,953296,4846,1015039,31,427,4153,96020,458,100173,"Equal Growth Rates"
20,14,"petite","second-15min",334,4463,45673,964104,4797,1009777,18,434,2678,97343,452,100021,"Equal Growth Rates"
20,15,"petite","second-15min",193,4544,24400,983164,4737,1007564,10,420,1241,98799,430,100040,"Equal Growth Rates"
20,16,"petite","second-15min",76,4607,9859,992711,4683,1002570,8,426,1020,99202,434,100222,"Equal Growth Rates"
20,17,"petite","second-15min",83,4612,10942,1002967,4695,1013909,4,436,984,99083,440,100067,"Equal Growth Rates"
20,18,"petite","second-15min",78,4587,9883,995132,4665,1005015,1,414,154,100041,415,100195,"Equal Growth Rates"
16,1,"petite","second-15min",3844,2286,514201,495301,6130,1009502,322,242,46170,54014,564,100184,"Equal Growth Rates"
16,2,"petite","second-15min",3456,2452,470110,533935,5908,1004045,269,272,37132,62939,541,100071,"Equal Growth Rates"
16,3,"petite","second-15min",2836,2856,383504,611223,5692,994727,183,305,28147,72045,488,100192,"Equal Growth Rates"
16,4,"petite","second-15min",2212,3344,299235,730967,5556,1030202,144,340,19918,80242,484,100160,"Equal Growth Rates"
16,5,"petite","second-15min",1525,3737,205532,815253,5262,1020785,104,378,14423,85675,482,100098,"Equal Growth Rates"
16,6,"petite","second-15min",1090,4006,145202,875534,5096,1020736,70,400,9893,90156,470,100049,"Equal Growth Rates"
16,7,"petite","second-15min",788,4193,105541,903073,4981,1008614,61,396,8545,91550,457,100095,"Equal Growth Rates"
16,8,"petite","second-15min",640,4279,84814,925750,4919,1010564,38,413,5875,94266,451,100141,"Equal Growth Rates"
16,9,"petite","second-15min",417,4420,57291,957650,4837,1014941,16,414,2227,97800,430,100027,"Equal Growth Rates"
16,10,"petite","second-15min",162,4550,23075,987563,4712,1010638,14,427,2311,97981,441,100292,"Equal Growth Rates"
16,11,"petite","second-15min",161,4566,22066,988605,4727,1010671,14,422,1871,98471,436,100342,"Equal Growth Rates"
16,12,"petite","second-15min",145,4569,19575,994861,4714,1014436,8,420,1387,98817,428,100204,"Equal Growth Rates"
16,13,"petite","second-15min",99,4582,12811,989894,4681,1002705,8,427,1456,98778,435,100234,"Equal Growth Rates"
16,14,"petite","second-15min",93,4601,11911,1003202,4694,1015113,6,438,724,99541,444,100265,"Equal Growth Rates"
16,15,"petite","second-15min",51,4639,6035,1009316,4690,1015351,1,443,106,100030,444,100136,"Equal Growth Rates"
29,1,"petite","second-15min",3885,2253,521156,490815,6138,1011971,319,223,45393,54619,542,100012,"Equal Growth Rates"
29,2,"petite","second-15min",3484,2462,465950,537140,5946,1003090,308,251,43310,56690,559,100000,"Equal Growth Rates"
29,3,"petite","second-15min",3246,2618,440715,567179,5864,1007894,248,279,34742,65258,527,100000,"Equal Growth Rates"
29,4,"petite","second-15min",2664,2917,360126,640391,5581,1000517,197,304,29377,70854,501,100231,"Equal Growth Rates"
29,5,"petite","second-15min",2262,3298,307720,708607,5560,1016327,152,333,21835,78397,485,100232,"Equal Growth Rates"
29,6,"petite","second-15min",1721,3613,235667,782668,5334,1018335,133,366,19186,80857,499,100043,"Equal Growth Rates"
29,7,"petite","second-15min",1455,3805,199379,826239,5260,1025618,95,367,13756,86410,462,100166,"Equal Growth Rates"
29,8,"petite","second-15min",1062,4014,144539,869839,5076,1014378,64,385,9788,90266,449,100054,"Equal Growth Rates"
29,9,"petite","second-15min",754,4213,104693,903915,4967,1008608,47,401,7113,93013,448,100126,"Equal Growth Rates"
29,10,"petite","second-15min",560,4319,76370,933246,4879,1009616,34,411,4479,95570,445,100049,"Equal Growth Rates"
29,11,"petite","second-15min",339,4440,45076,974711,4779,1019787,25,406,3722,96549,431,100271,"Equal Growth Rates"
29,12,"petite","second-15min",260,4533,36389,969256,4793,1005645,21,453,3031,96981,474,100012,"Equal Growth Rates"
29,13,"petite","second-15min",231,4505,29962,974156,4736,1004118,11,419,1397,98622,430,100019,"Equal Growth Rates"
29,14,"petite","second-15min",101,4594,15226,997173,4695,1012399,11,428,1729,98506,439,100235,"Equal Growth Rates"
29,15,"petite","second-15min",132,4590,17547,1000188,4722,1017735,7,419,696,99317,426,100013,"Equal Growth Rates"
29,16,"petite","second-15min",53,4602,7978,995346,4655,1003324,3,433,460,99701,436,100161,"Equal Growth Rates"
29,17,"petite","second-15min",38,4622,5111,1006886,4660,1011997,1,430,143,99966,431,100109,"Equal Growth Rates"
11,1,"petite","second-15min",3833,2289,510438,498540,6122,1008978,290,254,40371,59921,544,100292,"Equal Growth Rates"
11,2,"petite","second-15min",3041,2741,413371,590591,5782,1003962,232,288,34418,65692,520,100110,"Equal Growth Rates"
11,3,"petite","second-15min",2605,3010,347297,645004,5615,992301,207,301,30040,70192,508,100232,"Equal Growth Rates"
11,4,"petite","second-15min",2294,3165,307979,681020,5459,988999,181,312,26174,73986,493,100160,"Equal Growth Rates"
11,5,"petite","second-15min",2110,3361,282814,740304,5471,1023118,172,332,25100,75193,504,100293,"Equal Growth Rates"
11,6,"petite","second-15min",1981,3443,269709,751714,5424,1021423,152,339,22557,77553,491,100110,"Equal Growth Rates"
11,7,"petite","second-15min",1792,3564,239854,774639,5356,1014493,151,337,22798,77410,488,100208,"Equal Growth Rates"
11,8,"petite","second-15min",1785,3571,242780,777106,5356,1019886,135,341,18533,81638,476,100171,"Equal Growth Rates"
11,9,"petite","second-15min",1459,3765,199779,808456,5224,1008235,112,362,16036,84037,474,100073,"Equal Growth Rates"
11,10,"petite","second-15min",1243,3889,168770,835075,5132,1003845,89,387,12830,87366,476,100196,"Equal Growth Rates"
11,11,"petite","second-15min",969,4067,131263,885836,5036,1017099,70,384,10830,89553,454,100383,"Equal Growth Rates"
11,12,"petite","second-15min",813,4186,109915,906010,4999,1015925,49,404,6795,93313,453,100108,"Equal Growth Rates"
11,13,"petite","second-15min",505,4368,68676,944158,4873,1012834,33,409,4633,95459,442,100092,"Equal Growth Rates"
11,14,"petite","second-15min",369,4423,48783,957719,4792,1006502,29,432,4074,96024,461,100098,"Equal Growth Rates"
11,15,"petite","second-15min",311,4462,42146,969546,4773,1011692,21,419,2585,97436,440,100021,"Equal Growth Rates"
11,16,"petite","second-15min",201,4527,26783,982173,4728,1008956,18,426,2388,97778,444,100166,"Equal Growth Rates"
11,17,"petite","second-15min",179,4545,24521,983464,4724,1007985,15,428,2435,97639,443,100074,"Equal Growth Rates"
11,18,"petite","second-15min",219,4505,28429,976173,4724,1004602,14,422,1800,98394,436,100194,"Equal Growth Rates"
11,19,"petite","second-15min",142,4554,20320,991696,4696,1012016,8,426,935,99260,434,100195,"Equal Growth Rates"
11,20,"petite","second-15min",62,4623,8575,1000392,4685,1008967,4,419,718,99368,423,100086,"Equal Growth Rates"
11,21,"petite","second-15min",55,4630,7471,1005948,4685,1013419,6,426,721,99411,432,100132,"Equal Growth Rates"
11,22,"petite","second-15min",55,4620,7961,998224,4675,1006185,2,453,222,99994,455,100216,"Equal Growth Rates"
37,1,"petite","second",3736,4233,367838,646941,7969,1014779,303,416,31285,68722,719,100007,"Normal"
37,2,"petite","second",2225,5114,223327,784093,7339,1007420,160,496,17702,82427,656,100129,"Normal"
37,3,"petite","second",1255,5745,121934,880843,7000,1002777,90,549,9862,90695,639,100557,"Normal"
37,4,"petite","second",665,6163,65464,938452,6828,1003916,43,597,4707,95494,640,100201,"Normal"
37,5,"petite","second",320,6486,30700,989272,6806,1019972,23,612,1992,98224,635,100216,"Normal"
37,6,"petite","second",138,6498,13123,987874,6636,1000997,11,616,1015,99012,627,100027,"Normal"
37,7,"petite","second",66,6547,6091,993681,6613,999772,4,608,305,99742,612,100047,"Normal"
37,8,"petite","second",14,6602,1394,1002877,6616,1004271,2,614,144,99934,616,100078,"Normal"
30,1,"petite","second",3732,4223,363945,639799,7955,1003744,271,450,28316,71758,721,100074,"Normal"
30,2,"petite","second",2066,5307,205048,810931,7373,1015979,135,518,14514,85680,653,100194,"Normal"
30,3,"petite","second",928,6075,93656,916925,7003,1010581,81,562,9093,90975,643,100068,"Normal"
30,4,"petite","second",611,6168,60968,943819,6779,1004787,37,595,3515,96839,632,100354,"Normal"
30,5,"petite","second",249,6583,25376,1002369,6832,1027745,17,602,1712,98645,619,100357,"Normal"
30,6,"petite","second",104,6530,10575,991748,6634,1002323,8,610,941,99143,618,100084,"Normal"
30,7,"petite","second",64,6529,6613,992666,6593,999279,4,604,382,99711,608,100093,"Normal"
39,1,"petite","second",3733,4223,365184,644138,7956,1009322,283,432,29374,70755,715,100129,"Normal"
39,2,"petite","second",2066,5324,203849,811309,7390,1015158,155,498,16281,83818,653,100099,"Normal"
39,3,"petite","second",1073,5896,107325,898580,6969,1005905,82,530,9438,90586,612,100024,"Normal"
39,4,"petite","second",590,6201,59054,942374,6791,1001428,38,585,4003,96199,623,100202,"Normal"
39,5,"petite","second",278,6544,26841,994519,6822,1021360,13,608,1632,98448,621,100080,"Normal"
39,6,"petite","second",118,6503,11278,995541,6621,1006819,10,592,912,99135,602,100047,"Normal"
39,7,"petite","second",54,6552,5600,994172,6606,999772,3,620,267,99737,623,100004,"Normal"
4,1,"petite","second",3740,4194,366185,638835,7934,1005020,292,430,32117,67909,722,100026,"Normal"
4,2,"petite","second",2388,5211,235534,796611,7599,1032145,173,495,19192,80831,668,100023,"Normal"
4,3,"petite","second",1290,5885,127800,890427,7175,1018227,104,541,11005,89139,645,100144,"Normal"
4,4,"petite","second",749,6257,72704,959886,7006,1032590,50,575,5060,95021,625,100081,"Normal"
4,5,"petite","second",316,6494,30747,994650,6810,1025397,23,569,2468,97570,592,100038,"Normal"
4,6,"petite","second",159,6630,15010,1008609,6789,1023619,18,614,1435,98778,632,100213,"Normal"
4,7,"petite","second",96,6513,8671,999480,6609,1008151,4,609,461,99796,613,100257,"Normal"
4,8,"petite","second",27,6609,2190,1002209,6636,1004399,3,615,313,99797,618,100110,"Normal"
4,9,"petite","second",22,6600,2127,994684,6622,996811,1,629,36,100041,630,100077,"Normal"
3,1,"petite","second",3743,4214,365664,638727,7957,1004391,297,436,30943,69384,733,100327,"Normal"
3,2,"petite","second",2216,5195,215787,800660,7411,1016447,140,520,14581,85462,660,100043,"Normal"
3,3,"petite","second",1030,5937,103278,910268,6967,1013546,73,564,7701,92494,637,100195,"Normal"
3,4,"petite","second",493,6301,49458,959712,6794,1009170,40,587,4306,95763,627,100069,"Normal"
3,5,"petite","second",280,6507,27630,990320,6787,1017950,19,607,2423,97648,626,100071,"Normal"
3,6,"petite","second",175,6441,17802,979628,6616,997430,11,605,1244,98810,616,100054,"Normal"
3,7,"petite","second",88,6545,8279,991002,6633,999281,5,599,358,99839,604,100197,"Normal"
3,8,"petite","second",25,6577,2456,1005923,6602,1008379,3,613,198,99869,616,100067,"Normal"
2,1,"petite","second",3762,4169,367962,635714,7931,1003676,279,430,29080,71045,709,100125,"Normal"
2,2,"petite","second",2135,5254,211601,803839,7389,1015440,161,509,16764,83364,670,100128,"Normal"
2,3,"petite","second",1179,5809,115344,886429,6988,1001773,73,558,7496,92573,631,100069,"Normal"
2,4,"petite","second",530,6257,53395,951130,6787,1004525,30,597,3206,96873,627,100079,"Normal"
2,5,"petite","second",210,6596,20312,1009197,6806,1029509,19,592,1959,98151,611,100110,"Normal"
2,6,"petite","second",122,6494,11852,990558,6616,1002410,15,610,1423,98755,625,100178,"Normal"
2,7,"petite","second",91,6526,9263,996912,6617,1006175,5,599,767,99239,604,100006,"Normal"
2,8,"petite","second",57,6547,6279,994261,6604,1000540,6,631,678,99498,637,100176,"Normal"
2,9,"petite","second",49,6555,4788,995208,6604,999996,4,601,429,99586,605,100015,"Normal"
2,10,"petite","second",30,6570,2599,1005976,6600,1008575,3,626,230,99809,629,100039,"Normal"
2,11,"petite","second",19,6577,1922,1005276,6596,1007198,3,600,340,99881,603,100221,"Normal"
2,12,"petite","second",25,6594,2193,1003793,6619,1005986,3,599,372,99674,602,100046,"Normal"
2,13,"petite","second",31,6596,3225,997260,6627,1000485,3,629,329,99744,632,100073,"Normal"
38,1,"petite","second",3816,4147,374141,631147,7963,1005288,310,420,33281,66755,730,100036,"Normal"
38,2,"petite","second",2420,5141,239698,789441,7561,1029139,189,505,18905,81223,694,100128,"Normal"
38,3,"petite","second",1338,5859,131670,894036,7197,1025706,83,551,8631,91772,634,100403,"Normal"
38,4,"petite","second",583,6208,58066,941907,6791,999973,49,576,5001,95095,625,100096,"Normal"
38,5,"petite","second",298,6495,30703,994839,6793,1025542,18,579,1954,98208,597,100162,"Normal"
38,6,"petite","second",110,6485,10125,992478,6595,1002603,8,607,649,99519,615,100168,"Normal"
38,7,"petite","second",45,6587,4554,1003875,6632,1008429,1,612,81,99985,613,100066,"Normal"
38,8,"petite","second",5,6626,663,1007615,6631,1008278,1,602,106,100050,603,100156,"Normal"
5,1,"petite","second",3774,4167,373031,638801,7941,1011832,281,435,29217,70928,716,100145,"Normal"
5,2,"petite","second",2119,5274,209589,806203,7393,1015792,145,520,15426,84574,665,100000,"Normal"
5,3,"petite","second",1074,5916,103985,899125,6990,1003110,77,555,7873,92198,632,100071,"Normal"
5,4,"petite","second",538,6271,51587,961083,6809,1012670,40,580,4345,95791,620,100136,"Normal"
5,5,"petite","second",273,6521,26845,993439,6794,1020284,15,610,1549,98518,625,100067,"Normal"
5,6,"petite","second",119,6484,11560,988392,6603,999952,10,593,960,99104,603,100064,"Normal"
5,7,"petite","second",52,6568,5063,1006076,6620,1011139,3,604,253,100009,607,100262,"Normal"
31,1,"petite","second",3735,4216,366130,651570,7951,1017700,276,394,30717,69312,670,100029,"Normal"
31,2,"petite","second",2207,5172,217753,791404,7379,1009157,156,510,15879,84401,666,100280,"Normal"
31,3,"petite","second",1060,5960,104393,903398,7020,1007791,64,566,7136,92935,630,100071,"Normal"
31,4,"petite","second",469,6321,47271,958843,6790,1006114,34,584,3456,96590,618,100046,"Normal"
31,5,"petite","second",252,6547,24504,997684,6799,1022188,23,607,2463,97672,630,100135,"Normal"
31,6,"petite","second",145,6442,15075,989770,6587,1004845,13,602,1357,98646,615,100003,"Normal"
31,7,"petite","second",74,6520,7765,997927,6594,1005692,7,601,709,99374,608,100083,"Normal"
31,8,"petite","second",50,6548,5218,999087,6598,1004305,4,609,425,99713,613,100138,"Normal"
31,9,"petite","second",20,6605,1906,1005516,6625,1007422,2,599,98,99910,601,100008,"Normal"
36,1,"petite","second",3765,4172,367039,631259,7937,998298,274,429,29283,70761,703,100044,"Normal"
36,2,"petite","second",2169,5199,213219,789840,7368,1003059,158,518,16896,83144,676,100040,"Normal"
36,3,"petite","second",1147,5826,114353,888349,6973,1002702,91,561,9514,90705,652,100219,"Normal"
36,4,"petite","second",624,6190,60999,937666,6814,998665,40,583,4267,95854,623,100121,"Normal"
36,5,"petite","second",280,6514,28330,992481,6794,1020811,25,600,2648,97398,625,100046,"Normal"
36,6,"petite","second",178,6636,17433,1006244,6814,1023677,15,597,1526,98490,612,100016,"Normal"
36,7,"petite","second",124,6483,12294,988587,6607,1000881,6,613,637,99428,619,100065,"Normal"
36,8,"petite","second",43,6583,3930,998380,6626,1002310,2,620,242,99947,622,100189,"Normal"
36,9,"petite","second",24,6595,2271,1006451,6619,1008722,3,592,437,99684,595,100121,"Normal"
36,10,"petite","second",26,6590,2394,1009472,6616,1011866,1,586,60,100227,587,100287,"Normal"
14,1,"petite","second",3727,4228,365666,645431,7955,1011097,291,429,30593,69505,720,100098,"Normal"
14,2,"petite","second",2262,5132,221561,780406,7394,1001967,172,498,17969,82117,670,100086,"Normal"
14,3,"petite","second",1206,5786,118730,882697,6992,1001427,89,547,9196,90960,636,100156,"Normal"
14,4,"petite","second",620,6181,61306,940505,6801,1001811,47,586,4739,95312,633,100051,"Normal"
14,5,"petite","second",304,6478,30718,980222,6782,1010940,18,612,2014,97997,630,100011,"Normal"
14,6,"petite","second",132,6481,12678,991972,6613,1004650,10,604,931,99178,614,100109,"Normal"
14,7,"petite","second",67,6565,6644,986454,6632,993098,6,609,542,99466,615,100008,"Normal"
14,8,"petite","second",37,6585,3818,1009042,6622,1012860,4,614,393,99772,618,100165,"Normal"
14,9,"petite","second",27,6585,2764,1000939,6612,1003703,2,607,177,99959,609,100136,"Normal"
13,1,"petite","second",3721,4240,362501,644813,7961,1007314,282,439,29921,70140,721,100061,"Normal"
13,2,"petite","second",2155,5211,215351,795251,7366,1010602,169,490,18384,81727,659,100111,"Normal"
13,3,"petite","second",1301,5903,129733,894141,7204,1023874,92,551,9997,90018,643,100015,"Normal"
13,4,"petite","second",705,6097,69047,924323,6802,993370,49,581,5183,94823,630,100006,"Normal"
13,5,"petite","second",356,6425,36528,981782,6781,1018310,28,582,2867,97294,610,100161,"Normal"
13,6,"petite","second",168,6635,16516,1005285,6803,1021801,11,601,1075,99128,612,100203,"Normal"
13,7,"petite","second",71,6559,6628,996051,6630,1002679,4,604,535,99538,608,100073,"Normal"
13,8,"petite","second",34,6589,3240,1001608,6623,1004848,3,614,262,99894,617,100156,"Normal"
13,9,"petite","second",24,6603,2241,1009822,6627,1012063,1,587,40,100088,588,100128,"Normal"
13,10,"petite","second",3,6616,221,1004032,6619,1004253,1,598,55,100127,599,100182,"Normal"
25,1,"petite","second",3753,4205,369457,636445,7958,1005902,267,459,27575,72544,726,100119,"Normal"
25,2,"petite","second",1966,5443,194869,828332,7409,1023201,146,530,15010,85270,676,100280,"Normal"
25,3,"petite","second",1036,5962,103243,908932,6998,1012175,56,578,5942,94061,634,100003,"Normal"
25,4,"petite","second",424,6382,42872,967849,6806,1010721,28,593,2578,97580,621,100158,"Normal"
25,5,"petite","second",163,6444,16571,980668,6607,997239,8,595,827,99256,603,100083,"Normal"
25,6,"petite","second",61,6540,6423,1002129,6601,1008552,5,604,383,99643,609,100026,"Normal"
22,1,"petite","second",3729,4232,362619,641131,7961,1003750,266,448,27493,72680,714,100173,"Normal"
22,2,"petite","second",1938,5433,193846,833167,7371,1027013,135,498,15108,84954,633,100062,"Normal"
22,3,"petite","second",1002,5984,98702,908659,6986,1007361,71,592,6926,93110,663,100036,"Normal"
22,4,"petite","second",474,6306,46485,962271,6780,1008756,30,590,3516,96505,620,100021,"Normal"
22,5,"petite","second",235,6570,23471,991494,6805,1014965,16,607,1722,98350,623,100072,"Normal"
22,6,"petite","second",115,6499,11237,993839,6614,1005076,6,608,759,99259,614,100018,"Normal"
22,7,"petite","second",52,6579,5046,1001227,6631,1006273,4,612,442,99763,616,100205,"Normal"
22,8,"petite","second",32,6592,2989,1004643,6624,1007632,2,612,158,99952,614,100110,"Normal"
22,9,"petite","second",13,6613,1215,1000345,6626,1001560,2,618,162,99851,620,100013,"Normal"
22,10,"petite","second",10,6599,813,1004421,6609,1005234,1,608,77,99987,609,100064,"Normal"
49,1,"petite","second",3744,4198,364715,638690,7942,1003405,267,433,28974,71119,700,100093,"Normal"
49,2,"petite","second",2108,5266,210855,802605,7374,1013460,155,512,16468,83595,667,100063,"Normal"
49,3,"petite","second",1149,5845,116536,882021,6994,998557,82,569,8770,91487,651,100257,"Normal"
49,4,"petite","second",594,6233,59210,949948,6827,1009158,53,587,5593,94427,640,100020,"Normal"
49,5,"petite","second",356,6448,36027,979509,6804,1015536,26,601,3288,96742,627,100030,"Normal"
49,6,"petite","second",217,6582,20953,995829,6799,1016782,7,614,594,99573,621,100167,"Normal"
49,7,"petite","second",42,6586,4190,995679,6628,999869,5,610,340,99801,615,100141,"Normal"
49,8,"petite","second",21,6606,1887,1002679,6627,1004566,2,620,129,99878,622,100007,"Normal"
47,1,"petite","second",3746,4185,371358,632656,7931,1004014,294,403,31780,68316,697,100096,"Normal"
47,2,"petite","second",2278,5120,225907,780539,7398,1006446,157,507,17315,83164,664,100479,"Normal"
47,3,"petite","second",1229,5803,122244,887271,7032,1009515,84,540,9408,90694,624,100102,"Normal"
47,4,"petite","second",633,6146,62530,938410,6779,1000940,34,576,3418,96719,610,100137,"Normal"
47,5,"petite","second",227,6600,22721,999895,6827,1022616,16,614,1618,98589,630,100207,"Normal"
47,6,"petite","second",114,6526,11292,992611,6640,1003903,9,604,1005,99146,613,100151,"Normal"
47,7,"petite","second",47,6566,4722,1002566,6613,1007288,4,615,583,99570,619,100153,"Normal"
47,8,"petite","second",43,6598,4533,1004043,6641,1008576,2,612,247,99921,614,100168,"Normal"
47,9,"petite","second",16,6605,1511,1000808,6621,1002319,2,605,345,99739,607,100084,"Normal"
47,10,"petite","second",23,6571,2114,1007871,6594,1009985,2,610,135,99914,612,100049,"Normal"
40,1,"petite","second",3735,4181,368007,632493,7916,1000500,261,430,27731,72338,691,100069,"Normal"
40,2,"petite","second",1998,5388,197051,824149,7386,1021200,119,526,12981,87106,645,100087,"Normal"
40,3,"petite","second",922,6082,92056,926220,7004,1018276,66,582,7757,92379,648,100136,"Normal"
40,4,"petite","second",479,6309,48404,960753,6788,1009157,41,581,4552,95608,622,100160,"Normal"
40,5,"petite","second",337,6468,35422,981229,6805,1016651,21,615,2338,97800,636,100138,"Normal"
40,6,"petite","second",141,6481,14255,981646,6622,995901,16,599,1741,98394,615,100135,"Normal"
40,7,"petite","second",99,6500,9861,995227,6599,1005088,10,613,1003,99294,623,100297,"Normal"
40,8,"petite","second",56,6547,5479,1002429,6603,1007908,5,609,419,99759,614,100178,"Normal"
40,9,"petite","second",28,6585,2736,1006985,6613,1009721,5,619,483,99536,624,100019,"Normal"
40,10,"petite","second",36,6574,3531,1005595,6610,1009126,5,610,602,99599,615,100201,"Normal"
40,11,"petite","second",37,6575,3942,1002601,6612,1006543,4,602,452,99733,606,100185,"Normal"
40,12,"petite","second",28,6606,2637,1003468,6634,1006105,2,612,162,99885,614,100047,"Normal"
40,13,"petite","second",16,6606,1510,1000537,6622,1002047,1,614,67,100099,615,100166,"Normal"
23,1,"petite","second",3729,4205,364828,643232,7934,1008060,284,437,30298,69926,721,100224,"Normal"
23,2,"petite","second",2251,5168,219547,784301,7419,1003848,165,526,16816,83254,691,100070,"Normal"
23,3,"petite","second",1152,5851,115863,887551,7003,1003414,78,545,8662,91744,623,100406,"Normal"
23,4,"petite","second",579,6240,57753,954776,6819,1012529,44,584,4561,95590,628,100151,"Normal"
23,5,"petite","second",289,6530,29440,990093,6819,1019533,22,585,2597,97520,607,100117,"Normal"
23,6,"petite","second",182,6629,18725,1002860,6811,1021585,18,588,2153,97990,606,100143,"Normal"
23,7,"petite","second",126,6486,12072,987255,6612,999327,8,606,583,99540,614,100123,"Normal"
23,8,"petite","second",35,6588,3193,1002949,6623,1006142,3,623,323,99717,626,100040,"Normal"
23,9,"petite","second",25,6553,2745,1008642,6578,1011387,1,602,109,99906,603,100015,"Normal"
23,10,"petite","second",5,6595,407,1001812,6600,1002219,1,612,109,99987,613,100096,"Normal"
23,11,"petite","second",5,6638,458,1007531,6643,1007989,1,611,109,99910,612,100019,"Normal"
23,12,"petite","second",9,6592,837,1010147,6601,1010984,1,609,124,99970,610,100094,"Normal"
24,1,"petite","second",3777,4153,371836,631253,7930,1003089,286,424,31194,68855,710,100049,"Normal"
24,2,"petite","second",2244,5127,219916,780998,7371,1000914,146,497,15838,84395,643,100233,"Normal"
24,3,"petite","second",1069,5940,107885,901433,7009,1009318,80,557,8362,91642,637,100004,"Normal"
24,4,"petite","second",544,6259,53525,948557,6803,1002082,35,588,3245,96771,623,100016,"Normal"
24,5,"petite","second",252,6559,24496,996685,6811,1021181,13,608,1558,98487,621,100045,"Normal"
24,6,"petite","second",124,6502,11898,995597,6626,1007495,7,601,617,99520,608,100137,"Normal"
24,7,"petite","second",43,6578,3961,1003275,6621,1007236,5,612,468,99743,617,100211,"Normal"
24,8,"petite","second",27,6582,3135,1010412,6609,1013547,2,612,301,99921,614,100222,"Normal"
24,9,"petite","second",19,6599,2031,1000689,6618,1002720,4,632,316,99810,636,100126,"Normal"
12,1,"petite","second",3833,4120,375213,627043,7953,1002256,290,426,29958,70166,716,100124,"Normal"
12,2,"petite","second",2174,5228,216916,794454,7402,1011370,150,539,16226,83868,689,100094,"Normal"
12,3,"petite","second",1074,5917,106774,895880,6991,1002654,87,551,9734,90475,638,100209,"Normal"
12,4,"petite","second",684,6104,68502,929776,6788,998278,46,595,5331,94752,641,100083,"Normal"
12,5,"petite","second",356,6449,34750,981138,6805,1015888,26,590,2608,97581,616,100189,"Normal"
12,6,"petite","second",175,6638,17143,1013756,6813,1030899,10,613,1344,98730,623,100074,"Normal"
12,7,"petite","second",98,6531,9579,995755,6629,1005334,3,596,293,99721,599,100014,"Normal"
12,8,"petite","second",19,6583,1944,1009445,6602,1011389,4,611,382,99636,615,100018,"Normal"
12,9,"petite","second",31,6563,3329,1005474,6594,1008803,1,608,61,99975,609,100036,"Normal"
15,1,"petite","second",3741,4178,370884,633663,7919,1004547,299,408,32303,67765,707,100068,"Normal"
15,2,"petite","second",2398,5195,236283,793895,7593,1030178,162,511,17494,82560,673,100054,"Normal"
15,3,"petite","second",1228,5763,119018,878614,6991,997632,81,541,8540,91490,622,100030,"Normal"
15,4,"petite","second",553,6241,54082,951988,6794,1006070,50,584,5295,94966,634,100261,"Normal"
15,5,"petite","second",383,6413,38425,973473,6796,1011898,23,581,2418,97753,604,100171,"Normal"
15,6,"petite","second",151,6648,14075,1011306,6799,1025381,13,598,1249,98936,611,100185,"Normal"
15,7,"petite","second",72,6539,7011,1008350,6611,1015361,5,591,482,99609,596,100091,"Normal"
15,8,"petite","second",24,6585,2262,1010931,6609,1013193,1,604,127,100017,605,100144,"Normal"
41,1,"petite","second",3768,4191,368521,639459,7959,1007980,284,425,29792,70519,709,100311,"Normal"
41,2,"petite","second",2181,5227,217301,789063,7408,1006364,154,505,16512,83619,659,100131,"Normal"
41,3,"petite","second",1146,5841,112227,888282,6987,1000509,82,586,8564,91576,668,100140,"Normal"
41,4,"petite","second",562,6245,55145,953328,6807,1008473,34,586,3559,96644,620,100203,"Normal"
41,5,"petite","second",246,6573,24302,997636,6819,1021938,11,611,1065,99368,622,100433,"Normal"
46,1,"petite","second",3769,4192,365579,634181,7961,999760,299,418,31332,68730,717,100062,"Normal"
46,2,"petite","second",2294,5091,229011,781062,7385,1010073,160,501,16647,83454,661,100101,"Normal"
46,3,"petite","second",1120,5866,110554,889951,6986,1000505,75,560,8315,91910,635,100225,"Normal"
46,4,"petite","second",535,6277,52749,954760,6812,1007509,22,604,2237,97770,626,100007,"Normal"
46,5,"petite","second",144,6633,14640,1009260,6777,1023900,13,607,1349,98667,620,100016,"Normal"
46,6,"petite","second",84,6530,8556,999095,6614,1007651,4,617,498,99591,621,100089,"Normal"
46,7,"petite","second",37,6574,3654,996365,6611,1000019,2,606,165,100064,608,100229,"Normal"
46,8,"petite","second",14,6611,1454,1007195,6625,1008649,2,598,210,99842,600,100052,"Normal"
48,1,"petite","second",3759,4179,369357,639486,7938,1008843,316,410,32965,67194,726,100159,"Normal"
48,2,"petite","second",2458,5129,246160,782578,7587,1028738,186,506,19290,80721,692,100011,"Normal"
48,3,"petite","second",1381,5798,135003,891566,7179,1026569,86,572,9136,90895,658,100031,"Normal"
48,4,"petite","second",627,6199,62081,942939,6826,1005020,42,586,3825,96227,628,100052,"Normal"
48,5,"petite","second",254,6545,25051,995218,6799,1020269,11,587,1187,98855,598,100042,"Normal"
48,6,"petite","second",72,6538,7529,996104,6610,1003633,2,629,220,100003,631,100223,"Normal"
33,1,"petite","second",3774,4173,369429,630621,7947,1000050,301,425,32964,67083,726,100047,"Normal"
33,2,"petite","second",2427,5150,238576,784215,7577,1022791,170,504,18434,81644,674,100078,"Normal"
33,3,"petite","second",1344,5854,131930,891928,7198,1023858,107,568,10898,89540,675,100438,"Normal"
33,4,"petite","second",685,6122,68641,930516,6807,999157,45,571,5214,94954,616,100168,"Normal"
33,5,"petite","second",363,6442,36082,988974,6805,1025056,18,563,1941,98149,581,100090,"Normal"
33,6,"petite","second",137,6647,12975,1016621,6784,1029596,6,591,652,99369,597,100021,"Normal"
33,7,"petite","second",47,6561,4522,1000580,6608,1005102,2,613,140,100225,615,100365,"Normal"
33,8,"petite","second",13,6618,1167,1006457,6631,1007624,1,608,134,99933,609,100067,"Normal"
33,9,"petite","second",9,6596,737,1012390,6605,1013127,1,603,69,100220,604,100289,"Normal"
9,1,"petite","second",3775,4159,370849,632000,7934,1002849,276,434,28604,71508,710,100112,"Normal"
9,2,"petite","second",2151,5242,213522,805950,7393,1019472,151,504,16463,83585,655,100048,"Normal"
9,3,"petite","second",1110,5900,108514,892758,7010,1001272,71,544,7634,92456,615,100090,"Normal"
9,4,"petite","second",491,6311,47604,956566,6802,1004170,31,607,3004,97079,638,100083,"Normal"
9,5,"petite","second",190,6630,18303,1015753,6820,1034056,16,598,1439,98808,614,100247,"Normal"
9,6,"petite","second",108,6527,10670,990188,6635,1000858,8,620,947,99134,628,100081,"Normal"
9,7,"petite","second",72,6534,7314,992890,6606,1000204,6,610,724,99384,616,100108,"Normal"
9,8,"petite","second",50,6569,4497,1001261,6619,1005758,4,611,332,99794,615,100126,"Normal"
9,9,"petite","second",13,6586,1720,1006346,6599,1008066,1,602,149,99976,603,100125,"Normal"
9,10,"petite","second",9,6607,791,1006687,6616,1007478,1,609,102,99984,610,100086,"Normal"
34,1,"petite","second",3759,4200,368770,641633,7959,1010403,262,450,28038,72194,712,100232,"Normal"
34,2,"petite","second",2019,5379,199556,813026,7398,1012582,150,495,15418,84722,645,100140,"Normal"
34,3,"petite","second",1027,5963,100736,912583,6990,1013319,77,561,8380,91706,638,100086,"Normal"
34,4,"petite","second",566,6238,57522,945602,6804,1003124,32,578,3968,96273,610,100241,"Normal"
34,5,"petite","second",251,6540,24617,998119,6791,1022736,20,594,1976,98313,614,100289,"Normal"
34,6,"petite","second",124,6482,11499,991789,6606,1003288,9,602,789,99278,611,100067,"Normal"
34,7,"petite","second",68,6555,7067,999032,6623,1006099,3,607,494,99611,610,100105,"Normal"
34,8,"petite","second",34,6580,3353,999796,6614,1003149,4,607,469,99716,611,100185,"Normal"
7,1,"petite","second",3756,4170,370953,634665,7926,1005618,237,434,25969,74106,671,100075,"Normal"
7,2,"petite","second",1915,5475,188750,837061,7390,1025811,120,523,12475,87655,643,100130,"Normal"
7,3,"petite","second",825,6187,79154,938054,7012,1017208,59,572,5771,94481,631,100252,"Normal"
7,4,"petite","second",403,6387,39932,972174,6790,1012106,24,584,2602,97461,608,100063,"Normal"
7,5,"petite","second",181,6445,17557,984865,6626,1002422,14,614,1551,98581,628,100132,"Normal"
7,6,"petite","second",107,6528,9225,987961,6635,997186,7,614,593,99467,621,100060,"Normal"
7,7,"petite","second",43,6571,3747,1000965,6614,1004712,4,603,389,99658,607,100047,"Normal"
7,8,"petite","second",20,6587,1970,1001677,6607,1003647,1,610,70,100198,611,100268,"Normal"
6,1,"petite","second",3779,4187,366249,634671,7966,1000920,283,433,28983,71213,716,100196,"Normal"
6,2,"petite","second",2103,5294,207257,806984,7397,1014241,137,529,13817,86298,666,100115,"Normal"
6,3,"petite","second",957,6042,94282,923681,6999,1017963,68,572,7327,92723,640,100050,"Normal"
6,4,"petite","second",502,6292,48127,957444,6794,1005571,40,594,3859,96176,634,100035,"Normal"
6,5,"petite","second",234,6567,23764,996524,6801,1020288,9,593,1149,98863,602,100012,"Normal"
6,6,"petite","second",77,6523,7922,995620,6600,1003542,9,597,1013,98990,606,100003,"Normal"
6,7,"petite","second",69,6520,7072,997734,6589,1004806,7,594,833,99417,601,100250,"Normal"
6,8,"petite","second",49,6574,4652,994973,6623,999625,2,604,194,99899,606,100093,"Normal"
6,9,"petite","second",22,6621,2309,997266,6643,999575,4,610,331,99679,614,100010,"Normal"
6,10,"petite","second",24,6589,2243,1000927,6613,1003170,2,599,205,99872,601,100077,"Normal"
6,11,"petite","second",15,6582,1302,1011554,6597,1012856,1,604,72,100070,605,100142,"Normal"
1,1,"petite","second",3775,4194,366608,639832,7969,1006440,264,429,27034,72995,693,100029,"Normal"
1,2,"petite","second",1942,5430,192717,827702,7372,1020419,132,523,13102,86939,655,100041,"Normal"
1,3,"petite","second",883,6133,84748,928685,7016,1013433,71,566,7292,92748,637,100040,"Normal"
1,4,"petite","second",482,6318,48968,963106,6800,1012074,34,581,3885,96372,615,100257,"Normal"
1,5,"petite","second",227,6590,22327,1000519,6817,1022846,15,623,1350,98806,638,100156,"Normal"
1,6,"petite","second",89,6553,8776,997358,6642,1006134,10,620,864,99216,630,100080,"Normal"
1,7,"petite","second",52,6567,4959,998163,6619,1003122,3,627,261,99744,630,100005,"Normal"
1,8,"petite","second",15,6593,1210,998881,6608,1000091,2,617,148,99886,619,100034,"Normal"
1,9,"petite","second",8,6609,656,1006245,6617,1006901,2,612,201,99893,614,100094,"Normal"
1,10,"petite","second",13,6582,1426,1007577,6595,1009003,1,617,145,99987,618,100132,"Normal"
1,11,"petite","second",11,6600,1285,1002671,6611,1003956,2,603,201,99815,605,100016,"Normal"
1,12,"petite","second",14,6603,1293,1003370,6617,1004663,2,622,187,99825,624,100012,"Normal"
8,1,"petite","second",3787,4153,369886,627604,7940,997490,274,444,28093,72016,718,100109,"Normal"
8,2,"petite","second",2053,5355,203838,819274,7408,1023112,148,505,15650,84360,653,100010,"Normal"
8,3,"petite","second",1079,5920,105711,905529,6999,1011240,93,545,9691,90403,638,100094,"Normal"
8,4,"petite","second",658,6142,65648,931083,6800,996731,43,597,4629,95408,640,100037,"Normal"
8,5,"petite","second",324,6466,32342,980365,6790,1012707,18,591,1996,98226,609,100222,"Normal"
8,6,"petite","second",123,6511,12232,987750,6634,999982,11,614,1233,98818,625,100051,"Normal"
8,7,"petite","second",80,6559,8792,1001451,6639,1010243,5,603,660,99415,608,100075,"Normal"
8,8,"petite","second",46,6563,4563,1006746,6609,1011309,3,600,242,99766,603,100008,"Normal"
8,9,"petite","second",11,6600,948,1009512,6611,1010460,1,614,75,100041,615,100116,"Normal"
35,1,"petite","second",3791,4163,367558,626794,7954,994352,301,422,32574,67609,723,100183,"Normal"
35,2,"petite","second",2451,5141,242292,785606,7592,1027898,191,491,18722,81301,682,100023,"Normal"
35,3,"petite","second",1309,5870,127353,896189,7179,1023542,76,558,8187,91813,634,100000,"Normal"
35,4,"petite","second",540,6243,51743,958463,6783,1010206,37,584,3532,96515,621,100047,"Normal"
35,5,"petite","second",240,6564,24561,997365,6804,1021926,15,589,1779,98342,604,100121,"Normal"
35,6,"petite","second",98,6527,9503,986153,6625,995656,4,617,386,99618,621,100004,"Normal"
35,7,"petite","second",21,6569,1852,1005281,6590,1007133,3,605,297,99710,608,100007,"Normal"
35,8,"petite","second",20,6583,2339,1005546,6603,1007885,1,596,71,100234,597,100305,"Normal"
32,1,"petite","second",3785,4142,372586,629443,7927,1002029,282,414,31800,68420,696,100220,"Normal"
32,2,"petite","second",2289,5109,225754,781847,7398,1007601,156,503,15782,84319,659,100101,"Normal"
32,3,"petite","second",1123,5876,110749,897113,6999,1007862,86,567,9018,91086,653,100104,"Normal"
32,4,"petite","second",597,6195,57502,939494,6792,996996,49,593,4683,95380,642,100063,"Normal"
32,5,"petite","second",298,6521,29183,993672,6819,1022855,16,609,1980,98125,625,100105,"Normal"
32,6,"petite","second",124,6496,12382,988156,6620,1000538,6,612,716,99368,618,100084,"Normal"
32,7,"petite","second",38,6584,3744,997138,6622,1000882,4,600,464,99627,604,100091,"Normal"
32,8,"petite","second",37,6590,3865,1006648,6627,1010513,1,616,149,99945,617,100094,"Normal"
32,9,"petite","second",10,6605,963,1008608,6615,1009571,1,625,197,99850,626,100047,"Normal"
32,10,"petite","second",11,6608,1166,1006392,6619,1007558,1,600,57,99966,601,100023,"Normal"
50,1,"petite","second",3824,4131,372769,624500,7955,997269,288,412,30994,69151,700,100145,"Normal"
50,2,"petite","second",2203,5178,218082,792795,7381,1010877,170,492,19222,80788,662,100010,"Normal"
50,3,"petite","second",1356,5838,132755,889528,7194,1022283,98,536,10217,89845,634,100062,"Normal"
50,4,"petite","second",680,6112,67683,929305,6792,996988,43,578,4450,95623,621,100073,"Normal"
50,5,"petite","second",315,6494,31075,991575,6809,1022650,22,588,2589,97434,610,100023,"Normal"
50,6,"petite","second",173,6602,17197,1005519,6775,1022716,10,614,1085,99135,624,100220,"Normal"
50,7,"petite","second",51,6562,4830,1002543,6613,1007373,2,603,234,99820,605,100054,"Normal"
43,1,"petite","second",3791,4154,372826,627408,7945,1000234,303,418,31347,68718,721,100065,"Normal"
43,2,"petite","second",2298,5099,227392,770554,7397,997946,171,507,18507,81705,678,100212,"Normal"
43,3,"petite","second",1296,5896,127738,904221,7192,1031959,75,545,8069,91938,620,100007,"Normal"
43,4,"petite","second",537,6280,53658,955824,6817,1009482,34,582,4093,96063,616,100156,"Normal"
43,5,"petite","second",261,6522,27289,999825,6783,1027114,18,581,2351,97856,599,100207,"Normal"
43,6,"petite","second",139,6465,14670,982742,6604,997412,11,581,1385,98696,592,100081,"Normal"
43,7,"petite","second",77,6525,7884,990335,6602,998219,6,621,699,99428,627,100127,"Normal"
43,8,"petite","second",54,6575,5043,997573,6629,1002616,3,630,238,99829,633,100067,"Normal"
43,9,"petite","second",19,6585,1715,1009288,6604,1011003,1,621,93,99961,622,100054,"Normal"
43,10,"petite","second",6,6605,626,1005801,6611,1006427,1,606,169,99852,607,100021,"Normal"
43,11,"petite","second",11,6588,1184,1007366,6599,1008550,1,604,88,99929,605,100017,"Normal"
43,12,"petite","second",6,6623,595,1005376,6629,1005971,1,603,117,99884,604,100001,"Normal"
43,13,"petite","second",10,6589,1102,1011914,6599,1013016,1,602,75,100230,603,100305,"Normal"
43,14,"petite","second",4,6626,330,1011164,6630,1011494,1,602,102,99949,603,100051,"Normal"
43,15,"petite","second",11,6613,1073,996018,6624,997091,2,618,145,99910,620,100055,"Normal"
43,16,"petite","second",7,6605,715,1006329,6612,1007044,1,616,88,99980,617,100068,"Normal"
43,17,"petite","second",11,6605,1029,999774,6616,1000803,3,627,299,99723,630,100022,"Normal"
43,18,"petite","second",15,6589,1571,999986,6604,1001557,1,617,51,99992,618,100043,"Normal"
44,1,"petite","second",3752,4226,367156,645986,7978,1013142,300,430,31514,68526,730,100040,"Normal"
44,2,"petite","second",2189,5168,216129,786143,7357,1002272,156,529,16337,83683,685,100020,"Normal"
44,3,"petite","second",1114,5851,110307,899002,6965,1009309,74,552,7179,93009,626,100188,"Normal"
44,4,"petite","second",476,6333,46231,966986,6809,1013217,35,599,3474,96613,634,100087,"Normal"
44,5,"petite","second",241,6544,23624,998434,6785,1022058,21,611,2062,98005,632,100067,"Normal"
44,6,"petite","second",131,6474,12623,987923,6605,1000546,11,600,1052,98967,611,100019,"Normal"
44,7,"petite","second",66,6545,6286,1002775,6611,1009061,2,599,246,99775,601,100021,"Normal"
10,1,"petite","second",3712,4256,363405,643359,7968,1006764,257,440,26672,73384,697,100056,"Normal"
10,2,"petite","second",1956,5434,190974,827592,7390,1018566,155,515,16525,83703,670,100228,"Normal"
10,3,"petite","second",1115,5860,111893,895531,6975,1007424,69,560,6982,93133,629,100115,"Normal"
10,4,"petite","second",452,6321,44172,961701,6773,1005873,35,593,3305,96786,628,100091,"Normal"
10,5,"petite","second",247,6545,23522,994389,6792,1017911,28,598,2808,97362,626,100170,"Normal"
10,6,"petite","second",204,6618,21122,1013607,6822,1034729,13,590,1405,98674,603,100079,"Normal"
10,7,"petite","second",100,6512,10659,986512,6612,997171,7,596,650,99439,603,100089,"Normal"
10,8,"petite","second",35,6574,3683,1003768,6609,1007451,3,614,438,99603,617,100041,"Normal"
10,9,"petite","second",25,6584,2370,1008712,6609,1011082,3,600,232,99819,603,100051,"Normal"
17,1,"petite","second",3752,4213,368409,637736,7965,1006145,289,449,28797,71364,738,100161,"Normal"
17,2,"petite","second",2102,5287,208357,807696,7389,1016053,144,521,15569,84489,665,100058,"Normal"
17,3,"petite","second",1112,5876,110869,888996,6988,999865,77,570,8315,91723,647,100038,"Normal"
17,4,"petite","second",523,6282,51650,950842,6805,1002492,36,590,3920,96245,626,100165,"Normal"
17,5,"petite","second",277,6538,28057,988901,6815,1016958,20,610,1957,98198,630,100155,"Normal"
17,6,"petite","second",124,6468,12038,988058,6592,1000096,9,596,739,99416,605,100155,"Normal"
17,7,"petite","second",56,6551,6081,995432,6607,1001513,3,619,278,99833,622,100111,"Normal"
17,8,"petite","second",19,6591,1838,1006636,6610,1008474,1,618,93,100107,619,100200,"Normal"
28,1,"petite","second",3760,4206,368059,634123,7966,1002182,274,446,28479,71564,720,100043,"Normal"
28,2,"petite","second",2070,5328,203894,807603,7398,1011497,164,516,17518,82699,680,100217,"Normal"
28,3,"petite","second",1238,5783,121439,872758,7021,994197,84,554,9108,90895,638,100003,"Normal"
28,4,"petite","second",642,6155,64386,932137,6797,996523,39,583,3867,96302,622,100169,"Normal"
28,5,"petite","second",258,6551,25095,996577,6809,1021672,16,606,1573,98449,622,100022,"Normal"
28,6,"petite","second",96,6517,9854,992122,6613,1001976,6,614,715,99366,620,100081,"Normal"
21,1,"petite","second",3774,4191,367355,635425,7965,1002780,293,428,30808,69321,721,100129,"Normal"
21,2,"petite","second",2272,5086,227752,771153,7358,998905,161,494,17554,82487,655,100041,"Normal"
21,3,"petite","second",1243,5940,123413,909244,7183,1032657,93,551,9630,90562,644,100192,"Normal"
21,4,"petite","second",660,6152,65718,931748,6812,997466,42,594,4088,95940,636,100028,"Normal"
21,5,"petite","second",285,6522,28018,987441,6807,1015459,11,603,1193,98898,614,100091,"Normal"
21,6,"petite","second",91,6511,9352,991846,6602,1001198,5,605,579,99424,610,100003,"Normal"
21,7,"petite","second",42,6568,3665,1001187,6610,1004852,3,604,270,99769,607,100039,"Normal"
21,8,"petite","second",17,6584,1526,1004698,6601,1006224,1,614,71,99981,615,100052,"Normal"
26,1,"petite","second",3700,4242,360171,653561,7942,1013732,260,448,28166,71877,708,100043,"Normal"
26,2,"petite","second",2046,5333,204705,806717,7379,1011422,165,519,17948,82061,684,100009,"Normal"
26,3,"petite","second",1278,5915,127799,897641,7193,1025440,84,563,8945,91146,647,100091,"Normal"
26,4,"petite","second",598,6210,58859,940356,6808,999215,36,589,3834,96265,625,100099,"Normal"
26,5,"petite","second",274,6530,29021,995119,6804,1024140,24,605,2681,97499,629,100180,"Normal"
26,6,"petite","second",169,6436,16503,985166,6605,1001669,11,590,1218,98837,601,100055,"Normal"
26,7,"petite","second",90,6506,9035,993662,6596,1002697,8,597,815,99202,605,100017,"Normal"
26,8,"petite","second",51,6567,5081,994573,6618,999654,2,626,218,99851,628,100069,"Normal"
19,1,"petite","second",3764,4213,369602,648410,7977,1018012,256,418,27722,72319,674,100041,"Normal"
19,2,"petite","second",2026,5346,203934,815317,7372,1019251,147,518,15761,84251,665,100012,"Normal"
19,3,"petite","second",1103,5904,108567,906548,7007,1015115,63,547,5871,94181,610,100052,"Normal"
19,4,"petite","second",407,6395,40375,963658,6802,1004033,21,607,2276,97734,628,100010,"Normal"
19,5,"petite","second",147,6469,14624,987145,6616,1001769,15,613,1289,98722,628,100011,"Normal"
19,6,"petite","second",90,6516,8880,987193,6606,996073,12,608,1414,98831,620,100245,"Normal"
19,7,"petite","second",103,6542,10419,999425,6645,1009844,10,618,1044,99195,628,100239,"Normal"
19,8,"petite","second",71,6526,7057,1001114,6597,1008171,8,605,697,99450,613,100147,"Normal"
19,9,"petite","second",37,6576,4155,997998,6613,1002153,4,608,622,99532,612,100154,"Normal"
19,10,"petite","second",44,6572,4339,996026,6616,1000365,4,625,354,99900,629,100254,"Normal"
45,1,"petite","second",3756,4196,365082,639992,7952,1005074,271,439,28708,71519,710,100227,"Normal"
45,2,"petite","second",2099,5296,208223,809837,7395,1018060,141,510,15497,84542,651,100039,"Normal"
45,3,"petite","second",1051,5933,102957,907686,6984,1010643,73,586,7201,92826,659,100027,"Normal"
45,4,"petite","second",504,6286,51340,950640,6790,1001980,39,598,4287,95847,637,100134,"Normal"
45,5,"petite","second",303,6514,30044,995637,6817,1025681,21,590,2112,97964,611,100076,"Normal"
45,6,"petite","second",123,6474,12704,978175,6597,990879,9,612,1363,98755,621,100118,"Normal"
45,7,"petite","second",86,6525,9013,994701,6611,1003714,7,627,805,99282,634,100087,"Normal"
42,1,"petite","second",3777,4187,369948,641870,7964,1011818,294,424,30173,69956,718,100129,"Normal"
42,2,"petite","second",2227,5143,225027,788914,7370,1013941,172,493,18426,81633,665,100059,"Normal"
42,3,"petite","second",1310,5880,130281,891881,7190,1022162,91,552,9691,90365,643,100056,"Normal"
42,4,"petite","second",651,6155,65020,938146,6806,1003166,42,588,3972,96128,630,100100,"Normal"
42,5,"petite","second",270,6515,26274,991858,6785,1018132,14,598,1499,98686,612,100185,"Normal"
42,6,"petite","second",101,6508,9546,998267,6609,1007813,2,603,171,99910,605,100081,"Normal"
42,7,"petite","second",10,6601,878,1005051,6611,1005929,1,611,146,99864,612,100010,"Normal"
42,8,"petite","second",9,6590,726,1004846,6599,1005572,1,605,84,100051,606,100135,"Normal"
27,1,"petite","second",3767,4146,368161,631234,7913,999395,301,427,30977,69075,728,100052,"Normal"
27,2,"petite","second",2191,5204,216009,794513,7395,1010522,138,529,14368,85684,667,100052,"Normal"
27,3,"petite","second",1012,5989,98815,916510,7001,1015325,78,546,8110,91915,624,100025,"Normal"
27,4,"petite","second",531,6260,53545,955898,6791,1009443,26,569,3046,97056,595,100102,"Normal"
27,5,"petite","second",240,6563,23131,990404,6803,1013535,25,584,2620,97598,609,100218,"Normal"
27,6,"petite","second",169,6468,16576,981929,6637,998505,14,605,1560,98632,619,100192,"Normal"
27,7,"petite","second",108,6527,11118,998874,6635,1009992,4,609,474,99664,613,100138,"Normal"
18,1,"petite","second",3725,4238,361230,639412,7963,1000642,281,447,29180,70912,728,100092,"Normal"
18,2,"petite","second",2143,5243,211856,804474,7386,1016330,164,498,17818,82230,662,100048,"Normal"
18,3,"petite","second",1248,5940,123068,897866,7188,1020934,76,562,8243,91817,638,100060,"Normal"
18,4,"petite","second",523,6272,51017,957736,6795,1008753,36,589,4238,95877,625,100115,"Normal"
18,5,"petite","second",272,6568,26665,997840,6840,1024505,15,616,1852,98453,631,100305,"Normal"
18,6,"petite","second",115,6504,11726,989736,6619,1001462,4,601,402,99735,605,100137,"Normal"
18,7,"petite","second",28,6588,2833,1003863,6616,1006696,4,599,412,99687,603,100099,"Normal"
18,8,"petite","second",20,6592,1579,1005486,6612,1007065,1,627,35,100050,628,100085,"Normal"
20,1,"petite","second",3760,4178,368397,635047,7938,1003444,297,432,30001,70056,729,100057,"Normal"
20,2,"petite","second",2175,5215,214499,793412,7390,1007911,170,509,18016,82004,679,100020,"Normal"
20,3,"petite","second",1275,5920,126153,901200,7195,1027353,77,564,8058,92032,641,100090,"Normal"
20,4,"petite","second",515,6291,50932,961607,6806,1012539,40,580,4547,95453,620,100000,"Normal"
20,5,"petite","second",292,6502,28937,987895,6794,1016832,17,607,2063,98019,624,100082,"Normal"
20,6,"petite","second",141,6463,13886,982368,6604,996254,10,597,908,99097,607,100005,"Normal"
20,7,"petite","second",68,6556,7171,995044,6624,1002215,8,604,1013,99120,612,100133,"Normal"
20,8,"petite","second",66,6544,6522,994880,6610,1001402,3,612,282,99850,615,100132,"Normal"
20,9,"petite","second",15,6600,1477,1001934,6615,1003411,2,608,210,99942,610,100152,"Normal"
16,1,"petite","second",3757,4187,368584,636339,7944,1004923,272,428,29681,70476,700,100157,"Normal"
16,2,"petite","second",2144,5244,212711,792428,7388,1005139,159,489,17258,82946,648,100204,"Normal"
16,3,"petite","second",1233,5756,121088,878388,6989,999476,76,563,7821,92236,639,100057,"Normal"
16,4,"petite","second",497,6284,47944,960064,6781,1008008,40,610,3897,96270,650,100167,"Normal"
16,5,"petite","second",271,6551,25102,997436,6822,1022538,19,580,2130,97959,599,100089,"Normal"
16,6,"petite","second",140,6473,13315,983741,6613,997056,10,607,1153,98989,617,100142,"Normal"
16,7,"petite","second",80,6526,8098,997437,6606,1005535,6,621,622,99460,627,100082,"Normal"
16,8,"petite","second",44,6568,4318,999419,6612,1003737,2,605,274,99914,607,100188,"Normal"
16,9,"petite","second",18,6580,1695,1008112,6598,1009807,2,615,170,100244,617,100414,"Normal"
29,1,"petite","second",3739,4200,364137,637445,7939,1001582,270,422,29993,70021,692,100014,"Normal"
29,2,"petite","second",2192,5199,216048,786991,7391,1003039,157,521,15674,84384,678,100058,"Normal"
29,3,"petite","second",1092,5913,108971,889025,7005,997996,71,585,7467,92734,656,100201,"Normal"
29,4,"petite","second",502,6313,49143,964038,6815,1013181,44,578,4365,95712,622,100077,"Normal"
29,5,"petite","second",314,6501,30788,991163,6815,1021951,20,624,2104,98015,644,100119,"Normal"
29,6,"petite","second",137,6485,13622,983892,6622,997514,11,631,1214,98854,642,100068,"Normal"
29,7,"petite","second",80,6539,8085,991864,6619,999949,11,602,1132,99206,613,100338,"Normal"
29,8,"petite","second",68,6556,6978,996991,6624,1003969,3,585,230,99972,588,100202,"Normal"
29,9,"petite","second",8,6612,774,1012463,6620,1013237,1,620,125,99936,621,100061,"Normal"
29,10,"petite","second",8,6595,1279,1009542,6603,1010821,2,615,275,99908,617,100183,"Normal"
11,1,"petite","second",3743,4219,365512,641887,7962,1007399,297,424,31427,68614,721,100041,"Normal"
11,2,"petite","second",2301,5063,226540,772110,7364,998650,174,509,16923,83286,683,100209,"Normal"
11,3,"petite","second",1184,5810,116052,883338,6994,999390,100,565,10844,89351,665,100195,"Normal"
11,4,"petite","second",759,6229,72637,954224,6988,1026861,60,564,5826,94279,624,100105,"Normal"
11,5,"petite","second",440,6363,42900,964716,6803,1007616,24,594,2555,97477,618,100032,"Normal"
11,6,"petite","second",181,6431,18378,980234,6612,998612,7,590,860,99231,597,100091,"Normal"
11,7,"petite","second",57,6560,5693,1004385,6617,1010078,2,612,254,99780,614,100034,"Normal"
11,8,"petite","second",15,6596,1673,1006592,6611,1008265,1,604,82,100164,605,100246,"Normal"
