"sim_number","bootstrap_num","strain1","strain2","clusters_pop1_b","clusters_pop2_b","cells_pop1_b","cells_pop2_b","total_clusters_b","total_cells_b","clusters_pop1_a","clusters_pop2_a","cells_pop1_a","cells_pop2_a","total_clusters_a","total_cells_a","carr_cap"
37,1,"petite","second",3699,4165,367504,632626,8330,1265252,264,449,26429,73666,898,147332,"10mill-boot"
37,2,"petite","second",3686,4133,361999,638146,8266,1276292,283,420,29096,70904,840,141808,"10mill-boot"
37,3,"petite","second",3726,4127,366745,633373,8254,1266746,289,416,30441,69652,832,139304,"10mill-boot"
37,4,"petite","second",3622,4215,357908,642113,8430,1284226,281,445,29145,70899,890,141798,"10mill-boot"
37,5,"petite","second",3621,4219,356592,643463,8438,1286926,262,454,27061,73082,908,146164,"10mill-boot"
37,6,"petite","second",3672,4223,360990,639270,8446,1278540,271,430,29031,71042,860,142084,"10mill-boot"
37,7,"petite","second",3752,4142,370853,629170,8284,1258340,312,416,32999,67064,832,134128,"10mill-boot"
37,8,"petite","second",3587,4236,354494,645540,8472,1291080,283,417,30244,69774,834,139548,"10mill-boot"
37,9,"petite","second",3685,4183,365927,634116,8366,1268232,285,440,30291,69758,880,139516,"10mill-boot"
37,10,"petite","second",3762,4159,372587,627443,8318,1254886,312,415,32915,67096,830,134192,"10mill-boot"
37,11,"petite","second",3595,4184,360066,640056,8368,1280112,273,431,28453,71921,862,143842,"10mill-boot"
37,12,"petite","second",3628,4202,358573,641477,8404,1282954,273,445,29040,71192,890,142384,"10mill-boot"
37,13,"petite","second",3764,4177,370417,629646,8354,1259292,265,424,28493,71600,848,143200,"10mill-boot"
37,14,"petite","second",3641,4226,359268,640847,8452,1281694,280,424,30159,69891,848,139782,"10mill-boot"
37,15,"petite","second",3678,4187,367494,632574,8374,1265148,295,414,31357,68684,828,137368,"10mill-boot"
37,16,"petite","second",3603,4162,360373,639792,8324,1279584,269,434,28637,71432,868,142864,"10mill-boot"
37,17,"petite","second",3623,4234,357074,642996,8468,1285992,267,443,28754,71285,886,142570,"10mill-boot"
37,18,"petite","second",3551,4305,349785,650290,8610,1300580,277,432,30199,69970,864,139940,"10mill-boot"
37,19,"petite","second",3605,4228,358404,641603,8456,1283206,272,435,28909,71170,870,142340,"10mill-boot"
37,20,"petite","second",3660,4218,361564,638652,8436,1277304,284,434,30582,69499,868,138998,"10mill-boot"
37,21,"petite","second",3690,4205,361580,638473,8410,1276946,275,425,29422,70726,850,141452,"10mill-boot"
37,22,"petite","second",3666,4249,358191,641905,8498,1283810,276,430,29742,70321,860,140642,"10mill-boot"
37,23,"petite","second",3656,4161,359538,640480,8322,1280960,259,435,27270,72841,870,145682,"10mill-boot"
37,24,"petite","second",3638,4173,365005,635210,8346,1270420,302,409,32588,67598,818,135196,"10mill-boot"
37,25,"petite","second",3616,4236,360245,639932,8472,1279864,299,401,33033,67149,802,134298,"10mill-boot"
37,26,"petite","second",3671,4193,364617,635396,8386,1270792,270,429,29654,70483,858,140966,"10mill-boot"
37,27,"petite","second",3631,4250,357594,642432,8500,1284864,274,438,28920,71127,876,142254,"10mill-boot"
37,28,"petite","second",3584,4274,352000,648170,8548,1296340,294,431,31981,68062,862,136124,"10mill-boot"
37,29,"petite","second",3650,4201,360035,640179,8402,1280358,282,434,29967,70054,868,140108,"10mill-boot"
37,30,"petite","second",3575,4260,355047,645000,8520,1290000,236,453,25054,74968,906,149936,"10mill-boot"
30,1,"petite","second",3715,4228,360072,639945,8456,1279890,272,429,28554,71491,858,142982,"10mill-boot"
30,2,"petite","second",3838,4184,376507,623688,8368,1247376,266,440,27782,72330,880,144660,"10mill-boot"
30,3,"petite","second",3761,4170,369616,630522,8340,1261044,301,420,31614,68503,840,137006,"10mill-boot"
30,4,"petite","second",3762,4234,365438,634570,8468,1269140,272,451,28565,71491,902,142982,"10mill-boot"
30,5,"petite","second",3613,4267,353800,646423,8534,1292846,275,424,29515,70766,848,141532,"10mill-boot"
30,6,"petite","second",3761,4251,362529,637535,8502,1275070,286,462,28319,71774,924,143548,"10mill-boot"
30,7,"petite","second",3751,4211,362956,637089,8422,1274178,283,443,29969,70093,886,140186,"10mill-boot"
30,8,"petite","second",3748,4181,368434,631693,8362,1263386,300,411,33503,66638,822,133276,"10mill-boot"
30,9,"petite","second",3847,4159,373533,626496,8318,1252992,276,442,28671,71438,884,142876,"10mill-boot"
30,10,"petite","second",3762,4164,365415,634612,8328,1269224,291,415,30092,69997,830,139994,"10mill-boot"
30,11,"petite","second",3701,4200,361694,638458,8400,1276916,262,444,27805,72693,888,145386,"10mill-boot"
30,12,"petite","second",3744,4240,366869,633255,8480,1266510,311,415,33243,66794,830,133588,"10mill-boot"
30,13,"petite","second",3653,4191,362064,637982,8382,1275964,282,442,29903,70380,884,140760,"10mill-boot"
30,14,"petite","second",3739,4163,369392,630723,8326,1261446,292,431,31431,68666,862,137332,"10mill-boot"
30,15,"petite","second",3788,4218,364614,635426,8436,1270852,306,425,31344,68828,850,137656,"10mill-boot"
30,16,"petite","second",3678,4224,355601,644474,8448,1288948,253,442,26413,73626,884,147252,"10mill-boot"
30,17,"petite","second",3805,4166,371954,628219,8332,1256438,289,443,30638,69415,886,138830,"10mill-boot"
30,18,"petite","second",3740,4197,364523,635534,8394,1271068,262,429,28635,71373,858,142746,"10mill-boot"
30,19,"petite","second",3833,4161,372166,627927,8322,1255854,288,433,30576,69612,866,139224,"10mill-boot"
30,20,"petite","second",3787,4138,371912,628127,8276,1256254,281,430,29535,70467,860,140934,"10mill-boot"
30,21,"petite","second",3743,4209,364434,635576,8418,1271152,299,418,30292,69723,836,139446,"10mill-boot"
30,22,"petite","second",3714,4210,357563,642524,8420,1285048,262,440,27525,72897,880,145794,"10mill-boot"
30,23,"petite","second",3754,4218,365063,634945,8436,1269890,287,426,30293,69887,852,139774,"10mill-boot"
30,24,"petite","second",3692,4216,363107,637007,8432,1274014,263,437,28308,71935,874,143870,"10mill-boot"
30,25,"petite","second",3796,4127,368589,631422,8254,1262844,314,413,32784,67222,826,134444,"10mill-boot"
30,26,"petite","second",3724,4240,361530,638517,8480,1277034,294,429,31345,68668,858,137336,"10mill-boot"
30,27,"petite","second",3732,4242,360816,639199,8484,1278398,275,433,28638,71587,866,143174,"10mill-boot"
30,28,"petite","second",3841,4126,371986,628061,8252,1256122,334,415,34288,65887,830,131774,"10mill-boot"
30,29,"petite","second",3769,4199,367490,632529,8398,1265058,270,440,28069,71975,880,143950,"10mill-boot"
30,30,"petite","second",3662,4252,360582,639479,8504,1278958,280,436,29647,70403,872,140806,"10mill-boot"
39,1,"petite","second",3757,4102,376293,623709,8204,1247418,293,436,31066,69031,872,138062,"10mill-boot"
39,2,"petite","second",3700,4170,365770,634312,8340,1268624,299,433,30435,69681,866,139362,"10mill-boot"
39,3,"petite","second",3713,4147,370607,629539,8294,1259078,290,435,31002,69120,870,138240,"10mill-boot"
39,4,"petite","second",3764,4097,375029,625023,8194,1250046,304,418,32184,67839,836,135678,"10mill-boot"
39,5,"petite","second",3715,4116,367858,632159,8232,1264318,289,441,30249,69915,882,139830,"10mill-boot"
39,6,"petite","second",3719,4125,373167,626853,8250,1253706,263,428,28928,71115,856,142230,"10mill-boot"
39,7,"petite","second",3736,4118,371563,628518,8236,1257036,277,419,30445,69599,838,139198,"10mill-boot"
39,8,"petite","second",3644,4197,361340,638718,8394,1277436,254,456,27624,72483,912,144966,"10mill-boot"
39,9,"petite","second",3758,4103,373293,626735,8206,1253470,296,427,32814,67359,854,134718,"10mill-boot"
39,10,"petite","second",3750,4151,371830,628183,8302,1256366,255,433,28479,71595,866,143190,"10mill-boot"
39,11,"petite","second",3729,4155,370217,629856,8310,1259712,303,409,32200,67832,818,135664,"10mill-boot"
39,12,"petite","second",3682,4133,366298,633763,8266,1267526,290,403,31791,68459,806,136918,"10mill-boot"
39,13,"petite","second",3753,4068,376088,623929,8136,1247858,273,427,28968,71174,854,142348,"10mill-boot"
39,14,"petite","second",3628,4153,363778,636279,8306,1272558,266,428,29016,71002,856,142004,"10mill-boot"
39,15,"petite","second",3704,4081,370564,629563,8162,1259126,294,415,30749,69403,830,138806,"10mill-boot"
39,16,"petite","second",3727,4096,373858,626161,8192,1252322,271,423,29898,70163,846,140326,"10mill-boot"
39,17,"petite","second",3609,4159,362280,637729,8318,1275458,274,428,28355,71764,856,143528,"10mill-boot"
39,18,"petite","second",3667,4167,364246,635843,8334,1271686,284,422,29462,70671,844,141342,"10mill-boot"
39,19,"petite","second",3592,4201,358090,641939,8402,1283878,293,436,31946,68238,872,136476,"10mill-boot"
39,20,"petite","second",3654,4113,364589,635533,8226,1271066,275,425,30417,69812,850,139624,"10mill-boot"
39,21,"petite","second",3734,4151,370368,629679,8302,1259358,294,427,31890,68166,854,136332,"10mill-boot"
39,22,"petite","second",3637,4215,365004,635008,8430,1270016,279,450,29203,70888,900,141776,"10mill-boot"
39,23,"petite","second",3782,4072,376834,623193,8144,1246386,314,393,34995,65280,786,130560,"10mill-boot"
39,24,"petite","second",3768,4088,377077,622957,8176,1245914,319,400,33619,66538,800,133076,"10mill-boot"
39,25,"petite","second",3652,4138,365069,634975,8276,1269950,253,438,26912,73530,876,147060,"10mill-boot"
39,26,"petite","second",3643,4219,361184,638860,8438,1277720,278,432,29514,70522,864,141044,"10mill-boot"
39,27,"petite","second",3771,4111,369304,630779,8222,1261558,289,426,29875,70160,852,140320,"10mill-boot"
39,28,"petite","second",3709,4090,370054,630057,8180,1260114,292,426,31774,68279,852,136558,"10mill-boot"
39,29,"petite","second",3675,4188,367886,632192,8376,1264384,280,430,30557,69541,860,139082,"10mill-boot"
39,30,"petite","second",3717,4135,371896,628515,8270,1257030,277,452,29068,70966,904,141932,"10mill-boot"
4,1,"petite","second",3722,4181,363673,636331,8362,1272662,307,423,33146,67091,846,134182,"10mill-boot"
4,2,"petite","second",3809,4173,371527,628503,8346,1257006,282,448,28961,71042,896,142084,"10mill-boot"
4,3,"petite","second",3756,4160,366944,633113,8320,1266226,293,424,30145,69867,848,139734,"10mill-boot"
4,4,"petite","second",3767,4147,366561,633486,8294,1266972,295,419,31083,68950,838,137900,"10mill-boot"
4,5,"petite","second",3732,4147,365099,635037,8294,1270074,279,427,29621,70508,854,141016,"10mill-boot"
4,6,"petite","second",3710,4181,366447,633579,8362,1267158,284,434,29284,71099,868,142198,"10mill-boot"
4,7,"petite","second",3763,4160,373312,626753,8320,1253506,292,455,30191,70101,910,140202,"10mill-boot"
4,8,"petite","second",3776,4152,369872,630179,8304,1260358,279,438,28989,71084,876,142168,"10mill-boot"
4,9,"petite","second",3689,4211,359781,640333,8422,1280666,296,429,30677,69461,858,138922,"10mill-boot"
4,10,"petite","second",3696,4174,361931,638211,8348,1276422,264,453,28080,71946,906,143892,"10mill-boot"
4,11,"petite","second",3748,4163,365923,634147,8326,1268294,320,421,32985,67030,842,134060,"10mill-boot"
4,12,"petite","second",3759,4142,371124,628890,8284,1257780,297,421,32002,68209,842,136418,"10mill-boot"
4,13,"petite","second",3791,4087,375308,624713,8174,1249426,298,418,31443,68598,836,137196,"10mill-boot"
4,14,"petite","second",3684,4155,364271,635749,8310,1271498,295,439,30872,69169,878,138338,"10mill-boot"
4,15,"petite","second",3773,4108,372786,627301,8216,1254602,294,436,30835,69277,872,138554,"10mill-boot"
4,16,"petite","second",3775,4140,367603,632414,8280,1264828,304,425,31332,68768,850,137536,"10mill-boot"
4,17,"petite","second",3816,4094,375371,624765,8188,1249530,297,414,31237,68810,828,137620,"10mill-boot"
4,18,"petite","second",3782,4095,372799,627369,8190,1254738,300,414,32597,67496,828,134992,"10mill-boot"
4,19,"petite","second",3831,4107,375962,624076,8214,1248152,259,435,27254,72892,870,145784,"10mill-boot"
4,20,"petite","second",3748,4184,365263,634843,8368,1269686,299,439,29900,70211,878,140422,"10mill-boot"
4,21,"petite","second",3761,4152,368671,631668,8304,1263336,301,420,31768,68459,840,136918,"10mill-boot"
4,22,"petite","second",3685,4098,367263,632861,8196,1265722,280,416,29394,70686,832,141372,"10mill-boot"
4,23,"petite","second",3745,4129,366931,633238,8258,1266476,295,432,29768,70372,864,140744,"10mill-boot"
4,24,"petite","second",3748,4190,370777,629228,8380,1258456,274,439,29348,70832,878,141664,"10mill-boot"
4,25,"petite","second",3720,4166,362496,637519,8332,1275038,261,441,27930,72118,882,144236,"10mill-boot"
4,26,"petite","second",3755,4141,367676,632344,8282,1264688,287,429,30055,70042,858,140084,"10mill-boot"
4,27,"petite","second",3734,4135,366107,633943,8270,1267886,312,408,32380,67676,816,135352,"10mill-boot"
4,28,"petite","second",3732,4174,363993,636056,8348,1272112,290,421,29348,70810,842,141620,"10mill-boot"
4,29,"petite","second",3716,4172,362237,637821,8344,1275642,292,427,30402,69682,854,139364,"10mill-boot"
4,30,"petite","second",3821,4117,372072,627940,8234,1255880,315,394,34114,65914,788,131828,"10mill-boot"
3,1,"petite","second",3799,4140,368900,631120,8280,1262240,291,425,29517,70517,850,141034,"10mill-boot"
3,2,"petite","second",3893,4118,378002,622061,8236,1244122,307,413,31987,68292,826,136584,"10mill-boot"
3,3,"petite","second",3769,4129,367410,632668,8258,1265336,283,416,31256,69017,832,138034,"10mill-boot"
3,4,"petite","second",3764,4137,369339,630761,8274,1261522,304,413,33218,66946,826,133892,"10mill-boot"
3,5,"petite","second",3818,4133,370103,630038,8266,1260076,247,450,25749,74330,900,148660,"10mill-boot"
3,6,"petite","second",3749,4129,364501,635588,8258,1271176,288,432,30995,69168,864,138336,"10mill-boot"
3,7,"petite","second",3698,4168,363345,636691,8336,1273382,278,433,29566,70494,866,140988,"10mill-boot"
3,8,"petite","second",3765,4156,366609,633463,8312,1266926,293,435,30503,69542,870,139084,"10mill-boot"
3,9,"petite","second",3842,4116,372796,627315,8232,1254630,278,430,28705,71398,860,142796,"10mill-boot"
3,10,"petite","second",3792,4173,368931,631079,8346,1262158,269,445,27998,72145,890,144290,"10mill-boot"
3,11,"petite","second",3781,4136,376271,623761,8272,1247522,300,427,32277,67745,854,135490,"10mill-boot"
3,12,"petite","second",3724,4164,362944,637084,8328,1274168,268,431,28504,71727,862,143454,"10mill-boot"
3,13,"petite","second",3853,4082,378166,621927,8164,1243854,271,455,28157,72001,910,144002,"10mill-boot"
3,14,"petite","second",3837,4033,375082,624970,8066,1249940,290,417,30189,69971,834,139942,"10mill-boot"
3,15,"petite","second",3813,4151,371404,628796,8302,1257592,294,433,30963,69279,866,138558,"10mill-boot"
3,16,"petite","second",3837,4042,376628,623427,8084,1246854,314,411,33305,66800,822,133600,"10mill-boot"
3,17,"petite","second",3715,4142,361581,638534,8284,1277068,287,432,29889,70117,864,140234,"10mill-boot"
3,18,"petite","second",3757,4165,364463,635619,8330,1271238,275,440,30299,69746,880,139492,"10mill-boot"
3,19,"petite","second",3888,4124,374561,625464,8248,1250928,294,430,29135,70961,860,141922,"10mill-boot"
3,20,"petite","second",3685,4253,358401,641680,8506,1283360,285,444,28718,71485,888,142970,"10mill-boot"
3,21,"petite","second",3738,4110,367618,632499,8220,1264998,287,415,30492,69977,830,139954,"10mill-boot"
3,22,"petite","second",3759,4162,367286,632794,8324,1265588,283,439,28872,71213,878,142426,"10mill-boot"
3,23,"petite","second",3813,4079,373706,626310,8158,1252620,294,414,31129,68992,828,137984,"10mill-boot"
3,24,"petite","second",3733,4187,363160,636879,8374,1273758,295,417,31126,69095,834,138190,"10mill-boot"
3,25,"petite","second",3744,4201,361159,638952,8402,1277904,295,430,30164,69901,860,139802,"10mill-boot"
3,26,"petite","second",3773,4132,370243,629768,8264,1259536,265,453,26606,73417,906,146834,"10mill-boot"
3,27,"petite","second",3752,4157,368598,631543,8314,1263086,267,441,29957,70360,882,140720,"10mill-boot"
3,28,"petite","second",3798,4137,370026,630083,8274,1260166,292,429,30236,69885,858,139770,"10mill-boot"
3,29,"petite","second",3836,4098,371807,628286,8196,1256572,286,412,29339,70706,824,141412,"10mill-boot"
3,30,"petite","second",3682,4194,361421,638692,8388,1277384,268,450,28236,71788,900,143576,"10mill-boot"
2,1,"petite","second",3655,4194,358010,642109,8388,1284218,306,428,31296,68774,856,137548,"10mill-boot"
2,2,"petite","second",3713,4199,363484,636643,8398,1273286,284,431,29617,70441,862,140882,"10mill-boot"
2,3,"petite","second",3740,4173,368105,631909,8346,1263818,292,416,30261,69896,832,139792,"10mill-boot"
2,4,"petite","second",3656,4249,359600,640479,8498,1280958,276,423,30112,70024,846,140048,"10mill-boot"
2,5,"petite","second",3643,4225,357566,642545,8450,1285090,270,448,28208,71983,896,143966,"10mill-boot"
2,6,"petite","second",3627,4242,350925,649208,8484,1298416,249,431,26827,73173,862,146346,"10mill-boot"
2,7,"petite","second",3701,4207,357360,642685,8414,1285370,295,433,30265,69750,866,139500,"10mill-boot"
2,8,"petite","second",3656,4255,358932,641116,8510,1282232,304,430,31819,68198,860,136396,"10mill-boot"
2,9,"petite","second",3670,4196,360922,639128,8392,1278256,293,430,30775,69410,860,138820,"10mill-boot"
2,10,"petite","second",3759,4173,370216,629889,8346,1259778,301,436,30511,69702,872,139404,"10mill-boot"
2,11,"petite","second",3708,4187,365398,634643,8374,1269286,278,448,29384,70726,896,141452,"10mill-boot"
2,12,"petite","second",3663,4284,352586,647449,8568,1294898,311,432,32022,68189,864,136378,"10mill-boot"
2,13,"petite","second",3668,4195,361207,638883,8390,1277766,290,434,30278,69757,868,139514,"10mill-boot"
2,14,"petite","second",3737,4151,364514,635710,8302,1271420,269,426,28797,71224,852,142448,"10mill-boot"
2,15,"petite","second",3705,4212,364858,635266,8424,1270532,291,423,32066,67997,846,135994,"10mill-boot"
2,16,"petite","second",3736,4228,367737,632361,8456,1264722,285,427,29872,70339,854,140678,"10mill-boot"
2,17,"petite","second",3705,4214,359084,641194,8428,1282388,287,428,30442,69973,856,139946,"10mill-boot"
2,18,"petite","second",3618,4187,357224,642897,8374,1285794,271,420,29244,70784,840,141568,"10mill-boot"
2,19,"petite","second",3726,4191,361539,638466,8382,1276932,279,423,30267,69832,846,139664,"10mill-boot"
2,20,"petite","second",3643,4217,356845,643348,8434,1286696,285,418,31165,68840,836,137680,"10mill-boot"
2,21,"petite","second",3626,4327,351465,648573,8654,1297146,270,441,28804,71393,882,142786,"10mill-boot"
2,22,"petite","second",3659,4253,359248,640770,8506,1281540,300,436,31195,68991,872,137982,"10mill-boot"
2,23,"petite","second",3731,4180,367792,632222,8360,1264444,324,426,33141,66891,852,133782,"10mill-boot"
2,24,"petite","second",3684,4244,358573,641490,8488,1282980,278,423,30564,69436,846,138872,"10mill-boot"
2,25,"petite","second",3622,4265,353308,646785,8530,1293570,274,456,27311,72700,912,145400,"10mill-boot"
2,26,"petite","second",3682,4264,360399,639656,8528,1279312,323,432,33225,66874,864,133748,"10mill-boot"
2,27,"petite","second",3666,4227,359790,640210,8454,1280420,278,438,29217,71305,876,142610,"10mill-boot"
2,28,"petite","second",3658,4226,361421,638629,8452,1277258,269,443,28295,71728,886,143456,"10mill-boot"
2,29,"petite","second",3708,4166,367351,632708,8332,1265416,288,420,30872,69199,840,138398,"10mill-boot"
2,30,"petite","second",3601,4310,347759,652366,8620,1304732,295,421,30104,70017,842,140034,"10mill-boot"
38,1,"petite","second",3753,4067,366190,633862,8134,1267724,271,424,29219,70867,848,141734,"10mill-boot"
38,2,"petite","second",3723,4140,356347,643894,8280,1287788,282,432,28255,71861,864,143722,"10mill-boot"
38,3,"petite","second",3749,4054,364532,635677,8108,1271354,306,414,32395,67646,828,135292,"10mill-boot"
38,4,"petite","second",3728,4110,364942,635102,8220,1270204,278,419,30018,70038,838,140076,"10mill-boot"
38,5,"petite","second",3851,4067,371207,628814,8134,1257628,282,412,28337,71689,824,143378,"10mill-boot"
38,6,"petite","second",3812,4025,368218,631898,8050,1263796,282,409,30268,69833,818,139666,"10mill-boot"
38,7,"petite","second",3780,4102,367736,632340,8204,1264680,262,456,28113,72061,912,144122,"10mill-boot"
38,8,"petite","second",3775,4117,364939,635167,8234,1270334,263,437,26607,73653,874,147306,"10mill-boot"
38,9,"petite","second",3832,3971,375546,624590,7942,1249180,306,403,30919,69405,806,138810,"10mill-boot"
38,10,"petite","second",3722,4078,364547,635545,8156,1271090,297,418,31512,68492,836,136984,"10mill-boot"
38,11,"petite","second",3778,4052,366082,633977,8104,1267954,259,416,27649,72446,832,144892,"10mill-boot"
38,12,"petite","second",3769,4023,366136,634009,8046,1268018,280,426,29216,70964,852,141928,"10mill-boot"
38,13,"petite","second",3722,4072,362728,637333,8144,1274666,259,440,26404,73660,880,147320,"10mill-boot"
38,14,"petite","second",3747,4065,363375,636729,8130,1273458,275,411,28795,71272,822,142544,"10mill-boot"
38,15,"petite","second",3855,4016,376860,623272,8032,1246544,296,416,31525,68575,832,137150,"10mill-boot"
38,16,"petite","second",3696,4119,359218,640888,8238,1281776,289,437,29155,70985,874,141970,"10mill-boot"
38,17,"petite","second",3672,4100,362003,638172,8200,1276344,293,422,30449,69692,844,139384,"10mill-boot"
38,18,"petite","second",3832,4012,372849,627181,8024,1254362,321,391,33491,66587,782,133174,"10mill-boot"
38,19,"petite","second",3688,4142,356284,643794,8284,1287588,288,408,30335,69733,816,139466,"10mill-boot"
38,20,"petite","second",3843,4042,369665,630385,8084,1260770,281,421,28993,71203,842,142406,"10mill-boot"
38,21,"petite","second",3764,4047,364597,635472,8094,1270944,299,404,32093,67964,808,135928,"10mill-boot"
38,22,"petite","second",3696,4078,356447,643709,8156,1287418,257,430,26392,73637,860,147274,"10mill-boot"
38,23,"petite","second",3710,4132,359185,640951,8264,1281902,278,428,29885,70254,856,140508,"10mill-boot"
38,24,"petite","second",3678,4112,353753,646275,8224,1292550,275,412,28692,71439,824,142878,"10mill-boot"
38,25,"petite","second",3784,4051,364484,635548,8102,1271096,272,421,28664,71337,842,142674,"10mill-boot"
38,26,"petite","second",3596,4135,349834,650209,8270,1300418,267,446,27442,72798,892,145596,"10mill-boot"
38,27,"petite","second",3717,4162,359160,641111,8324,1282222,253,447,25746,74308,894,148616,"10mill-boot"
38,28,"petite","second",3804,4024,368483,631594,8048,1263188,294,417,30750,69316,834,138632,"10mill-boot"
38,29,"petite","second",3709,4084,360577,639560,8168,1279120,260,422,26684,73584,844,147168,"10mill-boot"
38,30,"petite","second",3748,4089,365806,634208,8178,1268416,275,411,27991,72141,822,144282,"10mill-boot"
5,1,"petite","second",3820,4153,372823,627352,8306,1254704,274,443,28582,71533,886,143066,"10mill-boot"
5,2,"petite","second",3777,4193,367889,632159,8386,1264318,270,431,29037,71014,862,142028,"10mill-boot"
5,3,"petite","second",3640,4212,355482,644533,8424,1289066,271,442,28183,72106,884,144212,"10mill-boot"
5,4,"petite","second",3743,4197,362791,637324,8394,1274648,279,443,27147,72865,886,145730,"10mill-boot"
5,5,"petite","second",3885,4093,376774,623339,8186,1246678,285,428,29705,70494,856,140988,"10mill-boot"
5,6,"petite","second",3723,4211,364940,635234,8422,1270468,287,416,30694,69315,832,138630,"10mill-boot"
5,7,"petite","second",3764,4167,369520,630503,8334,1261006,266,437,27817,72250,874,144500,"10mill-boot"
5,8,"petite","second",3702,4207,361559,638482,8414,1276964,272,439,28184,72011,878,144022,"10mill-boot"
5,9,"petite","second",3811,4112,372158,627868,8224,1255736,288,429,29735,70349,858,140698,"10mill-boot"
5,10,"petite","second",3863,4156,376192,623866,8312,1247732,315,430,31916,68211,860,136422,"10mill-boot"
5,11,"petite","second",3814,4166,368454,631657,8332,1263314,263,426,29340,70694,852,141388,"10mill-boot"
5,12,"petite","second",3709,4212,366965,633046,8424,1266092,283,433,29038,70973,866,141946,"10mill-boot"
5,13,"petite","second",3678,4197,360689,639316,8394,1278632,296,425,30684,69352,850,138704,"10mill-boot"
5,14,"petite","second",3733,4195,367610,632399,8390,1264798,272,453,27761,72300,906,144600,"10mill-boot"
5,15,"petite","second",3766,4179,367184,632820,8358,1265640,251,450,26096,74005,900,148010,"10mill-boot"
5,16,"petite","second",3737,4241,362852,637158,8482,1274316,296,424,30815,69346,848,138692,"10mill-boot"
5,17,"petite","second",3770,4110,370946,629137,8220,1258274,279,428,29088,71041,856,142082,"10mill-boot"
5,18,"petite","second",3749,4206,365299,634737,8412,1269474,274,441,29324,70979,882,141958,"10mill-boot"
5,19,"petite","second",3637,4313,354210,645895,8626,1291790,290,418,30985,69088,836,138176,"10mill-boot"
5,20,"petite","second",3689,4174,364071,635998,8348,1271996,281,417,29256,70804,834,141608,"10mill-boot"
5,21,"petite","second",3773,4178,369963,630211,8356,1260422,297,422,32241,67765,844,135530,"10mill-boot"
5,22,"petite","second",3710,4226,360785,639289,8452,1278578,274,446,27992,72107,892,144214,"10mill-boot"
5,23,"petite","second",3755,4183,366594,633604,8366,1267208,273,447,28984,71149,894,142298,"10mill-boot"
5,24,"petite","second",3817,4159,369508,630531,8318,1261062,303,442,31653,68480,884,136960,"10mill-boot"
5,25,"petite","second",3695,4257,358854,641181,8514,1282362,257,434,27551,72493,868,144986,"10mill-boot"
5,26,"petite","second",3718,4250,360779,639227,8500,1278454,274,442,28854,71170,884,142340,"10mill-boot"
5,27,"petite","second",3788,4153,368860,631168,8306,1262336,293,434,30651,69469,868,138938,"10mill-boot"
5,28,"petite","second",3753,4205,367050,632991,8410,1265982,279,439,29410,70655,878,141310,"10mill-boot"
5,29,"petite","second",3717,4190,365291,634979,8380,1269958,277,428,29168,70882,856,141764,"10mill-boot"
5,30,"petite","second",3723,4201,367056,633167,8402,1266334,293,428,30512,69521,856,139042,"10mill-boot"
31,1,"petite","second",3851,4117,371355,628671,8234,1257342,328,416,33838,66447,832,132894,"10mill-boot"
31,2,"petite","second",3770,4202,361888,638130,8404,1276260,284,437,30950,69067,874,138134,"10mill-boot"
31,3,"petite","second",3785,4145,369240,630765,8290,1261530,281,440,28752,71338,880,142676,"10mill-boot"
31,4,"petite","second",3803,4180,369910,630260,8360,1260520,275,439,28885,71173,878,142346,"10mill-boot"
31,5,"petite","second",3729,4212,360117,639887,8424,1279774,267,443,28704,71483,886,142966,"10mill-boot"
31,6,"petite","second",3832,4196,370069,630006,8392,1260012,297,426,30636,69381,852,138762,"10mill-boot"
31,7,"petite","second",3840,4121,370708,629453,8242,1258906,273,429,29784,70315,858,140630,"10mill-boot"
31,8,"petite","second",3669,4197,356288,643732,8394,1287464,319,408,34021,66029,816,132058,"10mill-boot"
31,9,"petite","second",3711,4194,359914,640211,8388,1280422,288,431,30389,69631,862,139262,"10mill-boot"
31,10,"petite","second",3827,4176,371362,628761,8352,1257522,272,446,28692,71328,892,142656,"10mill-boot"
31,11,"petite","second",3839,4160,370569,629496,8320,1258992,306,424,32019,68367,848,136734,"10mill-boot"
31,12,"petite","second",3849,4135,373521,626508,8270,1253016,328,425,33273,66799,850,133598,"10mill-boot"
31,13,"petite","second",3746,4230,360250,639795,8460,1279590,306,434,30742,69283,868,138566,"10mill-boot"
31,14,"petite","second",3700,4197,357304,642762,8394,1285524,278,418,29011,71177,836,142354,"10mill-boot"
31,15,"petite","second",3635,4230,352497,647564,8460,1295128,247,461,25659,74457,922,148914,"10mill-boot"
31,16,"petite","second",3723,4200,362306,637734,8400,1275468,298,417,31330,68689,834,137378,"10mill-boot"
31,17,"petite","second",3705,4220,360407,639686,8440,1279372,307,417,32536,67572,834,135144,"10mill-boot"
31,18,"petite","second",3732,4213,357729,642273,8426,1284546,287,442,29888,70183,884,140366,"10mill-boot"
31,19,"petite","second",3816,4181,371435,628647,8362,1257294,288,434,30666,69410,868,138820,"10mill-boot"
31,20,"petite","second",3788,4203,364602,635482,8406,1270964,284,440,29976,70127,880,140254,"10mill-boot"
31,21,"petite","second",3786,4161,368383,631732,8322,1263464,271,455,27629,72373,910,144746,"10mill-boot"
31,22,"petite","second",3792,4153,366529,633664,8306,1267328,268,443,27629,72449,886,144898,"10mill-boot"
31,23,"petite","second",3861,4149,371731,628372,8298,1256744,287,440,29691,70380,880,140760,"10mill-boot"
31,24,"petite","second",3790,4106,366942,633115,8212,1266230,269,456,28126,71881,912,143762,"10mill-boot"
31,25,"petite","second",3725,4194,360862,639169,8388,1278338,246,449,27490,72545,898,145090,"10mill-boot"
31,26,"petite","second",3718,4197,357759,642246,8394,1284492,266,440,28339,71665,880,143330,"10mill-boot"
31,27,"petite","second",3786,4170,364512,635516,8340,1271032,303,421,32358,67707,842,135414,"10mill-boot"
31,28,"petite","second",3759,4217,361820,638266,8434,1276532,303,438,31218,68893,876,137786,"10mill-boot"
31,29,"petite","second",3849,4138,371797,628467,8276,1256934,298,426,31333,68864,852,137728,"10mill-boot"
31,30,"petite","second",3728,4237,356225,643878,8474,1287756,285,448,29243,70876,896,141752,"10mill-boot"
36,1,"petite","second",3644,4193,358074,642017,8386,1284034,281,430,30328,69673,860,139346,"10mill-boot"
36,2,"petite","second",3708,4177,362110,637895,8354,1275790,268,442,28484,71525,884,143050,"10mill-boot"
36,3,"petite","second",3814,4101,374261,625812,8202,1251624,293,414,30084,69932,828,139864,"10mill-boot"
36,4,"petite","second",3709,4185,364345,635713,8370,1271426,286,436,30474,69594,872,139188,"10mill-boot"
36,5,"petite","second",3780,4089,371040,629144,8178,1258288,274,430,29385,70760,860,141520,"10mill-boot"
36,6,"petite","second",3746,4121,369425,630655,8242,1261310,287,404,31325,68699,808,137398,"10mill-boot"
36,7,"petite","second",3759,4109,371911,628142,8218,1256284,319,401,33571,66511,802,133022,"10mill-boot"
36,8,"petite","second",3742,4120,369245,630833,8240,1261666,247,424,26236,73768,848,147536,"10mill-boot"
36,9,"petite","second",3677,4164,360946,639071,8328,1278142,294,433,29841,70257,866,140514,"10mill-boot"
36,10,"petite","second",3765,4078,368350,631812,8156,1263624,277,435,28806,71413,870,142826,"10mill-boot"
36,11,"petite","second",3742,4165,366785,633280,8330,1266560,291,410,31904,68108,820,136216,"10mill-boot"
36,12,"petite","second",3752,4131,369979,630168,8262,1260336,310,410,33026,66992,820,133984,"10mill-boot"
36,13,"petite","second",3694,4095,366213,633929,8190,1267858,264,419,28999,71042,838,142084,"10mill-boot"
36,14,"petite","second",3690,4135,365043,635173,8270,1270346,277,426,30212,69924,852,139848,"10mill-boot"
36,15,"petite","second",3687,4169,363944,636066,8338,1272132,277,409,29564,70671,818,141342,"10mill-boot"
36,16,"petite","second",3710,4097,366496,633631,8194,1267262,308,420,32123,67900,840,135800,"10mill-boot"
36,17,"petite","second",3687,4136,363922,636242,8272,1272484,305,423,31882,68412,846,136824,"10mill-boot"
36,18,"petite","second",3644,4134,358685,641323,8268,1282646,299,416,31031,69067,832,138134,"10mill-boot"
36,19,"petite","second",3742,4089,369245,630762,8178,1261524,281,423,30809,69220,846,138440,"10mill-boot"
36,20,"petite","second",3754,4121,369021,631127,8242,1262254,290,435,30370,69821,870,139642,"10mill-boot"
36,21,"petite","second",3651,4132,359451,640769,8264,1281538,302,414,32007,68027,828,136054,"10mill-boot"
36,22,"petite","second",3727,4125,368349,631673,8250,1263346,287,431,30239,69899,862,139798,"10mill-boot"
36,23,"petite","second",3674,4148,359681,640375,8296,1280750,274,426,28617,71495,852,142990,"10mill-boot"
36,24,"petite","second",3705,4131,369239,630865,8262,1261730,320,421,32556,67484,842,134968,"10mill-boot"
36,25,"petite","second",3635,4157,359760,640354,8314,1280708,241,435,25859,74233,870,148466,"10mill-boot"
36,26,"petite","second",3726,4093,371034,629040,8186,1258080,273,420,28733,71347,840,142694,"10mill-boot"
36,27,"petite","second",3676,4117,361498,638575,8234,1277150,276,429,28805,71606,858,143212,"10mill-boot"
36,28,"petite","second",3640,4153,360288,639748,8306,1279496,271,434,27401,72784,868,145568,"10mill-boot"
36,29,"petite","second",3718,4111,367922,632135,8222,1264270,278,426,29624,70408,852,140816,"10mill-boot"
36,30,"petite","second",3741,4136,366725,633355,8272,1266710,291,427,31010,69029,854,138058,"10mill-boot"
14,1,"petite","second",3732,4227,361464,638562,8454,1277124,261,437,27835,72269,874,144538,"10mill-boot"
14,2,"petite","second",3647,4301,349434,650594,8602,1301188,282,444,29493,70579,888,141158,"10mill-boot"
14,3,"petite","second",3691,4281,356291,643719,8562,1287438,267,450,27856,72379,900,144758,"10mill-boot"
14,4,"petite","second",3699,4288,361468,638559,8576,1277118,291,429,30760,69296,858,138592,"10mill-boot"
14,5,"petite","second",3698,4268,357760,642245,8536,1284490,297,441,30149,69881,882,139762,"10mill-boot"
14,6,"petite","second",3641,4255,351334,648731,8510,1297462,267,433,28153,71954,866,143908,"10mill-boot"
14,7,"petite","second",3721,4286,358494,641548,8572,1283096,294,438,30496,69556,876,139112,"10mill-boot"
14,8,"petite","second",3750,4238,360504,639510,8476,1279020,288,436,29474,70547,872,141094,"10mill-boot"
14,9,"petite","second",3705,4202,359560,640464,8404,1280928,284,416,29941,70092,832,140184,"10mill-boot"
14,10,"petite","second",3680,4210,358026,642222,8420,1284444,269,432,29621,70540,864,141080,"10mill-boot"
14,11,"petite","second",3701,4236,359288,640781,8472,1281562,292,441,29918,70096,882,140192,"10mill-boot"
14,12,"petite","second",3674,4242,357638,642383,8484,1284766,280,445,29189,70868,890,141736,"10mill-boot"
14,13,"petite","second",3742,4270,361151,638898,8540,1277796,287,459,28638,71532,918,143064,"10mill-boot"
14,14,"petite","second",3756,4214,362584,637470,8428,1274940,286,436,29857,70374,872,140748,"10mill-boot"
14,15,"petite","second",3616,4269,348056,651982,8538,1303964,258,448,26774,73276,896,146552,"10mill-boot"
14,16,"petite","second",3613,4285,348130,651870,8570,1303740,273,444,27960,72042,888,144084,"10mill-boot"
14,17,"petite","second",3682,4272,357888,642196,8544,1284392,303,417,33000,67155,834,134310,"10mill-boot"
14,18,"petite","second",3721,4229,361877,638158,8458,1276316,287,440,30742,69427,880,138854,"10mill-boot"
14,19,"petite","second",3715,4173,363225,636817,8346,1273634,264,449,26542,73566,898,147132,"10mill-boot"
14,20,"petite","second",3638,4293,349806,650249,8586,1300498,287,429,29356,70781,858,141562,"10mill-boot"
14,21,"petite","second",3734,4267,357423,642595,8534,1285190,275,443,28782,71304,886,142608,"10mill-boot"
14,22,"petite","second",3655,4335,354597,645612,8670,1291224,309,432,33366,66785,864,133570,"10mill-boot"
14,23,"petite","second",3697,4252,353417,646696,8504,1293392,289,431,29736,70357,862,140714,"10mill-boot"
14,24,"petite","second",3689,4221,361608,638415,8442,1276830,257,438,26720,73364,876,146728,"10mill-boot"
14,25,"petite","second",3672,4281,355273,644734,8562,1289468,287,438,30218,69895,876,139790,"10mill-boot"
14,26,"petite","second",3574,4361,345364,654666,8722,1309332,266,447,28444,71572,894,143144,"10mill-boot"
14,27,"petite","second",3704,4221,357050,642984,8442,1285968,288,437,30020,69999,874,139998,"10mill-boot"
14,28,"petite","second",3702,4228,353087,647022,8456,1294044,283,429,28317,71753,858,143506,"10mill-boot"
14,29,"petite","second",3668,4272,355268,644909,8544,1289818,272,437,28714,71386,874,142772,"10mill-boot"
14,30,"petite","second",3667,4238,352779,647249,8476,1294498,267,450,27713,72511,900,145022,"10mill-boot"
13,1,"petite","second",3758,4110,369451,630572,8220,1261144,312,419,32330,67941,838,135882,"10mill-boot"
13,2,"petite","second",3669,4158,365520,634529,8316,1269058,272,442,28224,71777,884,143554,"10mill-boot"
13,3,"petite","second",3607,4219,357809,642203,8438,1284406,257,443,28501,71544,886,143088,"10mill-boot"
13,4,"petite","second",3673,4195,366636,633429,8390,1266858,285,445,29871,70301,890,140602,"10mill-boot"
13,5,"petite","second",3693,4188,365793,634285,8376,1268570,282,436,30130,70006,872,140012,"10mill-boot"
13,6,"petite","second",3659,4190,364451,635569,8380,1271138,279,440,29599,70514,880,141028,"10mill-boot"
13,7,"petite","second",3658,4216,359162,640908,8432,1281816,278,419,30274,69800,838,139600,"10mill-boot"
13,8,"petite","second",3642,4132,363698,636406,8264,1272812,269,428,28339,71978,856,143956,"10mill-boot"
13,9,"petite","second",3657,4190,364115,636004,8380,1272008,277,445,29180,71004,890,142008,"10mill-boot"
13,10,"petite","second",3650,4217,360373,639628,8434,1279256,294,445,30532,69562,890,139124,"10mill-boot"
13,11,"petite","second",3714,4207,364339,635777,8414,1271554,271,436,28752,71257,872,142514,"10mill-boot"
13,12,"petite","second",3688,4124,368295,631918,8248,1263836,289,421,30649,69654,842,139308,"10mill-boot"
13,13,"petite","second",3697,4184,363400,636631,8368,1273262,290,436,30633,69370,872,138740,"10mill-boot"
13,14,"petite","second",3584,4190,352978,647126,8380,1294252,287,426,30425,69693,852,139386,"10mill-boot"
13,15,"petite","second",3645,4184,359523,640786,8368,1281572,275,431,29491,70572,862,141144,"10mill-boot"
13,16,"petite","second",3661,4161,364382,635634,8322,1271268,255,436,27928,72112,872,144224,"10mill-boot"
13,17,"petite","second",3714,4157,366474,633547,8314,1267094,303,415,32708,67424,830,134848,"10mill-boot"
13,18,"petite","second",3742,4151,370670,629410,8302,1258820,306,412,32700,67355,824,134710,"10mill-boot"
13,19,"petite","second",3754,4181,367284,632726,8362,1265452,261,441,27937,72193,882,144386,"10mill-boot"
13,20,"petite","second",3726,4174,363885,636159,8348,1272318,304,412,31903,68147,824,136294,"10mill-boot"
13,21,"petite","second",3617,4197,355173,644994,8394,1289988,248,436,26647,73383,872,146766,"10mill-boot"
13,22,"petite","second",3577,4254,355050,645086,8508,1290172,284,434,29689,70403,868,140806,"10mill-boot"
13,23,"petite","second",3763,4166,371966,628105,8332,1256210,273,431,28767,71320,862,142640,"10mill-boot"
13,24,"petite","second",3654,4203,364306,635764,8406,1271528,285,417,31722,68304,834,136608,"10mill-boot"
13,25,"petite","second",3580,4295,352138,647877,8590,1295754,252,455,26704,73585,910,147170,"10mill-boot"
13,26,"petite","second",3542,4232,352575,647486,8464,1294972,254,432,28514,71538,864,143076,"10mill-boot"
13,27,"petite","second",3735,4118,369371,630692,8236,1261384,272,415,29767,70339,830,140678,"10mill-boot"
13,28,"petite","second",3619,4243,354835,645204,8486,1290408,259,438,28086,72185,876,144370,"10mill-boot"
13,29,"petite","second",3712,4162,366497,633564,8324,1267128,274,436,29344,70819,872,141638,"10mill-boot"
13,30,"petite","second",3734,4207,367404,632656,8414,1265312,287,427,29963,70255,854,140510,"10mill-boot"
25,1,"petite","second",3835,4144,369158,631020,8288,1262040,283,428,29239,70823,856,141646,"10mill-boot"
25,2,"petite","second",3714,4249,360887,639161,8498,1278322,272,449,29041,71036,898,142072,"10mill-boot"
25,3,"petite","second",3722,4149,364098,636205,8298,1272410,277,432,29434,70760,864,141520,"10mill-boot"
25,4,"petite","second",3861,4143,371676,628459,8286,1256918,306,445,31862,68306,890,136612,"10mill-boot"
25,5,"petite","second",3709,4189,360887,639183,8378,1278366,282,424,29746,70339,848,140678,"10mill-boot"
25,6,"petite","second",3781,4162,366713,633326,8324,1266652,264,444,27924,72080,888,144160,"10mill-boot"
25,7,"petite","second",3684,4202,362433,637611,8404,1275222,269,435,27633,72380,870,144760,"10mill-boot"
25,8,"petite","second",3605,4227,350920,649163,8454,1298326,287,427,30548,69484,854,138968,"10mill-boot"
25,9,"petite","second",3684,4230,358395,641633,8460,1283266,284,439,29646,70634,878,141268,"10mill-boot"
25,10,"petite","second",3738,4186,363386,636672,8372,1273344,291,423,30578,69507,846,139014,"10mill-boot"
25,11,"petite","second",3779,4152,366862,633234,8304,1266468,258,443,26662,73458,886,146916,"10mill-boot"
25,12,"petite","second",3790,4137,371109,628952,8274,1257904,288,433,30354,69654,866,139308,"10mill-boot"
25,13,"petite","second",3719,4190,364375,635643,8380,1271286,273,440,28612,71470,880,142940,"10mill-boot"
25,14,"petite","second",3692,4224,358924,641205,8448,1282410,269,441,28838,71209,882,142418,"10mill-boot"
25,15,"petite","second",3750,4165,366295,633745,8330,1267490,254,450,26938,73070,900,146140,"10mill-boot"
25,16,"petite","second",3711,4219,356071,643954,8438,1287908,286,447,29722,70479,894,140958,"10mill-boot"
25,17,"petite","second",3709,4175,362601,637415,8350,1274830,284,441,28852,71270,882,142540,"10mill-boot"
25,18,"petite","second",3608,4208,355980,644119,8416,1288238,265,436,28046,72124,872,144248,"10mill-boot"
25,19,"petite","second",3704,4211,361787,638278,8422,1276556,284,433,30850,69239,866,138478,"10mill-boot"
25,20,"petite","second",3756,4162,365611,634427,8324,1268854,289,432,29903,70251,864,140502,"10mill-boot"
25,21,"petite","second",3699,4237,360876,639169,8474,1278338,265,458,26927,73075,916,146150,"10mill-boot"
25,22,"petite","second",3813,4111,371616,628532,8222,1257064,283,438,29428,70608,876,141216,"10mill-boot"
25,23,"petite","second",3794,4145,369377,630672,8290,1261344,297,412,30728,69327,824,138654,"10mill-boot"
25,24,"petite","second",3733,4219,357906,642176,8438,1284352,277,427,29855,70185,854,140370,"10mill-boot"
25,25,"petite","second",3772,4149,365314,634695,8298,1269390,298,429,30304,69718,858,139436,"10mill-boot"
25,26,"petite","second",3742,4199,361236,638825,8398,1277650,310,408,31920,68300,816,136600,"10mill-boot"
25,27,"petite","second",3634,4220,354749,645326,8440,1290652,267,437,28223,71918,874,143836,"10mill-boot"
25,28,"petite","second",3724,4174,362744,637278,8348,1274556,277,446,29804,70274,892,140548,"10mill-boot"
25,29,"petite","second",3717,4147,362565,637450,8294,1274900,263,440,28097,72036,880,144072,"10mill-boot"
25,30,"petite","second",3608,4275,349151,650882,8550,1301764,268,447,27843,72341,894,144682,"10mill-boot"
22,1,"petite","second",3672,4199,363867,636172,8398,1272344,289,425,30518,69509,850,139018,"10mill-boot"
22,2,"petite","second",3715,4235,363366,636685,8470,1273370,278,429,29368,70719,858,141438,"10mill-boot"
22,3,"petite","second",3709,4167,368243,631917,8334,1263834,290,409,30100,70042,818,140084,"10mill-boot"
22,4,"petite","second",3719,4211,369323,630718,8422,1261436,295,444,31280,68733,888,137466,"10mill-boot"
22,5,"petite","second",3728,4225,363607,636423,8450,1272846,270,438,28479,71622,876,143244,"10mill-boot"
22,6,"petite","second",3767,4206,370173,629833,8412,1259666,282,436,29825,70196,872,140392,"10mill-boot"
22,7,"petite","second",3664,4242,360138,639891,8484,1279782,276,428,29320,70945,856,141890,"10mill-boot"
22,8,"petite","second",3666,4260,360941,639091,8520,1278182,258,452,26116,73910,904,147820,"10mill-boot"
22,9,"petite","second",3715,4162,368671,631400,8324,1262800,306,405,32937,67090,810,134180,"10mill-boot"
22,10,"petite","second",3738,4174,371325,628710,8348,1257420,287,435,31222,68812,870,137624,"10mill-boot"
22,11,"petite","second",3805,4117,375767,624362,8234,1248724,290,423,30825,69205,846,138410,"10mill-boot"
22,12,"petite","second",3656,4229,363280,636783,8458,1273566,271,449,28958,71116,898,142232,"10mill-boot"
22,13,"petite","second",3750,4250,366668,633373,8500,1266746,289,438,29946,70065,876,140130,"10mill-boot"
22,14,"petite","second",3689,4213,364879,635168,8426,1270336,297,438,31502,68723,876,137446,"10mill-boot"
22,15,"petite","second",3715,4163,367645,632383,8326,1264766,257,435,27894,72265,870,144530,"10mill-boot"
22,16,"petite","second",3767,4169,367373,632665,8338,1265330,289,442,30180,69921,884,139842,"10mill-boot"
22,17,"petite","second",3639,4190,358370,641756,8380,1283512,266,452,28479,71599,904,143198,"10mill-boot"
22,18,"petite","second",3694,4187,365690,634380,8374,1268760,269,442,29633,70367,884,140734,"10mill-boot"
22,19,"petite","second",3666,4185,365982,634087,8370,1268174,258,439,28596,71488,878,142976,"10mill-boot"
22,20,"petite","second",3752,4126,372031,628010,8252,1256020,287,429,29846,70250,858,140500,"10mill-boot"
22,21,"petite","second",3747,4185,370570,629430,8370,1258860,268,451,27910,72192,902,144384,"10mill-boot"
22,22,"petite","second",3685,4190,364084,635927,8380,1271854,293,417,30666,69498,834,138996,"10mill-boot"
22,23,"petite","second",3804,4131,370762,629270,8262,1258540,283,423,29485,70654,846,141308,"10mill-boot"
22,24,"petite","second",3693,4211,363481,636644,8422,1273288,306,450,31144,68874,900,137748,"10mill-boot"
22,25,"petite","second",3671,4198,367286,632946,8396,1265892,276,455,29308,70785,910,141570,"10mill-boot"
22,26,"petite","second",3725,4166,367755,632314,8332,1264628,328,415,34849,65161,830,130322,"10mill-boot"
22,27,"petite","second",3757,4178,371561,628506,8356,1257012,287,440,31355,68697,880,137394,"10mill-boot"
22,28,"petite","second",3804,4159,370581,629423,8318,1258846,288,427,30765,69348,854,138696,"10mill-boot"
22,29,"petite","second",3686,4222,362257,637834,8444,1275668,264,434,28057,72037,868,144074,"10mill-boot"
22,30,"petite","second",3644,4201,360148,639860,8402,1279720,297,397,32439,67683,794,135366,"10mill-boot"
49,1,"petite","second",3664,4227,354504,645588,8454,1291176,282,432,28943,71283,864,142566,"10mill-boot"
49,2,"petite","second",3763,4116,370623,629545,8232,1259090,297,447,30207,69972,894,139944,"10mill-boot"
49,3,"petite","second",3717,4194,361869,638231,8388,1276462,276,431,28265,72038,862,144076,"10mill-boot"
49,4,"petite","second",3883,4113,374614,625456,8226,1250912,302,433,31030,68993,866,137986,"10mill-boot"
49,5,"petite","second",3821,4104,373564,626523,8208,1253046,311,428,31568,68487,856,136974,"10mill-boot"
49,6,"petite","second",3660,4171,359433,640638,8342,1281276,279,441,29100,71020,882,142040,"10mill-boot"
49,7,"petite","second",3839,4110,374262,625803,8220,1251606,312,413,31631,68668,826,137336,"10mill-boot"
49,8,"petite","second",3738,4177,360048,640027,8354,1280054,276,436,28465,71573,872,143146,"10mill-boot"
49,9,"petite","second",3805,4126,369760,630323,8252,1260646,295,413,31259,68754,826,137508,"10mill-boot"
49,10,"petite","second",3766,4159,366564,633537,8318,1267074,292,434,30523,69529,868,139058,"10mill-boot"
49,11,"petite","second",3786,4102,368683,631437,8204,1262874,280,431,29878,70300,862,140600,"10mill-boot"
49,12,"petite","second",3821,4146,370745,629442,8292,1258884,286,431,29606,70453,862,140906,"10mill-boot"
49,13,"petite","second",3691,4182,359436,640667,8364,1281334,290,421,30837,69256,842,138512,"10mill-boot"
49,14,"petite","second",3736,4119,366825,633211,8238,1266422,279,425,29709,70313,850,140626,"10mill-boot"
49,15,"petite","second",3849,4101,372956,627084,8202,1254168,267,441,26938,73254,882,146508,"10mill-boot"
49,16,"petite","second",3752,4175,366350,633800,8350,1267600,291,433,29799,70432,866,140864,"10mill-boot"
49,17,"petite","second",3826,4120,369051,630967,8240,1261934,300,430,30285,69761,860,139522,"10mill-boot"
49,18,"petite","second",3655,4192,356458,643613,8384,1287226,312,420,31150,68873,840,137746,"10mill-boot"
49,19,"petite","second",3708,4209,358718,641337,8418,1282674,262,435,26216,73792,870,147584,"10mill-boot"
49,20,"petite","second",3834,4109,375462,624641,8218,1249282,277,420,29318,70785,840,141570,"10mill-boot"
49,21,"petite","second",3753,4150,367738,632400,8300,1264800,291,425,30735,69451,850,138902,"10mill-boot"
49,22,"petite","second",3691,4197,359218,640930,8394,1281860,274,440,29395,70674,880,141348,"10mill-boot"
49,23,"petite","second",3649,4222,355063,644942,8444,1289884,273,440,29882,70217,880,140434,"10mill-boot"
49,24,"petite","second",3772,4153,366755,633351,8306,1266702,328,403,35665,64513,806,129026,"10mill-boot"
49,25,"petite","second",3770,4176,363142,636936,8352,1273872,278,425,28659,71453,850,142906,"10mill-boot"
49,26,"petite","second",3841,4073,374926,625092,8146,1250184,312,426,32660,67442,852,134884,"10mill-boot"
49,27,"petite","second",3787,4184,369944,630067,8368,1260134,312,419,33494,66751,838,133502,"10mill-boot"
49,28,"petite","second",3722,4170,361156,638891,8340,1277782,256,456,25873,74506,912,149012,"10mill-boot"
49,29,"petite","second",3837,4115,373474,626578,8230,1253156,277,424,29644,70495,848,140990,"10mill-boot"
49,30,"petite","second",3714,4204,361240,638917,8408,1277834,263,444,27309,72733,888,145466,"10mill-boot"
47,1,"petite","second",3869,4096,377273,622803,8192,1245606,307,420,31625,68385,840,136770,"10mill-boot"
47,2,"petite","second",3731,4098,361288,638882,8196,1277764,255,423,26741,73327,846,146654,"10mill-boot"
47,3,"petite","second",3952,3982,387598,612492,7964,1224984,288,433,30741,69595,866,139190,"10mill-boot"
47,4,"petite","second",3850,4064,374826,625217,8128,1250434,299,426,31467,68544,852,137088,"10mill-boot"
47,5,"petite","second",3858,4114,375234,624770,8228,1249540,306,421,31559,68571,842,137142,"10mill-boot"
47,6,"petite","second",3736,4179,359269,640889,8358,1281778,294,420,30183,69981,840,139962,"10mill-boot"
47,7,"petite","second",3891,4076,375292,624946,8152,1249892,265,412,28304,71856,824,143712,"10mill-boot"
47,8,"petite","second",3917,3993,386378,613718,7986,1227436,293,416,31764,68483,832,136966,"10mill-boot"
47,9,"petite","second",3807,4146,369772,630255,8292,1260510,278,439,28736,71447,878,142894,"10mill-boot"
47,10,"petite","second",3850,4114,373509,626512,8228,1253024,301,418,31515,68575,836,137150,"10mill-boot"
47,11,"petite","second",3818,4071,371666,628351,8142,1256702,297,406,32067,68050,812,136100,"10mill-boot"
47,12,"petite","second",3842,4083,371932,628230,8166,1256460,301,421,30668,69507,842,139014,"10mill-boot"
47,13,"petite","second",3931,4092,381856,618157,8184,1236314,278,427,30533,69597,854,139194,"10mill-boot"
47,14,"petite","second",3769,4078,366138,634162,8156,1268324,291,445,29306,70705,890,141410,"10mill-boot"
47,15,"petite","second",3778,4077,367992,632108,8154,1264216,271,419,27874,72426,838,144852,"10mill-boot"
47,16,"petite","second",3861,4102,376541,623469,8204,1246938,266,432,28141,71909,864,143818,"10mill-boot"
47,17,"petite","second",3743,4099,366238,633865,8198,1267730,277,425,29658,70375,850,140750,"10mill-boot"
47,18,"petite","second",3694,4159,365542,634525,8318,1269050,272,443,27746,72466,886,144932,"10mill-boot"
47,19,"petite","second",3794,4121,368335,631816,8242,1263632,320,408,32817,67189,816,134378,"10mill-boot"
47,20,"petite","second",3780,4132,364819,635233,8264,1270466,281,418,28130,71871,836,143742,"10mill-boot"
47,21,"petite","second",3757,4120,364525,635479,8240,1270958,272,451,27535,72623,902,145246,"10mill-boot"
47,22,"petite","second",3826,4097,365420,634614,8194,1269228,302,420,29943,70077,840,140154,"10mill-boot"
47,23,"petite","second",3717,4104,362111,638094,8208,1276188,305,429,30462,69651,858,139302,"10mill-boot"
47,24,"petite","second",3684,4147,361802,638204,8294,1276408,300,411,31641,68398,822,136796,"10mill-boot"
47,25,"petite","second",3832,4126,373652,626630,8252,1253260,288,422,30331,69780,844,139560,"10mill-boot"
47,26,"petite","second",3757,4142,365407,634696,8284,1269392,314,418,32776,67238,836,134476,"10mill-boot"
47,27,"petite","second",3801,4050,370515,629517,8100,1259034,264,428,28020,72182,856,144364,"10mill-boot"
47,28,"petite","second",3918,4049,381926,618185,8098,1236370,274,440,28383,71821,880,143642,"10mill-boot"
47,29,"petite","second",3659,4150,362231,637971,8300,1275942,267,438,28544,71468,876,142936,"10mill-boot"
47,30,"petite","second",3754,4105,363374,636699,8210,1273398,285,413,29282,70788,826,141576,"10mill-boot"
40,1,"petite","second",3798,4140,378907,621219,8280,1242438,314,415,33674,66451,830,132902,"10mill-boot"
40,2,"petite","second",3698,4187,366666,633446,8374,1266892,276,438,28795,71301,876,142602,"10mill-boot"
40,3,"petite","second",3730,4129,372147,627877,8258,1255754,273,431,29909,70174,862,140348,"10mill-boot"
40,4,"petite","second",3701,4180,367910,632183,8360,1264366,282,425,30983,69062,850,138124,"10mill-boot"
40,5,"petite","second",3630,4182,355408,644679,8364,1289358,263,444,28014,72036,888,144072,"10mill-boot"
40,6,"petite","second",3630,4141,362275,637734,8282,1275468,276,436,29242,70901,872,141802,"10mill-boot"
40,7,"petite","second",3663,4131,366427,633616,8262,1267232,301,400,31707,68353,800,136706,"10mill-boot"
40,8,"petite","second",3782,4112,376480,623613,8224,1247226,265,440,26909,73273,880,146546,"10mill-boot"
40,9,"petite","second",3706,4087,369942,630059,8174,1260118,286,413,30883,69247,826,138494,"10mill-boot"
40,10,"petite","second",3745,4120,366594,633409,8240,1266818,254,430,27324,72698,860,145396,"10mill-boot"
40,11,"petite","second",3682,4153,364178,635871,8306,1271742,280,439,29418,70639,878,141278,"10mill-boot"
40,12,"petite","second",3720,4095,373218,626841,8190,1253682,300,416,32612,67417,832,134834,"10mill-boot"
40,13,"petite","second",3707,4151,367265,632842,8302,1265684,275,450,28883,71206,900,142412,"10mill-boot"
40,14,"petite","second",3815,4099,372971,627130,8198,1254260,286,431,29196,70837,862,141674,"10mill-boot"
40,15,"petite","second",3691,4082,369425,630632,8164,1261264,275,421,29261,70865,842,141730,"10mill-boot"
40,16,"petite","second",3743,4140,371503,628565,8280,1257130,282,417,29851,70273,834,140546,"10mill-boot"
40,17,"petite","second",3653,4165,364735,635292,8330,1270584,272,448,28163,71890,896,143780,"10mill-boot"
40,18,"petite","second",3660,4161,363674,636424,8322,1272848,262,440,27445,72695,880,145390,"10mill-boot"
40,19,"petite","second",3761,4162,370430,629579,8324,1259158,271,427,29497,70661,854,141322,"10mill-boot"
40,20,"petite","second",3719,4162,368337,631674,8324,1263348,274,429,28511,71535,858,143070,"10mill-boot"
40,21,"petite","second",3678,4190,362473,637582,8380,1275164,307,422,32802,67199,844,134398,"10mill-boot"
40,22,"petite","second",3605,4145,360498,639559,8290,1279118,277,412,30641,69388,824,138776,"10mill-boot"
40,23,"petite","second",3668,4154,362646,637546,8308,1275092,287,435,29120,71088,870,142176,"10mill-boot"
40,24,"petite","second",3615,4190,358816,641229,8380,1282458,276,426,29643,70369,852,140738,"10mill-boot"
40,25,"petite","second",3598,4218,356800,643288,8436,1286576,263,433,27658,72406,866,144812,"10mill-boot"
40,26,"petite","second",3764,4178,367854,632169,8356,1264338,286,437,29860,70270,874,140540,"10mill-boot"
40,27,"petite","second",3730,4091,369439,630591,8182,1261182,284,422,30688,69356,844,138712,"10mill-boot"
40,28,"petite","second",3719,4141,370871,629162,8282,1258324,284,445,30168,69891,890,139782,"10mill-boot"
40,29,"petite","second",3736,4138,368666,631404,8276,1262808,267,444,27693,72521,888,145042,"10mill-boot"
40,30,"petite","second",3682,4170,360962,639257,8340,1278514,288,419,30809,69328,838,138656,"10mill-boot"
23,1,"petite","second",3853,4079,375813,624213,8158,1248426,272,436,28587,71448,872,142896,"10mill-boot"
23,2,"petite","second",3875,4069,378302,621733,8138,1243466,318,409,34462,65594,818,131188,"10mill-boot"
23,3,"petite","second",3883,4143,370429,629774,8286,1259548,320,406,31755,68247,812,136494,"10mill-boot"
23,4,"petite","second",3750,4100,370623,629407,8200,1258814,293,422,32784,67377,844,134754,"10mill-boot"
23,5,"petite","second",3821,4117,370208,629886,8234,1259772,295,421,31413,68749,842,137498,"10mill-boot"
23,6,"petite","second",3858,4100,377104,622947,8200,1245894,304,409,32593,67431,818,134862,"10mill-boot"
23,7,"petite","second",3780,4098,373052,626997,8196,1253994,301,430,31310,68760,860,137520,"10mill-boot"
23,8,"petite","second",3835,4127,374530,625538,8254,1251076,300,424,32426,67794,848,135588,"10mill-boot"
23,9,"petite","second",3806,4158,366935,633074,8316,1266148,259,446,27119,72930,892,145860,"10mill-boot"
23,10,"petite","second",3886,4036,380919,619087,8072,1238174,292,414,32635,67517,828,135034,"10mill-boot"
23,11,"petite","second",3874,4076,379564,620506,8152,1241012,313,408,33787,66294,816,132588,"10mill-boot"
23,12,"petite","second",3736,4133,363781,636375,8266,1272750,283,443,29510,70610,886,141220,"10mill-boot"
23,13,"petite","second",3743,4149,362723,637289,8298,1274578,275,393,30624,69460,786,138920,"10mill-boot"
23,14,"petite","second",3853,4083,375560,624542,8166,1249084,288,425,32457,67718,850,135436,"10mill-boot"
23,15,"petite","second",3663,4155,354145,645910,8310,1291820,272,423,28111,71945,846,143890,"10mill-boot"
23,16,"petite","second",3905,4057,382321,617806,8114,1235612,330,411,34238,65914,822,131828,"10mill-boot"
23,17,"petite","second",3889,4040,381283,618835,8080,1237670,274,416,29543,70503,832,141006,"10mill-boot"
23,18,"petite","second",3721,4114,366347,633746,8228,1267492,288,424,30925,69245,848,138490,"10mill-boot"
23,19,"petite","second",3820,4133,368755,631312,8266,1262624,288,422,29936,70201,844,140402,"10mill-boot"
23,20,"petite","second",3832,4173,369143,630885,8346,1261770,270,443,28136,71993,886,143986,"10mill-boot"
23,21,"petite","second",3750,4142,368038,632007,8284,1264014,318,404,34038,66380,808,132760,"10mill-boot"
23,22,"petite","second",3680,4135,362993,637039,8270,1274078,269,429,28608,71465,858,142930,"10mill-boot"
23,23,"petite","second",3778,4107,371146,628914,8214,1257828,304,414,31364,68719,828,137438,"10mill-boot"
23,24,"petite","second",3798,4142,371242,628949,8284,1257898,306,417,31842,68165,834,136330,"10mill-boot"
23,25,"petite","second",3776,4103,365537,634623,8206,1269246,288,441,28972,71148,882,142296,"10mill-boot"
23,26,"petite","second",3919,4063,383347,616700,8126,1233400,294,433,30221,69800,866,139600,"10mill-boot"
23,27,"petite","second",3726,4143,362353,637731,8286,1275462,307,407,32636,67374,814,134748,"10mill-boot"
23,28,"petite","second",3661,4222,353396,646683,8444,1293366,265,430,28955,71211,860,142422,"10mill-boot"
23,29,"petite","second",3824,4127,371226,628857,8254,1257714,289,441,30095,70013,882,140026,"10mill-boot"
23,30,"petite","second",3762,4147,368450,631824,8294,1263648,283,415,30059,70001,830,140002,"10mill-boot"
24,1,"petite","second",3682,4217,353368,646673,8434,1293346,266,429,27237,72877,858,145754,"10mill-boot"
24,2,"petite","second",3649,4243,348377,651698,8486,1303396,268,431,27933,72122,862,144244,"10mill-boot"
24,3,"petite","second",3675,4199,357280,642917,8398,1285834,289,432,28868,71331,864,142662,"10mill-boot"
24,4,"petite","second",3669,4156,355348,644813,8312,1289626,269,441,28239,71852,882,143704,"10mill-boot"
24,5,"petite","second",3682,4218,353448,646565,8436,1293130,262,427,26607,73410,854,146820,"10mill-boot"
24,6,"petite","second",3788,4129,367045,633017,8258,1266034,304,408,32347,67941,816,135882,"10mill-boot"
24,7,"petite","second",3749,4163,363668,636354,8326,1272708,287,434,30444,69677,868,139354,"10mill-boot"
24,8,"petite","second",3680,4181,358495,641521,8362,1283042,252,469,26088,74016,938,148032,"10mill-boot"
24,9,"petite","second",3640,4173,352453,647616,8346,1295232,283,436,30539,69616,872,139232,"10mill-boot"
24,10,"petite","second",3665,4174,355267,644744,8348,1289488,280,439,28276,71772,878,143544,"10mill-boot"
24,11,"petite","second",3713,4214,362072,637967,8428,1275934,285,435,30870,69198,870,138396,"10mill-boot"
24,12,"petite","second",3646,4146,353901,646246,8292,1292492,277,424,29154,70965,848,141930,"10mill-boot"
24,13,"petite","second",3656,4189,358552,641483,8378,1282966,280,408,31349,68748,816,137496,"10mill-boot"
24,14,"petite","second",3705,4214,356944,643200,8428,1286400,278,437,28173,71904,874,143808,"10mill-boot"
24,15,"petite","second",3774,4159,364046,636045,8318,1272090,275,441,29363,70674,882,141348,"10mill-boot"
24,16,"petite","second",3696,4211,357515,642511,8422,1285022,285,430,29458,70618,860,141236,"10mill-boot"
24,17,"petite","second",3647,4268,354981,645061,8536,1290122,275,426,29603,70470,852,140940,"10mill-boot"
24,18,"petite","second",3692,4217,353022,646982,8434,1293964,291,421,28895,71236,842,142472,"10mill-boot"
24,19,"petite","second",3725,4183,360681,639441,8366,1278882,289,414,31135,69008,828,138016,"10mill-boot"
24,20,"petite","second",3694,4259,355405,644744,8518,1289488,282,439,30255,69804,878,139608,"10mill-boot"
24,21,"petite","second",3695,4173,355669,644566,8346,1289132,263,439,28869,71215,878,142430,"10mill-boot"
24,22,"petite","second",3727,4205,358584,641469,8410,1282938,267,449,28153,71872,898,143744,"10mill-boot"
24,23,"petite","second",3718,4197,359279,640801,8394,1281602,267,432,28462,71543,864,143086,"10mill-boot"
24,24,"petite","second",3604,4241,350601,649424,8482,1298848,271,431,27580,72435,862,144870,"10mill-boot"
24,25,"petite","second",3743,4236,354702,645298,8472,1290596,280,448,28306,71941,896,143882,"10mill-boot"
24,26,"petite","second",3708,4195,358636,641459,8390,1282918,298,423,31155,69061,846,138122,"10mill-boot"
24,27,"petite","second",3673,4233,354804,645253,8466,1290506,271,440,27371,72857,880,145714,"10mill-boot"
24,28,"petite","second",3715,4231,352242,647785,8462,1295570,284,429,29869,70146,858,140292,"10mill-boot"
24,29,"petite","second",3672,4202,354521,645661,8404,1291322,302,400,33380,66779,800,133558,"10mill-boot"
24,30,"petite","second",3697,4240,355147,644907,8480,1289814,269,438,27757,72314,876,144628,"10mill-boot"
12,1,"petite","second",3825,4152,370221,629827,8304,1259654,287,429,29103,70914,858,141828,"10mill-boot"
12,2,"petite","second",3698,4132,364613,635506,8264,1271012,270,439,28987,71175,878,142350,"10mill-boot"
12,3,"petite","second",3737,4156,365419,634652,8312,1269304,302,425,31057,69122,850,138244,"10mill-boot"
12,4,"petite","second",3707,4131,364408,635707,8262,1271414,267,415,27932,72079,830,144158,"10mill-boot"
12,5,"petite","second",3741,4076,365839,634168,8152,1268336,285,416,29121,70919,832,141838,"10mill-boot"
12,6,"petite","second",3780,4102,366521,633520,8204,1267040,273,443,28320,71741,886,143482,"10mill-boot"
12,7,"petite","second",3818,4124,376639,623373,8248,1246746,303,415,33063,66946,830,133892,"10mill-boot"
12,8,"petite","second",3788,4107,366431,633724,8214,1267448,255,433,26477,73585,866,147170,"10mill-boot"
12,9,"petite","second",3840,4079,376839,623205,8158,1246410,324,425,33200,66996,850,133992,"10mill-boot"
12,10,"petite","second",3683,4162,363409,636866,8324,1273732,313,396,33621,66422,792,132844,"10mill-boot"
12,11,"petite","second",3689,4127,363748,636275,8254,1272550,290,409,30836,69166,818,138332,"10mill-boot"
12,12,"petite","second",3685,4148,362103,637931,8296,1275862,262,429,27025,73104,858,146208,"10mill-boot"
12,13,"petite","second",3753,4141,367071,632971,8282,1265942,272,429,28054,72032,858,144064,"10mill-boot"
12,14,"petite","second",3728,4148,366820,633280,8296,1266560,302,407,31648,68426,814,136852,"10mill-boot"
12,15,"petite","second",3766,4083,368794,631315,8166,1262630,308,417,31474,68547,834,137094,"10mill-boot"
12,16,"petite","second",3786,4082,372924,627128,8164,1254256,284,408,31130,68945,816,137890,"10mill-boot"
12,17,"petite","second",3733,4058,369153,630865,8116,1261730,291,402,31026,68976,804,137952,"10mill-boot"
12,18,"petite","second",3700,4145,362461,637641,8290,1275282,271,421,30490,69635,842,139270,"10mill-boot"
12,19,"petite","second",3705,4141,366900,633178,8282,1266356,288,420,30044,69958,840,139916,"10mill-boot"
12,20,"petite","second",3680,4147,362932,637175,8294,1274350,275,438,29219,70786,876,141572,"10mill-boot"
12,21,"petite","second",3724,4086,365949,634183,8172,1268366,301,421,31252,68750,842,137500,"10mill-boot"
12,22,"petite","second",3647,4197,358828,641227,8394,1282454,299,423,31182,68898,846,137796,"10mill-boot"
12,23,"petite","second",3656,4136,357635,642496,8272,1284992,281,422,30773,69314,844,138628,"10mill-boot"
12,24,"petite","second",3819,4083,373479,626530,8166,1253060,284,412,30037,70095,824,140190,"10mill-boot"
12,25,"petite","second",3722,4137,362679,637458,8274,1274916,298,410,32073,67964,820,135928,"10mill-boot"
12,26,"petite","second",3567,4119,354756,645324,8238,1290648,261,427,27599,72577,854,145154,"10mill-boot"
12,27,"petite","second",3719,4178,364404,635630,8356,1271260,254,433,27465,72594,866,145188,"10mill-boot"
12,28,"petite","second",3796,4093,371025,629026,8186,1258052,263,424,28447,71656,848,143312,"10mill-boot"
12,29,"petite","second",3708,4142,361806,638397,8284,1276794,285,434,29948,70148,868,140296,"10mill-boot"
12,30,"petite","second",3708,4204,362905,637178,8408,1274356,262,439,27636,72655,878,145310,"10mill-boot"
15,1,"petite","second",3785,4178,370903,629211,8356,1258422,301,428,30760,69242,856,138484,"10mill-boot"
15,2,"petite","second",3785,4199,371765,628352,8398,1256704,280,430,30524,69570,860,139140,"10mill-boot"
15,3,"petite","second",3658,4302,357340,642754,8604,1285508,259,454,27943,72117,908,144234,"10mill-boot"
15,4,"petite","second",3744,4216,367091,633054,8432,1266108,310,416,32274,67836,832,135672,"10mill-boot"
15,5,"petite","second",3782,4153,368629,631380,8306,1262760,276,433,28757,71351,866,142702,"10mill-boot"
15,6,"petite","second",3653,4223,363170,636853,8446,1273706,285,431,30462,69554,862,139108,"10mill-boot"
15,7,"petite","second",3740,4165,371263,628823,8330,1257646,299,427,30504,69610,854,139220,"10mill-boot"
15,8,"petite","second",3791,4174,372342,627696,8348,1255392,285,424,31146,68894,848,137788,"10mill-boot"
15,9,"petite","second",3740,4200,364809,635282,8400,1270564,284,447,28780,71266,894,142532,"10mill-boot"
15,10,"petite","second",3879,4145,377463,622564,8290,1245128,290,431,30644,69377,862,138754,"10mill-boot"
15,11,"petite","second",3695,4257,362895,637144,8514,1274288,260,442,28114,72086,884,144172,"10mill-boot"
15,12,"petite","second",3726,4177,368123,632091,8354,1264182,262,453,27146,73203,906,146406,"10mill-boot"
15,13,"petite","second",3717,4200,363390,636732,8400,1273464,279,443,28955,71115,886,142230,"10mill-boot"
15,14,"petite","second",3622,4281,358823,641226,8562,1282452,260,457,27705,72350,914,144700,"10mill-boot"
15,15,"petite","second",3768,4143,373098,626907,8286,1253814,273,441,28963,71126,882,142252,"10mill-boot"
15,16,"petite","second",3578,4215,355512,644604,8430,1289208,276,432,29303,70732,864,141464,"10mill-boot"
15,17,"petite","second",3611,4229,355515,644557,8458,1289114,260,428,27757,72529,856,145058,"10mill-boot"
15,18,"petite","second",3700,4194,364361,635742,8388,1271484,270,436,28807,71403,872,142806,"10mill-boot"
15,19,"petite","second",3709,4265,368428,631739,8530,1263478,303,421,32303,67786,842,135572,"10mill-boot"
15,20,"petite","second",3725,4174,367703,632304,8348,1264608,317,419,32136,67965,838,135930,"10mill-boot"
15,21,"petite","second",3767,4173,368732,631277,8346,1262554,301,420,31921,68090,840,136180,"10mill-boot"
15,22,"petite","second",3677,4201,360147,639905,8402,1279810,271,432,29226,70833,864,141666,"10mill-boot"
15,23,"petite","second",3798,4196,372817,627367,8392,1254734,329,414,34724,65474,828,130948,"10mill-boot"
15,24,"petite","second",3724,4230,361920,638107,8460,1276214,305,427,31844,68223,854,136446,"10mill-boot"
15,25,"petite","second",3690,4191,366352,633843,8382,1267686,293,405,31277,68753,810,137506,"10mill-boot"
15,26,"petite","second",3714,4195,367128,632952,8390,1265904,258,443,28144,71900,886,143800,"10mill-boot"
15,27,"petite","second",3742,4150,369159,630975,8300,1261950,296,419,32249,67799,838,135598,"10mill-boot"
15,28,"petite","second",3696,4215,361126,638900,8430,1277800,294,425,31417,68667,850,137334,"10mill-boot"
15,29,"petite","second",3724,4214,367204,632943,8428,1265886,277,433,29762,70439,866,140878,"10mill-boot"
15,30,"petite","second",3717,4183,367317,632896,8366,1265792,298,440,30939,69124,880,138248,"10mill-boot"
41,1,"petite","second",3775,4143,361168,639000,8286,1278000,291,427,30822,69300,854,138600,"10mill-boot"
41,2,"petite","second",3818,4133,367567,632467,8266,1264934,261,448,27123,73020,896,146040,"10mill-boot"
41,3,"petite","second",3914,4088,375464,624568,8176,1249136,321,414,32602,67433,828,134866,"10mill-boot"
41,4,"petite","second",3788,4132,365932,634101,8264,1268202,265,432,28694,71407,864,142814,"10mill-boot"
41,5,"petite","second",3821,4120,368324,631828,8240,1263656,305,419,30172,69880,838,139760,"10mill-boot"
41,6,"petite","second",3778,4109,365783,634224,8218,1268448,269,440,28697,71509,880,143018,"10mill-boot"
41,7,"petite","second",3787,4103,363996,636024,8206,1272048,275,424,27942,72280,848,144560,"10mill-boot"
41,8,"petite","second",3783,4136,364451,635616,8272,1271232,276,454,27902,72335,908,144670,"10mill-boot"
41,9,"petite","second",3802,4170,365916,634246,8340,1268492,327,399,34561,65697,798,131394,"10mill-boot"
41,10,"petite","second",3764,4128,359960,640050,8256,1280100,281,430,28757,71268,860,142536,"10mill-boot"
41,11,"petite","second",3849,4052,372554,627710,8104,1255420,276,429,28630,71561,858,143122,"10mill-boot"
41,12,"petite","second",3770,4097,368473,631567,8194,1263134,298,424,30888,69230,848,138460,"10mill-boot"
41,13,"petite","second",3688,4177,358714,641451,8354,1282902,272,431,28923,71232,862,142464,"10mill-boot"
41,14,"petite","second",3686,4122,361409,638621,8244,1277242,257,436,27123,72895,872,145790,"10mill-boot"
41,15,"petite","second",3876,4063,372133,627954,8126,1255908,292,424,30063,70165,848,140330,"10mill-boot"
41,16,"petite","second",3795,4125,366808,633347,8250,1266694,292,432,30959,69088,864,138176,"10mill-boot"
41,17,"petite","second",3793,4092,363318,636790,8184,1273580,276,431,28448,71670,862,143340,"10mill-boot"
41,18,"petite","second",3783,4084,364650,635368,8168,1270736,278,427,28351,71779,854,143558,"10mill-boot"
41,19,"petite","second",3839,4080,373406,626646,8160,1253292,292,430,29087,71266,860,142532,"10mill-boot"
41,20,"petite","second",3869,4124,372787,627405,8248,1254810,321,412,32809,67271,824,134542,"10mill-boot"
41,21,"petite","second",3820,4098,369140,630864,8196,1261728,304,433,31234,68795,866,137590,"10mill-boot"
41,22,"petite","second",3779,4073,367369,632675,8146,1265350,275,422,28546,71472,844,142944,"10mill-boot"
41,23,"petite","second",3806,4099,364387,635759,8198,1271518,302,399,31941,68192,798,136384,"10mill-boot"
41,24,"petite","second",3878,4111,373398,626628,8222,1253256,309,421,31754,68249,842,136498,"10mill-boot"
41,25,"petite","second",3852,4107,372065,628069,8214,1256138,292,419,30459,69602,838,139204,"10mill-boot"
41,26,"petite","second",3801,4090,364309,635698,8180,1271396,270,432,26967,73146,864,146292,"10mill-boot"
41,27,"petite","second",3723,4162,361021,639069,8324,1278138,294,412,31124,68942,824,137884,"10mill-boot"
41,28,"petite","second",3699,4183,359469,640821,8366,1281642,281,441,29495,70536,882,141072,"10mill-boot"
41,29,"petite","second",3733,4130,356629,643391,8260,1286782,283,430,28902,71205,860,142410,"10mill-boot"
41,30,"petite","second",3836,4038,374048,626000,8076,1252000,274,437,29306,70705,874,141410,"10mill-boot"
46,1,"petite","second",3690,4103,359993,640061,8206,1280122,277,426,28105,72030,852,144060,"10mill-boot"
46,2,"petite","second",3716,4151,360301,639723,8302,1279446,289,424,29520,70638,848,141276,"10mill-boot"
46,3,"petite","second",3642,4173,355983,644074,8346,1288148,270,434,29193,71019,868,142038,"10mill-boot"
46,4,"petite","second",3672,4138,358873,641245,8276,1282490,293,423,31328,68750,846,137500,"10mill-boot"
46,5,"petite","second",3698,4160,361239,638805,8320,1277610,266,422,28571,71467,844,142934,"10mill-boot"
46,6,"petite","second",3749,4132,363161,637144,8264,1274288,284,441,29980,70029,882,140058,"10mill-boot"
46,7,"petite","second",3760,4093,366464,633641,8186,1267282,281,442,29081,71058,884,142116,"10mill-boot"
46,8,"petite","second",3791,4149,367000,633094,8298,1266188,307,427,32958,67607,854,135214,"10mill-boot"
46,9,"petite","second",3771,4146,365050,635012,8292,1270024,286,423,30437,69680,846,139360,"10mill-boot"
46,10,"petite","second",3552,4215,345914,654181,8430,1308362,261,429,27988,72201,858,144402,"10mill-boot"
46,11,"petite","second",3814,4078,372056,627986,8156,1255972,269,426,29019,70998,852,141996,"10mill-boot"
46,12,"petite","second",3718,4101,363168,636860,8202,1273720,265,439,26526,73648,878,147296,"10mill-boot"
46,13,"petite","second",3620,4168,350576,649489,8336,1298978,262,428,25922,74138,856,148276,"10mill-boot"
46,14,"petite","second",3840,4040,373095,627052,8080,1254104,270,418,27733,72387,836,144774,"10mill-boot"
46,15,"petite","second",3760,4060,366042,634082,8120,1268164,271,412,28200,71945,824,143890,"10mill-boot"
46,16,"petite","second",3683,4127,353113,647028,8254,1294056,266,420,27511,72528,840,145056,"10mill-boot"
46,17,"petite","second",3694,4156,360194,639868,8312,1279736,260,435,28912,71130,870,142260,"10mill-boot"
46,18,"petite","second",3612,4137,354599,645425,8274,1290850,270,423,28310,71808,846,143616,"10mill-boot"
46,19,"petite","second",3542,4178,348288,651770,8356,1303540,271,425,28299,71763,850,143526,"10mill-boot"
46,20,"petite","second",3779,4131,365903,634127,8262,1268254,306,398,31946,68402,796,136804,"10mill-boot"
46,21,"petite","second",3689,4149,358930,641182,8298,1282364,286,429,30713,69309,858,138618,"10mill-boot"
46,22,"petite","second",3740,4134,364319,635709,8268,1271418,285,413,30635,69451,826,138902,"10mill-boot"
46,23,"petite","second",3669,4155,359208,640860,8310,1281720,272,413,29524,70534,826,141068,"10mill-boot"
46,24,"petite","second",3730,4104,362695,637361,8208,1274722,290,425,29665,70483,850,140966,"10mill-boot"
46,25,"petite","second",3787,4052,370412,629640,8104,1259280,285,416,30547,69499,832,138998,"10mill-boot"
46,26,"petite","second",3706,4140,360582,639569,8280,1279138,297,422,30707,69611,844,139222,"10mill-boot"
46,27,"petite","second",3743,4070,363929,636221,8140,1272442,284,408,30153,69885,816,139770,"10mill-boot"
46,28,"petite","second",3676,4148,354973,645074,8296,1290148,295,411,32047,68146,822,136292,"10mill-boot"
46,29,"petite","second",3771,4110,367690,632383,8220,1264766,314,423,33024,67493,846,134986,"10mill-boot"
46,30,"petite","second",3716,4133,360084,639946,8266,1279892,289,413,30667,69592,826,139184,"10mill-boot"
48,1,"petite","second",3854,4111,377341,622662,8222,1245324,320,418,33192,66978,836,133956,"10mill-boot"
48,2,"petite","second",3921,4087,379549,620521,8174,1241042,277,441,28487,71555,882,143110,"10mill-boot"
48,3,"petite","second",3837,4056,370572,629534,8112,1259068,288,428,28365,71711,856,143422,"10mill-boot"
48,4,"petite","second",3799,4137,369859,630201,8274,1260402,275,429,28489,71538,858,143076,"10mill-boot"
48,5,"petite","second",3789,4130,369654,630536,8260,1261072,284,447,28383,71734,894,143468,"10mill-boot"
48,6,"petite","second",3817,4122,375331,624920,8244,1249840,316,420,32445,67644,840,135288,"10mill-boot"
48,7,"petite","second",3661,4137,358010,642007,8274,1284014,254,439,27134,72933,878,145866,"10mill-boot"
48,8,"petite","second",3789,4095,371700,628329,8190,1256658,289,409,31972,68095,818,136190,"10mill-boot"
48,9,"petite","second",3846,4112,372756,627269,8224,1254538,283,420,29525,70628,840,141256,"10mill-boot"
48,10,"petite","second",3875,4106,376777,623259,8212,1246518,312,409,32355,67712,818,135424,"10mill-boot"
48,11,"petite","second",3756,4171,367324,632694,8342,1265388,291,426,30214,69815,852,139630,"10mill-boot"
48,12,"petite","second",3695,4140,364612,635427,8280,1270854,285,425,30483,69541,850,139082,"10mill-boot"
48,13,"petite","second",3869,4082,379055,621080,8164,1242160,294,426,30394,69873,852,139746,"10mill-boot"
48,14,"petite","second",3772,4119,366202,633819,8238,1267638,266,434,28823,71189,868,142378,"10mill-boot"
48,15,"petite","second",3775,4160,366614,633514,8320,1267028,289,420,31347,68682,840,137364,"10mill-boot"
48,16,"petite","second",3791,4131,367968,632081,8262,1264162,320,414,33130,66923,828,133846,"10mill-boot"
48,17,"petite","second",3734,4130,365823,634253,8260,1268506,263,440,26969,73234,880,146468,"10mill-boot"
48,18,"petite","second",3929,4087,382411,617659,8174,1235318,308,415,31847,68331,830,136662,"10mill-boot"
48,19,"petite","second",3825,4070,376167,623859,8140,1247718,329,406,35198,64849,812,129698,"10mill-boot"
48,20,"petite","second",3796,4167,366383,633685,8334,1267370,285,436,29097,71029,872,142058,"10mill-boot"
48,21,"petite","second",3743,4106,365629,634433,8212,1268866,283,422,29130,70890,844,141780,"10mill-boot"
48,22,"petite","second",3826,4131,371557,628465,8262,1256930,290,413,30875,69487,826,138974,"10mill-boot"
48,23,"petite","second",3838,4049,374873,625138,8098,1250276,318,399,33857,66187,798,132374,"10mill-boot"
48,24,"petite","second",3735,4205,362599,637471,8410,1274942,284,428,29736,70382,856,140764,"10mill-boot"
48,25,"petite","second",3690,4173,358657,641548,8346,1283096,291,418,30077,69961,836,139922,"10mill-boot"
48,26,"petite","second",3758,4153,367194,632835,8306,1265670,283,434,29390,70630,868,141260,"10mill-boot"
48,27,"petite","second",3832,4129,372330,627771,8258,1255542,263,443,27895,72142,886,144284,"10mill-boot"
48,28,"petite","second",3786,4152,371858,628264,8304,1256528,267,437,28091,72003,874,144006,"10mill-boot"
48,29,"petite","second",3869,4142,376964,623081,8284,1246162,306,419,32021,68123,838,136246,"10mill-boot"
48,30,"petite","second",3828,4097,376019,624004,8194,1248008,325,403,34472,65563,806,131126,"10mill-boot"
33,1,"petite","second",3794,4160,368186,631869,8320,1263738,292,427,30607,69439,854,138878,"10mill-boot"
33,2,"petite","second",3736,4121,366931,633145,8242,1266290,292,407,31707,68458,814,136916,"10mill-boot"
33,3,"petite","second",3689,4206,361268,638815,8412,1277630,288,441,29660,70342,882,140684,"10mill-boot"
33,4,"petite","second",3803,4100,369859,630260,8200,1260520,313,425,32451,67782,850,135564,"10mill-boot"
33,5,"petite","second",3734,4146,366640,633373,8292,1266746,266,428,27646,72690,856,145380,"10mill-boot"
33,6,"petite","second",3780,4070,369271,630872,8140,1261744,279,415,29454,70579,830,141158,"10mill-boot"
33,7,"petite","second",3866,4076,376789,623342,8152,1246684,306,402,32582,67688,804,135376,"10mill-boot"
33,8,"petite","second",3775,4164,365012,634999,8328,1269998,298,427,30642,69404,854,138808,"10mill-boot"
33,9,"petite","second",3766,4134,370406,629720,8268,1259440,265,432,28324,71758,864,143516,"10mill-boot"
33,10,"petite","second",3731,4158,362326,637693,8316,1275386,308,404,33170,66918,808,133836,"10mill-boot"
33,11,"petite","second",3750,4154,365382,634712,8308,1269424,286,439,29347,70751,878,141502,"10mill-boot"
33,12,"petite","second",3728,4117,369573,630442,8234,1260884,303,416,31974,68051,832,136102,"10mill-boot"
33,13,"petite","second",3633,4228,357589,642461,8456,1284922,300,430,30307,69729,860,139458,"10mill-boot"
33,14,"petite","second",3739,4144,365977,634182,8288,1268364,302,403,32425,67793,806,135586,"10mill-boot"
33,15,"petite","second",3823,4094,372138,627890,8188,1255780,318,407,33291,66867,814,133734,"10mill-boot"
33,16,"petite","second",3733,4183,365539,634557,8366,1269114,258,437,27141,72948,874,145896,"10mill-boot"
33,17,"petite","second",3766,4125,366914,633142,8250,1266284,309,398,32459,67746,796,135492,"10mill-boot"
33,18,"petite","second",3707,4158,364173,636051,8316,1272102,270,436,28650,71443,872,142886,"10mill-boot"
33,19,"petite","second",3603,4209,354702,645310,8418,1290620,269,442,28243,71845,884,143690,"10mill-boot"
33,20,"petite","second",3734,4158,366381,633681,8316,1267362,303,417,31723,68278,834,136556,"10mill-boot"
33,21,"petite","second",3811,4105,372635,627451,8210,1254902,277,428,29511,70534,856,141068,"10mill-boot"
33,22,"petite","second",3787,4179,366070,634028,8358,1268056,276,433,28562,71467,866,142934,"10mill-boot"
33,23,"petite","second",3786,4153,365623,634377,8306,1268754,296,428,30191,69989,856,139978,"10mill-boot"
33,24,"petite","second",3818,4159,371982,628062,8318,1256124,305,412,32269,67799,824,135598,"10mill-boot"
33,25,"petite","second",3669,4202,356834,643271,8404,1286542,268,443,27356,72780,886,145560,"10mill-boot"
33,26,"petite","second",3583,4223,352666,647367,8446,1294734,267,451,27602,72542,902,145084,"10mill-boot"
33,27,"petite","second",3653,4224,356819,643184,8448,1286368,278,438,28875,71292,876,142584,"10mill-boot"
33,28,"petite","second",3795,4132,370549,629474,8264,1258948,282,425,30967,69182,850,138364,"10mill-boot"
33,29,"petite","second",3632,4171,358490,641671,8342,1283342,279,425,29237,70768,850,141536,"10mill-boot"
33,30,"petite","second",3777,4164,366923,633085,8328,1266170,289,419,30924,69161,838,138322,"10mill-boot"
9,1,"petite","second",3649,4216,356422,643781,8432,1287562,257,448,27848,72153,896,144306,"10mill-boot"
9,2,"petite","second",3751,4066,366377,633663,8132,1267326,282,420,29376,70628,840,141256,"10mill-boot"
9,3,"petite","second",3656,4177,356008,644011,8354,1288022,278,434,28407,71665,868,143330,"10mill-boot"
9,4,"petite","second",3762,4146,364492,635604,8292,1271208,318,422,32338,67706,844,135412,"10mill-boot"
9,5,"petite","second",3725,4144,367518,632506,8288,1265012,294,427,31032,69312,854,138624,"10mill-boot"
9,6,"petite","second",3715,4174,363882,636186,8348,1272372,275,448,29385,70651,896,141302,"10mill-boot"
9,7,"petite","second",3681,4176,356009,644120,8352,1288240,290,423,29666,70470,846,140940,"10mill-boot"
9,8,"petite","second",3688,4139,364384,635722,8278,1271444,269,418,28599,71542,836,143084,"10mill-boot"
9,9,"petite","second",3713,4109,365399,634635,8218,1269270,303,417,32105,68053,834,136106,"10mill-boot"
9,10,"petite","second",3666,4189,359828,640227,8378,1280454,268,422,28482,71676,844,143352,"10mill-boot"
9,11,"petite","second",3696,4171,359971,640170,8342,1280340,255,441,26584,73490,882,146980,"10mill-boot"
9,12,"petite","second",3697,4112,364928,635144,8224,1270288,295,410,31616,68445,820,136890,"10mill-boot"
9,13,"petite","second",3750,4103,367855,632186,8206,1264372,270,433,28262,71793,866,143586,"10mill-boot"
9,14,"petite","second",3663,4135,362943,637181,8270,1274362,274,414,28793,71348,828,142696,"10mill-boot"
9,15,"petite","second",3704,4163,360009,640159,8326,1280318,265,426,28258,71745,852,143490,"10mill-boot"
9,16,"petite","second",3713,4153,362616,637391,8306,1274782,273,428,28801,71199,856,142398,"10mill-boot"
9,17,"petite","second",3678,4158,361867,638183,8316,1276366,282,437,29970,70060,874,140120,"10mill-boot"
9,18,"petite","second",3650,4219,358576,641480,8438,1282960,264,448,28381,71895,896,143790,"10mill-boot"
9,19,"petite","second",3741,4174,365347,634703,8348,1269406,305,428,31071,68975,856,137950,"10mill-boot"
9,20,"petite","second",3684,4147,363119,636976,8294,1273952,293,431,31332,68691,862,137382,"10mill-boot"
9,21,"petite","second",3650,4185,358868,641177,8370,1282354,276,424,30450,69585,848,139170,"10mill-boot"
9,22,"petite","second",3645,4236,353468,646622,8472,1293244,262,444,27093,73080,888,146160,"10mill-boot"
9,23,"petite","second",3641,4175,358093,642066,8350,1284132,293,429,31332,68710,858,137420,"10mill-boot"
9,24,"petite","second",3628,4198,351565,648509,8396,1297018,247,437,25104,75016,874,150032,"10mill-boot"
9,25,"petite","second",3831,4037,375548,624489,8074,1248978,288,405,30269,69906,810,139812,"10mill-boot"
9,26,"petite","second",3857,4081,376713,623388,8162,1246776,301,413,31330,68677,826,137354,"10mill-boot"
9,27,"petite","second",3669,4187,361991,638051,8374,1276102,298,426,31463,68587,852,137174,"10mill-boot"
9,28,"petite","second",3679,4175,362144,637900,8350,1275800,275,422,28970,71224,844,142448,"10mill-boot"
9,29,"petite","second",3734,4199,361895,638146,8398,1276292,288,438,28934,71088,876,142176,"10mill-boot"
9,30,"petite","second",3738,4104,371687,628392,8208,1256784,259,424,28479,71873,848,143746,"10mill-boot"
34,1,"petite","second",3873,4049,377547,622507,8098,1245014,292,427,30321,69740,854,139480,"10mill-boot"
34,2,"petite","second",3808,4071,372450,627676,8142,1255352,305,412,32245,67883,824,135766,"10mill-boot"
34,3,"petite","second",3767,4081,367336,632687,8162,1265374,268,418,28747,71312,836,142624,"10mill-boot"
34,4,"petite","second",3703,4148,361081,638954,8296,1277908,312,404,33207,67018,808,134036,"10mill-boot"
34,5,"petite","second",3717,4151,362381,637630,8302,1275260,283,425,29773,70341,850,140682,"10mill-boot"
34,6,"petite","second",3762,4116,365752,634318,8232,1268636,291,414,30679,69406,828,138812,"10mill-boot"
34,7,"petite","second",3776,4123,367208,632820,8246,1265640,302,407,31193,68944,814,137888,"10mill-boot"
34,8,"petite","second",3745,4140,361418,638766,8280,1277532,306,416,32009,68110,832,136220,"10mill-boot"
34,9,"petite","second",3823,4115,370790,629315,8230,1258630,289,430,30430,69574,860,139148,"10mill-boot"
34,10,"petite","second",3788,4088,367752,632265,8176,1264530,287,420,29936,70251,840,140502,"10mill-boot"
34,11,"petite","second",3818,4109,371724,628340,8218,1256680,280,412,30320,69817,824,139634,"10mill-boot"
34,12,"petite","second",3737,4112,364308,635752,8224,1271504,265,442,27147,72954,884,145908,"10mill-boot"
34,13,"petite","second",3757,4063,368588,631424,8126,1262848,257,444,26812,73215,888,146430,"10mill-boot"
34,14,"petite","second",3845,4066,376113,624001,8132,1248002,293,423,30696,69398,846,138796,"10mill-boot"
34,15,"petite","second",3642,4196,353036,647211,8392,1294422,294,425,30499,69533,850,139066,"10mill-boot"
34,16,"petite","second",3709,4156,361385,638723,8312,1277446,288,414,30160,69842,828,139684,"10mill-boot"
34,17,"petite","second",3773,4130,369771,630399,8260,1260798,265,439,27739,72337,878,144674,"10mill-boot"
34,18,"petite","second",3741,4167,363324,636763,8334,1273526,290,419,30634,69647,838,139294,"10mill-boot"
34,19,"petite","second",3695,4226,358685,641333,8452,1282666,260,448,27499,72730,896,145460,"10mill-boot"
34,20,"petite","second",3722,4167,358904,641137,8334,1282274,281,435,29294,70758,870,141516,"10mill-boot"
34,21,"petite","second",3735,4092,364803,635310,8184,1270620,282,437,30256,69783,874,139566,"10mill-boot"
34,22,"petite","second",3751,4156,364658,635421,8312,1270842,287,416,30329,69936,832,139872,"10mill-boot"
34,23,"petite","second",3872,4070,377998,622133,8140,1244266,282,428,28940,71138,856,142276,"10mill-boot"
34,24,"petite","second",3755,4115,364097,636019,8230,1272038,307,427,30147,69949,854,139898,"10mill-boot"
34,25,"petite","second",3642,4240,354530,645493,8480,1290986,253,438,27577,72460,876,144920,"10mill-boot"
34,26,"petite","second",3739,4158,360301,639931,8316,1279862,301,430,30993,69029,860,138058,"10mill-boot"
34,27,"petite","second",3785,4118,368101,631989,8236,1263978,320,409,33402,66638,818,133276,"10mill-boot"
34,28,"petite","second",3773,4134,368869,631133,8268,1262266,265,446,26889,73160,892,146320,"10mill-boot"
34,29,"petite","second",3841,4063,376080,623928,8126,1247856,286,430,29369,70798,860,141596,"10mill-boot"
34,30,"petite","second",3773,4156,371800,628373,8312,1256746,274,444,29260,70762,888,141524,"10mill-boot"
7,1,"petite","second",3739,4156,366438,633617,8312,1267234,270,437,28245,71993,874,143986,"10mill-boot"
7,2,"petite","second",3733,4178,362851,637150,8356,1274300,284,429,29321,70733,858,141466,"10mill-boot"
7,3,"petite","second",3829,4182,373788,626286,8364,1252572,298,437,30008,70088,874,140176,"10mill-boot"
7,4,"petite","second",3709,4166,362314,637816,8332,1275632,293,411,30581,69451,822,138902,"10mill-boot"
7,5,"petite","second",3687,4186,360438,639631,8372,1279262,280,434,29027,71021,868,142042,"10mill-boot"
7,6,"petite","second",3643,4189,357046,643002,8378,1286004,261,436,28066,72017,872,144034,"10mill-boot"
7,7,"petite","second",3896,4076,381288,618742,8152,1237484,284,433,29685,70374,866,140748,"10mill-boot"
7,8,"petite","second",3835,4124,374805,625270,8248,1250540,281,440,29740,70630,880,141260,"10mill-boot"
7,9,"petite","second",3870,4136,376040,624069,8272,1248138,279,433,29079,70981,866,141962,"10mill-boot"
7,10,"petite","second",3824,4093,376496,623591,8186,1247182,309,434,31529,68492,868,136984,"10mill-boot"
7,11,"petite","second",3750,4184,366026,634068,8368,1268136,279,428,30468,69622,856,139244,"10mill-boot"
7,12,"petite","second",3730,4159,366075,633977,8318,1267954,277,435,28730,71491,870,142982,"10mill-boot"
7,13,"petite","second",3789,4178,370843,629280,8356,1258560,301,416,31702,68377,832,136754,"10mill-boot"
7,14,"petite","second",3628,4202,355392,644629,8404,1289258,254,441,26575,73487,882,146974,"10mill-boot"
7,15,"petite","second",3797,4113,369524,630486,8226,1260972,287,426,29780,70231,852,140462,"10mill-boot"
7,16,"petite","second",3731,4161,363142,636895,8322,1273790,279,433,28765,71307,866,142614,"10mill-boot"
7,17,"petite","second",3766,4140,370172,629847,8280,1259694,266,449,28206,71877,898,143754,"10mill-boot"
7,18,"petite","second",3829,4081,375462,624706,8162,1249412,297,420,31704,68320,840,136640,"10mill-boot"
7,19,"petite","second",3754,4197,366456,633623,8394,1267246,318,405,34895,65125,810,130250,"10mill-boot"
7,20,"petite","second",3715,4201,362238,637798,8402,1275596,287,423,30026,70107,846,140214,"10mill-boot"
7,21,"petite","second",3716,4214,362783,637338,8428,1274676,312,411,32518,67531,822,135062,"10mill-boot"
7,22,"petite","second",3884,4070,378164,622103,8140,1244206,316,410,32372,67903,820,135806,"10mill-boot"
7,23,"petite","second",3768,4151,366568,633514,8302,1267028,266,429,28430,71772,858,143544,"10mill-boot"
7,24,"petite","second",3780,4114,368640,631395,8228,1262790,302,416,32043,67959,832,135918,"10mill-boot"
7,25,"petite","second",3695,4127,364140,635912,8254,1271824,263,422,28442,71636,844,143272,"10mill-boot"
7,26,"petite","second",3763,4123,367464,632576,8246,1265152,270,434,27240,72828,868,145656,"10mill-boot"
7,27,"petite","second",3872,4038,382893,617337,8076,1234674,311,394,32363,67658,788,135316,"10mill-boot"
7,28,"petite","second",3751,4131,367789,632277,8262,1264554,298,416,31923,68199,832,136398,"10mill-boot"
7,29,"petite","second",3762,4215,366545,633519,8430,1267038,280,431,28877,71250,862,142500,"10mill-boot"
7,30,"petite","second",3780,4138,371634,628430,8276,1256860,295,413,31229,68938,826,137876,"10mill-boot"
6,1,"petite","second",3675,4239,362269,637756,8478,1275512,287,422,30838,69268,844,138536,"10mill-boot"
6,2,"petite","second",3764,4129,368718,631351,8258,1262702,281,430,29902,70233,860,140466,"10mill-boot"
6,3,"petite","second",3773,4150,365961,634095,8300,1268190,282,417,30608,69556,834,139112,"10mill-boot"
6,4,"petite","second",3759,4139,370736,629393,8278,1258786,275,427,30751,69365,854,138730,"10mill-boot"
6,5,"petite","second",3624,4235,350612,649439,8470,1298878,289,422,30089,70017,844,140034,"10mill-boot"
6,6,"petite","second",3679,4201,360063,640098,8402,1280196,297,404,30507,69519,808,139038,"10mill-boot"
6,7,"petite","second",3647,4224,357001,643111,8448,1286222,297,420,32115,68030,840,136060,"10mill-boot"
6,8,"petite","second",3539,4247,347485,652721,8494,1305442,285,427,29966,70394,854,140788,"10mill-boot"
6,9,"petite","second",3671,4181,357081,643107,8362,1286214,294,404,31460,68558,808,137116,"10mill-boot"
6,10,"petite","second",3659,4181,359113,641040,8362,1282080,281,424,29934,70196,848,140392,"10mill-boot"
6,11,"petite","second",3667,4241,357714,642448,8482,1284896,283,440,29865,70355,880,140710,"10mill-boot"
6,12,"petite","second",3674,4177,360947,639239,8354,1278478,279,423,29642,70405,846,140810,"10mill-boot"
6,13,"petite","second",3656,4167,355215,644875,8334,1289750,272,421,28616,71404,842,142808,"10mill-boot"
6,14,"petite","second",3698,4210,361689,638447,8420,1276894,290,422,31424,68583,844,137166,"10mill-boot"
6,15,"petite","second",3738,4150,364731,635273,8300,1270546,303,418,32704,67597,836,135194,"10mill-boot"
6,16,"petite","second",3738,4187,363768,636356,8374,1272712,268,449,28858,71163,898,142326,"10mill-boot"
6,17,"petite","second",3655,4239,356065,644079,8478,1288158,262,448,28630,71684,896,143368,"10mill-boot"
6,18,"petite","second",3653,4263,350398,649675,8526,1299350,285,431,30019,70071,862,140142,"10mill-boot"
6,19,"petite","second",3622,4273,354304,645735,8546,1291470,291,441,30588,69474,882,138948,"10mill-boot"
6,20,"petite","second",3598,4211,354959,645356,8422,1290712,259,432,27340,72837,864,145674,"10mill-boot"
6,21,"petite","second",3643,4222,358279,641816,8444,1283632,283,425,29894,70116,850,140232,"10mill-boot"
6,22,"petite","second",3659,4197,357214,642913,8394,1285826,268,444,28024,72009,888,144018,"10mill-boot"
6,23,"petite","second",3629,4180,356636,643413,8360,1286826,273,426,28670,71392,852,142784,"10mill-boot"
6,24,"petite","second",3608,4224,354219,645786,8448,1291572,274,413,28841,71168,826,142336,"10mill-boot"
6,25,"petite","second",3724,4121,366413,633668,8242,1267336,268,408,29524,70548,816,141096,"10mill-boot"
6,26,"petite","second",3671,4190,356248,643818,8380,1287636,300,417,32085,68095,834,136190,"10mill-boot"
6,27,"petite","second",3682,4247,356628,643401,8494,1286802,276,438,29648,70382,876,140764,"10mill-boot"
6,28,"petite","second",3616,4196,351331,648696,8392,1297392,263,421,27976,72040,842,144080,"10mill-boot"
6,29,"petite","second",3806,4172,369758,630306,8344,1260612,300,414,31736,68387,828,136774,"10mill-boot"
6,30,"petite","second",3653,4208,358038,641994,8416,1283988,285,443,29890,70221,886,140442,"10mill-boot"
1,1,"petite","second",3670,4173,364417,635586,8346,1271172,294,430,31248,68880,860,137760,"10mill-boot"
1,2,"petite","second",3769,4104,370578,629530,8208,1259060,276,443,29617,70791,886,141582,"10mill-boot"
1,3,"petite","second",3656,4145,359895,640161,8290,1280322,249,448,26698,73310,896,146620,"10mill-boot"
1,4,"petite","second",3677,4132,365534,634517,8264,1269034,276,422,29605,70541,844,141082,"10mill-boot"
1,5,"petite","second",3638,4224,359669,640334,8448,1280668,258,446,26258,73743,892,147486,"10mill-boot"
1,6,"petite","second",3636,4182,362685,637486,8364,1274972,291,419,30508,69664,838,139328,"10mill-boot"
1,7,"petite","second",3706,4180,365075,634964,8360,1269928,286,422,30127,69889,844,139778,"10mill-boot"
1,8,"petite","second",3608,4197,360671,639411,8394,1278822,293,419,31583,68645,838,137290,"10mill-boot"
1,9,"petite","second",3705,4115,366523,633679,8230,1267358,288,421,30602,69462,842,138924,"10mill-boot"
1,10,"petite","second",3707,4168,364237,635763,8336,1271526,284,428,30042,70089,856,140178,"10mill-boot"
1,11,"petite","second",3685,4188,365824,634322,8376,1268644,301,420,31370,68698,840,137396,"10mill-boot"
1,12,"petite","second",3586,4189,355577,644430,8378,1288860,261,442,28492,71565,884,143130,"10mill-boot"
1,13,"petite","second",3600,4191,352481,647661,8382,1295322,237,451,24430,75659,902,151318,"10mill-boot"
1,14,"petite","second",3686,4148,368158,631971,8296,1263942,284,432,30910,69173,864,138346,"10mill-boot"
1,15,"petite","second",3766,4079,374158,625843,8158,1251686,280,423,29394,70783,846,141566,"10mill-boot"
1,16,"petite","second",3639,4158,361555,638612,8316,1277224,269,448,27933,72097,896,144194,"10mill-boot"
1,17,"petite","second",3723,4093,367378,632672,8186,1265344,286,415,31252,68876,830,137752,"10mill-boot"
1,18,"petite","second",3656,4169,360978,639035,8338,1278070,288,430,30000,70168,860,140336,"10mill-boot"
1,19,"petite","second",3606,4201,357063,642939,8402,1285878,267,422,29219,70821,844,141642,"10mill-boot"
1,20,"petite","second",3632,4168,361087,638913,8336,1277826,275,445,28555,71579,890,143158,"10mill-boot"
1,21,"petite","second",3621,4106,365997,634097,8212,1268194,297,401,32602,67444,802,134888,"10mill-boot"
1,22,"petite","second",3643,4149,361282,638774,8298,1277548,256,442,26715,73363,884,146726,"10mill-boot"
1,23,"petite","second",3667,4168,363562,636485,8336,1272970,269,436,29212,70848,872,141696,"10mill-boot"
1,24,"petite","second",3649,4233,356249,643764,8466,1287528,279,454,29205,70885,908,141770,"10mill-boot"
1,25,"petite","second",3658,4134,363125,636965,8268,1273930,284,427,29836,70186,854,140372,"10mill-boot"
1,26,"petite","second",3632,4179,359390,640790,8358,1281580,299,422,31701,68363,844,136726,"10mill-boot"
1,27,"petite","second",3658,4175,358363,641668,8350,1283336,260,429,27818,72336,858,144672,"10mill-boot"
1,28,"petite","second",3670,4188,363783,636440,8376,1272880,275,428,29130,71027,856,142054,"10mill-boot"
1,29,"petite","second",3635,4186,361766,638303,8372,1276606,291,420,30771,69242,840,138484,"10mill-boot"
1,30,"petite","second",3672,4142,364667,635358,8284,1270716,256,446,26189,74070,892,148140,"10mill-boot"
8,1,"petite","second",3535,4195,351559,648443,8390,1296886,282,424,30505,69526,848,139052,"10mill-boot"
8,2,"petite","second",3628,4245,355226,644846,8490,1289692,269,430,28365,71766,860,143532,"10mill-boot"
8,3,"petite","second",3723,4169,367465,632590,8338,1265180,310,411,33242,66849,822,133698,"10mill-boot"
8,4,"petite","second",3667,4158,362702,637328,8316,1274656,302,414,33100,66973,828,133946,"10mill-boot"
8,5,"petite","second",3721,4150,366533,633592,8300,1267184,305,410,32985,67030,820,134060,"10mill-boot"
8,6,"petite","second",3723,4203,362909,637132,8406,1274264,277,446,28758,71249,892,142498,"10mill-boot"
8,7,"petite","second",3650,4185,358388,641632,8370,1283264,290,415,31058,69176,830,138352,"10mill-boot"
8,8,"petite","second",3644,4208,358210,641814,8416,1283628,299,443,30330,69776,886,139552,"10mill-boot"
8,9,"petite","second",3559,4242,349257,650758,8484,1301516,287,428,30057,70041,856,140082,"10mill-boot"
8,10,"petite","second",3681,4154,360589,639427,8308,1278854,297,438,30471,69536,876,139072,"10mill-boot"
8,11,"petite","second",3666,4186,360760,639245,8372,1278490,292,415,31729,68315,830,136630,"10mill-boot"
8,12,"petite","second",3646,4193,357238,642801,8386,1285602,267,439,29373,70821,878,141642,"10mill-boot"
8,13,"petite","second",3641,4198,361102,638930,8396,1277860,246,448,27264,72862,896,145724,"10mill-boot"
8,14,"petite","second",3689,4198,362393,637618,8396,1275236,285,431,29095,70956,862,141912,"10mill-boot"
8,15,"petite","second",3655,4225,356972,643147,8450,1286294,246,448,25203,74806,896,149612,"10mill-boot"
8,16,"petite","second",3532,4238,348824,651290,8476,1302580,277,436,29168,70936,872,141872,"10mill-boot"
8,17,"petite","second",3642,4227,358353,641705,8454,1283410,290,433,30371,69835,866,139670,"10mill-boot"
8,18,"petite","second",3496,4264,345565,654442,8528,1308884,291,412,31486,68810,824,137620,"10mill-boot"
8,19,"petite","second",3660,4207,362733,637438,8414,1274876,279,447,29442,70561,894,141122,"10mill-boot"
8,20,"petite","second",3608,4199,358375,641642,8398,1283284,303,406,33277,66976,812,133952,"10mill-boot"
8,21,"petite","second",3645,4202,359110,640998,8404,1281996,285,430,30095,69913,860,139826,"10mill-boot"
8,22,"petite","second",3577,4195,351852,648151,8390,1296302,276,433,27746,72623,866,145246,"10mill-boot"
8,23,"petite","second",3627,4267,356164,643878,8534,1287756,290,437,30029,70020,874,140040,"10mill-boot"
8,24,"petite","second",3719,4175,367743,632371,8350,1264742,330,400,35093,65172,800,130344,"10mill-boot"
8,25,"petite","second",3754,4113,370242,630096,8226,1260192,284,437,30474,69644,874,139288,"10mill-boot"
8,26,"petite","second",3673,4215,359276,640806,8430,1281612,280,419,29750,70386,838,140772,"10mill-boot"
8,27,"petite","second",3639,4238,360272,639775,8476,1279550,277,443,30130,70018,886,140036,"10mill-boot"
8,28,"petite","second",3606,4240,353169,646903,8480,1293806,280,439,29294,70754,878,141508,"10mill-boot"
8,29,"petite","second",3567,4221,357251,642804,8442,1285608,317,415,34737,65370,830,130740,"10mill-boot"
8,30,"petite","second",3612,4190,354813,645426,8380,1290852,285,428,30892,69121,856,138242,"10mill-boot"
35,1,"petite","second",3882,4103,379457,620578,8206,1241156,288,421,31249,68945,842,137890,"10mill-boot"
35,2,"petite","second",3884,4056,383937,616072,8112,1232144,296,440,30434,69592,880,139184,"10mill-boot"
35,3,"petite","second",3654,4238,358605,641547,8476,1283094,290,421,30987,69048,842,138096,"10mill-boot"
35,4,"petite","second",3885,4125,376786,623315,8250,1246630,280,449,28483,71545,898,143090,"10mill-boot"
35,5,"petite","second",3928,4127,381924,618198,8254,1236396,256,453,27567,72434,906,144868,"10mill-boot"
35,6,"petite","second",3815,4119,372691,627457,8238,1254914,298,428,29969,70165,856,140330,"10mill-boot"
35,7,"petite","second",3761,4190,368494,631596,8380,1263192,266,451,28009,72139,902,144278,"10mill-boot"
35,8,"petite","second",3879,4145,378069,622024,8290,1244048,292,443,30293,69746,886,139492,"10mill-boot"
35,9,"petite","second",3828,4127,369644,630391,8254,1260782,275,434,28916,71100,868,142200,"10mill-boot"
35,10,"petite","second",3804,4196,368656,631489,8392,1262978,279,430,29203,71038,860,142076,"10mill-boot"
35,11,"petite","second",3848,4139,377764,622238,8278,1244476,292,414,31165,68872,828,137744,"10mill-boot"
35,12,"petite","second",3731,4139,369196,630842,8278,1261684,261,445,28085,71994,890,143988,"10mill-boot"
35,13,"petite","second",3813,4137,366568,633493,8274,1266986,283,433,29239,70799,866,141598,"10mill-boot"
35,14,"petite","second",3812,4196,376521,623585,8392,1247170,258,442,28062,72011,884,144022,"10mill-boot"
35,15,"petite","second",3791,4180,365171,634975,8360,1269950,267,439,26985,73111,878,146222,"10mill-boot"
35,16,"petite","second",3762,4164,367415,632639,8328,1265278,301,427,30508,69619,854,139238,"10mill-boot"
35,17,"petite","second",3868,4152,375245,624929,8304,1249858,262,442,27368,72793,884,145586,"10mill-boot"
35,18,"petite","second",3916,4109,382231,617796,8218,1235592,288,420,30872,69163,840,138326,"10mill-boot"
35,19,"petite","second",3745,4240,360788,639351,8480,1278702,278,433,27921,72176,866,144352,"10mill-boot"
35,20,"petite","second",3782,4155,369244,630912,8310,1261824,281,443,29052,71240,886,142480,"10mill-boot"
35,21,"petite","second",3889,4115,375612,624440,8230,1248880,314,416,31862,68160,832,136320,"10mill-boot"
35,22,"petite","second",3829,4211,371396,628635,8422,1257270,299,431,31285,68717,862,137434,"10mill-boot"
35,23,"petite","second",3834,4196,374852,625179,8392,1250358,281,440,29378,70942,880,141884,"10mill-boot"
35,24,"petite","second",3836,4187,373192,626821,8374,1253642,290,433,29592,70561,866,141122,"10mill-boot"
35,25,"petite","second",3786,4184,370244,629845,8368,1259690,273,440,29214,70855,880,141710,"10mill-boot"
35,26,"petite","second",3830,4158,370663,629405,8316,1258810,282,436,29956,70135,872,140270,"10mill-boot"
35,27,"petite","second",3714,4186,359842,640235,8372,1280470,289,430,29926,70122,860,140244,"10mill-boot"
35,28,"petite","second",3807,4144,371874,628171,8288,1256342,287,449,29520,70693,898,141386,"10mill-boot"
35,29,"petite","second",3801,4159,367049,633063,8318,1266126,306,421,31310,68788,842,137576,"10mill-boot"
35,30,"petite","second",3825,4151,374672,625370,8302,1250740,297,418,31509,68544,836,137088,"10mill-boot"
32,1,"petite","second",3919,4098,375429,624612,8196,1249224,296,423,29918,70128,846,140256,"10mill-boot"
32,2,"petite","second",3828,4147,369481,630555,8294,1261110,283,433,29348,70687,866,141374,"10mill-boot"
32,3,"petite","second",3875,4102,371885,628138,8204,1256276,279,441,29120,70888,882,141776,"10mill-boot"
32,4,"petite","second",3818,4133,368189,631832,8266,1263664,293,420,29973,70156,840,140312,"10mill-boot"
32,5,"petite","second",3801,4124,362051,638021,8248,1276042,296,432,30088,70113,864,140226,"10mill-boot"
32,6,"petite","second",3822,4119,373621,626428,8238,1252856,285,424,30844,69158,848,138316,"10mill-boot"
32,7,"petite","second",3799,4150,367175,633032,8300,1266064,305,420,31367,69140,840,138280,"10mill-boot"
32,8,"petite","second",3863,4121,371744,628354,8242,1256708,287,413,29576,70495,826,140990,"10mill-boot"
32,9,"petite","second",3808,4084,371920,628131,8168,1256262,276,422,30068,70189,844,140378,"10mill-boot"
32,10,"petite","second",3825,4116,374085,625919,8232,1251838,315,411,33053,66961,822,133922,"10mill-boot"
32,11,"petite","second",3733,4141,362404,637715,8282,1275430,326,403,34105,66006,806,132012,"10mill-boot"
32,12,"petite","second",3817,4155,368447,631635,8310,1263270,261,431,27298,72764,862,145528,"10mill-boot"
32,13,"petite","second",3858,4079,373214,626883,8158,1253766,299,420,32476,67595,840,135190,"10mill-boot"
32,14,"petite","second",3728,4126,365135,634920,8252,1269840,287,417,31621,68449,834,136898,"10mill-boot"
32,15,"petite","second",3689,4172,362000,638267,8344,1276534,284,435,29754,70350,870,140700,"10mill-boot"
32,16,"petite","second",3830,4126,370420,629631,8252,1259262,319,415,32825,67208,830,134416,"10mill-boot"
32,17,"petite","second",3815,4087,377186,622856,8174,1245712,311,412,32588,67446,824,134892,"10mill-boot"
32,18,"petite","second",3881,4086,375067,625021,8172,1250042,294,420,29374,70705,840,141410,"10mill-boot"
32,19,"petite","second",3761,4115,367376,632737,8230,1265474,299,430,30117,69965,860,139930,"10mill-boot"
32,20,"petite","second",3798,4103,370037,630016,8206,1260032,273,430,28815,71243,860,142486,"10mill-boot"
32,21,"petite","second",3733,4158,364710,635330,8316,1270660,304,430,30964,69127,860,138254,"10mill-boot"
32,22,"petite","second",3845,4146,369909,630174,8292,1260348,269,439,27529,72478,878,144956,"10mill-boot"
32,23,"petite","second",3762,4158,364712,635289,8316,1270578,290,428,28824,71478,856,142956,"10mill-boot"
32,24,"petite","second",3773,4093,370772,629287,8186,1258574,277,422,28915,71146,844,142292,"10mill-boot"
32,25,"petite","second",3742,4203,360137,639894,8406,1279788,281,441,28794,71396,882,142792,"10mill-boot"
32,26,"petite","second",3804,4086,368223,631787,8172,1263574,281,421,30266,69771,842,139542,"10mill-boot"
32,27,"petite","second",3984,4129,384948,615084,8258,1230168,313,426,31713,68340,852,136680,"10mill-boot"
32,28,"petite","second",3896,4132,375102,625119,8264,1250238,313,419,32406,67599,838,135198,"10mill-boot"
32,29,"petite","second",3857,4084,375121,624977,8168,1249954,299,412,31176,69081,824,138162,"10mill-boot"
32,30,"petite","second",3783,4141,366441,633589,8282,1267178,302,417,30924,69123,834,138246,"10mill-boot"
50,1,"petite","second",3689,4124,361305,638776,8248,1277552,244,441,25760,74488,882,148976,"10mill-boot"
50,2,"petite","second",3740,4110,368664,631493,8220,1262986,300,411,32906,67189,822,134378,"10mill-boot"
50,3,"petite","second",3679,4177,358849,641222,8354,1282444,290,428,30471,69695,856,139390,"10mill-boot"
50,4,"petite","second",3807,4069,370828,629218,8138,1258436,280,422,29132,70899,844,141798,"10mill-boot"
50,5,"petite","second",3745,4115,369568,630445,8230,1260890,284,416,30328,69686,832,139372,"10mill-boot"
50,6,"petite","second",3738,4078,368657,631454,8156,1262908,269,427,29968,70096,854,140192,"10mill-boot"
50,7,"petite","second",3764,4045,375950,624126,8090,1248252,284,417,30874,69267,834,138534,"10mill-boot"
50,8,"petite","second",3541,4194,352091,648057,8388,1296114,264,423,29633,70367,846,140734,"10mill-boot"
50,9,"petite","second",3803,4061,373380,626670,8122,1253340,283,424,30078,69985,848,139970,"10mill-boot"
50,10,"petite","second",3667,4105,363762,636402,8210,1272804,280,415,29588,70429,830,140858,"10mill-boot"
50,11,"petite","second",3750,4105,367540,632566,8210,1265132,293,411,31941,68119,822,136238,"10mill-boot"
50,12,"petite","second",3773,4084,366663,633444,8168,1266888,280,431,29600,70439,862,140878,"10mill-boot"
50,13,"petite","second",3779,4103,370833,629185,8206,1258370,316,403,33029,67123,806,134246,"10mill-boot"
50,14,"petite","second",3707,4133,363922,636180,8266,1272360,291,409,31342,68808,818,137616,"10mill-boot"
50,15,"petite","second",3744,4064,372147,627921,8128,1255842,300,419,32325,67708,838,135416,"10mill-boot"
50,16,"petite","second",3715,4143,364351,635697,8286,1271394,286,422,31179,68902,844,137804,"10mill-boot"
50,17,"petite","second",3675,4159,358405,641625,8318,1283250,279,433,29211,70880,866,141760,"10mill-boot"
50,18,"petite","second",3735,4104,368517,631515,8208,1263030,308,428,31395,68863,856,137726,"10mill-boot"
50,19,"petite","second",3753,4145,368951,631051,8290,1262102,291,433,29701,70515,866,141030,"10mill-boot"
50,20,"petite","second",3751,4092,370996,629028,8184,1258056,294,402,32131,67906,804,135812,"10mill-boot"
50,21,"petite","second",3694,4120,361356,638683,8240,1277366,262,438,28460,71711,876,143422,"10mill-boot"
50,22,"petite","second",3773,4113,368719,631421,8226,1262842,299,415,31145,68874,830,137748,"10mill-boot"
50,23,"petite","second",3670,4154,362085,637986,8308,1275972,260,421,28312,71752,842,143504,"10mill-boot"
50,24,"petite","second",3734,4123,365012,635045,8246,1270090,275,414,28473,71685,828,143370,"10mill-boot"
50,25,"petite","second",3769,4067,370448,629606,8134,1259212,299,410,30624,69582,820,139164,"10mill-boot"
50,26,"petite","second",3770,4104,371480,628641,8208,1257282,275,412,30221,69812,824,139624,"10mill-boot"
50,27,"petite","second",3822,4007,378963,621054,8014,1242108,294,403,30413,69708,806,139416,"10mill-boot"
50,28,"petite","second",3836,4085,379112,621023,8170,1242046,279,431,30028,70166,862,140332,"10mill-boot"
50,29,"petite","second",3770,4139,371029,629045,8278,1258090,246,448,26716,73381,896,146762,"10mill-boot"
50,30,"petite","second",3778,4037,371268,628815,8074,1257630,283,403,30809,69209,806,138418,"10mill-boot"
43,1,"petite","second",3782,4051,375139,624907,8102,1249814,279,417,30524,69689,834,139378,"10mill-boot"
43,2,"petite","second",3680,4165,356651,643549,8330,1287098,293,424,29757,70251,848,140502,"10mill-boot"
43,3,"petite","second",3762,4089,368706,631298,8178,1262596,277,410,29615,70436,820,140872,"10mill-boot"
43,4,"petite","second",3728,4071,364281,635861,8142,1271722,282,411,30039,70091,822,140182,"10mill-boot"
43,5,"petite","second",3797,4122,369905,630129,8244,1260258,281,442,29159,70972,884,141944,"10mill-boot"
43,6,"petite","second",3746,4185,364741,635267,8370,1270534,267,436,27800,72294,872,144588,"10mill-boot"
43,7,"petite","second",3899,4090,375964,624129,8180,1248258,287,418,30151,69940,836,139880,"10mill-boot"
43,8,"petite","second",3745,4186,363352,636767,8372,1273534,266,432,28011,72012,864,144024,"10mill-boot"
43,9,"petite","second",3752,4129,363767,636328,8258,1272656,293,406,31258,68800,812,137600,"10mill-boot"
43,10,"petite","second",3775,4087,371864,628150,8174,1256300,285,418,30522,69549,836,139098,"10mill-boot"
43,11,"petite","second",3837,4102,368796,631251,8204,1262502,292,426,30757,69335,852,138670,"10mill-boot"
43,12,"petite","second",3851,4108,375508,624597,8216,1249194,302,426,31321,68829,852,137658,"10mill-boot"
43,13,"petite","second",3813,4060,373401,626606,8120,1253212,312,424,32124,68026,848,136052,"10mill-boot"
43,14,"petite","second",3820,4055,376249,623796,8110,1247592,292,419,30538,69527,838,139054,"10mill-boot"
43,15,"petite","second",3720,4141,363752,636464,8282,1272928,291,419,30136,70155,838,140310,"10mill-boot"
43,16,"petite","second",3712,4106,362186,637854,8212,1275708,273,409,29947,70191,818,140382,"10mill-boot"
43,17,"petite","second",3801,4084,371796,628209,8168,1256418,298,416,31457,68608,832,137216,"10mill-boot"
43,18,"petite","second",3754,4111,364545,635565,8222,1271130,263,444,27767,72405,888,144810,"10mill-boot"
43,19,"petite","second",3682,4174,360006,640128,8348,1280256,276,436,29357,70728,872,141456,"10mill-boot"
43,20,"petite","second",3793,4092,370154,629921,8184,1259842,295,406,31170,68896,812,137792,"10mill-boot"
43,21,"petite","second",3907,4067,381404,618654,8134,1237308,278,430,29853,70158,860,140316,"10mill-boot"
43,22,"petite","second",3789,4055,371983,628062,8110,1256124,262,435,26980,73049,870,146098,"10mill-boot"
43,23,"petite","second",3880,4077,379629,620581,8154,1241162,309,424,32100,68225,848,136450,"10mill-boot"
43,24,"petite","second",3862,4025,377822,622293,8050,1244586,274,400,30273,69831,800,139662,"10mill-boot"
43,25,"petite","second",3764,4130,368335,631810,8260,1263620,307,411,33067,66936,822,133872,"10mill-boot"
43,26,"petite","second",3798,4068,370432,629589,8136,1259178,283,404,30111,70039,808,140078,"10mill-boot"
43,27,"petite","second",3695,4154,359005,641104,8308,1282208,275,445,28854,71178,890,142356,"10mill-boot"
43,28,"petite","second",3790,4090,370235,629871,8180,1259742,280,427,28602,71470,854,142940,"10mill-boot"
43,29,"petite","second",3763,4186,368508,631498,8372,1262996,301,435,30950,69081,870,138162,"10mill-boot"
43,30,"petite","second",3826,4118,370376,629704,8236,1259408,270,434,28117,71975,868,143950,"10mill-boot"
44,1,"petite","second",3802,4147,370690,629435,8294,1258870,288,441,28630,71377,882,142754,"10mill-boot"
44,2,"petite","second",3753,4152,368196,632024,8304,1264048,310,423,32597,67412,846,134824,"10mill-boot"
44,3,"petite","second",3834,4096,374826,625279,8192,1250558,287,427,30499,69597,854,139194,"10mill-boot"
44,4,"petite","second",3817,4156,373386,626646,8312,1253292,299,428,30752,69443,856,138886,"10mill-boot"
44,5,"petite","second",3761,4125,370044,629999,8250,1259998,296,437,31011,69232,874,138464,"10mill-boot"
44,6,"petite","second",3678,4120,368238,631852,8240,1263704,281,437,30263,69766,874,139532,"10mill-boot"
44,7,"petite","second",3802,4168,370552,629455,8336,1258910,284,435,28881,71167,870,142334,"10mill-boot"
44,8,"petite","second",3773,4121,367238,632901,8242,1265802,271,428,28826,71186,856,142372,"10mill-boot"
44,9,"petite","second",3679,4147,366289,633810,8294,1267620,276,434,28840,71251,868,142502,"10mill-boot"
44,10,"petite","second",3855,4131,377664,622622,8262,1245244,306,434,32684,67377,868,134754,"10mill-boot"
44,11,"petite","second",3743,4122,369472,630559,8244,1261118,263,431,28762,71286,862,142572,"10mill-boot"
44,12,"petite","second",3770,4160,372392,627637,8320,1255274,272,435,30085,70020,870,140040,"10mill-boot"
44,13,"petite","second",3779,4120,373437,626697,8240,1253394,289,420,30043,70078,840,140156,"10mill-boot"
44,14,"petite","second",3685,4162,361439,638571,8324,1277142,275,445,29128,70904,890,141808,"10mill-boot"
44,15,"petite","second",3793,4091,376254,623749,8182,1247498,273,424,29309,70754,848,141508,"10mill-boot"
44,16,"petite","second",3736,4196,364733,635280,8392,1270560,323,405,34414,65706,810,131412,"10mill-boot"
44,17,"petite","second",3798,4165,370350,629703,8330,1259406,265,451,27910,72140,902,144280,"10mill-boot"
44,18,"petite","second",3869,4116,374810,625303,8232,1250606,296,417,32164,68024,834,136048,"10mill-boot"
44,19,"petite","second",3771,4116,370065,629990,8232,1259980,272,440,29038,71049,880,142098,"10mill-boot"
44,20,"petite","second",3749,4153,363046,637025,8306,1274050,283,430,28684,71445,860,142890,"10mill-boot"
44,21,"petite","second",3803,4134,372880,627169,8268,1254338,304,421,32087,68054,842,136108,"10mill-boot"
44,22,"petite","second",3809,4144,372665,627374,8288,1254748,283,435,29811,70204,870,140408,"10mill-boot"
44,23,"petite","second",3710,4221,362980,637066,8442,1274132,297,430,32043,67963,860,135926,"10mill-boot"
44,24,"petite","second",3828,4129,371440,628676,8258,1257352,325,408,33443,66561,816,133122,"10mill-boot"
44,25,"petite","second",3784,4124,372128,627893,8248,1255786,296,421,31778,68246,842,136492,"10mill-boot"
44,26,"petite","second",3792,4110,371822,628214,8220,1256428,285,413,30578,69541,826,139082,"10mill-boot"
44,27,"petite","second",3853,4179,371878,628224,8358,1256448,295,431,31305,68957,862,137914,"10mill-boot"
44,28,"petite","second",3817,4175,373976,626110,8350,1252220,273,442,28618,71477,884,142954,"10mill-boot"
44,29,"petite","second",3657,4169,359437,640608,8338,1281216,275,425,28002,72215,850,144430,"10mill-boot"
44,30,"petite","second",3872,4125,377666,622397,8250,1244794,308,419,31750,68376,838,136752,"10mill-boot"
10,1,"petite","second",3740,4092,364572,635461,8184,1270922,278,436,29594,70562,872,141124,"10mill-boot"
10,2,"petite","second",3779,4137,366088,634030,8274,1268060,296,421,29607,70498,842,140996,"10mill-boot"
10,3,"petite","second",3733,4112,364544,635602,8224,1271204,268,439,28734,71359,878,142718,"10mill-boot"
10,4,"petite","second",3811,4088,368729,631368,8176,1262736,269,417,29157,70865,834,141730,"10mill-boot"
10,5,"petite","second",3840,4057,375499,624666,8114,1249332,280,421,29784,70300,842,140600,"10mill-boot"
10,6,"petite","second",3763,4128,369856,630167,8256,1260334,291,413,31255,68784,826,137568,"10mill-boot"
10,7,"petite","second",3853,4129,373796,626328,8258,1252656,289,414,30181,69834,828,139668,"10mill-boot"
10,8,"petite","second",3823,4085,374579,625501,8170,1251002,309,400,32090,68095,800,136190,"10mill-boot"
10,9,"petite","second",3744,4151,363701,636377,8302,1272754,304,426,31012,69003,852,138006,"10mill-boot"
10,10,"petite","second",3686,4107,360615,639496,8214,1278992,265,426,27501,72525,852,145050,"10mill-boot"
10,11,"petite","second",3771,4111,369758,630352,8222,1260704,286,431,29845,70424,862,140848,"10mill-boot"
10,12,"petite","second",3788,4119,366710,633340,8238,1266680,309,405,32798,67207,810,134414,"10mill-boot"
10,13,"petite","second",3746,4144,364506,635563,8288,1271126,277,415,29954,70130,830,140260,"10mill-boot"
10,14,"petite","second",3741,4075,363601,636451,8150,1272902,285,429,28657,71571,858,143142,"10mill-boot"
10,15,"petite","second",3778,4115,368720,631406,8230,1262812,291,434,30173,69988,868,139976,"10mill-boot"
10,16,"petite","second",3696,4131,363440,636588,8262,1273176,284,421,30621,69593,842,139186,"10mill-boot"
10,17,"petite","second",3676,4206,357937,642202,8412,1284404,295,444,29398,70663,888,141326,"10mill-boot"
10,18,"petite","second",3761,4140,367907,632137,8280,1264274,285,429,30263,69761,858,139522,"10mill-boot"
10,19,"petite","second",3794,4051,371121,628897,8102,1257794,288,415,30718,69429,830,138858,"10mill-boot"
10,20,"petite","second",3751,4145,365900,634174,8290,1268348,295,414,30568,69441,828,138882,"10mill-boot"
10,21,"petite","second",3763,4127,363160,636905,8254,1273810,269,423,29188,70886,846,141772,"10mill-boot"
10,22,"petite","second",3672,4216,357280,642721,8432,1285442,289,425,31023,69173,850,138346,"10mill-boot"
10,23,"petite","second",3780,4110,371776,628338,8220,1256676,267,433,27517,72622,866,145244,"10mill-boot"
10,24,"petite","second",3666,4160,356665,643340,8320,1286680,298,409,30436,69704,818,139408,"10mill-boot"
10,25,"petite","second",3636,4141,358972,641046,8282,1282092,283,432,30230,69842,864,139684,"10mill-boot"
10,26,"petite","second",3735,4180,363108,636948,8360,1273896,291,417,30494,69537,834,139074,"10mill-boot"
10,27,"petite","second",3743,4143,363034,637070,8286,1274140,273,439,29053,71033,878,142066,"10mill-boot"
10,28,"petite","second",3775,4059,370864,629290,8118,1258580,302,411,30668,69533,822,139066,"10mill-boot"
10,29,"petite","second",3820,4133,373251,626783,8266,1253566,301,426,30965,69092,852,138184,"10mill-boot"
10,30,"petite","second",3771,4115,368099,631965,8230,1263930,258,432,27767,72299,864,144598,"10mill-boot"
17,1,"petite","second",3825,4127,377583,622421,8254,1244842,297,411,32391,67653,822,135306,"10mill-boot"
17,2,"petite","second",3753,4137,369924,630245,8274,1260490,308,426,32666,67351,852,134702,"10mill-boot"
17,3,"petite","second",3862,4141,377401,622698,8282,1245396,296,423,32220,67806,846,135612,"10mill-boot"
17,4,"petite","second",3764,4208,362697,637361,8416,1274722,303,425,30536,69482,850,138964,"10mill-boot"
17,5,"petite","second",3840,4095,372294,627875,8190,1255750,297,412,31995,68061,824,136122,"10mill-boot"
17,6,"petite","second",3844,4097,375900,624100,8194,1248200,315,431,31982,68130,862,136260,"10mill-boot"
17,7,"petite","second",3704,4146,365089,634986,8292,1269972,276,431,29428,70621,862,141242,"10mill-boot"
17,8,"petite","second",3716,4195,362401,637637,8390,1275274,284,436,30141,70029,872,140058,"10mill-boot"
17,9,"petite","second",3800,4138,373745,626266,8276,1252532,311,421,32026,67985,842,135970,"10mill-boot"
17,10,"petite","second",3808,4125,375511,624571,8250,1249142,297,437,31118,68905,874,137810,"10mill-boot"
17,11,"petite","second",3723,4129,367284,632823,8258,1265646,308,424,32402,67673,848,135346,"10mill-boot"
17,12,"petite","second",3761,4183,364549,635549,8366,1271098,299,410,30665,69350,820,138700,"10mill-boot"
17,13,"petite","second",3838,4076,375536,624507,8152,1249014,277,419,29046,71289,838,142578,"10mill-boot"
17,14,"petite","second",3699,4176,366261,633811,8352,1267622,287,435,30055,69950,870,139900,"10mill-boot"
17,15,"petite","second",3661,4187,360609,639500,8374,1279000,282,431,30065,69971,862,139942,"10mill-boot"
17,16,"petite","second",3774,4131,373149,626877,8262,1253754,321,413,33211,66879,826,133758,"10mill-boot"
17,17,"petite","second",3804,4089,373135,626907,8178,1253814,286,448,29314,70751,896,141502,"10mill-boot"
17,18,"petite","second",3745,4135,371940,628123,8270,1256246,274,433,29790,70292,866,140584,"10mill-boot"
17,19,"petite","second",3659,4185,362683,637373,8370,1274746,296,422,31015,69112,844,138224,"10mill-boot"
17,20,"petite","second",3798,4096,375274,624833,8192,1249666,263,428,28513,71539,856,143078,"10mill-boot"
17,21,"petite","second",3780,4162,366381,633621,8324,1267242,293,402,31211,68905,804,137810,"10mill-boot"
17,22,"petite","second",3692,4216,360942,639140,8432,1278280,275,442,28736,71366,884,142732,"10mill-boot"
17,23,"petite","second",3859,4115,375515,624501,8230,1249002,286,443,28427,71620,886,143240,"10mill-boot"
17,24,"petite","second",3811,4062,379629,620493,8124,1240986,278,410,29509,70574,820,141148,"10mill-boot"
17,25,"petite","second",3744,4142,369719,630303,8284,1260606,290,432,31113,69120,864,138240,"10mill-boot"
17,26,"petite","second",3799,4101,374504,625513,8202,1251026,305,402,32769,67334,804,134668,"10mill-boot"
17,27,"petite","second",3706,4244,359237,640969,8488,1281938,285,438,29187,70916,876,141832,"10mill-boot"
17,28,"petite","second",3736,4150,364468,635539,8300,1271078,276,423,30217,69915,846,139830,"10mill-boot"
17,29,"petite","second",3750,4138,366687,633542,8276,1267084,300,404,33031,67022,808,134044,"10mill-boot"
17,30,"petite","second",3686,4211,363369,636657,8422,1273314,307,410,34617,65410,820,130820,"10mill-boot"
28,1,"petite","second",3786,4116,369696,630311,8232,1260622,271,430,28383,71620,860,143240,"10mill-boot"
28,2,"petite","second",3769,4157,366984,633146,8314,1266292,289,436,29820,70240,872,140480,"10mill-boot"
28,3,"petite","second",3676,4160,357833,642200,8320,1284400,261,443,26624,73511,886,147022,"10mill-boot"
28,4,"petite","second",3767,4214,363421,636737,8428,1273474,261,450,26069,74117,900,148234,"10mill-boot"
28,5,"petite","second",3691,4166,361821,638215,8332,1276430,313,412,32987,67047,824,134094,"10mill-boot"
28,6,"petite","second",3637,4218,354721,645332,8436,1290664,287,419,30751,69362,838,138724,"10mill-boot"
28,7,"petite","second",3624,4191,355375,644695,8382,1289390,290,424,29143,70862,848,141724,"10mill-boot"
28,8,"petite","second",3656,4181,355131,644938,8362,1289876,317,396,32843,67237,792,134474,"10mill-boot"
28,9,"petite","second",3777,4116,371211,628890,8232,1257780,290,436,28986,71095,872,142190,"10mill-boot"
28,10,"petite","second",3668,4159,359995,640149,8318,1280298,283,402,30773,69361,804,138722,"10mill-boot"
28,11,"petite","second",3717,4145,361653,638537,8290,1277074,265,410,28467,71536,820,143072,"10mill-boot"
28,12,"petite","second",3723,4148,363135,636955,8296,1273910,292,425,31507,68518,850,137036,"10mill-boot"
28,13,"petite","second",3731,4095,366082,634087,8190,1268174,269,437,28351,71657,874,143314,"10mill-boot"
28,14,"petite","second",3709,4126,362577,637441,8252,1274882,272,435,27923,72219,870,144438,"10mill-boot"
28,15,"petite","second",3669,4157,359305,640751,8314,1281502,265,442,28259,71806,884,143612,"10mill-boot"
28,16,"petite","second",3766,4089,369524,630639,8178,1261278,267,433,28673,71459,866,142918,"10mill-boot"
28,17,"petite","second",3767,4157,366314,633926,8314,1267852,279,430,29750,70266,860,140532,"10mill-boot"
28,18,"petite","second",3765,4128,366617,633550,8256,1267100,288,422,29835,70253,844,140506,"10mill-boot"
28,19,"petite","second",3618,4218,352921,647410,8436,1294820,285,422,29715,70348,844,140696,"10mill-boot"
28,20,"petite","second",3683,4143,361855,638235,8286,1276470,303,420,31936,68092,840,136184,"10mill-boot"
28,21,"petite","second",3859,4097,369549,630615,8194,1261230,294,416,31112,69157,832,138314,"10mill-boot"
28,22,"petite","second",3769,4158,366958,633083,8316,1266166,279,427,29717,70305,854,140610,"10mill-boot"
28,23,"petite","second",3696,4198,358669,641451,8396,1282902,261,440,27791,72350,880,144700,"10mill-boot"
28,24,"petite","second",3652,4178,353989,646068,8356,1292136,269,430,27756,72492,860,144984,"10mill-boot"
28,25,"petite","second",3735,4123,364182,635963,8246,1271926,289,397,31283,68817,794,137634,"10mill-boot"
28,26,"petite","second",3760,4175,363501,636504,8350,1273008,292,421,30382,69659,842,139318,"10mill-boot"
28,27,"petite","second",3752,4162,368191,631813,8324,1263626,299,421,31271,68779,842,137558,"10mill-boot"
28,28,"petite","second",3665,4192,358313,641858,8384,1283716,274,439,28519,71532,878,143064,"10mill-boot"
28,29,"petite","second",3705,4177,361849,638236,8354,1276472,285,427,31094,69087,854,138174,"10mill-boot"
28,30,"petite","second",3737,4185,360433,639616,8370,1279232,294,432,29140,70860,864,141720,"10mill-boot"
21,1,"petite","second",3856,4154,373638,626381,8308,1252762,299,445,29885,70254,890,140508,"10mill-boot"
21,2,"petite","second",3874,4145,373269,626811,8290,1253622,286,433,28404,71714,866,143428,"10mill-boot"
21,3,"petite","second",3853,4123,369470,630614,8246,1261228,273,439,28206,71921,878,143842,"10mill-boot"
21,4,"petite","second",3787,4189,362230,637806,8378,1275612,305,423,31296,68776,846,137552,"10mill-boot"
21,5,"petite","second",3850,4159,368331,631750,8318,1263500,305,423,31070,69033,846,138066,"10mill-boot"
21,6,"petite","second",3711,4249,356066,644111,8498,1288222,283,438,28925,71235,876,142470,"10mill-boot"
21,7,"petite","second",3772,4201,360959,639110,8402,1278220,281,438,28689,71357,876,142714,"10mill-boot"
21,8,"petite","second",3860,4148,372764,627362,8296,1254724,315,411,33330,66690,822,133380,"10mill-boot"
21,9,"petite","second",3858,4160,370313,629821,8320,1259642,292,442,29386,70691,884,141382,"10mill-boot"
21,10,"petite","second",3776,4162,365619,634522,8324,1269044,292,442,29079,70980,884,141960,"10mill-boot"
21,11,"petite","second",3832,4153,365623,634476,8306,1268952,260,447,27557,72745,894,145490,"10mill-boot"
21,12,"petite","second",3824,4160,366450,633592,8320,1267184,303,416,31595,68641,832,137282,"10mill-boot"
21,13,"petite","second",3818,4114,372074,627957,8228,1255914,288,422,30740,69343,844,138686,"10mill-boot"
21,14,"petite","second",3837,4151,367076,632931,8302,1265862,297,413,31061,68950,826,137900,"10mill-boot"
21,15,"petite","second",3726,4158,358985,641141,8316,1282282,308,421,30545,69519,842,139038,"10mill-boot"
21,16,"petite","second",3711,4179,363072,636931,8358,1273862,280,430,30862,69224,860,138448,"10mill-boot"
21,17,"petite","second",3802,4153,365040,635053,8306,1270106,306,427,31918,68501,854,137002,"10mill-boot"
21,18,"petite","second",3724,4230,356484,643613,8460,1287226,296,436,30860,69264,872,138528,"10mill-boot"
21,19,"petite","second",3771,4160,363512,636553,8320,1273106,293,428,30480,69576,856,139152,"10mill-boot"
21,20,"petite","second",3876,4094,372778,627369,8188,1254738,288,437,29408,70672,874,141344,"10mill-boot"
21,21,"petite","second",3740,4123,362324,637752,8246,1275504,298,404,30331,69704,808,139408,"10mill-boot"
21,22,"petite","second",3635,4204,358605,641688,8408,1283376,273,428,29143,70884,856,141768,"10mill-boot"
21,23,"petite","second",3807,4161,365863,634143,8322,1268286,286,415,30466,69634,830,139268,"10mill-boot"
21,24,"petite","second",3701,4254,358128,641975,8508,1283950,276,437,28402,71791,874,143582,"10mill-boot"
21,25,"petite","second",3752,4134,366145,633855,8268,1267710,286,423,31965,68257,846,136514,"10mill-boot"
21,26,"petite","second",3831,4148,369167,630876,8296,1261752,305,428,32152,67858,856,135716,"10mill-boot"
21,27,"petite","second",3758,4151,368112,631963,8302,1263926,290,422,30722,69349,844,138698,"10mill-boot"
21,28,"petite","second",3740,4201,360774,639236,8402,1278472,302,426,32121,68025,852,136050,"10mill-boot"
21,29,"petite","second",3852,4157,369457,630605,8314,1261210,287,436,30294,69795,872,139590,"10mill-boot"
21,30,"petite","second",3802,4216,362041,638058,8432,1276116,287,437,29685,70435,874,140870,"10mill-boot"
26,1,"petite","second",3776,4129,367839,632268,8258,1264536,257,441,27852,72188,882,144376,"10mill-boot"
26,2,"petite","second",3769,4072,366972,633138,8144,1266276,300,422,29764,70360,844,140720,"10mill-boot"
26,3,"petite","second",3883,4063,372753,627390,8126,1254780,283,409,29876,70231,818,140462,"10mill-boot"
26,4,"petite","second",3793,4074,368336,631704,8148,1263408,283,420,29213,70954,840,141908,"10mill-boot"
26,5,"petite","second",3780,4043,367615,632418,8086,1264836,291,408,30499,69673,816,139346,"10mill-boot"
26,6,"petite","second",3823,4071,370843,629281,8142,1258562,270,423,29583,70615,846,141230,"10mill-boot"
26,7,"petite","second",3739,4067,365401,634607,8134,1269214,280,412,29978,70110,824,140220,"10mill-boot"
26,8,"petite","second",3750,4139,365434,634658,8278,1269316,304,416,32705,67296,832,134592,"10mill-boot"
26,9,"petite","second",3743,4127,362877,637203,8254,1274406,277,431,28578,71467,862,142934,"10mill-boot"
26,10,"petite","second",3865,3976,378480,621618,7952,1243236,287,405,30950,69090,810,138180,"10mill-boot"
26,11,"petite","second",3883,4023,378712,621310,8046,1242620,312,405,32432,67756,810,135512,"10mill-boot"
26,12,"petite","second",3771,4098,368734,631320,8196,1262640,273,432,28906,71121,864,142242,"10mill-boot"
26,13,"petite","second",3821,4017,373394,626692,8034,1253384,271,422,29516,70567,844,141134,"10mill-boot"
26,14,"petite","second",3881,3973,379896,620111,7946,1240222,299,411,31068,68969,822,137938,"10mill-boot"
26,15,"petite","second",3802,4108,369955,630045,8216,1260090,277,415,29001,71229,830,142458,"10mill-boot"
26,16,"petite","second",3773,4006,369561,630493,8012,1260986,259,415,28002,72195,830,144390,"10mill-boot"
26,17,"petite","second",3717,4055,366218,633796,8110,1267592,269,432,28001,72011,864,144022,"10mill-boot"
26,18,"petite","second",3801,4056,376440,623570,8112,1247140,323,409,33106,67077,818,134154,"10mill-boot"
26,19,"petite","second",3834,4005,373580,626500,8010,1253000,299,416,30659,69483,832,138966,"10mill-boot"
26,20,"petite","second",3845,4058,375498,624622,8116,1249244,290,427,29765,70599,854,141198,"10mill-boot"
26,21,"petite","second",3729,4049,362843,637159,8098,1274318,255,442,26733,73348,884,146696,"10mill-boot"
26,22,"petite","second",3779,4033,370682,629427,8066,1258854,282,430,29070,71104,860,142208,"10mill-boot"
26,23,"petite","second",3815,4043,370879,629233,8086,1258466,303,411,30174,69869,822,139738,"10mill-boot"
26,24,"petite","second",3875,4031,376319,623742,8062,1247484,293,429,30489,69716,858,139432,"10mill-boot"
26,25,"petite","second",3799,4002,369413,630809,8004,1261618,270,423,29070,71029,846,142058,"10mill-boot"
26,26,"petite","second",3756,4082,367204,632845,8164,1265690,300,408,31843,68442,816,136884,"10mill-boot"
26,27,"petite","second",3879,3988,381345,618702,7976,1237404,304,415,32122,68038,830,136076,"10mill-boot"
26,28,"petite","second",3768,4087,365704,634418,8174,1268836,277,420,28270,71851,840,143702,"10mill-boot"
26,29,"petite","second",3801,4026,370519,629493,8052,1258986,314,407,32162,67917,814,135834,"10mill-boot"
26,30,"petite","second",3691,4058,366968,633148,8116,1266296,293,413,31434,68657,826,137314,"10mill-boot"
19,1,"petite","second",3790,4141,370060,629971,8282,1259942,288,430,30755,69269,860,138538,"10mill-boot"
19,2,"petite","second",3805,4151,369916,630089,8302,1260178,300,417,30738,69543,834,139086,"10mill-boot"
19,3,"petite","second",3808,4138,371228,628790,8276,1257580,282,416,30584,69555,832,139110,"10mill-boot"
19,4,"petite","second",3678,4192,361351,638690,8384,1277380,268,445,28457,71565,890,143130,"10mill-boot"
19,5,"petite","second",3750,4225,360911,639198,8450,1278396,278,418,29251,70952,836,141904,"10mill-boot"
19,6,"petite","second",3762,4196,367432,632626,8392,1265252,259,434,28057,72270,868,144540,"10mill-boot"
19,7,"petite","second",3855,4083,379515,620564,8166,1241128,324,409,34009,66192,818,132384,"10mill-boot"
19,8,"petite","second",3818,4165,370067,629938,8330,1259876,278,427,29275,70833,854,141666,"10mill-boot"
19,9,"petite","second",3783,4205,365219,634915,8410,1269830,280,428,29479,70665,856,141330,"10mill-boot"
19,10,"petite","second",3742,4191,363608,636426,8382,1272852,273,421,29379,70785,842,141570,"10mill-boot"
19,11,"petite","second",3734,4228,360087,639914,8456,1279828,296,433,30192,69987,866,139974,"10mill-boot"
19,12,"petite","second",3763,4202,367750,632437,8404,1264874,296,429,29599,70696,858,141392,"10mill-boot"
19,13,"petite","second",3744,4171,365670,634369,8342,1268738,274,438,28913,71214,876,142428,"10mill-boot"
19,14,"petite","second",3757,4242,366535,633504,8484,1267008,296,425,31502,68550,850,137100,"10mill-boot"
19,15,"petite","second",3797,4181,370948,629132,8362,1258264,296,415,32416,67771,830,135542,"10mill-boot"
19,16,"petite","second",3660,4236,359100,640996,8472,1281992,283,429,30884,69215,858,138430,"10mill-boot"
19,17,"petite","second",3761,4176,370164,629914,8352,1259828,301,433,31174,69068,866,138136,"10mill-boot"
19,18,"petite","second",3777,4184,367761,632317,8368,1264634,271,439,27277,72750,878,145500,"10mill-boot"
19,19,"petite","second",3764,4180,365280,634888,8360,1269776,286,432,29181,70824,864,141648,"10mill-boot"
19,20,"petite","second",3783,4221,370236,630015,8442,1260030,269,436,28395,71635,872,143270,"10mill-boot"
19,21,"petite","second",3903,4080,383170,616917,8160,1233834,308,422,32317,67723,844,135446,"10mill-boot"
19,22,"petite","second",3736,4181,368956,631078,8362,1262156,280,435,30384,69725,870,139450,"10mill-boot"
19,23,"petite","second",3811,4173,366508,633548,8346,1267096,279,438,29665,70339,876,140678,"10mill-boot"
19,24,"petite","second",3674,4289,355247,644778,8578,1289556,304,437,30850,69175,874,138350,"10mill-boot"
19,25,"petite","second",3760,4164,367318,632777,8328,1265554,277,445,28689,71327,890,142654,"10mill-boot"
19,26,"petite","second",3736,4226,361571,638496,8452,1276992,330,406,34720,65331,812,130662,"10mill-boot"
19,27,"petite","second",3744,4186,364038,636012,8372,1272024,283,419,29239,71017,838,142034,"10mill-boot"
19,28,"petite","second",3729,4186,362806,637218,8372,1274436,291,427,30908,69162,854,138324,"10mill-boot"
19,29,"petite","second",3759,4171,364321,635761,8342,1271522,278,434,29257,70751,868,141502,"10mill-boot"
19,30,"petite","second",3780,4174,370816,629308,8348,1258616,301,415,31552,68505,830,137010,"10mill-boot"
45,1,"petite","second",3724,4101,372208,627839,8202,1255678,298,417,31969,68064,834,136128,"10mill-boot"
45,2,"petite","second",3745,4120,366844,633227,8240,1266454,281,419,29798,70506,838,141012,"10mill-boot"
45,3,"petite","second",3773,4187,364261,635766,8374,1271532,299,440,30492,69728,880,139456,"10mill-boot"
45,4,"petite","second",3782,4147,369507,630547,8294,1261094,291,437,29899,70132,874,140264,"10mill-boot"
45,5,"petite","second",3829,4145,375309,625075,8290,1250150,295,413,31895,68234,826,136468,"10mill-boot"
45,6,"petite","second",3888,4066,381576,618567,8132,1237134,291,419,31147,68875,838,137750,"10mill-boot"
45,7,"petite","second",3720,4111,365267,634825,8222,1269650,289,422,29530,70614,844,141228,"10mill-boot"
45,8,"petite","second",3805,4037,377944,622095,8074,1244190,289,419,30991,69205,838,138410,"10mill-boot"
45,9,"petite","second",3809,4097,370000,630052,8194,1260104,273,426,27621,72406,852,144812,"10mill-boot"
45,10,"petite","second",3793,4101,370043,629991,8202,1259982,281,419,29766,70249,838,140498,"10mill-boot"
45,11,"petite","second",3805,4123,372055,628021,8246,1256042,270,422,28549,71474,844,142948,"10mill-boot"
45,12,"petite","second",3763,4110,370912,629249,8220,1258498,304,423,30762,69265,846,138530,"10mill-boot"
45,13,"petite","second",3743,4120,368589,631483,8240,1262966,281,433,30229,70009,866,140018,"10mill-boot"
45,14,"petite","second",3721,4170,366383,633694,8340,1267388,275,426,29475,70666,852,141332,"10mill-boot"
45,15,"petite","second",3691,4182,364050,636010,8364,1272020,275,435,31040,69170,870,138340,"10mill-boot"
45,16,"petite","second",3809,4108,374639,625391,8216,1250782,291,421,31131,68990,842,137980,"10mill-boot"
45,17,"petite","second",3861,4096,380771,619456,8192,1238912,306,412,32013,68036,824,136072,"10mill-boot"
45,18,"petite","second",3682,4204,357738,642377,8408,1284754,269,433,28058,72044,866,144088,"10mill-boot"
45,19,"petite","second",3843,4060,377639,622486,8120,1244972,303,420,31141,69054,840,138108,"10mill-boot"
45,20,"petite","second",3728,4124,369312,630863,8248,1261726,305,416,32331,67915,832,135830,"10mill-boot"
45,21,"petite","second",3751,4111,368115,631966,8222,1263932,288,410,30682,69476,820,138952,"10mill-boot"
45,22,"petite","second",3659,4166,357932,642158,8332,1284316,282,442,29151,70947,884,141894,"10mill-boot"
45,23,"petite","second",3785,4157,368986,631146,8314,1262292,286,428,29353,70751,856,141502,"10mill-boot"
45,24,"petite","second",3806,4095,374588,625417,8190,1250834,276,439,29793,70328,878,140656,"10mill-boot"
45,25,"petite","second",3817,4160,370752,629478,8320,1258956,268,442,28510,71490,884,142980,"10mill-boot"
45,26,"petite","second",3799,4103,376882,623179,8206,1246358,287,433,30313,69923,866,139846,"10mill-boot"
45,27,"petite","second",3781,4143,367823,632265,8286,1264530,286,433,29688,70356,866,140712,"10mill-boot"
45,28,"petite","second",3655,4158,355449,644592,8316,1289184,287,423,30661,69415,846,138830,"10mill-boot"
45,29,"petite","second",3799,4188,373389,626837,8376,1253674,314,429,32808,67533,858,135066,"10mill-boot"
45,30,"petite","second",3717,4170,362097,637917,8340,1275834,270,431,28397,71724,862,143448,"10mill-boot"
42,1,"petite","second",3710,4144,361776,638367,8288,1276734,258,449,27584,72527,898,145054,"10mill-boot"
42,2,"petite","second",3723,4147,365343,634697,8294,1269394,300,432,31502,68593,864,137186,"10mill-boot"
42,3,"petite","second",3638,4212,355459,644623,8424,1289246,292,437,30118,70123,874,140246,"10mill-boot"
42,4,"petite","second",3639,4170,357251,642757,8340,1285514,270,405,29737,70270,810,140540,"10mill-boot"
42,5,"petite","second",3775,4027,373531,626491,8054,1252982,289,410,30930,69409,820,138818,"10mill-boot"
42,6,"petite","second",3648,4186,358345,641662,8372,1283324,261,455,27065,72979,910,145958,"10mill-boot"
42,7,"petite","second",3706,4114,363841,636216,8228,1272432,267,429,28623,71504,858,143008,"10mill-boot"
42,8,"petite","second",3621,4156,355573,644472,8312,1288944,291,413,31080,69062,826,138124,"10mill-boot"
42,9,"petite","second",3651,4163,357527,642501,8326,1285002,257,438,28083,71965,876,143930,"10mill-boot"
42,10,"petite","second",3699,4147,362751,637264,8294,1274528,264,421,27979,72036,842,144072,"10mill-boot"
42,11,"petite","second",3684,4163,363000,637095,8326,1274190,277,421,29413,70601,842,141202,"10mill-boot"
42,12,"petite","second",3729,4174,365909,634220,8348,1268440,294,427,29475,70597,854,141194,"10mill-boot"
42,13,"petite","second",3707,4156,362448,637709,8312,1275418,301,420,31420,68652,840,137304,"10mill-boot"
42,14,"petite","second",3739,4157,364387,635653,8314,1271306,291,426,30756,69480,852,138960,"10mill-boot"
42,15,"petite","second",3625,4243,350788,649360,8486,1298720,281,427,29444,70825,854,141650,"10mill-boot"
42,16,"petite","second",3557,4225,347837,652197,8450,1304394,273,443,28949,71420,886,142840,"10mill-boot"
42,17,"petite","second",3607,4205,349164,650938,8410,1301876,276,430,29539,70708,860,141416,"10mill-boot"
42,18,"petite","second",3619,4198,357654,642453,8396,1284906,283,429,29027,71020,858,142040,"10mill-boot"
42,19,"petite","second",3563,4234,343940,656200,8468,1312400,251,445,25146,75053,890,150106,"10mill-boot"
42,20,"petite","second",3678,4166,359200,640922,8332,1281844,302,417,31239,68826,834,137652,"10mill-boot"
42,21,"petite","second",3576,4290,349046,651038,8580,1302076,289,434,30158,69931,868,139862,"10mill-boot"
42,22,"petite","second",3643,4210,354797,645311,8420,1290622,272,429,29181,70850,858,141700,"10mill-boot"
42,23,"petite","second",3749,4116,365466,634561,8232,1269122,281,410,30999,69249,820,138498,"10mill-boot"
42,24,"petite","second",3728,4131,367815,632343,8262,1264686,279,420,29599,70435,840,140870,"10mill-boot"
42,25,"petite","second",3652,4203,357270,642761,8406,1285522,271,446,27877,72425,892,144850,"10mill-boot"
42,26,"petite","second",3700,4185,364176,635834,8370,1271668,254,437,26436,73607,874,147214,"10mill-boot"
42,27,"petite","second",3632,4181,354801,645262,8362,1290524,269,423,28401,71599,846,143198,"10mill-boot"
42,28,"petite","second",3631,4162,358110,641981,8324,1283962,276,429,29314,70744,858,141488,"10mill-boot"
42,29,"petite","second",3625,4201,354594,645445,8402,1290890,268,438,27286,72858,876,145716,"10mill-boot"
42,30,"petite","second",3688,4172,360146,639976,8344,1279952,269,434,27870,72137,868,144274,"10mill-boot"
27,1,"petite","second",3729,4162,357669,642434,8324,1284868,292,431,29393,70614,862,141228,"10mill-boot"
27,2,"petite","second",3892,4057,370401,629665,8114,1259330,291,440,29804,70303,880,140606,"10mill-boot"
27,3,"petite","second",3941,4034,380191,619821,8068,1239642,306,406,30863,69146,812,138292,"10mill-boot"
27,4,"petite","second",3820,4086,369894,630206,8172,1260412,300,417,31018,69010,834,138020,"10mill-boot"
27,5,"petite","second",3798,4113,369002,631041,8226,1262082,278,426,28690,71317,852,142634,"10mill-boot"
27,6,"petite","second",3803,4162,366130,633946,8324,1267892,301,435,30675,69590,870,139180,"10mill-boot"
27,7,"petite","second",3766,4074,362279,637731,8148,1275462,264,437,27144,72861,874,145722,"10mill-boot"
27,8,"petite","second",3839,4102,369769,630367,8204,1260734,284,429,29281,70781,858,141562,"10mill-boot"
27,9,"petite","second",3847,4111,369851,630151,8222,1260302,291,410,30791,69273,820,138546,"10mill-boot"
27,10,"petite","second",3742,4109,365142,634898,8218,1269796,282,424,29337,70724,848,141448,"10mill-boot"
27,11,"petite","second",3802,4054,367535,632540,8108,1265080,289,408,30290,69940,816,139880,"10mill-boot"
27,12,"petite","second",3714,4179,359377,640666,8358,1281332,303,408,32400,67803,816,135606,"10mill-boot"
27,13,"petite","second",3953,4035,383680,616383,8070,1232766,284,435,28828,71388,870,142776,"10mill-boot"
27,14,"petite","second",3852,4065,371983,628052,8130,1256104,278,438,29200,70966,876,141932,"10mill-boot"
27,15,"petite","second",3929,4025,377354,622717,8050,1245434,310,404,32960,67117,808,134234,"10mill-boot"
27,16,"petite","second",3911,4044,378473,621601,8088,1243202,291,416,30125,69965,832,139930,"10mill-boot"
27,17,"petite","second",3778,4125,363166,636842,8250,1273684,293,421,29884,70270,842,140540,"10mill-boot"
27,18,"petite","second",3773,4114,363600,636410,8228,1272820,286,434,29682,70487,868,140974,"10mill-boot"
27,19,"petite","second",3838,4069,368591,631483,8138,1262966,298,418,30152,69901,836,139802,"10mill-boot"
27,20,"petite","second",3719,4153,356493,643595,8306,1287190,284,421,29972,70104,842,140208,"10mill-boot"
27,21,"petite","second",3788,4141,365957,634168,8282,1268336,297,406,32239,67764,812,135528,"10mill-boot"
27,22,"petite","second",3752,4101,364547,635537,8202,1271074,264,431,27811,72262,862,144524,"10mill-boot"
27,23,"petite","second",3784,4098,364294,635710,8196,1271420,285,428,30333,69691,856,139382,"10mill-boot"
27,24,"petite","second",3824,4102,367919,632202,8204,1264404,273,430,28898,71152,860,142304,"10mill-boot"
27,25,"petite","second",3827,4050,370938,629128,8100,1258256,305,399,31340,68661,798,137322,"10mill-boot"
27,26,"petite","second",3812,4077,366503,633524,8154,1267048,286,412,29274,70857,824,141714,"10mill-boot"
27,27,"petite","second",3769,4087,368720,631356,8174,1262712,295,413,30891,69146,826,138292,"10mill-boot"
27,28,"petite","second",3908,4079,378651,621424,8158,1242848,273,444,27472,72740,888,145480,"10mill-boot"
27,29,"petite","second",3842,4107,368051,632043,8214,1264086,273,430,28600,71406,860,142812,"10mill-boot"
27,30,"petite","second",3780,4125,367542,632616,8250,1265232,281,426,31511,68689,852,137378,"10mill-boot"
18,1,"petite","second",3742,4122,366373,633771,8244,1267542,299,425,31141,68900,850,137800,"10mill-boot"
18,2,"petite","second",3844,4058,381814,618305,8116,1236610,313,398,33850,66191,796,132382,"10mill-boot"
18,3,"petite","second",3811,4121,372487,627523,8242,1255046,298,433,31704,68481,866,136962,"10mill-boot"
18,4,"petite","second",3670,4145,361849,638270,8290,1276540,260,436,28110,71903,872,143806,"10mill-boot"
18,5,"petite","second",3786,4146,371619,628396,8292,1256792,308,413,32039,67969,826,135938,"10mill-boot"
18,6,"petite","second",3701,4151,366492,633516,8302,1267032,283,428,29742,70290,856,140580,"10mill-boot"
18,7,"petite","second",3829,4047,378798,621205,8094,1242410,298,417,30611,69466,834,138932,"10mill-boot"
18,8,"petite","second",3798,4121,374706,625313,8242,1250626,297,427,31535,68534,854,137068,"10mill-boot"
18,9,"petite","second",3724,4186,364704,635357,8372,1270714,281,439,30150,69996,878,139992,"10mill-boot"
18,10,"petite","second",3691,4162,363479,636543,8324,1273086,256,445,26282,73781,890,147562,"10mill-boot"
18,11,"petite","second",3736,4143,368314,631708,8286,1263416,273,423,29154,71037,846,142074,"10mill-boot"
18,12,"petite","second",3684,4188,356436,643604,8376,1287208,271,424,28848,71345,848,142690,"10mill-boot"
18,13,"petite","second",3693,4192,362164,637862,8384,1275724,278,417,30044,70145,834,140290,"10mill-boot"
18,14,"petite","second",3725,4169,365171,634837,8338,1269674,293,421,31029,69079,842,138158,"10mill-boot"
18,15,"petite","second",3637,4179,362349,637764,8358,1275528,295,431,30853,69431,862,138862,"10mill-boot"
18,16,"petite","second",3685,4203,362746,637354,8406,1274708,293,424,30815,69281,848,138562,"10mill-boot"
18,17,"petite","second",3702,4160,366196,633835,8320,1267670,267,440,29246,70794,880,141588,"10mill-boot"
18,18,"petite","second",3699,4175,363412,636679,8350,1273358,291,420,30604,69423,840,138846,"10mill-boot"
18,19,"petite","second",3740,4121,372138,627934,8242,1255868,280,435,29019,71208,870,142416,"10mill-boot"
18,20,"petite","second",3635,4231,355161,645067,8462,1290134,266,454,27766,72285,908,144570,"10mill-boot"
18,21,"petite","second",3752,4132,366147,634065,8264,1268130,281,434,29432,70773,868,141546,"10mill-boot"
18,22,"petite","second",3711,4140,367898,632160,8280,1264320,261,419,29163,70913,838,141826,"10mill-boot"
18,23,"petite","second",3653,4219,359225,640809,8438,1281618,301,428,31547,68586,856,137172,"10mill-boot"
18,24,"petite","second",3644,4243,355578,644444,8486,1288888,274,432,28624,71432,864,142864,"10mill-boot"
18,25,"petite","second",3684,4133,363898,636200,8266,1272400,291,406,30528,69503,812,139006,"10mill-boot"
18,26,"petite","second",3648,4173,360647,639445,8346,1278890,272,423,29667,70800,846,141600,"10mill-boot"
18,27,"petite","second",3792,4116,376027,624085,8232,1248170,281,421,29034,71077,842,142154,"10mill-boot"
18,28,"petite","second",3704,4152,365692,634434,8304,1268868,291,436,31029,69356,872,138712,"10mill-boot"
18,29,"petite","second",3728,4169,365329,634723,8338,1269446,279,434,29657,70634,868,141268,"10mill-boot"
18,30,"petite","second",3735,4125,367243,632805,8250,1265610,274,432,29009,71063,864,142126,"10mill-boot"
20,1,"petite","second",3723,4138,366578,633458,8276,1266916,259,447,26562,73633,894,147266,"10mill-boot"
20,2,"petite","second",3736,4130,367600,632498,8260,1264996,290,409,30472,69578,818,139156,"10mill-boot"
20,3,"petite","second",3742,4147,369676,630575,8294,1261150,273,450,27976,72122,900,144244,"10mill-boot"
20,4,"petite","second",3690,4221,361679,638349,8442,1276698,295,414,31934,68184,828,136368,"10mill-boot"
20,5,"petite","second",3750,4109,365724,634460,8218,1268920,280,435,29992,70089,870,140178,"10mill-boot"
20,6,"petite","second",3741,4120,370300,629751,8240,1259502,280,431,29816,70234,862,140468,"10mill-boot"
20,7,"petite","second",3650,4194,358409,641777,8388,1283554,285,438,29793,70250,876,140500,"10mill-boot"
20,8,"petite","second",3714,4120,369902,630264,8240,1260528,276,455,27548,72485,910,144970,"10mill-boot"
20,9,"petite","second",3721,4096,368553,631498,8192,1262996,253,446,26426,73709,892,147418,"10mill-boot"
20,10,"petite","second",3688,4171,357405,642601,8342,1285202,292,411,30642,69437,822,138874,"10mill-boot"
20,11,"petite","second",3687,4140,368037,632021,8280,1264042,310,413,33758,66274,826,132548,"10mill-boot"
20,12,"petite","second",3617,4193,354172,645930,8386,1291860,281,431,30035,69971,862,139942,"10mill-boot"
20,13,"petite","second",3606,4196,356796,643310,8392,1286620,247,431,26006,74098,862,148196,"10mill-boot"
20,14,"petite","second",3731,4147,369300,630791,8294,1261582,282,426,30377,69652,852,139304,"10mill-boot"
20,15,"petite","second",3650,4206,358221,641832,8412,1283664,269,439,29171,70939,878,141878,"10mill-boot"
20,16,"petite","second",3632,4164,360972,639077,8328,1278154,315,415,32533,67602,830,135204,"10mill-boot"
20,17,"petite","second",3684,4204,360712,639308,8408,1278616,295,446,29697,70464,892,140928,"10mill-boot"
20,18,"petite","second",3699,4138,364760,635343,8276,1270686,307,436,31792,68436,872,136872,"10mill-boot"
20,19,"petite","second",3662,4173,363015,637068,8346,1274136,301,415,31991,68012,830,136024,"10mill-boot"
20,20,"petite","second",3684,4183,362194,637830,8366,1275660,292,407,32287,67895,814,135790,"10mill-boot"
20,21,"petite","second",3684,4164,361324,638772,8328,1277544,284,442,29242,70862,884,141724,"10mill-boot"
20,22,"petite","second",3718,4144,361285,638802,8288,1277604,259,441,28442,71619,882,143238,"10mill-boot"
20,23,"petite","second",3617,4221,357695,642356,8442,1284712,264,431,29022,71171,862,142342,"10mill-boot"
20,24,"petite","second",3664,4161,358498,641579,8322,1283158,279,433,29341,70732,866,141464,"10mill-boot"
20,25,"petite","second",3658,4184,362210,637939,8368,1275878,260,429,29380,70685,858,141370,"10mill-boot"
20,26,"petite","second",3767,4076,369452,630611,8152,1261222,306,415,32477,67764,830,135528,"10mill-boot"
20,27,"petite","second",3704,4177,366478,633522,8354,1267044,289,417,30460,69573,834,139146,"10mill-boot"
20,28,"petite","second",3623,4232,348251,651889,8464,1303778,294,434,30352,70176,868,140352,"10mill-boot"
20,29,"petite","second",3756,4156,364750,635272,8312,1270544,293,422,30752,69296,844,138592,"10mill-boot"
20,30,"petite","second",3650,4202,357659,642472,8404,1284944,270,436,28694,71583,872,143166,"10mill-boot"
16,1,"petite","second",3758,4098,368969,631173,8196,1262346,281,423,30612,69558,846,139116,"10mill-boot"
16,2,"petite","second",3878,4044,379726,620372,8088,1240744,314,406,32812,67293,812,134586,"10mill-boot"
16,3,"petite","second",3769,4115,370936,629196,8230,1258392,321,404,33704,66405,808,132810,"10mill-boot"
16,4,"petite","second",3783,4066,370037,630198,8132,1260396,269,426,29436,70622,852,141244,"10mill-boot"
16,5,"petite","second",3706,4141,360638,639369,8282,1278738,261,435,27401,72740,870,145480,"10mill-boot"
16,6,"petite","second",3742,4135,366677,633400,8270,1266800,290,431,29045,71029,862,142058,"10mill-boot"
16,7,"petite","second",3780,4173,366354,633802,8346,1267604,279,436,28836,71202,872,142404,"10mill-boot"
16,8,"petite","second",3723,4102,369556,630567,8204,1261134,267,448,28713,71306,896,142612,"10mill-boot"
16,9,"petite","second",3669,4164,364277,635874,8328,1271748,283,433,31191,68831,866,137662,"10mill-boot"
16,10,"petite","second",3683,4168,360093,640051,8336,1280102,276,414,29676,70412,828,140824,"10mill-boot"
16,11,"petite","second",3807,4089,372834,627234,8178,1254468,266,448,28111,71994,896,143988,"10mill-boot"
16,12,"petite","second",3765,4097,370670,629393,8194,1258786,289,424,30880,69152,848,138304,"10mill-boot"
16,13,"petite","second",3572,4192,353331,646699,8384,1293398,269,420,28188,71933,840,143866,"10mill-boot"
16,14,"petite","second",3659,4181,357991,642025,8362,1284050,265,432,27824,72339,864,144678,"10mill-boot"
16,15,"petite","second",3752,4131,373098,626936,8262,1253872,305,416,32644,67368,832,134736,"10mill-boot"
16,16,"petite","second",3708,4125,364728,635391,8250,1270782,297,427,31338,68725,854,137450,"10mill-boot"
16,17,"petite","second",3730,4168,366448,633587,8336,1267174,281,430,30000,70045,860,140090,"10mill-boot"
16,18,"petite","second",3671,4098,367871,632151,8196,1264302,286,422,31499,68506,844,137012,"10mill-boot"
16,19,"petite","second",3809,4085,377254,622910,8170,1245820,284,437,31018,69206,874,138412,"10mill-boot"
16,20,"petite","second",3665,4163,361610,638471,8326,1276942,283,435,30271,69969,870,139938,"10mill-boot"
16,21,"petite","second",3767,4109,367793,632270,8218,1264540,262,434,28843,71245,868,142490,"10mill-boot"
16,22,"petite","second",3746,4202,365752,634394,8404,1268788,311,424,31438,68710,848,137420,"10mill-boot"
16,23,"petite","second",3731,4095,374562,625624,8190,1251248,271,425,29103,70908,850,141816,"10mill-boot"
16,24,"petite","second",3699,4130,366252,633789,8260,1267578,271,438,28394,71633,876,143266,"10mill-boot"
16,25,"petite","second",3695,4119,365197,634870,8238,1269740,273,422,29222,71063,844,142126,"10mill-boot"
16,26,"petite","second",3657,4218,357243,642789,8436,1285578,277,418,29979,70200,836,140400,"10mill-boot"
16,27,"petite","second",3666,4151,359721,640330,8302,1280660,251,435,26697,73305,870,146610,"10mill-boot"
16,28,"petite","second",3803,4121,370392,629789,8242,1259578,283,443,30322,69902,886,139804,"10mill-boot"
16,29,"petite","second",3769,4109,370367,629754,8218,1259508,266,431,28216,71889,862,143778,"10mill-boot"
16,30,"petite","second",3666,4163,360193,639812,8326,1279624,273,435,29309,70836,870,141672,"10mill-boot"
29,1,"petite","second",3780,4155,366574,633499,8310,1266998,316,395,34184,65934,790,131868,"10mill-boot"
29,2,"petite","second",3813,4117,371096,628996,8234,1257992,274,433,29889,70241,866,140482,"10mill-boot"
29,3,"petite","second",3720,4174,365697,634335,8348,1268670,280,449,29364,70724,898,141448,"10mill-boot"
29,4,"petite","second",3815,4171,370117,629883,8342,1259766,305,429,29691,70569,858,141138,"10mill-boot"
29,5,"petite","second",3675,4193,358056,641954,8386,1283908,269,437,28175,71848,874,143696,"10mill-boot"
29,6,"petite","second",3792,4106,371018,629060,8212,1258120,278,426,29451,70875,852,141750,"10mill-boot"
29,7,"petite","second",3822,4098,372144,628018,8196,1256036,294,419,30468,69704,838,139408,"10mill-boot"
29,8,"petite","second",3718,4144,364096,635969,8288,1271938,267,439,29659,70440,878,140880,"10mill-boot"
29,9,"petite","second",3761,4098,366593,633482,8196,1266964,292,409,31558,68496,818,136992,"10mill-boot"
29,10,"petite","second",3721,4202,362338,637676,8404,1275352,262,445,28014,72073,890,144146,"10mill-boot"
29,11,"petite","second",3830,4126,371506,628503,8252,1257006,290,413,31553,68570,826,137140,"10mill-boot"
29,12,"petite","second",3741,4156,366720,633354,8312,1266708,285,421,30017,70057,842,140114,"10mill-boot"
29,13,"petite","second",3751,4139,366645,633368,8278,1266736,251,436,26467,73539,872,147078,"10mill-boot"
29,14,"petite","second",3719,4118,363704,636320,8236,1272640,271,417,29214,70878,834,141756,"10mill-boot"
29,15,"petite","second",3786,4103,370315,629755,8206,1259510,295,421,30337,69690,842,139380,"10mill-boot"
29,16,"petite","second",3759,4138,369878,630161,8276,1260322,321,412,33524,66751,824,133502,"10mill-boot"
29,17,"petite","second",3805,4097,370057,629954,8194,1259908,292,416,29897,70168,832,140336,"10mill-boot"
29,18,"petite","second",3811,4102,374832,625318,8204,1250636,274,434,29178,70985,868,141970,"10mill-boot"
29,19,"petite","second",3794,4111,369013,631119,8222,1262238,286,438,30191,70018,876,140036,"10mill-boot"
29,20,"petite","second",3820,4106,370547,629487,8212,1258974,299,430,31585,68568,860,137136,"10mill-boot"
29,21,"petite","second",3848,4068,374918,625096,8136,1250192,298,390,32179,67900,780,135800,"10mill-boot"
29,22,"petite","second",3786,4181,367405,632606,8362,1265212,281,429,28974,71048,858,142096,"10mill-boot"
29,23,"petite","second",3823,4133,373747,626283,8266,1252566,293,406,31215,68819,812,137638,"10mill-boot"
29,24,"petite","second",3798,4130,370021,630050,8260,1260100,289,444,30756,69333,888,138666,"10mill-boot"
29,25,"petite","second",3737,4169,365365,634715,8338,1269430,257,437,28427,71840,874,143680,"10mill-boot"
29,26,"petite","second",3741,4164,364366,635640,8328,1271280,257,430,27610,72552,860,145104,"10mill-boot"
29,27,"petite","second",3815,4142,374557,625528,8284,1251056,279,426,29716,70413,852,140826,"10mill-boot"
29,28,"petite","second",3734,4093,361753,638407,8186,1276814,263,427,27634,72382,854,144764,"10mill-boot"
29,29,"petite","second",3796,4082,373030,627025,8164,1254050,326,401,35314,64732,802,129464,"10mill-boot"
29,30,"petite","second",3797,4116,367869,632168,8232,1264336,274,415,28597,71422,830,142844,"10mill-boot"
11,1,"petite","second",3770,4108,366815,633229,8216,1266458,272,413,29284,70756,826,141512,"10mill-boot"
11,2,"petite","second",3742,4099,363134,636896,8198,1273792,291,423,28294,71853,846,143706,"10mill-boot"
11,3,"petite","second",3717,4128,362590,637464,8256,1274928,282,425,28989,71131,850,142262,"10mill-boot"
11,4,"petite","second",3753,4152,362586,637528,8304,1275056,268,447,28208,71910,894,143820,"10mill-boot"
11,5,"petite","second",3760,4146,363107,636913,8292,1273826,309,411,31542,68704,822,137408,"10mill-boot"
11,6,"petite","second",3710,4116,359790,640287,8232,1280574,294,418,30179,69837,836,139674,"10mill-boot"
11,7,"petite","second",3778,4094,367120,633060,8188,1266120,292,415,30213,69803,830,139606,"10mill-boot"
11,8,"petite","second",3857,4061,376583,623418,8122,1246836,299,423,29741,70383,846,140766,"10mill-boot"
11,9,"petite","second",3827,4077,371621,628562,8154,1257124,265,442,27985,72159,884,144318,"10mill-boot"
11,10,"petite","second",3789,4133,364511,635579,8266,1271158,280,422,28455,71632,844,143264,"10mill-boot"
11,11,"petite","second",3844,4080,371343,628705,8160,1257410,278,419,29398,70658,838,141316,"10mill-boot"
11,12,"petite","second",3861,4073,378166,621891,8146,1243782,314,403,33245,66845,806,133690,"10mill-boot"
11,13,"petite","second",3847,4072,375376,624737,8144,1249474,291,431,29940,70106,862,140212,"10mill-boot"
11,14,"petite","second",3781,4142,369797,630396,8284,1260792,307,400,32627,67512,800,135024,"10mill-boot"
11,15,"petite","second",3721,4159,363524,636520,8318,1273040,293,400,32008,68142,800,136284,"10mill-boot"
11,16,"petite","second",3746,4104,365654,634371,8208,1268742,295,412,30176,69892,824,139784,"10mill-boot"
11,17,"petite","second",3735,4137,362444,637639,8274,1275278,295,421,31203,68853,842,137706,"10mill-boot"
11,18,"petite","second",3823,4129,372633,627404,8258,1254808,318,404,33599,66523,808,133046,"10mill-boot"
11,19,"petite","second",3817,4138,370355,629670,8276,1259340,300,402,31233,68810,804,137620,"10mill-boot"
11,20,"petite","second",3717,4127,362021,638145,8254,1276290,290,409,31281,68963,818,137926,"10mill-boot"
11,21,"petite","second",3870,4068,377325,622705,8136,1245410,320,407,33161,66977,814,133954,"10mill-boot"
11,22,"petite","second",3756,4120,369125,630899,8240,1261798,317,425,33118,66889,850,133778,"10mill-boot"
11,23,"petite","second",3780,4144,363332,636717,8288,1273434,299,420,31631,68425,840,136850,"10mill-boot"
11,24,"petite","second",3816,4056,372096,627937,8112,1255874,314,408,32266,67738,816,135476,"10mill-boot"
11,25,"petite","second",3730,4117,364602,635586,8234,1271172,284,412,30315,69812,824,139624,"10mill-boot"
11,26,"petite","second",3894,4073,377542,622598,8146,1245196,286,423,29948,70075,846,140150,"10mill-boot"
11,27,"petite","second",3807,4096,371157,628981,8192,1257962,292,423,30805,69247,846,138494,"10mill-boot"
11,28,"petite","second",3819,4086,369004,631104,8172,1262208,282,428,27714,72353,856,144706,"10mill-boot"
11,29,"petite","second",3708,4140,359984,640183,8280,1280366,288,412,29850,70324,824,140648,"10mill-boot"
11,30,"petite","second",3866,4059,377888,622226,8118,1244452,297,421,30396,69617,842,139234,"10mill-boot"
37,1,"petite","second",37160,41897,3621620,6378453,83794,12756906,2865,4300,297746,702320,8600,1404640,"100mill-boot"
37,2,"petite","second",36669,42057,3579870,6420349,84114,12840698,2818,4319,295971,704134,8638,1408268,"100mill-boot"
37,3,"petite","second",36934,41864,3621126,6378942,83728,12757884,2729,4361,286689,713498,8722,1426996,"100mill-boot"
37,4,"petite","second",36759,42039,3591252,6408786,84078,12817572,2766,4330,290286,709918,8660,1419836,"100mill-boot"
37,5,"petite","second",37535,41864,3652787,6347269,83728,12694538,2849,4334,300076,700369,8668,1400738,"100mill-boot"
37,6,"petite","second",36911,42074,3597618,6402463,84148,12804926,2864,4239,303400,697012,8478,1394024,"100mill-boot"
37,7,"petite","second",36909,42101,3596919,6403215,84202,12806430,2824,4289,297645,702492,8578,1404984,"100mill-boot"
37,8,"petite","second",37499,41913,3650636,6349422,83826,12698844,2925,4286,306471,693638,8572,1387276,"100mill-boot"
37,9,"petite","second",37195,41918,3609551,6390559,83836,12781118,2800,4325,291433,708839,8650,1417678,"100mill-boot"
37,10,"petite","second",37009,41857,3614288,6385724,83714,12771448,2863,4302,300784,699634,8604,1399268,"100mill-boot"
37,11,"petite","second",37088,41969,3611443,6388562,83938,12777124,2801,4410,288605,711713,8820,1423426,"100mill-boot"
37,12,"petite","second",37110,42009,3614175,6385869,84018,12771738,2837,4344,295526,704778,8688,1409556,"100mill-boot"
37,13,"petite","second",36788,42002,3588993,6411086,84004,12822172,2764,4294,293235,707217,8588,1414434,"100mill-boot"
37,14,"petite","second",36884,42160,3588856,6411206,84320,12822412,2750,4350,292024,708301,8700,1416602,"100mill-boot"
37,15,"petite","second",36994,41959,3611108,6388991,83918,12777982,2765,4336,291367,708635,8672,1417270,"100mill-boot"
37,16,"petite","second",37289,41758,3634496,6365616,83516,12731232,2878,4273,300112,700014,8546,1400028,"100mill-boot"
37,17,"petite","second",37219,41915,3631192,6368851,83830,12737702,2847,4296,297419,702671,8592,1405342,"100mill-boot"
37,18,"petite","second",37259,41889,3624369,6375651,83778,12751302,2795,4321,291397,708652,8642,1417304,"100mill-boot"
37,19,"petite","second",37199,41722,3634023,6366041,83444,12732082,2850,4294,297139,702878,8588,1405756,"100mill-boot"
37,20,"petite","second",36987,41973,3599065,6400991,83946,12801982,2784,4324,288201,712413,8648,1424826,"100mill-boot"
37,21,"petite","second",36747,41968,3588714,6411374,83936,12822748,2850,4284,300131,699895,8568,1399790,"100mill-boot"
37,22,"petite","second",37067,41846,3620046,6380066,83692,12760132,2750,4291,287517,712691,8582,1425382,"100mill-boot"
37,23,"petite","second",37291,41753,3627807,6372376,83506,12744752,2781,4284,291964,708450,8568,1416900,"100mill-boot"
37,24,"petite","second",36813,41979,3587216,6412865,83958,12825730,2719,4378,282412,718497,8756,1436994,"100mill-boot"
37,25,"petite","second",36937,41975,3589731,6410318,83950,12820636,2832,4296,295010,705210,8592,1410420,"100mill-boot"
37,26,"petite","second",36917,42015,3613499,6386638,84030,12773276,2731,4329,286653,713739,8658,1427478,"100mill-boot"
37,27,"petite","second",36741,42084,3578927,6421075,84168,12842150,2814,4384,292439,707931,8768,1415862,"100mill-boot"
37,28,"petite","second",36980,41935,3605586,6394454,83870,12788908,2855,4315,299943,700522,8630,1401044,"100mill-boot"
37,29,"petite","second",37166,41841,3629784,6370261,83682,12740522,2849,4252,299099,701448,8504,1402896,"100mill-boot"
37,30,"petite","second",36969,42064,3610593,6389519,84128,12779038,2830,4317,297168,703252,8634,1406504,"100mill-boot"
30,1,"petite","second",38038,41174,3684484,6315648,82348,12631296,2775,4295,288493,711911,8590,1423822,"100mill-boot"
30,2,"petite","second",37664,40942,3675957,6324055,81884,12648110,2898,4146,304676,695995,8292,1391990,"100mill-boot"
30,3,"petite","second",37753,41484,3651070,6348953,82968,12697906,2847,4287,292990,707329,8574,1414658,"100mill-boot"
30,4,"petite","second",37693,41160,3662714,6337332,82320,12674664,2889,4209,303821,696278,8418,1392556,"100mill-boot"
30,5,"petite","second",37674,41290,3650881,6349172,82580,12698344,2816,4295,290302,709764,8590,1419528,"100mill-boot"
30,6,"petite","second",37744,41379,3654230,6345850,82758,12691700,2768,4347,287546,712489,8694,1424978,"100mill-boot"
30,7,"petite","second",37927,41287,3671481,6328540,82574,12657080,2887,4238,300644,699927,8476,1399854,"100mill-boot"
30,8,"petite","second",37613,41297,3650589,6349573,82594,12699146,2814,4220,296748,703388,8440,1406776,"100mill-boot"
30,9,"petite","second",38140,41128,3689293,6310905,82256,12621810,2763,4231,290192,710019,8462,1420038,"100mill-boot"
30,10,"petite","second",37856,41149,3682229,6317819,82298,12635638,2768,4298,292270,708004,8596,1416008,"100mill-boot"
30,11,"petite","second",38461,40815,3712867,6287201,81630,12574402,2915,4211,302572,697488,8422,1394976,"100mill-boot"
30,12,"petite","second",37960,41139,3670162,6329954,82278,12659908,2805,4276,289249,710759,8552,1421518,"100mill-boot"
30,13,"petite","second",37941,41261,3662606,6337616,82522,12675232,2852,4272,295982,704511,8544,1409022,"100mill-boot"
30,14,"petite","second",38113,41140,3694428,6305620,82280,12611240,2861,4224,297351,702671,8448,1405342,"100mill-boot"
30,15,"petite","second",37697,41271,3654511,6345511,82542,12691022,2800,4204,294085,706246,8408,1412492,"100mill-boot"
30,16,"petite","second",37614,41313,3655208,6344827,82626,12689654,2807,4309,293003,707082,8618,1414164,"100mill-boot"
30,17,"petite","second",38085,41000,3679355,6320772,82000,12641544,2747,4290,287354,713170,8580,1426340,"100mill-boot"
30,18,"petite","second",37911,41161,3679260,6320861,82322,12641722,2831,4277,297894,702595,8554,1405190,"100mill-boot"
30,19,"petite","second",37763,41272,3655147,6345026,82544,12690052,2839,4195,297351,702706,8390,1405412,"100mill-boot"
30,20,"petite","second",38205,41165,3699229,6300814,82330,12601628,2943,4221,304568,695745,8442,1391490,"100mill-boot"
30,21,"petite","second",38132,41018,3695867,6304168,82036,12608336,2823,4250,292673,707808,8500,1415616,"100mill-boot"
30,22,"petite","second",37926,41387,3662343,6337704,82774,12675408,2846,4245,296954,703194,8490,1406388,"100mill-boot"
30,23,"petite","second",38232,41036,3702983,6297049,82072,12594098,2808,4261,290279,710257,8522,1420514,"100mill-boot"
30,24,"petite","second",37878,41285,3647095,6352951,82570,12705902,2757,4275,289360,710847,8550,1421694,"100mill-boot"
30,25,"petite","second",37926,41183,3670098,6329926,82366,12659852,2868,4207,301564,698507,8414,1397014,"100mill-boot"
30,26,"petite","second",38097,41284,3677829,6322194,82568,12644388,2882,4287,300263,699797,8574,1399594,"100mill-boot"
30,27,"petite","second",38013,41038,3682071,6317940,82076,12635880,2758,4253,291316,709128,8506,1418256,"100mill-boot"
30,28,"petite","second",37754,41202,3658646,6341390,82404,12682780,2897,4227,300368,699812,8454,1399624,"100mill-boot"
30,29,"petite","second",37751,41177,3665076,6335003,82354,12670006,2810,4272,297162,703110,8544,1406220,"100mill-boot"
30,30,"petite","second",37733,41310,3654516,6345536,82620,12691072,2809,4281,292655,708026,8562,1416052,"100mill-boot"
39,1,"petite","second",37025,42192,3596548,6403521,84384,12807042,2776,4374,290150,709888,8748,1419776,"100mill-boot"
39,2,"petite","second",36818,42027,3592738,6407305,84054,12814610,2802,4285,295865,704776,8570,1409552,"100mill-boot"
39,3,"petite","second",36807,42091,3586035,6414021,84182,12828042,2745,4338,285478,714607,8676,1429214,"100mill-boot"
39,4,"petite","second",37244,41943,3629843,6370213,83886,12740426,2791,4356,292908,707148,8712,1414296,"100mill-boot"
39,5,"petite","second",37425,41946,3625520,6374577,83892,12749154,2791,4337,294950,705271,8674,1410542,"100mill-boot"
39,6,"petite","second",37093,42149,3609438,6390620,84298,12781240,2771,4348,288430,711814,8696,1423628,"100mill-boot"
39,7,"petite","second",36916,42280,3594729,6405284,84560,12810568,2886,4263,305953,694110,8526,1388220,"100mill-boot"
39,8,"petite","second",37104,42098,3596828,6403237,84196,12806474,2729,4368,283787,716709,8736,1433418,"100mill-boot"
39,9,"petite","second",36862,41915,3597006,6403042,83830,12806084,2821,4271,294549,706125,8542,1412250,"100mill-boot"
39,10,"petite","second",37226,41774,3625806,6374200,83548,12748400,2841,4269,301854,698178,8538,1396356,"100mill-boot"
39,11,"petite","second",37277,41978,3623319,6376743,83956,12753486,2805,4327,288740,711722,8654,1423444,"100mill-boot"
39,12,"petite","second",37110,41905,3609393,6390680,83810,12781360,2707,4335,287534,712929,8670,1425858,"100mill-boot"
39,13,"petite","second",37121,42015,3609088,6390925,84030,12781850,2784,4314,288241,711794,8628,1423588,"100mill-boot"
39,14,"petite","second",37117,42169,3597738,6402317,84338,12804634,2799,4311,294878,705513,8622,1411026,"100mill-boot"
39,15,"petite","second",37075,41958,3602383,6397705,83916,12795410,2791,4332,290970,709327,8664,1418654,"100mill-boot"
39,16,"petite","second",36991,42083,3606116,6393952,84166,12787904,2797,4296,292987,707177,8592,1414354,"100mill-boot"
39,17,"petite","second",37247,42052,3615586,6384418,84104,12768836,2803,4345,293258,706951,8690,1413902,"100mill-boot"
39,18,"petite","second",37147,41973,3625841,6374405,83946,12748810,2859,4304,299509,700548,8608,1401096,"100mill-boot"
39,19,"petite","second",37128,41885,3630134,6370065,83770,12740130,2736,4362,291699,708369,8724,1416738,"100mill-boot"
39,20,"petite","second",37173,41898,3611689,6388344,83796,12776688,2795,4273,297434,702798,8546,1405596,"100mill-boot"
39,21,"petite","second",37058,41939,3597664,6402364,83878,12804728,2832,4316,295561,704964,8632,1409928,"100mill-boot"
39,22,"petite","second",37125,41980,3615054,6385193,83960,12770386,2813,4305,295754,704439,8610,1408878,"100mill-boot"
39,23,"petite","second",37333,41948,3622073,6377949,83896,12755898,2787,4347,293946,706224,8694,1412448,"100mill-boot"
39,24,"petite","second",37031,41952,3606073,6394058,83904,12788116,2793,4346,294531,705819,8692,1411638,"100mill-boot"
39,25,"petite","second",37138,41845,3623630,6376528,83690,12753056,2879,4295,302649,697798,8590,1395596,"100mill-boot"
39,26,"petite","second",37594,41863,3655432,6344662,83726,12689324,2838,4278,300394,699889,8556,1399778,"100mill-boot"
39,27,"petite","second",36560,42291,3562073,6437945,84582,12875890,2761,4376,289478,710721,8752,1421442,"100mill-boot"
39,28,"petite","second",36965,42181,3593762,6406369,84362,12812738,2768,4363,290728,709741,8726,1419482,"100mill-boot"
39,29,"petite","second",36998,42081,3595293,6404782,84162,12809564,2795,4319,295781,704234,8638,1408468,"100mill-boot"
39,30,"petite","second",36949,42083,3593257,6406901,84166,12813802,2758,4404,287638,712750,8808,1425500,"100mill-boot"
4,1,"petite","second",37412,42187,3679154,6320884,84374,12641768,2952,4261,315562,684530,8522,1369060,"100mill-boot"
4,2,"petite","second",36865,42214,3641940,6358087,84428,12716174,2814,4355,296862,703473,8710,1406946,"100mill-boot"
4,3,"petite","second",36777,42618,3624541,6375539,85236,12751078,2872,4320,305095,695531,8640,1391062,"100mill-boot"
4,4,"petite","second",37157,42452,3654377,6345646,84904,12691292,2865,4333,303163,697090,8666,1394180,"100mill-boot"
4,5,"petite","second",37192,42415,3670744,6329258,84830,12658516,2860,4412,301339,698809,8824,1397618,"100mill-boot"
4,6,"petite","second",37372,42217,3683828,6316247,84434,12632494,2819,4351,303281,697204,8702,1394408,"100mill-boot"
4,7,"petite","second",37525,42314,3694307,6305765,84628,12611530,2777,4407,293700,706741,8814,1413482,"100mill-boot"
4,8,"petite","second",37414,42217,3677524,6322581,84434,12645162,2659,4415,281948,718082,8830,1436164,"100mill-boot"
4,9,"petite","second",37703,42088,3715319,6284750,84176,12569500,2887,4325,302724,697332,8650,1394664,"100mill-boot"
4,10,"petite","second",37134,42351,3660932,6339182,84702,12678364,2854,4311,302320,698017,8622,1396034,"100mill-boot"
4,11,"petite","second",37304,42236,3678393,6321700,84472,12643400,2811,4388,296080,704140,8776,1408280,"100mill-boot"
4,12,"petite","second",37320,42296,3665091,6334947,84592,12669894,2815,4391,293885,706314,8782,1412628,"100mill-boot"
4,13,"petite","second",37350,42362,3669515,6330538,84724,12661076,2887,4294,305780,694426,8588,1388852,"100mill-boot"
4,14,"petite","second",37326,42411,3663851,6336250,84822,12672500,2816,4387,298118,702151,8774,1404302,"100mill-boot"
4,15,"petite","second",37161,42358,3665714,6334331,84716,12668662,2921,4344,308593,691589,8688,1383178,"100mill-boot"
4,16,"petite","second",37094,42477,3644196,6355933,84954,12711866,2853,4348,304659,695387,8696,1390774,"100mill-boot"
4,17,"petite","second",37498,42116,3698826,6301290,84232,12602580,2748,4373,291585,708994,8746,1417988,"100mill-boot"
4,18,"petite","second",37038,42549,3644667,6355404,85098,12710808,2834,4383,300310,699962,8766,1399924,"100mill-boot"
4,19,"petite","second",37054,42353,3653831,6346281,84706,12692562,2753,4368,290306,710155,8736,1420310,"100mill-boot"
4,20,"petite","second",37251,42284,3673322,6326858,84568,12653716,2835,4337,300567,699585,8674,1399170,"100mill-boot"
4,21,"petite","second",37150,42299,3660077,6340080,84598,12680160,2814,4358,300293,699955,8716,1399910,"100mill-boot"
4,22,"petite","second",37389,42509,3671064,6329038,85018,12658076,2792,4407,292325,707890,8814,1415780,"100mill-boot"
4,23,"petite","second",37269,42323,3669922,6330264,84646,12660528,2810,4390,297927,702866,8780,1405732,"100mill-boot"
4,24,"petite","second",37244,42263,3676588,6323493,84526,12646986,2802,4359,298887,701579,8718,1403158,"100mill-boot"
4,25,"petite","second",37131,42288,3649417,6350604,84576,12701208,2819,4355,298743,702108,8710,1404216,"100mill-boot"
4,26,"petite","second",37137,42391,3654450,6345585,84782,12691170,2792,4354,294627,705494,8708,1410988,"100mill-boot"
4,27,"petite","second",37080,42559,3660321,6339812,85118,12679624,2864,4361,303226,697165,8722,1394330,"100mill-boot"
4,28,"petite","second",37248,42362,3659228,6340894,84724,12681788,2783,4330,299515,700772,8660,1401544,"100mill-boot"
4,29,"petite","second",37357,42142,3676423,6323637,84284,12647274,2830,4302,301046,698965,8604,1397930,"100mill-boot"
4,30,"petite","second",37291,42406,3669450,6330586,84812,12661172,2829,4381,302381,697841,8762,1395682,"100mill-boot"
3,1,"petite","second",38017,41655,3661944,6338064,83310,12676128,2818,4331,291806,708436,8662,1416872,"100mill-boot"
3,2,"petite","second",37667,41585,3637218,6362895,83170,12725790,2800,4331,290336,710238,8662,1420476,"100mill-boot"
3,3,"petite","second",37621,41613,3631558,6368519,83226,12737038,2835,4225,296868,703301,8450,1406602,"100mill-boot"
3,4,"petite","second",37815,41653,3639916,6360144,83306,12720288,2838,4389,290385,709870,8778,1419740,"100mill-boot"
3,5,"petite","second",37841,41573,3637130,6363000,83146,12726000,2842,4306,291667,708386,8612,1416772,"100mill-boot"
3,6,"petite","second",38069,41501,3668095,6332011,83002,12664022,2847,4318,292340,707807,8636,1415614,"100mill-boot"
3,7,"petite","second",38122,41369,3673723,6326385,82738,12652770,2898,4239,304158,696122,8478,1392244,"100mill-boot"
3,8,"petite","second",38045,41512,3665465,6334609,83024,12669218,2827,4304,292816,707367,8608,1414734,"100mill-boot"
3,9,"petite","second",38302,41189,3691897,6308157,82378,12616314,2910,4308,298231,701867,8616,1403734,"100mill-boot"
3,10,"petite","second",37674,41649,3628611,6371393,83298,12742786,2864,4254,293871,706221,8508,1412442,"100mill-boot"
3,11,"petite","second",37902,41501,3663382,6336624,83002,12673248,2880,4214,298398,701680,8428,1403360,"100mill-boot"
3,12,"petite","second",37669,41690,3625240,6374761,83380,12749522,2848,4346,291613,708656,8692,1417312,"100mill-boot"
3,13,"petite","second",38074,41460,3671830,6328214,82920,12656428,2940,4251,303700,696525,8502,1393050,"100mill-boot"
3,14,"petite","second",37870,41607,3645240,6354899,83214,12709798,2880,4236,300671,699564,8472,1399128,"100mill-boot"
3,15,"petite","second",38066,41490,3678106,6322002,82980,12644004,2835,4270,296884,704364,8540,1408728,"100mill-boot"
3,16,"petite","second",37768,41719,3639203,6360904,83438,12721808,2890,4282,295935,704078,8564,1408156,"100mill-boot"
3,17,"petite","second",37777,41482,3649774,6350232,82964,12700464,2862,4269,297243,703304,8538,1406608,"100mill-boot"
3,18,"petite","second",37847,41608,3642393,6357612,83216,12715224,2903,4244,301941,698437,8488,1396874,"100mill-boot"
3,19,"petite","second",37555,41778,3629670,6370472,83556,12740944,2820,4302,294436,705641,8604,1411282,"100mill-boot"
3,20,"petite","second",37780,41540,3637252,6362768,83080,12725536,2826,4328,293988,706454,8656,1412908,"100mill-boot"
3,21,"petite","second",37690,41615,3634389,6365710,83230,12731420,2771,4344,290792,709283,8688,1418566,"100mill-boot"
3,22,"petite","second",37983,41605,3648923,6351113,83210,12702226,2835,4280,294009,706066,8560,1412132,"100mill-boot"
3,23,"petite","second",37942,41425,3644579,6355479,82850,12710958,2825,4305,296148,704413,8610,1408826,"100mill-boot"
3,24,"petite","second",37975,41546,3659816,6340238,83092,12680476,2913,4282,300173,700130,8564,1400260,"100mill-boot"
3,25,"petite","second",38118,41444,3665047,6334962,82888,12669924,2900,4276,299596,700631,8552,1401262,"100mill-boot"
3,26,"petite","second",37940,41557,3641802,6358242,83114,12716484,2895,4270,298812,701229,8540,1402458,"100mill-boot"
3,27,"petite","second",37942,41526,3664036,6336126,83052,12672252,2828,4272,295088,705449,8544,1410898,"100mill-boot"
3,28,"petite","second",38459,41384,3695157,6304890,82768,12609780,2978,4251,307094,692974,8502,1385948,"100mill-boot"
3,29,"petite","second",37814,41382,3646114,6353956,82764,12707912,2857,4291,296584,703480,8582,1406960,"100mill-boot"
3,30,"petite","second",37994,41580,3665536,6334549,83160,12669098,2833,4326,293184,707163,8652,1414326,"100mill-boot"
2,1,"petite","second",38342,41271,3728501,6271505,82542,12543010,2831,4276,296543,703648,8552,1407296,"100mill-boot"
2,2,"petite","second",37672,41384,3679639,6320419,82768,12640838,2792,4262,293376,707055,8524,1414110,"100mill-boot"
2,3,"petite","second",38033,41552,3705313,6294747,83104,12589494,2871,4279,297020,703387,8558,1406774,"100mill-boot"
2,4,"petite","second",38125,41256,3716211,6283875,82512,12567750,2846,4282,296886,703238,8564,1406476,"100mill-boot"
2,5,"petite","second",38134,41336,3700227,6299825,82672,12599650,2869,4289,298140,702478,8578,1404956,"100mill-boot"
2,6,"petite","second",38462,41172,3737594,6262442,82344,12524884,2966,4191,307862,692499,8382,1384998,"100mill-boot"
2,7,"petite","second",38303,41311,3726969,6273036,82622,12546072,2873,4230,300958,699195,8460,1398390,"100mill-boot"
2,8,"petite","second",37996,41353,3705620,6294460,82706,12588920,2932,4228,309368,690715,8456,1381430,"100mill-boot"
2,9,"petite","second",38259,41276,3718312,6281727,82552,12563454,2907,4258,305494,694525,8516,1389050,"100mill-boot"
2,10,"petite","second",38332,41231,3728379,6271628,82462,12543256,2944,4268,306158,693889,8536,1387778,"100mill-boot"
2,11,"petite","second",38308,41201,3729120,6270907,82402,12541814,2872,4309,300640,699404,8618,1398808,"100mill-boot"
2,12,"petite","second",38034,41360,3706592,6293412,82720,12586824,2840,4307,299048,701596,8614,1403192,"100mill-boot"
2,13,"petite","second",38207,41187,3726307,6273733,82374,12547466,2913,4239,303463,696607,8478,1393214,"100mill-boot"
2,14,"petite","second",38128,41506,3716130,6283964,83012,12567928,2986,4234,311855,688924,8468,1377848,"100mill-boot"
2,15,"petite","second",37869,41359,3692794,6307272,82718,12614544,2877,4246,302444,697785,8492,1395570,"100mill-boot"
2,16,"petite","second",37769,41438,3674462,6325586,82876,12651172,2804,4291,294195,706224,8582,1412448,"100mill-boot"
2,17,"petite","second",38195,41212,3704247,6295811,82424,12591622,2948,4214,310528,689605,8428,1379210,"100mill-boot"
2,18,"petite","second",38118,41414,3704400,6295695,82828,12591390,2895,4257,305364,695022,8514,1390044,"100mill-boot"
2,19,"petite","second",38018,41364,3701639,6298380,82728,12596760,2823,4292,295816,704509,8584,1409018,"100mill-boot"
2,20,"petite","second",38437,41222,3733273,6266765,82444,12533530,2870,4251,300902,699381,8502,1398762,"100mill-boot"
2,21,"petite","second",38284,41187,3728490,6271580,82374,12543160,2922,4251,306257,693845,8502,1387690,"100mill-boot"
2,22,"petite","second",37996,41515,3689570,6310539,83030,12621078,2879,4279,300502,699607,8558,1399214,"100mill-boot"
2,23,"petite","second",38068,41465,3680061,6320161,82930,12640322,2931,4235,304532,695936,8470,1391872,"100mill-boot"
2,24,"petite","second",38368,41283,3731931,6268191,82566,12536382,2946,4273,307410,692833,8546,1385666,"100mill-boot"
2,25,"petite","second",38032,41580,3677921,6322231,83160,12644462,2975,4227,309230,690994,8454,1381988,"100mill-boot"
2,26,"petite","second",38368,41169,3719414,6280689,82338,12561378,3007,4188,314140,686264,8376,1372528,"100mill-boot"
2,27,"petite","second",38168,41294,3713361,6286640,82588,12573280,2927,4219,303007,697250,8438,1394500,"100mill-boot"
2,28,"petite","second",38412,41235,3740666,6259456,82470,12518912,2805,4281,294907,705218,8562,1410436,"100mill-boot"
2,29,"petite","second",38272,41126,3720468,6279564,82252,12559128,2999,4178,311774,688348,8356,1376696,"100mill-boot"
2,30,"petite","second",37929,41464,3694499,6305607,82928,12611214,2846,4272,299119,701237,8544,1402474,"100mill-boot"
38,1,"petite","second",36200,42416,3548208,6452008,84832,12904016,2718,4391,285277,715142,8782,1430284,"100mill-boot"
38,2,"petite","second",36093,42322,3549525,6450571,84644,12901142,2710,4360,287031,713025,8720,1426050,"100mill-boot"
38,3,"petite","second",36022,42658,3523646,6476402,85316,12952804,2788,4347,292831,707864,8694,1415728,"100mill-boot"
38,4,"petite","second",36160,42435,3553258,6446805,84870,12893610,2766,4385,292975,707544,8770,1415088,"100mill-boot"
38,5,"petite","second",36304,42459,3563886,6436152,84918,12872304,2803,4337,291837,708504,8674,1417008,"100mill-boot"
38,6,"petite","second",36233,42468,3552043,6447980,84936,12895960,2749,4349,290107,710210,8698,1420420,"100mill-boot"
38,7,"petite","second",36442,42377,3565452,6434797,84754,12869594,2672,4431,280929,719264,8862,1438528,"100mill-boot"
38,8,"petite","second",36357,42371,3553869,6446241,84742,12892482,2752,4402,286898,713509,8804,1427018,"100mill-boot"
38,9,"petite","second",36434,42442,3559646,6440356,84884,12880712,2793,4323,295449,704902,8646,1409804,"100mill-boot"
38,10,"petite","second",36264,42394,3551107,6448986,84788,12897972,2713,4397,283962,716170,8794,1432340,"100mill-boot"
38,11,"petite","second",35939,42602,3510910,6489117,85204,12978234,2746,4326,289822,710675,8652,1421350,"100mill-boot"
38,12,"petite","second",36358,42374,3555589,6444587,84748,12889174,2794,4334,294113,706112,8668,1412224,"100mill-boot"
38,13,"petite","second",36068,42546,3531568,6468464,85092,12936928,2801,4388,293312,706923,8776,1413846,"100mill-boot"
38,14,"petite","second",36343,42515,3553577,6446426,85030,12892852,2699,4405,283017,717854,8810,1435708,"100mill-boot"
38,15,"petite","second",36127,42467,3549922,6450170,84934,12900340,2694,4456,282775,717239,8912,1434478,"100mill-boot"
38,16,"petite","second",36548,42416,3571959,6428159,84832,12856318,2751,4353,288997,711605,8706,1423210,"100mill-boot"
38,17,"petite","second",36495,42334,3571982,6428175,84668,12856350,2771,4379,287598,712636,8758,1425272,"100mill-boot"
38,18,"petite","second",36335,42371,3542920,6457094,84742,12914188,2859,4297,299508,700688,8594,1401376,"100mill-boot"
38,19,"petite","second",36052,42525,3528851,6471194,85050,12942388,2720,4381,285412,715033,8762,1430066,"100mill-boot"
38,20,"petite","second",36144,42359,3536298,6463721,84718,12927442,2762,4342,291006,709251,8684,1418502,"100mill-boot"
38,21,"petite","second",36461,42211,3577697,6422346,84422,12844692,2734,4356,287172,713053,8712,1426106,"100mill-boot"
38,22,"petite","second",36077,42626,3527666,6472460,85252,12944920,2773,4326,291370,708869,8652,1417738,"100mill-boot"
38,23,"petite","second",36246,42530,3538745,6461304,85060,12922608,2728,4375,286102,714262,8750,1428524,"100mill-boot"
38,24,"petite","second",36057,42701,3530338,6469813,85402,12939626,2825,4323,301304,699286,8646,1398572,"100mill-boot"
38,25,"petite","second",36271,42571,3543974,6456107,85142,12912214,2774,4405,289679,710575,8810,1421150,"100mill-boot"
38,26,"petite","second",36197,42618,3531710,6468419,85236,12936838,2698,4400,283986,716064,8800,1432128,"100mill-boot"
38,27,"petite","second",36241,42489,3547310,6452840,84978,12905680,2726,4379,288931,711293,8758,1422586,"100mill-boot"
38,28,"petite","second",36544,42472,3565139,6435065,84944,12870130,2764,4386,291147,709011,8772,1418022,"100mill-boot"
38,29,"petite","second",35886,42633,3510401,6489610,85266,12979220,2753,4396,289695,710724,8792,1421448,"100mill-boot"
38,30,"petite","second",35996,42615,3528944,6471201,85230,12942402,2798,4365,292775,707449,8730,1414898,"100mill-boot"
5,1,"petite","second",37639,41654,3673543,6326669,83308,12653338,2883,4312,302901,697704,8624,1395408,"100mill-boot"
5,2,"petite","second",37899,41456,3696759,6303242,82912,12606484,2879,4252,298327,701766,8504,1403532,"100mill-boot"
5,3,"petite","second",37791,41583,3683595,6316626,83166,12633252,2893,4276,303002,697073,8552,1394146,"100mill-boot"
5,4,"petite","second",38100,41527,3720891,6279325,83054,12558650,2951,4295,309708,691134,8590,1382268,"100mill-boot"
5,5,"petite","second",37864,41416,3703343,6296813,82832,12593626,2926,4207,308304,693027,8414,1386054,"100mill-boot"
5,6,"petite","second",37727,41536,3681791,6318231,83072,12636462,2854,4238,299298,700995,8476,1401990,"100mill-boot"
5,7,"petite","second",37752,41596,3676943,6323124,83192,12646248,2863,4243,302373,697749,8486,1395498,"100mill-boot"
5,8,"petite","second",37706,41712,3680182,6319853,83424,12639706,2952,4229,311820,688310,8458,1376620,"100mill-boot"
5,9,"petite","second",37801,41620,3687094,6312962,83240,12625924,2902,4253,305970,694318,8506,1388636,"100mill-boot"
5,10,"petite","second",37796,41589,3693024,6307178,83178,12614356,2884,4253,302197,697888,8506,1395776,"100mill-boot"
5,11,"petite","second",37555,41663,3672989,6327109,83326,12654218,2806,4320,295231,704857,8640,1409714,"100mill-boot"
5,12,"petite","second",38163,41400,3709288,6290811,82800,12581622,2904,4291,302920,697116,8582,1394232,"100mill-boot"
5,13,"petite","second",38040,41351,3702345,6297719,82702,12595438,2939,4263,309527,690655,8526,1381310,"100mill-boot"
5,14,"petite","second",37753,41701,3683668,6316394,83402,12632788,2928,4271,307245,693343,8542,1386686,"100mill-boot"
5,15,"petite","second",37961,41372,3702679,6297367,82744,12594734,2891,4232,304354,695734,8464,1391468,"100mill-boot"
5,16,"petite","second",37564,41726,3646648,6353554,83452,12707108,2875,4337,297883,702416,8674,1404832,"100mill-boot"
5,17,"petite","second",37764,41551,3685734,6314348,83102,12628696,2853,4304,300443,699741,8608,1399482,"100mill-boot"
5,18,"petite","second",38180,41296,3723412,6276723,82592,12553446,2928,4257,308562,691486,8514,1382972,"100mill-boot"
5,19,"petite","second",37684,41578,3663745,6336289,83156,12672578,2887,4303,298909,701260,8606,1402520,"100mill-boot"
5,20,"petite","second",37756,41617,3687951,6312155,83234,12624310,2822,4299,300806,699265,8598,1398530,"100mill-boot"
5,21,"petite","second",37861,41453,3695375,6304695,82906,12609390,2882,4316,298566,701754,8632,1403508,"100mill-boot"
5,22,"petite","second",38166,41421,3725677,6274365,82842,12548730,2899,4280,304973,695056,8560,1390112,"100mill-boot"
5,23,"petite","second",37694,41804,3670496,6329504,83608,12659008,2798,4375,291550,708928,8750,1417856,"100mill-boot"
5,24,"petite","second",37542,41898,3659382,6340644,83796,12681288,2852,4302,295479,704855,8604,1409710,"100mill-boot"
5,25,"petite","second",37682,41504,3676228,6323874,83008,12647748,2849,4296,299134,701135,8592,1402270,"100mill-boot"
5,26,"petite","second",37650,41525,3673483,6326599,83050,12653198,2895,4217,308292,691781,8434,1383562,"100mill-boot"
5,27,"petite","second",37797,41577,3692190,6307866,83154,12615732,2876,4313,297196,703073,8626,1406146,"100mill-boot"
5,28,"petite","second",38028,41464,3707185,6292979,82928,12585958,2919,4307,304059,696263,8614,1392526,"100mill-boot"
5,29,"petite","second",38058,41501,3702702,6297387,83002,12594774,2883,4247,304557,695540,8494,1391080,"100mill-boot"
5,30,"petite","second",37820,41510,3687495,6312596,83020,12625192,2855,4253,298824,701404,8506,1402808,"100mill-boot"
31,1,"petite","second",37186,41497,3644463,6355634,82994,12711268,2872,4256,303036,697290,8512,1394580,"100mill-boot"
31,2,"petite","second",37226,41544,3650960,6349120,83088,12698240,2809,4306,295368,704954,8612,1409908,"100mill-boot"
31,3,"petite","second",37292,41336,3668709,6331366,82672,12662732,2764,4274,294492,706156,8548,1412312,"100mill-boot"
31,4,"petite","second",37199,41487,3659368,6340733,82974,12681466,2875,4262,301532,698815,8524,1397630,"100mill-boot"
31,5,"petite","second",37055,41757,3636044,6363983,83514,12727966,2765,4346,290477,709718,8692,1419436,"100mill-boot"
31,6,"petite","second",37195,41517,3654142,6345890,83034,12691780,2884,4291,300021,700908,8582,1401816,"100mill-boot"
31,7,"petite","second",37573,41347,3692409,6307656,82694,12615312,2904,4163,310367,689865,8326,1379730,"100mill-boot"
31,8,"petite","second",36930,41681,3613848,6386198,83362,12772396,2802,4268,296647,703526,8536,1407052,"100mill-boot"
31,9,"petite","second",37103,41576,3637788,6362267,83152,12724534,2818,4298,291878,708609,8596,1417218,"100mill-boot"
31,10,"petite","second",37004,41564,3634741,6365318,83128,12730636,2710,4318,289856,710292,8636,1420584,"100mill-boot"
31,11,"petite","second",37020,41615,3645971,6354108,83230,12708216,2772,4299,291283,708971,8598,1417942,"100mill-boot"
31,12,"petite","second",37199,41425,3672594,6327482,82850,12654964,2800,4299,297950,702754,8598,1405508,"100mill-boot"
31,13,"petite","second",37089,41535,3651388,6348699,83070,12697398,2834,4329,298757,701469,8658,1402938,"100mill-boot"
31,14,"petite","second",37246,41442,3655064,6344942,82884,12689884,2813,4281,295029,705014,8562,1410028,"100mill-boot"
31,15,"petite","second",37142,41673,3651221,6348829,83346,12697658,2796,4301,296097,704421,8602,1408842,"100mill-boot"
31,16,"petite","second",37255,41477,3668463,6331579,82954,12663158,2976,4180,314596,685889,8360,1371778,"100mill-boot"
31,17,"petite","second",37409,41600,3657703,6342367,83200,12684734,2831,4328,297832,702337,8656,1404674,"100mill-boot"
31,18,"petite","second",37391,41456,3683351,6316698,82912,12633396,2885,4221,304176,695910,8442,1391820,"100mill-boot"
31,19,"petite","second",37178,41445,3654316,6345717,82890,12691434,2917,4259,307422,693010,8518,1386020,"100mill-boot"
31,20,"petite","second",37001,41516,3634535,6365577,83032,12731154,2830,4265,298706,701465,8530,1402930,"100mill-boot"
31,21,"petite","second",37215,41531,3656813,6343228,83062,12686456,2854,4267,294472,705754,8534,1411508,"100mill-boot"
31,22,"petite","second",36870,41590,3625720,6374372,83180,12748744,2797,4256,298702,701385,8512,1402770,"100mill-boot"
31,23,"petite","second",37311,41610,3660425,6339740,83220,12679480,2861,4254,302351,697879,8508,1395758,"100mill-boot"
31,24,"petite","second",37411,41456,3667198,6332881,82912,12665762,2842,4310,299008,701063,8620,1402126,"100mill-boot"
31,25,"petite","second",37324,41429,3664425,6335707,82858,12671414,2860,4227,301347,699159,8454,1398318,"100mill-boot"
31,26,"petite","second",37197,41439,3673883,6326125,82878,12652250,2864,4263,302839,697260,8526,1394520,"100mill-boot"
31,27,"petite","second",37235,41394,3661675,6338366,82788,12676732,2827,4270,297349,702904,8540,1405808,"100mill-boot"
31,28,"petite","second",37099,41515,3641241,6358836,83030,12717672,2803,4293,296276,704149,8586,1408298,"100mill-boot"
31,29,"petite","second",37511,41128,3693910,6306118,82256,12612236,2840,4251,298580,701757,8502,1403514,"100mill-boot"
31,30,"petite","second",36787,41676,3628234,6371813,83352,12743626,2850,4203,303766,696263,8406,1392526,"100mill-boot"
36,1,"petite","second",36927,42672,3598806,6401470,85344,12802940,2807,4376,295625,704943,8752,1409886,"100mill-boot"
36,2,"petite","second",37093,42485,3624655,6375467,84970,12750934,2878,4282,305108,694927,8564,1389854,"100mill-boot"
36,3,"petite","second",37414,42240,3666352,6333673,84480,12667346,2892,4326,304662,695573,8652,1391146,"100mill-boot"
36,4,"petite","second",37287,42264,3653005,6347226,84528,12694452,2826,4350,297883,702654,8700,1405308,"100mill-boot"
36,5,"petite","second",36995,42647,3608278,6391747,85294,12783494,2850,4314,303252,696823,8628,1393646,"100mill-boot"
36,6,"petite","second",37340,42384,3657285,6342940,84768,12685880,2827,4337,298720,701506,8674,1403012,"100mill-boot"
36,7,"petite","second",37212,42356,3640304,6359802,84712,12719604,2755,4372,288876,711197,8744,1422394,"100mill-boot"
36,8,"petite","second",37213,42417,3641782,6358227,84834,12716454,2837,4357,301804,698344,8714,1396688,"100mill-boot"
36,9,"petite","second",37166,42456,3619531,6380518,84912,12761036,2870,4279,303846,696171,8558,1392342,"100mill-boot"
36,10,"petite","second",37152,42516,3629101,6371036,85032,12742072,2830,4375,299842,700297,8750,1400594,"100mill-boot"
36,11,"petite","second",37298,42376,3656087,6344011,84752,12688022,2845,4312,302990,697055,8624,1394110,"100mill-boot"
36,12,"petite","second",37087,42410,3625474,6374593,84820,12749186,2852,4345,301580,698481,8690,1396962,"100mill-boot"
36,13,"petite","second",37207,42449,3634116,6365955,84898,12731910,2816,4353,292730,707449,8706,1414898,"100mill-boot"
36,14,"petite","second",36999,42541,3626245,6373811,85082,12747622,2799,4398,293795,706799,8796,1413598,"100mill-boot"
36,15,"petite","second",37095,42397,3623013,6377055,84794,12754110,2858,4308,303997,696053,8616,1392106,"100mill-boot"
36,16,"petite","second",36855,42517,3619300,6380856,85034,12761712,2786,4382,296203,704051,8764,1408102,"100mill-boot"
36,17,"petite","second",36906,42672,3601829,6398173,85344,12796346,2824,4357,291621,708901,8714,1417802,"100mill-boot"
36,18,"petite","second",37026,42598,3616402,6383665,85196,12767330,2802,4348,300033,700024,8696,1400048,"100mill-boot"
36,19,"petite","second",36951,42388,3625300,6374706,84776,12749412,2800,4347,296382,703736,8694,1407472,"100mill-boot"
36,20,"petite","second",37057,42525,3622747,6377299,85050,12754598,2762,4365,293259,706795,8730,1413590,"100mill-boot"
36,21,"petite","second",37014,42486,3619262,6380750,84972,12761500,2828,4366,297696,702588,8732,1405176,"100mill-boot"
36,22,"petite","second",37234,42310,3650746,6349344,84620,12698688,2811,4353,296520,703572,8706,1407144,"100mill-boot"
36,23,"petite","second",37193,42423,3629266,6370747,84846,12741494,2850,4358,298468,702319,8716,1404638,"100mill-boot"
36,24,"petite","second",37258,42337,3640834,6359233,84674,12718466,2827,4313,295519,704648,8626,1409296,"100mill-boot"
36,25,"petite","second",37231,42474,3641117,6358960,84948,12717920,2845,4356,299388,701365,8712,1402730,"100mill-boot"
36,26,"petite","second",37056,42568,3618011,6382026,85136,12764052,2757,4430,288623,711515,8860,1423030,"100mill-boot"
36,27,"petite","second",36976,42591,3621277,6378765,85182,12757530,2852,4324,302832,697474,8648,1394948,"100mill-boot"
36,28,"petite","second",36955,42625,3613575,6386457,85250,12772914,2827,4397,294675,705503,8794,1411006,"100mill-boot"
36,29,"petite","second",37182,42320,3637923,6362110,84640,12724220,2871,4381,298831,701562,8762,1403124,"100mill-boot"
36,30,"petite","second",37019,42504,3618621,6381415,85008,12762830,2825,4324,298475,701784,8648,1403568,"100mill-boot"
14,1,"petite","second",37448,41491,3642164,6357885,82982,12715770,2791,4322,293235,706803,8644,1413606,"100mill-boot"
14,2,"petite","second",37247,41444,3616652,6383457,82888,12766914,2825,4310,292011,708196,8620,1416392,"100mill-boot"
14,3,"petite","second",37577,41281,3647070,6352953,82562,12705906,2766,4247,292195,708130,8494,1416260,"100mill-boot"
14,4,"petite","second",37187,41554,3614445,6385570,83108,12771140,2860,4288,294836,705692,8576,1411384,"100mill-boot"
14,5,"petite","second",37411,41356,3640987,6359100,82712,12718200,2743,4301,289354,710713,8602,1421426,"100mill-boot"
14,6,"petite","second",37813,41304,3662249,6337777,82608,12675554,2825,4269,291070,708982,8538,1417964,"100mill-boot"
14,7,"petite","second",37294,41446,3612188,6387931,82892,12775862,2780,4240,293647,706411,8480,1412822,"100mill-boot"
14,8,"petite","second",37396,41302,3637218,6362951,82604,12725902,2661,4272,284451,715721,8544,1431442,"100mill-boot"
14,9,"petite","second",37569,41244,3648361,6351786,82488,12703572,2791,4256,292797,707665,8512,1415330,"100mill-boot"
14,10,"petite","second",37544,41332,3640158,6359968,82664,12719936,2747,4310,286471,713612,8620,1427224,"100mill-boot"
14,11,"petite","second",37329,41511,3638126,6361958,83022,12723916,2861,4284,300147,700152,8568,1400304,"100mill-boot"
14,12,"petite","second",37167,41522,3600954,6399162,83044,12798324,2853,4268,296617,703510,8536,1407020,"100mill-boot"
14,13,"petite","second",37595,41450,3634868,6365267,82900,12730534,2838,4272,293997,706468,8544,1412936,"100mill-boot"
14,14,"petite","second",37298,41536,3617672,6382348,83072,12764696,2811,4318,291583,708667,8636,1417334,"100mill-boot"
14,15,"petite","second",37541,41443,3642902,6357307,82886,12714614,2841,4225,298487,702197,8450,1404394,"100mill-boot"
14,16,"petite","second",37344,41291,3626287,6373823,82582,12747646,2785,4269,292265,707886,8538,1415772,"100mill-boot"
14,17,"petite","second",37226,41575,3614214,6385891,83150,12771782,2797,4283,294273,706034,8566,1412068,"100mill-boot"
14,18,"petite","second",37706,41149,3668424,6331576,82298,12663152,2881,4255,306215,693833,8510,1387666,"100mill-boot"
14,19,"petite","second",37135,41505,3615013,6385033,83010,12770066,2835,4268,296806,703329,8536,1406658,"100mill-boot"
14,20,"petite","second",37279,41418,3623310,6376698,82836,12753396,2801,4249,293928,706316,8498,1412632,"100mill-boot"
14,21,"petite","second",37401,41565,3621941,6378094,83130,12756188,2728,4347,282393,717621,8694,1435242,"100mill-boot"
14,22,"petite","second",37420,41519,3620981,6379019,83038,12758038,2794,4273,290059,710522,8546,1421044,"100mill-boot"
14,23,"petite","second",37675,41224,3647169,6352892,82448,12705784,2868,4215,305198,694977,8430,1389954,"100mill-boot"
14,24,"petite","second",37305,41434,3615287,6384732,82868,12769464,2851,4280,298985,701280,8560,1402560,"100mill-boot"
14,25,"petite","second",37647,41251,3645288,6354756,82502,12709512,2851,4256,300411,699617,8512,1399234,"100mill-boot"
14,26,"petite","second",37537,41441,3627077,6372935,82882,12745870,2770,4296,283881,716127,8592,1432254,"100mill-boot"
14,27,"petite","second",37387,41328,3632373,6367715,82656,12735430,2810,4269,292808,707676,8538,1415352,"100mill-boot"
14,28,"petite","second",37624,41320,3654383,6345678,82640,12691356,2935,4235,307292,692801,8470,1385602,"100mill-boot"
14,29,"petite","second",37451,41212,3646069,6354018,82424,12708036,2841,4263,297152,702912,8526,1405824,"100mill-boot"
14,30,"petite","second",37418,41477,3625465,6374598,82954,12749196,2823,4301,295512,704759,8602,1409518,"100mill-boot"
13,1,"petite","second",37595,41616,3680145,6319946,83232,12639892,2822,4337,294874,705423,8674,1410846,"100mill-boot"
13,2,"petite","second",37441,41534,3676357,6323651,83068,12647302,2844,4330,299357,701082,8660,1402164,"100mill-boot"
13,3,"petite","second",37494,41749,3673823,6326189,83498,12652378,3013,4224,318249,682008,8448,1364016,"100mill-boot"
13,4,"petite","second",37453,41734,3673978,6326090,83468,12652180,2887,4317,305848,694762,8634,1389524,"100mill-boot"
13,5,"petite","second",37493,41682,3672204,6327861,83364,12655722,2793,4260,296324,703693,8520,1407386,"100mill-boot"
13,6,"petite","second",37828,41673,3703246,6296820,83346,12593640,2870,4303,300764,699567,8606,1399134,"100mill-boot"
13,7,"petite","second",37803,41498,3691799,6308219,82996,12616438,2831,4267,297785,702218,8534,1404436,"100mill-boot"
13,8,"petite","second",37945,41513,3715182,6284853,83026,12569706,2793,4299,294525,705753,8598,1411506,"100mill-boot"
13,9,"petite","second",37762,41406,3686445,6313658,82812,12627316,2874,4289,302400,698111,8578,1396222,"100mill-boot"
13,10,"petite","second",37788,41518,3701140,6298864,83036,12597728,2963,4233,311123,689090,8466,1378180,"100mill-boot"
13,11,"petite","second",37610,41593,3688690,6311476,83186,12622952,2887,4270,308095,692047,8540,1384094,"100mill-boot"
13,12,"petite","second",37441,41796,3670232,6329861,83592,12659722,2862,4350,296688,703398,8700,1406796,"100mill-boot"
13,13,"petite","second",38052,41417,3723150,6276910,82834,12553820,2900,4262,302183,697971,8524,1395942,"100mill-boot"
13,14,"petite","second",37454,41696,3656869,6343190,83392,12686380,2809,4278,295458,704634,8556,1409268,"100mill-boot"
13,15,"petite","second",38059,41395,3737451,6262786,82790,12525572,2960,4236,308067,692453,8472,1384906,"100mill-boot"
13,16,"petite","second",37772,41708,3678933,6321149,83416,12642298,2814,4337,294865,705153,8674,1410306,"100mill-boot"
13,17,"petite","second",37725,41450,3692703,6307534,82900,12615068,2856,4270,298878,701311,8540,1402622,"100mill-boot"
13,18,"petite","second",37935,41494,3712585,6287430,82988,12574860,2943,4271,308954,691239,8542,1382478,"100mill-boot"
13,19,"petite","second",37630,41581,3675692,6324351,83162,12648702,2836,4308,299740,700678,8616,1401356,"100mill-boot"
13,20,"petite","second",37698,41412,3681664,6318346,82824,12636692,2843,4270,299161,700976,8540,1401952,"100mill-boot"
13,21,"petite","second",37701,41590,3682780,6317386,83180,12634772,2796,4338,296825,703280,8676,1406560,"100mill-boot"
13,22,"petite","second",37546,41882,3659316,6340725,83764,12681450,2896,4267,303263,696822,8534,1393644,"100mill-boot"
13,23,"petite","second",37575,41644,3669991,6330040,83288,12660080,2780,4343,293557,706553,8686,1413106,"100mill-boot"
13,24,"petite","second",37751,41732,3688724,6311276,83464,12622552,2853,4313,298472,701851,8626,1403702,"100mill-boot"
13,25,"petite","second",37844,41490,3699160,6300942,82980,12601884,2937,4247,305587,694472,8494,1388944,"100mill-boot"
13,26,"petite","second",37735,41572,3679485,6320644,83144,12641288,2872,4234,304071,696396,8468,1392792,"100mill-boot"
13,27,"petite","second",37604,41716,3678172,6321983,83432,12643966,2775,4353,289144,711011,8706,1422022,"100mill-boot"
13,28,"petite","second",37669,41552,3684361,6315662,83104,12631324,2861,4314,295498,704660,8628,1409320,"100mill-boot"
13,29,"petite","second",37912,41347,3697707,6302405,82694,12604810,2715,4347,283573,717179,8694,1434358,"100mill-boot"
13,30,"petite","second",37990,41601,3711542,6288544,83202,12577088,2869,4279,300335,700146,8558,1400292,"100mill-boot"
25,1,"petite","second",37272,42185,3651071,6348967,84370,12697934,2864,4286,302875,697331,8572,1394662,"100mill-boot"
25,2,"petite","second",37419,41893,3677062,6323085,83786,12646170,2844,4345,301303,699137,8690,1398274,"100mill-boot"
25,3,"petite","second",37158,42231,3663491,6336615,84462,12673230,2849,4294,304541,695867,8588,1391734,"100mill-boot"
25,4,"petite","second",36990,42145,3636178,6363934,84290,12727868,2788,4310,293803,706526,8620,1413052,"100mill-boot"
25,5,"petite","second",37578,41865,3688719,6311332,83730,12622664,2836,4327,299518,701043,8654,1402086,"100mill-boot"
25,6,"petite","second",37696,41960,3705433,6294592,83920,12589184,2901,4262,307932,692159,8524,1384318,"100mill-boot"
25,7,"petite","second",37197,42220,3643349,6356842,84440,12713684,2704,4367,284929,715336,8734,1430672,"100mill-boot"
25,8,"petite","second",37184,42104,3654977,6345065,84208,12690130,2913,4274,309841,690551,8548,1381102,"100mill-boot"
25,9,"petite","second",37523,41922,3684808,6315242,83844,12630484,2789,4331,294854,706032,8662,1412064,"100mill-boot"
25,10,"petite","second",37656,41807,3704759,6295415,83614,12590830,2869,4283,303488,696605,8566,1393210,"100mill-boot"
25,11,"petite","second",37602,41756,3682147,6318058,83512,12636116,2933,4271,310150,690164,8542,1380328,"100mill-boot"
25,12,"petite","second",37232,42163,3655292,6344735,84326,12689470,2724,4348,291427,708774,8696,1417548,"100mill-boot"
25,13,"petite","second",37514,41982,3689581,6310547,83964,12621094,2865,4320,303732,696394,8640,1392788,"100mill-boot"
25,14,"petite","second",37174,42236,3646152,6354174,84472,12708348,2819,4364,300794,699521,8728,1399042,"100mill-boot"
25,15,"petite","second",37534,42066,3679547,6320488,84132,12640976,2835,4321,299845,700489,8642,1400978,"100mill-boot"
25,16,"petite","second",37001,42233,3631634,6368420,84466,12736840,2800,4354,294613,705394,8708,1410788,"100mill-boot"
25,17,"petite","second",37613,41913,3697710,6302317,83826,12604634,2912,4297,308390,691688,8594,1383376,"100mill-boot"
25,18,"petite","second",37508,41956,3690561,6309586,83912,12619172,2763,4383,294784,706035,8766,1412070,"100mill-boot"
25,19,"petite","second",37092,42182,3642753,6357334,84364,12714668,2713,4341,286941,713249,8682,1426498,"100mill-boot"
25,20,"petite","second",37348,41993,3672188,6327890,83986,12655780,2801,4311,300413,699787,8622,1399574,"100mill-boot"
25,21,"petite","second",37449,41958,3666173,6334004,83916,12668008,2841,4382,293706,706658,8764,1413316,"100mill-boot"
25,22,"petite","second",37263,42094,3662644,6337400,84188,12674800,2774,4337,296340,703875,8674,1407750,"100mill-boot"
25,23,"petite","second",37596,41925,3685677,6314348,83850,12628696,2842,4355,298819,701842,8710,1403684,"100mill-boot"
25,24,"petite","second",37430,41946,3670881,6329198,83892,12658396,2839,4314,296612,703411,8628,1406822,"100mill-boot"
25,25,"petite","second",37687,41959,3692251,6307760,83918,12615520,2898,4315,305777,694411,8630,1388822,"100mill-boot"
25,26,"petite","second",37206,42269,3640276,6359765,84538,12719530,2717,4374,291107,709106,8748,1418212,"100mill-boot"
25,27,"petite","second",37438,42078,3671703,6328300,84156,12656600,2881,4321,304184,696196,8642,1392392,"100mill-boot"
25,28,"petite","second",37552,42021,3686388,6313659,84042,12627318,2813,4368,299136,701287,8736,1402574,"100mill-boot"
25,29,"petite","second",37357,41983,3660663,6339358,83966,12678716,2764,4382,292979,707833,8764,1415666,"100mill-boot"
25,30,"petite","second",37517,42020,3677593,6322551,84040,12645102,2826,4296,297995,702214,8592,1404428,"100mill-boot"
22,1,"petite","second",37653,41735,3651088,6349006,83470,12698012,2971,4246,304305,695850,8492,1391700,"100mill-boot"
22,2,"petite","second",37032,41952,3605251,6394832,83904,12789664,2841,4247,295596,704997,8494,1409994,"100mill-boot"
22,3,"petite","second",37089,41992,3599966,6400126,83984,12800252,2761,4356,289203,710867,8712,1421734,"100mill-boot"
22,4,"petite","second",37160,41920,3622190,6378009,83840,12756018,2763,4322,290016,710308,8644,1420616,"100mill-boot"
22,5,"petite","second",37129,41944,3606377,6393718,83888,12787436,2734,4356,285486,714609,8712,1429218,"100mill-boot"
22,6,"petite","second",37631,41878,3651325,6348739,83756,12697478,2904,4252,305067,695326,8504,1390652,"100mill-boot"
22,7,"petite","second",37787,41894,3666430,6333691,83788,12667382,2912,4295,303136,697172,8590,1394344,"100mill-boot"
22,8,"petite","second",37476,42064,3632665,6367356,84128,12734712,2731,4402,284469,715741,8804,1431482,"100mill-boot"
22,9,"petite","second",37421,41871,3630950,6369072,83742,12738144,2730,4353,283495,716649,8706,1433298,"100mill-boot"
22,10,"petite","second",37131,41993,3613885,6386131,83986,12772262,2833,4311,294181,705954,8622,1411908,"100mill-boot"
22,11,"petite","second",37265,41888,3618420,6381636,83776,12763272,2803,4335,288944,711338,8670,1422676,"100mill-boot"
22,12,"petite","second",37405,41865,3641798,6358254,83730,12716508,2896,4282,303952,696100,8564,1392200,"100mill-boot"
22,13,"petite","second",37248,42075,3602741,6397409,84150,12794818,2898,4321,299822,700366,8642,1400732,"100mill-boot"
22,14,"petite","second",37378,41899,3628388,6371701,83798,12743402,2835,4325,291324,708791,8650,1417582,"100mill-boot"
22,15,"petite","second",37410,41842,3637071,6362945,83684,12725890,2781,4332,288659,711457,8664,1422914,"100mill-boot"
22,16,"petite","second",37539,42109,3629914,6370139,84218,12740278,2743,4414,284574,715438,8828,1430876,"100mill-boot"
22,17,"petite","second",37615,41815,3651687,6348315,83630,12696630,2762,4397,284356,715660,8794,1431320,"100mill-boot"
22,18,"petite","second",37176,41933,3615472,6384528,83866,12769056,2868,4234,299515,700605,8468,1401210,"100mill-boot"
22,19,"petite","second",37591,41774,3645603,6354417,83548,12708834,2868,4287,297447,702724,8574,1405448,"100mill-boot"
22,20,"petite","second",37645,41775,3653481,6346629,83550,12693258,2850,4340,295756,704288,8680,1408576,"100mill-boot"
22,21,"petite","second",37479,41873,3625716,6374301,83746,12748602,2860,4304,296697,703521,8608,1407042,"100mill-boot"
22,22,"petite","second",37421,42059,3625922,6374165,84118,12748330,2805,4353,294506,706304,8706,1412608,"100mill-boot"
22,23,"petite","second",37093,42225,3590102,6409910,84450,12819820,2836,4312,294870,705159,8624,1410318,"100mill-boot"
22,24,"petite","second",37757,41924,3649314,6350704,83848,12701408,2902,4296,299688,700485,8592,1400970,"100mill-boot"
22,25,"petite","second",37188,42062,3608828,6391183,84124,12782366,2807,4402,289022,711587,8804,1423174,"100mill-boot"
22,26,"petite","second",37502,41824,3630037,6370127,83648,12740254,2812,4267,294664,705455,8534,1410910,"100mill-boot"
22,27,"petite","second",37511,41740,3650312,6349826,83480,12699652,2825,4343,294444,705604,8686,1411208,"100mill-boot"
22,28,"petite","second",37394,41741,3637083,6363096,83482,12726192,2867,4303,297046,703093,8606,1406186,"100mill-boot"
22,29,"petite","second",37443,41709,3633092,6366910,83418,12733820,2814,4285,292314,707885,8570,1415770,"100mill-boot"
22,30,"petite","second",37268,42004,3623197,6376821,84008,12753642,2822,4307,295484,704518,8614,1409036,"100mill-boot"
49,1,"petite","second",37725,41254,3721084,6278923,82508,12557846,2940,4157,312793,687463,8314,1374926,"100mill-boot"
49,2,"petite","second",36924,41256,3664538,6335473,82512,12670946,2771,4226,298524,701856,8452,1403712,"100mill-boot"
49,3,"petite","second",37391,41373,3685089,6314999,82746,12629998,2845,4231,306944,693268,8462,1386536,"100mill-boot"
49,4,"petite","second",37385,41360,3693309,6306787,82720,12613574,2843,4247,304721,695710,8494,1391420,"100mill-boot"
49,5,"petite","second",37302,41274,3686619,6313440,82548,12626880,2727,4309,289033,711911,8618,1423822,"100mill-boot"
49,6,"petite","second",37734,41127,3729412,6270675,82254,12541350,2905,4218,311311,688929,8436,1377858,"100mill-boot"
49,7,"petite","second",37563,41109,3702957,6297233,82218,12594466,2863,4221,306999,694091,8442,1388182,"100mill-boot"
49,8,"petite","second",37358,41459,3678454,6321623,82918,12643246,2827,4292,299764,700418,8584,1400836,"100mill-boot"
49,9,"petite","second",37628,41117,3718458,6281593,82234,12563186,2851,4254,303763,696306,8508,1392612,"100mill-boot"
49,10,"petite","second",37380,41162,3705774,6294302,82324,12588604,2841,4225,302826,697518,8450,1395036,"100mill-boot"
49,11,"petite","second",37283,41488,3685750,6314304,82976,12628608,2824,4256,303136,696920,8512,1393840,"100mill-boot"
49,12,"petite","second",37353,41254,3689485,6310619,82508,12621238,2873,4214,306314,693871,8428,1387742,"100mill-boot"
49,13,"petite","second",37447,41398,3686912,6313176,82796,12626352,2783,4284,298514,701534,8568,1403068,"100mill-boot"
49,14,"petite","second",37281,41472,3673964,6326065,82944,12652130,2828,4247,300307,700253,8494,1400506,"100mill-boot"
49,15,"petite","second",37373,41305,3694316,6305790,82610,12611580,2771,4261,295983,704048,8522,1408096,"100mill-boot"
49,16,"petite","second",37388,41399,3685425,6314796,82798,12629592,2769,4305,294356,706548,8610,1413096,"100mill-boot"
49,17,"petite","second",37605,41096,3714515,6285564,82192,12571128,2885,4185,307922,692469,8370,1384938,"100mill-boot"
49,18,"petite","second",37627,41086,3713212,6286880,82172,12573760,2808,4238,299220,701177,8476,1402354,"100mill-boot"
49,19,"petite","second",37496,41370,3693768,6306260,82740,12612520,2818,4278,299602,700713,8556,1401426,"100mill-boot"
49,20,"petite","second",37474,41160,3694265,6305889,82320,12611778,2878,4199,311110,689203,8398,1378406,"100mill-boot"
49,21,"petite","second",37396,41270,3691817,6308221,82540,12616442,2958,4210,310977,689248,8420,1378496,"100mill-boot"
49,22,"petite","second",37769,41251,3719502,6280535,82502,12561070,2832,4242,303075,697344,8484,1394688,"100mill-boot"
49,23,"petite","second",37670,41037,3713252,6286787,82074,12573574,2852,4223,301519,698610,8446,1397220,"100mill-boot"
49,24,"petite","second",37573,41028,3723737,6276350,82056,12552700,2872,4241,305543,695575,8482,1391150,"100mill-boot"
49,25,"petite","second",37651,41163,3715164,6284849,82326,12569698,2844,4232,301094,699037,8464,1398074,"100mill-boot"
49,26,"petite","second",37457,41424,3683786,6316239,82848,12632478,2782,4273,296787,703979,8546,1407958,"100mill-boot"
49,27,"petite","second",37388,41377,3690161,6309895,82754,12619790,2807,4267,298398,701636,8534,1403272,"100mill-boot"
49,28,"petite","second",37327,41151,3683981,6316033,82302,12632066,2846,4245,306950,693311,8490,1386622,"100mill-boot"
49,29,"petite","second",37298,41215,3693351,6306705,82430,12613410,2890,4210,313603,686977,8420,1373954,"100mill-boot"
49,30,"petite","second",37494,41445,3701638,6298414,82890,12596828,2811,4306,296101,704526,8612,1409052,"100mill-boot"
47,1,"petite","second",37977,41068,3712411,6287662,82136,12575324,2967,4190,310852,689543,8380,1379086,"100mill-boot"
47,2,"petite","second",38010,41152,3705570,6294460,82304,12588920,2893,4217,300971,699360,8434,1398720,"100mill-boot"
47,3,"petite","second",37615,41274,3669547,6330492,82548,12660984,2851,4282,297121,703249,8564,1406498,"100mill-boot"
47,4,"petite","second",37842,41244,3690392,6309760,82488,12619520,2925,4203,307744,692768,8406,1385536,"100mill-boot"
47,5,"petite","second",38374,41032,3727658,6272422,82064,12544844,2966,4170,312332,687741,8340,1375482,"100mill-boot"
47,6,"petite","second",38331,40927,3730064,6270093,81854,12540186,2933,4217,308613,691901,8434,1383802,"100mill-boot"
47,7,"petite","second",38077,41100,3693926,6306109,82200,12612218,2874,4237,302442,698179,8474,1396358,"100mill-boot"
47,8,"petite","second",38143,40930,3716794,6283265,81860,12566530,2935,4161,310848,689915,8322,1379830,"100mill-boot"
47,9,"petite","second",38073,40971,3720388,6279690,81942,12559380,2892,4255,304366,696027,8510,1392054,"100mill-boot"
47,10,"petite","second",38078,41062,3707252,6292789,82124,12585578,2827,4289,299003,701321,8578,1402642,"100mill-boot"
47,11,"petite","second",38121,41143,3720970,6279035,82286,12558070,2856,4283,300237,700067,8566,1400134,"100mill-boot"
47,12,"petite","second",37909,41279,3686656,6313371,82558,12626742,2841,4250,297338,702775,8500,1405550,"100mill-boot"
47,13,"petite","second",38090,41243,3697045,6302980,82486,12605960,2911,4220,306497,693607,8440,1387214,"100mill-boot"
47,14,"petite","second",37674,41395,3668580,6331534,82790,12663068,2817,4258,294344,706005,8516,1412010,"100mill-boot"
47,15,"petite","second",37876,41121,3690252,6309858,82242,12619716,2875,4253,300272,700165,8506,1400330,"100mill-boot"
47,16,"petite","second",38212,40719,3721974,6278120,81438,12556240,2875,4243,302792,697977,8486,1395954,"100mill-boot"
47,17,"petite","second",38271,41161,3729501,6270527,82322,12541054,2951,4263,309337,690807,8526,1381614,"100mill-boot"
47,18,"petite","second",37903,41193,3687513,6312487,82386,12624974,2794,4263,296246,704011,8526,1408022,"100mill-boot"
47,19,"petite","second",37683,41159,3680316,6319764,82318,12639528,2787,4290,295902,704530,8580,1409060,"100mill-boot"
47,20,"petite","second",37976,41130,3694946,6305062,82260,12610124,2929,4169,311031,689233,8338,1378466,"100mill-boot"
47,21,"petite","second",37835,41190,3685351,6314847,82380,12629694,2978,4207,306899,693240,8414,1386480,"100mill-boot"
47,22,"petite","second",38036,41063,3702012,6298038,82126,12596076,2846,4258,298836,701678,8516,1403356,"100mill-boot"
47,23,"petite","second",38117,41055,3706695,6293345,82110,12586690,2880,4192,304785,695337,8384,1390674,"100mill-boot"
47,24,"petite","second",37920,41192,3691025,6309097,82384,12618194,2790,4275,293831,706187,8550,1412374,"100mill-boot"
47,25,"petite","second",37948,41220,3687902,6312203,82440,12624406,2877,4198,300778,699354,8396,1398708,"100mill-boot"
47,26,"petite","second",38055,41210,3693810,6306324,82420,12612648,2886,4199,303958,696208,8398,1392416,"100mill-boot"
47,27,"petite","second",37958,41109,3708117,6292000,82218,12584000,2854,4222,301559,698642,8444,1397284,"100mill-boot"
47,28,"petite","second",38121,41073,3719002,6281112,82146,12562224,2886,4228,306961,693085,8456,1386170,"100mill-boot"
47,29,"petite","second",37993,41181,3690654,6309370,82362,12618740,2820,4297,294177,706578,8594,1413156,"100mill-boot"
47,30,"petite","second",37802,41300,3664866,6335245,82600,12670490,2758,4317,289895,710720,8634,1421440,"100mill-boot"
40,1,"petite","second",37744,41272,3669093,6330926,82544,12661852,2895,4266,300040,700056,8532,1400112,"100mill-boot"
40,2,"petite","second",37601,41328,3651310,6348758,82656,12697516,2820,4252,295406,704754,8504,1409508,"100mill-boot"
40,3,"petite","second",37226,41588,3606142,6393881,83176,12787762,2817,4283,294727,705936,8566,1411872,"100mill-boot"
40,4,"petite","second",37309,41432,3608616,6391468,82864,12782936,2730,4265,282529,718044,8530,1436088,"100mill-boot"
40,5,"petite","second",37388,41506,3628299,6371789,83012,12743578,2878,4249,301858,698538,8498,1397076,"100mill-boot"
40,6,"petite","second",37725,41396,3655692,6344337,82792,12688674,2922,4219,304476,695795,8438,1391590,"100mill-boot"
40,7,"petite","second",37899,41141,3674877,6325182,82282,12650364,2851,4276,296127,704066,8552,1408132,"100mill-boot"
40,8,"petite","second",37644,41464,3648505,6351607,82928,12703214,2779,4312,287244,712759,8624,1425518,"100mill-boot"
40,9,"petite","second",37764,41238,3655971,6344048,82476,12688096,2827,4262,297213,702942,8524,1405884,"100mill-boot"
40,10,"petite","second",37198,41619,3598487,6401561,83238,12803122,2808,4232,293754,706430,8464,1412860,"100mill-boot"
40,11,"petite","second",37772,41315,3654629,6345463,82630,12690926,2823,4318,291237,708902,8636,1417804,"100mill-boot"
40,12,"petite","second",37418,41476,3629560,6370570,82952,12741140,2808,4288,292728,707298,8576,1414596,"100mill-boot"
40,13,"petite","second",37436,41418,3633860,6366249,82836,12732498,2888,4226,304908,696192,8452,1392384,"100mill-boot"
40,14,"petite","second",37413,41461,3625698,6374391,82922,12748782,2819,4250,296794,703229,8500,1406458,"100mill-boot"
40,15,"petite","second",37266,41474,3615404,6384617,82948,12769234,2798,4311,292801,707221,8622,1414442,"100mill-boot"
40,16,"petite","second",37426,41571,3620799,6379256,83142,12758512,2818,4263,295036,705142,8526,1410284,"100mill-boot"
40,17,"petite","second",37487,41341,3638639,6361363,82682,12722726,2806,4258,296280,703774,8516,1407548,"100mill-boot"
40,18,"petite","second",37525,41393,3631283,6368717,82786,12737434,2799,4313,292411,707896,8626,1415792,"100mill-boot"
40,19,"petite","second",37379,41530,3631563,6368437,83060,12736874,2868,4252,299404,701046,8504,1402092,"100mill-boot"
40,20,"petite","second",37568,41422,3639603,6360447,82844,12720894,2855,4240,294264,705842,8480,1411684,"100mill-boot"
40,21,"petite","second",37391,41490,3619428,6380647,82980,12761294,2816,4284,290910,709159,8568,1418318,"100mill-boot"
40,22,"petite","second",37665,41548,3642223,6357899,83096,12715798,2912,4258,303430,696689,8516,1393378,"100mill-boot"
40,23,"petite","second",37801,41232,3654707,6345350,82464,12690700,2856,4204,299853,700321,8408,1400642,"100mill-boot"
40,24,"petite","second",37688,41462,3652090,6347943,82924,12695886,2810,4290,294067,706189,8580,1412378,"100mill-boot"
40,25,"petite","second",37801,41064,3668680,6331450,82128,12662900,2854,4258,299936,700282,8516,1400564,"100mill-boot"
40,26,"petite","second",37482,41373,3617515,6382593,82746,12765186,2804,4257,293397,707262,8514,1414524,"100mill-boot"
40,27,"petite","second",37339,41544,3625775,6374291,83088,12748582,2850,4295,298051,702083,8590,1404166,"100mill-boot"
40,28,"petite","second",37613,41284,3647990,6352053,82568,12704106,2845,4230,296051,703986,8460,1407972,"100mill-boot"
40,29,"petite","second",37549,41293,3646763,6353354,82586,12706708,2763,4362,285081,714976,8724,1429952,"100mill-boot"
40,30,"petite","second",37564,41402,3645317,6354778,82804,12709556,2847,4260,301367,698876,8520,1397752,"100mill-boot"
23,1,"petite","second",36346,42402,3587993,6412029,84804,12824058,2771,4311,294520,705609,8622,1411218,"100mill-boot"
23,2,"petite","second",36345,42213,3599739,6400299,84426,12800598,2753,4349,296420,703819,8698,1407638,"100mill-boot"
23,3,"petite","second",36345,42341,3595654,6404348,84682,12808696,2789,4345,296379,703907,8690,1407814,"100mill-boot"
23,4,"petite","second",36466,42297,3611889,6388200,84594,12776400,2787,4298,300056,700124,8596,1400248,"100mill-boot"
23,5,"petite","second",36320,42341,3595949,6404132,84682,12808264,2771,4311,297313,703132,8622,1406264,"100mill-boot"
23,6,"petite","second",36459,42290,3588259,6411817,84580,12823634,2775,4318,293940,706446,8636,1412892,"100mill-boot"
23,7,"petite","second",36833,41967,3643703,6356323,83934,12712646,2816,4262,301728,698427,8524,1396854,"100mill-boot"
23,8,"petite","second",36323,42355,3600314,6399733,84710,12799466,2813,4302,301047,699550,8604,1399100,"100mill-boot"
23,9,"petite","second",36151,42392,3582793,6417229,84784,12834458,2711,4377,288501,711519,8754,1423038,"100mill-boot"
23,10,"petite","second",36624,42113,3626845,6373175,84226,12746350,2768,4340,295404,705033,8680,1410066,"100mill-boot"
23,11,"petite","second",36275,42455,3588287,6411769,84910,12823538,2812,4335,298005,702081,8670,1404162,"100mill-boot"
23,12,"petite","second",36469,42268,3597924,6402131,84536,12804262,2807,4344,297155,703180,8688,1406360,"100mill-boot"
23,13,"petite","second",36449,42489,3598789,6401264,84978,12802528,2670,4443,285743,714300,8886,1428600,"100mill-boot"
23,14,"petite","second",36384,42406,3595669,6404338,84812,12808676,2828,4348,298696,701559,8696,1403118,"100mill-boot"
23,15,"petite","second",36180,42270,3579917,6420235,84540,12840470,2824,4273,298350,702143,8546,1404286,"100mill-boot"
23,16,"petite","second",36654,42297,3606554,6393649,84594,12787298,2823,4321,295061,705018,8642,1410036,"100mill-boot"
23,17,"petite","second",36443,42245,3605405,6394844,84490,12789688,2830,4300,301573,698482,8600,1396964,"100mill-boot"
23,18,"petite","second",36256,42427,3585966,6414082,84854,12828164,2807,4311,299335,700731,8622,1401462,"100mill-boot"
23,19,"petite","second",36594,42099,3623812,6376196,84198,12752392,2910,4192,312699,687609,8384,1375218,"100mill-boot"
23,20,"petite","second",36616,42214,3623567,6376446,84428,12752892,2764,4350,296771,703712,8700,1407424,"100mill-boot"
23,21,"petite","second",36467,42156,3599157,6401013,84312,12802026,2747,4306,292408,707658,8612,1415316,"100mill-boot"
23,22,"petite","second",36598,42389,3619659,6380442,84778,12760884,2739,4364,292434,707748,8728,1415496,"100mill-boot"
23,23,"petite","second",36564,42244,3613855,6386170,84488,12772340,2694,4408,289016,711012,8816,1422024,"100mill-boot"
23,24,"petite","second",36278,42464,3599068,6400963,84928,12801926,2772,4357,296610,703603,8714,1407206,"100mill-boot"
23,25,"petite","second",36405,42238,3594838,6405238,84476,12810476,2826,4279,300573,699895,8558,1399790,"100mill-boot"
23,26,"petite","second",36517,42229,3603019,6397112,84458,12794224,2783,4321,298156,702087,8642,1404174,"100mill-boot"
23,27,"petite","second",36397,42421,3607170,6393092,84842,12786184,2821,4313,303145,697124,8626,1394248,"100mill-boot"
23,28,"petite","second",36448,42256,3603096,6396982,84512,12793964,2766,4337,295919,704395,8674,1408790,"100mill-boot"
23,29,"petite","second",36440,42250,3601975,6398034,84500,12796068,2815,4374,301147,699159,8748,1398318,"100mill-boot"
23,30,"petite","second",36369,42369,3596511,6403576,84738,12807152,2768,4342,293349,706924,8684,1413848,"100mill-boot"
24,1,"petite","second",37389,42046,3624368,6375636,84092,12751272,2852,4329,299037,701401,8658,1402802,"100mill-boot"
24,2,"petite","second",37829,41597,3679846,6320243,83194,12640486,2888,4261,300903,699795,8522,1399590,"100mill-boot"
24,3,"petite","second",37864,41772,3658799,6341349,83544,12682698,2922,4215,305901,695046,8430,1390092,"100mill-boot"
24,4,"petite","second",37895,41721,3667015,6333073,83442,12666146,2740,4355,284290,715920,8710,1431840,"100mill-boot"
24,5,"petite","second",37566,41805,3626916,6373087,83610,12746174,2820,4309,293054,707047,8618,1414094,"100mill-boot"
24,6,"petite","second",37997,41734,3685446,6314594,83468,12629188,2824,4326,295486,704718,8652,1409436,"100mill-boot"
24,7,"petite","second",38068,41712,3700235,6299766,83424,12599532,2931,4309,305808,694569,8618,1389138,"100mill-boot"
24,8,"petite","second",38089,41678,3684803,6315205,83356,12630410,2836,4321,293342,706714,8642,1413428,"100mill-boot"
24,9,"petite","second",37887,41803,3681140,6318899,83606,12637798,2858,4270,300530,699506,8540,1399012,"100mill-boot"
24,10,"petite","second",37909,41776,3672262,6327924,83552,12655848,2758,4371,286881,713317,8742,1426634,"100mill-boot"
24,11,"petite","second",38043,41745,3692318,6307805,83490,12615610,2847,4297,297553,702631,8594,1405262,"100mill-boot"
24,12,"petite","second",37817,41834,3658384,6341656,83668,12683312,2907,4284,300254,699926,8568,1399852,"100mill-boot"
24,13,"petite","second",37737,41838,3659033,6341048,83676,12682096,2922,4302,304529,695540,8604,1391080,"100mill-boot"
24,14,"petite","second",37970,41705,3675914,6324089,83410,12648178,2948,4229,306939,693475,8458,1386950,"100mill-boot"
24,15,"petite","second",37824,41815,3674411,6325593,83630,12651186,2832,4316,296983,703704,8632,1407408,"100mill-boot"
24,16,"petite","second",38141,41693,3690933,6309098,83386,12618196,2897,4309,301646,698425,8618,1396850,"100mill-boot"
24,17,"petite","second",38041,41865,3679553,6320485,83730,12640970,2847,4361,296398,703861,8722,1407722,"100mill-boot"
24,18,"petite","second",38018,41505,3690905,6309098,83010,12618196,2828,4319,295681,704428,8638,1408856,"100mill-boot"
24,19,"petite","second",37785,41628,3666578,6333556,83256,12667112,2819,4336,296066,704272,8672,1408544,"100mill-boot"
24,20,"petite","second",37634,41755,3660946,6339163,83510,12678326,2845,4311,295129,705198,8622,1410396,"100mill-boot"
24,21,"petite","second",37832,41706,3677862,6322139,83412,12644278,2810,4336,293302,706922,8672,1413844,"100mill-boot"
24,22,"petite","second",38129,41701,3698706,6301332,83402,12602664,2923,4261,303676,696900,8522,1393800,"100mill-boot"
24,23,"petite","second",37941,41845,3670461,6329551,83690,12659102,2904,4329,301177,699695,8658,1399390,"100mill-boot"
24,24,"petite","second",37921,41717,3664961,6335090,83434,12670180,2822,4346,294787,705402,8692,1410804,"100mill-boot"
24,25,"petite","second",37736,41640,3664120,6335953,83280,12671906,2846,4252,296413,703645,8504,1407290,"100mill-boot"
24,26,"petite","second",37850,41779,3665787,6334274,83558,12668548,2867,4324,297888,702243,8648,1404486,"100mill-boot"
24,27,"petite","second",37894,41636,3677401,6322606,83272,12645212,2894,4253,305447,694660,8506,1389320,"100mill-boot"
24,28,"petite","second",37848,41755,3670444,6329694,83510,12659388,2902,4256,303698,696580,8512,1393160,"100mill-boot"
24,29,"petite","second",38105,41522,3707276,6292845,83044,12585690,2924,4331,309951,690136,8662,1380272,"100mill-boot"
24,30,"petite","second",38046,41740,3689347,6310656,83480,12621312,2848,4336,297335,703012,8672,1406024,"100mill-boot"
12,1,"petite","second",37807,41489,3707351,6292658,82978,12585316,2803,4344,292389,707868,8688,1415736,"100mill-boot"
12,2,"petite","second",37298,41786,3655004,6345054,83572,12690108,2873,4306,302643,697416,8612,1394832,"100mill-boot"
12,3,"petite","second",37283,41855,3650047,6350028,83710,12700056,2841,4311,296707,703397,8622,1406794,"100mill-boot"
12,4,"petite","second",37748,41619,3688351,6311761,83238,12623522,2890,4234,300618,699841,8468,1399682,"100mill-boot"
12,5,"petite","second",37810,41568,3722193,6277920,83136,12555840,2910,4198,311749,688561,8396,1377122,"100mill-boot"
12,6,"petite","second",37707,41562,3699384,6300658,83124,12601316,2960,4186,313382,686763,8372,1373526,"100mill-boot"
12,7,"petite","second",37724,41661,3681438,6318638,83322,12637276,2906,4249,307118,692888,8498,1385776,"100mill-boot"
12,8,"petite","second",37463,41756,3670764,6329434,83512,12658868,2801,4282,298790,701348,8564,1402696,"100mill-boot"
12,9,"petite","second",37777,41622,3693714,6306358,83244,12612716,2824,4300,295124,704918,8600,1409836,"100mill-boot"
12,10,"petite","second",37498,41768,3670936,6329179,83536,12658358,2869,4273,299123,700997,8546,1401994,"100mill-boot"
12,11,"petite","second",37977,41403,3720325,6279682,82806,12559364,3016,4190,318340,681943,8380,1363886,"100mill-boot"
12,12,"petite","second",38016,41512,3725138,6274948,83024,12549896,2871,4314,302653,697443,8628,1394886,"100mill-boot"
12,13,"petite","second",37935,41433,3731094,6268983,82866,12537966,2888,4248,309122,690911,8496,1381822,"100mill-boot"
12,14,"petite","second",38061,41402,3734407,6265605,82804,12531210,2820,4263,302052,698267,8526,1396534,"100mill-boot"
12,15,"petite","second",38143,41447,3740115,6259973,82894,12519946,2857,4253,306045,694064,8506,1388128,"100mill-boot"
12,16,"petite","second",37746,41711,3690770,6309323,83422,12618646,2936,4221,309883,690449,8442,1380898,"100mill-boot"
12,17,"petite","second",37924,41693,3700131,6300066,83386,12600132,2911,4255,305921,694176,8510,1388352,"100mill-boot"
12,18,"petite","second",37804,41596,3694498,6305551,83192,12611102,2901,4275,306000,694458,8550,1388916,"100mill-boot"
12,19,"petite","second",38058,41369,3726077,6273928,82738,12547856,2899,4257,308170,691890,8514,1383780,"100mill-boot"
12,20,"petite","second",37755,41463,3684189,6315844,82926,12631688,2759,4261,290374,709778,8522,1419556,"100mill-boot"
12,21,"petite","second",37770,41643,3702851,6297156,83286,12594312,2802,4326,298077,701931,8652,1403862,"100mill-boot"
12,22,"petite","second",37778,41751,3693036,6306995,83502,12613990,2763,4397,289742,710839,8794,1421678,"100mill-boot"
12,23,"petite","second",37574,41729,3673529,6326598,83458,12653196,2803,4293,294914,705211,8586,1410422,"100mill-boot"
12,24,"petite","second",37874,41652,3703221,6296795,83304,12593590,2873,4345,297866,702486,8690,1404972,"100mill-boot"
12,25,"petite","second",37684,41660,3682095,6317906,83320,12635812,2929,4256,308041,692376,8512,1384752,"100mill-boot"
12,26,"petite","second",37948,41356,3711630,6288414,82712,12576828,2904,4223,304891,695237,8446,1390474,"100mill-boot"
12,27,"petite","second",37723,41596,3698485,6301562,83192,12603124,2981,4184,312616,687554,8368,1375108,"100mill-boot"
12,28,"petite","second",37734,41436,3713782,6286228,82872,12572456,2863,4258,303852,697121,8516,1394242,"100mill-boot"
12,29,"petite","second",38104,41253,3732567,6267433,82506,12534866,2954,4180,313365,686882,8360,1373764,"100mill-boot"
12,30,"petite","second",37403,41879,3653957,6346147,83758,12692294,2842,4324,293813,706247,8648,1412494,"100mill-boot"
15,1,"petite","second",36585,41499,3591350,6408731,82998,12817462,2762,4302,290233,710114,8604,1420228,"100mill-boot"
15,2,"petite","second",36917,41362,3625187,6374942,82724,12749884,2824,4230,296843,703178,8460,1406356,"100mill-boot"
15,3,"petite","second",36648,41516,3592419,6407601,83032,12815202,2818,4247,294151,705901,8494,1411802,"100mill-boot"
15,4,"petite","second",37021,41315,3628899,6371126,82630,12742252,2770,4320,290920,709082,8640,1418164,"100mill-boot"
15,5,"petite","second",36724,41465,3601044,6398988,82930,12797976,2688,4314,281929,718349,8628,1436698,"100mill-boot"
15,6,"petite","second",36541,41559,3572046,6427976,83118,12855952,2732,4288,287803,712602,8576,1425204,"100mill-boot"
15,7,"petite","second",36649,41607,3590045,6409988,83214,12819976,2702,4283,285360,715089,8566,1430178,"100mill-boot"
15,8,"petite","second",36667,41487,3605891,6394217,82974,12788434,2826,4253,296510,703634,8506,1407268,"100mill-boot"
15,9,"petite","second",36835,41332,3608278,6391760,82664,12783520,2759,4298,288113,712113,8596,1424226,"100mill-boot"
15,10,"petite","second",36767,41325,3612702,6387315,82650,12774630,2752,4296,289721,710534,8592,1421068,"100mill-boot"
15,11,"petite","second",36465,41634,3571820,6428280,83268,12856560,2746,4277,288264,712183,8554,1424366,"100mill-boot"
15,12,"petite","second",36779,41471,3614190,6385892,82942,12771784,2828,4240,297593,702501,8480,1405002,"100mill-boot"
15,13,"petite","second",36380,41549,3577414,6422588,83098,12845176,2779,4243,293169,707647,8486,1415294,"100mill-boot"
15,14,"petite","second",36521,41538,3581495,6418599,83076,12837198,2786,4254,293675,706917,8508,1413834,"100mill-boot"
15,15,"petite","second",36425,41645,3575259,6424820,83290,12849640,2826,4303,295408,704694,8606,1409388,"100mill-boot"
15,16,"petite","second",36902,41590,3618495,6381619,83180,12763238,2739,4282,290311,709929,8564,1419858,"100mill-boot"
15,17,"petite","second",36633,41607,3598777,6401281,83214,12802562,2742,4275,291231,709363,8550,1418726,"100mill-boot"
15,18,"petite","second",36880,41388,3619658,6380453,82776,12760906,2790,4245,297562,702639,8490,1405278,"100mill-boot"
15,19,"petite","second",36649,41594,3592372,6407659,83188,12815318,2715,4299,285193,714919,8598,1429838,"100mill-boot"
15,20,"petite","second",36425,41621,3568618,6431473,83242,12862946,2756,4243,289526,710515,8486,1421030,"100mill-boot"
15,21,"petite","second",36791,41385,3620593,6379431,82770,12758862,2795,4351,295810,704280,8702,1408560,"100mill-boot"
15,22,"petite","second",36871,41553,3604259,6395938,83106,12791876,2764,4320,289585,710496,8640,1420992,"100mill-boot"
15,23,"petite","second",36793,41332,3603811,6396207,82664,12792414,2688,4359,280842,719353,8718,1438706,"100mill-boot"
15,24,"petite","second",36616,41509,3591460,6408596,83018,12817192,2852,4272,299326,701311,8544,1402622,"100mill-boot"
15,25,"petite","second",36877,41429,3614278,6385766,82858,12771532,2792,4299,292922,708082,8598,1416164,"100mill-boot"
15,26,"petite","second",36633,41649,3582415,6417603,83298,12835206,2766,4245,292314,708145,8490,1416290,"100mill-boot"
15,27,"petite","second",36327,41687,3572230,6427911,83374,12855822,2676,4280,286859,713190,8560,1426380,"100mill-boot"
15,28,"petite","second",36273,41588,3564486,6435711,83176,12871422,2762,4225,291318,708905,8450,1417810,"100mill-boot"
15,29,"petite","second",36803,41250,3613904,6386187,82500,12772374,2857,4220,305851,694437,8440,1388874,"100mill-boot"
15,30,"petite","second",36623,41608,3590500,6409516,83216,12819032,2764,4281,292890,707128,8562,1414256,"100mill-boot"
41,1,"petite","second",37837,41205,3676043,6323975,82410,12647950,2890,4259,299358,700906,8518,1401812,"100mill-boot"
41,2,"petite","second",37876,41162,3701057,6298981,82324,12597962,2873,4264,302378,697893,8528,1395786,"100mill-boot"
41,3,"petite","second",37462,41521,3653267,6346748,83042,12693496,2840,4299,298824,701196,8598,1402392,"100mill-boot"
41,4,"petite","second",37678,41557,3653987,6346144,83114,12692288,2830,4339,294553,705762,8678,1411524,"100mill-boot"
41,5,"petite","second",38028,41456,3692432,6307760,82912,12615520,2849,4328,291712,708482,8656,1416964,"100mill-boot"
41,6,"petite","second",38058,41310,3696431,6303640,82620,12607280,2861,4267,299633,700513,8534,1401026,"100mill-boot"
41,7,"petite","second",38031,41222,3690723,6309374,82444,12618748,2931,4207,302989,697663,8414,1395326,"100mill-boot"
41,8,"petite","second",38122,41135,3705960,6294082,82270,12588164,2921,4179,308232,691770,8358,1383540,"100mill-boot"
41,9,"petite","second",38368,41038,3732517,6267599,82076,12535198,2972,4231,306789,693806,8462,1387612,"100mill-boot"
41,10,"petite","second",37908,41046,3711060,6289013,82092,12578026,2881,4313,301565,698569,8626,1397138,"100mill-boot"
41,11,"petite","second",38163,40992,3718194,6281866,81984,12563732,2953,4214,305560,694549,8428,1389098,"100mill-boot"
41,12,"petite","second",37790,41302,3686282,6313874,82604,12627748,2892,4305,300621,699482,8610,1398964,"100mill-boot"
41,13,"petite","second",37691,41203,3669585,6330495,82406,12660990,2919,4210,305194,695152,8420,1390304,"100mill-boot"
41,14,"petite","second",37540,41659,3654594,6345502,83318,12691004,2857,4335,294223,705785,8670,1411570,"100mill-boot"
41,15,"petite","second",38172,41150,3720510,6279578,82300,12559156,2891,4246,301933,698780,8492,1397560,"100mill-boot"
41,16,"petite","second",38052,41208,3698502,6301558,82416,12603116,2930,4229,303193,697048,8458,1394096,"100mill-boot"
41,17,"petite","second",38324,41010,3739824,6260178,82020,12520356,3010,4229,312393,687664,8458,1375328,"100mill-boot"
41,18,"petite","second",37912,41401,3686221,6313846,82802,12627692,2892,4301,303508,696664,8602,1393328,"100mill-boot"
41,19,"petite","second",37807,41193,3691846,6308188,82386,12616376,2826,4306,293045,707575,8612,1415150,"100mill-boot"
41,20,"petite","second",38000,41325,3695396,6304792,82650,12609584,2939,4260,305146,695500,8520,1391000,"100mill-boot"
41,21,"petite","second",37720,41300,3675709,6324358,82600,12648716,2901,4247,300784,699856,8494,1399712,"100mill-boot"
41,22,"petite","second",37912,41183,3700087,6299971,82366,12599942,2855,4262,296722,703439,8524,1406878,"100mill-boot"
41,23,"petite","second",37809,41241,3668421,6331702,82482,12663404,2871,4253,297666,702352,8506,1404704,"100mill-boot"
41,24,"petite","second",38040,41244,3696133,6303911,82488,12607822,2816,4302,289952,710434,8604,1420868,"100mill-boot"
41,25,"petite","second",38100,41205,3709684,6290338,82410,12580676,3009,4242,310271,689999,8484,1379998,"100mill-boot"
41,26,"petite","second",38084,41419,3696930,6303215,82838,12606430,2900,4280,305636,694726,8560,1389452,"100mill-boot"
41,27,"petite","second",37793,41356,3690579,6309612,82712,12619224,2789,4274,292617,707559,8548,1415118,"100mill-boot"
41,28,"petite","second",37757,41261,3676850,6323195,82522,12646390,2849,4287,295664,704373,8574,1408746,"100mill-boot"
41,29,"petite","second",37994,41111,3694747,6305269,82222,12610538,2863,4301,299216,701470,8602,1402940,"100mill-boot"
41,30,"petite","second",37755,41334,3683197,6316849,82668,12633698,2891,4237,300196,699849,8474,1399698,"100mill-boot"
46,1,"petite","second",37308,41458,3637660,6362458,82916,12724916,2799,4244,295970,704132,8488,1408264,"100mill-boot"
46,2,"petite","second",37491,41336,3681624,6318443,82672,12636886,2767,4294,291974,708574,8588,1417148,"100mill-boot"
46,3,"petite","second",37076,41487,3634535,6365603,82974,12731206,2745,4325,289159,711043,8650,1422086,"100mill-boot"
46,4,"petite","second",37634,41358,3685379,6314654,82716,12629308,2822,4306,293784,706428,8612,1412856,"100mill-boot"
46,5,"petite","second",37204,41492,3641650,6358379,82984,12716758,2732,4325,289049,711338,8650,1422676,"100mill-boot"
46,6,"petite","second",37487,41442,3665545,6334523,82884,12669046,2973,4221,310328,689684,8442,1379368,"100mill-boot"
46,7,"petite","second",37442,41265,3663351,6336666,82530,12673332,2885,4231,302145,698595,8462,1397190,"100mill-boot"
46,8,"petite","second",37550,41290,3676979,6323090,82580,12646180,2820,4269,293493,706666,8538,1413332,"100mill-boot"
46,9,"petite","second",37879,41240,3703382,6296802,82480,12593604,2784,4284,294795,705267,8568,1410534,"100mill-boot"
46,10,"petite","second",37481,41443,3659229,6340771,82886,12681542,2757,4272,291049,709018,8544,1418036,"100mill-boot"
46,11,"petite","second",37126,41368,3641556,6358649,82736,12717298,2871,4207,300739,699296,8414,1398592,"100mill-boot"
46,12,"petite","second",37402,41451,3661738,6338324,82902,12676648,2933,4224,307916,692598,8448,1385196,"100mill-boot"
46,13,"petite","second",37190,41561,3630296,6369760,83122,12739520,2831,4245,295310,704806,8490,1409612,"100mill-boot"
46,14,"petite","second",37480,41450,3661523,6338495,82900,12676990,2917,4268,307084,692946,8536,1385892,"100mill-boot"
46,15,"petite","second",37699,41366,3681782,6318260,82732,12636520,2880,4213,301957,698204,8426,1396408,"100mill-boot"
46,16,"petite","second",37658,41306,3676529,6323573,82612,12647146,2819,4268,295542,704566,8536,1409132,"100mill-boot"
46,17,"petite","second",37804,41233,3705159,6294914,82466,12589828,2937,4234,308817,691279,8468,1382558,"100mill-boot"
46,18,"petite","second",37337,41285,3671875,6328172,82570,12656344,2842,4245,302857,697571,8490,1395142,"100mill-boot"
46,19,"petite","second",37131,41618,3631540,6368579,83236,12737158,2792,4315,291891,708253,8630,1416506,"100mill-boot"
46,20,"petite","second",37913,41203,3701380,6298738,82406,12597476,2888,4258,302047,697983,8516,1395966,"100mill-boot"
46,21,"petite","second",37203,41415,3640577,6359461,82830,12718922,2782,4288,296274,703979,8576,1407958,"100mill-boot"
46,22,"petite","second",37317,41474,3652491,6347556,82948,12695112,2895,4248,304183,696018,8496,1392036,"100mill-boot"
46,23,"petite","second",37552,41239,3669136,6330935,82478,12661870,2755,4337,288015,712094,8674,1424188,"100mill-boot"
46,24,"petite","second",37312,41522,3652661,6347461,83044,12694922,2874,4250,302453,697630,8500,1395260,"100mill-boot"
46,25,"petite","second",37629,41143,3682188,6317906,82286,12635812,2828,4267,297891,702131,8534,1404262,"100mill-boot"
46,26,"petite","second",37442,41373,3648610,6351417,82746,12702834,2745,4288,287718,712504,8576,1425008,"100mill-boot"
46,27,"petite","second",37258,41483,3646796,6353228,82966,12706456,2752,4299,290332,709833,8598,1419666,"100mill-boot"
46,28,"petite","second",37305,41479,3635018,6365062,82958,12730124,2816,4239,299222,701404,8478,1402808,"100mill-boot"
46,29,"petite","second",37257,41400,3636872,6363329,82800,12726658,2704,4344,286275,714092,8688,1428184,"100mill-boot"
46,30,"petite","second",37189,41473,3634697,6365433,82946,12730866,2887,4244,301628,698404,8488,1396808,"100mill-boot"
48,1,"petite","second",36695,41904,3620841,6379197,83808,12758394,2772,4259,297744,702305,8518,1404610,"100mill-boot"
48,2,"petite","second",36781,41860,3626925,6373322,83720,12746644,2817,4273,299337,700845,8546,1401690,"100mill-boot"
48,3,"petite","second",36566,42068,3596870,6403140,84136,12806280,2826,4326,295734,704757,8652,1409514,"100mill-boot"
48,4,"petite","second",36882,41799,3631457,6368618,83598,12737236,2748,4267,295699,704646,8534,1409292,"100mill-boot"
48,5,"petite","second",36535,41928,3607143,6392990,83856,12785980,2767,4329,293844,706274,8658,1412548,"100mill-boot"
48,6,"petite","second",36614,42038,3590899,6409159,84076,12818318,2798,4272,295660,704482,8544,1408964,"100mill-boot"
48,7,"petite","second",37096,41831,3644386,6355637,83662,12711274,2878,4255,304128,695988,8510,1391976,"100mill-boot"
48,8,"petite","second",36761,42015,3624194,6375809,84030,12751618,2765,4346,293152,707034,8692,1414068,"100mill-boot"
48,9,"petite","second",36713,41985,3601842,6398197,83970,12796394,2809,4270,297797,703075,8540,1406150,"100mill-boot"
48,10,"petite","second",36608,41902,3614967,6385048,83804,12770096,2828,4299,302556,697484,8598,1394968,"100mill-boot"
48,11,"petite","second",36511,42058,3580603,6419518,84116,12839036,2823,4296,296074,704160,8592,1408320,"100mill-boot"
48,12,"petite","second",36711,42026,3603454,6396576,84052,12793152,2845,4261,303434,696990,8522,1393980,"100mill-boot"
48,13,"petite","second",36874,41809,3629949,6370081,83618,12740162,2812,4307,297888,702293,8614,1404586,"100mill-boot"
48,14,"petite","second",36699,42085,3601694,6398363,84170,12796726,2738,4325,290258,709823,8650,1419646,"100mill-boot"
48,15,"petite","second",36885,41848,3629456,6370626,83696,12741252,2854,4248,301830,698330,8496,1396660,"100mill-boot"
48,16,"petite","second",36476,42106,3576175,6423891,84212,12847782,2696,4333,286223,713793,8666,1427586,"100mill-boot"
48,17,"petite","second",36869,41879,3622333,6377792,83758,12755584,2758,4293,292996,707137,8586,1414274,"100mill-boot"
48,18,"petite","second",36742,41923,3608303,6391790,83846,12783580,2684,4359,283141,716983,8718,1433966,"100mill-boot"
48,19,"petite","second",36582,42102,3587692,6412377,84204,12824754,2803,4318,294367,705967,8636,1411934,"100mill-boot"
48,20,"petite","second",37025,41607,3647636,6352406,83214,12704812,2830,4255,300891,699759,8510,1399518,"100mill-boot"
48,21,"petite","second",37014,41876,3636175,6363825,83752,12727650,2778,4345,297643,702625,8690,1405250,"100mill-boot"
48,22,"petite","second",36779,42049,3606129,6393878,84098,12787756,2750,4299,293586,707117,8598,1414234,"100mill-boot"
48,23,"petite","second",36811,42068,3618644,6381447,84136,12762894,2794,4277,300087,700695,8554,1401390,"100mill-boot"
48,24,"petite","second",36853,41977,3620288,6379739,83954,12759478,2841,4280,300911,699538,8560,1399076,"100mill-boot"
48,25,"petite","second",36819,41774,3630653,6369389,83548,12738778,2822,4294,298940,701162,8588,1402324,"100mill-boot"
48,26,"petite","second",36615,41934,3601177,6398860,83868,12797720,2835,4273,300350,699741,8546,1399482,"100mill-boot"
48,27,"petite","second",36960,41816,3638688,6361434,83632,12722868,2820,4275,301234,699123,8550,1398246,"100mill-boot"
48,28,"petite","second",37067,41727,3649235,6350778,83454,12701556,2869,4282,304687,695370,8564,1390740,"100mill-boot"
48,29,"petite","second",36955,41644,3648704,6351376,83288,12702752,2800,4274,301198,698864,8548,1397728,"100mill-boot"
48,30,"petite","second",37046,42060,3625246,6374872,84120,12749744,2809,4303,299153,700897,8606,1401794,"100mill-boot"
33,1,"petite","second",37666,41377,3682565,6317479,82754,12634958,2840,4295,297505,702597,8590,1405194,"100mill-boot"
33,2,"petite","second",37612,41163,3680895,6319197,82326,12638394,2933,4162,308737,691647,8324,1383294,"100mill-boot"
33,3,"petite","second",37437,41655,3651778,6348257,83310,12696514,2870,4289,296457,703798,8578,1407596,"100mill-boot"
33,4,"petite","second",37557,41521,3656481,6343541,83042,12687082,2886,4244,301149,698878,8488,1397756,"100mill-boot"
33,5,"petite","second",37755,41511,3684030,6316047,83022,12632094,2810,4285,295015,705379,8570,1410758,"100mill-boot"
33,6,"petite","second",37972,41254,3701798,6298259,82508,12596518,2873,4242,300038,699990,8484,1399980,"100mill-boot"
33,7,"petite","second",37991,41287,3698065,6302016,82574,12604032,2906,4198,306860,693206,8396,1386412,"100mill-boot"
33,8,"petite","second",37860,41426,3691101,6308914,82852,12617828,3052,4143,319653,680528,8286,1361056,"100mill-boot"
33,9,"petite","second",37955,41276,3708140,6291893,82552,12583786,2905,4211,306808,693484,8422,1386968,"100mill-boot"
33,10,"petite","second",37636,41339,3692690,6307344,82678,12614688,2937,4194,310658,690005,8388,1380010,"100mill-boot"
33,11,"petite","second",37845,41581,3685405,6314681,83162,12629362,2880,4283,305709,694542,8566,1389084,"100mill-boot"
33,12,"petite","second",37946,41527,3693124,6306970,83054,12613940,2920,4290,304808,695600,8580,1391200,"100mill-boot"
33,13,"petite","second",37963,41295,3693174,6306834,82590,12613668,2830,4306,293889,706346,8612,1412692,"100mill-boot"
33,14,"petite","second",37767,41420,3676691,6323325,82840,12646650,2777,4271,293270,707384,8542,1414768,"100mill-boot"
33,15,"petite","second",37887,41426,3697290,6302766,82852,12605532,2915,4252,308963,691254,8504,1382508,"100mill-boot"
33,16,"petite","second",37878,41386,3700330,6299813,82772,12599626,2906,4225,304862,695968,8450,1391936,"100mill-boot"
33,17,"petite","second",37989,41257,3709935,6290162,82514,12580324,2843,4280,298891,701558,8560,1403116,"100mill-boot"
33,18,"petite","second",37877,41222,3704069,6296107,82444,12592214,2830,4272,298039,702044,8544,1404088,"100mill-boot"
33,19,"petite","second",37667,41299,3681875,6318246,82598,12636492,2891,4247,303948,696065,8494,1392130,"100mill-boot"
33,20,"petite","second",37825,41245,3689016,6311049,82490,12622098,2821,4252,299940,700579,8504,1401158,"100mill-boot"
33,21,"petite","second",37787,41226,3687174,6312908,82452,12625816,2927,4214,308906,692063,8428,1384126,"100mill-boot"
33,22,"petite","second",37973,41475,3688052,6312020,82950,12624040,2870,4253,303013,697476,8506,1394952,"100mill-boot"
33,23,"petite","second",37698,41504,3666457,6333553,83008,12667106,2862,4278,298648,701475,8556,1402950,"100mill-boot"
33,24,"petite","second",37854,41557,3679940,6320119,83114,12640238,2880,4254,300243,700127,8508,1400254,"100mill-boot"
33,25,"petite","second",37631,41474,3680526,6319498,82948,12638996,2778,4335,292148,707865,8670,1415730,"100mill-boot"
33,26,"petite","second",37854,41244,3704053,6296034,82488,12592068,2902,4231,306066,694262,8462,1388524,"100mill-boot"
33,27,"petite","second",37727,41387,3679529,6320548,82774,12641096,2861,4253,303662,696576,8506,1393152,"100mill-boot"
33,28,"petite","second",37715,41381,3676092,6323952,82762,12647904,2917,4254,305909,694650,8508,1389300,"100mill-boot"
33,29,"petite","second",37712,41461,3675314,6324803,82922,12649606,2978,4246,310425,689855,8492,1379710,"100mill-boot"
33,30,"petite","second",37916,41371,3687821,6312230,82742,12624460,2901,4233,302729,697771,8466,1395542,"100mill-boot"
9,1,"petite","second",37656,41474,3682150,6317922,82948,12635844,2882,4291,302605,697533,8582,1395066,"100mill-boot"
9,2,"petite","second",37498,41388,3691727,6308401,82776,12616802,2921,4224,308287,691919,8448,1383838,"100mill-boot"
9,3,"petite","second",37467,41538,3670681,6329471,83076,12658942,2805,4355,294057,706310,8710,1412620,"100mill-boot"
9,4,"petite","second",37659,41313,3693035,6307058,82626,12614116,2850,4253,299752,700505,8506,1401010,"100mill-boot"
9,5,"petite","second",37558,41471,3679462,6320560,82942,12641120,2871,4265,301176,698904,8530,1397808,"100mill-boot"
9,6,"petite","second",37413,41603,3666146,6333874,83206,12667748,2873,4270,301100,699300,8540,1398600,"100mill-boot"
9,7,"petite","second",37808,41231,3706036,6294148,82462,12588296,2896,4265,304965,695192,8530,1390384,"100mill-boot"
9,8,"petite","second",37571,41407,3677573,6322509,82814,12645018,2883,4246,306615,693549,8492,1387098,"100mill-boot"
9,9,"petite","second",37958,41289,3709428,6290648,82578,12581296,2954,4214,312491,687551,8428,1375102,"100mill-boot"
9,10,"petite","second",37547,41286,3674619,6325588,82572,12651176,2942,4290,308394,691684,8580,1383368,"100mill-boot"
9,11,"petite","second",37622,41472,3687586,6312457,82944,12624914,2954,4235,310518,689699,8470,1379398,"100mill-boot"
9,12,"petite","second",37580,41483,3686828,6313291,82966,12626582,2896,4246,303854,696576,8492,1393152,"100mill-boot"
9,13,"petite","second",37582,41363,3678228,6321799,82726,12643598,2932,4262,305074,695135,8524,1390270,"100mill-boot"
9,14,"petite","second",37788,41379,3700126,6299960,82758,12599920,2834,4309,301796,698270,8618,1396540,"100mill-boot"
9,15,"petite","second",37476,41438,3664484,6335624,82876,12671248,2810,4307,295413,704716,8614,1409432,"100mill-boot"
9,16,"petite","second",37796,41304,3699389,6300677,82608,12601354,2851,4240,302995,697362,8480,1394724,"100mill-boot"
9,17,"petite","second",37694,41315,3692524,6307487,82630,12614974,2855,4257,301410,699357,8514,1398714,"100mill-boot"
9,18,"petite","second",37509,41424,3672166,6327951,82848,12655902,2853,4254,301424,699281,8508,1398562,"100mill-boot"
9,19,"petite","second",37543,41536,3690995,6309079,83072,12618158,2870,4233,310358,689930,8466,1379860,"100mill-boot"
9,20,"petite","second",37755,41382,3698229,6301791,82764,12603582,2830,4258,299650,701113,8516,1402226,"100mill-boot"
9,21,"petite","second",37663,41428,3688966,6311087,82856,12622174,2902,4225,307913,692374,8450,1384748,"100mill-boot"
9,22,"petite","second",37405,41591,3663177,6336844,83182,12673688,2836,4306,297012,703282,8612,1406564,"100mill-boot"
9,23,"petite","second",37761,41232,3691341,6308802,82464,12617604,2858,4222,299152,701341,8444,1402682,"100mill-boot"
9,24,"petite","second",37601,41382,3677052,6322973,82764,12645946,2883,4233,303358,696835,8466,1393670,"100mill-boot"
9,25,"petite","second",37692,41303,3685218,6314847,82606,12629694,2920,4215,309124,691403,8430,1382806,"100mill-boot"
9,26,"petite","second",37522,41514,3673095,6327065,83028,12654130,2780,4284,297534,702890,8568,1405780,"100mill-boot"
9,27,"petite","second",37670,41321,3704943,6295198,82642,12590396,2830,4225,303407,696919,8450,1393838,"100mill-boot"
9,28,"petite","second",37691,41295,3691075,6309003,82590,12618006,2889,4229,307578,692493,8458,1384986,"100mill-boot"
9,29,"petite","second",37650,41203,3687399,6312643,82406,12625286,2910,4229,306166,694276,8458,1388552,"100mill-boot"
9,30,"petite","second",37558,41386,3693303,6306698,82772,12613396,2896,4214,305642,695097,8428,1390194,"100mill-boot"
34,1,"petite","second",37068,42637,3621755,6378256,85274,12756512,2880,4392,302519,697778,8784,1395556,"100mill-boot"
34,2,"petite","second",36942,42650,3619628,6380430,85300,12760860,2861,4359,301126,699046,8718,1398092,"100mill-boot"
34,3,"petite","second",36787,42925,3586619,6413398,85850,12826796,2842,4419,298881,701686,8838,1403372,"100mill-boot"
34,4,"petite","second",36902,42805,3598149,6401902,85610,12803804,2793,4395,292704,707483,8790,1414966,"100mill-boot"
34,5,"petite","second",36690,42898,3577146,6422938,85796,12845876,2789,4380,290454,710406,8760,1420812,"100mill-boot"
34,6,"petite","second",36799,42869,3592580,6407461,85738,12814922,2882,4315,300907,699645,8630,1399290,"100mill-boot"
34,7,"petite","second",36948,42825,3620258,6379756,85650,12759512,2797,4336,295036,705011,8672,1410022,"100mill-boot"
34,8,"petite","second",36824,42889,3596240,6403834,85778,12807668,2843,4368,301969,698178,8736,1396356,"100mill-boot"
34,9,"petite","second",37122,42646,3625959,6374310,85292,12748620,2860,4356,302307,697873,8712,1395746,"100mill-boot"
34,10,"petite","second",36724,42753,3597739,6402302,85506,12804604,2813,4358,299356,700757,8716,1401514,"100mill-boot"
34,11,"petite","second",37000,42704,3613337,6386770,85408,12773540,2846,4364,298277,701734,8728,1403468,"100mill-boot"
34,12,"petite","second",37021,42736,3612914,6387172,85472,12774344,2810,4406,294664,705436,8812,1410872,"100mill-boot"
34,13,"petite","second",37013,42683,3607200,6392833,85366,12785666,2707,4454,282446,718473,8908,1436946,"100mill-boot"
34,14,"petite","second",37191,42681,3632688,6367500,85362,12735000,2775,4371,292474,707626,8742,1415252,"100mill-boot"
34,15,"petite","second",37226,42663,3631030,6369052,85326,12738104,2856,4355,300378,699887,8710,1399774,"100mill-boot"
34,16,"petite","second",37215,42715,3632308,6367809,85430,12735618,2878,4361,304024,696865,8722,1393730,"100mill-boot"
34,17,"petite","second",37392,42666,3645250,6354750,85332,12709500,2844,4355,298680,701745,8710,1403490,"100mill-boot"
34,18,"petite","second",36705,42877,3583786,6416376,85754,12832752,2784,4384,295049,705177,8768,1410354,"100mill-boot"
34,19,"petite","second",36990,42671,3615987,6384116,85342,12768232,2884,4304,308270,691811,8608,1383622,"100mill-boot"
34,20,"petite","second",37426,42354,3654381,6345727,84708,12691454,2911,4331,302742,697368,8662,1394736,"100mill-boot"
34,21,"petite","second",37289,42577,3637726,6362306,85154,12724612,2759,4413,287988,712404,8826,1424808,"100mill-boot"
34,22,"petite","second",37053,42870,3610583,6389490,85740,12778980,2806,4405,295471,704883,8810,1409766,"100mill-boot"
34,23,"petite","second",36835,42929,3584191,6415838,85858,12831676,2798,4403,295218,705145,8806,1410290,"100mill-boot"
34,24,"petite","second",37102,42821,3612150,6388097,85642,12776194,2865,4368,300713,699633,8736,1399266,"100mill-boot"
34,25,"petite","second",36869,42628,3598665,6401467,85256,12802934,2852,4403,295917,704110,8806,1408220,"100mill-boot"
34,26,"petite","second",37012,42770,3616210,6383935,85540,12767870,2781,4389,295314,704759,8778,1409518,"100mill-boot"
34,27,"petite","second",37240,42629,3631328,6368688,85258,12737376,2867,4356,300354,700014,8712,1400028,"100mill-boot"
34,28,"petite","second",36886,42687,3607655,6392417,85374,12784834,2773,4410,294566,705563,8820,1411126,"100mill-boot"
34,29,"petite","second",37360,42502,3639019,6361086,85004,12722172,2928,4303,309147,690959,8606,1381918,"100mill-boot"
34,30,"petite","second",36934,42924,3603635,6396398,85848,12792796,2875,4377,301141,699272,8754,1398544,"100mill-boot"
7,1,"petite","second",37695,40914,3682407,6317600,81828,12635200,2877,4212,304169,696379,8424,1392758,"100mill-boot"
7,2,"petite","second",37328,41042,3652466,6347587,82084,12695174,2796,4231,293430,707155,8462,1414310,"100mill-boot"
7,3,"petite","second",37476,40803,3684324,6315915,81606,12631830,2821,4189,301526,698943,8378,1397886,"100mill-boot"
7,4,"petite","second",37830,40947,3703107,6296953,81894,12593906,2898,4220,310244,689819,8440,1379638,"100mill-boot"
7,5,"petite","second",37864,40905,3694508,6305507,81810,12611014,2938,4173,308116,691971,8346,1383942,"100mill-boot"
7,6,"petite","second",37817,40841,3696788,6303242,81682,12606484,2907,4193,307627,692539,8386,1385078,"100mill-boot"
7,7,"petite","second",37867,40771,3703463,6296716,81542,12593432,2806,4237,298361,701724,8474,1403448,"100mill-boot"
7,8,"petite","second",37963,40684,3713393,6286700,81368,12573400,2802,4205,298384,701868,8410,1403736,"100mill-boot"
7,9,"petite","second",37642,40850,3668286,6331839,81700,12663678,2904,4185,305173,695140,8370,1390280,"100mill-boot"
7,10,"petite","second",37645,40927,3670799,6329242,81854,12658484,2887,4221,304165,696057,8442,1392114,"100mill-boot"
7,11,"petite","second",37730,40974,3666325,6333693,81948,12667386,2872,4175,305207,694867,8350,1389734,"100mill-boot"
7,12,"petite","second",37708,40746,3697643,6302569,81492,12605138,2823,4217,297697,702731,8434,1405462,"100mill-boot"
7,13,"petite","second",37868,40766,3707611,6292428,81532,12584856,2786,4207,297362,702678,8414,1405356,"100mill-boot"
7,14,"petite","second",37622,41094,3669793,6330274,82188,12660548,2804,4235,300505,699596,8470,1399192,"100mill-boot"
7,15,"petite","second",37474,40927,3658256,6341760,81854,12683520,2860,4213,300830,699207,8426,1398414,"100mill-boot"
7,16,"petite","second",38079,40652,3714784,6285248,81304,12570496,2898,4213,303113,697095,8426,1394190,"100mill-boot"
7,17,"petite","second",37831,40916,3699272,6300797,81832,12601594,2766,4306,289154,711513,8612,1423026,"100mill-boot"
7,18,"petite","second",37701,40925,3689745,6310266,81850,12620532,2860,4154,303249,697152,8308,1394304,"100mill-boot"
7,19,"petite","second",37762,40791,3699104,6300949,81582,12601898,2823,4197,298929,701078,8394,1402156,"100mill-boot"
7,20,"petite","second",37714,40939,3676075,6324051,81878,12648102,2867,4252,301498,698773,8504,1397546,"100mill-boot"
7,21,"petite","second",37672,40770,3689701,6310401,81540,12620802,2802,4282,295747,704423,8564,1408846,"100mill-boot"
7,22,"petite","second",37557,40969,3683237,6316793,81938,12633586,2852,4211,301347,699226,8422,1398452,"100mill-boot"
7,23,"petite","second",37815,40736,3696244,6303791,81472,12607582,2846,4246,299562,700982,8492,1401964,"100mill-boot"
7,24,"petite","second",37593,40958,3663273,6336829,81916,12673658,2888,4222,298756,701518,8444,1403036,"100mill-boot"
7,25,"petite","second",37450,41181,3638873,6361221,82362,12722442,2820,4273,293786,706731,8546,1413462,"100mill-boot"
7,26,"petite","second",37559,40961,3670282,6329741,81922,12659482,2893,4222,302884,697308,8444,1394616,"100mill-boot"
7,27,"petite","second",37545,40925,3670820,6329181,81850,12658362,2890,4175,305519,694734,8350,1389468,"100mill-boot"
7,28,"petite","second",37508,40927,3663329,6336675,81854,12673350,2834,4214,299557,700536,8428,1401072,"100mill-boot"
7,29,"petite","second",37752,40879,3692462,6307543,81758,12615086,2791,4205,293539,706475,8410,1412950,"100mill-boot"
7,30,"petite","second",37334,41133,3649558,6350552,82266,12701104,2771,4295,289017,711179,8590,1422358,"100mill-boot"
6,1,"petite","second",37349,41452,3631874,6368240,82904,12736480,2861,4254,301685,698428,8508,1396856,"100mill-boot"
6,2,"petite","second",37214,41408,3633237,6366767,82816,12733534,2778,4261,293084,707582,8522,1415164,"100mill-boot"
6,3,"petite","second",36824,41682,3592826,6407435,83364,12814870,2796,4260,293918,706367,8520,1412734,"100mill-boot"
6,4,"petite","second",37086,41568,3623295,6376726,83136,12753452,2748,4310,289392,710756,8620,1421512,"100mill-boot"
6,5,"petite","second",37207,41526,3639796,6360260,83052,12720520,2885,4232,308381,692757,8464,1385514,"100mill-boot"
6,6,"petite","second",37157,41335,3629237,6370791,82670,12741582,2792,4267,291637,708534,8534,1417068,"100mill-boot"
6,7,"petite","second",37525,41277,3665618,6334500,82554,12669000,2767,4293,288574,711719,8586,1423438,"100mill-boot"
6,8,"petite","second",37198,41329,3631624,6368501,82658,12737002,2835,4236,296159,704182,8472,1408364,"100mill-boot"
6,9,"petite","second",37113,41405,3634165,6365855,82810,12731710,2828,4281,297436,702708,8562,1405416,"100mill-boot"
6,10,"petite","second",37431,41390,3660972,6339081,82780,12678162,2819,4223,295339,704786,8446,1409572,"100mill-boot"
6,11,"petite","second",37209,41478,3628613,6371489,82956,12742978,2840,4287,297795,702267,8574,1404534,"100mill-boot"
6,12,"petite","second",37521,41152,3666770,6333461,82304,12666922,2836,4183,300008,700799,8366,1401598,"100mill-boot"
6,13,"petite","second",37425,41547,3646114,6353994,83094,12707988,2743,4331,286167,713992,8662,1427984,"100mill-boot"
6,14,"petite","second",37191,41533,3636347,6363768,83066,12727536,2711,4344,284557,716038,8688,1432076,"100mill-boot"
6,15,"petite","second",36967,41549,3609505,6390545,83098,12781090,2707,4315,280885,719118,8630,1438236,"100mill-boot"
6,16,"petite","second",37337,41292,3644398,6355981,82584,12711962,2769,4301,291710,708762,8602,1417524,"100mill-boot"
6,17,"petite","second",37402,41268,3651332,6348936,82536,12697872,2883,4201,303416,696885,8402,1393770,"100mill-boot"
6,18,"petite","second",36823,41712,3596717,6403409,83424,12806818,2783,4290,292401,707763,8580,1415526,"100mill-boot"
6,19,"petite","second",37193,41396,3633903,6366273,82792,12732546,2802,4256,294084,706276,8512,1412552,"100mill-boot"
6,20,"petite","second",37205,41327,3637096,6362965,82654,12725930,2868,4217,302236,697822,8434,1395644,"100mill-boot"
6,21,"petite","second",37571,41219,3661796,6338236,82438,12676472,2874,4182,301848,698249,8364,1396498,"100mill-boot"
6,22,"petite","second",37082,41318,3631078,6368958,82636,12737916,2844,4233,299332,701148,8466,1402296,"100mill-boot"
6,23,"petite","second",37113,41608,3614381,6385749,83216,12771498,2740,4358,285900,714582,8716,1429164,"100mill-boot"
6,24,"petite","second",37316,41438,3644845,6355264,82876,12710528,2856,4295,295256,704813,8590,1409626,"100mill-boot"
6,25,"petite","second",37261,41283,3636072,6363988,82566,12727976,2864,4239,299744,700692,8478,1401384,"100mill-boot"
6,26,"petite","second",37349,41322,3655111,6344931,82644,12689862,2784,4302,295567,704604,8604,1409208,"100mill-boot"
6,27,"petite","second",37545,41152,3669958,6330129,82304,12660258,2826,4241,298751,701317,8482,1402634,"100mill-boot"
6,28,"petite","second",37402,41294,3662330,6337914,82588,12675828,2856,4255,297883,702188,8510,1404376,"100mill-boot"
6,29,"petite","second",37533,41136,3677745,6322302,82272,12644604,2852,4244,299654,700615,8488,1401230,"100mill-boot"
6,30,"petite","second",37138,41539,3628664,6371392,83078,12742784,2788,4264,296027,704185,8528,1408370,"100mill-boot"
1,1,"petite","second",37548,41710,3666166,6333912,83420,12667824,2827,4301,298878,701528,8602,1403056,"100mill-boot"
1,2,"petite","second",37754,41343,3691137,6308919,82686,12617838,2945,4245,309248,690909,8490,1381818,"100mill-boot"
1,3,"petite","second",37501,41483,3672179,6327829,82966,12655658,2844,4368,297179,703352,8736,1406704,"100mill-boot"
1,4,"petite","second",37521,41658,3657876,6342183,83316,12684366,2848,4337,295305,704873,8674,1409746,"100mill-boot"
1,5,"petite","second",37716,41500,3690074,6309958,83000,12619916,2865,4238,304790,695362,8476,1390724,"100mill-boot"
1,6,"petite","second",37827,41555,3692904,6307214,83110,12614428,2884,4270,304209,696049,8540,1392098,"100mill-boot"
1,7,"petite","second",37477,41640,3666104,6333933,83280,12667866,2787,4316,296823,703836,8632,1407672,"100mill-boot"
1,8,"petite","second",37735,41618,3680808,6319223,83236,12638446,2922,4231,307894,692385,8462,1384770,"100mill-boot"
1,9,"petite","second",37794,41515,3688774,6311253,83030,12622506,2921,4314,305390,694786,8628,1389572,"100mill-boot"
1,10,"petite","second",37539,41639,3669675,6330338,83278,12660676,2863,4327,301388,698634,8654,1397268,"100mill-boot"
1,11,"petite","second",37362,41695,3649155,6350941,83390,12701882,2789,4359,292779,707445,8718,1414890,"100mill-boot"
1,12,"petite","second",37582,41730,3664150,6335863,83460,12671726,2923,4319,306439,693950,8638,1387900,"100mill-boot"
1,13,"petite","second",37591,41700,3662954,6337167,83400,12674334,2815,4365,293752,706290,8730,1412580,"100mill-boot"
1,14,"petite","second",37471,41739,3659091,6341055,83478,12682110,2807,4291,297387,702756,8582,1405512,"100mill-boot"
1,15,"petite","second",37483,41708,3668220,6331813,83416,12663626,2907,4299,305260,694901,8598,1389802,"100mill-boot"
1,16,"petite","second",37942,41595,3702070,6298009,83190,12596018,2855,4308,299253,700809,8616,1401618,"100mill-boot"
1,17,"petite","second",37817,41686,3687173,6312969,83372,12625938,2847,4321,297447,702834,8642,1405668,"100mill-boot"
1,18,"petite","second",37964,41396,3705989,6294176,82792,12588352,2898,4270,301954,698585,8540,1397170,"100mill-boot"
1,19,"petite","second",37716,41517,3692110,6308004,83034,12616008,2842,4295,295287,704942,8590,1409884,"100mill-boot"
1,20,"petite","second",37316,41656,3650492,6349638,83312,12699276,2823,4314,297252,703173,8628,1406346,"100mill-boot"
1,21,"petite","second",37875,41411,3711667,6288352,82822,12576704,2793,4295,293252,706977,8590,1413954,"100mill-boot"
1,22,"petite","second",37565,41815,3649131,6350942,83630,12701884,2820,4384,292183,707881,8768,1415762,"100mill-boot"
1,23,"petite","second",37980,41718,3692872,6307150,83436,12614300,2864,4293,304471,695607,8586,1391214,"100mill-boot"
1,24,"petite","second",37551,41691,3666681,6333353,83382,12666706,2900,4283,305384,695401,8566,1390802,"100mill-boot"
1,25,"petite","second",37569,41520,3682198,6317873,83040,12635746,2854,4287,296953,703177,8574,1406354,"100mill-boot"
1,26,"petite","second",37611,41551,3678562,6321466,83102,12642932,2842,4264,301306,699042,8528,1398084,"100mill-boot"
1,27,"petite","second",37662,41591,3683799,6316231,83182,12632462,2934,4247,305890,694415,8494,1388830,"100mill-boot"
1,28,"petite","second",37525,41715,3666356,6333752,83430,12667504,2884,4262,302803,697829,8524,1395658,"100mill-boot"
1,29,"petite","second",37852,41539,3689298,6310762,83078,12621524,2906,4222,308895,691448,8444,1382896,"100mill-boot"
1,30,"petite","second",37607,41624,3680824,6319213,83248,12638426,2818,4314,295730,704304,8628,1408608,"100mill-boot"
8,1,"petite","second",37605,40980,3673844,6326299,81960,12652598,2828,4298,296518,704166,8596,1408332,"100mill-boot"
8,2,"petite","second",37630,41057,3676766,6323234,82114,12646468,2867,4225,301086,699050,8450,1398100,"100mill-boot"
8,3,"petite","second",37353,41244,3640071,6359970,82488,12719940,2822,4242,300753,699861,8484,1399722,"100mill-boot"
8,4,"petite","second",37587,41172,3664965,6335057,82344,12670114,2852,4286,299919,700176,8572,1400352,"100mill-boot"
8,5,"petite","second",37462,41185,3670222,6329823,82370,12659646,2758,4311,287760,712904,8622,1425808,"100mill-boot"
8,6,"petite","second",37887,41049,3683292,6316726,82098,12633452,2897,4222,303680,696492,8444,1392984,"100mill-boot"
8,7,"petite","second",37480,41092,3661742,6338413,82184,12676826,2799,4268,292976,707080,8536,1414160,"100mill-boot"
8,8,"petite","second",37550,41095,3667850,6332222,82190,12664444,2804,4283,293519,706750,8566,1413500,"100mill-boot"
8,9,"petite","second",37848,41031,3680466,6319601,82062,12639202,2970,4164,308941,691618,8328,1383236,"100mill-boot"
8,10,"petite","second",37481,41171,3658959,6341185,82342,12682370,2917,4219,304876,695172,8438,1390344,"100mill-boot"
8,11,"petite","second",37378,41132,3645142,6354916,82264,12709832,2834,4220,301006,699273,8440,1398546,"100mill-boot"
8,12,"petite","second",37367,41301,3655519,6344554,82602,12689108,2903,4255,305577,695381,8510,1390762,"100mill-boot"
8,13,"petite","second",37145,41226,3619900,6380176,82452,12760352,2903,4266,300363,700503,8532,1401006,"100mill-boot"
8,14,"petite","second",37464,41215,3645575,6354499,82430,12708998,2831,4271,296824,703666,8542,1407332,"100mill-boot"
8,15,"petite","second",37412,41183,3664268,6335734,82366,12671468,2757,4344,285911,714633,8688,1429266,"100mill-boot"
8,16,"petite","second",37783,41182,3675655,6324433,82364,12648866,2890,4216,299338,700971,8432,1401942,"100mill-boot"
8,17,"petite","second",37625,41151,3666528,6333501,82302,12667002,2804,4350,296340,703841,8700,1407682,"100mill-boot"
8,18,"petite","second",37669,41082,3674691,6325383,82164,12650766,2684,4345,281543,718772,8690,1437544,"100mill-boot"
8,19,"petite","second",37496,41230,3660761,6339386,82460,12678772,2825,4312,295587,704766,8624,1409532,"100mill-boot"
8,20,"petite","second",37486,40901,3667687,6332385,81802,12664770,2858,4197,303275,697332,8394,1394664,"100mill-boot"
8,21,"petite","second",37668,41019,3685076,6314964,82038,12629928,2890,4277,304346,695920,8554,1391840,"100mill-boot"
8,22,"petite","second",37739,41133,3677694,6322355,82266,12644710,2808,4264,296645,703527,8528,1407054,"100mill-boot"
8,23,"petite","second",37595,40983,3674326,6325752,81966,12651504,2825,4195,300669,699350,8390,1398700,"100mill-boot"
8,24,"petite","second",37560,41065,3662236,6337823,82130,12675646,2825,4236,294476,705678,8472,1411356,"100mill-boot"
8,25,"petite","second",37834,40950,3675323,6324814,81900,12649628,2853,4249,297278,703014,8498,1406028,"100mill-boot"
8,26,"petite","second",37600,41240,3653604,6346470,82480,12692940,2815,4268,295590,704589,8536,1409178,"100mill-boot"
8,27,"petite","second",37852,40981,3693785,6306291,81962,12612582,2845,4274,296477,703691,8548,1407382,"100mill-boot"
8,28,"petite","second",37666,40958,3677357,6322679,81916,12645358,2813,4265,295516,704889,8530,1409778,"100mill-boot"
8,29,"petite","second",37657,40835,3676428,6323635,81670,12647270,2897,4256,299627,700740,8512,1401480,"100mill-boot"
8,30,"petite","second",37490,41215,3670537,6329537,82430,12659074,2826,4278,294890,705245,8556,1410490,"100mill-boot"
35,1,"petite","second",38391,41399,3722111,6277908,82798,12555816,2969,4271,309790,690462,8542,1380924,"100mill-boot"
35,2,"petite","second",38586,41136,3765785,6234333,82272,12468666,2937,4236,308938,691277,8472,1382554,"100mill-boot"
35,3,"petite","second",38480,41277,3746705,6253346,82554,12506692,2976,4228,314757,685307,8456,1370614,"100mill-boot"
35,4,"petite","second",38375,41227,3744916,6255096,82454,12510192,2900,4251,304830,695855,8502,1391710,"100mill-boot"
35,5,"petite","second",38593,41197,3751129,6248897,82394,12497794,2928,4264,307310,693070,8528,1386140,"100mill-boot"
35,6,"petite","second",38739,41336,3762840,6237181,82672,12474362,2977,4219,312006,688328,8438,1376656,"100mill-boot"
35,7,"petite","second",38457,41335,3740808,6259360,82670,12518720,2853,4306,299359,700758,8612,1401516,"100mill-boot"
35,8,"petite","second",38575,41243,3744645,6255380,82486,12510760,2956,4252,307887,692350,8504,1384700,"100mill-boot"
35,9,"petite","second",38614,41204,3753248,6246842,82408,12493684,3003,4208,310689,689476,8416,1378952,"100mill-boot"
35,10,"petite","second",38384,41339,3734727,6265339,82678,12530678,2972,4176,312980,687289,8352,1374578,"100mill-boot"
35,11,"petite","second",38318,41236,3740876,6259216,82472,12518432,2840,4336,296971,703562,8672,1407124,"100mill-boot"
35,12,"petite","second",38381,41461,3739658,6260395,82922,12520790,2980,4266,314262,686374,8532,1372748,"100mill-boot"
35,13,"petite","second",38498,41295,3731303,6268859,82590,12537718,2987,4201,312198,687856,8402,1375712,"100mill-boot"
35,14,"petite","second",38264,41483,3710699,6289351,82966,12578702,2886,4279,299369,700858,8558,1401716,"100mill-boot"
35,15,"petite","second",38441,41305,3726379,6273645,82610,12547290,3006,4243,315723,684600,8486,1369200,"100mill-boot"
35,16,"petite","second",38449,41574,3723340,6276726,83148,12553452,3015,4246,314945,685286,8492,1370572,"100mill-boot"
35,17,"petite","second",38686,41181,3762381,6237684,82362,12475368,2947,4239,311291,689174,8478,1378348,"100mill-boot"
35,18,"petite","second",38586,41300,3745816,6254197,82600,12508394,2917,4238,306972,693307,8476,1386614,"100mill-boot"
35,19,"petite","second",38341,41389,3722394,6277720,82778,12555440,2936,4277,306652,693632,8554,1387264,"100mill-boot"
35,20,"petite","second",38509,41343,3736206,6263902,82686,12527804,2914,4272,304845,695402,8544,1390804,"100mill-boot"
35,21,"petite","second",38579,41360,3752533,6247549,82720,12495098,2854,4308,299971,700404,8616,1400808,"100mill-boot"
35,22,"petite","second",38373,41597,3715097,6284981,83194,12569962,2915,4315,302416,698070,8630,1396140,"100mill-boot"
35,23,"petite","second",38476,41481,3733947,6266085,82962,12532170,2896,4240,307070,692953,8480,1385906,"100mill-boot"
35,24,"petite","second",38494,41458,3724929,6275108,82916,12550216,2938,4250,305100,695071,8500,1390142,"100mill-boot"
35,25,"petite","second",38440,41423,3728614,6271442,82846,12542884,2867,4299,300200,700169,8598,1400338,"100mill-boot"
35,26,"petite","second",38623,41073,3761446,6238619,82146,12477238,2841,4249,301746,698324,8498,1396648,"100mill-boot"
35,27,"petite","second",38416,41443,3735552,6264555,82886,12529110,2927,4323,306217,693878,8646,1387756,"100mill-boot"
35,28,"petite","second",38328,41408,3721341,6278707,82816,12557414,2874,4270,304949,696046,8540,1392092,"100mill-boot"
35,29,"petite","second",38697,41182,3752542,6247517,82364,12495034,2929,4226,306082,694152,8452,1388304,"100mill-boot"
35,30,"petite","second",38629,41281,3750496,6249607,82562,12499214,2929,4256,306353,694035,8512,1388070,"100mill-boot"
32,1,"petite","second",38450,41387,3748770,6251251,82774,12502502,2956,4266,309174,690855,8532,1381710,"100mill-boot"
32,2,"petite","second",38001,41365,3734835,6265237,82730,12530474,2913,4303,304721,695351,8606,1390702,"100mill-boot"
32,3,"petite","second",38181,41356,3740384,6259664,82712,12519328,2824,4326,298008,702258,8652,1404516,"100mill-boot"
32,4,"petite","second",38435,41329,3753564,6246492,82658,12492984,2993,4259,311533,688563,8518,1377126,"100mill-boot"
32,5,"petite","second",38534,41268,3776139,6223931,82536,12447862,2963,4216,314362,685918,8432,1371836,"100mill-boot"
32,6,"petite","second",38319,41369,3740961,6259144,82738,12518288,2928,4235,311947,688494,8470,1376988,"100mill-boot"
32,7,"petite","second",38617,41200,3773263,6226834,82400,12453668,2959,4223,311934,688224,8446,1376448,"100mill-boot"
32,8,"petite","second",38628,41279,3779876,6220157,82558,12440314,2922,4276,307341,692872,8552,1385744,"100mill-boot"
32,9,"petite","second",38497,41180,3762876,6237216,82360,12474432,2842,4269,303171,696861,8538,1393722,"100mill-boot"
32,10,"petite","second",38299,41169,3753735,6246350,82338,12492700,2915,4252,307791,692393,8504,1384786,"100mill-boot"
32,11,"petite","second",38267,41359,3736802,6263222,82718,12526444,2830,4364,296507,703549,8728,1407098,"100mill-boot"
32,12,"petite","second",38202,41483,3741148,6258877,82966,12517754,2950,4261,309469,690584,8522,1381168,"100mill-boot"
32,13,"petite","second",38266,41455,3743586,6256455,82910,12512910,2942,4282,309711,690461,8564,1380922,"100mill-boot"
32,14,"petite","second",38005,41628,3700152,6300002,83256,12600004,2821,4389,293485,706625,8778,1413250,"100mill-boot"
32,15,"petite","second",38228,41454,3733537,6266463,82908,12532926,2878,4274,302764,697597,8548,1395194,"100mill-boot"
32,16,"petite","second",38387,41369,3745943,6254068,82738,12508136,2838,4301,300381,699729,8602,1399458,"100mill-boot"
32,17,"petite","second",38429,41335,3751005,6249013,82670,12498026,2918,4279,310100,689913,8558,1379826,"100mill-boot"
32,18,"petite","second",38104,41435,3712534,6287549,82870,12575098,2803,4343,296564,703466,8686,1406932,"100mill-boot"
32,19,"petite","second",38115,41524,3719662,6280392,83048,12560784,2785,4336,295670,704682,8672,1409364,"100mill-boot"
32,20,"petite","second",38361,41289,3748236,6251886,82578,12503772,2932,4266,310914,689320,8532,1378640,"100mill-boot"
32,21,"petite","second",38233,41340,3743365,6256691,82680,12513382,2938,4231,312393,687670,8462,1375340,"100mill-boot"
32,22,"petite","second",38253,41593,3722215,6277845,83186,12555690,2874,4330,299911,700194,8660,1400388,"100mill-boot"
32,23,"petite","second",38490,41228,3748551,6251484,82456,12502968,2945,4226,309302,690831,8452,1381662,"100mill-boot"
32,24,"petite","second",38524,41378,3747146,6252904,82756,12505808,2868,4284,298091,702328,8568,1404656,"100mill-boot"
32,25,"petite","second",38063,41353,3732923,6267101,82706,12534202,2986,4202,316465,683657,8404,1367314,"100mill-boot"
32,26,"petite","second",38195,41251,3729890,6270188,82502,12540376,2838,4292,301402,698763,8584,1397526,"100mill-boot"
32,27,"petite","second",38303,41299,3742374,6257724,82598,12515448,2877,4293,301302,698714,8586,1397428,"100mill-boot"
32,28,"petite","second",38327,41332,3737857,6262220,82664,12524440,2900,4245,306961,693373,8490,1386746,"100mill-boot"
32,29,"petite","second",38336,41458,3739383,6260774,82916,12521548,2919,4279,306998,693212,8558,1386424,"100mill-boot"
32,30,"petite","second",38011,41567,3704585,6295500,83134,12591000,2913,4266,306867,693228,8532,1386456,"100mill-boot"
50,1,"petite","second",36917,41651,3631466,6368567,83302,12737134,2827,4288,302010,698115,8576,1396230,"100mill-boot"
50,2,"petite","second",37224,41477,3661068,6339084,82954,12678168,2788,4285,295353,704750,8570,1409500,"100mill-boot"
50,3,"petite","second",36845,41781,3624727,6375323,83562,12750646,2749,4325,292514,707870,8650,1415740,"100mill-boot"
50,4,"petite","second",36835,41886,3627669,6372417,83772,12744834,2828,4318,300439,699667,8636,1399334,"100mill-boot"
50,5,"petite","second",37355,41724,3658869,6341190,83448,12682380,2791,4345,295042,705310,8690,1410620,"100mill-boot"
50,6,"petite","second",37321,41594,3670114,6329918,83188,12659836,2866,4290,303496,696563,8580,1393126,"100mill-boot"
50,7,"petite","second",37055,41773,3642386,6357720,83546,12715440,2808,4293,299433,700598,8586,1401196,"100mill-boot"
50,8,"petite","second",37018,41804,3628459,6371629,83608,12743258,2732,4361,289045,710973,8722,1421946,"100mill-boot"
50,9,"petite","second",37386,41343,3697837,6302181,82686,12604362,2769,4347,293638,706507,8694,1413014,"100mill-boot"
50,10,"petite","second",37203,41490,3667636,6332405,82980,12664810,2782,4290,296307,703698,8580,1407396,"100mill-boot"
50,11,"petite","second",37129,41824,3644268,6355756,83648,12711512,2775,4344,290912,709261,8688,1418522,"100mill-boot"
50,12,"petite","second",37194,41700,3649194,6350838,83400,12701676,2756,4308,289389,710761,8616,1421522,"100mill-boot"
50,13,"petite","second",36870,41804,3622937,6377226,83608,12754452,2864,4224,308022,692009,8448,1384018,"100mill-boot"
50,14,"petite","second",37028,41724,3642185,6357866,83448,12715732,2826,4299,296185,704374,8598,1408748,"100mill-boot"
50,15,"petite","second",36965,41641,3647931,6352174,83282,12704348,2751,4310,295112,705019,8620,1410038,"100mill-boot"
50,16,"petite","second",37134,41480,3658039,6342002,82960,12684004,2815,4267,299224,700801,8534,1401602,"100mill-boot"
50,17,"petite","second",37285,41666,3659976,6340232,83332,12680464,2831,4311,298200,702271,8622,1404542,"100mill-boot"
50,18,"petite","second",36769,41837,3617288,6382835,83674,12765670,2714,4329,289268,711090,8658,1422180,"100mill-boot"
50,19,"petite","second",36981,41476,3649517,6350535,82952,12701070,2869,4307,301883,698592,8614,1397184,"100mill-boot"
50,20,"petite","second",37163,41636,3659806,6340248,83272,12680496,2820,4287,297285,702831,8574,1405662,"100mill-boot"
50,21,"petite","second",37129,41635,3659556,6340629,83270,12681258,2779,4357,292442,707665,8714,1415330,"100mill-boot"
50,22,"petite","second",37135,41689,3647192,6352881,83378,12705762,2738,4315,292324,708107,8630,1416214,"100mill-boot"
50,23,"petite","second",37233,41610,3654339,6345694,83220,12691388,2884,4249,300148,699889,8498,1399778,"100mill-boot"
50,24,"petite","second",36953,41742,3631500,6368645,83484,12737290,2853,4266,303673,696485,8532,1392970,"100mill-boot"
50,25,"petite","second",37237,41759,3656092,6343919,83518,12687838,2851,4290,301360,698992,8580,1397984,"100mill-boot"
50,26,"petite","second",36781,42022,3618937,6381099,84044,12762198,2771,4324,293715,706879,8648,1413758,"100mill-boot"
50,27,"petite","second",37083,41672,3647742,6352309,83344,12704618,2674,4386,285424,714877,8772,1429754,"100mill-boot"
50,28,"petite","second",37497,41550,3689386,6310669,83100,12621338,2900,4266,304479,695633,8532,1391266,"100mill-boot"
50,29,"petite","second",36954,41760,3645196,6355052,83520,12710104,2895,4251,309861,690142,8502,1380284,"100mill-boot"
50,30,"petite","second",37078,41716,3650502,6349527,83432,12699054,2826,4264,300122,700073,8528,1400146,"100mill-boot"
43,1,"petite","second",38063,41585,3681344,6318684,83170,12637368,2882,4340,296036,704249,8680,1408498,"100mill-boot"
43,2,"petite","second",37833,41607,3666058,6334067,83214,12668134,2880,4295,298602,701495,8590,1402990,"100mill-boot"
43,3,"petite","second",37342,41978,3614085,6385935,83956,12771870,2845,4292,298813,701190,8584,1402380,"100mill-boot"
43,4,"petite","second",37717,41852,3641796,6358424,83704,12716848,2816,4293,295529,704801,8586,1409602,"100mill-boot"
43,5,"petite","second",38028,41606,3674616,6325447,83212,12650894,3035,4242,315828,684269,8484,1368538,"100mill-boot"
43,6,"petite","second",37822,41701,3657042,6343057,83402,12686114,2821,4331,296354,704150,8662,1408300,"100mill-boot"
43,7,"petite","second",37957,41566,3672222,6327831,83132,12655662,2979,4205,310364,689658,8410,1379316,"100mill-boot"
43,8,"petite","second",37920,41793,3669992,6330063,83586,12660126,2836,4346,297317,702733,8692,1405466,"100mill-boot"
43,9,"petite","second",37739,41742,3658112,6341969,83484,12683938,2904,4285,301777,698773,8570,1397546,"100mill-boot"
43,10,"petite","second",37829,41640,3652673,6347395,83280,12694790,2904,4251,301863,698223,8502,1396446,"100mill-boot"
43,11,"petite","second",37794,41762,3663207,6336802,83524,12673604,2822,4352,294752,705336,8704,1410672,"100mill-boot"
43,12,"petite","second",37819,41785,3662833,6337215,83570,12674430,2945,4257,305977,694455,8514,1388910,"100mill-boot"
43,13,"petite","second",37767,41795,3655146,6344873,83590,12689746,2819,4317,297272,702763,8634,1405526,"100mill-boot"
43,14,"petite","second",37863,41795,3669546,6330567,83590,12661134,2863,4318,303059,697094,8636,1394188,"100mill-boot"
43,15,"petite","second",38026,41537,3686963,6313068,83074,12626136,2874,4300,300648,699435,8600,1398870,"100mill-boot"
43,16,"petite","second",37765,41705,3651433,6348648,83410,12697296,2905,4252,305121,695008,8504,1390016,"100mill-boot"
43,17,"petite","second",37591,41898,3628188,6371815,83796,12743630,2882,4357,297738,702286,8714,1404572,"100mill-boot"
43,18,"petite","second",37960,41632,3684023,6316031,83264,12632062,2850,4262,299988,700058,8524,1400116,"100mill-boot"
43,19,"petite","second",37606,41821,3641643,6358395,83642,12716790,2873,4316,295113,704901,8632,1409802,"100mill-boot"
43,20,"petite","second",37856,41536,3669046,6330963,83072,12661926,2946,4285,300694,699618,8570,1399236,"100mill-boot"
43,21,"petite","second",37808,41647,3648342,6351836,83294,12703672,2936,4232,304119,695956,8464,1391912,"100mill-boot"
43,22,"petite","second",38134,41717,3675754,6324298,83434,12648596,2928,4281,301662,698490,8562,1396980,"100mill-boot"
43,23,"petite","second",37797,41955,3652988,6347092,83910,12694184,2948,4263,305866,694169,8526,1388338,"100mill-boot"
43,24,"petite","second",37432,41897,3627265,6372794,83794,12745588,2851,4343,295700,704375,8686,1408750,"100mill-boot"
43,25,"petite","second",37549,41789,3645184,6354864,83578,12709728,2882,4241,302786,697508,8482,1395016,"100mill-boot"
43,26,"petite","second",37692,41793,3645259,6354821,83586,12709642,2789,4356,289771,710472,8712,1420944,"100mill-boot"
43,27,"petite","second",37840,41690,3667155,6333024,83380,12666048,2937,4249,306633,693664,8498,1387328,"100mill-boot"
43,28,"petite","second",38123,41456,3700347,6299758,82912,12599516,2991,4266,314327,685694,8532,1371388,"100mill-boot"
43,29,"petite","second",37585,41946,3640581,6359555,83892,12719110,2969,4239,308464,691849,8478,1383698,"100mill-boot"
43,30,"petite","second",38145,41636,3688149,6312022,83272,12624044,2862,4324,302828,697346,8648,1394692,"100mill-boot"
44,1,"petite","second",37775,40942,3690596,6309512,81884,12619024,2869,4254,302884,697646,8508,1395292,"100mill-boot"
44,2,"petite","second",37512,41049,3665736,6334274,82098,12668548,2906,4161,305798,694242,8322,1388484,"100mill-boot"
44,3,"petite","second",37195,41366,3621021,6379009,82732,12758018,2836,4207,297163,703053,8414,1406106,"100mill-boot"
44,4,"petite","second",37634,41088,3671293,6328797,82176,12657594,2795,4287,296965,703165,8574,1406330,"100mill-boot"
44,5,"petite","second",37270,41410,3644220,6355914,82820,12711828,2880,4249,300737,699653,8498,1399306,"100mill-boot"
44,6,"petite","second",37685,41135,3670404,6329600,82270,12659200,2896,4212,302078,698216,8424,1396432,"100mill-boot"
44,7,"petite","second",37830,41045,3692314,6307828,82090,12615656,2768,4229,295793,704421,8458,1408842,"100mill-boot"
44,8,"petite","second",37733,41231,3670140,6329908,82462,12659816,2776,4271,290012,710131,8542,1420262,"100mill-boot"
44,9,"petite","second",37626,41093,3657187,6342946,82186,12685892,2868,4231,298542,701877,8462,1403754,"100mill-boot"
44,10,"petite","second",37322,41062,3659346,6340680,82124,12681360,2791,4315,294034,706208,8630,1412416,"100mill-boot"
44,11,"petite","second",37282,41472,3631701,6368330,82944,12736660,2919,4297,300030,700339,8594,1400678,"100mill-boot"
44,12,"petite","second",37469,41165,3654862,6345144,82330,12690288,2932,4177,307618,693239,8354,1386478,"100mill-boot"
44,13,"petite","second",37811,41060,3690620,6309477,82120,12618954,2839,4263,296671,703435,8526,1406870,"100mill-boot"
44,14,"petite","second",37454,41271,3646137,6353884,82542,12707768,2801,4244,291666,708620,8488,1417240,"100mill-boot"
44,15,"petite","second",37473,41137,3658566,6341467,82274,12682934,2802,4234,296671,703367,8468,1406734,"100mill-boot"
44,16,"petite","second",37490,41110,3657985,6342041,82220,12684082,2766,4265,292264,707803,8530,1415606,"100mill-boot"
44,17,"petite","second",37945,41219,3701758,6298280,82438,12596560,2957,4189,313985,686117,8378,1372234,"100mill-boot"
44,18,"petite","second",37652,41216,3670596,6329420,82432,12658840,2937,4243,309258,690789,8486,1381578,"100mill-boot"
44,19,"petite","second",37490,41215,3654678,6345394,82430,12690788,2837,4246,297926,702880,8492,1405760,"100mill-boot"
44,20,"petite","second",37622,41163,3676299,6323772,82326,12647544,2847,4229,298101,702239,8458,1404478,"100mill-boot"
44,21,"petite","second",37384,41271,3647367,6352651,82542,12705302,2837,4247,298596,701465,8494,1402930,"100mill-boot"
44,22,"petite","second",37431,41166,3661943,6338187,82332,12676374,2846,4237,302449,697746,8474,1395492,"100mill-boot"
44,23,"petite","second",37340,41208,3646001,6354104,82416,12708208,2806,4247,295183,705202,8494,1410404,"100mill-boot"
44,24,"petite","second",37515,41221,3658385,6341660,82442,12683320,2855,4191,301309,698768,8382,1397536,"100mill-boot"
44,25,"petite","second",37583,41183,3667612,6332389,82366,12664778,2839,4310,296857,703287,8620,1406574,"100mill-boot"
44,26,"petite","second",37444,41407,3660241,6339948,82814,12679896,2860,4255,300368,699936,8510,1399872,"100mill-boot"
44,27,"petite","second",37782,41108,3688759,6311367,82216,12622734,2943,4236,307382,692973,8472,1385946,"100mill-boot"
44,28,"petite","second",37541,41248,3660021,6340051,82496,12680102,2827,4249,297372,702860,8498,1405720,"100mill-boot"
44,29,"petite","second",37511,41134,3658963,6341117,82268,12682234,2914,4210,303636,696698,8420,1393396,"100mill-boot"
44,30,"petite","second",37490,41297,3655665,6344474,82594,12688948,2842,4244,302351,697732,8488,1395464,"100mill-boot"
10,1,"petite","second",36908,42083,3620886,6379201,84166,12758402,2772,4393,292742,707493,8786,1414986,"100mill-boot"
10,2,"petite","second",36236,42366,3560670,6439363,84732,12878726,2790,4325,292390,707657,8650,1415314,"100mill-boot"
10,3,"petite","second",36539,42431,3578372,6421906,84862,12843812,2864,4262,301305,698993,8524,1397986,"100mill-boot"
10,4,"petite","second",36500,42420,3573307,6426700,84840,12853400,2736,4427,287127,712875,8854,1425750,"100mill-boot"
10,5,"petite","second",36805,42228,3590240,6409838,84456,12819676,2775,4359,294192,706181,8718,1412362,"100mill-boot"
10,6,"petite","second",36597,42486,3581298,6418781,84972,12837562,2671,4390,284244,715971,8780,1431942,"100mill-boot"
10,7,"petite","second",37097,42076,3618312,6381778,84152,12763556,2774,4313,292109,708044,8626,1416088,"100mill-boot"
10,8,"petite","second",36501,42523,3561649,6438521,85046,12877042,2757,4395,289917,710117,8790,1420234,"100mill-boot"
10,9,"petite","second",36895,42218,3611244,6388855,84436,12777710,2793,4316,292676,707339,8632,1414678,"100mill-boot"
10,10,"petite","second",36886,42028,3619757,6380501,84056,12761002,2769,4348,289385,710749,8696,1421498,"100mill-boot"
10,11,"petite","second",36547,42372,3578360,6421700,84744,12843400,2709,4362,287116,713299,8724,1426598,"100mill-boot"
10,12,"petite","second",36655,42154,3591415,6408694,84308,12817388,2757,4311,294055,705954,8622,1411908,"100mill-boot"
10,13,"petite","second",36962,42281,3615494,6384637,84562,12769274,2780,4408,288347,711999,8816,1423998,"100mill-boot"
10,14,"petite","second",36801,42282,3605423,6394623,84564,12789246,2811,4356,293815,706357,8712,1412714,"100mill-boot"
10,15,"petite","second",36773,42216,3608323,6391730,84432,12783460,2861,4267,302021,698096,8534,1396192,"100mill-boot"
10,16,"petite","second",36939,42219,3612503,6387515,84438,12775030,2814,4332,294316,705902,8664,1411804,"100mill-boot"
10,17,"petite","second",36949,42051,3619190,6380859,84102,12761718,2803,4288,295857,704445,8576,1408890,"100mill-boot"
10,18,"petite","second",36675,42206,3603163,6397012,84412,12794024,2753,4347,289267,711001,8694,1422002,"100mill-boot"
10,19,"petite","second",36809,42381,3601780,6398223,84762,12796446,2789,4306,297299,703126,8612,1406252,"100mill-boot"
10,20,"petite","second",36896,42109,3598486,6401711,84218,12803422,2732,4277,293060,707065,8554,1414130,"100mill-boot"
10,21,"petite","second",36610,42301,3582747,6417278,84602,12834556,2777,4307,296614,703466,8614,1406932,"100mill-boot"
10,22,"petite","second",36959,42433,3606879,6393172,84866,12786344,2806,4373,293579,706519,8746,1413038,"100mill-boot"
10,23,"petite","second",36832,42386,3591430,6408596,84772,12817192,2807,4377,293502,706532,8754,1413064,"100mill-boot"
10,24,"petite","second",36747,42278,3595476,6404589,84556,12809178,2762,4354,294206,705829,8708,1411658,"100mill-boot"
10,25,"petite","second",36402,42413,3569265,6430755,84826,12861510,2703,4405,283625,716384,8810,1432768,"100mill-boot"
10,26,"petite","second",36814,42098,3605548,6394593,84196,12789186,2803,4268,297488,702627,8536,1405254,"100mill-boot"
10,27,"petite","second",36793,42118,3603337,6396690,84236,12793380,2815,4312,295068,705102,8624,1410204,"100mill-boot"
10,28,"petite","second",36738,42216,3598394,6401644,84432,12803288,2780,4309,294970,705224,8618,1410448,"100mill-boot"
10,29,"petite","second",36824,42192,3602890,6397205,84384,12794410,2840,4343,300373,700201,8686,1400402,"100mill-boot"
10,30,"petite","second",36874,42308,3614760,6385250,84616,12770500,2760,4353,294121,706097,8706,1412194,"100mill-boot"
17,1,"petite","second",37595,41574,3682845,6317168,83148,12634336,2900,4259,304302,696503,8518,1393006,"100mill-boot"
17,2,"petite","second",37470,41383,3670282,6329814,82766,12659628,2838,4314,296459,703684,8628,1407368,"100mill-boot"
17,3,"petite","second",37092,41879,3617567,6382433,83758,12764866,2888,4236,303447,696613,8472,1393226,"100mill-boot"
17,4,"petite","second",37391,41655,3658054,6342080,83310,12684160,2960,4192,310531,689805,8384,1379610,"100mill-boot"
17,5,"petite","second",37382,41496,3659873,6340168,82992,12680336,2850,4283,299771,700479,8566,1400958,"100mill-boot"
17,6,"petite","second",37686,41653,3668784,6331355,83306,12662710,2788,4361,288150,711874,8722,1423748,"100mill-boot"
17,7,"petite","second",37897,41389,3696137,6303932,82778,12607864,2794,4298,296357,704464,8596,1408928,"100mill-boot"
17,8,"petite","second",37352,41756,3642511,6357621,83512,12715242,2816,4286,294384,705974,8572,1411948,"100mill-boot"
17,9,"petite","second",37448,41445,3656979,6343057,82890,12686114,2973,4218,310642,689521,8436,1379042,"100mill-boot"
17,10,"petite","second",37321,41570,3641366,6358738,83140,12717476,2809,4284,293354,706750,8568,1413500,"100mill-boot"
17,11,"petite","second",37629,41479,3674676,6325346,82958,12650692,2858,4235,299755,700505,8470,1401010,"100mill-boot"
17,12,"petite","second",37523,41684,3650123,6349914,83368,12699828,2924,4276,305722,694588,8552,1389176,"100mill-boot"
17,13,"petite","second",37616,41657,3654236,6345870,83314,12691740,2856,4316,296924,703137,8632,1406274,"100mill-boot"
17,14,"petite","second",37876,41496,3695475,6304678,82992,12609356,2951,4226,309002,691326,8452,1382652,"100mill-boot"
17,15,"petite","second",37779,41377,3693420,6306764,82754,12613528,2834,4253,301143,699048,8506,1398096,"100mill-boot"
17,16,"petite","second",37576,41650,3662839,6337222,83300,12674444,2797,4309,292593,707464,8618,1414928,"100mill-boot"
17,17,"petite","second",37703,41238,3685486,6314566,82476,12629132,2773,4277,291957,708173,8554,1416346,"100mill-boot"
17,18,"petite","second",36991,41784,3614593,6385456,83568,12770912,2836,4219,302530,697771,8438,1395542,"100mill-boot"
17,19,"petite","second",37349,41657,3646405,6353622,83314,12707244,2853,4254,302803,697284,8508,1394568,"100mill-boot"
17,20,"petite","second",38010,41310,3701294,6298775,82620,12597550,2870,4303,297675,702573,8606,1405146,"100mill-boot"
17,21,"petite","second",37548,41473,3655547,6344565,82946,12689130,2760,4300,288428,711835,8600,1423670,"100mill-boot"
17,22,"petite","second",37438,41686,3640384,6359625,83372,12719250,2746,4359,287329,712750,8718,1425500,"100mill-boot"
17,23,"petite","second",37330,41726,3622378,6377708,83452,12755416,2774,4316,289247,711334,8632,1422668,"100mill-boot"
17,24,"petite","second",37944,41336,3700966,6299138,82672,12598276,2806,4311,295217,705049,8622,1410098,"100mill-boot"
17,25,"petite","second",37382,41680,3645096,6354905,83360,12709810,2777,4369,293469,706914,8738,1413828,"100mill-boot"
17,26,"petite","second",37667,41531,3661604,6338547,83062,12677094,2851,4281,299521,701014,8562,1402028,"100mill-boot"
17,27,"petite","second",37773,41489,3681198,6318882,82978,12637764,2844,4286,298063,701967,8572,1403934,"100mill-boot"
17,28,"petite","second",37552,41518,3667286,6332790,83036,12665580,2953,4205,310691,689918,8410,1379836,"100mill-boot"
17,29,"petite","second",37434,41472,3647002,6353112,82944,12706224,2798,4309,292305,708033,8618,1416066,"100mill-boot"
17,30,"petite","second",37373,41851,3643523,6356637,83702,12713274,2855,4361,298536,701477,8722,1402954,"100mill-boot"
28,1,"petite","second",36800,42500,3615608,6384413,85000,12768826,2809,4349,295041,705345,8698,1410690,"100mill-boot"
28,2,"petite","second",36237,42668,3574914,6425088,85336,12850176,2772,4405,292839,707290,8810,1414580,"100mill-boot"
28,3,"petite","second",36726,42504,3614377,6385626,85008,12771252,2831,4376,302219,698051,8752,1396102,"100mill-boot"
28,4,"petite","second",36440,42690,3588223,6411808,85380,12823616,2849,4359,301908,698168,8718,1396336,"100mill-boot"
28,5,"petite","second",36860,42530,3618710,6381312,85060,12762624,2793,4344,294879,705245,8688,1410490,"100mill-boot"
28,6,"petite","second",36421,42830,3564704,6435297,85660,12870594,2783,4391,292498,707918,8782,1415836,"100mill-boot"
28,7,"petite","second",36484,42777,3582367,6417796,85554,12835592,2782,4356,293477,706653,8712,1413306,"100mill-boot"
28,8,"petite","second",36365,42771,3568746,6431388,85542,12862776,2788,4378,290396,709738,8756,1419476,"100mill-boot"
28,9,"petite","second",36393,42640,3576429,6423621,85280,12847242,2740,4412,288314,711868,8824,1423736,"100mill-boot"
28,10,"petite","second",36557,42594,3595885,6404117,85188,12808234,2737,4355,291182,709156,8710,1418312,"100mill-boot"
28,11,"petite","second",36424,42695,3577132,6422899,85390,12845798,2764,4377,291761,708289,8754,1416578,"100mill-boot"
28,12,"petite","second",36532,42604,3598562,6401466,85208,12802932,2779,4388,290076,710201,8776,1420402,"100mill-boot"
28,13,"petite","second",36794,42537,3608627,6391374,85074,12782748,2802,4385,294345,705786,8770,1411572,"100mill-boot"
28,14,"petite","second",36458,42824,3587666,6412455,85648,12824910,2661,4490,281004,719201,8980,1438402,"100mill-boot"
28,15,"petite","second",36687,42577,3591907,6408213,85154,12816426,2873,4293,305986,694258,8586,1388516,"100mill-boot"
28,16,"petite","second",36847,42534,3621690,6378313,85068,12756626,2850,4308,302520,697494,8616,1394988,"100mill-boot"
28,17,"petite","second",36698,42659,3598476,6401627,85318,12803254,2621,4461,275802,724325,8922,1448650,"100mill-boot"
28,18,"petite","second",36560,42490,3596595,6403474,84980,12806948,2839,4348,301006,699052,8696,1398104,"100mill-boot"
28,19,"petite","second",36563,42558,3596824,6403319,85116,12806638,2832,4381,299248,701087,8762,1402174,"100mill-boot"
28,20,"petite","second",36614,42596,3586839,6413198,85192,12826396,2820,4326,298423,701988,8652,1403976,"100mill-boot"
28,21,"petite","second",36527,42573,3591541,6408499,85146,12816998,2778,4420,289294,710985,8840,1421970,"100mill-boot"
28,22,"petite","second",36713,42669,3598820,6401209,85338,12802418,2726,4449,284578,715600,8898,1431200,"100mill-boot"
28,23,"petite","second",36614,42760,3597581,6402446,85520,12804892,2874,4351,301597,698742,8702,1397484,"100mill-boot"
28,24,"petite","second",36805,42616,3623001,6377139,85232,12754278,2825,4292,300050,700008,8584,1400016,"100mill-boot"
28,25,"petite","second",36569,42453,3601409,6398613,84906,12797226,2743,4377,291044,709276,8754,1418552,"100mill-boot"
28,26,"petite","second",36500,42605,3585855,6414219,85210,12828438,2776,4399,292456,707600,8798,1415200,"100mill-boot"
28,27,"petite","second",36324,42828,3568467,6431780,85656,12863560,2860,4380,301463,698755,8760,1397510,"100mill-boot"
28,28,"petite","second",36585,42617,3595806,6404277,85234,12808554,2798,4393,292403,707962,8786,1415924,"100mill-boot"
28,29,"petite","second",36682,42426,3611848,6388173,84852,12776346,2783,4369,298165,702219,8738,1404438,"100mill-boot"
28,30,"petite","second",36329,42792,3567105,6433017,85584,12866034,2707,4393,289711,710834,8786,1421668,"100mill-boot"
21,1,"petite","second",38184,41010,3689403,6310767,82020,12621534,2843,4222,298548,701685,8444,1403370,"100mill-boot"
21,2,"petite","second",37843,41016,3665098,6334923,82032,12669846,2825,4242,293817,706250,8484,1412500,"100mill-boot"
21,3,"petite","second",37998,40969,3687589,6312442,81938,12624884,2884,4209,301407,698775,8418,1397550,"100mill-boot"
21,4,"petite","second",37788,41114,3658239,6341779,82228,12683558,2830,4268,291763,708611,8536,1417222,"100mill-boot"
21,5,"petite","second",37953,41066,3671662,6328446,82132,12656892,2800,4300,290288,709887,8600,1419774,"100mill-boot"
21,6,"petite","second",37869,41082,3671929,6328084,82164,12656168,2782,4254,294316,705743,8508,1411486,"100mill-boot"
21,7,"petite","second",38542,40716,3722832,6277511,81432,12555022,2962,4160,307015,693127,8320,1386254,"100mill-boot"
21,8,"petite","second",38191,40852,3695119,6304938,81704,12609876,2866,4193,301905,698955,8386,1397910,"100mill-boot"
21,9,"petite","second",38056,41025,3679305,6320703,82050,12641406,2836,4228,296178,704016,8456,1408032,"100mill-boot"
21,10,"petite","second",37913,41061,3670634,6329382,82122,12658764,2806,4298,293392,706683,8596,1413366,"100mill-boot"
21,11,"petite","second",37756,41150,3668563,6331610,82300,12663220,2782,4307,290671,709470,8614,1418940,"100mill-boot"
21,12,"petite","second",38097,40757,3699277,6300899,81514,12601798,2943,4164,307677,692710,8328,1385420,"100mill-boot"
21,13,"petite","second",38118,40907,3698457,6301897,81814,12603794,2838,4218,296087,704194,8436,1408388,"100mill-boot"
21,14,"petite","second",37983,40958,3683332,6316759,81916,12633518,2843,4289,294078,705925,8578,1411850,"100mill-boot"
21,15,"petite","second",37859,40923,3671116,6328969,81846,12657938,2830,4238,293506,706590,8476,1413180,"100mill-boot"
21,16,"petite","second",38418,40673,3727819,6272250,81346,12544500,2844,4246,294755,705363,8492,1410726,"100mill-boot"
21,17,"petite","second",37960,40925,3672966,6327122,81850,12654244,2943,4167,302890,697549,8334,1395098,"100mill-boot"
21,18,"petite","second",37782,41170,3647948,6352127,82340,12704254,2907,4246,302300,698193,8492,1396386,"100mill-boot"
21,19,"petite","second",37962,40674,3688279,6311729,81348,12623458,2786,4207,291372,708885,8414,1417770,"100mill-boot"
21,20,"petite","second",38139,40886,3697138,6302862,81772,12605724,2854,4292,293938,706344,8584,1412688,"100mill-boot"
21,21,"petite","second",37914,41080,3679462,6320571,82160,12641142,2846,4272,298768,701346,8544,1402692,"100mill-boot"
21,22,"petite","second",37966,40941,3664353,6335851,81882,12671702,2828,4253,294438,706094,8506,1412188,"100mill-boot"
21,23,"petite","second",38037,40985,3673641,6326430,81970,12652860,2779,4303,288405,711771,8606,1423542,"100mill-boot"
21,24,"petite","second",37920,40919,3684243,6315860,81838,12631720,2920,4250,304211,696213,8500,1392426,"100mill-boot"
21,25,"petite","second",37924,41023,3669549,6330467,82046,12660934,2752,4241,290852,709460,8482,1418920,"100mill-boot"
21,26,"petite","second",37836,41236,3667534,6332472,82472,12664944,2803,4283,293703,706325,8566,1412650,"100mill-boot"
21,27,"petite","second",38421,40846,3724005,6276035,81692,12552070,2817,4276,292994,707042,8552,1414084,"100mill-boot"
21,28,"petite","second",38198,41008,3703905,6296127,82016,12592254,2832,4289,297432,702605,8578,1405210,"100mill-boot"
21,29,"petite","second",37626,41188,3640821,6359182,82376,12718364,2844,4262,295027,705104,8524,1410208,"100mill-boot"
21,30,"petite","second",37718,41162,3665535,6334513,82324,12669026,2866,4262,297971,702266,8524,1404532,"100mill-boot"
26,1,"petite","second",37276,41603,3633078,6366931,83206,12733862,2870,4281,298257,701788,8562,1403576,"100mill-boot"
26,2,"petite","second",37285,41299,3664470,6335638,82598,12671276,2849,4274,305182,695121,8548,1390242,"100mill-boot"
26,3,"petite","second",37266,41490,3651162,6348976,82980,12697952,2829,4250,299637,700933,8500,1401866,"100mill-boot"
26,4,"petite","second",37511,41294,3658634,6341429,82588,12682858,2771,4274,295317,705158,8548,1410316,"100mill-boot"
26,5,"petite","second",37210,41431,3648441,6351609,82862,12703218,2788,4296,292526,707866,8592,1415732,"100mill-boot"
26,6,"petite","second",37207,41490,3637916,6362136,82980,12724272,2842,4276,297004,703135,8552,1406270,"100mill-boot"
26,7,"petite","second",37245,41494,3638981,6361057,82988,12722114,2672,4379,285155,714979,8758,1429958,"100mill-boot"
26,8,"petite","second",37202,41445,3638161,6361873,82890,12723746,2750,4299,294537,705659,8598,1411318,"100mill-boot"
26,9,"petite","second",37413,41263,3664989,6335021,82526,12670042,2800,4212,299845,700479,8424,1400958,"100mill-boot"
26,10,"petite","second",37370,41325,3659559,6340492,82650,12680984,2825,4212,298429,701573,8424,1403146,"100mill-boot"
26,11,"petite","second",37451,41297,3669643,6330372,82594,12660744,2836,4291,298561,701673,8582,1403346,"100mill-boot"
26,12,"petite","second",36943,41644,3608373,6391674,83288,12783348,2779,4281,291406,708873,8562,1417746,"100mill-boot"
26,13,"petite","second",37315,41571,3642795,6357288,83142,12714576,2809,4299,294794,705406,8598,1410812,"100mill-boot"
26,14,"petite","second",37493,41406,3669003,6331039,82812,12662078,2881,4299,301465,698958,8598,1397916,"100mill-boot"
26,15,"petite","second",37090,41434,3638075,6361981,82868,12723962,2845,4283,299044,701011,8566,1402022,"100mill-boot"
26,16,"petite","second",37447,41509,3659300,6340865,83018,12681730,2786,4303,294625,705415,8606,1410830,"100mill-boot"
26,17,"petite","second",37217,41541,3630710,6369320,83082,12738640,2799,4270,294247,705892,8540,1411784,"100mill-boot"
26,18,"petite","second",37238,41469,3649145,6350870,82938,12701740,2810,4266,295900,704985,8532,1409970,"100mill-boot"
26,19,"petite","second",37539,41381,3667956,6332064,82762,12664128,2829,4324,293546,706628,8648,1413256,"100mill-boot"
26,20,"petite","second",37083,41596,3629440,6370636,83192,12741272,2743,4317,292635,707420,8634,1414840,"100mill-boot"
26,21,"petite","second",37323,41580,3647178,6352894,83160,12705788,2760,4330,288197,711815,8660,1423630,"100mill-boot"
26,22,"petite","second",37269,41526,3651227,6348860,83052,12697720,2796,4297,297786,702506,8594,1405012,"100mill-boot"
26,23,"petite","second",37413,41377,3650212,6349945,82754,12699890,2748,4312,285569,714481,8624,1428962,"100mill-boot"
26,24,"petite","second",37521,41357,3655726,6344326,82714,12688652,2863,4280,296915,703113,8560,1406226,"100mill-boot"
26,25,"petite","second",37428,41326,3659019,6341021,82652,12682042,2874,4239,306697,693859,8478,1387718,"100mill-boot"
26,26,"petite","second",37384,41489,3633654,6366381,82978,12732762,2745,4298,286666,713412,8596,1426824,"100mill-boot"
26,27,"petite","second",37465,41449,3665147,6334907,82898,12669814,2813,4281,297726,702738,8562,1405476,"100mill-boot"
26,28,"petite","second",37437,41160,3665977,6334035,82320,12668070,2827,4241,293450,706980,8482,1413960,"100mill-boot"
26,29,"petite","second",37318,41229,3667155,6332851,82458,12665702,2853,4254,301220,698942,8508,1397884,"100mill-boot"
26,30,"petite","second",36955,41634,3623012,6377050,83268,12754100,2749,4340,286869,713672,8680,1427344,"100mill-boot"
19,1,"petite","second",38416,40655,3733791,6266320,81310,12532640,2968,4145,311154,689103,8290,1378206,"100mill-boot"
19,2,"petite","second",38147,40854,3721215,6278851,81708,12557702,2940,4214,309268,690906,8428,1381812,"100mill-boot"
19,3,"petite","second",37896,40869,3696115,6303899,81738,12607798,2918,4171,307266,693555,8342,1387110,"100mill-boot"
19,4,"petite","second",38219,40759,3724987,6275170,81518,12550340,2936,4182,304822,695619,8364,1391238,"100mill-boot"
19,5,"petite","second",38198,40627,3724466,6275601,81254,12551202,2925,4210,304751,695276,8420,1390552,"100mill-boot"
19,6,"petite","second",38461,40743,3748316,6251763,81486,12503526,2958,4189,307441,692694,8378,1385388,"100mill-boot"
19,7,"petite","second",38462,40596,3740715,6259363,81192,12518726,2947,4238,305082,694985,8476,1389970,"100mill-boot"
19,8,"petite","second",38332,40635,3725455,6274549,81270,12549098,2931,4235,302309,697784,8470,1395568,"100mill-boot"
19,9,"petite","second",38271,40789,3716041,6284125,81578,12568250,2902,4184,301446,698560,8368,1397120,"100mill-boot"
19,10,"petite","second",38131,40803,3711715,6288418,81606,12576836,2866,4250,297016,703281,8500,1406562,"100mill-boot"
19,11,"petite","second",38174,40803,3704563,6295443,81606,12590886,3003,4188,306967,693434,8376,1386868,"100mill-boot"
19,12,"petite","second",38258,40807,3718977,6281090,81614,12562180,2884,4171,305418,694865,8342,1389730,"100mill-boot"
19,13,"petite","second",38308,40852,3726777,6273265,81704,12546530,3036,4145,317248,682760,8290,1365520,"100mill-boot"
19,14,"petite","second",38120,40842,3711077,6288991,81684,12577982,2921,4214,304183,696011,8428,1392022,"100mill-boot"
19,15,"petite","second",38414,40724,3731304,6268762,81448,12537524,2921,4189,302128,698081,8378,1396162,"100mill-boot"
19,16,"petite","second",38413,40671,3734915,6265173,81342,12530346,2957,4190,306760,693540,8380,1387080,"100mill-boot"
19,17,"petite","second",38074,40870,3713355,6286876,81740,12573752,2904,4257,301133,698918,8514,1397836,"100mill-boot"
19,18,"petite","second",38315,40761,3736597,6263485,81522,12526970,3004,4154,313268,687219,8308,1374438,"100mill-boot"
19,19,"petite","second",38468,40670,3746327,6253695,81340,12507390,3004,4123,312985,687063,8246,1374126,"100mill-boot"
19,20,"petite","second",38063,40948,3699127,6300926,81896,12601852,2860,4224,298618,701410,8448,1402820,"100mill-boot"
19,21,"petite","second",38259,40764,3727488,6272638,81528,12545276,2870,4265,295011,704989,8530,1409978,"100mill-boot"
19,22,"petite","second",38346,40782,3732649,6267443,81564,12534886,2943,4166,309089,691415,8332,1382830,"100mill-boot"
19,23,"petite","second",38240,40755,3712674,6287445,81510,12574890,2878,4218,301971,698096,8436,1396192,"100mill-boot"
19,24,"petite","second",38351,40830,3734932,6265185,81660,12530370,2913,4227,306207,694109,8454,1388218,"100mill-boot"
19,25,"petite","second",38308,40866,3721215,6278796,81732,12557592,2874,4246,300143,700210,8492,1400420,"100mill-boot"
19,26,"petite","second",38307,40912,3727441,6272733,81824,12545466,2898,4237,302968,697189,8474,1394378,"100mill-boot"
19,27,"petite","second",38314,40756,3732156,6268112,81512,12536224,2851,4207,302631,697702,8414,1395404,"100mill-boot"
19,28,"petite","second",38388,40822,3729765,6270272,81644,12540544,2917,4235,304017,696057,8470,1392114,"100mill-boot"
19,29,"petite","second",38204,40738,3709118,6290901,81476,12581802,2948,4235,306871,693864,8470,1387728,"100mill-boot"
19,30,"petite","second",38011,41081,3706655,6293367,82162,12586734,2927,4175,306534,693526,8350,1387052,"100mill-boot"
45,1,"petite","second",36898,42023,3616143,6383873,84046,12767746,2825,4326,297644,702719,8652,1405438,"100mill-boot"
45,2,"petite","second",36925,42074,3624326,6375808,84148,12751616,2739,4398,289641,710686,8796,1421372,"100mill-boot"
45,3,"petite","second",36557,42262,3560954,6439169,84524,12878338,2757,4382,286712,713339,8764,1426678,"100mill-boot"
45,4,"petite","second",37085,42128,3627733,6372294,84256,12744588,2922,4238,308645,691711,8476,1383422,"100mill-boot"
45,5,"petite","second",36823,42258,3587310,6412812,84516,12825624,2773,4372,291417,708735,8744,1417470,"100mill-boot"
45,6,"petite","second",36729,42338,3588585,6411513,84676,12823026,2813,4361,293353,706651,8722,1413302,"100mill-boot"
45,7,"petite","second",36828,42222,3592085,6407977,84444,12815954,2822,4315,295445,704619,8630,1409238,"100mill-boot"
45,8,"petite","second",36576,42482,3577189,6422853,84964,12845706,2764,4400,291645,708671,8800,1417342,"100mill-boot"
45,9,"petite","second",36741,42095,3585622,6414439,84190,12828878,2793,4370,294121,705991,8740,1411982,"100mill-boot"
45,10,"petite","second",36723,42253,3586685,6413377,84506,12826754,2764,4376,287499,712555,8752,1425110,"100mill-boot"
45,11,"petite","second",36488,42359,3566071,6434024,84718,12868048,2821,4364,295308,704812,8728,1409624,"100mill-boot"
45,12,"petite","second",36972,42090,3608737,6391278,84180,12782556,2801,4356,293361,706922,8712,1413844,"100mill-boot"
45,13,"petite","second",36828,42276,3599422,6400651,84552,12801302,2864,4320,302983,697187,8640,1394374,"100mill-boot"
45,14,"petite","second",36819,42226,3598405,6401680,84452,12803360,2821,4341,294549,705527,8682,1411054,"100mill-boot"
45,15,"petite","second",36619,42263,3576839,6423167,84526,12846334,2782,4361,290069,710100,8722,1420200,"100mill-boot"
45,16,"petite","second",36916,42139,3607963,6392072,84278,12784144,2758,4373,285088,715370,8746,1430740,"100mill-boot"
45,17,"petite","second",36780,42280,3587761,6412337,84560,12824674,2749,4336,285103,715166,8672,1430332,"100mill-boot"
45,18,"petite","second",36200,42533,3545240,6454823,85066,12909646,2715,4384,283838,716201,8768,1432402,"100mill-boot"
45,19,"petite","second",37093,41981,3635185,6364821,83962,12729642,2797,4344,295235,704981,8688,1409962,"100mill-boot"
45,20,"petite","second",37234,41934,3643854,6356275,83868,12712550,2797,4333,295826,704501,8666,1409002,"100mill-boot"
45,21,"petite","second",37085,41958,3627778,6372242,83916,12744484,2821,4297,298600,701793,8594,1403586,"100mill-boot"
45,22,"petite","second",36480,42411,3558251,6441834,84822,12883668,2742,4335,289669,710340,8670,1420680,"100mill-boot"
45,23,"petite","second",36722,42380,3582141,6418106,84760,12836212,2819,4286,299721,700523,8572,1401046,"100mill-boot"
45,24,"petite","second",36497,42314,3571446,6428604,84628,12857208,2793,4411,294040,706142,8822,1412284,"100mill-boot"
45,25,"petite","second",37121,42025,3633425,6366577,84050,12733154,2782,4350,291822,708454,8700,1416908,"100mill-boot"
45,26,"petite","second",36998,42060,3625184,6374865,84120,12749730,2704,4420,284145,716349,8840,1432698,"100mill-boot"
45,27,"petite","second",36764,42152,3597220,6402823,84304,12805646,2775,4338,293492,706543,8676,1413086,"100mill-boot"
45,28,"petite","second",36865,41998,3618859,6381226,83996,12762452,2900,4273,308303,691889,8546,1383778,"100mill-boot"
45,29,"petite","second",36950,42021,3610122,6389974,84042,12779948,2803,4310,294794,705239,8620,1410478,"100mill-boot"
45,30,"petite","second",36885,42173,3611517,6388622,84346,12777244,2854,4294,299568,700452,8588,1400904,"100mill-boot"
42,1,"petite","second",37035,41936,3625610,6374447,83872,12748894,2770,4326,288398,712039,8652,1424078,"100mill-boot"
42,2,"petite","second",37016,41783,3637403,6362641,83566,12725282,2787,4308,291990,708125,8616,1416250,"100mill-boot"
42,3,"petite","second",36945,42057,3615414,6384665,84114,12769330,2814,4337,296971,703388,8674,1406776,"100mill-boot"
42,4,"petite","second",37231,41845,3653154,6346866,83690,12693732,2759,4341,293359,706928,8682,1413856,"100mill-boot"
42,5,"petite","second",36791,42043,3610029,6390016,84086,12780032,2712,4332,288756,711350,8664,1422700,"100mill-boot"
42,6,"petite","second",36865,42125,3610134,6389897,84250,12779794,2726,4378,287730,712291,8756,1424582,"100mill-boot"
42,7,"petite","second",37224,41982,3645434,6354649,83964,12709298,2761,4281,293553,706978,8562,1413956,"100mill-boot"
42,8,"petite","second",36999,42064,3629036,6370998,84128,12741996,2816,4312,294467,706006,8624,1412012,"100mill-boot"
42,9,"petite","second",37308,41809,3656377,6343700,83618,12687400,2838,4330,298803,701367,8660,1402734,"100mill-boot"
42,10,"petite","second",36884,41813,3621591,6378709,83626,12757418,2790,4311,293370,706942,8622,1413884,"100mill-boot"
42,11,"petite","second",37008,41979,3631995,6368078,83958,12736156,2898,4331,303832,696757,8662,1393514,"100mill-boot"
42,12,"petite","second",36715,42141,3594531,6405521,84282,12811042,2785,4307,295893,704418,8614,1408836,"100mill-boot"
42,13,"petite","second",37261,41728,3654709,6345311,83456,12690622,2785,4292,292590,707900,8584,1415800,"100mill-boot"
42,14,"petite","second",36917,42064,3610643,6389415,84128,12778830,2936,4246,312584,687476,8492,1374952,"100mill-boot"
42,15,"petite","second",37229,41761,3652991,6347051,83522,12694102,2852,4248,299035,701026,8496,1402052,"100mill-boot"
42,16,"petite","second",37071,41992,3628975,6371188,83984,12742376,2805,4337,296396,703855,8674,1407710,"100mill-boot"
42,17,"petite","second",37143,41954,3620099,6379942,83908,12759884,2749,4311,292156,707977,8622,1415954,"100mill-boot"
42,18,"petite","second",36978,42022,3639661,6360426,84044,12720852,2823,4306,295093,705020,8612,1410040,"100mill-boot"
42,19,"petite","second",37026,41973,3625807,6374208,83946,12748416,2775,4340,292192,707914,8680,1415828,"100mill-boot"
42,20,"petite","second",37311,41641,3655169,6344900,83282,12689800,2877,4259,304167,696166,8518,1392332,"100mill-boot"
42,21,"petite","second",36969,41965,3625309,6374794,83930,12749588,2761,4337,291445,708704,8674,1417408,"100mill-boot"
42,22,"petite","second",37171,41879,3639813,6360225,83758,12720450,2787,4282,293078,707039,8564,1414078,"100mill-boot"
42,23,"petite","second",37275,41855,3652861,6347199,83710,12694398,2779,4263,295384,705118,8526,1410236,"100mill-boot"
42,24,"petite","second",37087,42093,3616898,6383156,84186,12766312,2814,4339,292167,708545,8678,1417090,"100mill-boot"
42,25,"petite","second",37068,41911,3641939,6358078,83822,12716156,2787,4368,295918,704553,8736,1409106,"100mill-boot"
42,26,"petite","second",37193,41811,3640184,6359862,83622,12719724,2837,4262,300706,699716,8524,1399432,"100mill-boot"
42,27,"petite","second",37089,41688,3634606,6365476,83376,12730952,2805,4276,297116,703554,8552,1407108,"100mill-boot"
42,28,"petite","second",36861,41848,3614304,6385717,83696,12771434,2871,4266,305283,695089,8532,1390178,"100mill-boot"
42,29,"petite","second",37166,41637,3640572,6359468,83274,12718936,2793,4310,293051,707190,8620,1414380,"100mill-boot"
42,30,"petite","second",37013,42045,3617958,6382117,84090,12764234,2833,4299,295166,705150,8598,1410300,"100mill-boot"
27,1,"petite","second",38158,41563,3715077,6285001,83126,12570002,2949,4260,306417,693940,8520,1387880,"100mill-boot"
27,2,"petite","second",37729,41775,3689691,6310373,83550,12620746,2864,4332,298748,701374,8664,1402748,"100mill-boot"
27,3,"petite","second",37703,41985,3669131,6330876,83970,12661752,2906,4276,300478,700548,8552,1401096,"100mill-boot"
27,4,"petite","second",37745,41689,3678067,6322014,83378,12644028,2807,4328,288860,711275,8656,1422550,"100mill-boot"
27,5,"petite","second",37605,41948,3659554,6340511,83896,12681022,2950,4263,308254,692423,8526,1384846,"100mill-boot"
27,6,"petite","second",37926,41741,3708174,6291847,83482,12583694,2901,4299,305317,694941,8598,1389882,"100mill-boot"
27,7,"petite","second",38080,41699,3711934,6288072,83398,12576144,2885,4313,304608,696030,8626,1392060,"100mill-boot"
27,8,"petite","second",37915,41776,3691550,6308583,83552,12617166,2895,4315,303535,696541,8630,1393082,"100mill-boot"
27,9,"petite","second",38119,41760,3703506,6296512,83520,12593024,2903,4284,306484,693591,8568,1387182,"100mill-boot"
27,10,"petite","second",37731,41868,3678847,6321182,83736,12642364,2895,4325,303284,696855,8650,1393710,"100mill-boot"
27,11,"petite","second",38364,41346,3741252,6258889,82692,12517778,2987,4221,311603,688657,8442,1377314,"100mill-boot"
27,12,"petite","second",38175,41702,3726259,6273897,83404,12547794,2877,4325,300584,699639,8650,1399278,"100mill-boot"
27,13,"petite","second",38053,41727,3706796,6293223,83454,12586446,2926,4287,308288,692099,8574,1384198,"100mill-boot"
27,14,"petite","second",38027,41818,3697202,6302969,83636,12605938,2898,4313,302409,697730,8626,1395460,"100mill-boot"
27,15,"petite","second",38300,41483,3726276,6273744,82966,12547488,2814,4306,298486,701614,8612,1403228,"100mill-boot"
27,16,"petite","second",37846,41703,3683173,6316865,83406,12633730,2752,4383,284831,715928,8766,1431856,"100mill-boot"
27,17,"petite","second",37980,41663,3699298,6300761,83326,12601522,2831,4256,300225,700275,8512,1400550,"100mill-boot"
27,18,"petite","second",38162,41654,3716461,6283638,83308,12567276,2917,4303,305993,694034,8606,1388068,"100mill-boot"
27,19,"petite","second",38038,41726,3705891,6294343,83452,12588686,2912,4273,306340,693787,8546,1387574,"100mill-boot"
27,20,"petite","second",38305,41504,3734756,6265345,83008,12530690,2971,4275,309022,691183,8550,1382366,"100mill-boot"
27,21,"petite","second",38000,41572,3704800,6295228,83144,12590456,2982,4217,315075,685257,8434,1370514,"100mill-boot"
27,22,"petite","second",38197,41700,3709598,6290454,83400,12580908,2862,4311,298107,702099,8622,1404198,"100mill-boot"
27,23,"petite","second",38096,41892,3705173,6294835,83784,12589670,2886,4305,299732,700469,8610,1400938,"100mill-boot"
27,24,"petite","second",37922,41762,3696262,6303780,83524,12607560,2863,4285,301623,698988,8570,1397976,"100mill-boot"
27,25,"petite","second",38006,41654,3705021,6295148,83308,12590296,2895,4289,305979,694042,8578,1388084,"100mill-boot"
27,26,"petite","second",38243,41579,3711210,6288851,83158,12577702,2841,4376,296093,703941,8752,1407882,"100mill-boot"
27,27,"petite","second",38246,41572,3728954,6271086,83144,12542172,2749,4339,288490,711631,8678,1423262,"100mill-boot"
27,28,"petite","second",38046,41657,3702105,6297983,83314,12595966,2913,4270,309433,691334,8540,1382668,"100mill-boot"
27,29,"petite","second",38278,41329,3733054,6267029,82658,12534058,2825,4320,295857,704169,8640,1408338,"100mill-boot"
27,30,"petite","second",38038,41808,3709057,6290978,83616,12581956,2822,4327,296410,703999,8654,1407998,"100mill-boot"
18,1,"petite","second",37374,41632,3660494,6339520,83264,12679040,2859,4301,301899,698128,8602,1396256,"100mill-boot"
18,2,"petite","second",37179,41636,3654632,6345473,83272,12690946,2850,4269,305854,694393,8538,1388786,"100mill-boot"
18,3,"petite","second",37229,41761,3638136,6361877,83522,12723754,2839,4299,302011,698046,8598,1396092,"100mill-boot"
18,4,"petite","second",37348,41553,3661309,6338796,83106,12677592,2740,4334,291294,708969,8668,1417938,"100mill-boot"
18,5,"petite","second",37110,41776,3636738,6363302,83552,12726604,2742,4352,287534,712659,8704,1425318,"100mill-boot"
18,6,"petite","second",37220,41742,3639911,6360093,83484,12720186,2912,4207,307150,692952,8414,1385904,"100mill-boot"
18,7,"petite","second",37427,41584,3661502,6338557,83168,12677114,2810,4335,294112,706167,8670,1412334,"100mill-boot"
18,8,"petite","second",37078,41763,3625941,6374075,83526,12748150,2903,4216,304249,696264,8432,1392528,"100mill-boot"
18,9,"petite","second",37732,41448,3686987,6313157,82896,12626314,2884,4236,305564,694735,8472,1389470,"100mill-boot"
18,10,"petite","second",37253,41646,3651599,6348461,83292,12696922,2806,4294,293154,706967,8588,1413934,"100mill-boot"
18,11,"petite","second",36955,41771,3629963,6370094,83542,12740188,2906,4232,307459,693080,8464,1386160,"100mill-boot"
18,12,"petite","second",37344,41667,3656274,6343814,83334,12687628,2925,4215,311307,689081,8430,1378162,"100mill-boot"
18,13,"petite","second",37144,41756,3634914,6365097,83512,12730194,2851,4285,302370,697791,8570,1395582,"100mill-boot"
18,14,"petite","second",37362,41710,3664003,6336008,83420,12672016,2844,4270,300633,699663,8540,1399326,"100mill-boot"
18,15,"petite","second",37335,41673,3668992,6331065,83346,12662130,2901,4252,307163,693197,8504,1386394,"100mill-boot"
18,16,"petite","second",37225,41808,3642235,6357778,83616,12715556,2801,4328,291083,709060,8656,1418120,"100mill-boot"
18,17,"petite","second",37215,41772,3638500,6361725,83544,12723450,2799,4274,297176,702950,8548,1405900,"100mill-boot"
18,18,"petite","second",37526,41532,3682212,6317954,83064,12635908,2902,4248,305691,694406,8496,1388812,"100mill-boot"
18,19,"petite","second",37174,41652,3647216,6352902,83304,12705804,2841,4260,303394,696770,8520,1393540,"100mill-boot"
18,20,"petite","second",37642,41488,3669859,6330171,82976,12660342,2726,4324,287029,713023,8648,1426046,"100mill-boot"
18,21,"petite","second",37222,41542,3654651,6345461,83084,12690922,2849,4280,298011,702068,8560,1404136,"100mill-boot"
18,22,"petite","second",37203,41834,3634512,6365592,83668,12731184,2869,4258,301872,698652,8516,1397304,"100mill-boot"
18,23,"petite","second",37570,41606,3672308,6327830,83212,12655660,2792,4260,296656,703401,8520,1406802,"100mill-boot"
18,24,"petite","second",37328,41652,3673368,6326733,83304,12653466,2851,4262,303543,696461,8524,1392922,"100mill-boot"
18,25,"petite","second",37336,41489,3655205,6344897,82978,12689794,2887,4264,304103,696152,8528,1392304,"100mill-boot"
18,26,"petite","second",37606,41444,3684877,6315285,82888,12630570,2847,4269,301122,699084,8538,1398168,"100mill-boot"
18,27,"petite","second",37290,41734,3652400,6347671,83468,12695342,2827,4282,298975,701060,8564,1402120,"100mill-boot"
18,28,"petite","second",37281,41607,3652162,6348030,83214,12696060,2836,4322,298183,701928,8644,1403856,"100mill-boot"
18,29,"petite","second",37213,41517,3644924,6355135,83034,12710270,2807,4221,299965,700062,8442,1400124,"100mill-boot"
18,30,"petite","second",37171,41793,3643389,6356642,83586,12713284,2842,4302,298542,702087,8604,1404174,"100mill-boot"
20,1,"petite","second",37455,41378,3661255,6338807,82756,12677614,2763,4277,293905,706108,8554,1412216,"100mill-boot"
20,2,"petite","second",37765,41445,3682306,6317831,82890,12635662,2842,4290,298687,701570,8580,1403140,"100mill-boot"
20,3,"petite","second",37782,41306,3674048,6326069,82612,12652138,2906,4237,300824,699305,8474,1398610,"100mill-boot"
20,4,"petite","second",37581,41443,3660103,6339899,82886,12679798,2873,4265,301006,699520,8530,1399040,"100mill-boot"
20,5,"petite","second",38037,41152,3695435,6304604,82304,12609208,2830,4292,293618,706488,8584,1412976,"100mill-boot"
20,6,"petite","second",37886,41364,3697516,6302598,82728,12605196,2849,4266,299341,700756,8532,1401512,"100mill-boot"
20,7,"petite","second",37954,41285,3687595,6312497,82570,12624994,2856,4269,301222,699275,8538,1398550,"100mill-boot"
20,8,"petite","second",37477,41533,3664836,6335196,83066,12670392,2935,4246,307782,692309,8492,1384618,"100mill-boot"
20,9,"petite","second",37324,41592,3634937,6365161,83184,12730322,2854,4286,298720,701713,8572,1403426,"100mill-boot"
20,10,"petite","second",37586,41431,3671733,6328304,82862,12656608,2785,4264,294575,705566,8528,1411132,"100mill-boot"
20,11,"petite","second",37601,41416,3661883,6338172,82832,12676344,2775,4340,288839,711304,8680,1422608,"100mill-boot"
20,12,"petite","second",37950,41366,3684576,6315543,82732,12631086,2917,4208,305600,694529,8416,1389058,"100mill-boot"
20,13,"petite","second",37703,41404,3660719,6339331,82808,12678662,2793,4251,295565,704838,8502,1409676,"100mill-boot"
20,14,"petite","second",37496,41417,3660054,6340011,82834,12680022,2848,4235,302332,697985,8470,1395970,"100mill-boot"
20,15,"petite","second",37836,41422,3682121,6317904,82844,12635808,2894,4250,306202,693963,8500,1387926,"100mill-boot"
20,16,"petite","second",37704,41487,3671515,6328488,82974,12656976,2868,4276,300545,699962,8552,1399924,"100mill-boot"
20,17,"petite","second",37882,41402,3667256,6332839,82804,12665678,2804,4304,292647,707789,8608,1415578,"100mill-boot"
20,18,"petite","second",37658,41404,3665403,6334640,82808,12669280,2882,4235,300329,699932,8470,1399864,"100mill-boot"
20,19,"petite","second",37569,41483,3658067,6341961,82966,12683922,2786,4292,291693,708684,8584,1417368,"100mill-boot"
20,20,"petite","second",37727,41363,3669464,6330600,82726,12661200,2845,4314,300243,700219,8628,1400438,"100mill-boot"
20,21,"petite","second",37769,41326,3676216,6323865,82652,12647730,2883,4212,305430,695024,8424,1390048,"100mill-boot"
20,22,"petite","second",37819,41418,3678088,6322107,82836,12644214,2906,4211,305828,694277,8422,1388554,"100mill-boot"
20,23,"petite","second",37501,41690,3656186,6343823,83380,12687646,2778,4315,295676,704569,8630,1409138,"100mill-boot"
20,24,"petite","second",37469,41502,3651474,6348538,83004,12697076,2790,4289,293277,706728,8578,1413456,"100mill-boot"
20,25,"petite","second",37715,41345,3676631,6323440,82690,12646880,2763,4253,290549,709872,8506,1419744,"100mill-boot"
20,26,"petite","second",37265,41533,3622951,6377058,83066,12754116,2799,4266,295233,705060,8532,1410120,"100mill-boot"
20,27,"petite","second",37661,41369,3668021,6332119,82738,12664238,2807,4271,294241,706217,8542,1412434,"100mill-boot"
20,28,"petite","second",37514,41541,3655754,6344336,83082,12688672,2813,4287,295791,704542,8574,1409084,"100mill-boot"
20,29,"petite","second",37838,41339,3684262,6315814,82678,12631628,2890,4240,303885,696245,8480,1392490,"100mill-boot"
20,30,"petite","second",37476,41568,3646414,6353748,83136,12707496,2858,4271,299279,700994,8542,1401988,"100mill-boot"
16,1,"petite","second",37704,42241,3669378,6330651,84482,12661302,2909,4380,301829,698335,8760,1396670,"100mill-boot"
16,2,"petite","second",37349,42133,3647531,6352532,84266,12705064,2837,4315,301256,698766,8630,1397532,"100mill-boot"
16,3,"petite","second",37762,42104,3690748,6309296,84208,12618592,2817,4364,299705,700452,8728,1400904,"100mill-boot"
16,4,"petite","second",37832,42142,3682115,6317966,84284,12635932,2923,4316,304558,695707,8632,1391414,"100mill-boot"
16,5,"petite","second",37810,42086,3695446,6304559,84172,12609118,2892,4294,305165,694985,8588,1389970,"100mill-boot"
16,6,"petite","second",37570,42123,3668553,6331574,84246,12663148,2831,4358,294441,705889,8716,1411778,"100mill-boot"
16,7,"petite","second",37548,42250,3668165,6331841,84500,12663682,2827,4396,296805,703250,8792,1406500,"100mill-boot"
16,8,"petite","second",37513,42134,3651172,6348883,84268,12697766,2806,4380,290701,709555,8760,1419110,"100mill-boot"
16,9,"petite","second",37505,42357,3643170,6356870,84714,12713740,2926,4285,304703,695374,8570,1390748,"100mill-boot"
16,10,"petite","second",37418,42246,3643951,6356099,84492,12712198,2811,4317,295078,705537,8634,1411074,"100mill-boot"
16,11,"petite","second",38086,41841,3703977,6296097,83682,12592194,2946,4322,308285,692050,8644,1384100,"100mill-boot"
16,12,"petite","second",37900,41997,3696942,6303102,83994,12606204,2878,4360,297733,702556,8720,1405112,"100mill-boot"
16,13,"petite","second",37991,41983,3707198,6292826,83966,12585652,2927,4337,305360,694975,8674,1389950,"100mill-boot"
16,14,"petite","second",37495,42256,3648837,6351171,84512,12702342,2851,4413,298539,701791,8826,1403582,"100mill-boot"
16,15,"petite","second",37766,42198,3667052,6332992,84396,12665984,2802,4352,293679,706350,8704,1412700,"100mill-boot"
16,16,"petite","second",37841,42177,3694652,6305389,84354,12610778,2930,4314,311322,688916,8628,1377832,"100mill-boot"
16,17,"petite","second",37433,42175,3642672,6357463,84350,12714926,2901,4350,301231,698934,8700,1397868,"100mill-boot"
16,18,"petite","second",37875,42041,3693645,6306426,84082,12612852,2944,4345,308422,692211,8690,1384422,"100mill-boot"
16,19,"petite","second",37750,42025,3676166,6323891,84050,12647782,2921,4309,303514,696580,8618,1393160,"100mill-boot"
16,20,"petite","second",37813,42107,3678219,6321940,84214,12643880,2871,4260,306634,693777,8520,1387554,"100mill-boot"
16,21,"petite","second",37842,42024,3680196,6319866,84048,12639732,3001,4301,310619,689602,8602,1379204,"100mill-boot"
16,22,"petite","second",37750,42396,3656414,6343660,84792,12687320,2833,4411,290995,709067,8822,1418134,"100mill-boot"
16,23,"petite","second",37907,42214,3690451,6309602,84428,12619204,2888,4366,301020,699520,8732,1399040,"100mill-boot"
16,24,"petite","second",38004,42013,3703149,6296902,84026,12593804,2912,4299,301485,698721,8598,1397442,"100mill-boot"
16,25,"petite","second",37561,42201,3660687,6339376,84402,12678752,2796,4418,291469,708715,8836,1417430,"100mill-boot"
16,26,"petite","second",37696,42206,3669215,6330947,84412,12661894,2875,4349,298225,702493,8698,1404986,"100mill-boot"
16,27,"petite","second",37868,42080,3683247,6316790,84160,12633580,2882,4334,301403,699028,8668,1398056,"100mill-boot"
16,28,"petite","second",37680,42012,3680130,6319911,84024,12639822,2827,4331,300666,699985,8662,1399970,"100mill-boot"
16,29,"petite","second",37828,41978,3681559,6318504,83956,12637008,2891,4292,305574,695046,8584,1390092,"100mill-boot"
16,30,"petite","second",37705,42206,3680551,6319476,84412,12638952,2836,4337,297273,702768,8674,1405536,"100mill-boot"
29,1,"petite","second",37205,41990,3643162,6356875,83980,12713750,2862,4273,302963,697203,8546,1394406,"100mill-boot"
29,2,"petite","second",37274,41805,3669758,6330273,83610,12660546,2835,4304,300473,699703,8608,1399406,"100mill-boot"
29,3,"petite","second",37106,42069,3627366,6372669,84138,12745338,2782,4315,292594,707500,8630,1415000,"100mill-boot"
29,4,"petite","second",37454,41768,3676772,6323346,83536,12646692,2820,4326,294204,706379,8652,1412758,"100mill-boot"
29,5,"petite","second",37118,41987,3632920,6367092,83974,12734184,2802,4250,298795,701510,8500,1403020,"100mill-boot"
29,6,"petite","second",37095,41992,3620449,6379568,83984,12759136,2808,4297,292754,707690,8594,1415380,"100mill-boot"
29,7,"petite","second",37634,41718,3681509,6318589,83436,12637178,2874,4318,300435,699639,8636,1399278,"100mill-boot"
29,8,"petite","second",37097,41944,3638144,6361904,83888,12723808,2820,4299,296632,703514,8598,1407028,"100mill-boot"
29,9,"petite","second",37138,41983,3626722,6373283,83966,12746566,2792,4294,295256,705041,8588,1410082,"100mill-boot"
29,10,"petite","second",37110,41860,3639266,6360800,83720,12721600,2804,4247,298056,702364,8494,1404728,"100mill-boot"
29,11,"petite","second",37235,41988,3646328,6353884,83976,12707768,2867,4274,302169,697982,8548,1395964,"100mill-boot"
29,12,"petite","second",37487,41822,3662950,6337085,83644,12674170,2933,4237,304575,695512,8474,1391024,"100mill-boot"
29,13,"petite","second",37648,41715,3686550,6313588,83430,12627176,2805,4288,296059,704092,8576,1408184,"100mill-boot"
29,14,"petite","second",37194,41856,3655007,6345069,83712,12690138,2823,4275,298575,701579,8550,1403158,"100mill-boot"
29,15,"petite","second",37375,41710,3661126,6338978,83420,12677956,2875,4289,301588,698676,8578,1397352,"100mill-boot"
29,16,"petite","second",37319,41832,3654316,6345766,83664,12691532,2846,4284,300202,699926,8568,1399852,"100mill-boot"
29,17,"petite","second",37552,41678,3690843,6309168,83356,12618336,2854,4324,299245,701012,8648,1402024,"100mill-boot"
29,18,"petite","second",37362,41803,3662288,6337894,83606,12675788,2838,4271,300996,699077,8542,1398154,"100mill-boot"
29,19,"petite","second",37277,41808,3653417,6346587,83616,12693174,2832,4306,297956,702256,8612,1404512,"100mill-boot"
29,20,"petite","second",37593,41676,3681338,6318740,83352,12637480,2805,4306,299269,700960,8612,1401920,"100mill-boot"
29,21,"petite","second",37329,41827,3648764,6351239,83654,12702478,2741,4315,290601,710061,8630,1420122,"100mill-boot"
29,22,"petite","second",37463,41875,3654412,6345599,83750,12691198,2881,4303,300617,699895,8606,1399790,"100mill-boot"
29,23,"petite","second",37511,41807,3670896,6329115,83614,12658230,2877,4276,300679,699459,8552,1398918,"100mill-boot"
29,24,"petite","second",36991,42102,3610858,6389192,84204,12778384,2847,4330,300335,700377,8660,1400754,"100mill-boot"
29,25,"petite","second",37133,41937,3646315,6353729,83874,12707458,2810,4296,296154,703986,8592,1407972,"100mill-boot"
29,26,"petite","second",37329,41851,3656292,6343776,83702,12687552,2800,4365,294524,705538,8730,1411076,"100mill-boot"
29,27,"petite","second",37485,41774,3659964,6340057,83548,12680114,2826,4276,298234,702336,8552,1404672,"100mill-boot"
29,28,"petite","second",37384,41635,3663430,6336627,83270,12673254,2844,4246,300886,699363,8492,1398726,"100mill-boot"
29,29,"petite","second",37145,41995,3626671,6373474,83990,12746948,2858,4260,299750,700354,8520,1400708,"100mill-boot"
29,30,"petite","second",37293,41849,3656733,6343284,83698,12686568,2890,4270,302830,697216,8540,1394432,"100mill-boot"
11,1,"petite","second",37274,41556,3650779,6349232,83112,12698464,2895,4299,301188,698860,8598,1397720,"100mill-boot"
11,2,"petite","second",37072,41434,3669536,6330515,82868,12661030,2915,4219,311092,689163,8438,1378326,"100mill-boot"
11,3,"petite","second",37206,41485,3654629,6345433,82970,12690866,2744,4276,290908,709534,8552,1419068,"100mill-boot"
11,4,"petite","second",37159,41562,3651781,6348249,83124,12696498,2857,4286,301117,698899,8572,1397798,"100mill-boot"
11,5,"petite","second",37219,41444,3648667,6351418,82888,12702836,2782,4316,293160,707158,8632,1414316,"100mill-boot"
11,6,"petite","second",37378,41493,3662330,6337674,82986,12675348,2879,4255,302028,698263,8510,1396526,"100mill-boot"
11,7,"petite","second",37219,41516,3640232,6359814,83032,12719628,2706,4315,285464,714560,8630,1429120,"100mill-boot"
11,8,"petite","second",37154,41571,3637104,6363029,83142,12726058,2784,4327,291121,709171,8654,1418342,"100mill-boot"
11,9,"petite","second",37541,41283,3692056,6308021,82566,12616042,2877,4269,306951,693398,8538,1386796,"100mill-boot"
11,10,"petite","second",37198,41515,3660850,6339248,83030,12678496,2909,4230,309242,690980,8460,1381960,"100mill-boot"
11,11,"petite","second",37224,41524,3657927,6342096,83048,12684192,2835,4326,296780,703295,8652,1406590,"100mill-boot"
11,12,"petite","second",37522,41515,3670732,6329423,83030,12658846,2801,4285,296455,703703,8570,1407406,"100mill-boot"
11,13,"petite","second",37115,41532,3652557,6347456,83064,12694912,2812,4262,300513,699685,8524,1399370,"100mill-boot"
11,14,"petite","second",37107,41599,3644960,6355056,83198,12710112,2780,4295,294741,705364,8590,1410728,"100mill-boot"
11,15,"petite","second",36976,41639,3628804,6371278,83278,12742556,2767,4327,293001,707102,8654,1414204,"100mill-boot"
11,16,"petite","second",37299,41553,3651527,6348687,83106,12697374,2752,4332,291606,708707,8664,1417414,"100mill-boot"
11,17,"petite","second",36999,41564,3632542,6367547,83128,12735094,2671,4335,285165,715061,8670,1430122,"100mill-boot"
11,18,"petite","second",37313,41558,3645676,6354444,83116,12708888,2792,4338,293567,706740,8676,1413480,"100mill-boot"
11,19,"petite","second",37557,41201,3688377,6311666,82402,12623332,2816,4259,294902,705132,8518,1410264,"100mill-boot"
11,20,"petite","second",37353,41543,3665126,6334950,83086,12669900,2827,4254,300574,699485,8508,1398970,"100mill-boot"
11,21,"petite","second",37451,41249,3686143,6313903,82498,12627806,2885,4160,306846,693156,8320,1386312,"100mill-boot"
11,22,"petite","second",37309,41547,3660569,6339434,83094,12678868,2843,4266,301794,698767,8532,1397534,"100mill-boot"
11,23,"petite","second",37295,41408,3658544,6341460,82816,12682920,2839,4301,298602,702795,8602,1405590,"100mill-boot"
11,24,"petite","second",37123,41593,3640368,6359741,83186,12719482,2843,4275,299452,700606,8550,1401212,"100mill-boot"
11,25,"petite","second",37191,41465,3648393,6351720,82930,12703440,2877,4260,301566,698593,8520,1397186,"100mill-boot"
11,26,"petite","second",37117,41469,3633106,6366992,82938,12733984,2811,4219,300498,700734,8438,1401468,"100mill-boot"
11,27,"petite","second",37527,41302,3696739,6303542,82604,12607084,2845,4262,299588,701217,8524,1402434,"100mill-boot"
11,28,"petite","second",37358,41451,3672991,6327195,82902,12654390,2828,4267,301734,698392,8534,1396784,"100mill-boot"
11,29,"petite","second",36967,41561,3633018,6367032,83122,12734064,2787,4304,291422,708933,8608,1417866,"100mill-boot"
11,30,"petite","second",37084,41524,3649245,6350762,83048,12701524,2790,4301,295892,704487,8602,1408974,"100mill-boot"
37,1,"petite","second",374120,414914,36526146,63473921,829828,126947842,28417,42701,2974740,7025294,85402,14050588,"1bill-boot"
37,2,"petite","second",375292,414419,36614647,63385416,828838,126770832,28495,42619,2982416,7020204,85238,14040408,"1bill-boot"
37,3,"petite","second",375521,414566,36669086,63331035,829132,126662070,28656,42638,2991294,7010169,85276,14020338,"1bill-boot"
37,4,"petite","second",374951,414806,36556753,63443281,829612,126886562,28496,42768,2987458,7012804,85536,14025608,"1bill-boot"
37,5,"petite","second",375084,414436,36571672,63428382,828872,126856764,28548,42575,2986449,7016565,85150,14033130,"1bill-boot"
37,6,"petite","second",374773,414418,36568101,63432041,828836,126864082,28536,42634,2987830,7015502,85268,14031004,"1bill-boot"
37,7,"petite","second",374831,414493,36593520,63406536,828986,126813072,28338,42704,2969882,7030870,85408,14061740,"1bill-boot"
37,8,"petite","second",374932,415000,36526800,63473246,830000,126946492,28379,42863,2961986,7039789,85726,14079578,"1bill-boot"
37,9,"petite","second",374448,415510,36536612,63463407,831020,126926814,28553,42827,2979506,7022929,85654,14045858,"1bill-boot"
37,10,"petite","second",376043,413938,36650554,63349469,827876,126698938,28397,42629,2971645,7029398,85258,14058796,"1bill-boot"
37,11,"petite","second",376086,414107,36697980,63302187,828214,126604374,28523,42520,2991979,7011247,85040,14022494,"1bill-boot"
37,12,"petite","second",374264,415074,36494225,63505875,830148,127011750,28314,42749,2958254,7043223,85498,14086446,"1bill-boot"
37,13,"petite","second",375269,414718,36591294,63408755,829436,126817510,28470,42710,2976184,7025863,85420,14051726,"1bill-boot"
37,14,"petite","second",374742,414188,36579125,63420947,828376,126841894,28486,42602,2984575,7016180,85204,14032360,"1bill-boot"
37,15,"petite","second",374832,414798,36534314,63465721,829596,126931442,28829,42647,3008171,6993506,85294,13987012,"1bill-boot"
37,16,"petite","second",375952,414321,36630589,63369574,828642,126739148,28581,42694,2984501,7017748,85388,14035496,"1bill-boot"
37,17,"petite","second",376277,413836,36690193,63309962,827672,126619924,28455,42805,2975593,7025765,85610,14051530,"1bill-boot"
37,18,"petite","second",375362,414536,36628820,63371210,829072,126742420,28224,42880,2952798,7047329,85760,14094658,"1bill-boot"
37,19,"petite","second",375781,414268,36661315,63338746,828536,126677492,28282,42792,2958032,7044869,85584,14089738,"1bill-boot"
37,20,"petite","second",375545,414315,36631448,63368590,828630,126737180,28362,42708,2976018,7024440,85416,14048880,"1bill-boot"
37,21,"petite","second",375253,414775,36584296,63415821,829550,126831642,28500,42683,2985482,7016262,85366,14032524,"1bill-boot"
37,22,"petite","second",374365,414422,36559905,63440159,828844,126880318,28682,42588,2988260,7012873,85176,14025746,"1bill-boot"
37,23,"petite","second",375391,414369,36616562,63383481,828738,126766962,28598,42451,3000713,6999550,84902,13999100,"1bill-boot"
37,24,"petite","second",374200,414641,36524918,63475086,829282,126950172,28249,42645,2964452,7036713,85290,14073426,"1bill-boot"
37,25,"petite","second",376390,413918,36678286,63321759,827836,126643518,28696,42594,3000472,7000698,85188,14001396,"1bill-boot"
37,26,"petite","second",374731,414860,36531228,63468887,829720,126937774,28076,43034,2929681,7071684,86068,14143368,"1bill-boot"
37,27,"petite","second",375330,414406,36638999,63361065,828812,126722130,28571,42667,2987630,7015528,85334,14031056,"1bill-boot"
37,28,"petite","second",373845,414816,36462514,63537586,829632,127075172,28465,42628,2977018,7025795,85256,14051590,"1bill-boot"
37,29,"petite","second",375139,414663,36583436,63416608,829326,126833216,28454,42567,2986199,7016539,85134,14033078,"1bill-boot"
37,30,"petite","second",374282,414672,36525955,63474117,829344,126948234,28609,42795,2983525,7020467,85590,14040934,"1bill-boot"
30,1,"petite","second",372657,413556,36348617,63651422,827112,127302844,28582,42330,2999038,7001028,84660,14002056,"1bill-boot"
30,2,"petite","second",373125,413634,36380574,63619479,827268,127238958,28176,42526,2944595,7058076,85052,14116152,"1bill-boot"
30,3,"petite","second",373119,413845,36345380,63654667,827690,127309334,28291,42505,2972629,7030608,85010,14061216,"1bill-boot"
30,4,"petite","second",372405,414336,36314452,63685568,828672,127371136,28602,42327,3009286,6992954,84654,13985908,"1bill-boot"
30,5,"petite","second",373661,413394,36434578,63565437,826788,127130874,28042,42544,2941647,7059442,85088,14118884,"1bill-boot"
30,6,"petite","second",372954,413818,36381057,63618956,827636,127237912,28299,42464,2969742,7031543,84928,14063086,"1bill-boot"
30,7,"petite","second",373004,413575,36369933,63630348,827150,127260696,28259,42343,2968880,7033729,84686,14067458,"1bill-boot"
30,8,"petite","second",374696,412947,36557813,63442277,825894,126884554,28291,42575,2962038,7040547,85150,14081094,"1bill-boot"
30,9,"petite","second",373346,413862,36378454,63621608,827724,127243216,28167,42585,2952790,7047389,85170,14094778,"1bill-boot"
30,10,"petite","second",374124,413411,36509043,63491115,826822,126982230,28359,42419,2996851,7004849,84838,14009698,"1bill-boot"
30,11,"petite","second",372916,413721,36386131,63614014,827442,127228028,28308,42236,2984505,7015669,84472,14031338,"1bill-boot"
30,12,"petite","second",373697,413340,36446320,63553705,826680,127107410,28369,42509,2985446,7018519,85018,14037038,"1bill-boot"
30,13,"petite","second",373673,413835,36406080,63594161,827670,127188322,28012,42703,2942267,7058191,85406,14116382,"1bill-boot"
30,14,"petite","second",373505,413202,36435217,63564830,826404,127129660,28448,42422,2978065,7025922,84844,14051844,"1bill-boot"
30,15,"petite","second",373448,414019,36400766,63599341,828038,127198682,28330,42462,2992908,7008895,84924,14017790,"1bill-boot"
30,16,"petite","second",373390,414039,36394550,63605466,828078,127210932,28398,42593,2980501,7022529,85186,14045058,"1bill-boot"
30,17,"petite","second",372297,414178,36323618,63676519,828356,127353038,28229,42373,2969368,7031778,84746,14063556,"1bill-boot"
30,18,"petite","second",372923,413850,36334508,63665632,827700,127331264,28241,42365,2969042,7032069,84730,14064138,"1bill-boot"
30,19,"petite","second",373383,413792,36394407,63605707,827584,127211414,28075,42661,2949308,7051585,85322,14103170,"1bill-boot"
30,20,"petite","second",373408,414334,36366437,63633638,828668,127267276,28453,42540,2970761,7030805,85080,14061610,"1bill-boot"
30,21,"petite","second",373265,413505,36397350,63602714,827010,127205428,28223,42380,2969126,7031284,84760,14062568,"1bill-boot"
30,22,"petite","second",371958,414166,36323600,63676474,828332,127352948,28297,42478,2980615,7021086,84956,14042172,"1bill-boot"
30,23,"petite","second",372344,414422,36287218,63712967,828844,127425934,28095,42627,2950847,7049754,85254,14099508,"1bill-boot"
30,24,"petite","second",372883,413772,36354170,63645861,827544,127291722,27960,42623,2944775,7056893,85246,14113786,"1bill-boot"
30,25,"petite","second",373285,413318,36410141,63589941,826636,127179882,28369,42426,2984843,7016248,84852,14032496,"1bill-boot"
30,26,"petite","second",372656,414597,36326492,63673601,829194,127347202,27946,42680,2941974,7059113,85360,14118226,"1bill-boot"
30,27,"petite","second",373307,412662,36475967,63524105,825324,127048210,28332,42247,2993784,7006266,84494,14012532,"1bill-boot"
30,28,"petite","second",373015,414059,36407627,63592566,828118,127185132,28540,42279,3005386,6995890,84558,13991780,"1bill-boot"
30,29,"petite","second",372570,413917,36330910,63669194,827834,127338388,28264,42353,2979174,7023559,84706,14047118,"1bill-boot"
30,30,"petite","second",374087,412990,36517964,63482110,825980,126964220,28283,42488,2972582,7029429,84976,14058858,"1bill-boot"
39,1,"petite","second",367034,417621,36446427,63553872,835242,127107744,27783,42851,2970932,7030657,85702,14061314,"1bill-boot"
39,2,"petite","second",367119,418471,36422039,63578082,836942,127156164,27953,42915,2999763,7003043,85830,14006086,"1bill-boot"
39,3,"petite","second",368245,417502,36475335,63524815,835004,127049630,27908,42993,2983506,7018641,85986,14037282,"1bill-boot"
39,4,"petite","second",368095,418297,36477254,63522790,836594,127045580,27830,43138,2968505,7034444,86276,14068888,"1bill-boot"
39,5,"petite","second",368557,417750,36538536,63461483,835500,126922966,28032,42850,3005725,6994761,85700,13989522,"1bill-boot"
39,6,"petite","second",368450,417577,36522557,63477458,835154,126954916,28093,43051,2994313,7008549,86102,14017098,"1bill-boot"
39,7,"petite","second",367616,417770,36460218,63539864,835540,127079728,27908,42938,2988782,7012211,85876,14024422,"1bill-boot"
39,8,"petite","second",368977,417363,36569792,63430213,834726,126860426,28087,42815,2996056,7004331,85630,14008662,"1bill-boot"
39,9,"petite","second",368300,417704,36537492,63462634,835408,126925268,27854,43056,2974493,7026398,86112,14052796,"1bill-boot"
39,10,"petite","second",368284,417528,36506681,63493376,835056,126986752,28191,42764,3014851,6985904,85528,13971808,"1bill-boot"
39,11,"petite","second",367705,418265,36466051,63534024,836530,127068048,27813,43142,2965791,7035014,86284,14070028,"1bill-boot"
39,12,"petite","second",368307,417738,36516327,63483767,835476,126967534,28198,42701,3021980,6979219,85402,13958438,"1bill-boot"
39,13,"petite","second",367647,418306,36443735,63556368,836612,127112736,28090,42791,3003435,7000725,85582,14001450,"1bill-boot"
39,14,"petite","second",368569,416615,36582175,63417905,833230,126835810,28095,42618,3015379,6985549,85236,13971098,"1bill-boot"
39,15,"petite","second",368485,417759,36530253,63469791,835518,126939582,28056,42873,2998584,7004364,85746,14008728,"1bill-boot"
39,16,"petite","second",368251,417624,36561170,63439001,835248,126878002,27924,43016,2986513,7016059,86032,14032118,"1bill-boot"
39,17,"petite","second",368065,417996,36539628,63460392,835992,126920784,27849,43000,2990196,7010903,86000,14021806,"1bill-boot"
39,18,"petite","second",367899,418041,36466064,63533994,836082,127067988,28011,42997,2985294,7016050,85994,14032100,"1bill-boot"
39,19,"petite","second",368746,417123,36561081,63438919,834246,126877838,28181,42815,3012041,6988383,85630,13976766,"1bill-boot"
39,20,"petite","second",367676,418007,36483310,63516816,836014,127033632,27869,42890,2990398,7011558,85780,14023116,"1bill-boot"
39,21,"petite","second",367945,418302,36453839,63546234,836604,127092468,28026,42879,2996501,7006637,85758,14013274,"1bill-boot"
39,22,"petite","second",367236,417702,36443664,63556383,835404,127112766,27803,42982,2978868,7025084,85964,14050168,"1bill-boot"
39,23,"petite","second",367692,418013,36453339,63546757,836026,127093514,27693,42874,2982823,7017734,85748,14035468,"1bill-boot"
39,24,"petite","second",368054,418127,36483258,63516791,836254,127033582,27990,42868,3003627,6999859,85736,13999718,"1bill-boot"
39,25,"petite","second",368133,417228,36533687,63466357,834456,126932714,27920,42743,2992431,7010461,85486,14020922,"1bill-boot"
39,26,"petite","second",367228,418583,36387073,63612976,837166,127225952,28000,42909,3000566,6999858,85818,13999716,"1bill-boot"
39,27,"petite","second",368893,417218,36647657,63352399,834436,126704798,28302,42740,3035187,6965212,85480,13930424,"1bill-boot"
39,28,"petite","second",368300,417405,36565584,63434491,834810,126868982,28279,42779,3031041,6970786,85558,13941572,"1bill-boot"
39,29,"petite","second",367682,418000,36434253,63565759,836000,127131518,27928,43019,2982804,7018829,86038,14037658,"1bill-boot"
39,30,"petite","second",368154,417364,36521804,63478252,834728,126956504,27976,42650,2993041,7009076,85300,14018152,"1bill-boot"
4,1,"petite","second",379454,412408,36533493,63466614,824816,126933228,28900,42686,2984679,7016246,85372,14032492,"1bill-boot"
4,2,"petite","second",379028,412562,36435423,63564632,825124,127129264,28476,42878,2929580,7071346,85756,14142692,"1bill-boot"
4,3,"petite","second",378934,412398,36479263,63520764,824796,127041528,28542,42779,2962542,7038142,85558,14076284,"1bill-boot"
4,4,"petite","second",379788,412303,36548703,63451497,824606,126902994,28495,42751,2958680,7043151,85502,14086302,"1bill-boot"
4,5,"petite","second",379549,411662,36563603,63436413,823324,126872826,28396,42847,2947260,7055516,85694,14111032,"1bill-boot"
4,6,"petite","second",379136,412280,36482196,63517831,824560,127035662,28600,42751,2966239,7034742,85502,14069484,"1bill-boot"
4,7,"petite","second",379556,411945,36522969,63477152,823890,126954304,28622,42656,2957113,7045116,85312,14090232,"1bill-boot"
4,8,"petite","second",379835,411390,36572541,63427512,822780,126855024,28734,42823,2966903,7034225,85646,14068450,"1bill-boot"
4,9,"petite","second",379302,412488,36494803,63505379,824976,127010758,28564,42847,2946678,7055770,85694,14111540,"1bill-boot"
4,10,"petite","second",380278,411556,36609014,63390993,823112,126781986,28540,42636,2958029,7042436,85272,14084872,"1bill-boot"
4,11,"petite","second",380238,411386,36588234,63411822,822772,126823644,28489,42658,2956301,7044453,85316,14088906,"1bill-boot"
4,12,"petite","second",378810,412016,36490862,63509255,824032,127018510,28705,42671,2971621,7030025,85342,14060050,"1bill-boot"
4,13,"petite","second",379356,412033,36548321,63451685,824066,126903370,28755,42804,2978772,7023295,85608,14046590,"1bill-boot"
4,14,"petite","second",379159,412411,36473231,63526808,824822,127053616,28771,42647,2975578,7025306,85294,14050612,"1bill-boot"
4,15,"petite","second",379038,412457,36469284,63530727,824914,127061454,28466,42834,2953806,7046440,85668,14092880,"1bill-boot"
4,16,"petite","second",379573,412150,36503200,63496830,824300,126993660,28777,42669,2971227,7031283,85338,14062566,"1bill-boot"
4,17,"petite","second",379914,412318,36550577,63449652,824636,126899304,28937,42731,2978744,7022621,85462,14045242,"1bill-boot"
4,18,"petite","second",379843,411518,36548263,63451860,823036,126903720,28676,42801,2969439,7030701,85602,14061402,"1bill-boot"
4,19,"petite","second",380224,411907,36590536,63409716,823814,126819432,28698,42732,2972973,7029093,85464,14058186,"1bill-boot"
4,20,"petite","second",379993,412174,36564869,63435180,824348,126870360,28622,42784,2962604,7040079,85568,14080158,"1bill-boot"
4,21,"petite","second",379630,411990,36509766,63490278,823980,126980556,28734,42682,2964656,7035508,85364,14071016,"1bill-boot"
4,22,"petite","second",379404,412072,36537983,63462062,824144,126924124,28455,42720,2953694,7048192,85440,14096384,"1bill-boot"
4,23,"petite","second",379569,412460,36520855,63479313,824920,126958626,28708,42619,2971941,7028997,85238,14057994,"1bill-boot"
4,24,"petite","second",379493,411857,36559757,63440346,823714,126880692,28591,42713,2966970,7036438,85426,14072876,"1bill-boot"
4,25,"petite","second",379996,411856,36560722,63439352,823712,126878704,28511,42888,2943870,7058274,85776,14116548,"1bill-boot"
4,26,"petite","second",379288,412048,36502215,63497796,824096,126995592,28416,42888,2930171,7069901,85776,14139802,"1bill-boot"
4,27,"petite","second",378843,412041,36476844,63523224,824082,127046448,28708,42711,2965174,7035756,85422,14071512,"1bill-boot"
4,28,"petite","second",378889,412635,36457247,63542811,825270,127085622,28454,42801,2942653,7058343,85602,14116686,"1bill-boot"
4,29,"petite","second",379041,412281,36465611,63534402,824562,127068804,28532,42797,2951439,7051177,85594,14102354,"1bill-boot"
4,30,"petite","second",379182,412025,36477957,63522077,824050,127044154,28911,42669,2991035,7009481,85338,14018962,"1bill-boot"
3,1,"petite","second",375921,413868,36644608,63355449,827736,126710898,28293,42596,2977173,7023169,85192,14046338,"1bill-boot"
3,2,"petite","second",376777,413259,36716872,63283221,826518,126566442,28546,42606,3004399,6999336,85212,13998672,"1bill-boot"
3,3,"petite","second",375905,413919,36575486,63424544,827838,126849088,28429,42689,2978786,7022662,85378,14045324,"1bill-boot"
3,4,"petite","second",377815,413662,36791945,63208064,827324,126416128,28358,42599,2978019,7023261,85198,14046522,"1bill-boot"
3,5,"petite","second",377449,413095,36739329,63260672,826190,126521344,28525,42607,2989915,7010110,85214,14020220,"1bill-boot"
3,6,"petite","second",376424,413440,36659321,63340692,826880,126681384,28603,42550,2986224,7014421,85100,14028842,"1bill-boot"
3,7,"petite","second",377780,412729,36795682,63204458,825458,126408916,28441,42522,2980239,7023818,85044,14047636,"1bill-boot"
3,8,"petite","second",377737,413189,36792373,63207697,826378,126415394,29178,42071,3056398,6944736,84142,13889472,"1bill-boot"
3,9,"petite","second",377391,413227,36807813,63192236,826454,126384472,28338,42700,2974795,7025913,85400,14051826,"1bill-boot"
3,10,"petite","second",376442,413303,36685206,63314866,826606,126629732,28310,42580,2983321,7017402,85160,14034804,"1bill-boot"
3,11,"petite","second",378437,412861,36804992,63195151,825722,126390302,28644,42483,2998101,7003688,84966,14007376,"1bill-boot"
3,12,"petite","second",377222,413305,36772311,63227722,826610,126455444,28629,42465,3006175,6995645,84930,13991290,"1bill-boot"
3,13,"petite","second",376659,413362,36724755,63275252,826724,126550504,28372,42421,2990374,7010884,84842,14021768,"1bill-boot"
3,14,"petite","second",377100,412587,36717011,63283032,825174,126566064,28365,42403,2988977,7011615,84806,14023230,"1bill-boot"
3,15,"petite","second",377450,412838,36784956,63215117,825676,126430234,28408,42588,2999672,7004996,85176,14009992,"1bill-boot"
3,16,"petite","second",378536,412919,36840610,63159416,825838,126318832,28274,42791,2971070,7029943,85582,14059886,"1bill-boot"
3,17,"petite","second",377461,413206,36775119,63224910,826412,126449820,28600,42547,3001363,6998855,85094,13997710,"1bill-boot"
3,18,"petite","second",377164,413041,36723647,63276389,826082,126552778,28634,42402,3008664,6994506,84804,13989012,"1bill-boot"
3,19,"petite","second",377420,412947,36764582,63235474,825894,126470948,28473,42766,2970432,7029736,85532,14059472,"1bill-boot"
3,20,"petite","second",377320,413265,36787470,63212587,826530,126425174,28516,42582,3009317,6991632,85164,13983264,"1bill-boot"
3,21,"petite","second",378123,412831,36823323,63176764,825662,126353528,28332,42627,2974811,7026340,85254,14052680,"1bill-boot"
3,22,"petite","second",377210,412867,36777707,63222337,825734,126444674,28300,42401,2992129,7008019,84802,14016038,"1bill-boot"
3,23,"petite","second",377369,413341,36765046,63234997,826682,126469994,28556,42389,3009494,6991684,84778,13983368,"1bill-boot"
3,24,"petite","second",376865,413090,36744292,63255758,826180,126511516,28372,42694,2989022,7012905,85388,14025810,"1bill-boot"
3,25,"petite","second",377222,412678,36723601,63276499,825356,126552998,28349,42498,2973316,7028530,84996,14057060,"1bill-boot"
3,26,"petite","second",377831,412678,36792910,63207250,825356,126414500,28573,42547,3007677,6992690,85094,13985380,"1bill-boot"
3,27,"petite","second",377169,412898,36760802,63239213,825796,126478426,28687,42329,3014040,6987442,84658,13974884,"1bill-boot"
3,28,"petite","second",377468,413491,36764980,63235036,826982,126470072,28727,42385,3014279,6986367,84770,13972734,"1bill-boot"
3,29,"petite","second",376880,413772,36702220,63297822,827544,126595644,28431,42477,2987518,7013679,84954,14027358,"1bill-boot"
3,30,"petite","second",376667,413227,36715687,63284411,826454,126568822,28580,42644,3005713,6994933,85288,13989866,"1bill-boot"
2,1,"petite","second",376944,414058,36923444,63076560,828116,126153120,28905,42630,3023977,6976086,85260,13952172,"1bill-boot"
2,2,"petite","second",377532,414153,36910438,63089567,828306,126179134,28678,42646,3007574,6993197,85292,13986394,"1bill-boot"
2,3,"petite","second",377515,414456,36888284,63111851,828912,126223702,28916,42586,3031950,6969328,85172,13938656,"1bill-boot"
2,4,"petite","second",378258,414091,36973848,63026248,828182,126052496,28960,42681,3029357,6972225,85362,13944450,"1bill-boot"
2,5,"petite","second",376970,414126,36872660,63127437,828252,126254874,28817,42624,3013266,6988515,85248,13977030,"1bill-boot"
2,6,"petite","second",376655,414723,36835970,63164101,829446,126328202,28698,42701,3013941,6986798,85402,13973596,"1bill-boot"
2,7,"petite","second",376687,414276,36856063,63143949,828552,126287898,28508,42845,2986931,7016905,85690,14033810,"1bill-boot"
2,8,"petite","second",377231,414293,36918485,63081570,828586,126163140,29078,42533,3036684,6963628,85066,13927256,"1bill-boot"
2,9,"petite","second",377682,414418,36938997,63061078,828836,126122156,28702,42740,3014358,6987691,85480,13975382,"1bill-boot"
2,10,"petite","second",377349,414390,36902430,63097574,828780,126195148,28854,42654,3031767,6971091,85308,13942182,"1bill-boot"
2,11,"petite","second",376895,414524,36873806,63126199,829048,126252398,28865,42615,3031808,6971863,85230,13943726,"1bill-boot"
2,12,"petite","second",377712,414025,36956333,63043689,828050,126087378,28911,42727,3028345,6974147,85454,13948294,"1bill-boot"
2,13,"petite","second",376942,414230,36885782,63114286,828460,126228572,28737,42601,3023268,6977733,85202,13955466,"1bill-boot"
2,14,"petite","second",377703,414034,36943104,63056937,828068,126113874,28910,42758,3024633,6978090,85516,13956180,"1bill-boot"
2,15,"petite","second",378532,413959,37015730,62984323,827918,125968646,28866,42705,3020168,6983013,85410,13966026,"1bill-boot"
2,16,"petite","second",376444,415199,36822331,63177742,830398,126355484,28789,42893,3015887,6986986,85786,13973972,"1bill-boot"
2,17,"petite","second",377388,414177,36931456,63068545,828354,126137090,28560,42657,3012019,6988135,85314,13976270,"1bill-boot"
2,18,"petite","second",377811,414014,36943174,63056895,828028,126113790,28964,42720,3029300,6970927,85440,13941854,"1bill-boot"
2,19,"petite","second",377700,414459,36958334,63041696,828918,126083392,28660,42940,2998253,7003678,85880,14007356,"1bill-boot"
2,20,"petite","second",378897,413755,37048366,62951653,827510,125903306,28855,42613,3019223,6983665,85226,13967330,"1bill-boot"
2,21,"petite","second",377582,414518,36886376,63113712,829036,126227424,28815,42560,3021191,6980684,85120,13961368,"1bill-boot"
2,22,"petite","second",377364,414243,36878937,63121065,828486,126242130,28857,42716,3024653,6977865,85432,13955730,"1bill-boot"
2,23,"petite","second",376365,414856,36790551,63209588,829712,126419176,28598,42746,2996540,7007065,85492,14014130,"1bill-boot"
2,24,"petite","second",377308,413889,36908153,63091910,827778,126183820,28840,42593,3023985,6976435,85186,13952870,"1bill-boot"
2,25,"petite","second",377159,413878,36920523,63079557,827756,126159114,28906,42713,3021858,6980999,85426,13961998,"1bill-boot"
2,26,"petite","second",377417,414188,36903990,63096191,828376,126192382,28698,42852,3004314,6999315,85704,13998630,"1bill-boot"
2,27,"petite","second",378030,413740,36967205,63032829,827480,126065658,28950,42661,3034697,6967068,85322,13934136,"1bill-boot"
2,28,"petite","second",376898,413863,36928326,63071678,827726,126143356,28970,42488,3046707,6956675,84976,13913350,"1bill-boot"
2,29,"petite","second",377109,414297,36890863,63109150,828594,126218300,29042,42392,3054427,6947646,84784,13895292,"1bill-boot"
2,30,"petite","second",377588,413595,36941250,63058868,827190,126117736,28596,42712,2994354,7007602,85424,14015204,"1bill-boot"
38,1,"petite","second",373078,416977,36385343,63614932,833954,127229864,28454,42913,2987925,7012727,85826,14025454,"1bill-boot"
38,2,"petite","second",373843,416821,36481540,63518602,833642,127037204,28398,43041,2979581,7023888,86082,14047776,"1bill-boot"
38,3,"petite","second",372905,416768,36388894,63611147,833536,127222294,28378,42885,2982429,7018276,85770,14036552,"1bill-boot"
38,4,"petite","second",374605,416536,36512512,63487586,833072,126975172,28576,42835,2992738,7008768,85670,14017536,"1bill-boot"
38,5,"petite","second",373465,416894,36384469,63615609,833788,127231218,28382,42935,2974788,7026034,85870,14052068,"1bill-boot"
38,6,"petite","second",373310,416822,36390791,63609217,833644,127218434,28214,42853,2959967,7041196,85706,14082392,"1bill-boot"
38,7,"petite","second",373680,416697,36433634,63566377,833394,127132754,28145,43041,2958526,7043249,86082,14086498,"1bill-boot"
38,8,"petite","second",374816,417101,36466696,63533458,834202,127066916,28390,42908,2974843,7029053,85816,14058106,"1bill-boot"
38,9,"petite","second",374403,417167,36474991,63525071,834334,127050142,28426,42957,2969521,7031343,85914,14062686,"1bill-boot"
38,10,"petite","second",374919,416133,36557853,63442222,832266,126884444,28361,43001,2960858,7040926,86002,14081852,"1bill-boot"
38,11,"petite","second",375487,416157,36595646,63404375,832314,126808750,28747,42683,3011912,6988131,85366,13976262,"1bill-boot"
38,12,"petite","second",374528,416169,36527949,63472159,832338,126944318,28543,42723,3001630,7002704,85446,14005408,"1bill-boot"
38,13,"petite","second",375260,416151,36578988,63421165,832302,126842330,28556,42858,2996341,7005838,85716,14011676,"1bill-boot"
38,14,"petite","second",374011,416126,36467367,63532681,832252,127065362,28600,42666,3001166,7000733,85332,14001466,"1bill-boot"
38,15,"petite","second",373417,417748,36355646,63644431,835496,127288862,28391,43035,2972923,7030762,86070,14061524,"1bill-boot"
38,16,"petite","second",374185,417011,36431122,63569023,834022,127138046,28473,42883,2987613,7014352,85766,14028704,"1bill-boot"
38,17,"petite","second",374978,416873,36572570,63427499,833746,126854998,28476,42972,2993500,7008652,85944,14017304,"1bill-boot"
38,18,"petite","second",374925,416507,36518406,63481666,833014,126963332,28358,42879,2972671,7029808,85758,14059616,"1bill-boot"
38,19,"petite","second",374759,416401,36523466,63476576,832802,126953152,28469,42968,2997952,7006486,85936,14012972,"1bill-boot"
38,20,"petite","second",374099,417339,36438233,63561802,834678,127123604,28543,42877,3000315,7000475,85754,14000950,"1bill-boot"
38,21,"petite","second",375203,416211,36556416,63443608,832422,126887216,28323,43002,2955796,7047699,86004,14095398,"1bill-boot"
38,22,"petite","second",372975,416505,36394559,63605577,833010,127211154,28270,42914,2959948,7040950,85828,14081900,"1bill-boot"
38,23,"petite","second",373328,417157,36391734,63608294,834314,127216588,28302,42951,2964986,7036887,85902,14073774,"1bill-boot"
38,24,"petite","second",374950,416197,36523488,63476557,832394,126953114,28451,42730,2986399,7013885,85460,14027770,"1bill-boot"
38,25,"petite","second",374598,416449,36485715,63514357,832898,127028714,28588,42704,3001858,7001097,85408,14002194,"1bill-boot"
38,26,"petite","second",374639,416512,36500296,63499770,833024,126999540,28405,42941,2976338,7026465,85882,14052930,"1bill-boot"
38,27,"petite","second",374014,416225,36474010,63526098,832450,127052196,28453,42953,2978553,7022271,85906,14044542,"1bill-boot"
38,28,"petite","second",373627,416818,36428576,63571527,833636,127143054,28500,42890,2997376,7004928,85780,14009856,"1bill-boot"
38,29,"petite","second",373536,416925,36416134,63583882,833850,127167764,28379,43001,2964775,7036027,86002,14072054,"1bill-boot"
38,30,"petite","second",373733,416807,36401417,63598763,833614,127197526,28935,42751,3020387,6981503,85502,13963006,"1bill-boot"
5,1,"petite","second",379972,410795,36829041,63171072,821590,126342144,28726,42506,2993391,7007027,85012,14014054,"1bill-boot"
5,2,"petite","second",378812,411827,36774841,63225248,823654,126450496,28829,42528,3002126,6997945,85056,13995890,"1bill-boot"
5,3,"petite","second",380130,411755,36840686,63159348,823510,126318696,28635,42597,2995749,7004938,85194,14009876,"1bill-boot"
5,4,"petite","second",380095,411015,36866137,63133978,822030,126267956,28757,42400,2998076,7004726,84800,14009452,"1bill-boot"
5,5,"petite","second",379052,412097,36754052,63246012,824194,126492024,28987,42517,3016450,6984081,85034,13968162,"1bill-boot"
5,6,"petite","second",379494,411723,36810473,63189594,823446,126379188,28843,42386,3002222,6999300,84772,13998600,"1bill-boot"
5,7,"petite","second",378715,411288,36733005,63267032,822576,126534064,28380,42557,2964941,7038398,85114,14076796,"1bill-boot"
5,8,"petite","second",379295,411651,36757967,63242082,823302,126484164,28760,42439,2989504,7011696,84878,14023392,"1bill-boot"
5,9,"petite","second",379767,411344,36838567,63161528,822688,126323056,29044,42301,3020256,6981050,84602,13962100,"1bill-boot"
5,10,"petite","second",378970,411800,36772559,63227527,823600,126455054,28795,42435,2998884,7004414,84870,14008828,"1bill-boot"
5,11,"petite","second",378241,412756,36662309,63337714,825512,126675428,28713,42651,2985161,7016087,85302,14032174,"1bill-boot"
5,12,"petite","second",378825,411762,36701780,63298270,823524,126596540,28976,42366,3016183,6986772,84732,13973544,"1bill-boot"
5,13,"petite","second",379891,411478,36865129,63134886,822956,126269772,28906,42397,3021504,6979467,84794,13958934,"1bill-boot"
5,14,"petite","second",379051,411360,36778733,63221364,822720,126442728,28803,42493,3009113,6995195,84986,13990390,"1bill-boot"
5,15,"petite","second",380396,411059,36902631,63097453,822118,126194906,28742,42395,3003070,6997984,84790,13995968,"1bill-boot"
5,16,"petite","second",379649,412062,36789278,63210786,824124,126421572,28593,42770,2964410,7037607,85540,14075214,"1bill-boot"
5,17,"petite","second",379396,412214,36771964,63228153,824428,126456306,28707,42558,2986366,7016736,85116,14033472,"1bill-boot"
5,18,"petite","second",379950,411944,36864882,63135263,823888,126270526,28888,42507,3009133,6991272,85014,13982544,"1bill-boot"
5,19,"petite","second",379891,411451,36835590,63164494,822902,126328988,28753,42404,2996822,7005747,84808,14011494,"1bill-boot"
5,20,"petite","second",379534,411928,36782728,63217346,823856,126434692,28841,42373,3002818,7001320,84746,14002640,"1bill-boot"
5,21,"petite","second",379427,411432,36827449,63172568,822864,126345136,29225,42216,3033460,6967056,84432,13934112,"1bill-boot"
5,22,"petite","second",380068,411611,36899735,63100292,823222,126200584,28965,42519,3017761,6984803,85038,13969606,"1bill-boot"
5,23,"petite","second",378973,411920,36772841,63227244,823840,126454488,28779,42393,3006044,6995908,84786,13991816,"1bill-boot"
5,24,"petite","second",379363,410900,36834685,63165496,821800,126330992,28869,42369,3007290,6995177,84738,13990354,"1bill-boot"
5,25,"petite","second",379102,411867,36780884,63219235,823734,126438470,28630,42488,2991611,7011223,84976,14022446,"1bill-boot"
5,26,"petite","second",379778,411474,36839672,63160500,822948,126321000,28728,42583,2994357,7007836,85166,14015672,"1bill-boot"
5,27,"petite","second",380188,410774,36877754,63122380,821548,126244760,28746,42439,2989400,7013336,84878,14026672,"1bill-boot"
5,28,"petite","second",380699,410825,36931386,63068748,821650,126137496,28905,42368,3013370,6990110,84736,13980220,"1bill-boot"
5,29,"petite","second",379865,411382,36797106,63202901,822764,126405802,29003,42514,3017265,6986226,85028,13972452,"1bill-boot"
5,30,"petite","second",380412,410760,36882817,63117209,821520,126234418,28789,42423,2995381,7005723,84846,14011446,"1bill-boot"
31,1,"petite","second",371336,416857,36515959,63484065,833714,126968130,28184,42840,2968310,7032384,85680,14064768,"1bill-boot"
31,2,"petite","second",370762,417445,36474423,63525698,834890,127051396,28151,43065,2974110,7027869,86130,14055738,"1bill-boot"
31,3,"petite","second",372992,416811,36623436,63376707,833622,126753414,28199,43147,2965912,7034570,86294,14069140,"1bill-boot"
31,4,"petite","second",373193,416515,36704044,63296027,833030,126592054,28590,42769,3026949,6975007,85538,13950014,"1bill-boot"
31,5,"petite","second",372751,416577,36641190,63359012,833154,126718024,28633,42765,3019924,6981153,85530,13962306,"1bill-boot"
31,6,"petite","second",371556,417133,36496466,63503719,834266,127007438,28590,42995,2993636,7009792,85990,14019584,"1bill-boot"
31,7,"petite","second",371921,416853,36558278,63441785,833706,126883570,28401,42998,2997196,7002870,85996,14005740,"1bill-boot"
31,8,"petite","second",371743,416937,36575953,63424074,833874,126848148,28576,42815,3020098,6981782,85630,13963564,"1bill-boot"
31,9,"petite","second",371761,416880,36538249,63461796,833760,126923592,28326,42887,2975144,7027189,85774,14054378,"1bill-boot"
31,10,"petite","second",372715,416306,36651659,63348488,832612,126696976,28092,42976,2976207,7024682,85952,14049364,"1bill-boot"
31,11,"petite","second",372821,416758,36620825,63379229,833516,126758458,28360,42843,2991629,7010764,85686,14021528,"1bill-boot"
31,12,"petite","second",371514,416965,36543153,63456900,833930,126913800,28181,43057,2963104,7037006,86114,14074012,"1bill-boot"
31,13,"petite","second",371718,416680,36593859,63406164,833360,126812328,28370,42785,3003233,7000478,85570,14000956,"1bill-boot"
31,14,"petite","second",371717,416472,36583438,63416639,832944,126833278,28200,43096,2967257,7035112,86192,14070224,"1bill-boot"
31,15,"petite","second",371952,416859,36562557,63437469,833718,126874938,28175,43128,2973923,7027036,86256,14054072,"1bill-boot"
31,16,"petite","second",371501,417275,36472622,63527473,834550,127054946,28288,43062,2967881,7035933,86124,14071866,"1bill-boot"
31,17,"petite","second",371473,417184,36537827,63462227,834368,126924454,28239,43129,2983933,7018625,86258,14037250,"1bill-boot"
31,18,"petite","second",372654,416332,36623215,63376792,832664,126753584,28265,42940,2987177,7015776,85880,14031552,"1bill-boot"
31,19,"petite","second",372193,416989,36592415,63407633,833978,126815266,28401,42946,2991903,7010909,85892,14021818,"1bill-boot"
31,20,"petite","second",371519,417288,36501185,63498910,834576,126997820,28020,42960,2962301,7039050,85920,14078100,"1bill-boot"
31,21,"petite","second",371738,417104,36530917,63469199,834208,126938398,28156,43069,2960108,7043323,86138,14086646,"1bill-boot"
31,22,"petite","second",371111,417322,36497430,63502585,834644,127005170,28330,43024,2985111,7018291,86048,14036582,"1bill-boot"
31,23,"petite","second",371741,416935,36556087,63444004,833870,126888008,28434,42945,2994932,7005747,85890,14011494,"1bill-boot"
31,24,"petite","second",371234,416560,36574581,63425518,833120,126851036,27830,43069,2941591,7059681,86138,14119362,"1bill-boot"
31,25,"petite","second",371182,417600,36456415,63543709,835200,127087418,28084,43180,2963473,7039708,86360,14079416,"1bill-boot"
31,26,"petite","second",372157,417076,36595772,63404243,834152,126808486,27995,43274,2957244,7046352,86548,14092704,"1bill-boot"
31,27,"petite","second",371410,416493,36526564,63473532,832986,126947064,28178,43011,2962996,7039088,86022,14078176,"1bill-boot"
31,28,"petite","second",370807,417390,36464517,63535528,834780,127071056,28180,43012,2970686,7031832,86024,14063664,"1bill-boot"
31,29,"petite","second",371975,416503,36576519,63423512,833006,126847024,28285,42767,2997957,7003708,85534,14007416,"1bill-boot"
31,30,"petite","second",372380,415948,36627552,63372619,831896,126745238,28577,42843,2997567,7002948,85686,14005896,"1bill-boot"
36,1,"petite","second",370167,411601,36653119,63346940,823202,126693880,28058,42051,2994136,7006860,84102,14013720,"1bill-boot"
36,2,"petite","second",370591,412267,36646225,63353908,824534,126707816,28245,41980,3024272,6978022,83960,13956044,"1bill-boot"
36,3,"petite","second",371084,411618,36642381,63357628,823236,126715256,28397,41955,3034131,6966161,83910,13932322,"1bill-boot"
36,4,"petite","second",370249,412104,36580407,63419595,824208,126839190,28260,42135,3013954,6986496,84270,13972992,"1bill-boot"
36,5,"petite","second",370765,411852,36634054,63366060,823704,126732120,28196,42170,3006001,6995582,84340,13991164,"1bill-boot"
36,6,"petite","second",370034,412159,36567384,63432717,824318,126865434,27921,42222,2977922,7024833,84444,14049666,"1bill-boot"
36,7,"petite","second",370742,411953,36620550,63379557,823906,126759114,27764,42399,2964845,7037406,84798,14074812,"1bill-boot"
36,8,"petite","second",370445,412341,36620205,63379852,824682,126759704,28090,42228,2993555,7007493,84456,14014986,"1bill-boot"
36,9,"petite","second",371212,411696,36724699,63275375,823392,126550750,28303,42067,3023321,6978240,84134,13956480,"1bill-boot"
36,10,"petite","second",370281,411846,36561164,63438838,823692,126877676,28235,42099,3000652,7000940,84198,14001880,"1bill-boot"
36,11,"petite","second",370132,412216,36559847,63440158,824432,126880316,28225,42090,3015763,6984812,84180,13969624,"1bill-boot"
36,12,"petite","second",370374,412179,36570937,63429094,824358,126858188,27989,42349,2980460,7020904,84698,14041808,"1bill-boot"
36,13,"petite","second",370534,412355,36597430,63402701,824710,126805402,28130,42209,2995391,7005530,84418,14011060,"1bill-boot"
36,14,"petite","second",370529,411733,36607780,63392534,823466,126785068,28460,42086,3036183,6969131,84172,13938262,"1bill-boot"
36,15,"petite","second",371494,411862,36688746,63311406,823724,126622812,28257,42139,3013092,6990824,84278,13981648,"1bill-boot"
36,16,"petite","second",370470,411868,36601636,63398468,823736,126796936,28118,42055,3005239,6997987,84110,13995974,"1bill-boot"
36,17,"petite","second",370301,412288,36604167,63395915,824576,126791830,28103,42155,2998798,7003592,84310,14007184,"1bill-boot"
36,18,"petite","second",370678,412130,36638042,63362133,824260,126724266,28163,42234,3005669,6997886,84468,13995772,"1bill-boot"
36,19,"petite","second",371248,411365,36698545,63301455,822730,126602910,28062,42156,2995592,7006920,84312,14013840,"1bill-boot"
36,20,"petite","second",371200,411483,36678584,63321561,822966,126643122,28303,42097,3013955,6986682,84194,13973364,"1bill-boot"
36,21,"petite","second",370453,411888,36602422,63397645,823776,126795290,28055,42171,2988245,7014563,84342,14029126,"1bill-boot"
36,22,"petite","second",369905,412240,36554610,63445440,824480,126890880,28015,42295,2996087,7004471,84590,14008942,"1bill-boot"
36,23,"petite","second",371152,411783,36662136,63338188,823566,126676376,27904,42357,2952583,7047483,84714,14094966,"1bill-boot"
36,24,"petite","second",370712,411546,36667264,63332910,823092,126665820,28195,42182,3020755,6979969,84364,13959938,"1bill-boot"
36,25,"petite","second",370292,411921,36572890,63427162,823842,126854324,28129,42077,3002377,6998200,84154,13996400,"1bill-boot"
36,26,"petite","second",369331,412924,36469121,63530886,825848,127061772,28170,42328,3000320,7000041,84656,14000082,"1bill-boot"
36,27,"petite","second",369821,412007,36567387,63432686,824014,126865372,28225,42302,2995650,7008855,84604,14017710,"1bill-boot"
36,28,"petite","second",370924,412015,36693187,63306841,824030,126613682,28207,42233,3012246,6990559,84466,13981118,"1bill-boot"
36,29,"petite","second",370270,412171,36568060,63431948,824342,126863896,28271,42071,3002580,6999647,84142,13999294,"1bill-boot"
36,30,"petite","second",370241,412129,36548010,63451991,824258,126903982,28329,42260,3010835,6989670,84520,13979340,"1bill-boot"
14,1,"petite","second",379464,420793,36886373,63113679,841586,126227358,28827,43293,3024233,6977099,86586,13954198,"1bill-boot"
14,2,"petite","second",378558,421170,36801080,63199191,842340,126398382,28838,43264,3025909,6977229,86528,13954458,"1bill-boot"
14,3,"petite","second",380703,421046,36988314,63011792,842092,126023584,29225,43068,3058554,6945139,86136,13890278,"1bill-boot"
14,4,"petite","second",379220,421493,36884342,63115745,842986,126231490,29318,43121,3061276,6939487,86242,13878974,"1bill-boot"
14,5,"petite","second",379133,421533,36842714,63157310,843066,126314620,28978,43156,3043792,6958824,86312,13917648,"1bill-boot"
14,6,"petite","second",380017,420764,36974751,63025336,841528,126050672,28812,43334,3030205,6971439,86668,13942878,"1bill-boot"
14,7,"petite","second",379678,421340,36914418,63085799,842680,126171598,28897,43359,3017221,6985912,86718,13971824,"1bill-boot"
14,8,"petite","second",379296,421053,36868646,63131356,842106,126262712,28818,43104,3021973,6978566,86208,13957132,"1bill-boot"
14,9,"petite","second",379704,420954,36929112,63071000,841908,126142000,28987,43279,3036073,6964901,86558,13929802,"1bill-boot"
14,10,"petite","second",379451,421422,36919525,63080589,842844,126161178,29261,43272,3063071,6937503,86544,13875006,"1bill-boot"
14,11,"petite","second",379652,421012,36938032,63062039,842024,126124078,28960,43180,3041748,6958697,86360,13917394,"1bill-boot"
14,12,"petite","second",378472,421707,36779491,63220535,843414,126441070,28756,43288,3019907,6982433,86576,13964866,"1bill-boot"
14,13,"petite","second",379398,421409,36881336,63118808,842818,126237616,29096,43210,3063113,6940142,86420,13880284,"1bill-boot"
14,14,"petite","second",378715,421223,36798561,63201506,842446,126403012,28852,43304,3019941,6980641,86608,13961282,"1bill-boot"
14,15,"petite","second",378852,421709,36807905,63192117,843418,126384234,28889,43232,3032219,6968809,86464,13937618,"1bill-boot"
14,16,"petite","second",379444,421421,36851402,63148648,842842,126297296,29015,43292,3031689,6971938,86584,13943876,"1bill-boot"
14,17,"petite","second",379957,421182,36947488,63052636,842364,126105272,28825,43487,3016783,6983856,86974,13967712,"1bill-boot"
14,18,"petite","second",379081,421701,36856585,63143429,843402,126286858,29112,43178,3063399,6941172,86356,13882344,"1bill-boot"
14,19,"petite","second",379049,421080,36862660,63137545,842160,126275090,28828,43213,3030710,6971484,86426,13942968,"1bill-boot"
14,20,"petite","second",378922,421652,36823542,63176484,843304,126352968,28696,43409,3015702,6984857,86818,13969714,"1bill-boot"
14,21,"petite","second",379183,421744,36872866,63127146,843488,126254292,28546,43503,2996787,7003470,87006,14006940,"1bill-boot"
14,22,"petite","second",379579,420968,36948918,63051184,841936,126102368,29007,43160,3037633,6964397,86320,13928794,"1bill-boot"
14,23,"petite","second",378459,421558,36837609,63162410,843116,126324820,28889,43332,3034969,6966260,86664,13932520,"1bill-boot"
14,24,"petite","second",379112,421228,36854240,63145834,842456,126291668,28942,43347,3037879,6966052,86694,13932104,"1bill-boot"
14,25,"petite","second",380704,420312,37005054,62995043,840624,125990086,28965,43242,3043699,6958035,86484,13916070,"1bill-boot"
14,26,"petite","second",380410,420844,36996235,63003782,841688,126007564,28982,43365,3037602,6963321,86730,13926642,"1bill-boot"
14,27,"petite","second",379594,420770,36918235,63081789,841540,126163578,29009,43197,3030774,6972118,86394,13944236,"1bill-boot"
14,28,"petite","second",379527,420927,36925246,63074888,841854,126149776,29002,43177,3044273,6958397,86354,13916794,"1bill-boot"
14,29,"petite","second",379677,420660,36909088,63090958,841320,126181916,28822,43249,3023922,6978029,86498,13956058,"1bill-boot"
14,30,"petite","second",379051,420735,36873883,63126129,841470,126252258,28940,43210,3025997,6975468,86420,13950936,"1bill-boot"
13,1,"petite","second",369103,412767,36620867,63379257,825534,126758514,28173,42344,3014608,6986980,84688,13973960,"1bill-boot"
13,2,"petite","second",368830,413631,36528829,63471255,827262,126942510,27856,42544,2958700,7044055,85088,14088110,"1bill-boot"
13,3,"petite","second",369895,412618,36632579,63367487,825236,126734974,28193,42322,3012439,6991988,84644,13983976,"1bill-boot"
13,4,"petite","second",369586,412540,36607694,63392331,825080,126784662,28004,42536,2981490,7021515,85072,14043030,"1bill-boot"
13,5,"petite","second",369917,412517,36617098,63382961,825034,126765922,28208,42401,3008680,6991940,84802,13983880,"1bill-boot"
13,6,"petite","second",368891,413422,36554940,63445076,826844,126890152,27823,42552,2964447,7037045,85104,14074090,"1bill-boot"
13,7,"petite","second",369954,412173,36666182,63333949,824346,126667898,28285,42123,3018199,6983256,84246,13966512,"1bill-boot"
13,8,"petite","second",370381,412728,36695330,63304705,825456,126609410,28317,42486,3017076,6984797,84972,13969594,"1bill-boot"
13,9,"petite","second",370179,411929,36674914,63325161,823858,126650322,28206,42350,3006997,6993423,84700,13986846,"1bill-boot"
13,10,"petite","second",369306,413336,36568634,63431396,826672,126862792,27960,42477,2977239,7022983,84954,14045966,"1bill-boot"
13,11,"petite","second",369646,412974,36584060,63415995,825948,126831990,28266,42264,3009278,6991249,84528,13982498,"1bill-boot"
13,12,"petite","second",369402,412869,36606822,63393359,825738,126786718,28452,42333,3030580,6971701,84666,13943402,"1bill-boot"
13,13,"petite","second",368734,413111,36528319,63471690,826222,126943380,27974,42387,2981620,7018652,84774,14037304,"1bill-boot"
13,14,"petite","second",369525,412384,36631552,63368498,824768,126736996,28217,42243,3013787,6990020,84486,13980040,"1bill-boot"
13,15,"petite","second",370141,412390,36652673,63347329,824780,126694658,28162,42257,2998854,7001768,84514,14003536,"1bill-boot"
13,16,"petite","second",369515,413045,36583934,63416190,826090,126832380,27925,42538,2975158,7027142,85076,14054284,"1bill-boot"
13,17,"petite","second",369995,412374,36647867,63352139,824748,126704278,27976,42416,2974110,7028625,84832,14057250,"1bill-boot"
13,18,"petite","second",369731,413319,36625617,63374429,826638,126748858,28112,42459,2996328,7005016,84918,14010032,"1bill-boot"
13,19,"petite","second",369579,413020,36579441,63420645,826040,126841290,28264,42234,3023294,6978996,84468,13957992,"1bill-boot"
13,20,"petite","second",369463,412996,36588613,63411468,825992,126822936,28168,42290,3010960,6989852,84580,13979704,"1bill-boot"
13,21,"petite","second",368624,413130,36522991,63477016,826260,126954032,27886,42638,2965637,7037922,85276,14075844,"1bill-boot"
13,22,"petite","second",369109,413008,36576901,63423187,826016,126846374,28060,42428,2988086,7012695,84856,14025390,"1bill-boot"
13,23,"petite","second",369375,412648,36608264,63391790,825296,126783580,28320,42355,3015743,6984528,84710,13969056,"1bill-boot"
13,24,"petite","second",369403,412461,36624388,63375690,824922,126751380,28183,42172,3007775,6995128,84344,13990256,"1bill-boot"
13,25,"petite","second",369231,412251,36584589,63415443,824502,126830886,28041,42453,2994329,7006956,84906,14013912,"1bill-boot"
13,26,"petite","second",368920,413221,36550425,63449625,826442,126899250,27829,42537,2969423,7033429,85074,14066858,"1bill-boot"
13,27,"petite","second",369571,412113,36631137,63368962,824226,126737924,28055,42320,2987433,7013190,84640,14026380,"1bill-boot"
13,28,"petite","second",370202,412894,36675219,63324907,825788,126649814,28148,42362,2988425,7011668,84724,14023336,"1bill-boot"
13,29,"petite","second",369470,412310,36609934,63390109,824620,126780218,28492,41954,3041912,6962303,83908,13924606,"1bill-boot"
13,30,"petite","second",369501,412853,36586519,63413528,825706,126827056,27965,42624,2986233,7014798,85248,14029596,"1bill-boot"
25,1,"petite","second",376850,414419,37033437,62966594,828838,125933188,28619,42669,3022078,6981067,85338,13962134,"1bill-boot"
25,2,"petite","second",377144,414184,37077593,62922468,828368,125844936,28616,42647,3013824,6987571,85294,13975142,"1bill-boot"
25,3,"petite","second",378355,413567,37150105,62850080,827134,125700160,28714,42388,3042206,6958632,84776,13917264,"1bill-boot"
25,4,"petite","second",378954,413663,37205387,62794628,827326,125589256,28814,42607,3036844,6964106,85214,13928212,"1bill-boot"
25,5,"petite","second",377602,414618,37091011,62909169,829236,125818338,28520,42771,3001745,6999427,85542,13998854,"1bill-boot"
25,6,"petite","second",377167,413835,37083636,62916379,827670,125832758,28759,42320,3053145,6948967,84640,13897934,"1bill-boot"
25,7,"petite","second",378546,413448,37200220,62799801,826896,125599602,28574,42579,3028453,6971581,85158,13943162,"1bill-boot"
25,8,"petite","second",377973,413863,37115664,62884336,827726,125768672,28820,42600,3044538,6958224,85200,13916448,"1bill-boot"
25,9,"petite","second",378380,413939,37157045,62843114,827878,125686228,29179,42493,3061391,6941443,84986,13882886,"1bill-boot"
25,10,"petite","second",377690,414123,37091246,62908865,828246,125817730,28438,42698,3022174,6977850,85396,13955700,"1bill-boot"
25,11,"petite","second",378741,413219,37248253,62751775,826438,125503550,28924,42407,3049955,6952400,84814,13904800,"1bill-boot"
25,12,"petite","second",377606,414158,37096836,62903197,828316,125806394,28797,42638,3034944,6965101,85276,13930202,"1bill-boot"
25,13,"petite","second",378453,413677,37168362,62831687,827354,125663374,28576,42614,3015906,6986165,85228,13972330,"1bill-boot"
25,14,"petite","second",378530,413305,37227799,62772281,826610,125544562,28753,42496,3054793,6947001,84992,13894002,"1bill-boot"
25,15,"petite","second",378754,413656,37241930,62758148,827312,125516296,29004,42264,3066501,6935790,84528,13871580,"1bill-boot"
25,16,"petite","second",378241,414449,37117945,62882163,828898,125764326,28795,42519,3035737,6967100,85038,13934200,"1bill-boot"
25,17,"petite","second",378959,413830,37271446,62728671,827660,125457342,28592,42604,3020046,6982515,85208,13965030,"1bill-boot"
25,18,"petite","second",378161,414041,37124153,62875902,828082,125751804,28737,42544,3026861,6974132,85088,13948264,"1bill-boot"
25,19,"petite","second",378244,413575,37171698,62828312,827150,125656624,28605,42566,3025044,6975616,85132,13951232,"1bill-boot"
25,20,"petite","second",378397,413517,37167864,62832145,827034,125664290,28539,42673,3005785,6994445,85346,13988890,"1bill-boot"
25,21,"petite","second",378353,413744,37183524,62816558,827488,125633116,28251,42745,2979788,7022383,85490,14044766,"1bill-boot"
25,22,"petite","second",377350,413915,37096431,62903698,827830,125807396,28447,42571,3020212,6980650,85142,13961300,"1bill-boot"
25,23,"petite","second",377544,413947,37098748,62901415,827894,125802830,28593,42587,3018814,6983851,85174,13967702,"1bill-boot"
25,24,"petite","second",378169,413454,37137497,62862570,826908,125725140,28962,42372,3057883,6943586,84744,13887172,"1bill-boot"
25,25,"petite","second",378816,413234,37186221,62813870,826468,125627740,28612,42785,3011496,6990072,85570,13980144,"1bill-boot"
25,26,"petite","second",378910,412921,37244778,62755309,825842,125510618,28896,42510,3040022,6961226,85020,13922452,"1bill-boot"
25,27,"petite","second",378238,414044,37143691,62856512,828088,125713024,28933,42338,3057416,6942874,84676,13885748,"1bill-boot"
25,28,"petite","second",378494,413399,37198669,62801367,826798,125602734,28936,42256,3055089,6945149,84512,13890298,"1bill-boot"
25,29,"petite","second",378259,413207,37156259,62843828,826414,125687656,28521,42495,3019305,6982838,84990,13965676,"1bill-boot"
25,30,"petite","second",378484,413343,37226989,62773320,826686,125546640,28914,42327,3062461,6940278,84654,13880556,"1bill-boot"
22,1,"petite","second",372182,417087,36569612,63430479,834174,126860958,28163,42783,2984171,7018619,85566,14037238,"1bill-boot"
22,2,"petite","second",371667,417792,36460565,63539472,835584,127078944,28103,42786,2976885,7025117,85572,14050234,"1bill-boot"
22,3,"petite","second",371839,417507,36486581,63513577,835014,127027154,28096,42911,2984896,7017654,85822,14035308,"1bill-boot"
22,4,"petite","second",372157,418020,36532104,63468036,836040,126936072,28536,42743,3019179,6982651,85486,13965302,"1bill-boot"
22,5,"petite","second",372411,416745,36532195,63467856,833490,126935712,28166,42709,2981890,7018359,85418,14036718,"1bill-boot"
22,6,"petite","second",372103,416695,36569390,63430613,833390,126861226,28431,42641,3017730,6982534,85282,13965068,"1bill-boot"
22,7,"petite","second",372103,417555,36498649,63501548,835110,127003096,28098,42815,2971600,7028842,85630,14057684,"1bill-boot"
22,8,"petite","second",372311,417501,36526808,63473289,835002,126946578,28249,42721,2996492,7005676,85442,14011352,"1bill-boot"
22,9,"petite","second",371465,417857,36424124,63575953,835714,127151906,28174,42686,2986197,7015127,85372,14030254,"1bill-boot"
22,10,"petite","second",372535,417449,36542106,63458029,834898,126916058,28375,42582,3014015,6987035,85164,13974070,"1bill-boot"
22,11,"petite","second",372497,417323,36553557,63446469,834646,126892938,28175,42764,2978750,7022315,85528,14044630,"1bill-boot"
22,12,"petite","second",372067,417406,36516244,63483949,834812,126967898,28247,42852,2992519,7007775,85704,14015550,"1bill-boot"
22,13,"petite","second",371046,418124,36424058,63575966,836248,127151932,28059,42785,2983242,7019773,85570,14039546,"1bill-boot"
22,14,"petite","second",371533,417677,36510304,63489700,835354,126979400,28427,42704,3017397,6985797,85408,13971594,"1bill-boot"
22,15,"petite","second",371671,417436,36493994,63506109,834872,127012218,28136,42894,2984905,7017636,85788,14035272,"1bill-boot"
22,16,"petite","second",373017,417081,36599884,63400157,834162,126800314,28531,42528,3015859,6985507,85056,13971014,"1bill-boot"
22,17,"petite","second",372356,417952,36544102,63455962,835904,126911924,28513,42632,3025425,6977281,85264,13954562,"1bill-boot"
22,18,"petite","second",371896,417905,36475762,63524254,835810,127048508,28380,42932,2993977,7009313,85864,14018626,"1bill-boot"
22,19,"petite","second",371820,417778,36451363,63548776,835556,127097552,28191,42741,2984297,7018039,85482,14036078,"1bill-boot"
22,20,"petite","second",371983,417234,36488825,63511208,834468,127022416,28168,42824,2988008,7014377,85648,14028754,"1bill-boot"
22,21,"petite","second",371539,417542,36439581,63560436,835084,127120872,28205,42668,2976635,7024796,85336,14049592,"1bill-boot"
22,22,"petite","second",371775,417750,36475917,63524138,835500,127048276,28239,42747,2986329,7015739,85494,14031478,"1bill-boot"
22,23,"petite","second",370438,418106,36354078,63645975,836212,127291950,28259,42641,3007796,6992739,85282,13985478,"1bill-boot"
22,24,"petite","second",370516,418133,36402365,63597706,836266,127195412,28240,42760,2999768,7002444,85520,14004888,"1bill-boot"
22,25,"petite","second",372573,416895,36533502,63466535,833790,126933070,28156,42803,2981468,7021773,85606,14043546,"1bill-boot"
22,26,"petite","second",373071,417253,36561269,63438744,834506,126877488,28349,42681,2999133,7002261,85362,14004522,"1bill-boot"
22,27,"petite","second",371537,417513,36480529,63519593,835026,127039186,28348,42516,3013276,6987112,85032,13974224,"1bill-boot"
22,28,"petite","second",372567,416843,36598330,63401689,833686,126803378,28464,42686,3013548,6987113,85372,13974226,"1bill-boot"
22,29,"petite","second",371053,418177,36390252,63609825,836354,127219650,28185,42705,2991622,7011126,85410,14022252,"1bill-boot"
22,30,"petite","second",373421,416723,36632097,63367915,833446,126735830,28448,42680,3018131,6983527,85360,13967054,"1bill-boot"
49,1,"petite","second",375529,414593,36603735,63396402,829186,126792804,28701,42570,3001307,6999449,85140,13998898,"1bill-boot"
49,2,"petite","second",377031,414108,36720098,63279920,828216,126559840,28662,42413,3004365,6997244,84826,13994488,"1bill-boot"
49,3,"petite","second",375970,414470,36595276,63404807,828940,126809614,28323,42652,2964497,7037840,85304,14075680,"1bill-boot"
49,4,"petite","second",376369,414898,36626226,63373811,829796,126747622,28797,42454,3005592,6996110,84908,13992220,"1bill-boot"
49,5,"petite","second",376949,413990,36709403,63290648,827980,126581296,28717,42459,2999343,7002348,84918,14004696,"1bill-boot"
49,6,"petite","second",376186,414852,36622901,63377192,829704,126754384,28614,42653,2989350,7011525,85306,14023050,"1bill-boot"
49,7,"petite","second",376528,414446,36691821,63308347,828892,126616694,28572,42601,2991033,7012581,85202,14025162,"1bill-boot"
49,8,"petite","second",375846,414793,36599165,63400855,829586,126801710,28558,42640,2987838,7014358,85280,14028716,"1bill-boot"
49,9,"petite","second",375101,415545,36514356,63485662,831090,126971324,28482,42674,2994143,7008600,85348,14017200,"1bill-boot"
49,10,"petite","second",377390,414125,36743292,63256825,828250,126513650,28925,42392,3031807,6970585,84784,13941170,"1bill-boot"
49,11,"petite","second",377788,414114,36773892,63226180,828228,126452360,28499,42500,2995833,7004640,85000,14009280,"1bill-boot"
49,12,"petite","second",376461,414381,36669302,63330704,828762,126661408,28509,42472,3001824,6999105,84944,13998210,"1bill-boot"
49,13,"petite","second",376275,414558,36673428,63326637,829116,126653274,28591,42445,3007315,6997052,84890,13994104,"1bill-boot"
49,14,"petite","second",375993,414685,36660602,63339520,829370,126679040,28449,42680,2991227,7012636,85360,14025272,"1bill-boot"
49,15,"petite","second",376494,414537,36638659,63361343,829074,126722686,28552,42506,2993246,7008634,85012,14017268,"1bill-boot"
49,16,"petite","second",377124,414552,36719942,63280157,829104,126560314,28516,42535,2993125,7006987,85070,14013974,"1bill-boot"
49,17,"petite","second",376719,414858,36668192,63331895,829716,126663790,28531,42566,2985310,7015902,85132,14031804,"1bill-boot"
49,18,"petite","second",376688,414563,36652997,63347077,829126,126694154,28674,42475,2992823,7008662,84950,14017324,"1bill-boot"
49,19,"petite","second",377054,414614,36693933,63306094,829228,126612188,28291,42595,2965179,7038099,85190,14076198,"1bill-boot"
49,20,"petite","second",377204,414255,36736520,63263508,828510,126527016,28576,42537,2994116,7010439,85074,14020878,"1bill-boot"
49,21,"petite","second",377002,414298,36706792,63293316,828596,126586632,28525,42596,2986930,7015602,85192,14031204,"1bill-boot"
49,22,"petite","second",376569,414341,36687883,63312122,828682,126624244,28722,42421,3007542,6992651,84842,13985302,"1bill-boot"
49,23,"petite","second",375947,414399,36620529,63379483,828798,126758966,28658,42407,3002965,6999015,84814,13998030,"1bill-boot"
49,24,"petite","second",375978,415101,36624143,63375870,830202,126751740,28715,42465,3008905,6992617,84930,13985234,"1bill-boot"
49,25,"petite","second",376592,414365,36627193,63372818,828730,126745636,28969,42232,3025970,6974500,84464,13949000,"1bill-boot"
49,26,"petite","second",377461,413827,36758804,63241240,827654,126482480,28326,42607,2973526,7027591,85214,14055182,"1bill-boot"
49,27,"petite","second",376727,414203,36669118,63330920,828406,126661840,28629,42426,3005957,6994878,84852,13989756,"1bill-boot"
49,28,"petite","second",375821,414716,36622436,63377645,829432,126755290,28667,42551,2994730,7006962,85102,14013924,"1bill-boot"
49,29,"petite","second",376530,414369,36665137,63334919,828738,126669838,28685,42434,3003314,6998489,84868,13996978,"1bill-boot"
49,30,"petite","second",375805,414356,36626704,63373341,828712,126746682,28699,42521,3006590,6994793,85042,13989586,"1bill-boot"
47,1,"petite","second",376186,416220,36971593,63028529,832440,126057058,29044,42669,3067011,6934146,85338,13868292,"1bill-boot"
47,2,"petite","second",376435,416708,36985114,63015023,833416,126030046,28845,42947,3043537,6957168,85894,13914336,"1bill-boot"
47,3,"petite","second",377729,415686,37119317,62880821,831372,125761642,28949,42856,3048821,6952483,85712,13904966,"1bill-boot"
47,4,"petite","second",376916,416575,37032681,62967491,833150,125934982,28911,42973,3049324,6953793,85946,13907586,"1bill-boot"
47,5,"petite","second",376720,416352,36996502,63003545,832704,126007090,28790,42778,3032464,6971425,85556,13942850,"1bill-boot"
47,6,"petite","second",377039,415798,37080825,62919297,831596,125838594,28890,42852,3054746,6945707,85704,13891414,"1bill-boot"
47,7,"petite","second",376458,415889,37069020,62930998,831778,125861996,28961,42617,3064642,6937495,85234,13874990,"1bill-boot"
47,8,"petite","second",377540,415851,37112355,62887652,831702,125775304,29075,42832,3070348,6931853,85664,13863706,"1bill-boot"
47,9,"petite","second",377375,416040,37094907,62905129,832080,125810258,28765,42951,3031265,6972345,85902,13944690,"1bill-boot"
47,10,"petite","second",377052,416076,37041858,62958165,832152,125916330,28931,42959,3052209,6952100,85918,13904200,"1bill-boot"
47,11,"petite","second",376550,416069,37014741,62985301,832138,125970602,28730,43088,3032471,6970784,86176,13941568,"1bill-boot"
47,12,"petite","second",377510,415818,37105537,62894570,831636,125789140,28773,42935,3042748,6958879,85870,13917758,"1bill-boot"
47,13,"petite","second",376990,416304,37044196,62955930,832608,125911860,28972,42806,3069504,6930810,85612,13861620,"1bill-boot"
47,14,"petite","second",376100,416053,36989228,63010812,832106,126021624,28935,42807,3060165,6941030,85614,13882060,"1bill-boot"
47,15,"petite","second",377054,416260,37067385,62932621,832520,125865242,28887,43002,3048230,6953157,86004,13906314,"1bill-boot"
47,16,"petite","second",376804,416478,37021388,62978625,832956,125957250,28852,42908,3046004,6956961,85816,13913922,"1bill-boot"
47,17,"petite","second",376173,416440,36978099,63021922,832880,126043844,28588,43088,3021004,6980391,86176,13960782,"1bill-boot"
47,18,"petite","second",377189,415581,37099458,62900662,831162,125801324,28600,43009,3018087,6982150,86018,13964300,"1bill-boot"
47,19,"petite","second",377304,415793,37060279,62939818,831586,125879636,28773,43003,3040504,6960060,86006,13920120,"1bill-boot"
47,20,"petite","second",376579,416971,36979868,63020345,833942,126040690,28655,43000,3025520,6975677,86000,13951354,"1bill-boot"
47,21,"petite","second",376737,416160,37013192,62986902,832320,125973804,28868,42827,3051933,6951285,85654,13902570,"1bill-boot"
47,22,"petite","second",375860,416355,36978345,63021681,832710,126043362,28713,43080,3021897,6981566,86160,13963132,"1bill-boot"
47,23,"petite","second",376256,416751,36987426,63012736,833502,126025472,28825,42942,3051388,6949834,85884,13899668,"1bill-boot"
47,24,"petite","second",376526,415778,37021758,62978255,831556,125956510,28664,42815,3030504,6970828,85630,13941656,"1bill-boot"
47,25,"petite","second",377204,415633,37025616,62974472,831266,125948944,28727,42970,3024775,6977977,85940,13955954,"1bill-boot"
47,26,"petite","second",377602,415190,37105043,62895018,830380,125790036,29074,42602,3062925,6940118,85204,13880236,"1bill-boot"
47,27,"petite","second",377260,416029,37073854,62926373,832058,125852746,28625,43143,3012539,6990006,86286,13980012,"1bill-boot"
47,28,"petite","second",377272,416434,37070643,62929469,832868,125858938,28793,42938,3048270,6952289,85876,13904578,"1bill-boot"
47,29,"petite","second",376386,415996,36980669,63019331,831992,126038662,28756,42792,3042220,6960570,85584,13921140,"1bill-boot"
47,30,"petite","second",377112,415220,37040798,62959222,830440,125918444,28760,42951,3045174,6957907,85902,13915814,"1bill-boot"
40,1,"petite","second",375250,417854,36624335,63375730,835708,126751460,28793,42830,3025530,6977953,85660,13955906,"1bill-boot"
40,2,"petite","second",376030,417782,36640108,63360023,835564,126720046,28617,43046,2995978,7006707,86092,14013414,"1bill-boot"
40,3,"petite","second",376345,417028,36662855,63337209,834056,126674418,28478,43040,2984397,7017345,86080,14034690,"1bill-boot"
40,4,"petite","second",374709,418624,36460628,63539447,837248,127078894,28472,42954,2984851,7015362,85908,14030724,"1bill-boot"
40,5,"petite","second",375814,418143,36591337,63408822,836286,126817644,28584,42944,2987643,7014822,85888,14029644,"1bill-boot"
40,6,"petite","second",375319,418512,36535843,63464237,837024,126928474,28525,42941,2991160,7011828,85882,14023656,"1bill-boot"
40,7,"petite","second",375550,417395,36640685,63359344,834790,126718688,28338,43125,2972366,7031333,86250,14062666,"1bill-boot"
40,8,"petite","second",375152,418569,36493843,63506244,837138,127012488,28803,42990,3004516,6999312,85980,13998624,"1bill-boot"
40,9,"petite","second",375019,418932,36523976,63476058,837864,126952116,28512,43049,2991664,7009337,86098,14018674,"1bill-boot"
40,10,"petite","second",375347,417794,36562216,63437834,835588,126875668,28469,43105,2973889,7026274,86210,14052548,"1bill-boot"
40,11,"petite","second",376419,417397,36672188,63327858,834794,126655716,28645,42906,2996742,7007643,85812,14015286,"1bill-boot"
40,12,"petite","second",375375,418043,36557711,63442336,836086,126884672,28942,42850,3026827,6974634,85700,13949268,"1bill-boot"
40,13,"petite","second",375152,418276,36572690,63427373,836552,126854746,28423,43027,2983471,7020531,86054,14041062,"1bill-boot"
40,14,"petite","second",375575,417501,36623563,63376503,835002,126753006,28453,43058,2988714,7011767,86116,14023534,"1bill-boot"
40,15,"petite","second",375153,418173,36564414,63435609,836346,126871218,28489,43097,2992506,7008786,86194,14017572,"1bill-boot"
40,16,"petite","second",376043,418033,36625832,63374265,836066,126748530,28484,43069,2977852,7024116,86138,14048232,"1bill-boot"
40,17,"petite","second",375464,418326,36582767,63417438,836652,126834876,28542,42978,2996469,7005772,85956,14011544,"1bill-boot"
40,18,"petite","second",376835,417731,36680387,63319695,835462,126639390,28774,42743,3013929,6986984,85486,13973968,"1bill-boot"
40,19,"petite","second",376120,417601,36637437,63362605,835202,126725210,28446,43046,2980024,7022626,86092,14045252,"1bill-boot"
40,20,"petite","second",375746,418123,36616349,63383712,836246,126767424,28405,43169,2981666,7020867,86338,14041734,"1bill-boot"
40,21,"petite","second",376470,417995,36692683,63307387,835990,126614774,28588,42909,2990025,7011253,85818,14022506,"1bill-boot"
40,22,"petite","second",374940,418404,36527808,63472214,836808,126944428,28309,43184,2960920,7041542,86368,14083084,"1bill-boot"
40,23,"petite","second",375462,418003,36614692,63385344,836006,126770688,28541,43106,2997358,7002693,86212,14005386,"1bill-boot"
40,24,"petite","second",376093,417230,36685466,63314574,834460,126629148,28447,42728,2985679,7016619,85456,14033238,"1bill-boot"
40,25,"petite","second",375949,417492,36621894,63378238,834984,126756476,28654,42939,2994859,7006561,85878,14013122,"1bill-boot"
40,26,"petite","second",374943,418087,36491196,63508865,836174,127017730,28586,43029,2991906,7011272,86058,14022544,"1bill-boot"
40,27,"petite","second",375233,418241,36551488,63448591,836482,126897182,28460,43261,2981939,7022284,86522,14044568,"1bill-boot"
40,28,"petite","second",374643,418453,36539211,63460900,836906,126921800,28729,42985,3006420,6996129,85970,13992258,"1bill-boot"
40,29,"petite","second",375768,417931,36586091,63413983,835862,126827966,28517,43029,2983180,7016849,86058,14033698,"1bill-boot"
40,30,"petite","second",376042,417049,36681805,63318360,834098,126636720,28676,43061,2995979,7008624,86122,14017248,"1bill-boot"
23,1,"petite","second",375951,415717,36525341,63474672,831434,126949344,28281,42869,2956118,7046311,85738,14092622,"1bill-boot"
23,2,"petite","second",377502,415596,36617541,63382566,831192,126765132,28629,42568,3001444,6998841,85136,13997682,"1bill-boot"
23,3,"petite","second",377048,415667,36565011,63435068,831334,126870136,28669,42754,2986222,7014368,85508,14028736,"1bill-boot"
23,4,"petite","second",376636,415715,36542272,63457809,831430,126915618,28753,42676,2992353,7011105,85352,14022210,"1bill-boot"
23,5,"petite","second",376535,415341,36540955,63459071,830682,126918142,28583,42741,2972803,7030569,85482,14061138,"1bill-boot"
23,6,"petite","second",377112,415378,36590117,63409905,830756,126819810,28657,42689,2997956,7003824,85378,14007648,"1bill-boot"
23,7,"petite","second",377249,414836,36633773,63366319,829672,126732638,29047,42602,3019970,6982264,85204,13964528,"1bill-boot"
23,8,"petite","second",376964,415331,36554195,63445840,830662,126891680,28947,42524,3011038,6990415,85048,13980830,"1bill-boot"
23,9,"petite","second",376344,415660,36514788,63485214,831320,126970428,28479,42797,2963762,7036620,85594,14073240,"1bill-boot"
23,10,"petite","second",376061,416081,36453795,63546358,832162,127092716,28671,42725,2987729,7013933,85450,14027866,"1bill-boot"
23,11,"petite","second",377523,415793,36586977,63413116,831586,126826232,28679,42761,2989805,7010481,85522,14020962,"1bill-boot"
23,12,"petite","second",377642,415180,36642812,63357199,830360,126714398,28945,42627,3010058,6992904,85254,13985808,"1bill-boot"
23,13,"petite","second",375742,416073,36470155,63529860,832146,127059720,28376,42913,2964325,7035820,85826,14071640,"1bill-boot"
23,14,"petite","second",377179,414814,36627616,63372469,829628,126744938,28901,42515,3011093,6991277,85030,13982554,"1bill-boot"
23,15,"petite","second",377203,415575,36599546,63400531,831150,126801062,28578,42726,2985025,7017112,85452,14034224,"1bill-boot"
23,16,"petite","second",376832,415922,36494380,63505740,831844,127011480,28600,42888,2973368,7029041,85776,14058082,"1bill-boot"
23,17,"petite","second",376507,415822,36562560,63437440,831644,126874880,28478,42922,2977188,7024218,85844,14048436,"1bill-boot"
23,18,"petite","second",377333,415693,36552734,63447340,831386,126894680,28306,43137,2950947,7051599,86274,14103198,"1bill-boot"
23,19,"petite","second",377508,415273,36604573,63395543,830546,126791086,28759,42766,2994158,7008513,85532,14017026,"1bill-boot"
23,20,"petite","second",375695,416392,36445948,63554199,832784,127108398,28327,43131,2945782,7054532,86262,14109064,"1bill-boot"
23,21,"petite","second",377067,415732,36538906,63461144,831464,126922288,28401,42956,2960991,7041321,85912,14082642,"1bill-boot"
23,22,"petite","second",376057,415969,36476391,63523613,831938,127047226,28510,42958,2966633,7036254,85916,14072508,"1bill-boot"
23,23,"petite","second",376839,415319,36592672,63407438,830638,126814876,28577,42912,2977512,7025249,85824,14050498,"1bill-boot"
23,24,"petite","second",376137,415762,36515707,63484325,831524,126968650,28342,42916,2969650,7033542,85832,14067084,"1bill-boot"
23,25,"petite","second",377237,415196,36553212,63446983,830392,126893966,28600,42770,2983958,7017678,85540,14035356,"1bill-boot"
23,26,"petite","second",376028,415109,36512915,63487147,830218,126974294,28667,42699,2995338,7007892,85398,14015784,"1bill-boot"
23,27,"petite","second",376550,415127,36539495,63460524,830254,126921048,28456,42934,2964747,7037817,85868,14075634,"1bill-boot"
23,28,"petite","second",376808,415388,36549805,63450355,830776,126900710,28892,42693,3003717,6997454,85386,13994908,"1bill-boot"
23,29,"petite","second",377209,415185,36577798,63422217,830370,126844434,28543,42733,2972783,7029601,85466,14059202,"1bill-boot"
23,30,"petite","second",376659,415041,36545834,63454358,830082,126908716,28980,42504,3026631,6976456,85008,13952912,"1bill-boot"
24,1,"petite","second",380888,413594,36778035,63222064,827188,126444128,28787,42487,2995986,7004387,84974,14008774,"1bill-boot"
24,2,"petite","second",382206,413487,36899334,63100792,826974,126201584,28813,42637,2992780,7008007,85274,14016014,"1bill-boot"
24,3,"petite","second",381621,413604,36822382,63177740,827208,126355480,28783,42537,2992355,7007807,85074,14015614,"1bill-boot"
24,4,"petite","second",381387,414634,36772305,63227711,829268,126455422,28945,42696,2987933,7013291,85392,14026582,"1bill-boot"
24,5,"petite","second",381781,413551,36821322,63178748,827102,126357496,28819,42577,2988451,7011924,85154,14023848,"1bill-boot"
24,6,"petite","second",381031,414144,36771010,63229046,828288,126458092,28691,42573,2972138,7028722,85146,14057444,"1bill-boot"
24,7,"petite","second",381728,413547,36858063,63141945,827094,126283890,28931,42550,2997667,7002567,85100,14005134,"1bill-boot"
24,8,"petite","second",381021,414473,36729545,63270501,828946,126541002,28886,42691,2986399,7014105,85382,14028210,"1bill-boot"
24,9,"petite","second",380867,414387,36761987,63238070,828774,126476140,28869,42756,2998006,7002221,85512,14004442,"1bill-boot"
24,10,"petite","second",381951,413921,36862194,63138023,827842,126276046,28836,42706,2986313,7018085,85412,14036170,"1bill-boot"
24,11,"petite","second",382760,413149,36909190,63090850,826298,126181700,28865,42552,2993565,7008649,85104,14017298,"1bill-boot"
24,12,"petite","second",382062,413445,36845383,63154619,826890,126309238,29077,42439,3022929,6978654,84878,13957308,"1bill-boot"
24,13,"petite","second",380952,413986,36761559,63238529,827972,126477058,29041,42518,3005946,6997174,85036,13994348,"1bill-boot"
24,14,"petite","second",381342,413484,36817987,63182084,826968,126364168,29095,42247,3026564,6975679,84494,13951358,"1bill-boot"
24,15,"petite","second",382136,413585,36836508,63163572,827170,126327144,28713,42628,2968650,7032536,85256,14065072,"1bill-boot"
24,16,"petite","second",381728,413931,36773812,63226225,827862,126452450,28879,42712,2992452,7008284,85424,14016568,"1bill-boot"
24,17,"petite","second",382183,413645,36849010,63150998,827290,126301996,28929,42512,2998121,7004096,85024,14008192,"1bill-boot"
24,18,"petite","second",381915,413698,36820852,63179192,827396,126358384,29005,42519,3007922,6995157,85038,13990314,"1bill-boot"
24,19,"petite","second",382812,413493,36903182,63096944,826986,126193888,28853,42624,2997895,7005137,85248,14010274,"1bill-boot"
24,20,"petite","second",382141,413859,36863012,63136993,827718,126273986,28861,42679,2992868,7010189,85358,14020378,"1bill-boot"
24,21,"petite","second",381984,413501,36835980,63164061,827002,126328122,28742,42584,2974563,7026404,85168,14052808,"1bill-boot"
24,22,"petite","second",381307,413810,36791774,63208305,827620,126416610,28764,42472,2985663,7014941,84944,14029882,"1bill-boot"
24,23,"petite","second",381550,413539,36837463,63162631,827078,126325262,29019,42472,3011353,6992884,84944,13985768,"1bill-boot"
24,24,"petite","second",382071,413667,36835747,63164374,827334,126328748,29063,42492,3018498,6982128,84984,13964256,"1bill-boot"
24,25,"petite","second",381803,413728,36806065,63193948,827456,126387896,29000,42603,2995080,7005805,85206,14011610,"1bill-boot"
24,26,"petite","second",381320,413986,36777066,63222979,827972,126445958,28792,42739,2984053,7017368,85478,14034736,"1bill-boot"
24,27,"petite","second",381981,413452,36870132,63129908,826904,126259816,28902,42564,2991016,7011711,85128,14023422,"1bill-boot"
24,28,"petite","second",380946,413445,36790670,63209543,826890,126419086,28709,42610,2985257,7014916,85220,14029832,"1bill-boot"
24,29,"petite","second",381601,414065,36812327,63187736,828130,126375472,28975,42511,3009413,6994339,85022,13988678,"1bill-boot"
24,30,"petite","second",380999,413679,36776709,63223381,827358,126446762,28918,42587,2998036,7003566,85174,14007132,"1bill-boot"
12,1,"petite","second",370314,407087,36722099,63277916,814174,126555832,28367,41934,3018208,6983510,83868,13967020,"1bill-boot"
12,2,"petite","second",370035,407597,36676735,63323321,815194,126646642,28311,42051,3014642,6989716,84102,13979432,"1bill-boot"
12,3,"petite","second",369812,407827,36594337,63405706,815654,126811412,28167,42061,3007875,6994865,84122,13989730,"1bill-boot"
12,4,"petite","second",370682,407360,36709498,63290530,814720,126581060,28132,41960,3000605,7002021,83920,14004042,"1bill-boot"
12,5,"petite","second",370358,407346,36697878,63302141,814692,126604282,28253,42006,3020040,6981642,84012,13963284,"1bill-boot"
12,6,"petite","second",370912,407152,36750397,63249800,814304,126499600,28265,42133,3016209,6986852,84266,13973704,"1bill-boot"
12,7,"petite","second",370696,406456,36740866,63259158,812912,126518316,28320,41950,3021462,6979157,83900,13958314,"1bill-boot"
12,8,"petite","second",370865,407370,36741207,63259112,814740,126518224,28135,42036,2991558,7009524,84072,14019048,"1bill-boot"
12,9,"petite","second",369408,408530,36607660,63392447,817060,126784894,28162,42163,3005553,6994789,84326,13989578,"1bill-boot"
12,10,"petite","second",370170,407753,36678972,63321082,815506,126642164,28125,42081,3010999,6990357,84162,13980714,"1bill-boot"
12,11,"petite","second",369979,407328,36630198,63369859,814656,126739718,27848,42148,2983271,7017597,84296,14035194,"1bill-boot"
12,12,"petite","second",370043,407397,36662144,63337902,814794,126675804,28100,42075,2984363,7017875,84150,14035750,"1bill-boot"
12,13,"petite","second",369489,407910,36631765,63368240,815820,126736480,28215,41999,3012024,6988164,83998,13976328,"1bill-boot"
12,14,"petite","second",370122,407352,36725952,63274112,814704,126548224,28135,41966,3006144,6994242,83932,13988484,"1bill-boot"
12,15,"petite","second",370997,406849,36814622,63185418,813698,126370836,28151,42143,3007787,6992241,84286,13984482,"1bill-boot"
12,16,"petite","second",371015,407323,36790857,63209217,814646,126418434,28493,42045,3042307,6959780,84090,13919560,"1bill-boot"
12,17,"petite","second",369806,407725,36624568,63375495,815450,126750990,27989,42185,2983524,7018828,84370,14037656,"1bill-boot"
12,18,"petite","second",370372,407163,36722955,63277141,814326,126554282,27823,42222,2969915,7030401,84444,14060802,"1bill-boot"
12,19,"petite","second",369595,407976,36603376,63396689,815952,126793378,27887,42002,2976403,7023641,84004,14047282,"1bill-boot"
12,20,"petite","second",369392,408656,36553748,63446327,817312,126892654,27987,42316,2983431,7019767,84632,14039534,"1bill-boot"
12,21,"petite","second",370387,406814,36721064,63279015,813628,126558030,27927,42068,2980163,7020996,84136,14041992,"1bill-boot"
12,22,"petite","second",370881,406944,36726308,63273806,813888,126547612,28169,42061,3005534,6996415,84122,13992830,"1bill-boot"
12,23,"petite","second",370612,407697,36726796,63273205,815394,126546410,28270,41881,3029145,6972348,83762,13944696,"1bill-boot"
12,24,"petite","second",370846,407183,36742758,63257306,814366,126514612,28063,42147,3001489,7001158,84294,14002316,"1bill-boot"
12,25,"petite","second",369370,408100,36594689,63405324,816200,126810648,27736,42254,2960614,7040024,84508,14080048,"1bill-boot"
12,26,"petite","second",370657,407756,36725832,63274291,815512,126548582,28119,42259,3003585,6996558,84518,13993116,"1bill-boot"
12,27,"petite","second",370524,407095,36685317,63314768,814190,126629536,28211,42012,3009769,6990416,84024,13980832,"1bill-boot"
12,28,"petite","second",370205,407486,36700726,63299330,814972,126598660,27874,42186,2972943,7030136,84372,14060272,"1bill-boot"
12,29,"petite","second",369231,408188,36568053,63432041,816376,126864082,28111,42039,2997465,7005480,84078,14010960,"1bill-boot"
12,30,"petite","second",370079,407659,36640919,63359215,815318,126718430,27902,42102,2990940,7009773,84204,14019546,"1bill-boot"
15,1,"petite","second",384629,410099,37639879,62360377,820198,124720754,29748,42044,3126210,6876315,84088,13752630,"1bill-boot"
15,2,"petite","second",383589,410658,37515421,62484616,821316,124969232,29432,42215,3100531,6900326,84430,13800652,"1bill-boot"
15,3,"petite","second",384118,410685,37524829,62475233,821370,124950466,29441,42256,3085149,6915647,84512,13831294,"1bill-boot"
15,4,"petite","second",385103,410520,37644905,62355121,821040,124710242,29520,42380,3091614,6909880,84760,13819760,"1bill-boot"
15,5,"petite","second",382514,411221,37426144,62573897,822442,125147794,29216,42466,3067122,6933752,84932,13867504,"1bill-boot"
15,6,"petite","second",383818,410780,37522317,62477690,821560,124955380,29419,42349,3076161,6925598,84698,13851196,"1bill-boot"
15,7,"petite","second",383806,410416,37565198,62435065,820832,124870130,29458,42204,3108242,6894423,84408,13788846,"1bill-boot"
15,8,"petite","second",383585,410850,37518332,62481739,821700,124963478,29196,42400,3077136,6925927,84800,13851854,"1bill-boot"
15,9,"petite","second",383892,410873,37510962,62489109,821746,124978218,29182,42468,3059695,6940585,84936,13881170,"1bill-boot"
15,10,"petite","second",383687,410611,37549066,62450989,821222,124901978,29566,42315,3110522,6889823,84630,13779646,"1bill-boot"
15,11,"petite","second",383127,411706,37446043,62554114,823412,125108228,29176,42449,3061352,6941312,84898,13882624,"1bill-boot"
15,12,"petite","second",383391,410930,37532069,62468023,821860,124936046,29629,42177,3118264,6884332,84354,13768664,"1bill-boot"
15,13,"petite","second",383211,411067,37496904,62503138,822134,125006276,28976,42432,3037663,6964481,84864,13928962,"1bill-boot"
15,14,"petite","second",383264,410862,37515083,62484973,821724,124969946,29454,42165,3097554,6904462,84330,13808924,"1bill-boot"
15,15,"petite","second",383513,411191,37477692,62522339,822382,125044678,29402,42378,3085923,6914811,84756,13829622,"1bill-boot"
15,16,"petite","second",383506,411602,37501436,62498587,823204,124997174,29277,42310,3078998,6924320,84620,13848640,"1bill-boot"
15,17,"petite","second",382791,411125,37454716,62545290,822250,125090580,29525,42383,3092143,6911390,84766,13822780,"1bill-boot"
15,18,"petite","second",384740,410763,37623511,62376624,821526,124753248,29817,42238,3120169,6880471,84476,13760942,"1bill-boot"
15,19,"petite","second",383350,411194,37505149,62494932,822388,124989864,29402,42142,3103589,6898669,84284,13797338,"1bill-boot"
15,20,"petite","second",384563,410492,37593578,62406492,820984,124812984,29552,42172,3112169,6888639,84344,13777278,"1bill-boot"
15,21,"petite","second",383380,411496,37499086,62500993,822992,125001986,29176,42516,3061061,6939115,85032,13878230,"1bill-boot"
15,22,"petite","second",383475,410994,37535941,62464063,821988,124928126,29556,42379,3109278,6891580,84758,13783160,"1bill-boot"
15,23,"petite","second",383113,411320,37459771,62540318,822640,125080636,29358,42319,3080816,6921212,84638,13842424,"1bill-boot"
15,24,"petite","second",383209,410989,37509863,62490201,821978,124980402,29222,42383,3068762,6931557,84766,13863114,"1bill-boot"
15,25,"petite","second",383444,410660,37531770,62468243,821320,124936486,29495,42027,3104554,6897615,84054,13795230,"1bill-boot"
15,26,"petite","second",383442,411188,37478296,62521737,822376,125043474,29334,42268,3083193,6919317,84536,13838634,"1bill-boot"
15,27,"petite","second",384507,410210,37633525,62366639,820420,124733278,29413,42212,3090763,6909770,84424,13819540,"1bill-boot"
15,28,"petite","second",382956,410986,37469026,62531122,821972,125062244,29371,42214,3086605,6916733,84428,13833466,"1bill-boot"
15,29,"petite","second",382820,410798,37440354,62559651,821596,125119302,29644,42105,3109242,6891567,84210,13783134,"1bill-boot"
15,30,"petite","second",383180,410396,37536447,62463642,820792,124927284,29339,42110,3078839,6921734,84220,13843468,"1bill-boot"
41,1,"petite","second",371022,414462,36476378,63523667,828924,127047334,27915,42571,2975061,7027741,85142,14055482,"1bill-boot"
41,2,"petite","second",370710,413846,36442985,63557025,827692,127114050,27905,42680,2950184,7053444,85360,14106888,"1bill-boot"
41,3,"petite","second",372173,413923,36522604,63477499,827846,126954998,28253,42423,2999270,7001916,84846,14003832,"1bill-boot"
41,4,"petite","second",371184,414455,36473807,63526214,828910,127052428,28248,42606,2992950,7010690,85212,14021380,"1bill-boot"
41,5,"petite","second",371373,413872,36481197,63518889,827744,127037778,28144,42585,2980722,7022433,85170,14044866,"1bill-boot"
41,6,"petite","second",370710,414268,36433977,63566069,828536,127132138,27962,42617,2969359,7032286,85234,14064572,"1bill-boot"
41,7,"petite","second",371539,413841,36508627,63491433,827682,126982866,28206,42476,2999077,7001744,84952,14003488,"1bill-boot"
41,8,"petite","second",371798,413535,36502961,63497103,827070,126994206,28282,42374,2992167,7008413,84748,14016826,"1bill-boot"
41,9,"petite","second",371618,414558,36498915,63501107,829116,127002214,28043,42610,2974246,7026833,85220,14053666,"1bill-boot"
41,10,"petite","second",371151,413860,36415700,63584318,827720,127168636,28142,42419,2982415,7019641,84838,14039282,"1bill-boot"
41,11,"petite","second",372884,413512,36590493,63409757,827024,126819514,28353,42452,3010468,6989739,84904,13979478,"1bill-boot"
41,12,"petite","second",372094,413658,36570793,63429264,827316,126858528,28113,42510,2989171,7012544,85020,14025088,"1bill-boot"
41,13,"petite","second",370992,414536,36441720,63558457,829072,127116914,27988,42649,2968610,7032674,85298,14065348,"1bill-boot"
41,14,"petite","second",371552,414322,36518984,63481155,828644,126962310,28195,42690,2997541,7003518,85380,14007036,"1bill-boot"
41,15,"petite","second",371017,414496,36433070,63566940,828992,127133880,28094,42575,2986326,7015858,85150,14031716,"1bill-boot"
41,16,"petite","second",371533,414357,36481470,63518620,828714,127037240,28214,42426,2990614,7010076,84852,14020152,"1bill-boot"
41,17,"petite","second",372686,413712,36601264,63398773,827424,126797546,28094,42622,2980374,7019841,85244,14039682,"1bill-boot"
41,18,"petite","second",371757,413921,36517801,63482236,827842,126964472,28171,42515,2981980,7020609,85030,14041218,"1bill-boot"
41,19,"petite","second",372159,413850,36509703,63490298,827700,126980596,28102,42539,2977954,7024558,85078,14049116,"1bill-boot"
41,20,"petite","second",371813,413983,36518628,63481429,827966,126962858,28210,42549,2979769,7021205,85098,14042410,"1bill-boot"
41,21,"petite","second",373284,413135,36649897,63350300,826270,126700600,28406,42396,3015260,6985889,84792,13971778,"1bill-boot"
41,22,"petite","second",371197,413910,36467493,63532510,827820,127065020,28186,42656,2985816,7015596,85312,14031192,"1bill-boot"
41,23,"petite","second",371426,414788,36435402,63564624,829576,127129248,27997,42630,2971807,7030155,85260,14060310,"1bill-boot"
41,24,"petite","second",371257,414235,36482329,63517819,828470,127035638,28104,42697,2990403,7014031,85394,14028062,"1bill-boot"
41,25,"petite","second",372623,413592,36593154,63406864,827184,126813728,27995,42573,2956692,7043572,85146,14087144,"1bill-boot"
41,26,"petite","second",371833,414208,36529075,63471132,828416,126942264,28175,42612,2984164,7015856,85224,14031712,"1bill-boot"
41,27,"petite","second",371888,413467,36539921,63460097,826934,126920194,28264,42480,2992913,7009880,84960,14019760,"1bill-boot"
41,28,"petite","second",370777,414536,36466183,63533929,829072,127067858,28265,42429,3005383,6995418,84858,13990836,"1bill-boot"
41,29,"petite","second",373076,413619,36635723,63364339,827238,126728678,28182,42556,2982915,7018403,85112,14036806,"1bill-boot"
41,30,"petite","second",371933,413157,36566013,63434022,826314,126868044,28188,42425,3000406,7001595,84850,14003190,"1bill-boot"
46,1,"petite","second",380428,416102,36881275,63118815,832204,126237630,28474,43125,2967738,7035549,86250,14071098,"1bill-boot"
46,2,"petite","second",380539,416080,36857192,63142836,832160,126285672,29177,42839,3030255,6973635,85678,13947270,"1bill-boot"
46,3,"petite","second",381398,415844,36970798,63029230,831688,126058460,28997,42871,3029562,6970990,85742,13941980,"1bill-boot"
46,4,"petite","second",380976,416402,36888184,63111888,832804,126223776,29168,42883,3025440,6975073,85766,13950146,"1bill-boot"
46,5,"petite","second",381418,415588,36936220,63063818,831176,126127636,29227,42760,3039126,6964483,85520,13928966,"1bill-boot"
46,6,"petite","second",380171,416779,36827068,63172957,833558,126345914,29114,42757,3030211,6970724,85514,13941448,"1bill-boot"
46,7,"petite","second",381032,415623,36915111,63084897,831246,126169794,28802,43041,2992824,7010448,86082,14020896,"1bill-boot"
46,8,"petite","second",380702,416620,36893995,63106034,833240,126212068,29059,42903,3024743,6975301,85806,13950602,"1bill-boot"
46,9,"petite","second",380968,416355,36931602,63068450,832710,126136900,28806,43035,2999023,7004294,86070,14008588,"1bill-boot"
46,10,"petite","second",381907,415322,37016311,62983738,830644,125967476,29109,42770,3035296,6966024,85540,13932048,"1bill-boot"
46,11,"petite","second",382033,415946,36978819,63021216,831892,126042432,29078,42985,3022432,6979481,85970,13958962,"1bill-boot"
46,12,"petite","second",381034,416458,36905719,63094282,832916,126188564,29090,42742,3027369,6975502,85484,13951004,"1bill-boot"
46,13,"petite","second",380700,416083,36892037,63108076,832166,126216152,29135,42729,3038085,6963053,85458,13926106,"1bill-boot"
46,14,"petite","second",380763,416234,36887440,63112596,832468,126225192,29073,42916,3035994,6964074,85832,13928148,"1bill-boot"
46,15,"petite","second",381158,416291,36924221,63075790,832582,126151580,28900,43109,3002651,6997627,86218,13995254,"1bill-boot"
46,16,"petite","second",381511,416436,36917542,63082550,832872,126165100,29232,42953,3037409,6964268,85906,13928536,"1bill-boot"
46,17,"petite","second",381153,415820,36953349,63046761,831640,126093522,29252,42644,3055052,6947925,85288,13895850,"1bill-boot"
46,18,"petite","second",380785,415975,36890826,63109276,831950,126218552,28874,42945,3024520,6976551,85890,13953102,"1bill-boot"
46,19,"petite","second",380893,416235,36895217,63104791,832470,126209582,29176,42880,3047174,6953019,85760,13906038,"1bill-boot"
46,20,"petite","second",380237,416358,36857936,63142077,832716,126284154,29001,42795,3033872,6967723,85590,13935446,"1bill-boot"
46,21,"petite","second",380542,416430,36868493,63131563,832860,126263126,28789,43047,3002387,6998957,86094,13997914,"1bill-boot"
46,22,"petite","second",381442,415958,36961208,63038845,831916,126077690,28919,43049,3008624,6993085,86098,13986170,"1bill-boot"
46,23,"petite","second",380894,416235,36901341,63098705,832470,126197410,29182,42920,3043149,6960224,85840,13920448,"1bill-boot"
46,24,"petite","second",381858,415688,36994994,63005024,831376,126010048,28992,42861,3015438,6985142,85722,13970284,"1bill-boot"
46,25,"petite","second",381780,415189,36982810,63017190,830378,126034380,28927,43162,3013520,6988892,86324,13977784,"1bill-boot"
46,26,"petite","second",380998,416434,36918027,63082054,832868,126164108,29035,42840,3028298,6974798,85680,13949596,"1bill-boot"
46,27,"petite","second",380384,415954,36882428,63117650,831908,126235300,28914,42912,3017024,6984685,85824,13969370,"1bill-boot"
46,28,"petite","second",381816,415510,36997423,63002647,831020,126005294,28970,42794,3031182,6969797,85588,13939594,"1bill-boot"
46,29,"petite","second",380392,416307,36852470,63147544,832614,126295088,28952,42940,3011134,6989724,85880,13979448,"1bill-boot"
46,30,"petite","second",381031,415043,36939218,63060817,830086,126121634,29126,42666,3030061,6972942,85332,13945884,"1bill-boot"
48,1,"petite","second",378155,408123,37227144,62772913,816246,125545826,28760,42082,3052059,6951651,84164,13903302,"1bill-boot"
48,2,"petite","second",376813,409389,37037346,62962786,818778,125925572,28640,42244,3037300,6965353,84488,13930706,"1bill-boot"
48,3,"petite","second",378177,408516,37171613,62828438,817032,125656876,28760,42118,3052560,6950611,84236,13901222,"1bill-boot"
48,4,"petite","second",377747,409214,37104368,62895742,818428,125791484,28849,42143,3055119,6948173,84286,13896346,"1bill-boot"
48,5,"petite","second",377224,408754,37101345,62898729,817508,125797458,28491,42324,3010846,6990158,84648,13980316,"1bill-boot"
48,6,"petite","second",377711,409041,37147173,62852838,818082,125705676,28894,42052,3060165,6940217,84104,13880434,"1bill-boot"
48,7,"petite","second",377668,408773,37139645,62860490,817546,125720980,28544,42152,3026879,6974911,84304,13949822,"1bill-boot"
48,8,"petite","second",378333,408883,37192412,62807602,817766,125615204,28903,42087,3063043,6938339,84174,13876678,"1bill-boot"
48,9,"petite","second",378459,408869,37219425,62780609,817738,125561218,28797,42234,3055598,6945570,84468,13891140,"1bill-boot"
48,10,"petite","second",377252,408989,37060621,62939392,817978,125878784,28802,42073,3053705,6948467,84146,13896934,"1bill-boot"
48,11,"petite","second",378642,408580,37192730,62807306,817160,125614612,29009,41933,3068024,6933037,83866,13866074,"1bill-boot"
48,12,"petite","second",377884,408889,37199281,62800783,817778,125601566,29092,41768,3089644,6912487,83536,13824974,"1bill-boot"
48,13,"petite","second",377401,409041,37101163,62898962,818082,125797924,28528,42200,3031962,6970560,84400,13941120,"1bill-boot"
48,14,"petite","second",377131,409011,37072095,62928092,818022,125856184,28894,42073,3057448,6946569,84146,13893138,"1bill-boot"
48,15,"petite","second",377350,408849,37073016,62927008,817698,125854016,28723,42171,3046954,6955336,84342,13910672,"1bill-boot"
48,16,"petite","second",377360,409003,37074153,62926004,818006,125852008,28734,42091,3038318,6961838,84182,13923676,"1bill-boot"
48,17,"petite","second",377636,409095,37105116,62894905,818190,125789810,28820,41876,3054141,6948015,83752,13896030,"1bill-boot"
48,18,"petite","second",377943,408825,37119701,62880430,817650,125760860,28701,42120,3040800,6959646,84240,13919292,"1bill-boot"
48,19,"petite","second",377163,409541,37058158,62941850,819082,125883700,28862,42228,3059248,6941820,84456,13883640,"1bill-boot"
48,20,"petite","second",377617,409100,37088434,62911616,818200,125823232,28869,41980,3048682,6951733,83960,13903466,"1bill-boot"
48,21,"petite","second",377881,408607,37150929,62849237,817214,125698474,28583,42134,3039761,6962330,84268,13924660,"1bill-boot"
48,22,"petite","second",377337,409169,37112144,62887928,818338,125775856,28938,42125,3062303,6939661,84250,13879322,"1bill-boot"
48,23,"petite","second",377120,410197,37019649,62980451,820394,125960902,28815,42140,3059680,6943441,84280,13886882,"1bill-boot"
48,24,"petite","second",376875,409126,37040373,62959689,818252,125919378,28714,42092,3049793,6953259,84184,13906518,"1bill-boot"
48,25,"petite","second",378009,408931,37155188,62844906,817862,125689812,28658,42154,3047365,6953459,84308,13906918,"1bill-boot"
48,26,"petite","second",377507,409730,37048917,62951097,819460,125902194,28731,42150,3036664,6964715,84300,13929430,"1bill-boot"
48,27,"petite","second",376971,409188,37054290,62945725,818376,125891450,28734,42082,3047269,6954614,84164,13909228,"1bill-boot"
48,28,"petite","second",376657,409071,37014317,62985848,818142,125971696,28737,42186,3035359,6967065,84372,13934130,"1bill-boot"
48,29,"petite","second",377419,409260,37095440,62904628,818520,125809256,28624,42194,3026762,6976303,84388,13952606,"1bill-boot"
48,30,"petite","second",378501,408112,37207249,62792873,816224,125585746,28950,42251,3055683,6946202,84502,13892404,"1bill-boot"
33,1,"petite","second",368982,419485,36370199,63629828,838970,127259656,27992,42878,2963654,7036740,85756,14073480,"1bill-boot"
33,2,"petite","second",369315,419662,36390816,63609352,839324,127218704,28014,43044,2971637,7028863,86088,14057726,"1bill-boot"
33,3,"petite","second",369511,419699,36420092,63579979,839398,127159958,28093,42885,2984064,7017291,85770,14034582,"1bill-boot"
33,4,"petite","second",369586,419842,36377359,63622945,839684,127245890,28233,43011,2986704,7015506,86022,14031012,"1bill-boot"
33,5,"petite","second",368852,420077,36351653,63648414,840154,127296828,28002,43126,2969284,7034021,86252,14068042,"1bill-boot"
33,6,"petite","second",369788,419545,36442176,63557960,839090,127115920,28294,42881,2997091,7004918,85762,14009836,"1bill-boot"
33,7,"petite","second",369573,419229,36435574,63564538,838458,127129076,28171,43039,2974894,7027100,86078,14054200,"1bill-boot"
33,8,"petite","second",370570,419329,36477909,63522263,838658,127044526,27937,43099,2962167,7041074,86198,14082148,"1bill-boot"
33,9,"petite","second",369404,420332,36341457,63658574,840664,127317148,27824,43215,2944729,7057849,86430,14115698,"1bill-boot"
33,10,"petite","second",369225,420047,36330963,63669186,840094,127338372,28043,43115,2965673,7034437,86230,14068874,"1bill-boot"
33,11,"petite","second",371232,418886,36566477,63433526,837772,126867052,28425,42906,3019096,6984783,85812,13969566,"1bill-boot"
33,12,"petite","second",370096,419745,36453323,63546724,839490,127093448,28026,43039,2966627,7036475,86078,14072950,"1bill-boot"
33,13,"petite","second",369835,419508,36446725,63553286,839016,127106572,27820,43176,2954651,7046214,86352,14092428,"1bill-boot"
33,14,"petite","second",369114,419657,36376239,63623828,839314,127247656,27854,43120,2957277,7044880,86240,14089760,"1bill-boot"
33,15,"petite","second",369566,420087,36366075,63633932,840174,127267864,27874,43204,2948241,7054254,86408,14108508,"1bill-boot"
33,16,"petite","second",369837,419932,36433867,63566146,839864,127132292,28036,43084,2960869,7043292,86168,14086584,"1bill-boot"
33,17,"petite","second",369757,419680,36398325,63601685,839360,127203370,28076,43008,2981132,7022758,86016,14045516,"1bill-boot"
33,18,"petite","second",370354,419797,36419063,63580960,839594,127161920,28166,43008,2984717,7016765,86016,14033530,"1bill-boot"
33,19,"petite","second",369635,419694,36395622,63604388,839388,127208776,27966,43240,2957421,7043819,86480,14087638,"1bill-boot"
33,20,"petite","second",369120,420042,36338752,63661332,840084,127322664,27777,43264,2944495,7056884,86528,14113768,"1bill-boot"
33,21,"petite","second",370707,419059,36525166,63474840,838118,126949680,28185,42776,2992413,7010899,85552,14021798,"1bill-boot"
33,22,"petite","second",369052,419618,36370782,63629238,839236,127258476,28023,43023,2976631,7023665,86046,14047330,"1bill-boot"
33,23,"petite","second",369024,419832,36342248,63657789,839664,127315578,28036,42988,2980457,7021392,85976,14042784,"1bill-boot"
33,24,"petite","second",369500,419489,36397351,63602756,838978,127205512,28303,42888,3005162,6996428,85776,13992856,"1bill-boot"
33,25,"petite","second",370175,419151,36496125,63503928,838302,127007856,28217,43014,2983598,7016793,86028,14033586,"1bill-boot"
33,26,"petite","second",369787,419841,36399972,63600186,839682,127200372,28033,43091,2967491,7034294,86182,14068588,"1bill-boot"
33,27,"petite","second",369176,419477,36381689,63618345,838954,127236690,28009,43098,2974544,7030438,86196,14060876,"1bill-boot"
33,28,"petite","second",369372,419905,36350647,63649387,839810,127298774,28018,43031,2965885,7036736,86062,14073472,"1bill-boot"
33,29,"petite","second",369572,419638,36392890,63607145,839276,127214290,28015,43114,2969877,7031502,86228,14063004,"1bill-boot"
33,30,"petite","second",369167,419844,36329474,63670726,839688,127341452,28239,43013,2989181,7011688,86026,14023376,"1bill-boot"
9,1,"petite","second",371566,417454,36484279,63515794,834908,127031588,28495,42739,3018219,6984652,85478,13969304,"1bill-boot"
9,2,"petite","second",371792,417812,36474774,63525239,835624,127050478,28078,42978,2972045,7029496,85956,14058992,"1bill-boot"
9,3,"petite","second",371463,417496,36409623,63590439,834992,127180878,28022,43058,2947572,7054445,86116,14108890,"1bill-boot"
9,4,"petite","second",371586,417676,36416861,63583499,835352,127166998,28187,42990,2973360,7027905,85980,14055810,"1bill-boot"
9,5,"petite","second",370499,418136,36324769,63675234,836272,127350468,28436,42856,3000788,6999325,85712,13998650,"1bill-boot"
9,6,"petite","second",370456,418300,36324672,63675356,836600,127350712,28219,43003,2979868,7021873,86006,14043746,"1bill-boot"
9,7,"petite","second",370979,418000,36363927,63636094,836000,127272188,27921,43125,2941048,7059733,86250,14119466,"1bill-boot"
9,8,"petite","second",369982,418467,36300015,63700185,836934,127400370,28186,42900,2976538,7023627,85800,14047254,"1bill-boot"
9,9,"petite","second",371183,417311,36402856,63597211,834622,127194422,28130,43021,2965207,7036579,86042,14073158,"1bill-boot"
9,10,"petite","second",371570,417567,36465009,63535035,835134,127070070,28190,43019,2972960,7027041,86038,14054082,"1bill-boot"
9,11,"petite","second",371263,418329,36416052,63583967,836658,127167934,28218,43077,2973854,7026235,86154,14052470,"1bill-boot"
9,12,"petite","second",371813,416998,36522167,63478090,833996,126956180,28479,42734,3009517,6991637,85468,13983274,"1bill-boot"
9,13,"petite","second",371566,417588,36431991,63568132,835176,127136264,28439,42869,2999026,7003457,85738,14006914,"1bill-boot"
9,14,"petite","second",371373,417181,36441776,63558265,834362,127116530,28216,43024,2982627,7018870,86048,14037740,"1bill-boot"
9,15,"petite","second",371780,417871,36419616,63580439,835742,127160878,28354,42784,2987864,7013981,85568,14027962,"1bill-boot"
9,16,"petite","second",370585,418086,36353626,63646409,836172,127292818,28344,42940,3001165,7001346,85880,14002692,"1bill-boot"
9,17,"petite","second",371831,417315,36467206,63532880,834630,127065760,28358,42893,2995269,7005261,85786,14010522,"1bill-boot"
9,18,"petite","second",371437,417801,36428117,63571960,835602,127143920,28344,42963,2986324,7015556,85926,14031112,"1bill-boot"
9,19,"petite","second",371581,417940,36433618,63566402,835880,127132804,28386,42960,2988590,7013343,85920,14026686,"1bill-boot"
9,20,"petite","second",370915,418089,36353905,63646215,836178,127292430,28219,43020,2968178,7033762,86040,14067524,"1bill-boot"
9,21,"petite","second",371280,417149,36409297,63590750,834298,127181500,28261,42986,2989822,7011529,85972,14023058,"1bill-boot"
9,22,"petite","second",371090,417928,36448915,63551184,835856,127102368,28473,42810,3010515,6991114,85620,13982228,"1bill-boot"
9,23,"petite","second",371125,417646,36412847,63587303,835292,127174606,28336,42890,2982930,7018158,85780,14036316,"1bill-boot"
9,24,"petite","second",371186,417128,36437930,63562280,834256,127124560,28225,42943,2973335,7026994,85886,14053988,"1bill-boot"
9,25,"petite","second",370424,417598,36361354,63638660,835196,127277320,28140,42913,2987631,7013561,85826,14027122,"1bill-boot"
9,26,"petite","second",371506,417746,36407723,63592405,835492,127184810,28390,42747,3006334,6995457,85494,13990914,"1bill-boot"
9,27,"petite","second",371511,417593,36457174,63543148,835186,127086296,28070,43045,2952261,7050179,86090,14100358,"1bill-boot"
9,28,"petite","second",370913,417778,36413313,63586727,835556,127173454,27897,43086,2946695,7054741,86172,14109482,"1bill-boot"
9,29,"petite","second",371231,417142,36411850,63588163,834284,127176326,27873,43099,2939461,7061541,86198,14123082,"1bill-boot"
9,30,"petite","second",371289,417204,36442910,63557176,834408,127114352,28677,42730,3025083,6978875,85460,13957750,"1bill-boot"
34,1,"petite","second",372387,412205,36807274,63192853,824410,126385706,28191,42471,3001510,6998888,84942,13997776,"1bill-boot"
34,2,"petite","second",374272,412205,36965987,63034083,824410,126068166,28551,42457,3039565,6962450,84914,13924900,"1bill-boot"
34,3,"petite","second",373282,412060,36883660,63116385,824120,126232770,28580,42309,3029716,6971927,84618,13943854,"1bill-boot"
34,4,"petite","second",372846,412724,36792325,63207796,825448,126415592,28429,42334,3015703,6986776,84668,13973552,"1bill-boot"
34,5,"petite","second",373886,411528,36941768,63058272,823056,126116544,28202,42505,3003849,6998166,85010,13996332,"1bill-boot"
34,6,"petite","second",373489,412167,36895477,63104642,824334,126209284,28301,42487,3004381,6995673,84974,13991346,"1bill-boot"
34,7,"petite","second",373465,411459,36927218,63073055,822918,126146110,28549,42434,3036126,6965277,84868,13930554,"1bill-boot"
34,8,"petite","second",373803,411492,36937491,63062517,822984,126125034,28399,42312,3013713,6988103,84624,13976206,"1bill-boot"
34,9,"petite","second",374013,411911,36952564,63047472,823822,126094944,28134,42359,3002534,6999357,84718,13998714,"1bill-boot"
34,10,"petite","second",373175,412100,36866523,63133569,824200,126267138,28482,42308,3020888,6982089,84616,13964178,"1bill-boot"
34,11,"petite","second",374936,411551,37034638,62965387,823102,125930774,28325,42391,3013738,6988094,84782,13976188,"1bill-boot"
34,12,"petite","second",374583,411208,37023146,62976862,822416,125953724,28439,42336,3019558,6981563,84672,13963126,"1bill-boot"
34,13,"petite","second",373173,412201,36855833,63144220,824402,126288440,28111,42416,2997127,7005391,84832,14010782,"1bill-boot"
34,14,"petite","second",373425,411495,36928164,63071914,822990,126143828,28449,42415,3022064,6978995,84830,13957990,"1bill-boot"
34,15,"petite","second",373853,412269,36953409,63046630,824538,126093260,28487,42341,3036414,6966065,84682,13932130,"1bill-boot"
34,16,"petite","second",373193,412226,36856514,63143635,824452,126287270,28590,42279,3033615,6968439,84558,13936878,"1bill-boot"
34,17,"petite","second",372637,412492,36870873,63129251,824984,126258502,28299,42403,3016860,6984066,84806,13968132,"1bill-boot"
34,18,"petite","second",373568,412083,36923687,63076349,824166,126152698,28411,42469,3018276,6983290,84938,13966580,"1bill-boot"
34,19,"petite","second",374188,411735,36947624,63052460,823470,126104920,28306,42521,2990443,7009895,85042,14019790,"1bill-boot"
34,20,"petite","second",373950,412044,36947965,63052132,824088,126104264,28447,42324,3028290,6972837,84648,13945674,"1bill-boot"
34,21,"petite","second",373962,411469,36911235,63088861,822938,126177722,28387,42457,3011364,6991840,84914,13983680,"1bill-boot"
34,22,"petite","second",372826,412048,36876287,63123798,824096,126247596,28344,42404,3016355,6987168,84808,13974336,"1bill-boot"
34,23,"petite","second",373454,412100,36888025,63111987,824200,126223974,28510,42319,3028324,6971964,84638,13943928,"1bill-boot"
34,24,"petite","second",374041,411582,36997953,63002067,823164,126004134,28376,42455,3015135,6986944,84910,13973888,"1bill-boot"
34,25,"petite","second",373273,411629,36890256,63109792,823258,126219584,28195,42550,2994134,7010448,85100,14020896,"1bill-boot"
34,26,"petite","second",373887,412016,36938293,63061744,824032,126123488,28161,42520,3002808,6997764,85040,13995528,"1bill-boot"
34,27,"petite","second",373964,411547,36991968,63008093,823094,126016186,28290,42527,3010164,6992081,85054,13984162,"1bill-boot"
34,28,"petite","second",372482,412269,36846860,63153217,824538,126306434,28213,42571,3007152,6994715,85142,13989430,"1bill-boot"
34,29,"petite","second",373441,411753,36868229,63131935,823506,126263870,28522,42286,3024506,6977441,84572,13954882,"1bill-boot"
34,30,"petite","second",373002,411580,36861244,63138937,823160,126277874,28501,42332,3037245,6964115,84664,13928230,"1bill-boot"
7,1,"petite","second",374989,426889,36312182,63687871,853778,127375742,28423,44067,2952033,7050541,88134,14101082,"1bill-boot"
7,2,"petite","second",374696,426504,36311808,63688230,853008,127376460,28467,43943,2965857,7037417,87886,14074834,"1bill-boot"
7,3,"petite","second",374176,426778,36244842,63755342,853556,127510684,28736,43800,2996344,7006674,87600,14013348,"1bill-boot"
7,4,"petite","second",375077,426477,36272926,63727157,852954,127454314,28413,43980,2949694,7051025,87960,14102050,"1bill-boot"
7,5,"petite","second",374062,426755,36238550,63761550,853510,127523100,28522,43914,2964686,7038892,87828,14077784,"1bill-boot"
7,6,"petite","second",374326,426885,36246930,63753077,853770,127506154,28523,43919,2970608,7030955,87838,14061910,"1bill-boot"
7,7,"petite","second",374581,426420,36267338,63732930,852840,127465860,28447,43920,2957904,7042558,87840,14085116,"1bill-boot"
7,8,"petite","second",374253,426968,36234722,63765298,853936,127530596,28624,43838,2966146,7034715,87676,14069430,"1bill-boot"
7,9,"petite","second",374290,427396,36239390,63760635,854792,127521270,28784,43623,3007547,6995785,87246,13991570,"1bill-boot"
7,10,"petite","second",374773,427071,36262508,63737527,854142,127475054,28522,44029,2964895,7035383,88058,14070766,"1bill-boot"
7,11,"petite","second",374759,426537,36277808,63722313,853074,127444626,28559,43781,2977592,7022707,87562,14045414,"1bill-boot"
7,12,"petite","second",374249,427337,36199155,63800880,854674,127601760,28443,43871,2968089,7035978,87742,14071956,"1bill-boot"
7,13,"petite","second",374002,426950,36204409,63795634,853900,127591268,28494,43858,2975603,7025200,87716,14050400,"1bill-boot"
7,14,"petite","second",374320,426784,36255740,63744341,853568,127488682,28472,44017,2966985,7033588,88034,14067176,"1bill-boot"
7,15,"petite","second",375327,426864,36282677,63717338,853728,127434676,28744,43936,2980785,7021425,87872,14042850,"1bill-boot"
7,16,"petite","second",375396,426756,36321881,63678167,853512,127356334,28723,43908,2994062,7007120,87816,14014240,"1bill-boot"
7,17,"petite","second",374464,426746,36279496,63720545,853492,127441090,28517,43754,2984969,7016501,87508,14033002,"1bill-boot"
7,18,"petite","second",374837,426429,36267373,63732630,852858,127465260,28724,43817,2990533,7011209,87634,14022418,"1bill-boot"
7,19,"petite","second",373714,427328,36193751,63806291,854656,127612582,28780,43755,2999898,7006226,87510,14012452,"1bill-boot"
7,20,"petite","second",374296,427309,36205950,63794079,854618,127588158,28608,43895,2983552,7018556,87790,14037112,"1bill-boot"
7,21,"petite","second",374586,427362,36244198,63755883,854724,127511766,28729,43776,2977481,7023442,87552,14046884,"1bill-boot"
7,22,"petite","second",374764,426695,36295075,63705041,853390,127410082,28621,43801,2979516,7021915,87602,14043830,"1bill-boot"
7,23,"petite","second",373265,427326,36155003,63845064,854652,127690128,28607,43983,2974790,7029104,87966,14058208,"1bill-boot"
7,24,"petite","second",374498,426852,36271998,63728127,853704,127456254,28518,44016,2965720,7035916,88032,14071832,"1bill-boot"
7,25,"petite","second",375035,426609,36300753,63699298,853218,127398596,28535,44020,2969462,7033007,88040,14066014,"1bill-boot"
7,26,"petite","second",374159,426922,36219003,63781001,853844,127562002,28467,43865,2970948,7032541,87730,14065082,"1bill-boot"
7,27,"petite","second",374049,426754,36217307,63782843,853508,127565686,28310,44078,2948826,7053153,88156,14106306,"1bill-boot"
7,28,"petite","second",374888,425905,36341108,63658918,851810,127317836,28706,43900,2988478,7013616,87800,14027232,"1bill-boot"
7,29,"petite","second",374156,426942,36223241,63776961,853884,127553922,28753,43735,2981297,7020216,87470,14040432,"1bill-boot"
7,30,"petite","second",373543,427352,36181571,63818472,854704,127636944,28437,43952,2954616,7048032,87904,14096064,"1bill-boot"
6,1,"petite","second",376205,417173,37074982,62925040,834346,125850080,28895,42969,3081854,6919890,85938,13839780,"1bill-boot"
6,2,"petite","second",375984,417721,37031855,62968214,835442,125936428,28938,42932,3074448,6926648,85864,13853296,"1bill-boot"
6,3,"petite","second",376523,417006,37066955,62933088,834012,125866176,28712,43083,3036014,6964081,86166,13928162,"1bill-boot"
6,4,"petite","second",376030,417645,37008566,62991440,835290,125982880,28797,42971,3059609,6942023,85942,13884046,"1bill-boot"
6,5,"petite","second",376857,417055,37150219,62849807,834110,125699614,28821,42975,3062097,6938379,85950,13876758,"1bill-boot"
6,6,"petite","second",377483,416484,37207711,62792312,832968,125584624,29102,42831,3091889,6908826,85662,13817652,"1bill-boot"
6,7,"petite","second",378333,416409,37216150,62784006,832818,125568012,29126,42765,3082319,6921595,85530,13843190,"1bill-boot"
6,8,"petite","second",377413,416914,37158487,62841620,833828,125683240,29083,42765,3088182,6912133,85530,13824266,"1bill-boot"
6,9,"petite","second",376853,417317,37105534,62894571,834634,125789142,29220,42776,3094064,6908580,85552,13817160,"1bill-boot"
6,10,"petite","second",377104,416978,37158485,62841531,833956,125683062,28507,43015,3029147,6972035,86030,13944070,"1bill-boot"
6,11,"petite","second",377965,416778,37215364,62784651,833556,125569302,28742,42958,3070271,6931167,85916,13862334,"1bill-boot"
6,12,"petite","second",377257,416993,37162854,62837190,833986,125674380,28846,42961,3067497,6934816,85922,13869632,"1bill-boot"
6,13,"petite","second",377197,417112,37128227,62871849,834224,125743698,28909,42996,3065056,6936217,85992,13872434,"1bill-boot"
6,14,"petite","second",375890,417404,37029329,62970827,834808,125941654,28839,42919,3068678,6933926,85838,13867852,"1bill-boot"
6,15,"petite","second",376900,417137,37085995,62914107,834274,125828214,28893,42854,3061649,6939704,85708,13879408,"1bill-boot"
6,16,"petite","second",377080,417487,37096962,62903264,834974,125806528,29001,42875,3068984,6932842,85750,13865684,"1bill-boot"
6,17,"petite","second",376103,417617,37051981,62948033,835234,125896066,28799,43138,3043683,6956768,86276,13913536,"1bill-boot"
6,18,"petite","second",376919,417124,37078076,62921929,834248,125843858,28806,43000,3064818,6937362,86000,13874724,"1bill-boot"
6,19,"petite","second",377550,417076,37200837,62799219,834152,125598438,28960,42967,3076427,6924296,85934,13848592,"1bill-boot"
6,20,"petite","second",377824,416390,37244102,62755917,832780,125511834,28549,43163,3034475,6967711,86326,13935422,"1bill-boot"
6,21,"petite","second",377110,417332,37143754,62856384,834664,125712768,28662,43063,3051096,6950992,86126,13901984,"1bill-boot"
6,22,"petite","second",376575,417489,37122031,62878021,834978,125756042,28605,43194,3033886,6969213,86388,13938426,"1bill-boot"
6,23,"petite","second",377263,417231,37179021,62821055,834462,125642110,29068,43060,3078003,6922709,86120,13845418,"1bill-boot"
6,24,"petite","second",376725,416928,37135077,62864932,833856,125729864,28853,43042,3069813,6933464,86084,13866928,"1bill-boot"
6,25,"petite","second",377748,416558,37168887,62831180,833116,125662360,29026,42966,3088693,6912294,85932,13824588,"1bill-boot"
6,26,"petite","second",377025,417195,37136750,62863272,834390,125726544,28909,43031,3060620,6939987,86062,13879974,"1bill-boot"
6,27,"petite","second",377747,416813,37199660,62800426,833626,125600852,28896,42897,3062127,6940303,85794,13880606,"1bill-boot"
6,28,"petite","second",377524,416440,37204602,62795411,832880,125590822,28838,42961,3073052,6930084,85922,13860168,"1bill-boot"
6,29,"petite","second",377223,416919,37135462,62864554,833838,125729108,28717,42896,3057537,6944138,85792,13888276,"1bill-boot"
6,30,"petite","second",376811,416962,37055722,62944346,833924,125888692,28923,43086,3057501,6944306,86172,13888612,"1bill-boot"
1,1,"petite","second",361375,419993,36002399,63997620,839986,127995240,27765,42997,2970658,7029524,85994,14059048,"1bill-boot"
1,2,"petite","second",360645,419880,35967855,64032168,839760,128064336,27648,43140,2947627,7055159,86280,14110318,"1bill-boot"
1,3,"petite","second",361919,419554,36064713,63935336,839108,127870672,27719,43071,2960588,7042101,86142,14084202,"1bill-boot"
1,4,"petite","second",361693,419953,36021366,63978651,839906,127957302,27968,43007,2980864,7019479,86014,14038958,"1bill-boot"
1,5,"petite","second",361364,419474,36023385,63976653,838948,127953306,27660,42853,2966865,7034454,85706,14068908,"1bill-boot"
1,6,"petite","second",360428,419994,35916014,64084080,839988,128168160,27400,43211,2929603,7072164,86422,14144328,"1bill-boot"
1,7,"petite","second",361252,420044,36010544,63989520,840088,127979040,27663,42963,2957452,7045912,85926,14091824,"1bill-boot"
1,8,"petite","second",362262,419701,36095446,63904612,839402,127809224,27615,43029,2965419,7034768,86058,14069536,"1bill-boot"
1,9,"petite","second",361003,419900,35942858,64057282,839800,128114564,27741,42952,2967927,7035868,85904,14071736,"1bill-boot"
1,10,"petite","second",360027,420767,35901636,64098449,841534,128196898,27448,43253,2935973,7066225,86506,14132450,"1bill-boot"
1,11,"petite","second",361277,420330,35986774,64013244,840660,128026488,27795,42999,2971791,7028544,85998,14057088,"1bill-boot"
1,12,"petite","second",361208,419965,36005972,63994073,839930,127988146,27702,42991,2973769,7026688,85982,14053376,"1bill-boot"
1,13,"petite","second",360546,420642,35905199,64094844,841284,128189688,27479,43163,2962921,7038757,86326,14077514,"1bill-boot"
1,14,"petite","second",361177,419559,35989776,64010353,839118,128020706,27368,42982,2927430,7073463,85964,14146926,"1bill-boot"
1,15,"petite","second",360975,420112,35969815,64030190,840224,128060380,27707,42935,2963997,7040241,85870,14080482,"1bill-boot"
1,16,"petite","second",360910,420267,35917793,64082361,840534,128164722,27749,42942,2956963,7043084,85884,14086168,"1bill-boot"
1,17,"petite","second",361328,419885,36025313,63974866,839770,127949732,27543,43165,2954333,7047765,86330,14095530,"1bill-boot"
1,18,"petite","second",360653,420561,35912475,64087565,841122,128175130,27560,42962,2960575,7039902,85924,14079804,"1bill-boot"
1,19,"petite","second",360919,420313,35927742,64072322,840626,128144644,27700,43087,2947508,7052671,86174,14105342,"1bill-boot"
1,20,"petite","second",360915,420579,35948502,64051503,841158,128103006,27611,43225,2953385,7047841,86450,14095682,"1bill-boot"
1,21,"petite","second",360618,420249,35952002,64048048,840498,128096096,27514,43064,2946318,7054139,86128,14108278,"1bill-boot"
1,22,"petite","second",360375,420394,35952459,64047690,840788,128095380,27345,43275,2935728,7064771,86550,14129542,"1bill-boot"
1,23,"petite","second",360181,420808,35888195,64112013,841616,128224026,27453,43197,2941895,7061483,86394,14122966,"1bill-boot"
1,24,"petite","second",361654,419848,36037749,63962420,839696,127924840,27426,43097,2941165,7059438,86194,14118876,"1bill-boot"
1,25,"petite","second",361026,419679,35970528,64029478,839358,128058956,27691,42673,2971140,7029057,85346,14058114,"1bill-boot"
1,26,"petite","second",361227,420011,35992643,64007419,840022,128014838,27590,43095,2943382,7057471,86190,14114942,"1bill-boot"
1,27,"petite","second",360867,419574,35981735,64018392,839148,128036784,27774,42863,2982702,7018238,85726,14036476,"1bill-boot"
1,28,"petite","second",361644,419706,36009294,63990887,839412,127981774,27920,42800,2988098,7013580,85600,14027160,"1bill-boot"
1,29,"petite","second",360938,420301,35972391,64027633,840602,128055266,27389,43242,2923064,7077886,86484,14155772,"1bill-boot"
1,30,"petite","second",361670,419759,36028100,63972120,839518,127944240,27725,42974,2971699,7030919,85948,14061838,"1bill-boot"
8,1,"petite","second",378120,423543,36739325,63260728,847086,126521456,28632,43487,3001111,6999288,86974,13998576,"1bill-boot"
8,2,"petite","second",379567,422751,36897607,63102571,845502,126205142,29206,43268,3062317,6938149,86536,13876298,"1bill-boot"
8,3,"petite","second",377872,423757,36744294,63255723,847514,126511446,28878,43228,3044782,6956068,86456,13912136,"1bill-boot"
8,4,"petite","second",378868,423460,36801603,63198474,846920,126396948,29193,43251,3057010,6944338,86502,13888676,"1bill-boot"
8,5,"petite","second",379028,423064,36812638,63187438,846128,126374876,29049,43402,3043853,6958525,86804,13917050,"1bill-boot"
8,6,"petite","second",378393,423195,36719647,63280436,846390,126560872,28850,43481,3016176,6984741,86962,13969482,"1bill-boot"
8,7,"petite","second",379249,423071,36859436,63140707,846142,126281414,28871,43529,3014970,6985232,87058,13970464,"1bill-boot"
8,8,"petite","second",379247,422851,36800450,63199588,845702,126399176,28798,43467,2998258,7003950,86934,14007900,"1bill-boot"
8,9,"petite","second",378745,423805,36769984,63230114,847610,126460228,29008,43475,3029696,6970481,86950,13940962,"1bill-boot"
8,10,"petite","second",378918,423011,36814781,63185272,846022,126370544,28978,43411,3027934,6973931,86822,13947862,"1bill-boot"
8,11,"petite","second",379209,423010,36844283,63155776,846020,126311552,29029,43476,3032761,6968488,86952,13936976,"1bill-boot"
8,12,"petite","second",380241,422815,36923470,63076627,845630,126153254,29081,43328,3043472,6958459,86656,13916918,"1bill-boot"
8,13,"petite","second",379328,422993,36883984,63116128,845986,126232256,29015,43336,3052364,6949669,86672,13899338,"1bill-boot"
8,14,"petite","second",379376,422590,36892409,63107627,845180,126215254,28939,43397,3028826,6971995,86794,13943990,"1bill-boot"
8,15,"petite","second",378380,422848,36807583,63192441,845696,126384882,28830,43487,3015908,6986150,86974,13972300,"1bill-boot"
8,16,"petite","second",378776,423744,36780104,63219920,847488,126439840,28962,43375,3052019,6950854,86750,13901708,"1bill-boot"
8,17,"petite","second",378473,424119,36774589,63225425,848238,126450850,28872,43571,3034311,6967238,87142,13934476,"1bill-boot"
8,18,"petite","second",378530,423316,36767158,63232908,846632,126465816,28969,43506,3035376,6967562,87012,13935124,"1bill-boot"
8,19,"petite","second",378462,423794,36725892,63274211,847588,126548422,28888,43338,3036047,6964632,86676,13929264,"1bill-boot"
8,20,"petite","second",378634,423482,36763615,63236420,846964,126472840,28992,43229,3041309,6959697,86458,13919394,"1bill-boot"
8,21,"petite","second",378294,423388,36760254,63239853,846776,126479706,28852,43357,3027296,6974235,86714,13948470,"1bill-boot"
8,22,"petite","second",378567,423561,36765059,63234976,847122,126469952,29033,43264,3042488,6960776,86528,13921552,"1bill-boot"
8,23,"petite","second",378071,423419,36763189,63236832,846838,126473664,28990,43421,3033831,6966431,86842,13932862,"1bill-boot"
8,24,"petite","second",378697,423328,36806884,63193161,846656,126386322,29011,43414,3045905,6957497,86828,13914994,"1bill-boot"
8,25,"petite","second",380317,422657,36898877,63101157,845314,126202314,28960,43447,3026078,6975166,86894,13950332,"1bill-boot"
8,26,"petite","second",377807,423934,36655191,63344836,847868,126689672,28894,43394,3028845,6973126,86788,13946252,"1bill-boot"
8,27,"petite","second",378761,422911,36815990,63184214,845822,126368428,29058,43397,3044491,6955631,86794,13911262,"1bill-boot"
8,28,"petite","second",378745,422543,36861631,63138439,845086,126276878,29084,43232,3049007,6952433,86464,13904866,"1bill-boot"
8,29,"petite","second",379362,422802,36864044,63135984,845604,126271968,29078,43289,3048544,6953007,86578,13906014,"1bill-boot"
8,30,"petite","second",378113,422547,36743182,63256936,845094,126513872,29150,43180,3062829,6937847,86360,13875694,"1bill-boot"
35,1,"petite","second",375496,415336,36894939,63105101,830672,126210202,28575,42858,3013610,6986897,85716,13973794,"1bill-boot"
35,2,"petite","second",376800,414343,37035705,62964307,828686,125928614,28810,42728,3039034,6963295,85456,13926590,"1bill-boot"
35,3,"petite","second",377455,414670,37046362,62953766,829340,125907532,28840,42911,3043427,6960024,85822,13920048,"1bill-boot"
35,4,"petite","second",376739,414998,36942256,63057818,829996,126115636,28699,42861,3019378,6983272,85722,13966544,"1bill-boot"
35,5,"petite","second",376276,415094,36902037,63098028,830188,126196056,28925,42757,3043766,6957905,85514,13915810,"1bill-boot"
35,6,"petite","second",376301,414677,36961846,63038174,829354,126076348,28490,42854,3003749,6998431,85708,13996862,"1bill-boot"
35,7,"petite","second",376448,414501,37003323,62996711,829002,125993422,28477,42888,3011078,6990287,85776,13980574,"1bill-boot"
35,8,"petite","second",375943,415095,36910041,63090049,830190,126180098,28893,42614,3042077,6961150,85228,13922300,"1bill-boot"
35,9,"petite","second",377476,414892,37046404,62953696,829784,125907392,28839,42816,3036644,6963582,85632,13927164,"1bill-boot"
35,10,"petite","second",376067,414836,36943231,63056907,829672,126113814,28452,42894,2998378,7002632,85788,14005264,"1bill-boot"
35,11,"petite","second",377112,414759,37003081,62997052,829518,125994104,28777,42667,3042661,6958396,85334,13916792,"1bill-boot"
35,12,"petite","second",376302,414683,36958776,63041304,829366,126082608,28697,42714,3030019,6972669,85428,13945338,"1bill-boot"
35,13,"petite","second",375832,414717,36918945,63081056,829434,126162112,28750,42693,3032006,6969572,85386,13939144,"1bill-boot"
35,14,"petite","second",376216,414797,36920606,63079518,829594,126159036,29032,42718,3056729,6944227,85436,13888454,"1bill-boot"
35,15,"petite","second",376766,414464,36995818,63004182,828928,126008364,28448,42860,3013682,6989838,85720,13979676,"1bill-boot"
35,16,"petite","second",377417,414649,37033115,62966895,829298,125933790,28683,43049,3011852,6988672,86098,13977344,"1bill-boot"
35,17,"petite","second",377256,414449,37082620,62917446,828898,125834892,28974,42610,3054219,6947142,85220,13894284,"1bill-boot"
35,18,"petite","second",376750,414812,36961643,63038409,829624,126076818,28904,42793,3044756,6955794,85586,13911588,"1bill-boot"
35,19,"petite","second",376303,414905,36918839,63081177,829810,126162354,28574,42752,3020644,6981056,85504,13962112,"1bill-boot"
35,20,"petite","second",376716,414677,36999535,63000469,829354,126000938,28621,42774,3020110,6980131,85548,13960262,"1bill-boot"
35,21,"petite","second",377510,414430,37025442,62974591,828860,125949182,28685,42682,3020896,6980758,85364,13961516,"1bill-boot"
35,22,"petite","second",376333,414661,36988939,63011201,829322,126022402,28755,42671,3021694,6979580,85342,13959160,"1bill-boot"
35,23,"petite","second",375344,415615,36843396,63156639,831230,126313278,28692,42931,3016139,6985625,85862,13971250,"1bill-boot"
35,24,"petite","second",376807,414086,37005056,62994951,828172,125989902,28624,42632,3017922,6984623,85264,13969246,"1bill-boot"
35,25,"petite","second",376798,414422,36979329,63020846,828844,126041692,28735,42813,3025040,6975871,85626,13951742,"1bill-boot"
35,26,"petite","second",377601,414049,37067669,62932332,828098,125864664,29093,42526,3078182,6922313,85052,13844626,"1bill-boot"
35,27,"petite","second",376837,414506,37003814,62996295,829012,125992590,28636,42789,3007936,6994740,85578,13989480,"1bill-boot"
35,28,"petite","second",376020,414842,36955437,63044600,829684,126089200,28642,42885,3019803,6981786,85770,13963572,"1bill-boot"
35,29,"petite","second",376726,414439,37026460,62973614,828878,125947228,28640,42811,3017929,6982139,85622,13964278,"1bill-boot"
35,30,"petite","second",377232,414339,36991328,63008756,828678,126017512,28652,42792,3012287,6989212,85584,13978424,"1bill-boot"
32,1,"petite","second",374185,417149,36822688,63177497,834298,126354994,28299,43060,3011497,6990855,86120,13981710,"1bill-boot"
32,2,"petite","second",375490,416617,36921138,63078935,833234,126157870,28775,42909,3047810,6954281,85818,13908562,"1bill-boot"
32,3,"petite","second",376274,416783,36951757,63048317,833566,126096634,28763,42814,3055667,6944782,85628,13889564,"1bill-boot"
32,4,"petite","second",375983,416798,37004480,62995557,833596,125991114,28761,42988,3052735,6949303,85976,13898606,"1bill-boot"
32,5,"petite","second",375178,416646,36904141,63095929,833292,126191858,28742,42975,3039213,6963845,85950,13927690,"1bill-boot"
32,6,"petite","second",374797,417390,36845510,63154558,834780,126309116,28326,43022,3004525,6998022,86044,13996044,"1bill-boot"
32,7,"petite","second",375109,416790,36905792,63094253,833580,126188506,28523,42964,3028553,6974291,85928,13948582,"1bill-boot"
32,8,"petite","second",375087,416651,36894501,63105648,833302,126211296,28620,43022,3034676,6967558,86044,13935116,"1bill-boot"
32,9,"petite","second",375599,417306,36948384,63051657,834612,126103314,28836,42948,3045025,6956855,85896,13913710,"1bill-boot"
32,10,"petite","second",375013,417114,36925714,63074476,834228,126148952,28586,43040,3032808,6969481,86080,13938962,"1bill-boot"
32,11,"petite","second",376836,416251,37088054,62911946,832502,125823892,28627,42936,3042307,6960923,85872,13921846,"1bill-boot"
32,12,"petite","second",375220,417013,36890258,63109840,834026,126219680,28684,42954,3038987,6962335,85908,13924670,"1bill-boot"
32,13,"petite","second",375527,417125,36925271,63074771,834250,126149542,28382,43239,3002159,6998546,86478,13997092,"1bill-boot"
32,14,"petite","second",375432,416635,36916605,63083400,833270,126166800,28615,43010,3024506,6979354,86020,13958708,"1bill-boot"
32,15,"petite","second",375723,416665,36946828,63053257,833330,126106514,28737,42905,3056426,6944588,85810,13889176,"1bill-boot"
32,16,"petite","second",374880,417177,36865106,63134929,834354,126269858,28574,42930,3021606,6981000,85860,13962000,"1bill-boot"
32,17,"petite","second",375821,417034,36986631,63013479,834068,126026958,28459,42989,3018243,6984749,85978,13969498,"1bill-boot"
32,18,"petite","second",376127,416633,36968835,63031242,833266,126062484,28818,42828,3051073,6952244,85656,13904488,"1bill-boot"
32,19,"petite","second",375940,416584,36988511,63011496,833168,126022992,28567,42984,3031774,6968480,85968,13936960,"1bill-boot"
32,20,"petite","second",375155,417013,36885510,63114530,834026,126229060,28863,42628,3068616,6933927,85256,13867854,"1bill-boot"
32,21,"petite","second",376283,416259,37010266,62989785,832518,125979570,28602,42967,3031661,6971076,85934,13942152,"1bill-boot"
32,22,"petite","second",374226,417799,36814568,63185453,835598,126370906,28632,42769,3047065,6953444,85538,13906888,"1bill-boot"
32,23,"petite","second",374843,417234,36884138,63115880,834468,126231760,28551,43094,3031795,6971285,86188,13942570,"1bill-boot"
32,24,"petite","second",375956,416067,37028148,62971891,832134,125943782,28532,43024,3029712,6970538,86048,13941076,"1bill-boot"
32,25,"petite","second",375531,416843,36865275,63134742,833686,126269484,28480,42904,3025621,6974509,85808,13949018,"1bill-boot"
32,26,"petite","second",375978,416419,36941805,63058251,832838,126116502,28847,42731,3054898,6948216,85462,13896432,"1bill-boot"
32,27,"petite","second",375887,416536,36958385,63041646,833072,126083292,28781,42868,3058541,6943769,85736,13887538,"1bill-boot"
32,28,"petite","second",374204,417173,36809713,63190358,834346,126380716,28640,42769,3044637,6957969,85538,13915938,"1bill-boot"
32,29,"petite","second",375821,416869,36963983,63036049,833738,126072098,28872,42805,3057502,6943425,85610,13886850,"1bill-boot"
32,30,"petite","second",375673,416733,36961698,63038329,833466,126076658,28688,42976,3043721,6957335,85952,13914670,"1bill-boot"
50,1,"petite","second",374317,414022,36739339,63260707,828044,126521414,28291,42528,3007975,6993905,85056,13987810,"1bill-boot"
50,2,"petite","second",375270,413402,36856701,63143478,826804,126286956,28539,42381,3031018,6971747,84762,13943494,"1bill-boot"
50,3,"petite","second",375126,413373,36822187,63177939,826746,126355878,28196,42548,3003190,6997432,85096,13994864,"1bill-boot"
50,4,"petite","second",375455,413692,36848304,63151956,827384,126303912,28454,42632,3019420,6982130,85264,13964260,"1bill-boot"
50,5,"petite","second",375433,413271,36879330,63120731,826542,126241462,28364,42542,3013030,6989145,85084,13978290,"1bill-boot"
50,6,"petite","second",375001,413432,36804576,63195458,826864,126390916,28321,42565,3000566,7001770,85130,14003540,"1bill-boot"
50,7,"petite","second",375291,413010,36871998,63128015,826020,126256030,28519,42381,3037445,6966116,84762,13932232,"1bill-boot"
50,8,"petite","second",375011,413209,36789130,63211089,826418,126422178,28383,42370,3007374,6995930,84740,13991860,"1bill-boot"
50,9,"petite","second",374530,413924,36771506,63228546,827848,126457092,28553,42452,3020625,6981036,84904,13962072,"1bill-boot"
50,10,"petite","second",373743,414304,36683117,63316942,828608,126633884,28411,42559,3005473,6995341,85118,13990682,"1bill-boot"
50,11,"petite","second",374769,413864,36814906,63185159,827728,126370318,28477,42484,3028749,6973624,84968,13947248,"1bill-boot"
50,12,"petite","second",374940,413726,36787505,63212547,827452,126425094,28174,42698,2990937,7009127,85396,14018254,"1bill-boot"
50,13,"petite","second",374374,414343,36763568,63236569,828686,126473138,28367,42686,2994956,7005167,85372,14010334,"1bill-boot"
50,14,"petite","second",374176,413403,36770194,63229829,826806,126459658,28439,42481,3017420,6984079,84962,13968158,"1bill-boot"
50,15,"petite","second",374990,413242,36784669,63215375,826484,126430750,28442,42555,3007317,6993976,85110,13987952,"1bill-boot"
50,16,"petite","second",374892,413856,36802832,63197230,827712,126394460,28333,42650,2996705,7004826,85300,14009652,"1bill-boot"
50,17,"petite","second",375119,413658,36837530,63162550,827316,126325100,28526,42443,3029282,6973761,84886,13947522,"1bill-boot"
50,18,"petite","second",374523,413866,36782061,63217986,827732,126435972,28438,42539,3011488,6989627,85078,13979254,"1bill-boot"
50,19,"petite","second",374750,413591,36838957,63161056,827182,126322112,28343,42556,3016343,6985531,85112,13971062,"1bill-boot"
50,20,"petite","second",375184,413348,36821536,63178503,826696,126357006,28451,42360,3033509,6969186,84720,13938372,"1bill-boot"
50,21,"petite","second",374943,412844,36805874,63194231,825688,126388462,28493,42491,3022388,6979798,84982,13959596,"1bill-boot"
50,22,"petite","second",374270,413735,36765970,63234113,827470,126468226,28305,42625,3002027,6999031,85250,13998062,"1bill-boot"
50,23,"petite","second",373561,413837,36736162,63263855,827674,126527710,28236,42569,3002795,7000034,85138,14000068,"1bill-boot"
50,24,"petite","second",374438,414037,36781902,63218177,828074,126436354,28360,42611,3006138,6993889,85222,13987778,"1bill-boot"
50,25,"petite","second",375150,413461,36829288,63170727,826922,126341454,28435,42518,3014995,6986032,85036,13972064,"1bill-boot"
50,26,"petite","second",374871,414017,36772112,63227930,828034,126455860,28275,42684,2985921,7015123,85368,14030246,"1bill-boot"
50,27,"petite","second",374845,413202,36833088,63166916,826404,126333832,28519,42367,3018877,6986034,84734,13972068,"1bill-boot"
50,28,"petite","second",374396,413694,36764726,63235453,827388,126470906,28338,42623,3002501,6997686,85246,13995372,"1bill-boot"
50,29,"petite","second",373947,414282,36713727,63286351,828564,126572702,28443,42332,3024614,6976208,84664,13952416,"1bill-boot"
50,30,"petite","second",375607,413028,36886606,63113421,826056,126226842,28695,42296,3052387,6948283,84592,13896566,"1bill-boot"
43,1,"petite","second",375312,421490,36436960,63563043,842980,127126086,28380,43418,2977366,7023008,86836,14046016,"1bill-boot"
43,2,"petite","second",375479,421824,36439156,63560846,843648,127121692,28493,43420,2983598,7017094,86840,14034188,"1bill-boot"
43,3,"petite","second",376431,421429,36523496,63476515,842858,126953030,28751,43216,3023304,6978714,86432,13957428,"1bill-boot"
43,4,"petite","second",375300,422259,36421988,63578052,844518,127156104,28380,43790,2954587,7045616,87580,14091232,"1bill-boot"
43,5,"petite","second",375750,421262,36465372,63534737,842524,127069474,28359,43575,2967520,7034167,87150,14068334,"1bill-boot"
43,6,"petite","second",375322,421662,36404572,63595572,843324,127191144,28492,43302,2984468,7020423,86604,14040846,"1bill-boot"
43,7,"petite","second",375092,422092,36369582,63630566,844184,127261132,28332,43652,2962422,7038153,87304,14076306,"1bill-boot"
43,8,"petite","second",376120,421780,36499443,63500583,843560,127001166,28699,43515,3006043,6997240,87030,13994480,"1bill-boot"
43,9,"petite","second",375269,422387,36417232,63582803,844774,127165606,28396,43561,2984525,7017035,87122,14034070,"1bill-boot"
43,10,"petite","second",376170,421583,36511325,63488681,843166,126977362,28663,43408,2991135,7010944,86816,14021888,"1bill-boot"
43,11,"petite","second",376640,421178,36526322,63473711,842356,126947422,28554,43393,2987367,7015892,86786,14031784,"1bill-boot"
43,12,"petite","second",375653,421510,36454819,63545240,843020,127090480,28521,43439,2990762,7011179,86878,14022358,"1bill-boot"
43,13,"petite","second",376082,421036,36485417,63514588,842072,127029176,28490,43322,2985509,7015932,86644,14031864,"1bill-boot"
43,14,"petite","second",375060,422289,36387682,63612328,844578,127224656,28601,43493,3000004,7001969,86986,14003938,"1bill-boot"
43,15,"petite","second",376098,421663,36487705,63512383,843326,127024766,28731,43364,3002804,7000348,86728,14000696,"1bill-boot"
43,16,"petite","second",376304,421615,36502807,63497228,843230,126994456,28732,43346,3003960,6998081,86692,13996162,"1bill-boot"
43,17,"petite","second",375506,422091,36402405,63597789,844182,127195578,28383,43438,2971325,7028701,86876,14057402,"1bill-boot"
43,18,"petite","second",376635,421371,36513013,63487178,842742,126974356,28716,43463,3006559,6993949,86926,13987898,"1bill-boot"
43,19,"petite","second",375637,421811,36429003,63571084,843622,127142168,28456,43652,2974126,7029370,87304,14058740,"1bill-boot"
43,20,"petite","second",376091,421448,36446400,63553783,842896,127107566,28540,43411,2988606,7013738,86822,14027476,"1bill-boot"
43,21,"petite","second",375290,421835,36438424,63561603,843670,127123206,28295,43625,2969510,7033843,87250,14067686,"1bill-boot"
43,22,"petite","second",376486,421158,36524032,63476084,842316,126952168,28533,43429,2980189,7020122,86858,14040244,"1bill-boot"
43,23,"petite","second",375903,421544,36472202,63527872,843088,127055744,28838,43460,3007161,6993860,86920,13987720,"1bill-boot"
43,24,"petite","second",376781,421311,36576228,63423848,842622,126847696,28662,43406,2994675,7006017,86812,14012034,"1bill-boot"
43,25,"petite","second",376111,421990,36459103,63540925,843980,127081850,28488,43402,2994954,7007622,86804,14015244,"1bill-boot"
43,26,"petite","second",375249,421656,36412454,63587693,843312,127175386,28593,43555,2985731,7017933,87110,14035866,"1bill-boot"
43,27,"petite","second",375483,421846,36407528,63592482,843692,127184964,28545,43355,3001284,7000612,86710,14001224,"1bill-boot"
43,28,"petite","second",375769,421903,36474055,63525980,843806,127051960,28629,43623,2989644,7011283,87246,14022566,"1bill-boot"
43,29,"petite","second",375362,422011,36413978,63586088,844022,127172176,28537,43462,2988358,7014815,86924,14029630,"1bill-boot"
43,30,"petite","second",376089,421482,36506381,63493728,842964,126987456,28775,43279,3008624,6994544,86558,13989088,"1bill-boot"
44,1,"petite","second",376420,413273,36920988,63079026,826546,126158052,28501,42631,3010789,6991349,85262,13982698,"1bill-boot"
44,2,"petite","second",376273,413464,36884358,63115849,826928,126231698,28415,42745,2997134,7006922,85490,14013844,"1bill-boot"
44,3,"petite","second",377084,413243,36920277,63079845,826486,126159690,28453,42632,3005088,6996145,85264,13992290,"1bill-boot"
44,4,"petite","second",377735,413583,36975131,63024889,827166,126049778,28447,42749,3007553,6996940,85498,13993880,"1bill-boot"
44,5,"petite","second",376675,413329,36884360,63115850,826658,126231700,28514,42560,3012904,6989732,85120,13979464,"1bill-boot"
44,6,"petite","second",376961,413559,36889536,63110521,827118,126221042,28492,42686,3000438,7000165,85372,14000330,"1bill-boot"
44,7,"petite","second",376733,413281,36916015,63083990,826562,126167980,28319,42725,2994562,7008780,85450,14017560,"1bill-boot"
44,8,"petite","second",376107,413777,36858209,63141797,827554,126283594,28434,42699,3003811,6996686,85398,13993372,"1bill-boot"
44,9,"petite","second",377273,413510,36980790,63019248,827020,126038496,28781,42390,3034195,6965900,84780,13931800,"1bill-boot"
44,10,"petite","second",377546,412703,36991666,63008432,825406,126016864,28860,42477,3032729,6969971,84954,13939942,"1bill-boot"
44,11,"petite","second",378277,412700,37022412,62977608,825400,125955216,28651,42512,3020922,6979595,85024,13959190,"1bill-boot"
44,12,"petite","second",377092,413087,36947905,63052142,826174,126104284,28615,42479,3030572,6969495,84958,13938990,"1bill-boot"
44,13,"petite","second",377424,412652,36973340,63026669,825304,126053338,28585,42483,3010834,6990883,84966,13981766,"1bill-boot"
44,14,"petite","second",376952,413364,36933121,63066981,826728,126133962,28414,42673,2997160,7004231,85346,14008462,"1bill-boot"
44,15,"petite","second",376912,413437,36919002,63081034,826874,126162068,28352,42578,2986718,7015976,85156,14031952,"1bill-boot"
44,16,"petite","second",377666,412950,36988763,63011451,825900,126022902,28409,42614,3000779,7001467,85228,14002934,"1bill-boot"
44,17,"petite","second",377668,412913,37034949,62965104,825826,125930208,28753,42454,3031844,6970828,84908,13941656,"1bill-boot"
44,18,"petite","second",377671,412561,36980947,63019071,825122,126038142,28525,42646,3007194,6994049,85292,13988098,"1bill-boot"
44,19,"petite","second",376993,413105,36905811,63094316,826210,126188632,28621,42322,3022168,6978565,84644,13957130,"1bill-boot"
44,20,"petite","second",377132,413325,36920503,63079523,826650,126159046,28509,42592,3002704,7001068,85184,14002136,"1bill-boot"
44,21,"petite","second",377817,412881,37016523,62983546,825762,125967092,28539,42585,3016796,6985944,85170,13971888,"1bill-boot"
44,22,"petite","second",376412,413184,36907517,63092664,826368,126185328,28639,42681,3016990,6983125,85362,13966250,"1bill-boot"
44,23,"petite","second",375675,413911,36856469,63143532,827822,126287064,28440,42682,3003382,6998191,85364,13996382,"1bill-boot"
44,24,"petite","second",377362,413035,36970895,63029197,826070,126058394,28744,42458,3039301,6962414,84916,13924828,"1bill-boot"
44,25,"petite","second",377553,412782,36975110,63024936,825564,126049872,28802,42211,3048935,6953151,84422,13906302,"1bill-boot"
44,26,"petite","second",376880,413286,36937453,63062548,826572,126125096,28680,42613,3031964,6968162,85226,13936324,"1bill-boot"
44,27,"petite","second",376576,412960,36911475,63088532,825920,126177064,28770,42428,3033662,6970153,84856,13940306,"1bill-boot"
44,28,"petite","second",376518,413276,36888423,63111729,826552,126223458,28837,42409,3033461,6969735,84818,13939470,"1bill-boot"
44,29,"petite","second",377521,412611,37021033,62978983,825222,125957966,28657,42435,3023471,6980208,84870,13960416,"1bill-boot"
44,30,"petite","second",377811,412390,37032035,62968004,824780,125936008,28850,42343,3042589,6957673,84686,13915346,"1bill-boot"
10,1,"petite","second",375229,416940,36723066,63277062,833880,126554124,28415,42859,3002057,6999728,85718,13999456,"1bill-boot"
10,2,"petite","second",376239,416259,36817937,63182143,832518,126364286,28505,42934,3012249,6988496,85868,13976992,"1bill-boot"
10,3,"petite","second",376309,416764,36831144,63168924,833528,126337848,28430,43012,2996339,7004150,86024,14008300,"1bill-boot"
10,4,"petite","second",376265,416912,36782717,63217371,833824,126434742,28830,42845,3047987,6953524,85690,13907048,"1bill-boot"
10,5,"petite","second",376004,416728,36813927,63186100,833456,126372200,28695,42839,3031935,6971279,85678,13942558,"1bill-boot"
10,6,"petite","second",375997,416631,36749000,63251018,833262,126502036,28803,42921,3021566,6981311,85842,13962622,"1bill-boot"
10,7,"petite","second",375255,416309,36740585,63259485,832618,126518970,28586,42870,3016941,6983817,85740,13967634,"1bill-boot"
10,8,"petite","second",375822,416683,36773947,63226055,833366,126452110,28417,42970,2996199,7003865,85940,14007730,"1bill-boot"
10,9,"petite","second",374604,417352,36642412,63357757,834704,126715514,28527,42829,3012601,6989946,85658,13979892,"1bill-boot"
10,10,"petite","second",375874,416449,36762717,63237316,832898,126474632,28688,42808,3025166,6975303,85616,13950606,"1bill-boot"
10,11,"petite","second",376204,415870,36799607,63200419,831740,126400838,28697,42694,3024996,6978814,85388,13957628,"1bill-boot"
10,12,"petite","second",375828,416652,36779224,63220833,833304,126441666,28756,42757,3027858,6974215,85514,13948430,"1bill-boot"
10,13,"petite","second",376880,416093,36882590,63117457,832186,126234914,28798,42650,3041668,6960090,85300,13920180,"1bill-boot"
10,14,"petite","second",375528,416344,36753516,63246515,832688,126493030,28642,42701,3027885,6973534,85402,13947068,"1bill-boot"
10,15,"petite","second",376084,416675,36784063,63216028,833350,126432056,28631,42983,3021457,6981467,85966,13962934,"1bill-boot"
10,16,"petite","second",375759,416725,36750907,63249178,833450,126498356,28840,42790,3043338,6958104,85580,13916208,"1bill-boot"
10,17,"petite","second",375560,416701,36762184,63237842,833402,126475684,28670,42867,3030724,6970906,85734,13941812,"1bill-boot"
10,18,"petite","second",376585,416420,36826439,63173595,832840,126347190,28793,42856,3041850,6959965,85712,13919930,"1bill-boot"
10,19,"petite","second",377018,415834,36886090,63114023,831668,126228046,28917,42523,3060673,6942587,85046,13885174,"1bill-boot"
10,20,"petite","second",376223,416405,36813748,63186257,832810,126372514,28768,42779,3036523,6967137,85558,13934274,"1bill-boot"
10,21,"petite","second",377196,416169,36831439,63168660,832338,126337320,28909,42747,3036258,6964901,85494,13929802,"1bill-boot"
10,22,"petite","second",375832,416431,36789739,63210327,832862,126420654,28552,42923,3002371,6999637,85846,13999274,"1bill-boot"
10,23,"petite","second",374862,416630,36645446,63354565,833260,126709130,28609,42801,3010444,6990474,85602,13980948,"1bill-boot"
10,24,"petite","second",376014,416290,36801675,63198397,832580,126396794,28665,42753,3021694,6981577,85506,13963154,"1bill-boot"
10,25,"petite","second",376415,416063,36776583,63223490,832126,126446980,28963,42618,3043652,6958488,85236,13916976,"1bill-boot"
10,26,"petite","second",376473,416167,36816125,63183918,832334,126367836,28898,42718,3042546,6960449,85436,13920898,"1bill-boot"
10,27,"petite","second",376518,415910,36853480,63146532,831820,126293064,28810,42735,3042062,6959794,85470,13919588,"1bill-boot"
10,28,"petite","second",375833,416743,36757587,63242609,833486,126485218,28898,42822,3044010,6958474,85644,13916948,"1bill-boot"
10,29,"petite","second",375426,416745,36741450,63258644,833490,126517288,28522,42957,3003527,6999227,85914,13998454,"1bill-boot"
10,30,"petite","second",376085,415915,36826060,63173997,831830,126347994,28833,42646,3045880,6954455,85292,13908910,"1bill-boot"
17,1,"petite","second",373467,417572,36616403,63383727,835144,126767454,28724,42969,3020207,6981435,85938,13962870,"1bill-boot"
17,2,"petite","second",373735,417573,36611198,63388897,835146,126777794,28386,42963,2982101,7017969,85926,14035938,"1bill-boot"
17,3,"petite","second",373655,417866,36581837,63418249,835732,126836498,28421,43075,2990272,7009980,86150,14019960,"1bill-boot"
17,4,"petite","second",373729,418063,36599745,63400348,836126,126800696,28695,43017,3020104,6982956,86034,13965912,"1bill-boot"
17,5,"petite","second",374237,417534,36649808,63350267,835068,126700534,28726,42972,3026378,6976076,85944,13952152,"1bill-boot"
17,6,"petite","second",374099,417620,36637195,63362914,835240,126725828,28795,42730,3031480,6970944,85460,13941888,"1bill-boot"
17,7,"petite","second",372494,417530,36536377,63463647,835060,126927294,28156,43135,2969230,7032331,86270,14064662,"1bill-boot"
17,8,"petite","second",374388,417022,36666315,63333690,834044,126667380,28663,43065,3014342,6987285,86130,13974570,"1bill-boot"
17,9,"petite","second",372940,418591,36502005,63497997,837182,126995994,28353,43267,2982673,7017455,86534,14034910,"1bill-boot"
17,10,"petite","second",374591,417304,36669798,63330216,834608,126660432,28563,43006,3006647,6995786,86012,13991572,"1bill-boot"
17,11,"petite","second",374544,417397,36655600,63344544,834794,126689088,28565,42899,3009657,6990570,85798,13981140,"1bill-boot"
17,12,"petite","second",373908,417486,36609561,63390625,834972,126781250,28285,43261,2961451,7041707,86522,14083414,"1bill-boot"
17,13,"petite","second",373506,417694,36572603,63427461,835388,126854922,28554,42910,3012880,6991243,85820,13982486,"1bill-boot"
17,14,"petite","second",374050,417182,36674272,63325804,834364,126651608,28583,43053,3008007,6993918,86106,13987836,"1bill-boot"
17,15,"petite","second",373146,417919,36574447,63425653,835838,126851306,28613,43037,3000837,7002620,86074,14005240,"1bill-boot"
17,16,"petite","second",374365,417310,36652636,63347404,834620,126694808,28851,42898,3026359,6974189,85796,13948378,"1bill-boot"
17,17,"petite","second",373496,418032,36607616,63392495,836064,126784990,28592,43051,3008860,6992062,86102,13984124,"1bill-boot"
17,18,"petite","second",374757,417262,36694238,63305813,834524,126611626,28650,42902,3016059,6985166,85804,13970332,"1bill-boot"
17,19,"petite","second",374353,417386,36617576,63382484,834772,126764968,28415,43090,2983277,7017064,86180,14034128,"1bill-boot"
17,20,"petite","second",374190,417405,36668174,63331915,834810,126663830,28359,43118,2989704,7012007,86236,14024014,"1bill-boot"
17,21,"petite","second",373752,417320,36602597,63397435,834640,126794870,28472,43022,2996681,7005761,86044,14011522,"1bill-boot"
17,22,"petite","second",373505,417618,36560619,63439459,835236,126878918,28894,42970,3032360,6970723,85940,13941446,"1bill-boot"
17,23,"petite","second",372558,418593,36450304,63549740,837186,127099480,28557,43070,3007807,6994991,86140,13989982,"1bill-boot"
17,24,"petite","second",372587,417536,36543853,63456265,835072,126912530,28418,43005,3009017,6994512,86010,13989024,"1bill-boot"
17,25,"petite","second",374603,417265,36660578,63339432,834530,126678864,28564,42830,3005384,6998290,85660,13996580,"1bill-boot"
17,26,"petite","second",374270,416986,36645086,63355086,833972,126710172,28515,43009,2999317,7004350,86018,14008700,"1bill-boot"
17,27,"petite","second",374151,416746,36676442,63323715,833492,126647430,28468,42971,2998286,7003608,85942,14007216,"1bill-boot"
17,28,"petite","second",373113,417564,36582473,63417535,835128,126835070,28692,42993,3018318,6984159,85986,13968318,"1bill-boot"
17,29,"petite","second",373185,417413,36560459,63439575,834826,126879150,28596,42844,3015668,6984549,85688,13969098,"1bill-boot"
17,30,"petite","second",374571,416228,36755732,63244336,832456,126488672,28559,42866,3021506,6978792,85732,13957584,"1bill-boot"
28,1,"petite","second",370239,417100,36163841,63836181,834200,127672362,28009,42753,2945429,7055307,85506,14110614,"1bill-boot"
28,2,"petite","second",369896,418072,36076385,63923770,836144,127847540,27982,43029,2936591,7065940,86058,14131880,"1bill-boot"
28,3,"petite","second",371867,417093,36277297,63722710,834186,127445420,28060,43032,2943639,7060843,86064,14121686,"1bill-boot"
28,4,"petite","second",371080,417576,36213980,63786153,835152,127572306,28190,43000,2952360,7050831,86000,14101662,"1bill-boot"
28,5,"petite","second",371312,416948,36222903,63777190,833896,127554380,27820,42960,2916973,7084347,85920,14168694,"1bill-boot"
28,6,"petite","second",370793,417704,36163577,63836531,835408,127673062,28090,43120,2940792,7060669,86240,14121338,"1bill-boot"
28,7,"petite","second",371232,417002,36224769,63775261,834004,127550522,28243,42905,2960729,7043007,85810,14086014,"1bill-boot"
28,8,"petite","second",371348,417183,36223300,63776755,834366,127553510,28013,43045,2926697,7075714,86090,14151428,"1bill-boot"
28,9,"petite","second",370919,417512,36204479,63795545,835024,127591090,28353,42919,2959764,7042495,85838,14084990,"1bill-boot"
28,10,"petite","second",371396,417240,36222773,63777228,834480,127554456,28013,42935,2944034,7057032,85870,14114064,"1bill-boot"
28,11,"petite","second",371724,416888,36266642,63733466,833776,127466932,28150,42946,2955489,7046928,85892,14093856,"1bill-boot"
28,12,"petite","second",370905,417551,36193417,63806638,835102,127613276,28161,42889,2955764,7045571,85778,14091142,"1bill-boot"
28,13,"petite","second",371095,417026,36228077,63772054,834052,127544108,27988,42837,2944105,7058515,85674,14117030,"1bill-boot"
28,14,"petite","second",370497,417252,36190032,63809975,834504,127619950,27996,42954,2945549,7055633,85908,14111266,"1bill-boot"
28,15,"petite","second",371349,417206,36237593,63762424,834412,127524848,28155,42993,2954497,7047673,85986,14095346,"1bill-boot"
28,16,"petite","second",370999,417419,36188843,63811167,834838,127622334,28425,42798,2987394,7013175,85596,14026350,"1bill-boot"
28,17,"petite","second",370830,417709,36189236,63810914,835418,127621828,28085,43008,2946684,7054842,86016,14109684,"1bill-boot"
28,18,"petite","second",371137,417341,36209218,63790850,834682,127581700,28011,42920,2952021,7050309,85840,14100618,"1bill-boot"
28,19,"petite","second",371479,417004,36231268,63768840,834008,127537680,28038,42978,2940441,7061253,85956,14122506,"1bill-boot"
28,20,"petite","second",371494,417226,36265606,63734492,834452,127468984,28104,42912,2950380,7050474,85824,14100948,"1bill-boot"
28,21,"petite","second",371688,417255,36242474,63757561,834510,127515122,28139,42913,2950972,7052447,85826,14104894,"1bill-boot"
28,22,"petite","second",370026,417705,36157925,63842115,835410,127684230,28123,42888,2956996,7046623,85776,14093246,"1bill-boot"
28,23,"petite","second",371042,417316,36240618,63759397,834632,127518794,28093,43084,2951159,7049388,86168,14098776,"1bill-boot"
28,24,"petite","second",370888,417315,36204789,63795248,834630,127590496,27998,42728,2948623,7052388,85456,14104776,"1bill-boot"
28,25,"petite","second",371127,416910,36212300,63787745,833820,127575490,27861,42933,2921213,7082796,85866,14165592,"1bill-boot"
28,26,"petite","second",371372,417436,36229157,63770883,834872,127541766,28119,42772,2953777,7047362,85544,14094724,"1bill-boot"
28,27,"petite","second",370738,417055,36209602,63790437,834110,127580874,27766,43036,2912018,7090538,86072,14181076,"1bill-boot"
28,28,"petite","second",369998,417835,36102073,63898010,835670,127796020,27996,42956,2942748,7057406,85912,14114812,"1bill-boot"
28,29,"petite","second",371004,417144,36181919,63818092,834288,127636184,27982,42891,2940164,7061006,85782,14122012,"1bill-boot"
28,30,"petite","second",371484,417182,36222754,63777358,834364,127554716,28282,42749,2959867,7041058,85498,14082116,"1bill-boot"
21,1,"petite","second",373360,416348,37041596,62958432,832696,125916864,28360,42979,3034999,6967770,85958,13935540,"1bill-boot"
21,2,"petite","second",374405,416255,37141397,62858709,832510,125717418,28684,42716,3085672,6918706,85432,13837412,"1bill-boot"
21,3,"petite","second",374757,415859,37130853,62869167,831718,125738334,28615,42707,3043888,6956120,85414,13912240,"1bill-boot"
21,4,"petite","second",374168,417065,37054751,62945275,834130,125890550,28565,42827,3049661,6950983,85654,13901966,"1bill-boot"
21,5,"petite","second",374086,416371,37051161,62948933,832742,125897866,28849,42744,3069197,6932153,85488,13864306,"1bill-boot"
21,6,"petite","second",373718,416655,37030113,62969965,833310,125939930,28511,42845,3031256,6972267,85690,13944534,"1bill-boot"
21,7,"petite","second",374466,416466,37134928,62865078,832932,125730156,28679,42803,3060498,6942325,85606,13884650,"1bill-boot"
21,8,"petite","second",374621,416083,37147896,62852164,832166,125704328,28567,42867,3046235,6954745,85734,13909490,"1bill-boot"
21,9,"petite","second",374908,416137,37180412,62819647,832274,125639294,28735,42886,3070258,6931599,85772,13863198,"1bill-boot"
21,10,"petite","second",373915,416719,37064685,62935322,833438,125870644,28739,42879,3071748,6929393,85758,13858786,"1bill-boot"
21,11,"petite","second",374518,416466,37128972,62871217,832932,125742434,28484,42792,3054515,6946903,85584,13893806,"1bill-boot"
21,12,"petite","second",374792,416000,37141317,62858727,832000,125717454,28811,42653,3074216,6925917,85306,13851834,"1bill-boot"
21,13,"petite","second",374104,416493,37078374,62921667,832986,125843334,28604,42733,3060040,6942513,85466,13885026,"1bill-boot"
21,14,"petite","second",374020,416325,37097487,62902678,832650,125805356,28822,42847,3075225,6927894,85694,13855788,"1bill-boot"
21,15,"petite","second",375095,416404,37161104,62838961,832808,125677922,28809,42628,3077999,6922173,85256,13844346,"1bill-boot"
21,16,"petite","second",374481,415721,37149307,62850712,831442,125701424,28781,42598,3073716,6928343,85196,13856686,"1bill-boot"
21,17,"petite","second",374268,416688,37113087,62886924,833376,125773848,28741,42745,3069883,6931658,85490,13863316,"1bill-boot"
21,18,"petite","second",374147,416152,37074662,62925467,832304,125850934,28440,42833,3039636,6961147,85666,13922294,"1bill-boot"
21,19,"petite","second",374979,416509,37141478,62858551,833018,125717102,28505,42927,3045255,6955365,85854,13910730,"1bill-boot"
21,20,"petite","second",373775,416501,37037537,62962573,833002,125925146,28633,42664,3054380,6950875,85328,13901750,"1bill-boot"
21,21,"petite","second",375307,416044,37171505,62828527,832088,125657054,28501,42944,3034438,6968688,85888,13937376,"1bill-boot"
21,22,"petite","second",373692,416878,37055755,62944420,833756,125888840,28670,42830,3057099,6943709,85660,13887418,"1bill-boot"
21,23,"petite","second",374160,416653,37087911,62912147,833306,125824294,28666,42967,3053910,6946467,85934,13892934,"1bill-boot"
21,24,"petite","second",373945,416159,37115071,62885008,832318,125770016,28816,42655,3090758,6911946,85310,13823892,"1bill-boot"
21,25,"petite","second",374976,415519,37206560,62793525,831038,125587050,28619,42712,3066325,6937113,85424,13874226,"1bill-boot"
21,26,"petite","second",374504,416195,37062484,62937629,832390,125875258,28601,42707,3051540,6951000,85414,13902000,"1bill-boot"
21,27,"petite","second",373834,416021,37076330,62923674,832042,125847348,28606,42659,3054426,6945875,85318,13891750,"1bill-boot"
21,28,"petite","second",373513,416459,37053295,62946864,832918,125893728,28530,42892,3038202,6963329,85784,13926658,"1bill-boot"
21,29,"petite","second",375295,416175,37146645,62853370,832350,125706740,28599,42805,3051112,6949057,85610,13898114,"1bill-boot"
21,30,"petite","second",374054,416481,37060133,62940089,832962,125880178,28323,42790,3031209,6970149,85580,13940298,"1bill-boot"
26,1,"petite","second",372903,418745,36178416,63821652,837490,127643304,28009,43226,2921718,7081652,86452,14163304,"1bill-boot"
26,2,"petite","second",372917,419696,36148866,63851162,839392,127702324,27909,43360,2921974,7080146,86720,14160292,"1bill-boot"
26,3,"petite","second",373150,418856,36139308,63860792,837712,127721584,28201,43124,2937392,7065708,86248,14131416,"1bill-boot"
26,4,"petite","second",373885,419043,36208178,63791955,838086,127583910,28194,43316,2938414,7066695,86632,14133390,"1bill-boot"
26,5,"petite","second",374073,418471,36300222,63699886,836942,127399772,28028,43184,2933206,7069956,86368,14139912,"1bill-boot"
26,6,"petite","second",373132,418691,36196687,63803412,837382,127606824,28394,43021,2974337,7028125,86042,14056250,"1bill-boot"
26,7,"petite","second",374027,418220,36266277,63733973,836440,127467946,28169,43089,2940883,7059626,86178,14119252,"1bill-boot"
26,8,"petite","second",372951,419413,36130855,63869351,838826,127738702,28005,43226,2932479,7067904,86452,14135808,"1bill-boot"
26,9,"petite","second",373270,418808,36188002,63812042,837616,127624084,28113,43126,2935301,7067728,86252,14135456,"1bill-boot"
26,10,"petite","second",373790,419004,36219207,63780959,838008,127561918,28210,43024,2962463,7041659,86048,14083318,"1bill-boot"
26,11,"petite","second",373517,418759,36201452,63798572,837518,127597144,28162,43069,2942358,7059656,86138,14119312,"1bill-boot"
26,12,"petite","second",372662,418949,36147887,63852131,837898,127704262,27938,43160,2927869,7073155,86320,14146310,"1bill-boot"
26,13,"petite","second",372703,419461,36125098,63874910,838922,127749820,27749,43289,2900275,7102017,86578,14204034,"1bill-boot"
26,14,"petite","second",373107,418787,36183543,63816569,837574,127633138,28024,43065,2945416,7054751,86130,14109502,"1bill-boot"
26,15,"petite","second",373714,418454,36208225,63791803,836908,127583606,28219,43054,2945095,7055958,86108,14111916,"1bill-boot"
26,16,"petite","second",373087,419182,36158813,63841231,838364,127682462,27920,43231,2924725,7078582,86462,14157164,"1bill-boot"
26,17,"petite","second",373572,419202,36229807,63770236,838404,127540472,28189,43207,2947161,7053684,86414,14107368,"1bill-boot"
26,18,"petite","second",373415,419204,36192545,63807511,838408,127615022,28421,42975,2963479,7037371,85950,14074742,"1bill-boot"
26,19,"petite","second",374154,418558,36262568,63737555,837116,127475110,28344,43150,2961530,7039419,86300,14078838,"1bill-boot"
26,20,"petite","second",373633,418953,36175730,63824326,837906,127648652,28172,43096,2941712,7061484,86192,14122968,"1bill-boot"
26,21,"petite","second",373839,418931,36213169,63786869,837862,127573738,28261,43084,2954151,7046583,86168,14093166,"1bill-boot"
26,22,"petite","second",373827,418364,36272524,63727544,836728,127455088,27923,43145,2932534,7067932,86290,14135864,"1bill-boot"
26,23,"petite","second",373636,418557,36278649,63721459,837114,127442918,28009,42986,2937651,7062526,85972,14125052,"1bill-boot"
26,24,"petite","second",373290,418794,36197711,63802344,837588,127604688,28050,43170,2941453,7061420,86340,14122840,"1bill-boot"
26,25,"petite","second",373996,418713,36242501,63757514,837426,127515028,28302,43215,2950103,7050355,86430,14100710,"1bill-boot"
26,26,"petite","second",373406,419117,36172705,63827325,838234,127654650,28220,43319,2948956,7052344,86638,14104688,"1bill-boot"
26,27,"petite","second",373574,418167,36249436,63750612,836334,127501224,28190,43131,2950886,7051735,86262,14103470,"1bill-boot"
26,28,"petite","second",373723,418388,36240574,63759471,836776,127518942,27955,43248,2918095,7084043,86496,14168086,"1bill-boot"
26,29,"petite","second",373492,418616,36242806,63757216,837232,127514432,28080,43070,2943562,7056918,86140,14113836,"1bill-boot"
26,30,"petite","second",373920,418840,36222050,63778060,837680,127556120,28105,43127,2933251,7071063,86254,14142126,"1bill-boot"
19,1,"petite","second",383054,411963,37241293,62758845,823926,125517690,29437,42472,3072503,6929020,84944,13858040,"1bill-boot"
19,2,"petite","second",384121,411621,37353308,62646700,823242,125293400,29462,42402,3086615,6913705,84804,13827410,"1bill-boot"
19,3,"petite","second",383044,412230,37207646,62792407,824460,125584814,29254,42591,3062579,6937883,85182,13875766,"1bill-boot"
19,4,"petite","second",384299,411833,37328917,62671196,823666,125342392,29552,42439,3088380,6912286,84878,13824572,"1bill-boot"
19,5,"petite","second",382498,412375,37152870,62847229,824750,125694458,29254,42341,3071013,6932149,84682,13864298,"1bill-boot"
19,6,"petite","second",383863,411658,37331324,62668709,823316,125337418,29331,42485,3070730,6930633,84970,13861266,"1bill-boot"
19,7,"petite","second",382533,411918,37205798,62794228,823836,125588456,29045,42607,3041107,6962628,85214,13925256,"1bill-boot"
19,8,"petite","second",383699,411722,37263400,62736925,823444,125473850,29169,42419,3054937,6945951,84838,13891902,"1bill-boot"
19,9,"petite","second",383207,412153,37235687,62764362,824306,125528724,29299,42341,3076867,6923239,84682,13846478,"1bill-boot"
19,10,"petite","second",383742,411534,37312005,62688042,823068,125376084,29306,42457,3066339,6934710,84914,13869420,"1bill-boot"
19,11,"petite","second",384751,410773,37401585,62598464,821546,125196928,29536,42273,3096264,6907339,84546,13814678,"1bill-boot"
19,12,"petite","second",383266,411895,37238423,62761651,823790,125523302,29293,42449,3064719,6935593,84898,13871186,"1bill-boot"
19,13,"petite","second",383891,411834,37294568,62705434,823668,125410868,29376,42325,3080192,6921029,84650,13842058,"1bill-boot"
19,14,"petite","second",383925,411410,37280166,62719954,822820,125439908,29735,42175,3112301,6888175,84350,13776350,"1bill-boot"
19,15,"petite","second",383555,411909,37282277,62717723,823818,125435446,29467,42386,3092458,6910158,84772,13820316,"1bill-boot"
19,16,"petite","second",383412,412364,37278243,62721932,824728,125443864,29292,42270,3074320,6928605,84540,13857210,"1bill-boot"
19,17,"petite","second",383034,412438,37195635,62804455,824876,125608910,29190,42572,3059817,6940252,85144,13880504,"1bill-boot"
19,18,"petite","second",385258,410988,37416747,62583257,821976,125166514,29646,42280,3115476,6884714,84560,13769428,"1bill-boot"
19,19,"petite","second",384230,411590,37294884,62705182,823180,125410364,29230,42418,3054047,6947886,84836,13895772,"1bill-boot"
19,20,"petite","second",384607,411014,37380305,62619790,822028,125239580,29555,42371,3091270,6912238,84742,13824476,"1bill-boot"
19,21,"petite","second",384602,411406,37368688,62631380,822812,125262760,29537,42276,3103234,6897317,84552,13794634,"1bill-boot"
19,22,"petite","second",382348,412227,37187730,62812316,824454,125624632,29158,42479,3073124,6929290,84958,13858580,"1bill-boot"
19,23,"petite","second",383503,411572,37282337,62717687,823144,125435374,29329,42516,3064195,6939568,85032,13879136,"1bill-boot"
19,24,"petite","second",383221,411665,37257618,62742390,823330,125484780,29254,42405,3071650,6928446,84810,13856892,"1bill-boot"
19,25,"petite","second",383785,411746,37291337,62708707,823492,125417414,29425,42337,3084898,6916255,84674,13832510,"1bill-boot"
19,26,"petite","second",384206,411457,37356046,62643964,822914,125287928,29339,42482,3081536,6921752,84964,13843504,"1bill-boot"
19,27,"petite","second",383784,411328,37282793,62717345,822656,125434690,29359,42380,3074528,6926005,84760,13852010,"1bill-boot"
19,28,"petite","second",382737,411896,37191939,62808089,823792,125616178,29545,42317,3102987,6900262,84634,13800524,"1bill-boot"
19,29,"petite","second",383483,412184,37249425,62750615,824368,125501230,29205,42529,3055787,6946063,85058,13892126,"1bill-boot"
19,30,"petite","second",384301,411063,37340178,62659909,822126,125319818,29591,42399,3092387,6909684,84798,13819368,"1bill-boot"
45,1,"petite","second",373991,417815,36699553,63300584,835630,126601168,28787,42977,3027109,6975123,85954,13950246,"1bill-boot"
45,2,"petite","second",374407,417517,36712609,63287400,835034,126574800,28706,42854,3026360,6975119,85708,13950238,"1bill-boot"
45,3,"petite","second",373441,417877,36584556,63415504,835754,126831008,28623,42950,3013302,6987302,85900,13974604,"1bill-boot"
45,4,"petite","second",375109,417226,36745893,63254177,834452,126508354,28793,42809,3033626,6967247,85618,13934494,"1bill-boot"
45,5,"petite","second",373139,418311,36533351,63466689,836622,126933378,28440,43110,2991188,7011238,86220,14022476,"1bill-boot"
45,6,"petite","second",374117,417543,36713312,63286714,835086,126573428,28849,42920,3032629,6968322,85840,13936644,"1bill-boot"
45,7,"petite","second",374504,417537,36709097,63290906,835074,126581812,28668,43087,3010385,6990572,86174,13981144,"1bill-boot"
45,8,"petite","second",374213,417812,36689657,63310451,835624,126620902,28494,42966,3007622,6994910,85932,13989820,"1bill-boot"
45,9,"petite","second",374596,417831,36707383,63292695,835662,126585390,28872,42868,3032639,6971066,85736,13942132,"1bill-boot"
45,10,"petite","second",373658,418382,36633084,63366975,836764,126733950,28978,42926,3051102,6949349,85852,13898698,"1bill-boot"
45,11,"petite","second",373638,418339,36629150,63370875,836678,126741750,28646,42969,3021123,6980765,85938,13961530,"1bill-boot"
45,12,"petite","second",374118,418070,36652748,63347377,836140,126694754,28568,43095,3000921,7000268,86190,14000536,"1bill-boot"
45,13,"petite","second",374046,417902,36646907,63353157,835804,126706314,28576,43084,2996169,7005314,86168,14010628,"1bill-boot"
45,14,"petite","second",373516,417898,36605695,63394388,835796,126788776,28887,42974,3043705,6957463,85948,13914926,"1bill-boot"
45,15,"petite","second",374991,417619,36712294,63287813,835238,126575626,28427,43011,2994744,7007771,86022,14015542,"1bill-boot"
45,16,"petite","second",374226,418017,36652146,63347884,836034,126695768,28740,42896,3026647,6974257,85792,13948514,"1bill-boot"
45,17,"petite","second",374238,418488,36674014,63326005,836976,126652010,28667,43152,3014147,6988432,86304,13976864,"1bill-boot"
45,18,"petite","second",373617,417711,36620956,63379061,835422,126758122,28863,42718,3038403,6965002,85436,13930004,"1bill-boot"
45,19,"petite","second",373388,418244,36581848,63418272,836488,126836544,28600,43136,3014880,6986140,86272,13972280,"1bill-boot"
45,20,"petite","second",374003,418171,36646063,63353969,836342,126707938,28461,43287,2978051,7022252,86574,14044504,"1bill-boot"
45,21,"petite","second",374585,417741,36719822,63280244,835482,126560488,28818,42849,3025371,6976337,85698,13952674,"1bill-boot"
45,22,"petite","second",373404,418123,36606853,63393171,836246,126786342,28316,43264,2969481,7032294,86528,14064588,"1bill-boot"
45,23,"petite","second",374247,418047,36685637,63314482,836094,126628964,28816,42931,3026605,6974062,85862,13948124,"1bill-boot"
45,24,"petite","second",373584,417792,36613247,63386768,835584,126773536,28388,43071,2988530,7013641,86142,14027282,"1bill-boot"
45,25,"petite","second",374335,417696,36690217,63309890,835392,126619780,28720,43053,3027854,6974588,86106,13949176,"1bill-boot"
45,26,"petite","second",374491,417698,36693014,63306986,835396,126613972,28531,43067,2993029,7007213,86134,14014426,"1bill-boot"
45,27,"petite","second",374677,417077,36734213,63265792,834154,126531584,28594,43057,3009062,6993591,86114,13987182,"1bill-boot"
45,28,"petite","second",375005,417279,36782516,63217484,834558,126434968,28845,42763,3033092,6967616,85526,13935232,"1bill-boot"
45,29,"petite","second",374067,417655,36675835,63324202,835310,126648404,28705,42972,3018543,6981806,85944,13963612,"1bill-boot"
45,30,"petite","second",374106,417432,36701800,63298215,834864,126596430,28856,43018,3035073,6966707,86036,13933414,"1bill-boot"
42,1,"petite","second",380369,413230,36988044,63012023,826460,126024046,28714,42734,3005591,6995373,85468,13990746,"1bill-boot"
42,2,"petite","second",380409,413200,36941817,63058306,826400,126116612,28724,42581,3019351,6982426,85162,13964852,"1bill-boot"
42,3,"petite","second",379893,413210,36940517,63059554,826420,126119108,28985,42465,3033430,6968584,84930,13937168,"1bill-boot"
42,4,"petite","second",380215,413592,36927192,63072812,827184,126145624,28729,42478,3012742,6988167,84956,13976334,"1bill-boot"
42,5,"petite","second",381152,412429,37093871,62906201,824858,125812402,28872,42651,3024402,6977334,85302,13954668,"1bill-boot"
42,6,"petite","second",381344,412701,37064894,62935200,825402,125870400,28942,42580,3017001,6985933,85160,13971866,"1bill-boot"
42,7,"petite","second",380694,413176,37020214,62979920,826352,125959840,29050,42565,3033872,6967533,85130,13935066,"1bill-boot"
42,8,"petite","second",381256,413028,37047333,62952718,826056,125905436,28972,42683,3017435,6985681,85366,13971362,"1bill-boot"
42,9,"petite","second",380004,413753,36968085,63031925,827506,126063850,28813,42699,3010791,6990985,85398,13981970,"1bill-boot"
42,10,"petite","second",380331,413092,36984043,63016080,826184,126032160,28863,42640,3021917,6979116,85280,13958232,"1bill-boot"
42,11,"petite","second",381314,412744,37032346,62967760,825488,125935520,29123,42482,3045966,6956461,84964,13912922,"1bill-boot"
42,12,"petite","second",381079,412422,37045438,62954605,824844,125909210,28919,42581,3029935,6970537,85162,13941074,"1bill-boot"
42,13,"petite","second",380433,413146,36979968,63020155,826292,126040310,28930,42557,3032515,6969638,85114,13939276,"1bill-boot"
42,14,"petite","second",381282,412726,37079785,62920267,825452,125840534,28867,42591,3023654,6978832,85182,13957664,"1bill-boot"
42,15,"petite","second",380333,412995,36964310,63035748,825990,126071496,28926,42586,3027107,6975740,85172,13951480,"1bill-boot"
42,16,"petite","second",381555,412522,37078208,62921821,825044,125843642,28559,42655,2993037,7008167,85310,14016334,"1bill-boot"
42,17,"petite","second",380298,413333,36932878,63067220,826666,126134440,28639,42785,2999398,7003641,85570,14007282,"1bill-boot"
42,18,"petite","second",381328,412588,37061216,62938985,825176,125877970,28645,42735,2983817,7017908,85470,14035816,"1bill-boot"
42,19,"petite","second",381390,412834,37023659,62976345,825668,125952690,28788,42699,3001006,6999867,85398,13999734,"1bill-boot"
42,20,"petite","second",380666,413049,37010260,62989821,826098,125979642,28993,42483,3039594,6961127,84966,13922254,"1bill-boot"
42,21,"petite","second",381306,413015,37041661,62958407,826030,125916814,29024,42676,3027793,6975496,85352,13950992,"1bill-boot"
42,22,"petite","second",380198,412914,36995621,63004459,825828,126008918,28980,42681,3022704,6980197,85362,13960394,"1bill-boot"
42,23,"petite","second",380864,412717,37043214,62956888,825434,125913776,28774,42723,3002312,7000010,85446,14000020,"1bill-boot"
42,24,"petite","second",380735,413242,37002691,62997447,826484,125994894,28865,42707,3009888,6992890,85414,13985780,"1bill-boot"
42,25,"petite","second",382048,412463,37120641,62879401,824926,125758802,28782,42590,3013379,6987661,85180,13975322,"1bill-boot"
42,26,"petite","second",380748,413089,36997286,63002714,826178,126005428,29064,42627,3040490,6961228,85254,13922456,"1bill-boot"
42,27,"petite","second",380677,413057,36961477,63038546,826114,126077092,28751,42722,3011785,6990196,85444,13980392,"1bill-boot"
42,28,"petite","second",380218,413263,36964268,63035769,826526,126071538,28845,42724,3009448,6991850,85448,13983700,"1bill-boot"
42,29,"petite","second",380364,412907,36963923,63036233,825814,126072466,28752,42515,3016773,6986308,85030,13972616,"1bill-boot"
42,30,"petite","second",379780,413071,36916706,63083351,826142,126166702,28814,42535,3017178,6985535,85070,13971070,"1bill-boot"
27,1,"petite","second",380093,410160,37282839,62717212,820320,125434424,28950,41949,3051736,6948706,83898,13897412,"1bill-boot"
27,2,"petite","second",380537,410024,37332743,62667283,820048,125334566,29012,41995,3059701,6941863,83990,13883726,"1bill-boot"
27,3,"petite","second",380011,410825,37229717,62770292,821650,125540584,28878,42151,3039957,6960904,84302,13921808,"1bill-boot"
27,4,"petite","second",381005,409953,37372460,62627586,819906,125255172,28917,42282,3051661,6951259,84564,13902518,"1bill-boot"
27,5,"petite","second",380606,410574,37292850,62707201,821148,125414402,28917,42012,3053170,6948659,84024,13897318,"1bill-boot"
27,6,"petite","second",380334,410308,37311357,62688744,820616,125377488,28767,42281,3027598,6974964,84562,13949928,"1bill-boot"
27,7,"petite","second",380166,409842,37251813,62748261,819684,125496522,28732,42191,3025258,6978842,84382,13957684,"1bill-boot"
27,8,"petite","second",381171,409636,37338719,62661320,819272,125322640,28748,42162,3044396,6958086,84324,13916172,"1bill-boot"
27,9,"petite","second",381248,409806,37368456,62631554,819612,125263108,29010,42057,3055195,6945323,84114,13890646,"1bill-boot"
27,10,"petite","second",380267,410037,37298961,62701190,820074,125402380,28946,42056,3045120,6958525,84112,13917050,"1bill-boot"
27,11,"petite","second",380421,410228,37284398,62715610,820456,125431220,29029,42142,3055999,6945335,84284,13890670,"1bill-boot"
27,12,"petite","second",380043,410267,37257593,62742435,820534,125484870,29071,42035,3060674,6941304,84070,13882608,"1bill-boot"
27,13,"petite","second",380837,410175,37352542,62647581,820350,125295162,28658,42117,3031446,6969143,84234,13938286,"1bill-boot"
27,14,"petite","second",379935,410170,37281409,62718750,820340,125437500,28737,42221,3026402,6975209,84442,13950418,"1bill-boot"
27,15,"petite","second",380121,410316,37242536,62757554,820632,125515108,28925,42230,3051488,6951463,84460,13902926,"1bill-boot"
27,16,"petite","second",381100,410211,37377710,62622362,820422,125244724,29022,42274,3059864,6943184,84548,13886368,"1bill-boot"
27,17,"petite","second",380199,410817,37268020,62732113,821634,125464226,28767,42169,3036588,6963923,84338,13927846,"1bill-boot"
27,18,"petite","second",380427,410302,37278316,62721735,820604,125443470,28991,42008,3057144,6944591,84016,13889182,"1bill-boot"
27,19,"petite","second",380812,410473,37293016,62707045,820946,125414090,28952,42167,3040345,6961049,84334,13922098,"1bill-boot"
27,20,"petite","second",381049,409705,37350696,62649328,819410,125298656,28764,42248,3027595,6974712,84496,13949424,"1bill-boot"
27,21,"petite","second",381170,409729,37353756,62646251,819458,125292502,28782,42321,3025290,6976613,84642,13953226,"1bill-boot"
27,22,"petite","second",380813,409884,37370479,62629596,819768,125259192,29043,42080,3058246,6945451,84160,13890902,"1bill-boot"
27,23,"petite","second",379904,410726,37264983,62735031,821452,125470062,28926,42198,3049257,6951128,84396,13902256,"1bill-boot"
27,24,"petite","second",380516,409960,37300859,62699195,819920,125398390,29047,42034,3068837,6932849,84068,13865698,"1bill-boot"
27,25,"petite","second",381147,409975,37354787,62645281,819950,125290562,29017,42139,3063282,6939351,84278,13878702,"1bill-boot"
27,26,"petite","second",381793,409501,37429675,62570328,819002,125140656,29252,41919,3078308,6922793,83838,13845586,"1bill-boot"
27,27,"petite","second",381292,409913,37333667,62666435,819826,125332870,28971,42093,3051690,6950948,84186,13901896,"1bill-boot"
27,28,"petite","second",380679,410335,37335245,62664780,820670,125329560,28851,42158,3031271,6969544,84316,13939088,"1bill-boot"
27,29,"petite","second",380539,409951,37346649,62653531,819902,125307062,28714,42288,3028626,6973562,84576,13947124,"1bill-boot"
27,30,"petite","second",380745,409515,37338098,62661924,819030,125323848,29192,42047,3062289,6938903,84094,13877806,"1bill-boot"
18,1,"petite","second",379761,407103,37163093,62837053,814206,125674106,28865,41845,3055222,6948206,83690,13896412,"1bill-boot"
18,2,"petite","second",380273,406291,37244893,62755118,812582,125510236,28620,41896,3026588,6976076,83792,13952152,"1bill-boot"
18,3,"petite","second",380565,406359,37255870,62744215,812718,125488430,28804,41820,3048103,6952075,83640,13904150,"1bill-boot"
18,4,"petite","second",380380,407381,37184720,62815290,814762,125630580,28618,42165,3024766,6975748,84330,13951496,"1bill-boot"
18,5,"petite","second",380660,406485,37277940,62722158,812970,125444316,29083,41694,3079507,6923240,83388,13846480,"1bill-boot"
18,6,"petite","second",381195,406594,37336592,62663485,813188,125326970,28498,42146,3026639,6976667,84292,13953334,"1bill-boot"
18,7,"petite","second",380081,406401,37229946,62770187,812802,125540374,28360,42050,3015590,6987735,84100,13975470,"1bill-boot"
18,8,"petite","second",380692,406514,37262360,62737704,813028,125475408,28681,41855,3044637,6957566,83710,13915132,"1bill-boot"
18,9,"petite","second",380953,406659,37285760,62714324,813318,125428648,28811,41701,3058286,6943479,83402,13886958,"1bill-boot"
18,10,"petite","second",380616,406552,37300686,62699322,813104,125398644,28630,42058,3028847,6974835,84116,13949670,"1bill-boot"
18,11,"petite","second",380627,406682,37204657,62795464,813364,125590928,28454,42176,3006525,6996422,84352,13992844,"1bill-boot"
18,12,"petite","second",379822,407258,37190756,62809272,814516,125618544,28460,42063,3002157,6999221,84126,13998442,"1bill-boot"
18,13,"petite","second",380554,406710,37265245,62734790,813420,125469580,28944,41859,3066761,6935275,83718,13870550,"1bill-boot"
18,14,"petite","second",380218,406865,37270265,62729903,813730,125459806,28616,41957,3038267,6962723,83914,13925446,"1bill-boot"
18,15,"petite","second",380380,406879,37251044,62749161,813758,125498322,28680,41928,3043508,6956681,83856,13913362,"1bill-boot"
18,16,"petite","second",380554,406893,37251108,62748898,813786,125497796,28647,41819,3038891,6963241,83638,13926482,"1bill-boot"
18,17,"petite","second",380602,406416,37253378,62746664,812832,125493328,28843,41815,3057779,6943256,83630,13886512,"1bill-boot"
18,18,"petite","second",380851,406725,37204714,62795339,813450,125590678,28794,41899,3032927,6968780,83798,13937560,"1bill-boot"
18,19,"petite","second",380315,406503,37215394,62784694,813006,125569388,28647,42045,3024532,6979094,84090,13958188,"1bill-boot"
18,20,"petite","second",380776,406369,37288233,62711869,812738,125423738,28603,42003,3035421,6965388,84006,13930776,"1bill-boot"
18,21,"petite","second",380823,406329,37261634,62738431,812658,125476862,28668,42041,3027303,6975649,84082,13951298,"1bill-boot"
18,22,"petite","second",380846,406252,37282644,62717460,812504,125434920,28756,41921,3039589,6961989,83842,13923978,"1bill-boot"
18,23,"petite","second",380364,407154,37217232,62782794,814308,125565588,28538,42110,3013652,6988656,84220,13977312,"1bill-boot"
18,24,"petite","second",380110,406879,37238368,62761716,813758,125523432,28707,42017,3047193,6954587,84034,13909174,"1bill-boot"
18,25,"petite","second",380419,406471,37218000,62782052,812942,125564104,28534,42006,3028670,6973018,84012,13946036,"1bill-boot"
18,26,"petite","second",380329,406909,37206953,62793147,813818,125586294,28651,42023,3028786,6974458,84046,13948916,"1bill-boot"
18,27,"petite","second",380584,406403,37268779,62731305,812806,125462610,28947,41983,3050832,6949837,83966,13899674,"1bill-boot"
18,28,"petite","second",380871,406085,37341085,62658971,812170,125317942,28805,41790,3053405,6948857,83580,13897714,"1bill-boot"
18,29,"petite","second",379417,407059,37110468,62889608,814118,125779216,28515,42047,3002728,6998675,84094,13997350,"1bill-boot"
18,30,"petite","second",380789,405665,37269795,62730253,811330,125460506,28917,41788,3053387,6948755,83576,13897510,"1bill-boot"
20,1,"petite","second",373439,412360,36596142,63403873,824720,126807746,28514,42408,2994392,7007573,84816,14015146,"1bill-boot"
20,2,"petite","second",373434,412450,36583720,63416323,824900,126832646,28259,42485,2970582,7031874,84970,14063748,"1bill-boot"
20,3,"petite","second",373457,412324,36582013,63418048,824648,126836096,28106,42617,2958437,7042420,85234,14084840,"1bill-boot"
20,4,"petite","second",374325,412142,36680263,63319737,824284,126639474,28613,42447,3006492,6995500,84894,13991000,"1bill-boot"
20,5,"petite","second",373050,412898,36540715,63459361,825796,126918722,28237,42537,2962741,7039506,85074,14079012,"1bill-boot"
20,6,"petite","second",374084,412228,36650922,63349145,824456,126698290,28623,42476,3009330,6992631,84952,13985262,"1bill-boot"
20,7,"petite","second",373221,411966,36551662,63448501,823932,126897002,28558,42500,2991030,7011905,85000,14023810,"1bill-boot"
20,8,"petite","second",373536,412536,36578565,63421567,825072,126843134,28195,42619,2960288,7040683,85238,14081366,"1bill-boot"
20,9,"petite","second",372813,412965,36504474,63495713,825930,126991426,28247,42653,2967753,7032522,85306,14065044,"1bill-boot"
20,10,"petite","second",373473,412948,36583550,63416518,825896,126833036,28297,42587,2978587,7024481,85174,14048962,"1bill-boot"
20,11,"petite","second",373200,413020,36552011,63448142,826040,126896284,28203,42667,2956377,7044919,85334,14089838,"1bill-boot"
20,12,"petite","second",373665,412434,36592615,63407409,824868,126814818,28440,42594,2977830,7023391,85188,14046782,"1bill-boot"
20,13,"petite","second",372111,413138,36477073,63523060,826276,127046120,28125,42610,2958784,7045197,85220,14090394,"1bill-boot"
20,14,"petite","second",373045,412216,36526704,63473424,824432,126946848,28489,42366,2990432,7009717,84732,14019434,"1bill-boot"
20,15,"petite","second",374401,412395,36642973,63357106,824790,126714212,28634,42591,2991227,7009714,85182,14019428,"1bill-boot"
20,16,"petite","second",372815,413210,36515499,63484583,826420,126969166,28235,42648,2962579,7038581,85296,14077162,"1bill-boot"
20,17,"petite","second",372656,413110,36567782,63432274,826220,126864548,28362,42534,2969657,7031203,85068,14062406,"1bill-boot"
20,18,"petite","second",373623,412802,36568550,63431543,825604,126863086,28354,42726,2973278,7028058,85452,14056116,"1bill-boot"
20,19,"petite","second",372120,413280,36441873,63558287,826560,127116574,28254,42728,2972919,7027196,85456,14054392,"1bill-boot"
20,20,"petite","second",372926,413011,36518943,63481110,826022,126962220,28087,42643,2950218,7050253,85286,14100506,"1bill-boot"
20,21,"petite","second",373639,412358,36578581,63421425,824716,126842850,28124,42720,2946828,7054030,85440,14108060,"1bill-boot"
20,22,"petite","second",373497,412404,36604509,63395496,824808,126790992,28196,42667,2954692,7047443,85334,14094886,"1bill-boot"
20,23,"petite","second",372368,412905,36460684,63539431,825810,127078862,28070,42795,2939347,7063134,85590,14126268,"1bill-boot"
20,24,"petite","second",373346,412632,36603232,63396838,825264,126793676,28401,42562,2981562,7021692,85124,14043384,"1bill-boot"
20,25,"petite","second",372725,412657,36498770,63501250,825314,127002500,28114,42541,2956572,7044757,85082,14089514,"1bill-boot"
20,26,"petite","second",373950,412816,36593954,63406217,825632,126812434,28482,42473,3003775,6998250,84946,13996500,"1bill-boot"
20,27,"petite","second",373244,412093,36596081,63403921,824186,126807842,27973,42612,2948934,7052271,85224,14104542,"1bill-boot"
20,28,"petite","second",373113,412542,36549332,63450670,825084,126901340,28079,42650,2951835,7050012,85300,14100024,"1bill-boot"
20,29,"petite","second",373771,412625,36595324,63404771,825250,126809542,28288,42639,2973771,7027954,85278,14055908,"1bill-boot"
20,30,"petite","second",374375,411528,36703593,63296500,823056,126593000,28408,42510,2987795,7014082,85020,14028164,"1bill-boot"
16,1,"petite","second",372255,417423,36535442,63464599,834846,126929198,28396,42865,2993258,7009094,85730,14018188,"1bill-boot"
16,2,"petite","second",372318,417524,36496654,63503385,835048,127006770,28600,42612,3012941,6987728,85224,13975456,"1bill-boot"
16,3,"petite","second",372477,417709,36513193,63486884,835418,126973768,28691,42420,3029037,6973459,84840,13946918,"1bill-boot"
16,4,"petite","second",372855,417556,36524148,63475946,835112,126951892,28679,42641,3023508,6977997,85282,13955994,"1bill-boot"
16,5,"petite","second",371831,417696,36455996,63544112,835392,127088224,28384,42686,2995774,7006536,85372,14013072,"1bill-boot"
16,6,"petite","second",372263,417309,36518867,63481136,834618,126962272,28382,42841,2999580,7002849,85682,14005698,"1bill-boot"
16,7,"petite","second",372325,416934,36488573,63511444,833868,127022888,28477,42792,2999960,7000308,85584,14000616,"1bill-boot"
16,8,"petite","second",373098,417385,36561326,63438680,834770,126877360,28641,42624,3024607,6978673,85248,13957346,"1bill-boot"
16,9,"petite","second",372488,417574,36499360,63500654,835148,127001308,28242,42907,2979060,7022194,85814,14044388,"1bill-boot"
16,10,"petite","second",372743,417376,36568033,63432047,834752,126864094,28374,42790,2983132,7017048,85580,14034096,"1bill-boot"
16,11,"petite","second",373126,417353,36582007,63418086,834706,126836172,28429,42710,2990102,7013388,85420,14026776,"1bill-boot"
16,12,"petite","second",372366,417656,36514045,63485962,835312,126971924,28478,42769,2998818,7003998,85538,14007996,"1bill-boot"
16,13,"petite","second",372349,417643,36561517,63438535,835286,126877070,28470,42757,3004551,7000105,85514,14000210,"1bill-boot"
16,14,"petite","second",371786,417439,36496292,63504011,834878,127008022,28559,42725,3014777,6985394,85450,13970788,"1bill-boot"
16,15,"petite","second",372556,417120,36545374,63454661,834240,126909322,28469,42840,2996651,7004341,85680,14008682,"1bill-boot"
16,16,"petite","second",372082,417642,36471844,63528202,835284,127056404,28395,42956,2976185,7025377,85912,14050754,"1bill-boot"
16,17,"petite","second",371906,417721,36485645,63514467,835442,127028934,28704,42751,3028804,6973676,85502,13947352,"1bill-boot"
16,18,"petite","second",372449,417560,36522847,63477213,835120,126954426,28291,42847,2982021,7018153,85694,14036306,"1bill-boot"
16,19,"petite","second",372199,417145,36504268,63495770,834290,126991540,28268,42933,2989599,7011657,85866,14023314,"1bill-boot"
16,20,"petite","second",372141,417481,36482195,63517861,834962,127035722,28333,42654,2994366,7007888,85308,14015776,"1bill-boot"
16,21,"petite","second",372429,417525,36521074,63478989,835050,126957978,28438,42759,2995212,7006715,85518,14013430,"1bill-boot"
16,22,"petite","second",372194,417563,36529234,63470768,835126,126941536,28624,42781,3013559,6987394,85562,13974788,"1bill-boot"
16,23,"petite","second",372392,417804,36510913,63489213,835608,126978426,28604,42753,3005155,6995527,85506,13991054,"1bill-boot"
16,24,"petite","second",372767,417029,36598397,63401730,834058,126803460,28576,42642,3018163,6985153,85284,13970306,"1bill-boot"
16,25,"petite","second",372687,416959,36560259,63439824,833918,126879648,28512,42473,3009950,6991072,84946,13982144,"1bill-boot"
16,26,"petite","second",372964,417104,36611309,63388727,834208,126777454,28322,42721,3000077,7000374,85442,14000748,"1bill-boot"
16,27,"petite","second",371747,417374,36472609,63527634,834748,127055268,28474,42863,3000604,7000765,85726,14001530,"1bill-boot"
16,28,"petite","second",372673,416752,36580259,63419842,833504,126839684,28437,42640,3009994,6992644,85280,13985288,"1bill-boot"
16,29,"petite","second",372143,417166,36494831,63505179,834332,127010358,28491,42669,3006874,6993233,85338,13986466,"1bill-boot"
16,30,"petite","second",372623,416818,36536231,63463773,833636,126927546,28506,42747,2994492,7006998,85494,14013996,"1bill-boot"
29,1,"petite","second",378642,411161,36996017,63004132,822322,126008264,28776,42378,3027229,6977795,84756,13955590,"1bill-boot"
29,2,"petite","second",378171,411386,36912255,63087770,822772,126175540,28600,42442,2993640,7010148,84884,14020296,"1bill-boot"
29,3,"petite","second",378303,411553,36916365,63083815,823106,126167630,29011,42218,3046910,6954207,84436,13908414,"1bill-boot"
29,4,"petite","second",378693,411452,36974858,63025179,822904,126050358,28788,42296,3026475,6973883,84592,13947766,"1bill-boot"
29,5,"petite","second",378492,411682,36939584,63060440,823364,126120880,28500,42540,2987341,7013683,85080,14027366,"1bill-boot"
29,6,"petite","second",379145,411053,37004929,62995221,822106,125990442,28746,42487,3024658,6976702,84974,13953404,"1bill-boot"
29,7,"petite","second",379403,410310,37036000,62964148,820620,125928296,28831,42049,3034466,6966720,84098,13933440,"1bill-boot"
29,8,"petite","second",378441,411338,36935629,63064512,822676,126129024,28765,42257,3028725,6971348,84514,13942696,"1bill-boot"
29,9,"petite","second",379189,411507,36967338,63032743,823014,126065486,28793,42271,3026805,6975095,84542,13950190,"1bill-boot"
29,10,"petite","second",378840,411224,36977243,63022875,822448,126045750,28698,42402,3014278,6987813,84804,13975626,"1bill-boot"
29,11,"petite","second",378967,411323,36975723,63024358,822646,126048716,28629,42355,3005463,6994976,84710,13989952,"1bill-boot"
29,12,"petite","second",377778,411919,36840999,63159045,823838,126318090,28359,42640,2995280,7005058,85280,14010116,"1bill-boot"
29,13,"petite","second",378246,411171,36924974,63075061,822342,126150122,28607,42289,3001493,7001332,84578,14002664,"1bill-boot"
29,14,"petite","second",378919,410860,37016492,62983617,821720,125967234,28713,42384,3011761,6989959,84768,13979918,"1bill-boot"
29,15,"petite","second",379458,410875,37040212,62959885,821750,125919770,28857,42295,3032562,6968392,84590,13936784,"1bill-boot"
29,16,"petite","second",378928,411374,36972621,63027394,822748,126054788,28696,42342,3017220,6985314,84684,13970628,"1bill-boot"
29,17,"petite","second",378790,410954,36994148,63006011,821908,126012022,28685,42149,3025260,6976091,84298,13952182,"1bill-boot"
29,18,"petite","second",378000,411769,36898537,63101640,823538,126203280,28693,42433,3008586,6993032,84866,13986064,"1bill-boot"
29,19,"petite","second",378275,411303,36918682,63081407,822606,126162814,28380,42566,2979995,7020639,85132,14041278,"1bill-boot"
29,20,"petite","second",378836,411154,36939733,63060357,822308,126120714,28677,42309,3009534,6993235,84618,13986470,"1bill-boot"
29,21,"petite","second",378945,411269,36988123,63011929,822538,126023858,28649,42317,3023473,6978626,84634,13957252,"1bill-boot"
29,22,"petite","second",379051,410528,37040341,62959856,821056,125919712,29034,42048,3057969,6942680,84096,13885360,"1bill-boot"
29,23,"petite","second",378383,410763,36956456,63043605,821526,126087210,28691,42305,3017946,6982153,84610,13964306,"1bill-boot"
29,24,"petite","second",378096,411440,36951215,63048907,822880,126097814,28342,42499,2986303,7014565,84998,14029130,"1bill-boot"
29,25,"petite","second",378544,410995,36954562,63045444,821990,126090888,28524,42551,2990235,7011702,85102,14023404,"1bill-boot"
29,26,"petite","second",378774,411235,36944620,63055516,822470,126111032,28483,42368,2991652,7010717,84736,14021434,"1bill-boot"
29,27,"petite","second",379515,410392,37076522,62923564,820784,125847128,28703,42268,3016137,6985087,84536,13970174,"1bill-boot"
29,28,"petite","second",378628,411040,36957120,63042961,822080,126085922,28598,42343,3004157,6997457,84686,13994914,"1bill-boot"
29,29,"petite","second",378056,411626,36918848,63081206,823252,126162412,28664,42354,3016675,6985607,84708,13971214,"1bill-boot"
29,30,"petite","second",378692,411112,36956644,63043467,822224,126086934,28754,42185,3024809,6977479,84370,13954958,"1bill-boot"
11,1,"petite","second",375691,413299,36445472,63554578,826598,127109156,28386,42381,2970710,7031786,84762,14063572,"1bill-boot"
11,2,"petite","second",375634,413783,36434314,63565971,827566,127131942,28363,42494,2969259,7031483,84988,14062966,"1bill-boot"
11,3,"petite","second",376205,413711,36431961,63568165,827422,127136330,28465,42553,2964635,7036913,85106,14073826,"1bill-boot"
11,4,"petite","second",375863,413932,36448234,63551891,827864,127103782,28301,42590,2960184,7040550,85180,14081100,"1bill-boot"
11,5,"petite","second",375944,413125,36473141,63526988,826250,127053976,28643,42274,2995678,7005809,84548,14011618,"1bill-boot"
11,6,"petite","second",375381,413622,36428872,63571201,827244,127142402,28439,42340,2976873,7024943,84680,14049886,"1bill-boot"
11,7,"petite","second",375801,413549,36459353,63540659,827098,127081318,28327,42558,2959597,7041856,85116,14083712,"1bill-boot"
11,8,"petite","second",374862,413922,36308791,63691215,827844,127382430,28323,42499,2961306,7040346,84998,14080692,"1bill-boot"
11,9,"petite","second",375691,413925,36398107,63602153,827850,127204306,28291,42497,2953572,7048167,84994,14096334,"1bill-boot"
11,10,"petite","second",375800,413785,36467367,63532667,827570,127065334,28352,42454,2966287,7034832,84908,14069664,"1bill-boot"
11,11,"petite","second",375779,413890,36397397,63602672,827780,127205344,28588,42352,2981903,7022657,84704,14045314,"1bill-boot"
11,12,"petite","second",376112,413483,36467473,63532625,826966,127065250,28045,42457,2933518,7070489,84914,14140978,"1bill-boot"
11,13,"petite","second",375753,413770,36471825,63528180,827540,127056360,28198,42761,2942653,7059060,85522,14118120,"1bill-boot"
11,14,"petite","second",374830,413683,36331649,63668373,827366,127336746,28091,42698,2926667,7073664,85396,14147328,"1bill-boot"
11,15,"petite","second",375563,413611,36390372,63609647,827222,127219294,28130,42523,2945925,7056843,85046,14113686,"1bill-boot"
11,16,"petite","second",375390,414025,36380172,63619891,828050,127239782,28327,42556,2949372,7052673,85112,14105346,"1bill-boot"
11,17,"petite","second",375730,413880,36456001,63544091,827760,127088182,28453,42433,2967154,7033753,84866,14067506,"1bill-boot"
11,18,"petite","second",376328,413438,36495656,63504387,826876,127008774,28768,42268,3011486,6988923,84536,13977846,"1bill-boot"
11,19,"petite","second",376183,413478,36489669,63510360,826956,127020720,28733,42325,2983697,7018843,84650,14037686,"1bill-boot"
11,20,"petite","second",376315,413651,36475743,63524258,827302,127048516,28418,42345,2960470,7042141,84690,14084282,"1bill-boot"
11,21,"petite","second",375833,413825,36422735,63577266,827650,127154532,28590,42274,2984570,7018116,84548,14036232,"1bill-boot"
11,22,"petite","second",375605,413508,36418892,63581110,827016,127162220,28183,42569,2949482,7052885,85138,14105770,"1bill-boot"
11,23,"petite","second",375106,414129,36341824,63658343,828258,127316686,28284,42657,2943381,7058012,85314,14116024,"1bill-boot"
11,24,"petite","second",376478,413391,36517979,63482095,826782,126964190,28549,42325,2972409,7029070,84650,14058140,"1bill-boot"
11,25,"petite","second",375717,413634,36391777,63608314,827268,127216628,28423,42507,2959828,7041447,85014,14082894,"1bill-boot"
11,26,"petite","second",375596,413398,36420208,63580071,826796,127160142,28461,42482,2958423,7042287,84964,14084574,"1bill-boot"
11,27,"petite","second",375839,413415,36462303,63537836,826830,127075672,28438,42508,2983890,7016558,85016,14033116,"1bill-boot"
11,28,"petite","second",375151,413835,36404321,63595744,827670,127191488,28205,42554,2953121,7048008,85108,14096016,"1bill-boot"
11,29,"petite","second",375831,413297,36443315,63556858,826594,127113716,28173,42550,2944476,7058877,85100,14117754,"1bill-boot"
11,30,"petite","second",375196,413633,36378152,63621858,827266,127243716,28667,42249,3003089,6999901,84498,13999802,"1bill-boot"
