"sim_number","transfer","time","strain1","strain2","clusters_pop1_b","clusters_pop2_b","cells_pop1_b","cells_pop2_b","total_clusters_b","total_cells_b","clusters_pop1_a","clusters_pop2_a","cells_pop1_a","cells_pop2_a","total_clusters_a","total_cells_a","experiment"
37,1,955,"petite","second-15min",379,237,50078,50155,616,100233,38599,22753,5167429,4935241,61352,10102670,"Equal Growth Rates"
37,2,955,"petite","second-15min",282,242,41304,58901,524,100205,31313,26658,4252551,5795939,57971,10048490,"Equal Growth Rates"
37,3,960,"petite","second-15min",217,306,31455,68640,523,100095,24461,31912,3331048,6922375,56373,10253423,"Equal Growth Rates"
37,4,960,"petite","second-15min",166,322,24642,75368,488,100010,19270,34919,2609829,7613406,54189,10223235,"Equal Growth Rates"
37,5,955,"petite","second-15min",140,354,19716,80827,494,100543,14948,36732,2033326,7970816,51680,10004142,"Equal Growth Rates"
37,6,960,"petite","second-15min",110,368,16579,83539,478,100118,12904,38800,1759837,8438194,51704,10198031,"Equal Growth Rates"
37,7,960,"petite","second-15min",99,372,14666,85471,471,100137,11469,39907,1552567,8639745,51376,10192312,"Equal Growth Rates"
37,8,960,"petite","second-15min",81,382,12226,88012,463,100238,9511,40986,1294705,8894051,50497,10188756,"Equal Growth Rates"
37,9,960,"petite","second-15min",66,395,9298,90845,461,100143,7284,42265,984580,9170464,49549,10155044,"Equal Growth Rates"
37,10,960,"petite","second-15min",44,414,7513,92696,458,100209,5894,43119,794547,9371158,49013,10165705,"Equal Growth Rates"
37,11,960,"petite","second-15min",35,409,5442,94667,444,100109,4228,43951,576986,9564596,48179,10141582,"Equal Growth Rates"
37,12,960,"petite","second-15min",19,424,2591,97417,443,100008,2037,45113,275019,9834355,47150,10109374,"Equal Growth Rates"
37,13,960,"petite","second-15min",14,407,2309,97756,421,100065,1776,45223,244084,9863469,46999,10107553,"Equal Growth Rates"
37,14,960,"petite","second-15min",13,418,2045,98037,431,100082,1609,45447,217075,9901033,47056,10118108,"Equal Growth Rates"
37,15,960,"petite","second-15min",12,425,1331,98697,437,100028,1042,45936,141388,9984281,46978,10125669,"Equal Growth Rates"
37,16,960,"petite","second-15min",7,422,1227,98930,429,100157,965,45991,130360,9995235,46956,10125595,"Equal Growth Rates"
37,17,960,"petite","second-15min",8,431,1084,98988,439,100072,831,46029,113945,9988653,46860,10102598,"Equal Growth Rates"
37,18,960,"petite","second-15min",3,426,351,99784,429,100135,273,46278,36709,10080021,46551,10116730,"Equal Growth Rates"
37,19,960,"petite","second-15min",3,443,292,99834,446,100126,226,46389,31373,10076290,46615,10107663,"Equal Growth Rates"
30,1,955,"petite","second-15min",382,226,50017,50070,608,100087,38446,22789,5152635,4931112,61235,10083747,"Equal Growth Rates"
30,2,955,"petite","second-15min",314,235,45365,54829,549,100194,34376,24977,4678644,5392563,59353,10071207,"Equal Growth Rates"
30,3,955,"petite","second-15min",275,267,40525,59769,542,100294,30676,27124,4171801,5899160,57800,10070961,"Equal Growth Rates"
30,4,955,"petite","second-15min",249,285,36566,63654,534,100220,27865,28809,3768510,6276330,56674,10044840,"Equal Growth Rates"
30,5,960,"petite","second-15min",234,289,33276,66758,523,100034,25943,30982,3515213,6738623,56925,10253836,"Equal Growth Rates"
30,6,960,"petite","second-15min",166,320,24982,75080,486,100062,19498,34894,2648467,7596465,54392,10244932,"Equal Growth Rates"
30,7,960,"petite","second-15min",137,350,19479,80780,487,100259,15036,37518,2055111,8162075,52554,10217186,"Equal Growth Rates"
30,8,960,"petite","second-15min",116,366,17182,82927,482,100109,13288,38650,1820567,8381378,51938,10201945,"Equal Growth Rates"
30,9,960,"petite","second-15min",101,370,15274,84855,471,100129,11861,39468,1616877,8592967,51329,10209844,"Equal Growth Rates"
30,10,960,"petite","second-15min",82,380,11772,88487,462,100259,9140,41005,1249925,8933050,50145,10182975,"Equal Growth Rates"
30,11,960,"petite","second-15min",62,396,8731,91541,458,100272,6799,42577,923409,9274092,49376,10197501,"Equal Growth Rates"
30,12,960,"petite","second-15min",55,403,8499,91714,458,100213,6581,42527,897178,9263503,49108,10160681,"Equal Growth Rates"
30,13,960,"petite","second-15min",38,407,5342,94715,445,100057,4205,44026,564427,9561088,48231,10125515,"Equal Growth Rates"
30,14,960,"petite","second-15min",23,408,3318,96836,431,100154,2596,45087,353780,9800970,47683,10154750,"Equal Growth Rates"
30,15,960,"petite","second-15min",19,439,2715,97379,458,100094,2127,45356,291178,9844195,47483,10135373,"Equal Growth Rates"
30,16,960,"petite","second-15min",16,419,2617,97727,435,100344,2048,45461,277123,9875588,47509,10152711,"Equal Growth Rates"
30,17,960,"petite","second-15min",14,418,1462,98721,432,100183,1113,45897,155764,9969731,47010,10125495,"Equal Growth Rates"
30,18,960,"petite","second-15min",8,430,1532,98645,438,100177,1170,45908,162141,9968602,47078,10130743,"Equal Growth Rates"
30,19,960,"petite","second-15min",10,432,1453,98705,442,100158,1135,45892,154308,9974811,47027,10129119,"Equal Growth Rates"
30,20,960,"petite","second-15min",3,429,542,99561,432,100103,440,46251,57735,10058937,46691,10116672,"Equal Growth Rates"
30,21,960,"petite","second-15min",4,429,440,99647,433,100087,342,46267,45820,10069446,46609,10115266,"Equal Growth Rates"
30,22,960,"petite","second-15min",1,433,93,100265,434,100358,75,46578,10054,10133260,46653,10143314,"Equal Growth Rates"
30,23,960,"petite","second-15min",1,442,142,100182,443,100324,111,46484,15007,10117893,46595,10132900,"Equal Growth Rates"
30,24,960,"petite","second-15min",1,445,110,100378,446,100488,83,46539,11782,10138626,46622,10150408,"Equal Growth Rates"
39,1,955,"petite","second-15min",347,229,50003,50049,576,100052,38685,22674,5165019,4929792,61359,10094811,"Equal Growth Rates"
39,2,955,"petite","second-15min",318,236,45395,54820,554,100215,34498,24855,4684220,5402056,59353,10086276,"Equal Growth Rates"
39,3,955,"petite","second-15min",280,260,40842,59347,540,100189,31021,26783,4218941,5838481,57804,10057422,"Equal Growth Rates"
39,4,955,"petite","second-15min",246,285,36022,64226,531,100248,27348,29001,3719075,6319867,56349,10038942,"Equal Growth Rates"
39,5,955,"petite","second-15min",227,296,33052,67059,523,100111,24992,30526,3406019,6605063,55518,10011082,"Equal Growth Rates"
39,6,955,"petite","second-15min",208,305,29401,70929,513,100330,22349,31943,3033903,6984484,54292,10018387,"Equal Growth Rates"
39,7,960,"petite","second-15min",169,326,25266,75025,495,100291,19573,34901,2670141,7578300,54474,10248441,"Equal Growth Rates"
39,8,960,"petite","second-15min",143,343,20896,79145,486,100041,16222,36832,2209990,7989517,53054,10199507,"Equal Growth Rates"
39,9,960,"petite","second-15min",124,352,17367,82733,476,100100,13493,38509,1833799,8352331,52002,10186130,"Equal Growth Rates"
39,10,960,"petite","second-15min",83,368,13348,87012,451,100360,10423,40316,1412565,8785837,50739,10198402,"Equal Growth Rates"
39,11,960,"petite","second-15min",80,384,11681,88320,464,100001,9145,40985,1234995,8926928,50130,10161923,"Equal Growth Rates"
39,12,960,"petite","second-15min",64,401,9088,91030,465,100118,7074,42244,961813,9189568,49318,10151381,"Equal Growth Rates"
39,13,960,"petite","second-15min",61,379,8386,91866,440,100252,6525,42665,886771,9277742,49190,10164513,"Equal Growth Rates"
39,14,960,"petite","second-15min",50,400,7466,92620,450,100086,5830,42949,788552,9364213,48779,10152765,"Equal Growth Rates"
39,15,960,"petite","second-15min",41,415,5983,94027,456,100010,4616,43553,631748,9487556,48169,10119304,"Equal Growth Rates"
39,16,960,"petite","second-15min",33,406,5189,94978,439,100167,4047,43998,550719,9597131,48045,10147850,"Equal Growth Rates"
39,17,960,"petite","second-15min",36,412,5411,94689,448,100100,4199,43927,569816,9559870,48126,10129686,"Equal Growth Rates"
39,18,960,"petite","second-15min",31,413,3923,96451,444,100374,3092,44815,417651,9750490,47907,10168141,"Equal Growth Rates"
39,19,960,"petite","second-15min",23,421,3264,96759,444,100023,2534,44812,345061,9778411,47346,10123472,"Equal Growth Rates"
39,20,960,"petite","second-15min",18,421,2880,97399,439,100279,2236,45156,304605,9828619,47392,10133224,"Equal Growth Rates"
39,21,960,"petite","second-15min",10,435,1337,98776,445,100113,1055,45815,141589,9976000,46870,10117589,"Equal Growth Rates"
39,22,960,"petite","second-15min",5,444,795,99452,449,100247,608,46208,84127,10053456,46816,10137583,"Equal Growth Rates"
39,23,960,"petite","second-15min",2,447,386,99661,449,100047,316,46264,41883,10061685,46580,10103568,"Equal Growth Rates"
39,24,960,"petite","second-15min",1,432,206,99860,433,100066,160,46512,22065,10103951,46672,10126016,"Equal Growth Rates"
39,25,960,"petite","second-15min",2,434,452,99588,436,100040,348,46147,48270,10065894,46495,10114164,"Equal Growth Rates"
39,26,960,"petite","second-15min",2,430,230,99970,432,100200,167,46457,24245,10094552,46624,10118797,"Equal Growth Rates"
39,27,960,"petite","second-15min",4,429,780,99619,433,100399,615,46172,81594,10061393,46787,10142987,"Equal Growth Rates"
39,28,960,"petite","second-15min",7,422,932,99148,429,100080,720,46040,98584,10022047,46760,10120631,"Equal Growth Rates"
39,29,960,"petite","second-15min",5,420,575,99578,425,100153,443,46332,61148,10069879,46775,10131027,"Equal Growth Rates"
39,30,960,"petite","second-15min",6,434,754,99353,440,100107,567,46346,79191,10040047,46913,10119238,"Equal Growth Rates"
39,31,960,"petite","second-15min",6,419,903,99170,425,100073,722,46117,95189,10025798,46839,10120987,"Equal Growth Rates"
39,32,960,"petite","second-15min",3,431,539,99600,434,100139,423,46122,56014,10056106,46545,10112120,"Equal Growth Rates"
39,33,960,"petite","second-15min",4,440,599,99740,444,100339,477,46424,63723,10080686,46901,10144409,"Equal Growth Rates"
39,34,960,"petite","second-15min",2,432,296,99883,434,100179,228,46396,30797,10096839,46624,10127636,"Equal Growth Rates"
39,35,960,"petite","second-15min",2,443,112,99919,445,100031,89,46312,11967,10095999,46401,10107966,"Equal Growth Rates"
39,36,960,"petite","second-15min",1,439,245,99904,440,100149,194,46358,26228,10097901,46552,10124129,"Equal Growth Rates"
4,1,955,"petite","second-15min",365,229,50077,50003,594,100080,38527,22588,5172892,4922122,61115,10095014,"Equal Growth Rates"
4,2,955,"petite","second-15min",313,238,44615,55477,551,100092,33890,25224,4603605,5468951,59114,10072556,"Equal Growth Rates"
4,3,955,"petite","second-15min",257,278,37170,62928,535,100098,28218,28531,3834262,6196858,56749,10031120,"Equal Growth Rates"
4,4,955,"petite","second-15min",203,296,29818,70343,499,100161,22722,31792,3081388,6923389,54514,10004777,"Equal Growth Rates"
4,5,960,"petite","second-15min",157,336,23003,77033,493,100036,17992,35845,2436590,7778821,53837,10215411,"Equal Growth Rates"
4,6,960,"petite","second-15min",116,358,17046,82988,474,100034,13303,38532,1804824,8393100,51835,10197924,"Equal Growth Rates"
4,7,960,"petite","second-15min",96,374,14446,85846,470,100292,11230,39950,1524402,8672398,51180,10196800,"Equal Growth Rates"
4,8,960,"petite","second-15min",81,390,11534,88523,471,100057,8885,41080,1220048,8943514,49965,10163562,"Equal Growth Rates"
4,9,960,"petite","second-15min",75,395,10262,90187,470,100449,8012,41812,1087319,9111806,49824,10199125,"Equal Growth Rates"
4,10,960,"petite","second-15min",57,392,7771,92453,449,100224,6060,42961,822442,9348391,49021,10170833,"Equal Growth Rates"
4,11,960,"petite","second-15min",37,412,5121,95258,449,100379,3962,44233,543118,9635889,48195,10179007,"Equal Growth Rates"
4,12,960,"petite","second-15min",36,409,4853,95288,445,100141,3789,44285,513122,9624211,48074,10137333,"Equal Growth Rates"
4,13,960,"petite","second-15min",32,433,4779,95231,465,100010,3738,44269,508984,9629815,48007,10138799,"Equal Growth Rates"
4,14,960,"petite","second-15min",24,423,3295,96855,447,100150,2572,45029,350859,9779815,47601,10130674,"Equal Growth Rates"
4,15,960,"petite","second-15min",14,421,2165,97893,435,100058,1700,45341,229192,9885303,47041,10114495,"Equal Growth Rates"
4,16,960,"petite","second-15min",13,427,2090,98060,440,100150,1625,45606,219961,9905509,47231,10125470,"Equal Growth Rates"
4,17,960,"petite","second-15min",8,436,1598,98561,444,100159,1237,45873,169234,9970588,47110,10139822,"Equal Growth Rates"
4,18,960,"petite","second-15min",4,429,546,99524,433,100070,425,46121,58998,10060951,46546,10119949,"Equal Growth Rates"
4,19,960,"petite","second-15min",6,427,626,99385,433,100011,486,46110,66307,10047390,46596,10113697,"Equal Growth Rates"
4,20,960,"petite","second-15min",5,431,701,99423,436,100124,564,46167,75448,10047313,46731,10122761,"Equal Growth Rates"
4,21,960,"petite","second-15min",2,437,204,99882,439,100086,151,46263,22084,10080583,46414,10102667,"Equal Growth Rates"
4,22,960,"petite","second-15min",2,447,224,99844,449,100068,170,46400,23627,10083212,46570,10106839,"Equal Growth Rates"
4,23,960,"petite","second-15min",2,429,249,100092,431,100341,186,46562,26097,10131162,46748,10157259,"Equal Growth Rates"
3,1,955,"petite","second-15min",372,227,50070,50060,599,100130,38693,22672,5171437,4930014,61365,10101451,"Equal Growth Rates"
3,2,955,"petite","second-15min",312,247,44311,55760,559,100071,33543,25226,4566669,5495156,58769,10061825,"Equal Growth Rates"
3,3,955,"petite","second-15min",286,266,41363,58796,552,100159,31475,26723,4272319,5791432,58198,10063751,"Equal Growth Rates"
3,4,955,"petite","second-15min",232,275,34946,65055,507,100001,26494,29293,3610304,6394106,55787,10004410,"Equal Growth Rates"
3,5,960,"petite","second-15min",205,313,28306,71803,518,100109,21990,33339,3001130,7254982,55329,10256112,"Equal Growth Rates"
3,6,960,"petite","second-15min",164,334,24031,76077,498,100108,18725,35449,2544866,7693012,54174,10237878,"Equal Growth Rates"
3,7,960,"petite","second-15min",124,353,17800,82353,477,100153,13898,38194,1878396,8333052,52092,10211448,"Equal Growth Rates"
3,8,960,"petite","second-15min",95,370,13386,86672,465,100058,10400,40178,1415803,8750317,50578,10166120,"Equal Growth Rates"
3,9,960,"petite","second-15min",67,390,10783,89549,457,100332,8381,41437,1143851,9046179,49818,10190030,"Equal Growth Rates"
3,10,960,"petite","second-15min",65,395,10228,89816,460,100044,7992,41820,1080720,9076065,49812,10156785,"Equal Growth Rates"
3,11,960,"petite","second-15min",62,383,9228,90789,445,100017,7135,42167,971455,9172168,49302,10143623,"Equal Growth Rates"
3,12,960,"petite","second-15min",46,392,6048,94060,438,100108,4713,43764,642119,9512204,48477,10154323,"Equal Growth Rates"
3,13,960,"petite","second-15min",40,412,5697,94393,452,100090,4454,43864,601074,9539153,48318,10140227,"Equal Growth Rates"
3,14,960,"petite","second-15min",20,413,2516,97553,433,100069,1969,45413,265358,9844538,47382,10109896,"Equal Growth Rates"
3,15,960,"petite","second-15min",13,423,1426,98669,436,100095,1126,45873,151254,9974334,46999,10125588,"Equal Growth Rates"
3,16,960,"petite","second-15min",7,429,889,99179,436,100068,701,46157,94778,10017832,46858,10112610,"Equal Growth Rates"
3,17,960,"petite","second-15min",2,435,279,99983,437,100262,215,46289,29303,10096360,46504,10125663,"Equal Growth Rates"
3,18,960,"petite","second-15min",3,441,446,99688,444,100134,333,46379,46296,10077604,46712,10123900,"Equal Growth Rates"
3,19,960,"petite","second-15min",3,436,511,99602,439,100113,395,46208,53815,10052210,46603,10106025,"Equal Growth Rates"
3,20,960,"petite","second-15min",1,429,122,99905,430,100027,94,46379,12886,10095837,46473,10108723,"Equal Growth Rates"
2,1,955,"petite","second-15min",376,223,50085,50040,599,100125,38672,22707,5171058,4925330,61379,10096388,"Equal Growth Rates"
2,2,955,"petite","second-15min",317,238,46686,53416,555,100102,35380,24143,4808397,5261469,59523,10069866,"Equal Growth Rates"
2,3,955,"petite","second-15min",265,279,39889,60375,544,100264,30303,27424,4121265,5935517,57727,10056782,"Equal Growth Rates"
2,4,955,"petite","second-15min",254,271,37659,62445,525,100104,28481,28317,3879757,6146924,56798,10026681,"Equal Growth Rates"
2,5,955,"petite","second-15min",230,287,34993,65008,517,100001,26537,29490,3608442,6407932,56027,10016374,"Equal Growth Rates"
2,6,955,"petite","second-15min",214,314,30805,69347,528,100152,23366,31558,3171354,6841178,54924,10012532,"Equal Growth Rates"
2,7,960,"petite","second-15min",169,327,23635,76392,496,100027,18484,35455,2501476,7710724,53939,10212200,"Equal Growth Rates"
2,8,960,"petite","second-15min",121,350,17962,82075,471,100037,14012,38257,1902804,8309430,52269,10212234,"Equal Growth Rates"
2,9,960,"petite","second-15min",103,376,15463,84771,479,100234,12017,39414,1635765,8563193,51431,10198958,"Equal Growth Rates"
2,10,960,"petite","second-15min",88,363,13411,86795,451,100206,10432,40276,1414088,8757852,50708,10171940,"Equal Growth Rates"
2,11,960,"petite","second-15min",85,370,12317,87848,455,100165,9661,40818,1304832,8869523,50479,10174355,"Equal Growth Rates"
2,12,960,"petite","second-15min",70,387,9928,90315,457,100243,7802,41991,1051892,9120628,49793,10172520,"Equal Growth Rates"
2,13,960,"petite","second-15min",41,408,5308,94860,449,100168,4120,44129,561023,9571973,48249,10132996,"Equal Growth Rates"
2,14,960,"petite","second-15min",32,415,4444,95738,447,100182,3447,44490,470981,9669036,47937,10140017,"Equal Growth Rates"
2,15,960,"petite","second-15min",26,407,4009,95999,433,100008,3151,44547,425458,9696888,47698,10122346,"Equal Growth Rates"
2,16,960,"petite","second-15min",27,422,3983,96121,449,100104,3153,44668,424192,9705470,47821,10129662,"Equal Growth Rates"
2,17,960,"petite","second-15min",22,416,2965,97233,438,100198,2306,45255,314734,9828426,47561,10143160,"Equal Growth Rates"
2,18,960,"petite","second-15min",13,429,1939,98176,442,100115,1496,45472,204478,9928773,46968,10133251,"Equal Growth Rates"
2,19,960,"petite","second-15min",12,434,1542,98712,446,100254,1204,45958,164171,9966216,47162,10130387,"Equal Growth Rates"
2,20,960,"petite","second-15min",9,431,1143,99116,440,100259,892,45890,121703,10003565,46782,10125268,"Equal Growth Rates"
2,21,960,"petite","second-15min",7,427,881,99135,434,100016,689,46045,92635,10016599,46734,10109234,"Equal Growth Rates"
2,22,960,"petite","second-15min",3,437,388,99864,440,100252,302,46268,40365,10079702,46570,10120067,"Equal Growth Rates"
2,23,960,"petite","second-15min",2,434,334,99792,436,100126,252,46353,35498,10075853,46605,10111351,"Equal Growth Rates"
2,24,960,"petite","second-15min",2,437,230,99827,439,100057,171,46440,24500,10093541,46611,10118041,"Equal Growth Rates"
2,25,960,"petite","second-15min",2,424,221,99986,426,100207,175,46524,23499,10102009,46699,10125508,"Equal Growth Rates"
38,1,955,"petite","second-15min",376,237,50223,50124,613,100347,38547,22817,5179005,4935722,61364,10114727,"Equal Growth Rates"
38,2,955,"petite","second-15min",279,263,39300,60767,542,100067,29856,27538,4050418,5986355,57394,10036773,"Equal Growth Rates"
38,3,960,"petite","second-15min",209,291,31264,68756,500,100020,24339,31968,3306247,6949136,56307,10255383,"Equal Growth Rates"
38,4,960,"petite","second-15min",190,324,27366,72655,514,100021,21250,33571,2887713,7329247,54821,10216960,"Equal Growth Rates"
38,5,960,"petite","second-15min",173,337,23606,76734,510,100340,18413,35522,2498998,7747303,53935,10246301,"Equal Growth Rates"
38,6,960,"petite","second-15min",138,344,19399,80634,482,100033,15137,37523,2061208,8140105,52660,10201313,"Equal Growth Rates"
38,7,960,"petite","second-15min",107,359,15758,84611,466,100369,12280,39382,1664729,8548056,51662,10212785,"Equal Growth Rates"
38,8,960,"petite","second-15min",78,384,11476,88619,462,100095,9013,41280,1220700,8949843,50293,10170543,"Equal Growth Rates"
38,9,960,"petite","second-15min",64,404,9324,90731,468,100055,7297,42215,988964,9173549,49512,10162513,"Equal Growth Rates"
38,10,960,"petite","second-15min",48,409,7094,93294,457,100388,5535,43376,751355,9424002,48911,10175357,"Equal Growth Rates"
38,11,960,"petite","second-15min",45,415,6537,93542,460,100079,5071,43558,691171,9452509,48629,10143680,"Equal Growth Rates"
38,12,960,"petite","second-15min",32,405,4820,95204,437,100024,3773,44247,510044,9621074,48020,10131118,"Equal Growth Rates"
38,13,960,"petite","second-15min",25,419,3756,96451,444,100207,2961,44856,396891,9750486,47817,10147377,"Equal Growth Rates"
38,14,960,"petite","second-15min",15,437,2374,97781,452,100155,1824,45588,248262,9890384,47412,10138646,"Equal Growth Rates"
38,15,960,"petite","second-15min",11,422,1854,98321,433,100175,1416,45681,194843,9936050,47097,10130893,"Equal Growth Rates"
38,16,960,"petite","second-15min",11,430,1407,98662,441,100069,1089,45777,148588,9962745,46866,10111333,"Equal Growth Rates"
38,17,960,"petite","second-15min",8,432,1270,99157,440,100427,995,46083,133493,10013773,47078,10147266,"Equal Growth Rates"
38,18,960,"petite","second-15min",12,416,2033,98046,428,100079,1584,45604,215026,9898819,47188,10113845,"Equal Growth Rates"
38,19,960,"petite","second-15min",14,412,2142,97890,426,100032,1657,45567,227749,9902109,47224,10129858,"Equal Growth Rates"
38,20,960,"petite","second-15min",8,434,898,99105,442,100003,706,46018,96349,10003228,46724,10099577,"Equal Growth Rates"
38,21,960,"petite","second-15min",2,426,291,99755,428,100046,224,46434,31336,10080290,46658,10111626,"Equal Growth Rates"
38,22,960,"petite","second-15min",3,435,351,99792,438,100143,275,46258,37166,10086120,46533,10123286,"Equal Growth Rates"
38,23,960,"petite","second-15min",1,424,85,100218,425,100303,61,46576,9134,10125338,46637,10134472,"Equal Growth Rates"
5,1,955,"petite","second-15min",363,228,50025,50218,591,100243,38538,22766,5159595,4948825,61304,10108420,"Equal Growth Rates"
5,2,955,"petite","second-15min",288,262,41150,58969,550,100119,31243,26732,4238654,5797926,57975,10036580,"Equal Growth Rates"
5,3,955,"petite","second-15min",239,295,34191,65866,534,100057,25957,29874,3528352,6491920,55831,10020272,"Equal Growth Rates"
5,4,960,"petite","second-15min",186,324,25225,75044,510,100269,19748,34670,2668671,7582410,54418,10251081,"Equal Growth Rates"
5,5,960,"petite","second-15min",139,352,20798,79280,491,100078,16194,36856,2204811,8009842,53050,10214653,"Equal Growth Rates"
5,6,960,"petite","second-15min",114,366,15079,84949,480,100028,11755,39300,1597080,8578407,51055,10175487,"Equal Growth Rates"
5,7,960,"petite","second-15min",83,384,11262,88893,467,100155,8718,41343,1188106,8988027,50061,10176133,"Equal Growth Rates"
5,8,960,"petite","second-15min",63,406,9040,91085,469,100125,7035,42382,953134,9211438,49417,10164572,"Equal Growth Rates"
5,9,960,"petite","second-15min",57,386,8509,91543,443,100052,6584,42550,897677,9253346,49134,10151023,"Equal Growth Rates"
5,10,960,"petite","second-15min",45,407,6684,93364,452,100048,5261,43393,705223,9442404,48654,10147627,"Equal Growth Rates"
5,11,960,"petite","second-15min",44,398,6254,93832,442,100086,4882,43559,659983,9475908,48441,10135891,"Equal Growth Rates"
5,12,960,"petite","second-15min",29,427,4362,95984,456,100346,3380,44841,459262,9712844,48221,10172106,"Equal Growth Rates"
5,13,960,"petite","second-15min",25,421,3456,97136,446,100592,2660,45271,367297,9817002,47931,10184299,"Equal Growth Rates"
5,14,960,"petite","second-15min",27,412,3703,96378,439,100081,2920,44761,391717,9748992,47681,10140709,"Equal Growth Rates"
5,15,960,"petite","second-15min",23,427,3125,96993,450,100118,2475,45194,332925,9804681,47669,10137606,"Equal Growth Rates"
5,16,960,"petite","second-15min",9,420,1498,98653,429,100151,1155,45773,157597,9972081,46928,10129678,"Equal Growth Rates"
5,17,960,"petite","second-15min",5,431,834,99269,436,100103,637,46217,88187,10025324,46854,10113511,"Equal Growth Rates"
5,18,960,"petite","second-15min",5,448,669,99428,453,100097,523,46071,70555,10050313,46594,10120868,"Equal Growth Rates"
5,19,960,"petite","second-15min",5,436,794,99368,441,100162,619,46088,83799,10024536,46707,10108335,"Equal Growth Rates"
5,20,960,"petite","second-15min",8,442,941,99375,450,100316,720,46236,100291,10053794,46956,10154085,"Equal Growth Rates"
5,21,960,"petite","second-15min",6,424,726,99366,430,100092,552,46076,77551,10052626,46628,10130177,"Equal Growth Rates"
5,22,960,"petite","second-15min",2,430,345,99753,432,100098,272,46332,36222,10068571,46604,10104793,"Equal Growth Rates"
5,23,960,"petite","second-15min",5,451,972,99049,456,100021,766,45832,102490,10003888,46598,10106378,"Equal Growth Rates"
5,24,960,"petite","second-15min",12,433,1753,98421,445,100174,1347,45878,184083,9950949,47225,10135032,"Equal Growth Rates"
5,25,960,"petite","second-15min",11,428,1578,98510,439,100088,1219,45805,165164,9966788,47024,10131952,"Equal Growth Rates"
5,26,960,"petite","second-15min",10,417,1206,98848,427,100054,949,45995,128068,9978109,46944,10106177,"Equal Growth Rates"
5,27,960,"petite","second-15min",5,436,652,99510,441,100162,512,46128,69930,10042588,46640,10112518,"Equal Growth Rates"
5,28,960,"petite","second-15min",3,429,527,99680,432,100207,407,46443,56363,10072737,46850,10129100,"Equal Growth Rates"
5,29,960,"petite","second-15min",2,437,337,99681,439,100018,245,46365,35707,10074973,46610,10110680,"Equal Growth Rates"
5,30,960,"petite","second-15min",1,434,103,99958,435,100061,77,46428,11152,10102729,46505,10113881,"Equal Growth Rates"
31,1,955,"petite","second-15min",377,231,50050,50070,608,100120,38769,22519,5164211,4931384,61288,10095595,"Equal Growth Rates"
31,2,955,"petite","second-15min",275,243,41546,58566,518,100112,31421,26463,4279180,5765656,57884,10044836,"Equal Growth Rates"
31,3,955,"petite","second-15min",241,280,34668,65748,521,100416,26275,29783,3575026,6473311,56058,10048337,"Equal Growth Rates"
31,4,960,"petite","second-15min",215,290,31394,68692,505,100086,24468,31828,3318899,6939726,56296,10258625,"Equal Growth Rates"
31,5,960,"petite","second-15min",158,334,22956,77130,492,100086,17836,35727,2428315,7786930,53563,10215245,"Equal Growth Rates"
31,6,960,"petite","second-15min",136,344,20001,80031,480,100032,15567,37246,2119661,8081550,52813,10201211,"Equal Growth Rates"
31,7,960,"petite","second-15min",127,348,18078,81973,475,100051,14119,38043,1913872,8273251,52162,10187123,"Equal Growth Rates"
31,8,960,"petite","second-15min",97,368,14671,85613,465,100284,11450,39663,1556913,8651400,51113,10208313,"Equal Growth Rates"
31,9,960,"petite","second-15min",80,374,11668,88481,454,100149,9047,41187,1232522,8951506,50234,10184028,"Equal Growth Rates"
31,10,960,"petite","second-15min",69,388,9330,90751,457,100081,7316,42285,991704,9183429,49601,10175133,"Equal Growth Rates"
31,11,960,"petite","second-15min",62,392,8272,91785,454,100057,6449,42622,874032,9270055,49071,10144087,"Equal Growth Rates"
31,12,960,"petite","second-15min",45,409,7452,92587,454,100039,5760,43014,789602,9367505,48774,10157107,"Equal Growth Rates"
31,13,960,"petite","second-15min",43,392,6144,93873,435,100017,4801,43521,650047,9488410,48322,10138457,"Equal Growth Rates"
31,14,960,"petite","second-15min",25,412,3513,96596,437,100109,2737,44866,369849,9764641,47603,10134490,"Equal Growth Rates"
31,15,960,"petite","second-15min",12,421,1363,98732,433,100095,1088,45738,145451,9973061,46826,10118512,"Equal Growth Rates"
31,16,960,"petite","second-15min",5,437,679,99336,442,100015,518,46123,70463,10031291,46641,10101754,"Equal Growth Rates"
31,17,960,"petite","second-15min",6,442,766,99557,448,100323,595,46354,81735,10061442,46949,10143177,"Equal Growth Rates"
31,18,960,"petite","second-15min",5,431,712,99299,436,100011,561,46237,74761,10056499,46798,10131260,"Equal Growth Rates"
31,19,960,"petite","second-15min",8,436,1323,98781,444,100104,1035,45812,139428,9978993,46847,10118421,"Equal Growth Rates"
31,20,960,"petite","second-15min",9,438,1257,99042,447,100299,966,45794,133424,10003241,46760,10136665,"Equal Growth Rates"
31,21,960,"petite","second-15min",6,428,829,99263,434,100092,674,46076,88616,10019060,46750,10107676,"Equal Growth Rates"
31,22,960,"petite","second-15min",5,427,662,99364,432,100026,520,46061,71000,10046675,46581,10117675,"Equal Growth Rates"
31,23,960,"petite","second-15min",6,438,987,99263,444,100250,748,46106,103556,10031903,46854,10135459,"Equal Growth Rates"
31,24,960,"petite","second-15min",4,426,655,99487,430,100142,514,46224,69005,10049742,46738,10118747,"Equal Growth Rates"
31,25,960,"petite","second-15min",2,428,289,99740,430,100029,233,46351,31342,10064348,46584,10095690,"Equal Growth Rates"
31,26,960,"petite","second-15min",1,441,200,99966,442,100166,144,46360,20673,10086931,46504,10107604,"Equal Growth Rates"
31,27,960,"petite","second-15min",2,410,262,99868,412,100130,203,46230,27204,10086185,46433,10113389,"Equal Growth Rates"
36,1,955,"petite","second-15min",380,224,50079,50381,604,100460,38372,22801,5156040,4961980,61173,10118020,"Equal Growth Rates"
36,2,955,"petite","second-15min",308,254,43958,56050,562,100008,33455,25412,4540193,5527972,58867,10068165,"Equal Growth Rates"
36,3,955,"petite","second-15min",295,259,40744,59582,554,100326,31046,27050,4202609,5865268,58096,10067877,"Equal Growth Rates"
36,4,955,"petite","second-15min",246,292,35665,64640,538,100305,27158,29257,3680952,6363316,56415,10044268,"Equal Growth Rates"
36,5,960,"petite","second-15min",187,302,27098,72970,489,100068,21015,34025,2866787,7370300,55040,10237087,"Equal Growth Rates"
36,6,960,"petite","second-15min",158,328,22271,77776,486,100047,17416,36137,2354231,7855363,53553,10209594,"Equal Growth Rates"
36,7,960,"petite","second-15min",119,351,17154,82867,470,100021,13322,38430,1817768,8390091,51752,10207859,"Equal Growth Rates"
36,8,960,"petite","second-15min",87,371,12293,87935,458,100228,9610,40836,1300470,8884093,50446,10184563,"Equal Growth Rates"
36,9,960,"petite","second-15min",76,388,10865,89300,464,100165,8365,41509,1146169,9026821,49874,10172990,"Equal Growth Rates"
36,10,960,"petite","second-15min",44,403,6651,93512,447,100163,5110,43445,704479,9443631,48555,10148110,"Equal Growth Rates"
36,11,960,"petite","second-15min",29,413,4080,96100,442,100180,3145,44665,428605,9710699,47810,10139304,"Equal Growth Rates"
36,12,960,"petite","second-15min",29,412,4134,95995,441,100129,3250,44555,440401,9695365,47805,10135766,"Equal Growth Rates"
36,13,960,"petite","second-15min",20,404,3472,96550,424,100022,2633,44693,367634,9755542,47326,10123176,"Equal Growth Rates"
36,14,960,"petite","second-15min",16,418,2413,97681,434,100094,1871,45411,254344,9873638,47282,10127982,"Equal Growth Rates"
36,15,960,"petite","second-15min",11,418,1642,98363,429,100005,1291,45846,174092,9935077,47137,10109169,"Equal Growth Rates"
36,16,960,"petite","second-15min",7,422,933,99323,429,100256,718,46021,98384,10033694,46739,10132078,"Equal Growth Rates"
36,17,960,"petite","second-15min",1,430,94,99986,431,100080,79,46357,9901,10094779,46436,10104680,"Equal Growth Rates"
36,18,960,"petite","second-15min",2,417,341,99660,419,100001,263,46355,36142,10080657,46618,10116799,"Equal Growth Rates"
36,19,960,"petite","second-15min",3,445,482,99549,448,100031,371,46242,50316,10061119,46613,10111435,"Equal Growth Rates"
36,20,960,"petite","second-15min",1,431,145,100191,432,100336,110,46413,15047,10121518,46523,10136565,"Equal Growth Rates"
14,1,955,"petite","second-15min",374,229,50047,50143,603,100190,38466,22722,5169086,4935384,61188,10104470,"Equal Growth Rates"
14,2,955,"petite","second-15min",319,243,43890,56276,562,100166,33257,25414,4529673,5536870,58671,10066543,"Equal Growth Rates"
14,3,955,"petite","second-15min",251,289,36408,63656,540,100064,27692,28725,3750059,6276584,56417,10026643,"Equal Growth Rates"
14,4,955,"petite","second-15min",193,324,27096,73042,517,100138,20538,33121,2800555,7201645,53659,10002200,"Equal Growth Rates"
14,5,960,"petite","second-15min",148,330,21110,78958,478,100068,16494,36696,2232697,7977419,53190,10210116,"Equal Growth Rates"
14,6,960,"petite","second-15min",105,373,14806,85395,478,100201,11504,39832,1568128,8627908,51336,10196036,"Equal Growth Rates"
14,7,960,"petite","second-15min",82,365,12898,87199,447,100097,10146,40487,1370864,8803257,50633,10174121,"Equal Growth Rates"
14,8,960,"petite","second-15min",71,383,10655,89384,454,100039,8256,41464,1130080,9021448,49720,10151528,"Equal Growth Rates"
14,9,960,"petite","second-15min",70,389,10111,89959,459,100070,7849,41919,1070078,9100235,49768,10170313,"Equal Growth Rates"
14,10,960,"petite","second-15min",54,400,8293,91737,454,100030,6425,42637,877385,9260005,49062,10137390,"Equal Growth Rates"
14,11,960,"petite","second-15min",34,409,4929,95108,443,100037,3872,44224,524185,9614095,48096,10138280,"Equal Growth Rates"
14,12,960,"petite","second-15min",25,408,3651,97067,433,100718,2807,45070,385452,9796978,47877,10182430,"Equal Growth Rates"
14,13,960,"petite","second-15min",25,415,3478,96660,440,100138,2684,44879,366947,9760755,47563,10127702,"Equal Growth Rates"
14,14,960,"petite","second-15min",17,422,2465,97880,439,100345,1934,45478,260694,9888807,47412,10149501,"Equal Growth Rates"
14,15,960,"petite","second-15min",9,425,1518,98533,434,100051,1181,45640,161274,9957063,46821,10118337,"Equal Growth Rates"
14,16,960,"petite","second-15min",3,422,421,99709,425,100130,331,46603,45463,10083798,46934,10129261,"Equal Growth Rates"
14,17,960,"petite","second-15min",4,428,480,99542,432,100022,366,46424,50140,10064380,46790,10114520,"Equal Growth Rates"
14,18,960,"petite","second-15min",4,439,770,99249,443,100019,612,46262,81527,10039988,46874,10121515,"Equal Growth Rates"
14,19,960,"petite","second-15min",6,425,853,99407,431,100260,686,46004,90257,10032389,46690,10122646,"Equal Growth Rates"
14,20,960,"petite","second-15min",6,432,1048,99005,438,100053,825,45895,110554,10009212,46720,10119766,"Equal Growth Rates"
14,21,960,"petite","second-15min",2,434,139,99992,436,100131,105,46469,14933,10107111,46574,10122044,"Equal Growth Rates"
13,1,955,"petite","second-15min",358,231,50011,50060,589,100071,38515,22818,5157394,4938387,61333,10095781,"Equal Growth Rates"
13,2,955,"petite","second-15min",299,250,42179,57916,549,100095,32058,26260,4354366,5708715,58318,10063081,"Equal Growth Rates"
13,3,955,"petite","second-15min",283,273,41202,58967,556,100169,31267,26584,4253880,5807399,57851,10061279,"Equal Growth Rates"
13,4,955,"petite","second-15min",241,280,34488,65581,521,100069,26128,29688,3560651,6449151,55816,10009802,"Equal Growth Rates"
13,5,955,"petite","second-15min",211,310,29739,70338,521,100077,22483,31907,3066804,6939497,54390,10006301,"Equal Growth Rates"
13,6,960,"petite","second-15min",164,348,22841,77195,512,100036,17826,35889,2419135,7805670,53715,10224805,"Equal Growth Rates"
13,7,960,"petite","second-15min",131,348,18934,81120,479,100054,14691,37797,2006454,8206760,52488,10213214,"Equal Growth Rates"
13,8,960,"petite","second-15min",117,370,16537,83629,487,100166,12982,38707,1751897,8449805,51689,10201702,"Equal Growth Rates"
13,9,960,"petite","second-15min",96,366,13916,86248,462,100164,10794,40236,1469507,8729400,51030,10198907,"Equal Growth Rates"
13,10,960,"petite","second-15min",72,390,9989,90047,462,100036,7658,41826,1054126,9109655,49484,10163781,"Equal Growth Rates"
13,11,960,"petite","second-15min",47,405,7565,92741,452,100306,5934,43264,803106,9382408,49198,10185514,"Equal Growth Rates"
13,12,960,"petite","second-15min",43,401,6724,93277,444,100001,5237,43250,712707,9420931,48487,10133638,"Equal Growth Rates"
13,13,960,"petite","second-15min",32,408,4987,95171,440,100158,3869,44193,525011,9619281,48062,10144292,"Equal Growth Rates"
13,14,960,"petite","second-15min",21,425,2592,97468,446,100060,1989,45252,274021,9845414,47241,10119435,"Equal Growth Rates"
13,15,960,"petite","second-15min",13,430,1960,98119,443,100079,1533,45611,208066,9915327,47144,10123393,"Equal Growth Rates"
13,16,960,"petite","second-15min",15,431,2268,97819,446,100087,1799,45633,242241,9889017,47432,10131258,"Equal Growth Rates"
13,17,960,"petite","second-15min",19,423,2742,97459,442,100201,2168,45189,290851,9866368,47357,10157219,"Equal Growth Rates"
13,18,960,"petite","second-15min",29,407,3890,96171,436,100061,3018,44608,410658,9712996,47626,10123654,"Equal Growth Rates"
13,19,960,"petite","second-15min",23,407,3019,97251,430,100270,2341,45126,321421,9819803,47467,10141224,"Equal Growth Rates"
13,20,960,"petite","second-15min",11,429,1709,98343,440,100052,1337,45710,179821,9942059,47047,10121880,"Equal Growth Rates"
13,21,960,"petite","second-15min",13,413,1982,98384,426,100366,1547,45746,209603,9933855,47293,10143458,"Equal Growth Rates"
13,22,960,"petite","second-15min",8,415,1349,98849,423,100198,1041,45893,142209,9996329,46934,10138538,"Equal Growth Rates"
13,23,960,"petite","second-15min",11,421,1642,98403,432,100045,1272,45578,173469,9932084,46850,10105553,"Equal Growth Rates"
13,24,960,"petite","second-15min",8,429,1252,98910,437,100162,996,45867,133152,10001144,46863,10134296,"Equal Growth Rates"
13,25,960,"petite","second-15min",5,426,609,99532,431,100141,484,46337,64277,10068779,46821,10133056,"Equal Growth Rates"
13,26,960,"petite","second-15min",6,433,896,99172,439,100068,693,46073,96105,10017965,46766,10114070,"Equal Growth Rates"
13,27,960,"petite","second-15min",7,413,1101,98931,420,100032,875,45981,117960,10005013,46856,10122973,"Equal Growth Rates"
13,28,960,"petite","second-15min",6,441,821,99446,447,100267,645,46267,87031,10058937,46912,10145968,"Equal Growth Rates"
13,29,960,"petite","second-15min",4,430,491,99657,434,100148,383,46453,52117,10091699,46836,10143816,"Equal Growth Rates"
13,30,960,"petite","second-15min",2,419,328,100306,421,100634,254,46665,35389,10148262,46919,10183651,"Equal Growth Rates"
13,31,960,"petite","second-15min",5,435,827,99285,440,100112,655,46215,88377,10031781,46870,10120158,"Equal Growth Rates"
13,32,960,"petite","second-15min",5,427,705,99387,432,100092,558,46105,74603,10045898,46663,10120501,"Equal Growth Rates"
13,33,960,"petite","second-15min",4,441,545,99593,445,100138,417,46306,57169,10072425,46723,10129594,"Equal Growth Rates"
25,1,955,"petite","second-15min",372,229,50128,50294,601,100422,38642,22799,5176539,4951120,61441,10127659,"Equal Growth Rates"
25,2,955,"petite","second-15min",313,221,46720,53342,534,100062,35360,24223,4819203,5248600,59583,10067803,"Equal Growth Rates"
25,3,955,"petite","second-15min",264,270,39040,61066,534,100106,29703,27700,4027815,6011750,57403,10039565,"Equal Growth Rates"
25,4,955,"petite","second-15min",228,284,34498,65923,512,100421,26104,29945,3550626,6494041,56049,10044667,"Equal Growth Rates"
25,5,955,"petite","second-15min",214,307,30485,69677,521,100162,23191,31506,3144756,6857041,54697,10001797,"Equal Growth Rates"
25,6,960,"petite","second-15min",183,305,26910,73166,488,100076,20877,33959,2842957,7395755,54836,10238712,"Equal Growth Rates"
25,7,960,"petite","second-15min",149,333,22318,77707,482,100025,17310,36264,2360621,7851581,53574,10212202,"Equal Growth Rates"
25,8,960,"petite","second-15min",121,346,16914,83167,467,100081,13209,38630,1790223,8402287,51839,10192510,"Equal Growth Rates"
25,9,960,"petite","second-15min",95,371,14019,86033,466,100052,10933,40067,1487028,8687152,51000,10174180,"Equal Growth Rates"
25,10,960,"petite","second-15min",72,381,9868,90271,453,100139,7720,41901,1040765,9124373,49621,10165138,"Equal Growth Rates"
25,11,960,"petite","second-15min",47,410,6218,93950,457,100168,4864,43689,660383,9479787,48553,10140170,"Equal Growth Rates"
25,12,960,"petite","second-15min",32,429,4064,96144,461,100208,3202,44561,431582,9713127,47763,10144709,"Equal Growth Rates"
25,13,960,"petite","second-15min",20,425,3003,97115,445,100118,2312,45204,318786,9809278,47516,10128064,"Equal Growth Rates"
25,14,960,"petite","second-15min",20,409,3332,96819,429,100151,2590,45000,352584,9772887,47590,10125471,"Equal Growth Rates"
25,15,960,"petite","second-15min",16,431,2431,97822,447,100253,1897,45387,257339,9879602,47284,10136941,"Equal Growth Rates"
25,16,960,"petite","second-15min",14,425,2001,98276,439,100277,1531,45808,212377,9933816,47339,10146193,"Equal Growth Rates"
25,17,960,"petite","second-15min",12,429,1854,98335,441,100189,1441,45638,195344,9944467,47079,10139811,"Equal Growth Rates"
25,18,960,"petite","second-15min",11,412,1651,98689,423,100340,1270,45903,173572,9960614,47173,10134186,"Equal Growth Rates"
25,19,960,"petite","second-15min",11,426,1766,98557,437,100323,1351,45829,186957,9973749,47180,10160706,"Equal Growth Rates"
25,20,960,"petite","second-15min",6,420,798,99303,426,100101,651,46068,85963,10029626,46719,10115589,"Equal Growth Rates"
25,21,960,"petite","second-15min",3,430,531,99573,433,100104,407,46096,55976,10071888,46503,10127864,"Equal Growth Rates"
25,22,960,"petite","second-15min",2,429,236,100185,431,100421,179,46516,24714,10112442,46695,10137156,"Equal Growth Rates"
25,23,960,"petite","second-15min",2,436,191,99910,438,100101,138,46409,19878,10090451,46547,10110329,"Equal Growth Rates"
25,24,960,"petite","second-15min",1,433,112,100001,434,100113,84,46562,11799,10112600,46646,10124399,"Equal Growth Rates"
22,1,955,"petite","second-15min",383,225,50083,50071,608,100154,38640,22628,5177108,4931443,61268,10108551,"Equal Growth Rates"
22,2,955,"petite","second-15min",330,221,47689,52408,551,100097,36201,23864,4927348,5159818,60065,10087166,"Equal Growth Rates"
22,3,955,"petite","second-15min",283,251,41720,58445,534,100165,31615,26495,4303629,5762338,58110,10065967,"Equal Growth Rates"
22,4,955,"petite","second-15min",235,289,33713,66388,524,100101,25556,30029,3468288,6534687,55585,10002975,"Equal Growth Rates"
22,5,960,"petite","second-15min",188,311,28873,71152,499,100025,22594,32925,3062654,7192332,55519,10254986,"Equal Growth Rates"
22,6,960,"petite","second-15min",167,336,22470,77757,503,100227,17595,36190,2377836,7857615,53785,10235451,"Equal Growth Rates"
22,7,960,"petite","second-15min",135,350,19046,81048,485,100094,14958,37560,2017526,8177472,52518,10194998,"Equal Growth Rates"
22,8,960,"petite","second-15min",96,393,14190,85962,489,100152,11006,39989,1506189,8680919,50995,10187108,"Equal Growth Rates"
22,9,960,"petite","second-15min",76,398,10893,89199,474,100092,8444,41604,1148644,9018350,50048,10166994,"Equal Growth Rates"
22,10,960,"petite","second-15min",59,393,8302,91975,452,100277,6375,42826,875839,9279500,49201,10155339,"Equal Growth Rates"
22,11,960,"petite","second-15min",38,406,5088,95067,444,100155,4006,44164,538299,9604128,48170,10142427,"Equal Growth Rates"
22,12,960,"petite","second-15min",27,414,4065,95984,441,100049,3163,44546,428883,9696111,47709,10124994,"Equal Growth Rates"
22,13,960,"petite","second-15min",10,428,1551,98708,438,100259,1207,45805,165200,9981634,47012,10146834,"Equal Growth Rates"
22,14,960,"petite","second-15min",7,432,811,99237,439,100048,651,46273,86451,10020378,46924,10106829,"Equal Growth Rates"
22,15,960,"petite","second-15min",4,431,544,99707,435,100251,447,46402,58004,10077341,46849,10135345,"Equal Growth Rates"
22,16,960,"petite","second-15min",4,439,585,99721,443,100306,447,46328,61428,10084237,46775,10145665,"Equal Growth Rates"
22,17,960,"petite","second-15min",8,432,1334,98904,440,100238,1029,46092,141934,9983203,47121,10125137,"Equal Growth Rates"
22,18,960,"petite","second-15min",7,406,1368,98704,413,100072,1048,45761,144175,9965608,46809,10109783,"Equal Growth Rates"
22,19,960,"petite","second-15min",4,428,538,99643,432,100181,442,46319,57666,10067241,46761,10124907,"Equal Growth Rates"
22,20,960,"petite","second-15min",4,420,517,99490,424,100007,408,46265,55202,10058171,46673,10113373,"Equal Growth Rates"
22,21,960,"petite","second-15min",6,443,822,99222,449,100044,637,46218,87398,10027353,46855,10114751,"Equal Growth Rates"
22,22,960,"petite","second-15min",8,441,950,99301,449,100251,720,46021,99645,10038956,46741,10138601,"Equal Growth Rates"
22,23,960,"petite","second-15min",3,430,372,99707,433,100079,287,46401,39490,10070296,46688,10109786,"Equal Growth Rates"
22,24,960,"petite","second-15min",1,441,269,99871,442,100140,208,46538,28914,10100320,46746,10129234,"Equal Growth Rates"
49,1,955,"petite","second-15min",371,244,50159,50338,615,100497,38701,22942,5184270,4957279,61643,10141549,"Equal Growth Rates"
49,2,955,"petite","second-15min",327,226,46784,53360,553,100144,35470,24216,4823253,5257457,59686,10080710,"Equal Growth Rates"
49,3,955,"petite","second-15min",286,253,42834,57175,539,100009,32521,25749,4415762,5630764,58270,10046526,"Equal Growth Rates"
49,4,955,"petite","second-15min",255,272,38397,61729,527,100126,29066,27905,3957781,6077490,56971,10035271,"Equal Growth Rates"
49,5,955,"petite","second-15min",233,294,33866,66286,527,100152,25578,29972,3489053,6526595,55550,10015648,"Equal Growth Rates"
49,6,960,"petite","second-15min",183,324,26308,73720,507,100028,20492,34373,2784236,7448620,54865,10232856,"Equal Growth Rates"
49,7,960,"petite","second-15min",156,341,21966,78147,497,100113,17061,36187,2328979,7890815,53248,10219794,"Equal Growth Rates"
49,8,960,"petite","second-15min",120,361,15901,84187,481,100088,12347,39150,1682512,8494724,51497,10177236,"Equal Growth Rates"
49,9,960,"petite","second-15min",69,390,10133,90109,459,100242,7903,41910,1072891,9102456,49813,10175347,"Equal Growth Rates"
49,10,960,"petite","second-15min",49,397,7267,92928,446,100195,5658,43338,769760,9392519,48996,10162279,"Equal Growth Rates"
49,11,960,"petite","second-15min",36,411,5800,94292,447,100092,4505,43885,616908,9529758,48390,10146666,"Equal Growth Rates"
47,1,955,"petite","second-15min",381,241,50087,50005,622,100092,38586,22613,5172385,4919468,61199,10091853,"Equal Growth Rates"
47,2,955,"petite","second-15min",271,244,39913,60415,515,100328,30224,27356,4116162,5953771,57580,10069933,"Equal Growth Rates"
47,3,960,"petite","second-15min",216,289,31495,68615,505,100110,24452,31703,3334264,6911757,56155,10246021,"Equal Growth Rates"
47,4,960,"petite","second-15min",183,308,28225,71907,491,100132,22060,33397,2992327,7261679,55457,10254006,"Equal Growth Rates"
47,5,960,"petite","second-15min",169,328,24835,75300,497,100135,19270,34900,2631521,7614778,54170,10246299,"Equal Growth Rates"
47,6,960,"petite","second-15min",147,360,21510,78835,507,100345,16716,36582,2271946,7967179,53298,10239125,"Equal Growth Rates"
47,7,960,"petite","second-15min",135,339,19778,80470,474,100248,15436,37267,2097296,8140623,52703,10237919,"Equal Growth Rates"
47,8,960,"petite","second-15min",105,364,14923,85275,469,100198,11571,39662,1578056,8610726,51233,10188782,"Equal Growth Rates"
47,9,960,"petite","second-15min",93,373,13692,86388,466,100080,10613,40213,1448733,8736069,50826,10184802,"Equal Growth Rates"
47,10,960,"petite","second-15min",79,388,11710,88357,467,100067,9142,41008,1239078,8922171,50150,10161249,"Equal Growth Rates"
47,11,960,"petite","second-15min",68,377,10037,90225,445,100262,7838,41921,1062725,9112334,49759,10175059,"Equal Growth Rates"
47,12,960,"petite","second-15min",62,395,8445,91579,457,100024,6591,42476,892397,9246290,49067,10138687,"Equal Growth Rates"
47,13,960,"petite","second-15min",55,411,6778,93405,466,100183,5287,43322,714330,9428604,48609,10142934,"Equal Growth Rates"
47,14,960,"petite","second-15min",36,416,5482,94684,452,100166,4259,43928,580458,9556959,48187,10137417,"Equal Growth Rates"
40,1,955,"petite","second-15min",354,233,50091,50194,587,100285,38514,22802,5167093,4953200,61316,10120293,"Equal Growth Rates"
40,2,955,"petite","second-15min",301,253,42887,57327,554,100214,32670,25990,4427892,5640078,58660,10067970,"Equal Growth Rates"
40,3,955,"petite","second-15min",249,272,36356,63667,521,100023,27552,28855,3748991,6265018,56407,10014009,"Equal Growth Rates"
40,4,960,"petite","second-15min",185,314,26650,73529,499,100179,20777,34001,2816069,7434665,54778,10250734,"Equal Growth Rates"
40,5,960,"petite","second-15min",143,338,21811,78505,481,100316,17035,36426,2310729,7937649,53461,10248378,"Equal Growth Rates"
40,6,960,"petite","second-15min",110,346,17039,83001,456,100040,13286,38688,1802718,8406173,51974,10208891,"Equal Growth Rates"
40,7,960,"petite","second-15min",93,388,13667,86551,481,100218,10586,40237,1438603,8746098,50823,10184701,"Equal Growth Rates"
40,8,960,"petite","second-15min",84,388,12498,87575,472,100073,9742,40926,1324534,8848309,50668,10172843,"Equal Growth Rates"
40,9,960,"petite","second-15min",58,400,8185,91964,458,100149,6364,42772,864610,9277380,49136,10141990,"Equal Growth Rates"
40,10,960,"petite","second-15min",38,413,5125,94917,451,100042,4034,44174,545168,9584694,48208,10129862,"Equal Growth Rates"
40,11,960,"petite","second-15min",32,411,4410,95762,443,100172,3408,44438,464921,9674148,47846,10139069,"Equal Growth Rates"
40,12,960,"petite","second-15min",21,416,2862,97309,437,100171,2221,45509,301800,9837273,47730,10139073,"Equal Growth Rates"
40,13,960,"petite","second-15min",13,431,1644,98405,444,100049,1303,45581,173954,9935992,46884,10109946,"Equal Growth Rates"
40,14,960,"petite","second-15min",5,427,741,99343,432,100084,585,46251,78731,10044389,46836,10123120,"Equal Growth Rates"
40,15,960,"petite","second-15min",4,431,410,99647,435,100057,305,46197,43278,10055082,46502,10098360,"Equal Growth Rates"
40,16,960,"petite","second-15min",3,433,552,99522,436,100074,430,46072,59216,10047785,46502,10107001,"Equal Growth Rates"
40,17,960,"petite","second-15min",3,425,449,99669,428,100118,343,46294,48714,10071340,46637,10120054,"Equal Growth Rates"
40,18,960,"petite","second-15min",5,438,701,99474,443,100175,551,46170,73454,10058595,46721,10132049,"Equal Growth Rates"
40,19,960,"petite","second-15min",2,423,158,99971,425,100129,127,46353,16543,10101754,46480,10118297,"Equal Growth Rates"
23,1,955,"petite","second-15min",359,224,50041,50191,583,100232,38641,22878,5177001,4948129,61519,10125130,"Equal Growth Rates"
23,2,955,"petite","second-15min",349,228,48527,51663,577,100190,36931,23442,4994690,5090201,60373,10084891,"Equal Growth Rates"
23,3,955,"petite","second-15min",272,255,41109,59079,527,100188,31092,26859,4235214,5815058,57951,10050272,"Equal Growth Rates"
23,4,955,"petite","second-15min",286,267,39683,60422,553,100105,30136,27392,4096375,5949873,57528,10046248,"Equal Growth Rates"
23,5,955,"petite","second-15min",228,289,33136,66963,517,100099,25271,30214,3423219,6593931,55485,10017150,"Equal Growth Rates"
23,6,960,"petite","second-15min",200,318,28180,71867,518,100047,21920,33478,2979867,7267806,55398,10247673,"Equal Growth Rates"
23,7,960,"petite","second-15min",174,312,26267,73854,486,100121,20490,34279,2782969,7460431,54769,10243400,"Equal Growth Rates"
23,8,960,"petite","second-15min",141,335,20178,79966,476,100144,15670,37280,2134721,8086975,52950,10221696,"Equal Growth Rates"
23,9,960,"petite","second-15min",107,374,15615,84782,481,100397,12116,39408,1650044,8559816,51524,10209860,"Equal Growth Rates"
23,10,960,"petite","second-15min",88,372,12527,87561,460,100088,9735,40710,1325380,8831253,50445,10156633,"Equal Growth Rates"
23,11,960,"petite","second-15min",67,399,9205,90822,466,100027,7208,42209,976102,9171449,49417,10147551,"Equal Growth Rates"
23,12,960,"petite","second-15min",46,390,6618,93521,436,100139,5171,43346,701663,9438850,48517,10140513,"Equal Growth Rates"
23,13,960,"petite","second-15min",27,415,4161,96055,442,100216,3222,44632,440026,9714751,47854,10154777,"Equal Growth Rates"
23,14,960,"petite","second-15min",20,410,2822,97231,430,100053,2196,45106,298243,9826281,47302,10124524,"Equal Growth Rates"
23,15,960,"petite","second-15min",28,404,4059,96042,432,100101,3154,44608,428876,9706133,47762,10135009,"Equal Growth Rates"
23,16,960,"petite","second-15min",17,425,2488,97801,442,100289,1972,45443,262989,9889269,47415,10152258,"Equal Growth Rates"
23,17,960,"petite","second-15min",11,420,1463,98994,431,100457,1146,45978,155881,10002616,47124,10158497,"Equal Growth Rates"
23,18,960,"petite","second-15min",5,424,797,99255,429,100052,616,46151,84642,10028209,46767,10112851,"Equal Growth Rates"
23,19,960,"petite","second-15min",1,447,112,99962,448,100074,85,46407,11900,10111481,46492,10123381,"Equal Growth Rates"
23,20,960,"petite","second-15min",1,432,52,100095,433,100147,40,46470,5421,10112490,46510,10117911,"Equal Growth Rates"
23,21,960,"petite","second-15min",1,436,107,99962,437,100069,82,46481,11056,10102579,46563,10113635,"Equal Growth Rates"
23,22,960,"petite","second-15min",1,430,108,99913,431,100021,92,46430,11511,10091886,46522,10103397,"Equal Growth Rates"
24,1,955,"petite","second-15min",366,229,50066,50130,595,100196,38695,22665,5178676,4938674,61360,10117350,"Equal Growth Rates"
24,2,955,"petite","second-15min",291,238,43753,56631,529,100384,33224,25558,4513157,5571423,58782,10084580,"Equal Growth Rates"
24,3,955,"petite","second-15min",268,260,39937,60108,528,100045,30207,27154,4117921,5920357,57361,10038278,"Equal Growth Rates"
24,4,955,"petite","second-15min",223,287,32778,67343,510,100121,24908,30436,3385948,6635933,55344,10021881,"Equal Growth Rates"
24,5,960,"petite","second-15min",203,304,29671,70414,507,100085,22991,32810,3133757,7120972,55801,10254729,"Equal Growth Rates"
24,6,960,"petite","second-15min",162,332,23640,76579,494,100219,18463,35492,2503491,7726128,53955,10229619,"Equal Growth Rates"
24,7,960,"petite","second-15min",138,343,19181,80941,481,100122,14957,37608,2030661,8182703,52565,10213364,"Equal Growth Rates"
24,8,960,"petite","second-15min",111,370,16286,84211,481,100497,12743,39076,1728273,8522209,51819,10250482,"Equal Growth Rates"
24,9,960,"petite","second-15min",89,380,13430,86905,469,100335,10466,40289,1420581,8777909,50755,10198490,"Equal Growth Rates"
24,10,960,"petite","second-15min",69,398,10026,90427,467,100453,7831,41856,1060954,9140687,49687,10201641,"Equal Growth Rates"
24,11,960,"petite","second-15min",43,400,6150,93940,443,100090,4833,43650,653513,9499730,48483,10153243,"Equal Growth Rates"
24,12,960,"petite","second-15min",34,403,5503,94514,437,100017,4265,43892,580702,9543162,48157,10123864,"Equal Growth Rates"
24,13,960,"petite","second-15min",22,421,3030,97009,443,100039,2371,45049,320776,9787543,47420,10108319,"Equal Growth Rates"
24,14,960,"petite","second-15min",23,429,3458,96701,452,100159,2703,44848,365294,9754775,47551,10120069,"Equal Growth Rates"
24,15,960,"petite","second-15min",20,424,2771,97347,444,100118,2106,45524,293405,9851668,47630,10145073,"Equal Growth Rates"
24,16,960,"petite","second-15min",13,424,1740,98281,437,100021,1374,45753,186603,9923655,47127,10110258,"Equal Growth Rates"
24,17,960,"petite","second-15min",8,436,1068,99247,444,100315,835,46031,113356,10036870,46866,10150226,"Equal Growth Rates"
24,18,960,"petite","second-15min",7,443,1138,99099,450,100237,891,46069,120387,10006648,46960,10127035,"Equal Growth Rates"
24,19,960,"petite","second-15min",10,432,1728,98272,442,100000,1344,45575,183664,9917207,46919,10100871,"Equal Growth Rates"
24,20,960,"petite","second-15min",9,426,1363,98940,435,100303,1092,45799,145516,9989458,46891,10134974,"Equal Growth Rates"
24,21,960,"petite","second-15min",11,427,1587,98611,438,100198,1250,45803,168472,9961618,47053,10130090,"Equal Growth Rates"
24,22,960,"petite","second-15min",5,433,692,99308,438,100000,542,45974,73696,10026957,46516,10100653,"Equal Growth Rates"
24,23,960,"petite","second-15min",3,438,263,99753,441,100016,208,46249,28228,10071496,46457,10099724,"Equal Growth Rates"
24,24,960,"petite","second-15min",4,438,575,99675,442,100250,436,46263,60459,10070373,46699,10130832,"Equal Growth Rates"
24,25,960,"petite","second-15min",3,420,568,99562,423,100130,438,46321,60452,10063084,46759,10123536,"Equal Growth Rates"
24,26,960,"petite","second-15min",4,422,469,99731,426,100200,359,46376,49103,10092590,46735,10141693,"Equal Growth Rates"
24,27,960,"petite","second-15min",2,426,208,99796,428,100004,171,46109,21757,10071326,46280,10093083,"Equal Growth Rates"
24,28,960,"petite","second-15min",1,441,186,99883,442,100069,147,46546,19736,10093771,46693,10113507,"Equal Growth Rates"
24,29,960,"petite","second-15min",2,435,205,99946,437,100151,162,46331,21920,10092700,46493,10114620,"Equal Growth Rates"
12,1,955,"petite","second-15min",372,227,50103,50045,599,100148,38621,22670,5174670,4928108,61291,10102778,"Equal Growth Rates"
12,2,955,"petite","second-15min",334,233,48338,52037,567,100375,36674,23571,4982339,5125616,60245,10107955,"Equal Growth Rates"
12,3,955,"petite","second-15min",300,240,43441,56770,540,100211,33025,25766,4484235,5582511,58791,10066746,"Equal Growth Rates"
12,4,955,"petite","second-15min",267,271,38977,61303,538,100280,29592,27752,4024089,6032106,57344,10056195,"Equal Growth Rates"
12,5,955,"petite","second-15min",224,295,32297,67855,519,100152,24485,30783,3332478,6686754,55268,10019232,"Equal Growth Rates"
12,6,960,"petite","second-15min",204,319,28911,71182,523,100093,22495,33094,3055224,7192988,55589,10248212,"Equal Growth Rates"
12,7,960,"petite","second-15min",166,341,23888,76291,507,100179,18757,35547,2532899,7701477,54304,10234376,"Equal Growth Rates"
12,8,960,"petite","second-15min",117,364,16096,83957,481,100053,12613,38951,1703967,8475958,51564,10179925,"Equal Growth Rates"
12,9,960,"petite","second-15min",106,371,15103,84990,477,100093,11813,39561,1604724,8587380,51374,10192104,"Equal Growth Rates"
12,10,960,"petite","second-15min",70,391,11137,88909,461,100046,8686,41352,1175395,8993953,50038,10169348,"Equal Growth Rates"
12,11,960,"petite","second-15min",53,393,8358,91736,446,100094,6505,42642,884706,9256823,49147,10141529,"Equal Growth Rates"
12,12,960,"petite","second-15min",58,384,8300,91944,442,100244,6490,42591,877509,9290309,49081,10167818,"Equal Growth Rates"
12,13,960,"petite","second-15min",54,401,8025,92057,455,100082,6252,42832,851716,9296549,49084,10148265,"Equal Growth Rates"
12,14,960,"petite","second-15min",46,412,6288,93851,458,100139,4890,43543,665262,9486257,48433,10151519,"Equal Growth Rates"
12,15,960,"petite","second-15min",31,412,4808,95216,443,100024,3790,44339,509279,9618706,48129,10127985,"Equal Growth Rates"
12,16,960,"petite","second-15min",19,422,2712,97434,441,100146,2150,45206,287015,9854608,47356,10141623,"Equal Growth Rates"
12,17,960,"petite","second-15min",18,433,2479,97660,451,100139,1942,45387,265623,9866364,47329,10131987,"Equal Growth Rates"
12,18,960,"petite","second-15min",13,426,2375,97712,439,100087,1832,45517,251668,9867531,47349,10119199,"Equal Growth Rates"
12,19,960,"petite","second-15min",9,438,1181,99357,447,100538,907,46194,124796,10040426,47101,10165222,"Equal Growth Rates"
12,20,960,"petite","second-15min",6,423,936,99340,429,100276,746,46077,99281,10032594,46823,10131875,"Equal Growth Rates"
12,21,960,"petite","second-15min",4,444,622,99446,448,100068,475,46266,64651,10054279,46741,10118930,"Equal Growth Rates"
12,22,960,"petite","second-15min",5,426,820,99204,431,100024,636,46195,86446,10031577,46831,10118023,"Equal Growth Rates"
12,23,960,"petite","second-15min",5,424,609,99721,429,100330,487,46242,64746,10069399,46729,10134145,"Equal Growth Rates"
12,24,960,"petite","second-15min",5,419,796,99277,424,100073,634,46167,84208,10027610,46801,10111818,"Equal Growth Rates"
12,25,960,"petite","second-15min",4,436,489,99526,440,100015,391,46207,52075,10065873,46598,10117948,"Equal Growth Rates"
12,26,960,"petite","second-15min",1,433,172,99857,434,100029,130,46391,17817,10068932,46521,10086749,"Equal Growth Rates"
15,1,955,"petite","second-15min",367,234,50005,50133,601,100138,38450,22714,5152000,4933163,61164,10085163,"Equal Growth Rates"
15,2,955,"petite","second-15min",331,229,48037,52097,560,100134,36493,23719,4953948,5142142,60212,10096090,"Equal Growth Rates"
15,3,955,"petite","second-15min",287,241,43131,56895,528,100026,32700,25670,4456789,5597224,58370,10054013,"Equal Growth Rates"
15,4,955,"petite","second-15min",235,291,33791,66433,526,100224,25748,30136,3499590,6549951,55884,10049541,"Equal Growth Rates"
15,5,960,"petite","second-15min",193,319,28074,71949,512,100023,21819,33603,2967172,7270678,55422,10237850,"Equal Growth Rates"
15,6,960,"petite","second-15min",146,341,21542,78561,487,100103,16812,36430,2281734,7928664,53242,10210398,"Equal Growth Rates"
15,7,960,"petite","second-15min",126,362,18296,81729,488,100025,14172,37928,1937872,8261238,52100,10199110,"Equal Growth Rates"
15,8,960,"petite","second-15min",103,363,14990,85026,466,100016,11715,39534,1586811,8587990,51249,10174801,"Equal Growth Rates"
15,9,960,"petite","second-15min",70,381,11248,88809,451,100057,8739,41184,1192837,8974830,49923,10167667,"Equal Growth Rates"
15,10,960,"petite","second-15min",67,384,10627,89717,451,100344,8244,41690,1120410,9070305,49934,10190715,"Equal Growth Rates"
15,11,960,"petite","second-15min",68,376,9420,90801,444,100221,7311,42312,1000216,9183265,49623,10183481,"Equal Growth Rates"
15,12,960,"petite","second-15min",42,421,7072,93081,463,100153,5534,43309,749216,9393169,48843,10142385,"Equal Growth Rates"
15,13,960,"petite","second-15min",40,405,6668,93490,445,100158,5167,43404,705269,9440913,48571,10146182,"Equal Growth Rates"
15,14,960,"petite","second-15min",37,402,5565,94475,439,100040,4359,43893,587933,9548642,48252,10136575,"Equal Growth Rates"
15,15,960,"petite","second-15min",25,420,3900,96142,445,100042,3003,44735,412652,9715885,47738,10128537,"Equal Growth Rates"
15,16,960,"petite","second-15min",16,423,2486,97615,439,100101,1919,45428,263014,9877159,47347,10140173,"Equal Growth Rates"
15,17,960,"petite","second-15min",11,440,1893,98502,451,100395,1500,45736,201981,9958389,47236,10160370,"Equal Growth Rates"
15,18,960,"petite","second-15min",11,429,1301,98860,440,100161,1013,45900,139193,9978356,46913,10117549,"Equal Growth Rates"
15,19,960,"petite","second-15min",5,420,706,99422,425,100128,539,46251,74181,10039199,46790,10113380,"Equal Growth Rates"
15,20,960,"petite","second-15min",4,413,553,99616,417,100169,445,46266,59700,10063316,46711,10123016,"Equal Growth Rates"
15,21,960,"petite","second-15min",3,445,461,99551,448,100012,360,46261,48948,10062003,46621,10110951,"Equal Growth Rates"
15,22,960,"petite","second-15min",5,445,671,99395,450,100066,512,46167,71020,10047004,46679,10118024,"Equal Growth Rates"
15,23,960,"petite","second-15min",5,440,848,99517,445,100365,669,46355,89930,10057431,47024,10147361,"Equal Growth Rates"
15,24,960,"petite","second-15min",4,436,589,99536,440,100125,497,46055,63275,10045921,46552,10109196,"Equal Growth Rates"
15,25,960,"petite","second-15min",2,443,319,99897,445,100216,241,46450,33228,10099359,46691,10132587,"Equal Growth Rates"
15,26,960,"petite","second-15min",3,427,520,99707,430,100227,399,46318,54382,10078727,46717,10133109,"Equal Growth Rates"
15,27,960,"petite","second-15min",1,419,125,99989,420,100114,102,46345,13383,10103002,46447,10116385,"Equal Growth Rates"
15,28,960,"petite","second-15min",1,421,106,100482,422,100588,85,46766,11090,10152676,46851,10163766,"Equal Growth Rates"
15,29,960,"petite","second-15min",1,426,246,100124,427,100370,200,46554,26210,10107591,46754,10133801,"Equal Growth Rates"
41,1,955,"petite","second-15min",363,228,50027,50127,591,100154,38476,22747,5156607,4932824,61223,10089431,"Equal Growth Rates"
41,2,955,"petite","second-15min",318,239,44841,55193,557,100034,34071,24832,4624313,5428363,58903,10052676,"Equal Growth Rates"
41,3,955,"petite","second-15min",262,268,37227,62842,530,100069,28218,28557,3840753,6182351,56775,10023104,"Equal Growth Rates"
41,4,955,"petite","second-15min",222,294,33043,66979,516,100022,25102,30396,3407539,6595394,55498,10002933,"Equal Growth Rates"
41,5,960,"petite","second-15min",191,310,26580,73666,501,100246,20552,34157,2815519,7437983,54709,10253502,"Equal Growth Rates"
41,6,960,"petite","second-15min",138,340,21142,78870,478,100012,16530,36682,2232351,7967182,53212,10199533,"Equal Growth Rates"
41,7,960,"petite","second-15min",116,371,16152,83871,487,100023,12505,38847,1710226,8463016,51352,10173242,"Equal Growth Rates"
41,8,960,"petite","second-15min",94,372,14098,85991,466,100089,10963,39864,1493872,8691551,50827,10185423,"Equal Growth Rates"
41,9,960,"petite","second-15min",68,385,8994,91403,453,100397,6988,42440,950069,9231741,49428,10181810,"Equal Growth Rates"
41,10,960,"petite","second-15min",44,409,6482,93635,453,100117,5042,43628,683226,9468848,48670,10152074,"Equal Growth Rates"
41,11,960,"petite","second-15min",35,406,5583,94626,441,100209,4286,44055,588577,9553811,48341,10142388,"Equal Growth Rates"
41,12,960,"petite","second-15min",25,427,3952,96259,452,100211,3083,44743,417552,9730180,47826,10147732,"Equal Growth Rates"
41,13,960,"petite","second-15min",14,432,1687,98514,446,100201,1308,45770,177986,9954648,47078,10132634,"Equal Growth Rates"
41,14,960,"petite","second-15min",10,424,1464,98558,434,100022,1149,45818,155523,9969472,46967,10124995,"Equal Growth Rates"
41,15,960,"petite","second-15min",8,436,1034,99013,444,100047,806,46237,109654,9997747,47043,10107401,"Equal Growth Rates"
41,16,960,"petite","second-15min",8,430,1137,99011,438,100148,892,46025,121100,10011726,46917,10132826,"Equal Growth Rates"
41,17,960,"petite","second-15min",7,424,967,99501,431,100468,767,46158,102780,10048174,46925,10150954,"Equal Growth Rates"
41,18,960,"petite","second-15min",7,436,996,99161,443,100157,762,46209,103777,10022736,46971,10126513,"Equal Growth Rates"
41,19,960,"petite","second-15min",8,435,1101,99016,443,100117,855,46088,115103,10010825,46943,10125928,"Equal Growth Rates"
41,20,960,"petite","second-15min",8,430,1400,98665,438,100065,1069,45880,147873,9962567,46949,10110440,"Equal Growth Rates"
41,21,960,"petite","second-15min",6,424,679,99601,430,100280,530,46175,72315,10063097,46705,10135412,"Equal Growth Rates"
41,22,960,"petite","second-15min",1,436,101,100253,437,100354,72,46605,10512,10138683,46677,10149195,"Equal Growth Rates"
46,1,955,"petite","second-15min",350,238,50061,50156,588,100217,38615,22679,5173538,4935842,61294,10109380,"Equal Growth Rates"
46,2,955,"petite","second-15min",318,237,45756,54248,555,100004,34695,24599,4715787,5337781,59294,10053568,"Equal Growth Rates"
46,3,955,"petite","second-15min",271,269,38516,61502,540,100018,29365,27755,3975617,6055207,57120,10030824,"Equal Growth Rates"
46,4,955,"petite","second-15min",210,296,32089,68190,506,100279,24301,30815,3312859,6722886,55116,10035745,"Equal Growth Rates"
46,5,960,"petite","second-15min",184,308,25937,74151,492,100088,20189,34393,2739949,7487115,54582,10227064,"Equal Growth Rates"
46,6,960,"petite","second-15min",150,350,21590,78490,500,100080,16773,36491,2284504,7923231,53264,10207735,"Equal Growth Rates"
46,7,960,"petite","second-15min",121,361,18128,82170,482,100298,14050,38267,1917544,8302796,52317,10220340,"Equal Growth Rates"
46,8,960,"petite","second-15min",88,374,12819,87234,462,100053,10041,40562,1361077,8808985,50603,10170062,"Equal Growth Rates"
46,9,960,"petite","second-15min",71,395,9479,90550,466,100029,7474,41969,1005576,9138650,49443,10144226,"Equal Growth Rates"
46,10,960,"petite","second-15min",55,391,8696,91505,446,100201,6785,42672,917236,9251056,49457,10168292,"Equal Growth Rates"
46,11,960,"petite","second-15min",41,418,6029,94247,459,100276,4726,43797,638525,9527521,48523,10166046,"Equal Growth Rates"
46,12,960,"petite","second-15min",40,409,6522,93480,449,100002,5106,43406,691318,9445323,48512,10136641,"Equal Growth Rates"
46,13,960,"petite","second-15min",26,408,3771,96386,434,100157,2875,44792,397391,9731118,47667,10128509,"Equal Growth Rates"
46,14,960,"petite","second-15min",13,414,1747,98349,427,100096,1362,45739,184572,9947601,47101,10132173,"Equal Growth Rates"
46,15,960,"petite","second-15min",9,423,1282,98979,432,100261,988,45916,134087,10005504,46904,10139591,"Equal Growth Rates"
46,16,960,"petite","second-15min",10,425,1512,98549,435,100061,1189,46007,160583,9957981,47196,10118564,"Equal Growth Rates"
46,17,960,"petite","second-15min",5,445,655,99413,450,100068,509,46109,69568,10040089,46618,10109657,"Equal Growth Rates"
48,1,955,"petite","second-15min",370,228,50179,50304,598,100483,38606,22695,5173419,4958398,61301,10131817,"Equal Growth Rates"
48,2,955,"petite","second-15min",300,243,43442,56622,543,100064,32987,25581,4484584,5583430,58568,10068014,"Equal Growth Rates"
48,3,955,"petite","second-15min",236,283,34883,65239,519,100122,26432,29610,3600768,6432888,56042,10033656,"Equal Growth Rates"
48,4,960,"petite","second-15min",181,315,26513,73600,496,100113,20690,34080,2814208,7440608,54770,10254816,"Equal Growth Rates"
48,5,960,"petite","second-15min",161,343,23717,76305,504,100022,18516,35482,2514858,7703682,53998,10218540,"Equal Growth Rates"
48,6,960,"petite","second-15min",135,348,20141,80106,483,100247,15675,37319,2128488,8090813,52994,10219301,"Equal Growth Rates"
48,7,960,"petite","second-15min",94,379,14142,85919,473,100061,11006,39837,1493281,8677451,50843,10170732,"Equal Growth Rates"
48,8,960,"petite","second-15min",78,381,11840,88295,459,100135,9298,41032,1253173,8914257,50330,10167430,"Equal Growth Rates"
48,9,960,"petite","second-15min",66,393,9255,90866,459,100121,7232,42199,979258,9176632,49431,10155890,"Equal Growth Rates"
48,10,960,"petite","second-15min",50,402,7540,92770,452,100310,5855,43151,795100,9376919,49006,10172019,"Equal Growth Rates"
48,11,960,"petite","second-15min",43,398,6167,94013,441,100180,4816,43923,654536,9503223,48739,10157759,"Equal Growth Rates"
48,12,960,"petite","second-15min",39,397,6182,93954,436,100136,4856,43790,658012,9501816,48646,10159828,"Equal Growth Rates"
48,13,960,"petite","second-15min",36,423,5417,94678,459,100095,4223,44054,578410,9570466,48277,10148876,"Equal Growth Rates"
33,1,955,"petite","second-15min",354,224,50082,50035,578,100117,38598,22694,5179480,4927970,61292,10107450,"Equal Growth Rates"
33,2,955,"petite","second-15min",323,229,45462,54749,552,100211,34396,24744,4697455,5390891,59140,10088346,"Equal Growth Rates"
33,3,955,"petite","second-15min",285,247,43392,56683,532,100075,33100,25686,4480021,5580754,58786,10060775,"Equal Growth Rates"
33,4,955,"petite","second-15min",231,291,33381,66696,522,100077,25288,30207,3438437,6565211,55495,10003648,"Equal Growth Rates"
33,5,960,"petite","second-15min",171,326,24124,76051,497,100175,18738,35279,2551615,7671650,54017,10223265,"Equal Growth Rates"
33,6,960,"petite","second-15min",149,342,21500,78587,491,100087,16754,36528,2275534,7931243,53282,10206777,"Equal Growth Rates"
33,7,960,"petite","second-15min",149,342,21729,78271,491,100000,16880,36291,2300502,7901470,53171,10201972,"Equal Growth Rates"
33,8,960,"petite","second-15min",126,359,18655,81451,485,100106,14462,37839,1974001,8221437,52301,10195438,"Equal Growth Rates"
33,9,960,"petite","second-15min",104,371,15494,84522,475,100016,11996,39113,1639121,8536620,51109,10175741,"Equal Growth Rates"
33,10,960,"petite","second-15min",81,388,12290,87936,469,100226,9588,40992,1301685,8893841,50580,10195526,"Equal Growth Rates"
33,11,960,"petite","second-15min",57,395,8761,91253,452,100014,6827,42616,930283,9229118,49443,10159401,"Equal Growth Rates"
33,12,960,"petite","second-15min",48,407,7237,92971,455,100208,5653,43031,768640,9385765,48684,10154405,"Equal Growth Rates"
33,13,960,"petite","second-15min",29,425,4133,96196,454,100329,3229,44669,441067,9726936,47898,10168003,"Equal Growth Rates"
33,14,960,"petite","second-15min",19,419,2858,97200,438,100058,2246,45197,302341,9812441,47443,10114782,"Equal Growth Rates"
33,15,960,"petite","second-15min",12,425,1852,98316,437,100168,1423,45699,195287,9928315,47122,10123602,"Equal Growth Rates"
33,16,960,"petite","second-15min",15,416,2204,97922,431,100126,1722,45571,232978,9906420,47293,10139398,"Equal Growth Rates"
33,17,960,"petite","second-15min",7,435,1026,99048,442,100074,780,46029,107550,10012426,46809,10119976,"Equal Growth Rates"
33,18,960,"petite","second-15min",8,432,1026,99100,440,100126,779,46090,108181,10021001,46869,10129182,"Equal Growth Rates"
33,19,960,"petite","second-15min",9,432,776,99570,441,100346,583,46256,81213,10055725,46839,10136938,"Equal Growth Rates"
33,20,960,"petite","second-15min",5,436,674,99885,441,100559,523,46382,71030,10092576,46905,10163606,"Equal Growth Rates"
33,21,960,"petite","second-15min",4,434,450,99820,438,100270,360,46458,48316,10086823,46818,10135139,"Equal Growth Rates"
9,1,955,"petite","second-15min",377,230,50251,50043,607,100294,38748,22709,5191845,4931197,61457,10123042,"Equal Growth Rates"
9,2,955,"petite","second-15min",286,244,40990,59023,530,100013,31031,26826,4227863,5805617,57857,10033480,"Equal Growth Rates"
9,3,955,"petite","second-15min",243,285,34723,65280,528,100003,26205,29699,3574004,6433866,55904,10007870,"Equal Growth Rates"
9,4,955,"petite","second-15min",215,300,31200,68997,515,100197,23656,31381,3223282,6798929,55037,10022211,"Equal Growth Rates"
9,5,960,"petite","second-15min",179,331,25234,74836,510,100070,19764,34639,2677244,7552267,54403,10229511,"Equal Growth Rates"
9,6,960,"petite","second-15min",161,337,22955,77160,498,100115,17889,35773,2427138,7804838,53662,10231976,"Equal Growth Rates"
9,7,960,"petite","second-15min",130,352,19028,81213,482,100241,14933,37619,2017076,8191340,52552,10208416,"Equal Growth Rates"
9,8,960,"petite","second-15min",118,364,17180,83064,482,100244,13352,38548,1823923,8392277,51900,10216200,"Equal Growth Rates"
9,9,960,"petite","second-15min",102,380,13416,86713,482,100129,10453,40285,1418694,8762264,50738,10180958,"Equal Growth Rates"
9,10,960,"petite","second-15min",72,397,10114,90000,469,100114,7857,41935,1067189,9100417,49792,10167606,"Equal Growth Rates"
9,11,960,"petite","second-15min",65,417,8897,91291,482,100188,6878,42488,939491,9229237,49366,10168728,"Equal Growth Rates"
9,12,960,"petite","second-15min",45,404,6140,93954,449,100094,4801,43589,647844,9500021,48390,10147865,"Equal Growth Rates"
9,13,960,"petite","second-15min",46,402,7084,92948,448,100032,5549,43326,752688,9390745,48875,10143433,"Equal Growth Rates"
9,14,960,"petite","second-15min",27,427,3723,96379,454,100102,2920,44783,396595,9742131,47703,10138726,"Equal Growth Rates"
9,15,960,"petite","second-15min",24,410,3501,96658,434,100159,2733,44890,369482,9762926,47623,10132408,"Equal Growth Rates"
9,16,960,"petite","second-15min",14,419,1970,98222,433,100192,1541,45723,209211,9934692,47264,10143903,"Equal Growth Rates"
9,17,960,"petite","second-15min",14,425,1953,98397,439,100350,1542,45838,208267,9945904,47380,10154171,"Equal Growth Rates"
9,18,960,"petite","second-15min",10,432,1396,98823,442,100219,1080,45987,146353,9974383,47067,10120736,"Equal Growth Rates"
9,19,960,"petite","second-15min",15,434,2335,97673,449,100008,1826,45449,246844,9864202,47275,10111046,"Equal Growth Rates"
9,20,960,"petite","second-15min",18,415,2646,97471,433,100117,2019,45202,280674,9844887,47221,10125561,"Equal Growth Rates"
9,21,960,"petite","second-15min",9,427,1471,98847,436,100318,1162,46032,156897,9989618,47194,10146515,"Equal Growth Rates"
9,22,960,"petite","second-15min",7,420,1064,99014,427,100078,832,45975,112411,9999300,46807,10111711,"Equal Growth Rates"
9,23,960,"petite","second-15min",10,419,1442,98672,429,100114,1151,45943,153950,9970245,47094,10124195,"Equal Growth Rates"
9,24,960,"petite","second-15min",10,423,1404,98596,433,100000,1094,45834,149383,9963911,46928,10113294,"Equal Growth Rates"
9,25,960,"petite","second-15min",7,444,689,99330,451,100019,544,46240,73043,10039290,46784,10112333,"Equal Growth Rates"
9,26,960,"petite","second-15min",2,425,335,99800,427,100135,262,46474,35201,10072408,46736,10107609,"Equal Growth Rates"
9,27,960,"petite","second-15min",1,436,220,99997,437,100217,156,46416,22527,10098505,46572,10121032,"Equal Growth Rates"
9,28,960,"petite","second-15min",1,433,168,99951,434,100119,123,46529,17532,10100766,46652,10118298,"Equal Growth Rates"
9,29,960,"petite","second-15min",1,427,147,99945,428,100092,110,46585,15082,10102337,46695,10117419,"Equal Growth Rates"
34,1,955,"petite","second-15min",363,235,50035,50159,598,100194,38473,22662,5157608,4945439,61135,10103047,"Equal Growth Rates"
34,2,955,"petite","second-15min",273,241,41181,58909,514,100090,31306,26588,4245563,5801506,57894,10047069,"Equal Growth Rates"
34,3,955,"petite","second-15min",243,275,35500,64689,518,100189,26983,29399,3667683,6380257,56382,10047940,"Equal Growth Rates"
34,4,960,"petite","second-15min",209,292,31344,68675,501,100019,24398,31966,3319934,6933740,56364,10253674,"Equal Growth Rates"
34,5,960,"petite","second-15min",187,316,27612,72523,503,100135,21538,33585,2922295,7319744,55123,10242039,"Equal Growth Rates"
34,6,960,"petite","second-15min",163,332,23231,76909,495,100140,18144,35687,2461742,7771282,53831,10233024,"Equal Growth Rates"
34,7,960,"petite","second-15min",125,362,18176,81979,487,100155,14169,38189,1920573,8297716,52358,10218289,"Equal Growth Rates"
34,8,960,"petite","second-15min",89,387,12283,87874,476,100157,9546,40953,1299243,8897410,50499,10196653,"Equal Growth Rates"
34,9,960,"petite","second-15min",70,383,10522,89511,453,100033,8116,41643,1112289,9047733,49759,10160022,"Equal Growth Rates"
34,10,960,"petite","second-15min",51,414,7076,93173,465,100249,5480,43335,749049,9424325,48815,10173374,"Equal Growth Rates"
34,11,960,"petite","second-15min",49,402,6654,93655,451,100309,5134,43459,703568,9459134,48593,10162702,"Equal Growth Rates"
34,12,960,"petite","second-15min",41,397,6293,93918,438,100211,4900,43668,665093,9490160,48568,10155253,"Equal Growth Rates"
34,13,960,"petite","second-15min",48,401,7185,93040,449,100225,5643,43381,759027,9403907,49024,10162934,"Equal Growth Rates"
34,14,960,"petite","second-15min",40,417,6438,93915,457,100353,5014,43500,680194,9490960,48514,10171154,"Equal Growth Rates"
34,15,960,"petite","second-15min",45,407,6522,93521,452,100043,5098,43400,688530,9443187,48498,10131717,"Equal Growth Rates"
34,16,960,"petite","second-15min",40,400,5179,95131,440,100310,4037,44155,549376,9611330,48192,10160706,"Equal Growth Rates"
34,17,960,"petite","second-15min",36,416,5256,94752,452,100008,4080,43935,558242,9570497,48015,10128739,"Equal Growth Rates"
34,18,960,"petite","second-15min",31,410,4030,96196,441,100226,3174,44611,425556,9720103,47785,10145659,"Equal Growth Rates"
34,19,960,"petite","second-15min",25,417,3157,96960,442,100117,2482,45069,334400,9790661,47551,10125061,"Equal Growth Rates"
34,20,960,"petite","second-15min",20,403,2680,97553,423,100233,2094,45371,282882,9861785,47465,10144667,"Equal Growth Rates"
34,21,960,"petite","second-15min",14,417,1898,98235,431,100133,1481,45657,201142,9926748,47138,10127890,"Equal Growth Rates"
34,22,960,"petite","second-15min",7,422,1106,99067,429,100173,883,45886,118232,10001347,46769,10119579,"Equal Growth Rates"
34,23,960,"petite","second-15min",6,441,1068,99048,447,100116,842,46141,113443,10006874,46983,10120317,"Equal Growth Rates"
34,24,960,"petite","second-15min",3,417,413,99906,420,100319,325,46284,43497,10090263,46609,10133760,"Equal Growth Rates"
34,25,960,"petite","second-15min",1,426,98,99981,427,100079,68,46631,9836,10093396,46699,10103232,"Equal Growth Rates"
34,26,960,"petite","second-15min",1,441,127,100298,442,100425,100,46688,13094,10128925,46788,10142019,"Equal Growth Rates"
34,27,960,"petite","second-15min",1,444,91,100266,445,100357,75,46716,9852,10130816,46791,10140668,"Equal Growth Rates"
7,1,955,"petite","second-15min",370,229,50049,50015,599,100064,38564,22628,5160166,4926077,61192,10086243,"Equal Growth Rates"
7,2,955,"petite","second-15min",317,235,45933,54182,552,100115,34828,24528,4730117,5335186,59356,10065303,"Equal Growth Rates"
7,3,955,"petite","second-15min",273,261,40628,59396,534,100024,30771,26814,4193449,5845872,57585,10039321,"Equal Growth Rates"
7,4,955,"petite","second-15min",256,261,40357,59799,517,100156,30634,27100,4162303,5893288,57734,10055591,"Equal Growth Rates"
7,5,955,"petite","second-15min",230,302,33248,67117,532,100365,25304,30339,3426854,6609685,55643,10036539,"Equal Growth Rates"
7,6,960,"petite","second-15min",183,319,27646,72538,502,100184,21596,33669,2929347,7327632,55265,10256979,"Equal Growth Rates"
7,7,960,"petite","second-15min",154,335,22923,77170,489,100093,17855,35868,2426267,7790058,53723,10216325,"Equal Growth Rates"
7,8,960,"petite","second-15min",144,335,21128,78891,479,100019,16311,36619,2229509,7950930,52930,10180439,"Equal Growth Rates"
7,9,960,"petite","second-15min",126,347,19547,80453,473,100000,15238,37344,2058005,8119927,52582,10177932,"Equal Growth Rates"
7,10,960,"petite","second-15min",118,364,16905,83155,482,100060,13222,38612,1789675,8406531,51834,10196206,"Equal Growth Rates"
7,11,960,"petite","second-15min",87,390,11527,88545,477,100072,9044,41150,1222579,8950234,50194,10172813,"Equal Growth Rates"
7,12,960,"petite","second-15min",67,380,9722,90435,447,100157,7563,41956,1027204,9146512,49519,10173716,"Equal Growth Rates"
7,13,960,"petite","second-15min",48,411,6954,93281,459,100235,5388,43405,733173,9416912,48793,10150085,"Equal Growth Rates"
7,14,960,"petite","second-15min",38,419,5053,94949,457,100002,3891,44135,536719,9593343,48026,10130062,"Equal Growth Rates"
7,15,960,"petite","second-15min",31,410,4376,95715,441,100091,3395,44451,460753,9666426,47846,10127179,"Equal Growth Rates"
7,16,960,"petite","second-15min",19,414,2829,97449,433,100278,2206,45290,298388,9859646,47496,10158034,"Equal Growth Rates"
7,17,960,"petite","second-15min",11,420,1517,98666,431,100183,1190,45749,160119,9960540,46939,10120659,"Equal Growth Rates"
7,18,960,"petite","second-15min",8,418,1048,99075,426,100123,808,45920,110259,9995794,46728,10106053,"Equal Growth Rates"
7,19,960,"petite","second-15min",4,422,543,99594,426,100137,404,46214,56277,10060620,46618,10116897,"Equal Growth Rates"
7,20,960,"petite","second-15min",2,430,419,99728,432,100147,322,46327,44219,10080087,46649,10124306,"Equal Growth Rates"
7,21,960,"petite","second-15min",2,430,451,99874,432,100325,355,46472,47557,10097886,46827,10145443,"Equal Growth Rates"
7,22,960,"petite","second-15min",1,447,95,99923,448,100018,73,46345,10177,10087746,46418,10097923,"Equal Growth Rates"
6,1,955,"petite","second-15min",368,240,50001,50062,608,100063,38502,22788,5158183,4936198,61290,10094381,"Equal Growth Rates"
6,2,955,"petite","second-15min",303,247,43230,56883,550,100113,32742,25659,4463454,5606054,58401,10069508,"Equal Growth Rates"
6,3,955,"petite","second-15min",252,286,36616,63547,538,100163,27587,28698,3779760,6257711,56285,10037471,"Equal Growth Rates"
6,4,960,"petite","second-15min",207,299,29831,70172,506,100003,23456,32659,3156921,7088930,56115,10245851,"Equal Growth Rates"
6,5,960,"petite","second-15min",169,345,23447,76765,514,100212,18283,35881,2476836,7772239,54164,10249075,"Equal Growth Rates"
6,6,960,"petite","second-15min",112,351,16094,83953,463,100047,12548,39016,1703410,8492950,51564,10196360,"Equal Growth Rates"
6,7,960,"petite","second-15min",92,373,12752,87299,465,100051,9968,40513,1352593,8822861,50481,10175454,"Equal Growth Rates"
6,8,960,"petite","second-15min",55,397,8837,91292,452,100129,6822,42416,934091,9223267,49238,10157358,"Equal Growth Rates"
6,9,960,"petite","second-15min",49,404,7555,92552,453,100107,5894,42959,802094,9344583,48853,10146677,"Equal Growth Rates"
6,10,960,"petite","second-15min",36,405,6387,94188,441,100575,4912,43678,676111,9521319,48590,10197430,"Equal Growth Rates"
6,11,960,"petite","second-15min",32,418,4219,95889,450,100108,3296,44575,447873,9698316,47871,10146189,"Equal Growth Rates"
6,12,960,"petite","second-15min",21,433,3144,97015,454,100159,2474,44988,335048,9800486,47462,10135534,"Equal Growth Rates"
6,13,960,"petite","second-15min",13,426,1390,98661,439,100051,1083,45917,147442,9961990,47000,10109432,"Equal Growth Rates"
6,14,960,"petite","second-15min",3,426,343,99802,429,100145,265,46270,36032,10083838,46535,10119870,"Equal Growth Rates"
1,1,955,"petite","second-15min",361,227,50026,50091,588,100117,38671,22680,5176940,4932105,61351,10109045,"Equal Growth Rates"
1,2,955,"petite","second-15min",314,243,44137,56230,557,100367,33420,25478,4548945,5534849,58898,10083794,"Equal Growth Rates"
1,3,955,"petite","second-15min",264,265,38062,62020,529,100082,28747,28056,3928049,6104769,56803,10032818,"Equal Growth Rates"
1,4,955,"petite","second-15min",241,302,33900,66183,543,100083,25777,29821,3497069,6515964,55598,10013033,"Equal Growth Rates"
1,5,960,"petite","second-15min",194,299,28482,71660,493,100142,22058,33284,3008961,7241822,55342,10250783,"Equal Growth Rates"
1,6,960,"petite","second-15min",155,339,22437,77720,494,100157,17468,36009,2369465,7836625,53477,10206090,"Equal Growth Rates"
1,7,960,"petite","second-15min",128,358,17694,82327,486,100021,13804,38226,1871217,8320681,52030,10191898,"Equal Growth Rates"
1,8,960,"petite","second-15min",89,385,12668,87399,474,100067,9876,40755,1339200,8838697,50631,10177897,"Equal Growth Rates"
1,9,960,"petite","second-15min",66,400,8945,91237,466,100182,7041,42454,948479,9216454,49495,10164933,"Equal Growth Rates"
1,10,960,"petite","second-15min",41,417,5626,94643,458,100269,4388,43964,595210,9559388,48352,10154598,"Equal Growth Rates"
1,11,960,"petite","second-15min",22,404,3295,96847,426,100142,2639,45015,350774,9784924,47654,10135698,"Equal Growth Rates"
1,12,960,"petite","second-15min",17,419,2253,97899,436,100152,1765,45571,237525,9886812,47336,10124337,"Equal Growth Rates"
1,13,960,"petite","second-15min",9,430,1397,98613,439,100010,1084,45943,147784,9959513,47027,10107297,"Equal Growth Rates"
1,14,960,"petite","second-15min",13,425,1695,98358,438,100053,1294,45732,178722,9930270,47026,10108992,"Equal Growth Rates"
1,15,960,"petite","second-15min",15,422,2375,97777,437,100152,1842,45672,251392,9877733,47514,10129125,"Equal Growth Rates"
1,16,960,"petite","second-15min",12,428,1880,98321,440,100201,1441,45616,199436,9926602,47057,10126038,"Equal Growth Rates"
1,17,960,"petite","second-15min",13,425,1950,98576,438,100526,1551,46058,205978,9972243,47609,10178221,"Equal Growth Rates"
1,18,960,"petite","second-15min",12,431,1868,98439,443,100307,1434,45726,197541,9947827,47160,10145368,"Equal Growth Rates"
1,19,960,"petite","second-15min",5,430,689,99316,435,100005,538,46175,72998,10047096,46713,10120094,"Equal Growth Rates"
1,20,960,"petite","second-15min",3,417,433,99874,420,100307,339,46432,44858,10094423,46771,10139281,"Equal Growth Rates"
1,21,960,"petite","second-15min",1,432,129,100101,433,100230,106,46532,13922,10113137,46638,10127059,"Equal Growth Rates"
8,1,955,"petite","second-15min",370,228,50085,50396,598,100481,38452,22796,5158884,4959752,61248,10118636,"Equal Growth Rates"
8,2,955,"petite","second-15min",295,251,42719,57464,546,100183,32426,25974,4404584,5658088,58400,10062672,"Equal Growth Rates"
8,3,955,"petite","second-15min",243,284,36254,63769,527,100023,27391,28870,3732169,6281289,56261,10013458,"Equal Growth Rates"
8,4,955,"petite","second-15min",199,307,29764,70600,506,100364,22553,32113,3072368,6952728,54666,10025096,"Equal Growth Rates"
8,5,960,"petite","second-15min",180,319,27050,73029,499,100079,21133,33880,2862189,7368791,55013,10230980,"Equal Growth Rates"
8,6,960,"petite","second-15min",133,348,20244,80014,481,100258,15826,37145,2148709,8092083,52971,10240792,"Equal Growth Rates"
8,7,960,"petite","second-15min",122,364,17155,82992,486,100147,13468,38693,1819985,8387729,52161,10207714,"Equal Growth Rates"
8,8,960,"petite","second-15min",87,396,12263,87833,483,100096,9588,40625,1297934,8872024,50213,10169958,"Equal Growth Rates"
8,9,960,"petite","second-15min",64,397,9651,90549,461,100200,7526,42209,1023047,9154229,49735,10177276,"Equal Growth Rates"
8,10,960,"petite","second-15min",51,408,7736,92417,459,100153,5978,43075,813440,9343773,49053,10157213,"Equal Growth Rates"
8,11,960,"petite","second-15min",41,419,6129,94108,460,100237,4799,43732,648338,9516982,48531,10165320,"Equal Growth Rates"
8,12,960,"petite","second-15min",33,406,4920,95368,439,100288,3816,44157,520529,9633193,47973,10153722,"Equal Growth Rates"
8,13,960,"petite","second-15min",24,412,3249,96914,436,100163,2569,44959,343815,9792656,47528,10136471,"Equal Growth Rates"
8,14,960,"petite","second-15min",15,420,1959,98089,435,100048,1518,45501,207559,9905007,47019,10112566,"Equal Growth Rates"
8,15,960,"petite","second-15min",10,409,1120,99216,419,100336,892,45968,120235,10018948,46860,10139183,"Equal Growth Rates"
8,16,960,"petite","second-15min",3,430,476,99785,433,100261,376,46219,49978,10077836,46595,10127814,"Equal Growth Rates"
8,17,960,"petite","second-15min",1,429,246,99848,430,100094,198,46319,26005,10085335,46517,10111340,"Equal Growth Rates"
8,18,960,"petite","second-15min",1,443,116,100078,444,100194,86,46414,11970,10117489,46500,10129459,"Equal Growth Rates"
35,1,955,"petite","second-15min",361,226,50067,50020,587,100087,38645,22664,5164420,4921555,61309,10085975,"Equal Growth Rates"
35,2,955,"petite","second-15min",295,246,41858,58223,541,100081,31653,26369,4316452,5739052,58022,10055504,"Equal Growth Rates"
35,3,955,"petite","second-15min",232,273,34563,65540,505,100103,26155,29623,3560426,6462882,55778,10023308,"Equal Growth Rates"
35,4,955,"petite","second-15min",213,309,30427,69930,522,100357,23204,31772,3144544,6896563,54976,10041107,"Equal Growth Rates"
35,5,960,"petite","second-15min",161,327,23350,76708,488,100058,18154,35656,2467272,7743073,53810,10210345,"Equal Growth Rates"
35,6,960,"petite","second-15min",112,373,15295,84796,485,100091,11895,39483,1618618,8565890,51378,10184508,"Equal Growth Rates"
35,7,960,"petite","second-15min",86,374,11607,88825,460,100432,9140,41241,1233402,8972562,50381,10205964,"Equal Growth Rates"
35,8,960,"petite","second-15min",58,398,8745,91323,456,100068,6846,42546,925630,9235885,49392,10161515,"Equal Growth Rates"
35,9,960,"petite","second-15min",44,406,6799,93226,450,100025,5302,43460,716398,9424744,48762,10141142,"Equal Growth Rates"
35,10,960,"petite","second-15min",47,404,6696,93599,451,100295,5224,43511,709516,9459615,48735,10169131,"Equal Growth Rates"
35,11,960,"petite","second-15min",38,409,5233,94991,447,100224,4049,44121,551047,9601523,48170,10152570,"Equal Growth Rates"
35,12,960,"petite","second-15min",27,425,3838,96167,452,100005,2982,44807,406358,9715739,47789,10122097,"Equal Growth Rates"
35,13,960,"petite","second-15min",21,432,2832,97212,453,100044,2201,45282,299388,9823794,47483,10123182,"Equal Growth Rates"
35,14,960,"petite","second-15min",15,432,1802,98361,447,100163,1405,45712,193614,9932521,47117,10126135,"Equal Growth Rates"
35,15,960,"petite","second-15min",10,434,1481,98523,444,100004,1157,45800,156376,9954736,46957,10111112,"Equal Growth Rates"
35,16,960,"petite","second-15min",6,432,822,99223,438,100045,652,46009,87315,10020693,46661,10108008,"Equal Growth Rates"
35,17,960,"petite","second-15min",5,431,744,99278,436,100022,579,46010,78349,10027657,46589,10106006,"Equal Growth Rates"
35,18,960,"petite","second-15min",2,449,170,99879,451,100049,134,46326,18069,10081479,46460,10099548,"Equal Growth Rates"
35,19,960,"petite","second-15min",1,429,308,99976,430,100284,237,46483,32633,10098427,46720,10131060,"Equal Growth Rates"
32,1,955,"petite","second-15min",366,223,50100,50141,589,100241,38587,22728,5165654,4941003,61315,10106657,"Equal Growth Rates"
32,2,955,"petite","second-15min",301,240,42565,57629,541,100194,32230,26071,4391239,5673963,58301,10065202,"Equal Growth Rates"
32,3,955,"petite","second-15min",267,270,37566,62687,537,100253,28582,28419,3884537,6175941,57001,10060478,"Equal Growth Rates"
32,4,955,"petite","second-15min",228,296,32438,67562,524,100000,24602,30609,3343404,6658040,55211,10001444,"Equal Growth Rates"
32,5,955,"petite","second-15min",207,296,30474,69930,503,100404,23128,31684,3140099,6886673,54812,10026772,"Equal Growth Rates"
32,6,960,"petite","second-15min",178,319,26894,73228,497,100122,20943,33944,2847307,7397995,54887,10245302,"Equal Growth Rates"
32,7,960,"petite","second-15min",160,331,23571,76592,491,100163,18369,35643,2496839,7736016,54012,10232855,"Equal Growth Rates"
32,8,960,"petite","second-15min",139,347,19404,80681,486,100085,15105,37364,2056025,8146040,52469,10202065,"Equal Growth Rates"
32,9,960,"petite","second-15min",107,374,15693,84484,481,100177,12220,39403,1656695,8533226,51623,10189921,"Equal Growth Rates"
32,10,960,"petite","second-15min",84,380,11749,88287,464,100036,9234,40973,1243733,8923271,50207,10167004,"Equal Growth Rates"
32,11,960,"petite","second-15min",66,389,8974,91387,455,100361,6928,42487,950426,9236874,49415,10187300,"Equal Growth Rates"
32,12,960,"petite","second-15min",38,408,5360,94813,446,100173,4200,44041,570188,9585995,48241,10156183,"Equal Growth Rates"
32,13,960,"petite","second-15min",37,416,5841,94249,453,100090,4576,43653,619257,9522948,48229,10142205,"Equal Growth Rates"
32,14,960,"petite","second-15min",38,410,5778,94628,448,100406,4487,43910,611754,9555067,48397,10166821,"Equal Growth Rates"
32,15,960,"petite","second-15min",40,413,5077,95001,453,100078,3970,44114,537511,9600817,48084,10138328,"Equal Growth Rates"
32,16,960,"petite","second-15min",30,420,4062,96184,450,100246,3140,44619,428156,9723339,47759,10151495,"Equal Growth Rates"
32,17,960,"petite","second-15min",34,418,4792,95545,452,100337,3717,44390,506189,9656911,48107,10163100,"Equal Growth Rates"
32,18,960,"petite","second-15min",20,423,3001,97040,443,100041,2374,45109,318226,9798124,47483,10116350,"Equal Growth Rates"
32,19,960,"petite","second-15min",12,434,1428,98659,446,100087,1088,45891,150191,9969767,46979,10119958,"Equal Growth Rates"
32,20,960,"petite","second-15min",11,424,1575,98535,435,100110,1226,45682,166396,9946167,46908,10112563,"Equal Growth Rates"
32,21,960,"petite","second-15min",10,435,1547,98681,445,100228,1193,45849,164306,9963507,47042,10127813,"Equal Growth Rates"
32,22,960,"petite","second-15min",10,414,1561,98508,424,100069,1179,45737,166247,9952560,46916,10118807,"Equal Growth Rates"
32,23,960,"petite","second-15min",13,429,1867,98287,442,100154,1495,45617,197269,9927237,47112,10124506,"Equal Growth Rates"
32,24,960,"petite","second-15min",10,435,1382,98905,445,100287,1081,45985,145691,9991926,47066,10137617,"Equal Growth Rates"
32,25,960,"petite","second-15min",6,428,830,99331,434,100161,637,46061,87283,10027733,46698,10115016,"Equal Growth Rates"
32,26,960,"petite","second-15min",6,433,1016,99380,439,100396,787,46251,106287,10042270,47038,10148557,"Equal Growth Rates"
32,27,960,"petite","second-15min",5,436,807,99329,441,100136,617,46019,85803,10033386,46636,10119189,"Equal Growth Rates"
32,28,960,"petite","second-15min",11,431,1470,98601,442,100071,1117,45780,155688,9960141,46897,10115829,"Equal Growth Rates"
32,29,960,"petite","second-15min",6,436,791,99704,442,100495,639,46415,84902,10062333,47054,10147235,"Equal Growth Rates"
32,30,960,"petite","second-15min",4,430,779,99618,434,100397,602,46217,82143,10052641,46819,10134784,"Equal Growth Rates"
32,31,960,"petite","second-15min",3,430,446,99561,433,100007,341,46296,47444,10053996,46637,10101440,"Equal Growth Rates"
32,32,960,"petite","second-15min",5,437,794,99251,442,100045,613,46206,82989,10030417,46819,10113406,"Equal Growth Rates"
32,33,960,"petite","second-15min",7,436,879,99301,443,100180,669,45982,91712,10007766,46651,10099478,"Equal Growth Rates"
32,34,960,"petite","second-15min",5,439,823,99296,444,100119,616,46069,87026,10024168,46685,10111194,"Equal Growth Rates"
32,35,960,"petite","second-15min",7,418,928,99180,425,100108,733,46178,98907,10023980,46911,10122887,"Equal Growth Rates"
32,36,960,"petite","second-15min",2,437,619,99929,439,100548,469,46338,65672,10099563,46807,10165235,"Equal Growth Rates"
32,37,960,"petite","second-15min",5,423,922,99182,428,100104,716,46216,97870,10027921,46932,10125791,"Equal Growth Rates"
32,38,960,"petite","second-15min",3,432,382,99769,435,100151,295,46207,40026,10079844,46502,10119870,"Equal Growth Rates"
32,39,960,"petite","second-15min",1,422,141,100047,423,100188,95,46386,14351,10121336,46481,10135687,"Equal Growth Rates"
50,1,955,"petite","second-15min",362,229,50015,50125,591,100140,38636,22596,5166631,4935580,61232,10102211,"Equal Growth Rates"
50,2,955,"petite","second-15min",313,252,44928,55607,565,100535,34241,25118,4647249,5484972,59359,10132221,"Equal Growth Rates"
50,3,955,"petite","second-15min",252,282,36658,63672,534,100330,28061,28688,3781703,6263600,56749,10045303,"Equal Growth Rates"
50,4,955,"petite","second-15min",235,291,33632,66427,526,100059,25574,30117,3470930,6561485,55691,10032415,"Equal Growth Rates"
50,5,955,"petite","second-15min",209,313,29962,70358,522,100320,22803,31912,3095894,6925786,54715,10021680,"Equal Growth Rates"
43,1,955,"petite","second-15min",381,228,50083,50113,609,100196,38710,22775,5173392,4940138,61485,10113530,"Equal Growth Rates"
43,2,955,"petite","second-15min",322,244,46534,53549,566,100083,35300,24161,4799708,5271608,59461,10071316,"Equal Growth Rates"
43,3,955,"petite","second-15min",277,250,40454,59669,527,100123,30845,26910,4176307,5876175,57755,10052482,"Equal Growth Rates"
43,4,955,"petite","second-15min",237,271,35803,64256,508,100059,27186,29089,3696136,6326157,56275,10022293,"Equal Growth Rates"
43,5,955,"petite","second-15min",223,304,31153,69255,527,100408,23623,31346,3209047,6830628,54969,10039675,"Equal Growth Rates"
43,6,960,"petite","second-15min",174,302,27919,72167,476,100086,21788,33661,2959282,7297590,55449,10256872,"Equal Growth Rates"
43,7,960,"petite","second-15min",171,324,25640,74400,495,100040,20045,34647,2716562,7518474,54692,10235036,"Equal Growth Rates"
43,8,960,"petite","second-15min",145,336,21632,78644,481,100276,16727,36464,2287141,7955350,53191,10242491,"Equal Growth Rates"
43,9,960,"petite","second-15min",112,355,15551,84562,467,100113,12064,39343,1642105,8543267,51407,10185372,"Equal Growth Rates"
43,10,960,"petite","second-15min",83,384,12328,87719,467,100047,9590,40665,1302579,8853696,50255,10156275,"Equal Growth Rates"
43,11,960,"petite","second-15min",82,384,11340,89083,466,100423,8900,41277,1204052,8997186,50177,10201238,"Equal Growth Rates"
43,12,960,"petite","second-15min",69,395,9917,90238,464,100155,7597,42056,1047289,9119819,49653,10167108,"Equal Growth Rates"
43,13,960,"petite","second-15min",54,394,7379,92679,448,100058,5762,43082,781076,9370611,48844,10151687,"Equal Growth Rates"
43,14,960,"petite","second-15min",44,417,6279,93941,461,100220,4926,43669,665766,9493647,48595,10159413,"Equal Growth Rates"
43,15,960,"petite","second-15min",38,404,5855,94193,442,100048,4562,43823,620910,9513425,48385,10134335,"Equal Growth Rates"
43,16,960,"petite","second-15min",38,419,6048,94137,457,100185,4681,43645,639995,9512255,48326,10152250,"Equal Growth Rates"
43,17,960,"petite","second-15min",36,407,5478,94751,443,100229,4304,44105,578970,9589887,48409,10168857,"Equal Growth Rates"
43,18,960,"petite","second-15min",29,425,3309,96764,454,100073,2596,45059,349108,9781679,47655,10130787,"Equal Growth Rates"
43,19,960,"petite","second-15min",21,422,2830,97337,443,100167,2171,45298,297375,9834147,47469,10131522,"Equal Growth Rates"
43,20,960,"petite","second-15min",12,417,1735,98574,429,100309,1360,45699,184053,9947308,47059,10131361,"Equal Growth Rates"
43,21,960,"petite","second-15min",16,434,1957,98170,450,100127,1558,45627,207995,9926488,47185,10134483,"Equal Growth Rates"
43,22,960,"petite","second-15min",4,426,741,99398,430,100139,567,46139,78276,10035373,46706,10113649,"Equal Growth Rates"
43,23,960,"petite","second-15min",6,420,1050,98991,426,100041,838,46203,110943,10006675,47041,10117618,"Equal Growth Rates"
43,24,960,"petite","second-15min",5,433,731,99291,438,100022,574,46077,77630,10035400,46651,10113030,"Equal Growth Rates"
43,25,960,"petite","second-15min",6,427,573,99663,433,100236,442,46274,60225,10062742,46716,10122967,"Equal Growth Rates"
43,26,960,"petite","second-15min",2,419,190,99888,421,100078,158,46356,20315,10091576,46514,10111891,"Equal Growth Rates"
43,27,960,"petite","second-15min",1,431,157,100047,432,100204,126,46429,16652,10108640,46555,10125292,"Equal Growth Rates"
43,28,960,"petite","second-15min",2,427,351,99743,429,100094,270,46329,37521,10071806,46599,10109327,"Equal Growth Rates"
43,29,960,"petite","second-15min",3,417,434,99625,420,100059,333,46151,45771,10061852,46484,10107623,"Equal Growth Rates"
44,1,955,"petite","second-15min",363,222,50050,50148,585,100198,38692,22650,5163174,4946113,61342,10109287,"Equal Growth Rates"
44,2,955,"petite","second-15min",289,245,41981,58108,534,100089,31923,26311,4327670,5724857,58234,10052527,"Equal Growth Rates"
44,3,955,"petite","second-15min",270,269,39181,61019,539,100200,29654,27540,4038676,6000670,57194,10039346,"Equal Growth Rates"
44,4,955,"petite","second-15min",236,280,34457,65565,516,100022,26074,29723,3554619,6456458,55797,10011077,"Equal Growth Rates"
44,5,960,"petite","second-15min",185,307,28230,71937,492,100167,22013,33511,2985697,7272909,55524,10258606,"Equal Growth Rates"
44,6,960,"petite","second-15min",172,330,25099,75216,502,100315,19561,35010,2652814,7604001,54571,10256815,"Equal Growth Rates"
44,7,960,"petite","second-15min",170,327,24980,75086,497,100066,19475,34896,2639597,7579445,54371,10219042,"Equal Growth Rates"
44,8,960,"petite","second-15min",133,343,19812,80297,476,100109,15458,37145,2099534,8104632,52603,10204166,"Equal Growth Rates"
44,9,960,"petite","second-15min",122,351,18204,81838,473,100042,14132,38036,1919025,8261062,52168,10180087,"Equal Growth Rates"
44,10,960,"petite","second-15min",113,362,16697,83390,475,100087,12952,38801,1765335,8438451,51753,10203786,"Equal Growth Rates"
44,11,960,"petite","second-15min",87,360,12353,87664,447,100017,9654,40825,1304613,8852781,50479,10157394,"Equal Growth Rates"
44,12,960,"petite","second-15min",62,400,8012,92060,462,100072,6177,42790,847479,9306006,48967,10153485,"Equal Growth Rates"
44,13,960,"petite","second-15min",38,413,5585,94429,451,100014,4381,43887,593465,9547086,48268,10140551,"Equal Growth Rates"
44,14,960,"petite","second-15min",35,406,4808,95405,441,100213,3748,44336,506653,9634531,48084,10141184,"Equal Growth Rates"
44,15,960,"petite","second-15min",22,437,3032,97251,459,100283,2390,45164,322377,9822065,47554,10144442,"Equal Growth Rates"
44,16,960,"petite","second-15min",15,423,2123,97915,438,100038,1646,45433,223829,9893186,47079,10117015,"Equal Growth Rates"
44,17,960,"petite","second-15min",12,413,1852,98179,425,100031,1442,45701,196510,9929827,47143,10126337,"Equal Growth Rates"
44,18,960,"petite","second-15min",11,425,1811,98369,436,100180,1369,45801,191846,9947876,47170,10139722,"Equal Growth Rates"
44,19,960,"petite","second-15min",10,431,1325,98844,441,100169,1029,45823,140994,9999582,46852,10140576,"Equal Growth Rates"
44,20,960,"petite","second-15min",9,431,1179,99299,440,100478,916,46049,125836,10045571,46965,10171407,"Equal Growth Rates"
44,21,960,"petite","second-15min",6,437,917,99266,443,100183,715,46124,96092,10017580,46839,10113672,"Equal Growth Rates"
44,22,960,"petite","second-15min",3,422,546,99592,425,100138,408,46192,56404,10049914,46600,10106318,"Equal Growth Rates"
44,23,960,"petite","second-15min",2,420,323,99863,422,100186,259,46474,33879,10095780,46733,10129659,"Equal Growth Rates"
44,24,960,"petite","second-15min",1,423,121,100102,424,100223,93,46444,12633,10121883,46537,10134516,"Equal Growth Rates"
10,1,955,"petite","second-15min",369,235,50087,50188,604,100275,38606,22784,5166665,4937473,61390,10104138,"Equal Growth Rates"
10,2,955,"petite","second-15min",293,254,40429,59633,547,100062,30598,26926,4167388,5870086,57524,10037474,"Equal Growth Rates"
10,3,955,"petite","second-15min",237,281,35660,64656,518,100316,27248,29170,3683304,6372765,56418,10056069,"Equal Growth Rates"
10,4,960,"petite","second-15min",193,318,27595,72514,511,100109,21449,33736,2917738,7334091,55185,10251829,"Equal Growth Rates"
10,5,960,"petite","second-15min",170,331,25324,74752,501,100076,19692,34882,2682087,7565366,54574,10247453,"Equal Growth Rates"
10,6,960,"petite","second-15min",127,351,18854,81315,478,100169,14676,37797,1993207,8214281,52473,10207488,"Equal Growth Rates"
10,7,960,"petite","second-15min",102,363,15132,84897,465,100029,11837,39339,1603968,8570981,51176,10174949,"Equal Growth Rates"
10,8,960,"petite","second-15min",84,372,12018,88136,456,100154,9276,40879,1268501,8900706,50155,10169207,"Equal Growth Rates"
10,9,960,"petite","second-15min",75,383,10794,89431,458,100225,8473,41459,1146079,9021648,49932,10167727,"Equal Growth Rates"
10,10,960,"petite","second-15min",61,387,9061,90975,448,100036,7019,42297,956059,9183991,49316,10140050,"Equal Growth Rates"
10,11,960,"petite","second-15min",61,404,9056,91038,465,100094,7082,42233,960984,9195453,49315,10156437,"Equal Growth Rates"
10,12,960,"petite","second-15min",50,407,6839,93475,457,100314,5307,43361,725484,9440937,48668,10166421,"Equal Growth Rates"
10,13,960,"petite","second-15min",32,408,4257,95806,440,100063,3313,44471,449181,9671613,47784,10120794,"Equal Growth Rates"
10,14,960,"petite","second-15min",24,419,3443,96732,443,100175,2672,44870,364533,9768957,47542,10133490,"Equal Growth Rates"
10,15,960,"petite","second-15min",20,428,2915,97421,448,100336,2261,45305,306956,9838951,47566,10145907,"Equal Growth Rates"
10,16,960,"petite","second-15min",9,431,1119,98977,440,100096,896,46024,119586,10003486,46920,10123072,"Equal Growth Rates"
10,17,960,"petite","second-15min",4,421,650,99714,425,100364,518,46362,68210,10072396,46880,10140606,"Equal Growth Rates"
10,18,960,"petite","second-15min",2,421,230,99847,423,100077,184,46390,24567,10080195,46574,10104762,"Equal Growth Rates"
10,19,960,"petite","second-15min",2,431,384,99635,433,100019,300,46369,40351,10067745,46669,10108096,"Equal Growth Rates"
10,20,960,"petite","second-15min",3,430,521,99512,433,100033,404,46208,54364,10056715,46612,10111079,"Equal Growth Rates"
10,21,960,"petite","second-15min",1,435,108,99905,436,100013,84,46456,11269,10089424,46540,10100693,"Equal Growth Rates"
17,1,955,"petite","second-15min",371,234,50093,50241,605,100334,38478,22878,5159908,4957747,61356,10117655,"Equal Growth Rates"
17,2,955,"petite","second-15min",302,251,43003,57149,553,100152,32562,25920,4433031,5636466,58482,10069497,"Equal Growth Rates"
17,3,955,"petite","second-15min",245,283,35227,64958,528,100185,26804,29473,3641957,6392279,56277,10034236,"Equal Growth Rates"
17,4,960,"petite","second-15min",211,294,31732,68353,505,100085,24832,31612,3359728,6887394,56444,10247122,"Equal Growth Rates"
17,5,960,"petite","second-15min",168,329,23875,76329,497,100204,18602,35393,2533151,7714373,53995,10247524,"Equal Growth Rates"
17,6,960,"petite","second-15min",142,357,19329,80908,499,100237,15084,37545,2043487,8171893,52629,10215380,"Equal Growth Rates"
17,7,960,"petite","second-15min",111,363,16429,83763,474,100192,12732,38904,1731794,8458430,51636,10190224,"Equal Growth Rates"
17,8,960,"petite","second-15min",102,378,14904,85193,480,100097,11666,39422,1581257,8591525,51088,10172782,"Equal Growth Rates"
17,9,960,"petite","second-15min",76,376,11214,88856,452,100070,8748,41418,1189956,8987316,50166,10177272,"Equal Growth Rates"
17,10,960,"petite","second-15min",52,399,7221,92845,451,100066,5680,43217,764671,9376064,48897,10140735,"Equal Growth Rates"
17,11,960,"petite","second-15min",45,412,7130,93104,457,100234,5605,43162,754411,9391230,48767,10145641,"Equal Growth Rates"
17,12,960,"petite","second-15min",48,395,6543,93688,443,100231,5052,43540,691919,9460609,48592,10152528,"Equal Growth Rates"
17,13,960,"petite","second-15min",32,398,4576,95526,430,100102,3540,44224,484096,9644340,47764,10128436,"Equal Growth Rates"
17,14,960,"petite","second-15min",24,419,3747,96355,443,100102,2919,44742,398934,9735239,47661,10134173,"Equal Growth Rates"
17,15,960,"petite","second-15min",18,408,2987,97175,426,100162,2314,45118,315563,9816094,47432,10131657,"Equal Growth Rates"
17,16,960,"petite","second-15min",15,429,2026,97983,444,100009,1581,45467,214406,9890698,47048,10105104,"Equal Growth Rates"
17,17,960,"petite","second-15min",11,441,1831,98216,452,100047,1411,45512,193876,9919655,46923,10113531,"Equal Growth Rates"
17,18,960,"petite","second-15min",9,431,1475,98679,440,100154,1120,45709,156933,9966365,46829,10123298,"Equal Growth Rates"
17,19,960,"petite","second-15min",11,421,1772,98384,432,100156,1384,45658,187000,9932679,47042,10119679,"Equal Growth Rates"
17,20,960,"petite","second-15min",8,435,906,99272,443,100178,706,46213,96097,10032474,46919,10128571,"Equal Growth Rates"
17,21,960,"petite","second-15min",4,426,423,99588,430,100011,324,46315,44507,10052006,46639,10096513,"Equal Growth Rates"
17,22,960,"petite","second-15min",2,441,222,100326,443,100548,180,46747,23896,10148340,46927,10172236,"Equal Growth Rates"
17,23,960,"petite","second-15min",1,435,138,99888,436,100026,104,46452,14423,10097719,46556,10112142,"Equal Growth Rates"
28,1,955,"petite","second-15min",379,236,50026,50230,615,100256,38620,22897,5175883,4946782,61517,10122665,"Equal Growth Rates"
28,2,955,"petite","second-15min",308,242,44785,55220,550,100005,34042,25071,4620434,5434473,59113,10054907,"Equal Growth Rates"
28,3,955,"petite","second-15min",257,261,38448,61868,518,100316,29047,27987,3962338,6090810,57034,10053148,"Equal Growth Rates"
28,4,955,"petite","second-15min",226,285,34144,65961,511,100105,25816,29747,3515303,6489066,55563,10004369,"Equal Growth Rates"
28,5,960,"petite","second-15min",204,314,29465,70581,518,100046,22901,32680,3115522,7128885,55581,10244407,"Equal Growth Rates"
28,6,960,"petite","second-15min",153,344,22406,77814,497,100220,17493,36199,2368467,7858564,53692,10227031,"Equal Growth Rates"
28,7,960,"petite","second-15min",134,348,19533,80745,482,100278,15211,37537,2069486,8163770,52748,10233256,"Equal Growth Rates"
28,8,960,"petite","second-15min",98,376,14494,85670,474,100164,11219,39818,1530029,8650656,51037,10180685,"Equal Growth Rates"
28,9,960,"petite","second-15min",97,378,13876,86220,475,100096,10779,40131,1468916,8720008,50910,10188924,"Equal Growth Rates"
28,10,960,"petite","second-15min",86,358,13375,86837,444,100212,10477,40359,1418752,8772381,50836,10191133,"Equal Growth Rates"
28,11,960,"petite","second-15min",69,392,10540,89952,461,100492,8182,41799,1115906,9085242,49981,10201148,"Equal Growth Rates"
28,12,960,"petite","second-15min",51,388,7213,92942,439,100155,5607,43231,762772,9394815,48838,10157587,"Equal Growth Rates"
28,13,960,"petite","second-15min",45,405,6852,93275,450,100127,5321,43262,727688,9415195,48583,10142883,"Equal Growth Rates"
28,14,960,"petite","second-15min",38,425,5905,94096,463,100001,4570,43615,624496,9506257,48185,10130753,"Equal Growth Rates"
28,15,960,"petite","second-15min",34,402,5520,94581,436,100101,4290,44176,583623,9555694,48466,10139317,"Equal Growth Rates"
28,16,960,"petite","second-15min",22,416,3348,96873,438,100221,2629,45131,353984,9783093,47760,10137077,"Equal Growth Rates"
28,17,960,"petite","second-15min",7,426,852,99220,433,100072,678,46190,90030,10025197,46868,10115227,"Equal Growth Rates"
28,18,960,"petite","second-15min",2,430,330,99735,432,100065,238,46150,34495,10066594,46388,10101089,"Equal Growth Rates"
21,1,955,"petite","second-15min",365,230,50028,50016,595,100044,38488,22535,5159894,4917479,61023,10077373,"Equal Growth Rates"
21,2,955,"petite","second-15min",285,240,41119,59181,525,100300,31260,26771,4237346,5818548,58031,10055894,"Equal Growth Rates"
21,3,955,"petite","second-15min",250,269,37919,62184,519,100103,28828,28085,3909998,6119693,56913,10029691,"Equal Growth Rates"
21,4,955,"petite","second-15min",201,286,29868,70160,487,100028,22596,31851,3077962,6922222,54447,10000184,"Equal Growth Rates"
21,5,960,"petite","second-15min",154,324,22157,77851,478,100008,17166,36132,2344994,7866368,53298,10211362,"Equal Growth Rates"
21,6,960,"petite","second-15min",127,351,18632,81623,478,100255,14483,37891,1971211,8239825,52374,10211036,"Equal Growth Rates"
21,7,960,"petite","second-15min",105,369,15755,84369,474,100124,12143,39217,1665125,8530122,51360,10195247,"Equal Growth Rates"
21,8,960,"petite","second-15min",83,388,12409,87744,471,100153,9768,40824,1315119,8866801,50592,10181920,"Equal Growth Rates"
21,9,960,"petite","second-15min",64,404,8660,91448,468,100108,6738,42580,914996,9243765,49318,10158761,"Equal Growth Rates"
21,10,960,"petite","second-15min",32,403,4636,95634,435,100270,3629,44416,490474,9663123,48045,10153597,"Equal Growth Rates"
21,11,960,"petite","second-15min",17,432,2860,97284,449,100144,2220,45365,303610,9848443,47585,10152053,"Equal Growth Rates"
21,12,960,"petite","second-15min",13,418,2114,98014,431,100128,1626,45455,223571,9911367,47081,10134938,"Equal Growth Rates"
21,13,960,"petite","second-15min",15,428,1865,98303,443,100168,1431,45659,198035,9935388,47090,10133423,"Equal Growth Rates"
21,14,960,"petite","second-15min",14,421,1761,98706,435,100467,1370,45675,186504,9968291,47045,10154795,"Equal Growth Rates"
21,15,960,"petite","second-15min",10,432,1479,98629,442,100108,1140,45767,155952,9963817,46907,10119769,"Equal Growth Rates"
21,16,960,"petite","second-15min",9,439,1198,98897,448,100095,910,45993,125665,10000041,46903,10125706,"Equal Growth Rates"
21,17,960,"petite","second-15min",10,422,1268,98765,432,100033,1029,45919,134890,9980069,46948,10114959,"Equal Growth Rates"
21,18,960,"petite","second-15min",8,436,1303,98773,444,100076,1016,45917,137419,9981644,46933,10119063,"Equal Growth Rates"
21,19,960,"petite","second-15min",3,439,381,99960,442,100341,292,46489,40734,10102041,46781,10142775,"Equal Growth Rates"
26,1,955,"petite","second-15min",387,243,50107,50039,630,100146,38472,22631,5157916,4928880,61103,10086796,"Equal Growth Rates"
26,2,955,"petite","second-15min",280,254,39237,60904,534,100141,29795,27568,4040439,6001639,57363,10042078,"Equal Growth Rates"
26,3,955,"petite","second-15min",225,293,33021,67001,518,100022,24957,30379,3403860,6609362,55336,10013222,"Equal Growth Rates"
26,4,960,"petite","second-15min",198,314,28148,71896,512,100044,21975,33524,2979631,7266764,55499,10246395,"Equal Growth Rates"
26,5,960,"petite","second-15min",173,329,25515,74612,502,100127,19926,34728,2699348,7546987,54654,10246335,"Equal Growth Rates"
26,6,960,"petite","second-15min",152,331,21919,78109,483,100028,17067,36367,2321613,7893722,53434,10215335,"Equal Growth Rates"
26,7,960,"petite","second-15min",122,341,18303,81781,463,100084,14269,37905,1937796,8258080,52174,10195876,"Equal Growth Rates"
26,8,960,"petite","second-15min",102,367,14845,85234,469,100079,11649,39734,1576887,8606671,51383,10183558,"Equal Growth Rates"
26,9,960,"petite","second-15min",86,392,12691,87433,478,100124,9912,40701,1338022,8843055,50613,10181077,"Equal Growth Rates"
26,10,960,"petite","second-15min",65,397,8782,91307,462,100089,6817,42404,930082,9232535,49221,10162617,"Equal Growth Rates"
26,11,960,"petite","second-15min",47,392,6887,93246,439,100133,5361,43363,728386,9419254,48724,10147640,"Equal Growth Rates"
26,12,960,"petite","second-15min",37,399,5875,94194,436,100069,4557,43750,619576,9512476,48307,10132052,"Equal Growth Rates"
26,13,960,"petite","second-15min",36,408,5270,94824,444,100094,4086,44209,556841,9582987,48295,10139828,"Equal Growth Rates"
26,14,960,"petite","second-15min",23,424,3126,96996,447,100122,2422,45158,330541,9806385,47580,10136926,"Equal Growth Rates"
26,15,960,"petite","second-15min",18,422,2677,97768,440,100445,2092,45657,282200,9889941,47749,10172141,"Equal Growth Rates"
26,16,960,"petite","second-15min",9,433,1249,98982,442,100231,956,46078,129977,10002810,47034,10132787,"Equal Growth Rates"
26,17,960,"petite","second-15min",6,431,745,99326,437,100071,551,46153,78356,10031960,46704,10110316,"Equal Growth Rates"
26,18,960,"petite","second-15min",2,448,258,99792,450,100050,196,46306,27156,10086875,46502,10114031,"Equal Growth Rates"
26,19,960,"petite","second-15min",4,430,494,99558,434,100052,387,46243,52621,10044679,46630,10097300,"Equal Growth Rates"
26,20,960,"petite","second-15min",5,433,594,99534,438,100128,474,46034,63500,10031482,46508,10094982,"Equal Growth Rates"
26,21,960,"petite","second-15min",1,453,215,99828,454,100043,170,46375,23027,10085834,46545,10108861,"Equal Growth Rates"
26,22,960,"petite","second-15min",1,442,122,99937,443,100059,84,46457,12591,10094918,46541,10107509,"Equal Growth Rates"
19,1,955,"petite","second-15min",369,228,50127,50104,597,100231,38618,22651,5176807,4940517,61269,10117324,"Equal Growth Rates"
19,2,955,"petite","second-15min",280,245,41883,58134,525,100017,31795,26435,4322960,5724021,58230,10046981,"Equal Growth Rates"
19,3,955,"petite","second-15min",259,275,36928,63171,534,100099,28061,28538,3805457,6222542,56599,10027999,"Equal Growth Rates"
19,4,955,"petite","second-15min",227,297,33410,67039,524,100449,25427,30347,3448957,6600750,55774,10049707,"Equal Growth Rates"
19,5,960,"petite","second-15min",193,304,28471,71629,497,100100,22112,33271,3014436,7237107,55383,10251543,"Equal Growth Rates"
19,6,960,"petite","second-15min",161,328,23039,77137,489,100176,17915,35784,2436061,7790759,53699,10226820,"Equal Growth Rates"
19,7,960,"petite","second-15min",142,330,20898,79290,472,100188,16201,36797,2213161,8004162,52998,10217323,"Equal Growth Rates"
19,8,960,"petite","second-15min",103,379,14396,85845,482,100241,11207,39872,1525911,8665737,51079,10191648,"Equal Growth Rates"
19,9,960,"petite","second-15min",74,373,11347,88699,447,100046,8878,41108,1203407,8947133,49986,10150540,"Equal Growth Rates"
19,10,960,"petite","second-15min",62,394,8737,91550,456,100287,6808,42458,923482,9240470,49266,10163952,"Equal Growth Rates"
19,11,960,"petite","second-15min",53,397,7878,92127,450,100005,6139,42869,834909,9294233,49008,10129142,"Equal Growth Rates"
19,12,960,"petite","second-15min",56,399,8109,91967,455,100076,6314,42720,861816,9286624,49034,10148440,"Equal Growth Rates"
19,13,960,"petite","second-15min",51,388,7229,92877,439,100106,5681,43063,766024,9379643,48744,10145667,"Equal Growth Rates"
19,14,960,"petite","second-15min",45,404,6132,93915,449,100047,4803,43551,652374,9479560,48354,10131934,"Equal Growth Rates"
19,15,960,"petite","second-15min",30,408,4224,95790,438,100014,3272,44538,447740,9675732,47810,10123472,"Equal Growth Rates"
19,16,960,"petite","second-15min",14,417,1952,98134,431,100086,1503,45705,206630,9918421,47208,10125051,"Equal Growth Rates"
19,17,960,"petite","second-15min",6,440,964,99067,446,100031,751,45793,100955,10002177,46544,10103132,"Equal Growth Rates"
19,18,960,"petite","second-15min",2,431,184,100287,433,100471,148,46632,19825,10131770,46780,10151595,"Equal Growth Rates"
45,1,955,"petite","second-15min",365,235,50113,50092,600,100205,38572,22704,5167271,4934561,61276,10101832,"Equal Growth Rates"
45,2,955,"petite","second-15min",298,240,42649,57432,538,100081,32335,25955,4400307,5651890,58290,10052197,"Equal Growth Rates"
45,3,955,"petite","second-15min",255,261,37986,62022,516,100008,28956,28082,3919531,6114875,57038,10034406,"Equal Growth Rates"
45,4,960,"petite","second-15min",213,294,30649,69370,507,100019,23826,32195,3242338,7012450,56021,10254788,"Equal Growth Rates"
45,5,960,"petite","second-15min",158,332,22772,77352,490,100124,17789,35826,2415840,7814316,53615,10230156,"Equal Growth Rates"
45,6,960,"petite","second-15min",111,365,16190,83887,476,100077,12658,38992,1714899,8464888,51650,10179787,"Equal Growth Rates"
45,7,960,"petite","second-15min",109,357,16425,83910,466,100335,12707,39022,1734195,8479314,51729,10213509,"Equal Growth Rates"
45,8,960,"petite","second-15min",101,379,15072,85092,480,100164,11774,39559,1594973,8600999,51333,10195972,"Equal Growth Rates"
45,9,960,"petite","second-15min",79,384,12016,88093,463,100109,9347,40761,1267855,8900893,50108,10168748,"Equal Growth Rates"
45,10,960,"petite","second-15min",62,394,8768,91430,456,100198,6873,42627,930266,9246913,49500,10177179,"Equal Growth Rates"
45,11,960,"petite","second-15min",41,397,5986,94132,438,100118,4700,43596,635660,9498494,48296,10134154,"Equal Growth Rates"
45,12,960,"petite","second-15min",32,410,4826,95240,442,100066,3782,44373,511174,9624343,48155,10135517,"Equal Growth Rates"
45,13,960,"petite","second-15min",23,407,3261,96742,430,100003,2590,45000,345159,9772975,47590,10118134,"Equal Growth Rates"
45,14,960,"petite","second-15min",12,418,1535,98481,430,100016,1220,45602,164625,9938297,46822,10102922,"Equal Growth Rates"
45,15,960,"petite","second-15min",10,411,1142,98947,421,100089,872,46022,119563,9996818,46894,10116381,"Equal Growth Rates"
45,16,960,"petite","second-15min",3,420,413,99756,423,100169,314,46594,43249,10085621,46908,10128870,"Equal Growth Rates"
42,1,955,"petite","second-15min",374,231,50125,50181,605,100306,38660,22820,5177725,4942678,61480,10120403,"Equal Growth Rates"
42,2,955,"petite","second-15min",322,227,46786,53268,549,100054,35591,24109,4829155,5246220,59700,10075375,"Equal Growth Rates"
42,3,955,"petite","second-15min",275,251,40971,59200,526,100171,31111,26740,4221230,5825041,57851,10046271,"Equal Growth Rates"
42,4,955,"petite","second-15min",271,276,40330,60413,547,100743,30528,27298,4158241,5948142,57826,10106383,"Equal Growth Rates"
42,5,955,"petite","second-15min",209,290,28932,71537,499,100469,22039,32541,2983208,7050571,54580,10033779,"Equal Growth Rates"
42,6,955,"petite","second-15min",183,311,27669,72502,494,100171,21013,32833,2857116,7145730,53846,10002846,"Equal Growth Rates"
42,7,960,"petite","second-15min",168,337,23333,76714,505,100047,18153,35803,2467039,7769750,53956,10236789,"Equal Growth Rates"
42,8,960,"petite","second-15min",139,343,20849,79201,482,100050,16225,36869,2204798,8008136,53094,10212934,"Equal Growth Rates"
42,9,960,"petite","second-15min",108,347,14956,85184,455,100140,11647,39645,1585284,8609470,51292,10194754,"Equal Growth Rates"
42,10,960,"petite","second-15min",85,380,13372,86777,465,100149,10384,40156,1413687,8756708,50540,10170395,"Equal Growth Rates"
42,11,960,"petite","second-15min",77,377,11673,88534,454,100207,9103,41104,1236384,8942606,50207,10178990,"Equal Growth Rates"
42,12,960,"petite","second-15min",61,382,8771,91229,443,100000,6852,42474,928035,9223938,49326,10151973,"Equal Growth Rates"
42,13,960,"petite","second-15min",43,401,5985,94085,444,100070,4686,43674,637991,9500591,48360,10138582,"Equal Growth Rates"
42,14,960,"petite","second-15min",35,414,5518,94689,449,100207,4340,44029,584726,9574831,48369,10159557,"Equal Growth Rates"
42,15,960,"petite","second-15min",36,418,5052,95086,454,100138,3869,44129,533386,9604611,47998,10137997,"Equal Growth Rates"
42,16,960,"petite","second-15min",31,417,3601,96445,448,100046,2836,44605,384448,9734338,47441,10118786,"Equal Growth Rates"
42,17,960,"petite","second-15min",20,417,3038,97179,437,100217,2367,45189,320412,9820033,47556,10140445,"Equal Growth Rates"
42,18,960,"petite","second-15min",9,424,1305,98841,433,100146,1024,45883,138288,9994544,46907,10132832,"Equal Growth Rates"
42,19,960,"petite","second-15min",4,423,491,99674,427,100165,399,46205,52953,10061729,46604,10114682,"Equal Growth Rates"
42,20,960,"petite","second-15min",3,424,389,99815,427,100204,324,46222,42513,10089303,46546,10131816,"Equal Growth Rates"
42,21,960,"petite","second-15min",3,427,275,100123,430,100398,202,46543,28412,10122745,46745,10151157,"Equal Growth Rates"
27,1,955,"petite","second-15min",369,230,50031,50184,599,100215,38469,22774,5163664,4945494,61243,10109158,"Equal Growth Rates"
27,2,955,"petite","second-15min",305,249,41833,58214,554,100047,31835,26421,4326697,5747615,58256,10074312,"Equal Growth Rates"
27,3,955,"petite","second-15min",252,276,36895,63351,528,100246,28043,28691,3802818,6232467,56734,10035285,"Equal Growth Rates"
27,4,960,"petite","second-15min",197,293,28254,71792,490,100046,21897,33481,2986112,7262420,55378,10248532,"Equal Growth Rates"
27,5,960,"petite","second-15min",167,338,24076,76197,505,100273,18802,35291,2548240,7687658,54093,10235898,"Equal Growth Rates"
27,6,960,"petite","second-15min",132,344,19123,80933,476,100056,14856,37698,2018921,8183528,52554,10202449,"Equal Growth Rates"
27,7,960,"petite","second-15min",104,370,14109,86116,474,100225,11027,40217,1495829,8711812,51244,10207641,"Equal Growth Rates"
27,8,960,"petite","second-15min",74,384,10465,89536,458,100001,8226,41522,1107867,9051590,49748,10159457,"Equal Growth Rates"
27,9,960,"petite","second-15min",67,384,10273,89763,451,100036,7915,41787,1081601,9063733,49702,10145334,"Equal Growth Rates"
27,10,960,"petite","second-15min",55,385,7783,92396,440,100179,6057,42937,822715,9349893,48994,10172608,"Equal Growth Rates"
27,11,960,"petite","second-15min",46,411,6430,93645,457,100075,5001,43566,678914,9455332,48567,10134246,"Equal Growth Rates"
27,12,960,"petite","second-15min",39,426,5748,94299,465,100047,4410,43904,609535,9542076,48314,10151611,"Equal Growth Rates"
27,13,960,"petite","second-15min",40,410,6613,93619,450,100232,5068,43452,696882,9464380,48520,10161262,"Equal Growth Rates"
27,14,960,"petite","second-15min",38,402,4830,95354,440,100184,3778,44326,511167,9632701,48104,10143868,"Equal Growth Rates"
27,15,960,"petite","second-15min",25,410,3805,96713,435,100518,2957,44898,403748,9770149,47855,10173897,"Equal Growth Rates"
27,16,960,"petite","second-15min",23,411,3107,96969,434,100076,2437,44869,328635,9796703,47306,10125338,"Equal Growth Rates"
27,17,960,"petite","second-15min",19,420,2598,97405,439,100003,2001,45273,274658,9843400,47274,10118058,"Equal Growth Rates"
27,18,960,"petite","second-15min",12,410,1579,98617,422,100196,1238,45892,166958,9966527,47130,10133485,"Equal Growth Rates"
27,19,960,"petite","second-15min",6,428,737,99329,434,100066,576,46031,78593,10036500,46607,10115093,"Equal Growth Rates"
27,20,960,"petite","second-15min",1,438,226,100007,439,100233,172,46440,24195,10112804,46612,10136999,"Equal Growth Rates"
27,21,960,"petite","second-15min",1,422,258,99761,423,100019,203,46300,27556,10066123,46503,10093679,"Equal Growth Rates"
27,22,960,"petite","second-15min",1,443,85,100109,444,100194,62,46477,8870,10116389,46539,10125259,"Equal Growth Rates"
27,23,960,"petite","second-15min",1,429,123,99924,430,100047,96,46382,12631,10106616,46478,10119247,"Equal Growth Rates"
18,1,955,"petite","second-15min",373,235,50155,50026,608,100181,38664,22696,5176802,4929487,61360,10106289,"Equal Growth Rates"
18,2,955,"petite","second-15min",317,236,44893,55318,553,100211,34068,25115,4627242,5454856,59183,10082098,"Equal Growth Rates"
18,3,955,"petite","second-15min",270,279,38077,62011,549,100088,28822,28158,3935864,6107624,56980,10043488,"Equal Growth Rates"
18,4,955,"petite","second-15min",208,310,29265,70766,518,100031,22188,32059,3028463,6974776,54247,10003239,"Equal Growth Rates"
18,5,960,"petite","second-15min",172,324,25673,74502,496,100175,20069,34628,2717845,7528027,54697,10245872,"Equal Growth Rates"
18,6,960,"petite","second-15min",149,343,21307,78949,492,100256,16710,36808,2264049,7969509,53518,10233558,"Equal Growth Rates"
18,7,960,"petite","second-15min",126,360,19003,81010,486,100013,14876,37566,2018990,8178642,52442,10197632,"Equal Growth Rates"
18,8,960,"petite","second-15min",100,370,13705,86386,470,100091,10627,40124,1449679,8738147,50751,10187826,"Equal Growth Rates"
18,9,960,"petite","second-15min",64,383,9524,90498,447,100022,7496,41993,1012819,9138093,49489,10150912,"Equal Growth Rates"
18,10,960,"petite","second-15min",54,398,7232,92949,452,100181,5624,43121,766223,9388927,48745,10155150,"Equal Growth Rates"
18,11,960,"petite","second-15min",34,414,5182,94848,448,100030,4059,43942,550197,9582877,48001,10133074,"Equal Growth Rates"
18,12,960,"petite","second-15min",25,417,3507,96506,442,100013,2747,44830,372850,9749373,47577,10122223,"Equal Growth Rates"
18,13,960,"petite","second-15min",14,422,2002,98087,436,100089,1568,45609,213555,9897295,47177,10110850,"Equal Growth Rates"
18,14,960,"petite","second-15min",11,441,1813,98469,452,100282,1386,45677,191355,9956150,47063,10147505,"Equal Growth Rates"
18,15,960,"petite","second-15min",10,426,1507,98679,436,100186,1130,45870,157912,9977513,47000,10135425,"Equal Growth Rates"
18,16,960,"petite","second-15min",7,435,853,99150,442,100003,671,46091,91538,10019371,46762,10110909,"Equal Growth Rates"
18,17,960,"petite","second-15min",3,435,453,99662,438,100115,361,46445,47380,10079847,46806,10127227,"Equal Growth Rates"
18,18,960,"petite","second-15min",4,433,530,99512,437,100042,410,46219,56616,10059628,46629,10116244,"Equal Growth Rates"
18,19,960,"petite","second-15min",3,430,330,99692,433,100022,257,46243,34818,10083729,46500,10118547,"Equal Growth Rates"
18,20,960,"petite","second-15min",2,431,380,99937,433,100317,303,46537,40058,10102613,46840,10142671,"Equal Growth Rates"
18,21,960,"petite","second-15min",3,444,396,99824,447,100220,314,46401,41999,10081014,46715,10123013,"Equal Growth Rates"
18,22,960,"petite","second-15min",5,434,831,99192,439,100023,630,46158,87455,10019992,46788,10107447,"Equal Growth Rates"
18,23,960,"petite","second-15min",5,437,770,99407,442,100177,611,46010,81986,10040848,46621,10122834,"Equal Growth Rates"
18,24,960,"petite","second-15min",3,435,437,99925,438,100362,354,46583,46078,10099118,46937,10145196,"Equal Growth Rates"
18,25,960,"petite","second-15min",1,422,90,99954,423,100044,75,46541,9512,10106535,46616,10116047,"Equal Growth Rates"
18,26,960,"petite","second-15min",1,421,145,99924,422,100069,106,46378,15318,10093506,46484,10108824,"Equal Growth Rates"
20,1,955,"petite","second-15min",366,233,50106,50139,599,100245,38584,22658,5166546,4938433,61242,10104979,"Equal Growth Rates"
20,2,955,"petite","second-15min",322,240,45673,54437,562,100110,34789,24571,4706787,5358697,59360,10065484,"Equal Growth Rates"
20,3,955,"petite","second-15min",273,266,38898,61103,539,100001,29505,27639,4015320,6018748,57144,10034068,"Equal Growth Rates"
20,4,955,"petite","second-15min",226,282,33417,66884,508,100301,25275,30298,3453726,6592931,55573,10046657,"Equal Growth Rates"
20,5,960,"petite","second-15min",193,306,28837,71234,499,100071,22399,33012,3042002,7190737,55411,10232739,"Equal Growth Rates"
20,6,960,"petite","second-15min",169,320,25380,74869,489,100249,19775,34765,2688501,7563573,54540,10252074,"Equal Growth Rates"
20,7,960,"petite","second-15min",158,337,21611,78671,495,100282,16838,36750,2295328,7958875,53588,10254203,"Equal Growth Rates"
20,8,960,"petite","second-15min",108,377,16410,83751,485,100161,12782,38943,1737252,8459058,51725,10196310,"Equal Growth Rates"
20,9,960,"petite","second-15min",90,379,13591,86473,469,100064,10608,40223,1438264,8742200,50831,10180464,"Equal Growth Rates"
20,10,960,"petite","second-15min",69,389,9529,90507,458,100036,7474,42091,1008061,9159173,49565,10167234,"Equal Growth Rates"
20,11,960,"petite","second-15min",58,397,7971,92098,455,100069,6217,42823,845095,9303277,49040,10148372,"Equal Growth Rates"
20,12,960,"petite","second-15min",39,402,5803,94503,441,100306,4498,43929,615746,9548946,48427,10164692,"Equal Growth Rates"
20,13,960,"petite","second-15min",37,406,5766,94550,443,100316,4537,43916,611200,9544554,48453,10155754,"Equal Growth Rates"
20,14,960,"petite","second-15min",31,427,4153,96020,458,100173,3256,44707,439238,9710892,47963,10150130,"Equal Growth Rates"
20,15,960,"petite","second-15min",18,434,2678,97343,452,100021,2082,45283,282760,9835062,47365,10117822,"Equal Growth Rates"
20,16,960,"petite","second-15min",10,420,1241,98799,430,100040,961,45866,130881,9980656,46827,10111537,"Equal Growth Rates"
20,17,960,"petite","second-15min",8,426,1020,99202,434,100222,807,46138,107775,10021240,46945,10129015,"Equal Growth Rates"
20,18,960,"petite","second-15min",4,436,984,99083,440,100067,769,45872,104900,10001330,46641,10106230,"Equal Growth Rates"
20,19,960,"petite","second-15min",1,414,154,100041,415,100195,121,46401,16099,10112925,46522,10129024,"Equal Growth Rates"
16,1,955,"petite","second-15min",368,226,50176,50205,594,100381,38596,22702,5172722,4944126,61298,10116848,"Equal Growth Rates"
16,2,955,"petite","second-15min",322,242,46170,54014,564,100184,34764,24310,4757804,5319047,59074,10076851,"Equal Growth Rates"
16,3,955,"petite","second-15min",269,272,37132,62939,541,100071,28300,28615,3832861,6202896,56915,10035757,"Equal Growth Rates"
16,4,960,"petite","second-15min",183,305,28147,72045,488,100192,22020,33532,2977911,7276925,55552,10254836,"Equal Growth Rates"
16,5,960,"petite","second-15min",144,340,19918,80242,484,100160,15412,37200,2097452,8107226,52612,10204678,"Equal Growth Rates"
16,6,960,"petite","second-15min",104,378,14423,85675,482,100098,11217,39741,1525279,8658311,50958,10183590,"Equal Growth Rates"
16,7,960,"petite","second-15min",70,400,9893,90156,470,100049,7767,42035,1049932,9106074,49802,10156006,"Equal Growth Rates"
16,8,960,"petite","second-15min",61,396,8545,91550,457,100095,6652,42537,903339,9247758,49189,10151097,"Equal Growth Rates"
16,9,960,"petite","second-15min",38,413,5875,94266,451,100141,4508,43861,624418,9524157,48369,10148575,"Equal Growth Rates"
16,10,960,"petite","second-15min",16,414,2227,97800,430,100027,1702,45415,235064,9879797,47117,10114861,"Equal Growth Rates"
16,11,960,"petite","second-15min",14,427,2311,97981,441,100292,1818,45449,245526,9892940,47267,10138466,"Equal Growth Rates"
16,12,960,"petite","second-15min",14,422,1871,98471,436,100342,1447,45688,197877,9932820,47135,10130697,"Equal Growth Rates"
16,13,960,"petite","second-15min",8,420,1387,98817,428,100204,1074,45731,147600,9980185,46805,10127785,"Equal Growth Rates"
16,14,960,"petite","second-15min",8,427,1456,98778,435,100234,1140,45800,153437,9976368,46940,10129805,"Equal Growth Rates"
16,15,960,"petite","second-15min",6,438,724,99541,444,100265,554,46342,76059,10046804,46896,10122863,"Equal Growth Rates"
16,16,960,"petite","second-15min",1,443,106,100030,444,100136,78,46541,10875,10103442,46619,10114317,"Equal Growth Rates"
29,1,955,"petite","second-15min",356,242,50046,50274,598,100320,38612,22764,5168153,4957255,61376,10125408,"Equal Growth Rates"
29,2,955,"petite","second-15min",319,223,45393,54619,542,100012,34561,24895,4684144,5380694,59456,10064838,"Equal Growth Rates"
29,3,955,"petite","second-15min",308,251,43310,56690,559,100000,33018,25618,4472487,5581952,58636,10054439,"Equal Growth Rates"
29,4,955,"petite","second-15min",248,279,34742,65258,527,100000,26322,29486,3580738,6427745,55808,10008483,"Equal Growth Rates"
29,5,960,"petite","second-15min",197,304,29377,70854,501,100231,22794,32797,3105110,7144851,55591,10249961,"Equal Growth Rates"
29,6,960,"petite","second-15min",152,333,21835,78397,485,100232,16909,36423,2305514,7916282,53332,10221796,"Equal Growth Rates"
29,7,960,"petite","second-15min",133,366,19186,80857,499,100043,15027,37572,2033804,8166635,52599,10200439,"Equal Growth Rates"
29,8,960,"petite","second-15min",95,367,13756,86410,462,100166,10662,40090,1454829,8739302,50752,10194131,"Equal Growth Rates"
29,9,960,"petite","second-15min",64,385,9788,90266,449,100054,7646,42020,1039516,9123852,49666,10163368,"Equal Growth Rates"
29,10,960,"petite","second-15min",47,401,7113,93013,448,100126,5543,43241,755869,9399893,48784,10155762,"Equal Growth Rates"
29,11,960,"petite","second-15min",34,411,4479,95570,445,100049,3461,44321,474507,9651152,47782,10125659,"Equal Growth Rates"
29,12,960,"petite","second-15min",25,406,3722,96549,431,100271,2895,45030,394329,9760473,47925,10154802,"Equal Growth Rates"
29,13,960,"petite","second-15min",21,453,3031,96981,474,100012,2363,44988,322845,9796396,47351,10119241,"Equal Growth Rates"
29,14,960,"petite","second-15min",11,419,1397,98622,430,100019,1084,45859,148304,9965011,46943,10113315,"Equal Growth Rates"
29,15,960,"petite","second-15min",11,428,1729,98506,439,100235,1357,45857,183479,9961708,47214,10145187,"Equal Growth Rates"
29,16,960,"petite","second-15min",7,419,696,99317,426,100013,529,46019,74206,10041508,46548,10115714,"Equal Growth Rates"
29,17,960,"petite","second-15min",3,433,460,99701,436,100161,353,46243,48662,10072802,46596,10121464,"Equal Growth Rates"
29,18,960,"petite","second-15min",1,430,143,99966,431,100109,106,46336,14745,10077207,46442,10091952,"Equal Growth Rates"
11,1,955,"petite","second-15min",369,241,50092,50104,610,100196,38517,22703,5163043,4935253,61220,10098296,"Equal Growth Rates"
11,2,955,"petite","second-15min",290,254,40371,59921,544,100292,30591,27227,4161396,5899006,57818,10060402,"Equal Growth Rates"
11,3,955,"petite","second-15min",232,288,34418,65692,520,100110,26329,29813,3555971,6474205,56142,10030176,"Equal Growth Rates"
11,4,955,"petite","second-15min",207,301,30040,70192,508,100232,22818,31765,3102730,6913022,54583,10015752,"Equal Growth Rates"
11,5,960,"petite","second-15min",181,312,26174,73986,493,100160,20389,34317,2764289,7467737,54706,10232026,"Equal Growth Rates"
11,6,960,"petite","second-15min",172,332,25100,75193,504,100293,19528,34706,2656083,7588975,54234,10245058,"Equal Growth Rates"
11,7,960,"petite","second-15min",152,339,22557,77553,491,100110,17605,35946,2384207,7833250,53551,10217457,"Equal Growth Rates"
11,8,960,"petite","second-15min",151,337,22798,77410,488,100208,17716,35842,2416706,7823368,53558,10240074,"Equal Growth Rates"
11,9,960,"petite","second-15min",135,341,18533,81638,476,100171,14401,37839,1958850,8251450,52240,10210300,"Equal Growth Rates"
11,10,960,"petite","second-15min",112,362,16036,84037,474,100073,12447,38869,1701837,8482893,51316,10184730,"Equal Growth Rates"
11,11,960,"petite","second-15min",89,387,12830,87366,476,100196,9940,40419,1356683,8831028,50359,10187711,"Equal Growth Rates"
11,12,960,"petite","second-15min",70,384,10830,89553,454,100383,8436,41547,1148861,9042065,49983,10190926,"Equal Growth Rates"
11,13,960,"petite","second-15min",49,404,6795,93313,453,100108,5283,43447,722884,9443215,48730,10166099,"Equal Growth Rates"
11,14,960,"petite","second-15min",33,409,4633,95459,442,100092,3633,44285,487133,9639284,47918,10126417,"Equal Growth Rates"
11,15,960,"petite","second-15min",29,432,4074,96024,461,100098,3191,44534,430934,9690913,47725,10121847,"Equal Growth Rates"
11,16,960,"petite","second-15min",21,419,2585,97436,440,100021,2020,45255,274051,9850319,47275,10124370,"Equal Growth Rates"
11,17,960,"petite","second-15min",18,426,2388,97778,444,100166,1861,45375,252928,9869103,47236,10122031,"Equal Growth Rates"
11,18,960,"petite","second-15min",15,428,2435,97639,443,100074,1910,45326,258339,9859562,47236,10117901,"Equal Growth Rates"
11,19,960,"petite","second-15min",14,422,1800,98394,436,100194,1389,45564,191558,9928976,46953,10120534,"Equal Growth Rates"
11,20,960,"petite","second-15min",8,426,935,99260,434,100195,723,46127,99385,10025907,46850,10125292,"Equal Growth Rates"
11,21,960,"petite","second-15min",4,419,718,99368,423,100086,564,46283,76893,10035323,46847,10112216,"Equal Growth Rates"
11,22,960,"petite","second-15min",6,426,721,99411,432,100132,549,46199,75796,10041362,46748,10117158,"Equal Growth Rates"
11,23,960,"petite","second-15min",2,453,222,99994,455,100216,177,46442,23821,10102201,46619,10126022,"Equal Growth Rates"
37,1,890,"petite","second",499,328,50085,50175,827,100260,37831,41858,3694424,6387205,79689,10081629,"Normal"
37,2,870,"petite","second",303,416,31285,68722,719,100007,22570,50815,2248015,7757450,73385,10005465,"Normal"
37,3,860,"petite","second",160,496,17702,82427,656,100129,12268,57725,1211723,8807300,69993,10019023,"Normal"
37,4,855,"petite","second",90,549,9862,90695,639,100557,6614,61663,655553,9427588,68277,10083141,"Normal"
37,5,855,"petite","second",43,597,4707,95494,640,100201,3147,64909,312697,9911473,68056,10224170,"Normal"
37,6,850,"petite","second",23,612,1992,98224,635,100216,1322,65034,129584,9914562,66356,10044146,"Normal"
37,7,850,"petite","second",11,616,1015,99012,627,100027,678,65445,66041,9994860,66123,10060901,"Normal"
37,8,850,"petite","second",4,608,305,99742,612,100047,204,65955,19911,10063468,66159,10083379,"Normal"
37,9,850,"petite","second",2,614,144,99934,616,100078,101,66102,9360,10081822,66203,10091182,"Normal"
30,1,890,"petite","second",497,330,50025,50112,827,100137,37782,41762,3693074,6349176,79544,10042250,"Normal"
30,2,870,"petite","second",271,450,28316,71758,721,100074,20489,53232,2033282,8117765,73721,10151047,"Normal"
30,3,860,"petite","second",135,518,14514,85680,653,100194,10036,59985,988906,9151438,70021,10140344,"Normal"
30,4,855,"petite","second",81,562,9093,90975,643,100068,6126,61660,606107,9432283,67786,10038390,"Normal"
30,5,855,"petite","second",37,595,3515,96839,632,100354,2393,65919,234759,10051336,68312,10286095,"Normal"
30,6,850,"petite","second",17,602,1712,98645,619,100357,1125,65209,111299,9941607,66334,10052906,"Normal"
30,7,850,"petite","second",8,610,941,99143,618,100084,600,65328,60726,9995170,65928,10055896,"Normal"
30,8,850,"petite","second",4,604,382,99711,608,100093,250,66067,24958,10057561,66317,10082519,"Normal"
39,1,890,"petite","second",497,326,50010,50047,823,100057,37848,41710,3690919,6354432,79558,10045351,"Normal"
39,2,870,"petite","second",283,432,29374,70755,715,100129,21462,52429,2116521,8000241,73891,10116762,"Normal"
39,3,860,"petite","second",155,498,16281,83818,653,100099,11198,58489,1112627,8947518,69687,10060145,"Normal"
39,4,855,"petite","second",82,530,9438,90586,612,100024,6296,61610,627227,9393723,67906,10020950,"Normal"
39,5,855,"petite","second",38,585,4003,96199,623,100202,2685,65526,264380,9971284,68211,10235664,"Normal"
39,6,850,"petite","second",13,608,1632,98448,621,100080,1048,65156,105067,9932672,66204,10037739,"Normal"
39,7,850,"petite","second",10,592,912,99135,602,100047,603,65455,60335,9999227,66058,10059562,"Normal"
39,8,850,"petite","second",3,620,267,99737,623,100004,174,65804,17401,10046375,65978,10063776,"Normal"
4,1,890,"petite","second",507,322,50070,50020,829,100090,37785,41555,3698720,6334707,79340,10033427,"Normal"
4,2,875,"petite","second",292,430,32117,67909,722,100026,24040,51942,2369479,7908997,75982,10278476,"Normal"
4,3,865,"petite","second",173,495,19192,80831,668,100023,13482,58263,1344146,8871084,71745,10215230,"Normal"
4,4,860,"petite","second",104,541,11005,89139,645,100144,7516,62541,751799,9531577,70057,10283376,"Normal"
4,5,855,"petite","second",50,575,5060,95021,625,100081,3428,64667,337317,9870003,68095,10207320,"Normal"
4,6,855,"petite","second",23,569,2468,97570,592,100038,1649,66238,164032,10117572,67887,10281604,"Normal"
4,7,850,"petite","second",18,614,1435,98778,632,100213,930,65155,92433,9950763,66085,10043196,"Normal"
4,8,850,"petite","second",4,609,461,99796,613,100257,306,66045,29913,10053009,66351,10082922,"Normal"
4,9,850,"petite","second",3,615,313,99797,618,100110,201,66017,20304,10066241,66218,10086545,"Normal"
4,10,850,"petite","second",1,629,36,100041,630,100077,23,66047,2160,10079033,66070,10081193,"Normal"
3,1,890,"petite","second",502,330,50051,50050,832,100101,37799,41767,3694561,6367415,79566,10061976,"Normal"
3,2,870,"petite","second",297,436,30943,69384,733,100327,22605,51496,2226586,7851058,74101,10077644,"Normal"
3,3,860,"petite","second",140,520,14581,85462,660,100043,9989,59674,993737,9139669,69663,10133406,"Normal"
3,4,855,"petite","second",73,564,7701,92494,637,100195,5143,62791,510517,9592494,67934,10103011,"Normal"
3,5,855,"petite","second",40,587,4306,95763,627,100069,2903,64958,287269,9926880,67861,10214149,"Normal"
3,6,850,"petite","second",19,607,2423,97648,626,100071,1590,64568,157342,9853844,66158,10011186,"Normal"
3,7,850,"petite","second",11,605,1244,98810,616,100054,806,65520,81155,9963611,66326,10044766,"Normal"
3,8,850,"petite","second",5,599,358,99839,604,100197,241,65775,23435,10064139,66016,10087574,"Normal"
3,9,850,"petite","second",3,613,198,99869,616,100067,125,65888,12588,10075905,66013,10088493,"Normal"
2,1,890,"petite","second",508,338,50024,50085,846,100109,37649,41654,3695468,6361649,79303,10057117,"Normal"
2,2,870,"petite","second",279,430,29080,71045,709,100125,21197,52690,2095616,8030546,73887,10126162,"Normal"
2,3,860,"petite","second",161,509,16764,83364,670,100128,11519,58360,1143218,8907774,69879,10050992,"Normal"
2,4,855,"petite","second",73,558,7496,92573,631,100069,4975,62888,496529,9605387,67863,10101916,"Normal"
2,5,855,"petite","second",30,597,3206,96873,627,100079,2149,65904,213773,10069040,68053,10282813,"Normal"
2,6,850,"petite","second",19,592,1959,98151,611,100110,1279,64881,126896,9906517,66160,10033413,"Normal"
2,7,850,"petite","second",15,610,1423,98755,625,100178,911,65256,91017,9948032,66167,10039049,"Normal"
2,8,850,"petite","second",5,599,767,99239,604,100006,488,65548,50150,10000840,66036,10050990,"Normal"
2,9,850,"petite","second",6,631,678,99498,637,100176,451,65584,44473,10033017,66035,10077490,"Normal"
2,10,850,"petite","second",4,601,429,99586,605,100015,287,65709,28165,10034614,65996,10062779,"Normal"
2,11,850,"petite","second",3,626,230,99809,629,100039,156,65795,15138,10057863,65951,10073001,"Normal"
2,12,850,"petite","second",3,600,340,99881,603,100221,222,65966,21643,10071402,66188,10093045,"Normal"
2,13,850,"petite","second",3,599,372,99674,602,100046,243,66022,24106,10051788,66265,10075894,"Normal"
2,14,850,"petite","second",3,629,329,99744,632,100073,213,66049,20843,10063182,66262,10084025,"Normal"
38,1,890,"petite","second",509,307,50088,50085,816,100173,38009,41616,3702774,6355775,79625,10058549,"Normal"
38,2,875,"petite","second",310,420,33281,66755,730,100036,24816,50786,2452596,7759679,75602,10212275,"Normal"
38,3,865,"petite","second",189,505,18905,81223,694,100128,13511,58452,1328108,8919770,71963,10247878,"Normal"
38,4,855,"petite","second",83,551,8631,91772,634,100403,5726,62184,572439,9525479,67910,10097918,"Normal"
38,5,855,"petite","second",49,576,5001,95095,625,100096,3348,64576,334531,9879600,67924,10214131,"Normal"
38,6,850,"petite","second",18,579,1954,98208,597,100162,1274,64667,126630,9891419,65941,10018049,"Normal"
38,7,850,"petite","second",8,607,649,99519,615,100168,409,65910,41529,10044381,66319,10085910,"Normal"
38,8,850,"petite","second",1,612,81,99985,613,100066,55,66247,5318,10101126,66302,10106444,"Normal"
38,9,850,"petite","second",1,602,106,100050,603,100156,71,66346,6983,10093862,66417,10100845,"Normal"
5,1,890,"petite","second",491,331,50083,50173,822,100256,37814,41596,3696548,6365485,79410,10062033,"Normal"
5,2,870,"petite","second",281,435,29217,70928,716,100145,21263,52665,2104193,8031290,73928,10135483,"Normal"
5,3,860,"petite","second",145,520,15426,84574,665,100000,10599,59300,1052619,9028473,69899,10081092,"Normal"
5,4,855,"petite","second",77,555,7873,92198,632,100071,5278,62804,523923,9571633,68082,10095556,"Normal"
5,5,855,"petite","second",40,580,4345,95791,620,100136,2906,65029,289027,9925369,67935,10214396,"Normal"
5,6,850,"petite","second",15,610,1549,98518,625,100067,1017,65011,100350,9932890,66028,10033240,"Normal"
5,7,850,"petite","second",10,593,960,99104,603,100064,608,65585,61347,9985385,66193,10046732,"Normal"
5,8,850,"petite","second",3,604,253,100009,607,100262,169,66160,16577,10076664,66329,10093241,"Normal"
31,1,890,"petite","second",504,325,50001,50208,829,100209,37849,41657,3696490,6362427,79506,10058917,"Normal"
31,2,870,"petite","second",276,394,30717,69312,670,100029,22386,51399,2210279,7840830,73785,10051109,"Normal"
31,3,860,"petite","second",156,510,15879,84401,666,100280,11023,59177,1084314,9009035,70200,10093349,"Normal"
31,4,855,"petite","second",64,566,7136,92935,630,100071,4764,63127,473919,9633393,67891,10107312,"Normal"
31,5,855,"petite","second",34,584,3456,96590,618,100046,2339,65643,228917,10018481,67982,10247398,"Normal"
31,6,850,"petite","second",23,607,2463,97672,630,100135,1599,64263,159410,9840591,65862,10000001,"Normal"
31,7,850,"petite","second",13,602,1357,98646,615,100003,876,65058,87815,9943319,65934,10031134,"Normal"
31,8,850,"petite","second",7,601,709,99374,608,100083,454,65520,46325,10017440,65974,10063765,"Normal"
31,9,850,"petite","second",4,609,425,99713,613,100138,276,65972,27248,10050098,66248,10077346,"Normal"
31,10,850,"petite","second",2,599,98,99910,601,100008,63,66243,6335,10082531,66306,10088866,"Normal"
36,1,890,"petite","second",521,325,50001,50039,846,100040,37778,41590,3683153,6344682,79368,10027835,"Normal"
36,2,870,"petite","second",274,429,29283,70761,703,100044,21240,52434,2101708,7989460,73674,10091168,"Normal"
36,3,860,"petite","second",158,518,16896,83144,676,100040,11612,58117,1152132,8876379,69729,10028511,"Normal"
36,4,855,"petite","second",91,561,9514,90705,652,100219,6446,61690,631965,9409757,68136,10041722,"Normal"
36,5,855,"petite","second",40,583,4267,95854,623,100121,2811,65129,282764,9946028,67940,10228792,"Normal"
36,6,855,"petite","second",25,600,2648,97398,625,100046,1782,66356,176171,10111351,68138,10287522,"Normal"
36,7,850,"petite","second",15,597,1526,98490,612,100016,1000,65061,99118,9918202,66061,10017320,"Normal"
36,8,850,"petite","second",6,613,637,99428,619,100065,427,65831,40855,10034991,66258,10075846,"Normal"
36,9,850,"petite","second",2,620,242,99947,622,100189,162,66025,15684,10073748,66187,10089432,"Normal"
36,10,850,"petite","second",3,592,437,99684,595,100121,279,65879,28256,10048319,66158,10076575,"Normal"
36,11,850,"petite","second",1,586,60,100227,587,100287,39,66150,3817,10109132,66189,10112949,"Normal"
14,1,890,"petite","second",507,329,50106,50070,836,100176,37809,41739,3702782,6357626,79548,10060408,"Normal"
14,2,870,"petite","second",291,429,30593,69505,720,100098,22390,51541,2207087,7854140,73931,10061227,"Normal"
14,3,860,"petite","second",172,498,17969,82117,670,100086,12353,57566,1225630,8776974,69919,10002604,"Normal"
14,4,855,"petite","second",89,547,9196,90960,636,100156,6175,61828,612141,9438995,68003,10051136,"Normal"
14,5,855,"petite","second",47,586,4739,95312,633,100051,3178,64635,315221,9877532,67813,10192753,"Normal"
14,6,850,"petite","second",18,612,2014,97997,630,100011,1326,64795,129437,9871102,66121,10000539,"Normal"
14,7,850,"petite","second",10,604,931,99178,614,100109,641,65678,61452,9989999,66319,10051451,"Normal"
14,8,850,"petite","second",6,609,542,99466,615,100008,345,65871,34900,10034439,66216,10069339,"Normal"
14,9,850,"petite","second",4,614,393,99772,618,100165,262,65853,25716,10052081,66115,10077797,"Normal"
14,10,850,"petite","second",2,607,177,99959,609,100136,112,65884,11443,10071208,65996,10082651,"Normal"
13,1,890,"petite","second",510,334,50051,50109,844,100160,37869,41739,3699124,6364768,79608,10063892,"Normal"
13,2,870,"petite","second",282,439,29921,70140,721,100061,21744,51915,2157850,7942356,73659,10100206,"Normal"
13,3,865,"petite","second",169,490,18384,81727,659,100111,13020,59013,1284061,8992912,72033,10276973,"Normal"
13,4,855,"petite","second",92,551,9997,90018,643,100015,6770,61244,666793,9343606,68014,10010399,"Normal"
13,5,855,"petite","second",49,581,5183,94823,630,100006,3469,64332,344872,9840860,67801,10185732,"Normal"
13,6,855,"petite","second",28,582,2867,97294,610,100161,1933,66091,190200,10082744,68024,10272944,"Normal"
13,7,850,"petite","second",11,601,1075,99128,612,100203,716,65584,70036,9988953,66300,10058989,"Normal"
13,8,850,"petite","second",4,604,535,99538,608,100073,346,65884,34300,10038011,66230,10072311,"Normal"
13,9,850,"petite","second",3,614,262,99894,617,100156,177,66090,16833,10067761,66267,10084594,"Normal"
13,10,850,"petite","second",1,587,40,100088,588,100128,26,66159,2428,10092728,66185,10095156,"Normal"
13,11,850,"petite","second",1,598,55,100127,599,100182,36,66476,3354,10099690,66512,10103044,"Normal"
25,1,890,"petite","second",511,318,50063,50333,829,100396,37835,41741,3697364,6382175,79576,10079539,"Normal"
25,2,870,"petite","second",267,459,27575,72544,726,100119,20099,53991,1986581,8204763,74090,10191344,"Normal"
25,3,860,"petite","second",146,530,15010,85270,676,100280,10359,59616,1025527,9093413,69975,10118940,"Normal"
25,4,855,"petite","second",56,578,5942,94061,634,100003,4013,64041,395455,9763299,68054,10158754,"Normal"
25,5,850,"petite","second",28,593,2578,97580,621,100158,1693,64374,166693,9845702,66067,10012395,"Normal"
25,6,850,"petite","second",8,595,827,99256,603,100083,541,65465,54133,10011166,66006,10065299,"Normal"
25,7,850,"petite","second",5,604,383,99643,609,100026,243,65990,24657,10040676,66233,10065333,"Normal"
22,1,890,"petite","second",501,337,50010,50201,838,100211,37912,41693,3692100,6364542,79605,10056642,"Normal"
22,2,870,"petite","second",266,448,27493,72680,714,100173,19918,53786,1973260,8224350,73704,10197610,"Normal"
22,3,860,"petite","second",135,498,15108,84954,633,100062,10376,59481,1030655,9073761,69857,10104416,"Normal"
22,4,855,"petite","second",71,592,6926,93110,663,100036,4618,63179,459685,9663227,67797,10122912,"Normal"
22,5,855,"petite","second",30,590,3516,96505,620,100021,2338,65707,233604,10025923,68045,10259527,"Normal"
22,6,850,"petite","second",16,607,1722,98350,623,100072,1116,65017,110482,9928375,66133,10038857,"Normal"
22,7,850,"petite","second",6,608,759,99259,614,100018,497,65808,49317,10009476,66305,10058793,"Normal"
22,8,850,"petite","second",4,612,442,99763,616,100205,297,65940,28881,10061825,66237,10090706,"Normal"
22,9,850,"petite","second",2,612,158,99952,614,100110,101,66159,10119,10089719,66260,10099838,"Normal"
22,10,850,"petite","second",2,618,162,99851,620,100013,109,65976,10580,10062419,66085,10072999,"Normal"
22,11,850,"petite","second",1,608,77,99987,609,100064,47,66138,4940,10087514,66185,10092454,"Normal"
49,1,890,"petite","second",508,329,50066,50186,837,100252,37747,41667,3696388,6360452,79414,10056840,"Normal"
49,2,870,"petite","second",267,433,28974,71119,700,100093,20984,52753,2085240,8043317,73737,10128557,"Normal"
49,3,860,"petite","second",155,512,16468,83595,667,100063,11417,58515,1125605,8922656,69932,10048261,"Normal"
49,4,855,"petite","second",82,569,8770,91487,651,100257,5887,62376,585870,9506551,68263,10092421,"Normal"
49,5,855,"petite","second",53,587,5593,94427,640,100020,3758,64277,370986,9799831,68035,10170817,"Normal"
49,6,855,"petite","second",26,601,3288,96742,627,100030,2195,65790,218682,10040799,67985,10259481,"Normal"
49,7,850,"petite","second",7,614,594,99573,621,100167,400,65880,38654,10036340,66280,10074994,"Normal"
49,8,850,"petite","second",5,610,340,99801,615,100141,228,66038,21919,10059976,66266,10081895,"Normal"
49,9,850,"petite","second",2,620,129,99878,622,100007,85,65876,8543,10072908,65961,10081451,"Normal"
47,1,890,"petite","second",502,322,50058,50006,824,100064,37663,41642,3690398,6344468,79305,10034866,"Normal"
47,2,870,"petite","second",294,403,31780,68316,697,100096,23178,50797,2286747,7735668,73975,10022415,"Normal"
47,3,860,"petite","second",157,507,17315,83164,664,100479,12012,58307,1185915,8896780,70319,10082695,"Normal"
47,4,855,"petite","second",84,540,9408,90694,624,100102,6309,61480,625492,9407881,67789,10033373,"Normal"
47,5,855,"petite","second",34,576,3418,96719,610,100137,2318,65946,227709,10047378,68264,10275087,"Normal"
47,6,850,"petite","second",16,614,1618,98589,630,100207,1051,65340,104690,9947922,66391,10052612,"Normal"
47,7,850,"petite","second",9,604,1005,99146,613,100151,664,65461,65871,10004512,66125,10070383,"Normal"
47,8,850,"petite","second",4,615,583,99570,619,100153,375,66031,37144,10064096,66406,10101240,"Normal"
47,9,850,"petite","second",2,612,247,99921,614,100168,170,66039,16136,10072374,66209,10088510,"Normal"
47,10,850,"petite","second",2,605,345,99739,607,100084,227,65712,22468,10051068,65939,10073536,"Normal"
47,11,850,"petite","second",2,610,135,99914,612,100049,84,65851,9029,10072185,65935,10081214,"Normal"
40,1,890,"petite","second",498,328,50033,50015,826,100048,37663,41489,3694885,6335622,79152,10030507,"Normal"
40,2,870,"petite","second",261,430,27731,72338,691,100069,20240,53619,1992868,8183071,73859,10175939,"Normal"
40,3,860,"petite","second",119,526,12981,87106,645,100087,9009,61027,885089,9304163,70036,10189252,"Normal"
40,4,855,"petite","second",66,582,7757,92379,648,100136,5190,62690,515975,9580469,67880,10096444,"Normal"
40,5,855,"petite","second",41,581,4552,95608,622,100160,3030,65015,301759,9935370,68045,10237129,"Normal"
40,6,850,"petite","second",21,615,2338,97800,636,100138,1533,64680,151441,9868305,66213,10019746,"Normal"
40,7,850,"petite","second",16,599,1741,98394,615,100135,1120,64870,111726,9911126,65990,10022852,"Normal"
40,8,850,"petite","second",10,613,1003,99294,623,100297,653,65373,65029,9991648,66026,10056677,"Normal"
40,9,850,"petite","second",5,609,419,99759,614,100178,283,65844,27669,10063862,66127,10091531,"Normal"
40,10,850,"petite","second",5,619,483,99536,624,100019,303,65791,30930,10025435,66094,10056365,"Normal"
40,11,850,"petite","second",5,610,602,99599,615,100201,397,65719,39498,10028472,66116,10067970,"Normal"
40,12,850,"petite","second",4,602,452,99733,606,100185,287,66045,29510,10068330,66332,10097840,"Normal"
40,13,850,"petite","second",2,612,162,99885,614,100047,107,66106,10093,10078662,66213,10088755,"Normal"
40,14,850,"petite","second",1,614,67,100099,615,100166,46,66066,4234,10095329,66112,10099563,"Normal"
23,1,890,"petite","second",503,336,50007,50116,839,100123,37792,41545,3690432,6355762,79337,10046194,"Normal"
23,2,870,"petite","second",284,437,30298,69926,721,100224,22071,52115,2176752,7920186,74186,10096938,"Normal"
23,3,860,"petite","second",165,526,16816,83254,691,100070,11591,58431,1149745,8891823,70022,10041568,"Normal"
23,4,855,"petite","second",78,545,8662,91744,623,100406,5788,62398,575671,9519495,68186,10095166,"Normal"
23,5,855,"petite","second",44,584,4561,95590,628,100151,3056,65133,304908,9920825,68189,10225733,"Normal"
23,6,855,"petite","second",22,585,2597,97520,607,100117,1751,66354,172946,10118978,68105,10291924,"Normal"
23,7,850,"petite","second",18,588,2153,97990,606,100143,1406,64711,139270,9876828,66117,10016098,"Normal"
23,8,850,"petite","second",8,606,583,99540,614,100123,376,65849,37957,10043839,66225,10081796,"Normal"
23,9,850,"petite","second",3,623,323,99717,626,100040,202,65578,20577,10043598,65780,10064175,"Normal"
23,10,850,"petite","second",1,602,109,99906,603,100015,75,65925,7069,10076997,66000,10084066,"Normal"
23,11,850,"petite","second",1,612,109,99987,613,100096,75,66346,6982,10081331,66421,10088313,"Normal"
23,12,850,"petite","second",1,611,109,99910,612,100019,76,65932,7327,10080606,66008,10087933,"Normal"
23,13,850,"petite","second",1,609,124,99970,610,100094,87,65935,8316,10082458,66022,10090774,"Normal"
24,1,890,"petite","second",503,329,50008,50040,832,100048,37705,41586,3692558,6351350,79291,10043908,"Normal"
24,2,870,"petite","second",286,424,31194,68855,710,100049,22609,51094,2242882,7796088,73703,10038970,"Normal"
24,3,860,"petite","second",146,497,15838,84395,643,100233,10903,59179,1082152,9013320,70082,10095472,"Normal"
24,4,855,"petite","second",80,557,8362,91642,637,100004,5644,62381,556016,9502389,68025,10058405,"Normal"
24,5,855,"petite","second",35,588,3245,96771,623,100016,2169,65934,217046,10051577,68103,10268623,"Normal"
24,6,850,"petite","second",13,608,1558,98487,621,100045,1061,65195,102469,9935769,66256,10038238,"Normal"
24,7,850,"petite","second",7,601,617,99520,608,100137,415,65791,40276,10038685,66206,10078961,"Normal"
24,8,850,"petite","second",5,612,468,99743,617,100211,305,65778,29801,10058526,66083,10088327,"Normal"
24,9,850,"petite","second",2,612,301,99921,614,100222,200,65975,19603,10074738,66175,10094341,"Normal"
24,10,850,"petite","second",4,632,316,99810,636,100126,205,66177,20574,10072605,66382,10093179,"Normal"
12,1,890,"petite","second",517,334,50116,50196,851,100312,37828,41702,3696857,6366922,79530,10063779,"Normal"
12,2,870,"petite","second",290,426,29958,70166,716,100124,21686,52333,2155695,7945916,74019,10101611,"Normal"
12,3,860,"petite","second",150,539,16226,83868,689,100094,11203,58700,1109063,8959436,69903,10068499,"Normal"
12,4,855,"petite","second",87,551,9734,90475,638,100209,6519,61358,647804,9380199,67877,10028003,"Normal"
12,5,855,"petite","second",46,595,5331,94752,641,100083,3536,64510,351765,9822715,68046,10174480,"Normal"
12,6,855,"petite","second",26,590,2608,97581,616,100189,1741,66383,173935,10116997,68124,10290932,"Normal"
12,7,850,"petite","second",10,613,1344,98730,623,100074,876,65410,85754,9968111,66286,10053865,"Normal"
12,8,850,"petite","second",3,596,293,99721,599,100014,189,65828,18540,10052262,66017,10070802,"Normal"
12,9,850,"petite","second",4,611,382,99636,615,100018,243,65689,25080,10040370,65932,10065450,"Normal"
12,10,850,"petite","second",1,608,61,99975,609,100036,40,65959,4007,10078493,65999,10082500,"Normal"
15,1,890,"petite","second",493,332,50017,50047,825,100064,37460,41728,3688993,6360974,79188,10049967,"Normal"
15,2,875,"petite","second",299,408,32303,67765,707,100068,24105,51817,2381852,7884602,75922,10266454,"Normal"
15,3,860,"petite","second",162,511,17494,82560,673,100054,12075,57831,1194005,8817852,69906,10011857,"Normal"
15,4,855,"petite","second",81,541,8540,91490,622,100030,5687,62246,566424,9508494,67933,10074918,"Normal"
15,5,855,"petite","second",50,584,5295,94966,634,100261,3534,64420,351221,9848569,67954,10199790,"Normal"
15,6,855,"petite","second",23,581,2418,97753,604,100171,1619,66371,160095,10127837,67990,10287932,"Normal"
15,7,850,"petite","second",13,598,1249,98936,611,100185,811,65296,81558,9975753,66107,10057311,"Normal"
15,8,850,"petite","second",5,591,482,99609,596,100091,314,65771,32042,10030788,66085,10062830,"Normal"
15,9,850,"petite","second",1,604,127,100017,605,100144,78,66057,8342,10088319,66135,10096661,"Normal"
41,1,890,"petite","second",502,301,50102,50162,803,100264,37848,41737,3702187,6363298,79585,10065485,"Normal"
41,2,870,"petite","second",284,425,29792,70519,709,100311,21600,52480,2139991,7985941,74080,10125932,"Normal"
41,3,860,"petite","second",154,505,16512,83619,659,100131,11379,58484,1130430,8921948,69863,10052378,"Normal"
41,4,855,"petite","second",82,586,8564,91576,668,100140,5789,62277,571113,9496204,68066,10067317,"Normal"
41,5,855,"petite","second",34,586,3559,96644,620,100203,2439,65743,236673,10041029,68182,10277702,"Normal"
41,6,850,"petite","second",11,611,1065,99368,622,100433,711,65775,69368,10018382,66486,10087750,"Normal"
46,1,890,"petite","second",488,323,50027,50116,811,100143,37862,41741,3696269,6356441,79603,10052710,"Normal"
46,2,870,"petite","second",299,418,31332,68730,717,100062,22788,51054,2256827,7774181,73842,10031008,"Normal"
46,3,860,"petite","second",160,501,16647,83454,661,100101,11411,58441,1132926,8914349,69852,10047275,"Normal"
46,4,855,"petite","second",75,560,8315,91910,635,100225,5562,62553,550661,9533642,68115,10084303,"Normal"
46,5,855,"petite","second",22,604,2237,97770,626,100007,1487,66276,148679,10130416,67763,10279095,"Normal"
46,6,850,"petite","second",13,607,1349,98667,620,100016,866,65273,86133,9950415,66139,10036548,"Normal"
46,7,850,"petite","second",4,617,498,99591,621,100089,332,65769,32658,10038437,66101,10071095,"Normal"
46,8,850,"petite","second",2,606,165,100064,608,100229,110,66134,11028,10081466,66244,10092494,"Normal"
46,9,850,"petite","second",2,598,210,99842,600,100052,128,65860,13681,10068650,65988,10082331,"Normal"
48,1,890,"petite","second",506,324,50071,50005,830,100076,37781,41598,3692749,6341913,79379,10034662,"Normal"
48,2,875,"petite","second",316,410,32965,67194,726,100159,24595,51275,2429675,7830576,75870,10260251,"Normal"
48,3,865,"petite","second",186,506,19290,80721,692,100011,13661,58128,1353099,8872291,71789,10225390,"Normal"
48,4,855,"petite","second",86,572,9136,90895,658,100031,6170,62084,607019,9445065,68254,10052084,"Normal"
48,5,855,"petite","second",42,586,3825,96227,628,100052,2542,65446,254888,9982548,67988,10237436,"Normal"
48,6,850,"petite","second",11,587,1187,98855,598,100042,768,65324,76734,9961116,66092,10037850,"Normal"
48,7,850,"petite","second",2,629,220,100003,631,100223,154,66184,14598,10105232,66338,10119830,"Normal"
33,1,890,"petite","second",510,327,50016,50005,837,100021,37757,41708,3697093,6347153,79465,10044246,"Normal"
33,2,875,"petite","second",301,425,32964,67083,726,100047,24590,51171,2431403,7803309,75761,10234712,"Normal"
33,3,865,"petite","second",170,504,18434,81644,674,100078,13111,58869,1289833,8973265,71980,10263098,"Normal"
33,4,855,"petite","second",107,568,10898,89540,675,100438,7290,60773,722964,9279160,68063,10002124,"Normal"
33,5,855,"petite","second",45,571,5214,94954,616,100168,3503,64540,348357,9851612,68043,10199969,"Normal"
33,6,855,"petite","second",18,563,1941,98149,581,100090,1303,66529,127805,10161348,67832,10289153,"Normal"
33,7,850,"petite","second",6,591,652,99369,597,100021,425,65651,42038,10024947,66076,10066985,"Normal"
33,8,850,"petite","second",2,613,140,100225,615,100365,89,66221,8930,10093971,66310,10102901,"Normal"
33,9,850,"petite","second",1,608,134,99933,609,100067,91,65958,8736,10073914,66049,10082650,"Normal"
33,10,850,"petite","second",1,603,69,100220,604,100289,48,66342,4491,10106985,66390,10111476,"Normal"
9,1,890,"petite","second",503,320,50032,50038,823,100070,37762,41577,3691863,6348992,79339,10040855,"Normal"
9,2,870,"petite","second",276,434,28604,71508,710,100112,20848,53074,2058811,8086492,73922,10145303,"Normal"
9,3,860,"petite","second",151,504,16463,83585,655,100048,11374,58720,1124034,8936604,70094,10060638,"Normal"
9,4,855,"petite","second",71,544,7634,92456,615,100090,5113,62907,506451,9591884,68020,10098335,"Normal"
9,5,855,"petite","second",31,607,3004,97079,638,100083,2043,66157,199473,10081048,68200,10280521,"Normal"
9,6,850,"petite","second",16,598,1439,98808,614,100247,925,65422,91399,9967955,66347,10059354,"Normal"
9,7,850,"petite","second",8,620,947,99134,628,100081,607,65450,62102,9998669,66057,10060771,"Normal"
9,8,850,"petite","second",6,610,724,99384,616,100108,468,65715,46597,10029223,66183,10075820,"Normal"
9,9,850,"petite","second",4,611,332,99794,615,100126,213,65776,21003,10056050,65989,10077053,"Normal"
9,10,850,"petite","second",1,602,149,99976,603,100125,102,66049,9904,10068395,66151,10078299,"Normal"
9,11,850,"petite","second",1,609,102,99984,610,100086,72,65968,6447,10071110,66040,10077557,"Normal"
34,1,890,"petite","second",510,334,50156,50101,844,100257,38009,41577,3706827,6357712,79586,10064539,"Normal"
34,2,870,"petite","second",262,450,28038,72194,712,100232,20332,53647,2012517,8155859,73979,10168376,"Normal"
34,3,860,"petite","second",150,495,15418,84722,645,100140,10614,59280,1051713,9049799,69894,10101512,"Normal"
34,4,855,"petite","second",77,561,8380,91706,638,100086,5582,62450,556172,9519213,68032,10075385,"Normal"
34,5,855,"petite","second",32,578,3968,96273,610,100241,2672,65235,263451,9979060,67907,10242511,"Normal"
34,6,850,"petite","second",20,594,1976,98313,614,100289,1291,64760,127218,9905272,66051,10032490,"Normal"
34,7,850,"petite","second",9,602,789,99278,611,100067,517,65708,51579,10012000,66225,10063579,"Normal"
34,8,850,"petite","second",3,607,494,99611,610,100105,315,65825,32241,10048510,66140,10080751,"Normal"
34,9,850,"petite","second",4,607,469,99716,611,100185,304,65991,30366,10047978,66295,10078344,"Normal"
7,1,890,"petite","second",507,330,50029,50273,837,100302,37566,41688,3688346,6379497,79254,10067843,"Normal"
7,2,870,"petite","second",237,434,25969,74106,671,100075,18797,55102,1868095,8396334,73899,10264429,"Normal"
7,3,860,"petite","second",120,523,12475,87655,643,100130,8567,61548,853413,9372818,70115,10226231,"Normal"
7,4,855,"petite","second",59,572,5771,94481,631,100252,3842,64049,382331,9795365,67891,10177696,"Normal"
7,5,850,"petite","second",24,584,2602,97461,608,100063,1708,64547,169585,9837005,66255,10006590,"Normal"
7,6,850,"petite","second",14,614,1551,98581,628,100132,1049,65300,101082,9959487,66349,10060569,"Normal"
7,7,850,"petite","second",7,614,593,99467,621,100060,398,65735,38042,10027498,66133,10065540,"Normal"
7,8,850,"petite","second",4,603,389,99658,607,100047,254,65814,25152,10038536,66068,10063688,"Normal"
7,9,850,"petite","second",1,610,70,100198,611,100268,51,66260,4674,10117512,66311,10122186,"Normal"
6,1,890,"petite","second",503,327,50018,50101,830,100119,37844,41810,3699901,6360300,79654,10060201,"Normal"
6,2,870,"petite","second",283,433,28983,71213,716,100196,21095,52867,2086770,8053034,73962,10139804,"Normal"
6,3,860,"petite","second",137,529,13817,86298,666,100115,9454,60532,943160,9218212,69986,10161372,"Normal"
6,4,855,"petite","second",68,572,7327,92723,640,100050,4957,62978,487935,9602973,67935,10090908,"Normal"
6,5,855,"petite","second",40,594,3859,96176,634,100035,2563,65446,255199,9973598,68009,10228797,"Normal"
6,6,850,"petite","second",9,593,1149,98863,602,100012,753,65247,75052,9955998,66000,10031050,"Normal"
6,7,850,"petite","second",9,597,1013,98990,606,100003,647,65237,65125,9980038,65884,10045163,"Normal"
6,8,850,"petite","second",7,594,833,99417,601,100250,545,65678,54102,10022464,66223,10076566,"Normal"
6,9,850,"petite","second",2,604,194,99899,606,100093,129,66292,12707,10086850,66421,10099557,"Normal"
6,10,850,"petite","second",4,610,331,99679,614,100010,207,65914,21263,10040571,66121,10061834,"Normal"
6,11,850,"petite","second",2,599,205,99872,601,100077,136,65833,13735,10063553,65969,10077288,"Normal"
6,12,850,"petite","second",1,604,72,100070,605,100142,40,66074,4644,10083286,66114,10087930,"Normal"
1,1,890,"petite","second",508,329,50076,50098,837,100174,37999,41682,3699416,6360920,79681,10060336,"Normal"
1,2,870,"petite","second",264,429,27034,72995,693,100029,19729,53982,1944263,8251347,73711,10195610,"Normal"
1,3,860,"petite","second",132,523,13102,86939,655,100041,9078,61074,892904,9287642,70152,10180546,"Normal"
1,4,855,"petite","second",71,566,7292,92748,637,100040,4863,63137,485414,9616909,68000,10102323,"Normal"
1,5,855,"petite","second",34,581,3885,96372,615,100257,2597,65566,258210,10001269,68163,10259479,"Normal"
1,6,850,"petite","second",15,623,1350,98806,638,100156,873,65539,87791,9970426,66412,10058217,"Normal"
1,7,850,"petite","second",10,620,864,99216,630,100080,575,65613,56315,10013053,66188,10069368,"Normal"
1,8,850,"petite","second",3,627,261,99744,630,100005,169,65911,17206,10044338,66080,10061544,"Normal"
1,9,850,"petite","second",2,617,148,99886,619,100034,97,66065,9418,10067921,66162,10077339,"Normal"
1,10,850,"petite","second",2,612,201,99893,614,100094,127,65823,13060,10063508,65950,10076568,"Normal"
1,11,850,"petite","second",1,617,145,99987,618,100132,96,66014,9511,10086528,66110,10096039,"Normal"
1,12,850,"petite","second",2,603,201,99815,605,100016,141,66026,13073,10067612,66167,10080685,"Normal"
1,13,850,"petite","second",2,622,187,99825,624,100012,121,65900,11999,10073214,66021,10085213,"Normal"
8,1,890,"petite","second",514,318,50091,50071,832,100162,37768,41629,3691279,6349653,79397,10040932,"Normal"
8,2,870,"petite","second",274,444,28093,72016,718,100109,20448,53625,2016883,8149924,74073,10166807,"Normal"
8,3,860,"petite","second",148,505,15650,84360,653,100010,10773,59212,1068650,9010459,69985,10079109,"Normal"
8,4,855,"petite","second",93,545,9691,90403,638,100094,6504,61494,644646,9383938,67998,10028584,"Normal"
8,5,855,"petite","second",43,597,4629,95408,640,100037,3122,64775,309580,9893816,67897,10203396,"Normal"
8,6,850,"petite","second",18,591,1996,98226,609,100222,1324,65011,130273,9894591,66335,10024864,"Normal"
8,7,850,"petite","second",11,614,1233,98818,625,100051,802,65584,79506,9978285,66386,10057791,"Normal"
8,8,850,"petite","second",5,603,660,99415,608,100075,438,65646,43215,10025782,66084,10068997,"Normal"
8,9,850,"petite","second",3,600,242,99766,603,100008,159,65944,15711,10059722,66103,10075433,"Normal"
8,10,850,"petite","second",1,614,75,100041,615,100116,44,66109,4730,10077213,66153,10081943,"Normal"
35,1,890,"petite","second",506,336,50078,50079,842,100157,37884,41650,3691752,6351061,79534,10042813,"Normal"
35,2,875,"petite","second",301,422,32574,67609,723,100183,24376,51541,2408992,7866507,75917,10275499,"Normal"
35,3,865,"petite","second",191,491,18722,81301,682,100023,13287,58501,1310639,8940883,71788,10251522,"Normal"
35,4,855,"petite","second",76,558,8187,91813,634,100000,5545,62281,546452,9533501,67826,10079953,"Normal"
35,5,855,"petite","second",37,584,3532,96515,621,100047,2356,65676,234155,10022236,68032,10256391,"Normal"
35,6,850,"petite","second",15,589,1779,98342,604,100121,1150,65098,115629,9907913,66248,10023542,"Normal"
35,7,850,"petite","second",4,617,386,99618,621,100004,254,65639,24501,10041125,65893,10065626,"Normal"
35,8,850,"petite","second",3,605,297,99710,608,100007,194,65832,18927,10057372,66026,10076299,"Normal"
35,9,850,"petite","second",1,596,71,100234,597,100305,43,66231,4510,10118385,66274,10122895,"Normal"
32,1,890,"petite","second",498,322,50008,50066,820,100074,37700,41566,3691179,6336956,79266,10028135,"Normal"
32,2,870,"petite","second",282,414,31800,68420,696,100220,23186,50785,2281146,7744954,73971,10026100,"Normal"
32,3,860,"petite","second",156,503,15782,84319,659,100101,10830,59159,1075765,9000475,69989,10076240,"Normal"
32,4,855,"petite","second",86,567,9018,91086,653,100104,6068,61844,598571,9444641,67912,10043212,"Normal"
32,5,855,"petite","second",49,593,4683,95380,642,100063,3147,65036,310045,9901510,68183,10211555,"Normal"
32,6,850,"petite","second",16,609,1980,98125,625,100105,1293,64898,127570,9889083,66191,10016653,"Normal"
32,7,850,"petite","second",6,612,716,99368,618,100084,467,65744,46257,10024808,66211,10071065,"Normal"
32,8,850,"petite","second",4,600,464,99627,604,100091,303,65959,30023,10056735,66262,10086758,"Normal"
32,9,850,"petite","second",1,616,149,99945,617,100094,98,66051,9532,10086175,66149,10095707,"Normal"
32,10,850,"petite","second",1,625,197,99850,626,100047,133,66053,12539,10063076,66186,10075615,"Normal"
32,11,850,"petite","second",1,600,57,99966,601,100023,42,65987,3866,10076632,66029,10080498,"Normal"
50,1,890,"petite","second",529,329,50049,50027,858,100076,37843,41702,3687900,6353681,79545,10041581,"Normal"
50,2,870,"petite","second",288,412,30994,69151,700,100145,22523,51283,2230362,7818305,73806,10048667,"Normal"
50,3,865,"petite","second",170,492,19222,80788,662,100010,13677,58263,1346638,8875638,71940,10222276,"Normal"
50,4,855,"petite","second",98,536,10217,89845,634,100062,6867,61050,679565,9322871,67917,10002436,"Normal"
50,5,855,"petite","second",43,578,4450,95623,621,100073,2963,65118,295193,9917016,68081,10212209,"Normal"
50,6,855,"petite","second",22,588,2589,97434,610,100023,1718,66032,171859,10104854,67750,10276713,"Normal"
50,7,850,"petite","second",10,614,1085,99135,624,100220,694,65435,69763,9998646,66129,10068409,"Normal"
50,8,850,"petite","second",2,603,234,99820,605,100054,149,65913,15218,10054073,66062,10069291,"Normal"
43,1,890,"petite","second",507,334,50010,50089,841,100099,37779,41669,3691350,6355037,79448,10046387,"Normal"
43,2,870,"petite","second",303,418,31347,68718,721,100065,22858,51106,2253881,7768953,73964,10022834,"Normal"
43,3,865,"petite","second",171,507,18507,81705,678,100212,13047,58871,1294178,8982975,71918,10277153,"Normal"
43,4,855,"petite","second",75,545,8069,91938,620,100007,5421,62745,536217,9554298,68166,10090515,"Normal"
43,5,855,"petite","second",34,582,4093,96063,616,100156,2709,65116,271822,9957263,67825,10229085,"Normal"
43,6,850,"petite","second",18,581,2351,97856,599,100207,1504,64530,151518,9855545,66034,10007063,"Normal"
43,7,850,"petite","second",11,581,1385,98696,592,100081,909,65102,89773,9956830,66011,10046603,"Normal"
43,8,850,"petite","second",6,621,699,99428,627,100127,450,65836,45324,10023466,66286,10068790,"Normal"
43,9,850,"petite","second",3,630,238,99829,633,100067,154,65882,15413,10064742,66036,10080155,"Normal"
43,10,850,"petite","second",1,621,93,99961,622,100054,58,66043,5938,10083608,66101,10089546,"Normal"
43,11,850,"petite","second",1,606,169,99852,607,100021,116,65873,11179,10066226,65989,10077405,"Normal"
43,12,850,"petite","second",1,604,88,99929,605,100017,61,66226,5723,10078146,66287,10083869,"Normal"
43,13,850,"petite","second",1,603,117,99884,604,100001,81,65909,7659,10062851,65990,10070510,"Normal"
43,14,850,"petite","second",1,602,75,100230,603,100305,50,66243,4926,10114384,66293,10119310,"Normal"
43,15,850,"petite","second",1,602,102,99949,603,100051,70,66170,6591,10073830,66240,10080421,"Normal"
43,16,850,"petite","second",2,618,145,99910,620,100055,97,66016,9327,10070832,66113,10080159,"Normal"
43,17,850,"petite","second",1,616,88,99980,617,100068,58,66097,5842,10087970,66155,10093812,"Normal"
43,18,850,"petite","second",3,627,299,99723,630,100022,189,65850,19393,10052445,66039,10071838,"Normal"
43,19,850,"petite","second",1,617,51,99992,618,100043,34,65924,3142,10077311,65958,10080453,"Normal"
44,1,890,"petite","second",521,336,50071,50140,857,100211,37994,41777,3700912,6359940,79771,10060852,"Normal"
44,2,870,"petite","second",300,430,31514,68526,730,100040,22806,50756,2263273,7743451,73562,10006724,"Normal"
44,3,860,"petite","second",156,529,16337,83683,685,100020,11236,58407,1115979,8936556,69643,10052535,"Normal"
44,4,855,"petite","second",74,552,7179,93009,626,100188,4804,63280,476307,9662481,68084,10138788,"Normal"
44,5,855,"petite","second",35,599,3474,96613,634,100087,2345,65503,231323,10017971,67848,10249294,"Normal"
44,6,850,"petite","second",21,611,2062,98005,632,100067,1351,64691,134965,9871993,66042,10006958,"Normal"
44,7,850,"petite","second",11,600,1052,98967,611,100019,693,65411,67714,9983435,66104,10051149,"Normal"
44,8,850,"petite","second",2,599,246,99775,601,100021,162,65931,15830,10064644,66093,10080474,"Normal"
10,1,890,"petite","second",497,311,50007,50156,808,100163,37810,41862,3696590,6370267,79672,10066857,"Normal"
10,2,870,"petite","second",257,440,26672,73384,697,100056,19422,54476,1916825,8294895,73898,10211720,"Normal"
10,3,860,"petite","second",155,515,16525,83703,670,100228,11338,58403,1128049,8922870,69741,10050919,"Normal"
10,4,855,"petite","second",69,560,6982,93133,629,100115,4690,63038,462420,9649236,67728,10111656,"Normal"
10,5,855,"petite","second",35,593,3305,96786,628,100091,2210,65705,219493,10023818,67915,10243311,"Normal"
10,6,855,"petite","second",28,598,2808,97362,626,100170,1860,66353,186928,10104492,68213,10291420,"Normal"
10,7,850,"petite","second",13,590,1405,98674,603,100079,914,65205,91719,9935466,66119,10027185,"Normal"
10,8,850,"petite","second",7,596,650,99439,603,100089,435,65646,42385,10030941,66081,10073326,"Normal"
10,9,850,"petite","second",3,614,438,99603,617,100041,288,65793,28302,10045144,66081,10073446,"Normal"
10,10,850,"petite","second",3,600,232,99819,603,100051,156,65931,15026,10069713,66087,10084739,"Normal"
17,1,890,"petite","second",499,318,50055,50148,817,100203,37885,41758,3691475,6363749,79643,10055224,"Normal"
17,2,870,"petite","second",289,449,28797,71364,738,100161,20794,53091,2067410,8082086,73885,10149496,"Normal"
17,3,860,"petite","second",144,521,15569,84489,665,100058,10773,59104,1064669,9022544,69877,10087213,"Normal"
17,4,855,"petite","second",77,570,8315,91723,647,100038,5586,62457,553917,9527515,68043,10081432,"Normal"
17,5,855,"petite","second",36,590,3920,96245,626,100165,2661,65489,261249,10001856,68150,10263105,"Normal"
17,6,850,"petite","second",20,610,1957,98198,630,100155,1271,64645,125566,9886446,65916,10012012,"Normal"
17,7,850,"petite","second",9,596,739,99416,605,100155,472,65590,47867,10020632,66062,10068499,"Normal"
17,8,850,"petite","second",3,619,278,99833,622,100111,175,65919,17650,10067590,66094,10085240,"Normal"
17,9,850,"petite","second",1,618,93,100107,619,100200,57,66054,5954,10092959,66111,10098913,"Normal"
28,1,890,"petite","second",517,324,50023,50077,841,100100,37931,41728,3695411,6361997,79659,10057408,"Normal"
28,2,870,"petite","second",274,446,28479,71564,720,100043,20777,53203,2046079,8090226,73980,10136305,"Normal"
28,3,860,"petite","second",164,516,17518,82699,680,100217,12034,58173,1192605,8840334,70207,10032939,"Normal"
28,4,855,"petite","second",84,554,9108,90895,638,100003,6118,61846,602597,9422789,67964,10025386,"Normal"
28,5,855,"petite","second",39,583,3867,96302,622,100169,2572,65516,255239,9990343,68088,10245582,"Normal"
28,6,850,"petite","second",16,606,1573,98449,622,100022,1016,65111,101644,9931079,66127,10032723,"Normal"
28,7,850,"petite","second",6,614,715,99366,620,100081,481,65813,46191,10022754,66294,10068945,"Normal"
21,1,890,"petite","second",502,327,50037,50093,829,100130,37937,41709,3697456,6354610,79646,10052066,"Normal"
21,2,870,"petite","second",293,428,30808,69321,721,100129,22246,51334,2209328,7823753,73580,10033081,"Normal"
21,3,865,"petite","second",161,494,17554,82487,655,100041,12477,59344,1232336,9055383,71821,10287719,"Normal"
21,4,855,"petite","second",93,551,9630,90562,644,100192,6508,61605,642505,9394247,68113,10036752,"Normal"
21,5,855,"petite","second",42,594,4088,95940,636,100028,2724,65341,270992,9959118,68065,10230110,"Normal"
21,6,850,"petite","second",11,603,1193,98898,614,100091,777,65239,77343,9966825,66016,10044168,"Normal"
21,7,850,"petite","second",5,605,579,99424,610,100003,389,65702,37437,10025988,66091,10063425,"Normal"
21,8,850,"petite","second",3,604,270,99769,607,100039,173,65830,17776,10057994,66003,10075770,"Normal"
21,9,850,"petite","second",1,614,71,99981,615,100052,44,66026,4518,10077001,66070,10081519,"Normal"
26,1,890,"petite","second",504,333,50047,50046,837,100093,37658,41756,3681622,6358522,79414,10040144,"Normal"
26,2,870,"petite","second",260,448,28166,71877,708,100043,20422,53365,2024444,8135245,73787,10159689,"Normal"
26,3,865,"petite","second",165,519,17948,82061,684,100009,12689,59240,1256428,9017984,71929,10274412,"Normal"
26,4,855,"petite","second",84,563,8945,91146,647,100091,6082,61997,595155,9459140,68079,10054295,"Normal"
26,5,855,"petite","second",36,589,3834,96265,625,100099,2577,65461,254753,9993822,68038,10248575,"Normal"
26,6,850,"petite","second",24,605,2681,97499,629,100180,1745,64300,173811,9835516,66045,10009327,"Normal"
26,7,850,"petite","second",11,590,1218,98837,601,100055,802,65154,79983,9955979,65956,10035962,"Normal"
26,8,850,"petite","second",8,597,815,99202,605,100017,516,65656,52836,10011933,66172,10064769,"Normal"
26,9,850,"petite","second",2,626,218,99851,628,100069,147,65946,14293,10069410,66093,10083703,"Normal"
19,1,890,"petite","second",512,334,50125,50180,846,100305,37962,41799,3703538,6368269,79761,10071807,"Normal"
19,2,870,"petite","second",256,418,27722,72319,674,100041,20102,53610,1989206,8180226,73712,10169432,"Normal"
19,3,860,"petite","second",147,518,15761,84251,665,100012,10898,59164,1076440,8999057,70062,10075497,"Normal"
19,4,855,"petite","second",63,547,5871,94181,610,100052,3944,64069,391920,9765707,68013,10157627,"Normal"
19,5,850,"petite","second",21,607,2276,97734,628,100010,1462,64691,145840,9870282,66153,10016122,"Normal"
19,6,850,"petite","second",15,613,1289,98722,628,100011,855,65196,83326,9945247,66051,10028573,"Normal"
19,7,850,"petite","second",12,608,1414,98831,620,100245,951,65492,91978,9986017,66443,10077995,"Normal"
19,8,850,"petite","second",10,618,1044,99195,628,100239,681,65282,66947,9982511,65963,10049458,"Normal"
19,9,850,"petite","second",8,605,697,99450,613,100147,450,65676,45325,10029842,66126,10075167,"Normal"
19,10,850,"petite","second",4,608,622,99532,612,100154,418,65738,40497,10028761,66156,10069258,"Normal"
19,11,850,"petite","second",4,625,354,99900,629,100254,232,65858,23254,10066828,66090,10090082,"Normal"
45,1,890,"petite","second",515,342,50020,50044,857,100064,37831,41687,3690036,6357945,79518,10047981,"Normal"
45,2,870,"petite","second",271,439,28708,71519,710,100227,20832,53113,2068092,8091811,73945,10159903,"Normal"
45,3,860,"petite","second",141,510,15497,84542,651,100039,10766,59070,1058434,9022036,69836,10080470,"Normal"
45,4,855,"petite","second",73,586,7201,92826,659,100027,4822,63073,480031,9631485,67895,10111516,"Normal"
45,5,855,"petite","second",39,598,4287,95847,637,100134,2904,65263,286023,9945739,68167,10231762,"Normal"
45,6,850,"petite","second",21,590,2112,97964,611,100076,1385,64585,137798,9868930,65970,10006728,"Normal"
45,7,850,"petite","second",9,612,1363,98755,621,100118,907,65202,88937,9959586,66109,10048523,"Normal"
45,8,850,"petite","second",7,627,805,99282,634,100087,526,65573,51964,9998090,66099,10050054,"Normal"
42,1,890,"petite","second",511,328,50015,50286,839,100301,37880,41760,3690802,6383775,79640,10074577,"Normal"
42,2,870,"petite","second",294,424,30173,69956,718,100129,21877,51822,2168365,7911782,73699,10080147,"Normal"
42,3,865,"petite","second",172,493,18426,81633,665,100059,13043,58853,1290647,8964795,71896,10255442,"Normal"
42,4,855,"petite","second",91,552,9691,90365,643,100056,6494,61558,644623,9385353,68052,10029976,"Normal"
42,5,855,"petite","second",42,588,3972,96128,630,100100,2680,65161,265808,9957892,67841,10223700,"Normal"
42,6,850,"petite","second",14,598,1499,98686,612,100185,955,65126,96956,9950765,66081,10047721,"Normal"
42,7,850,"petite","second",2,603,171,99910,605,100081,112,65994,11010,10075204,66106,10086214,"Normal"
42,8,850,"petite","second",1,611,146,99864,612,100010,92,65897,9398,10066162,65989,10075560,"Normal"
42,9,850,"petite","second",1,605,84,100051,606,100135,53,66036,5399,10081779,66089,10087178,"Normal"
27,1,890,"petite","second",513,330,50015,50128,843,100143,37586,41536,3685700,6361296,79122,10046996,"Normal"
27,2,870,"petite","second",301,427,30977,69075,728,100052,22520,51424,2230405,7824703,73944,10055108,"Normal"
27,3,860,"petite","second",138,529,14368,85684,667,100052,10000,60010,982627,9159806,70010,10142433,"Normal"
27,4,855,"petite","second",78,546,8110,91915,624,100025,5393,62513,539282,9532469,67906,10071751,"Normal"
27,5,855,"petite","second",26,569,3046,97056,595,100102,2055,65971,202234,10067293,68026,10269527,"Normal"
27,6,850,"petite","second",25,584,2620,97598,609,100218,1721,64647,170027,9849290,66368,10019317,"Normal"
27,7,850,"petite","second",14,605,1560,98632,619,100192,1008,65338,101548,9951775,66346,10053323,"Normal"
27,8,850,"petite","second",4,609,474,99664,613,100138,317,65861,30698,10043114,66178,10073812,"Normal"
18,1,890,"petite","second",501,324,50043,50136,825,100179,37703,41927,3690568,6371003,79630,10061571,"Normal"
18,2,870,"petite","second",281,447,29180,70912,728,100092,21260,52597,2099089,8019251,73857,10118340,"Normal"
18,3,865,"petite","second",164,498,17818,82230,662,100048,12586,59288,1248802,9032684,71874,10281486,"Normal"
18,4,855,"petite","second",76,562,8243,91817,638,100060,5515,62435,548344,9526321,67950,10074665,"Normal"
18,5,855,"petite","second",36,589,4238,95877,625,100115,2854,65546,282672,9961098,68400,10243770,"Normal"
18,6,850,"petite","second",15,616,1852,98453,631,100305,1206,64980,120708,9928519,66186,10049227,"Normal"
18,7,850,"petite","second",4,601,402,99735,605,100137,264,65893,25762,10059782,66157,10085544,"Normal"
18,8,850,"petite","second",4,599,412,99687,603,100099,270,65845,26075,10051445,66115,10077520,"Normal"
18,9,850,"petite","second",1,627,35,100050,628,100085,23,65935,2233,10082527,65958,10084760,"Normal"
20,1,890,"petite","second",513,335,50031,50076,848,100107,37803,41572,3687243,6364393,79375,10051636,"Normal"
20,2,870,"petite","second",297,432,30001,70056,729,100057,21912,51979,2153725,7924012,73891,10077737,"Normal"
20,3,865,"petite","second",170,509,18016,82004,679,100020,12737,59212,1258802,9012945,71949,10271747,"Normal"
20,4,855,"petite","second",77,564,8058,92032,641,100090,5441,62614,534617,9545634,68055,10080251,"Normal"
20,5,855,"petite","second",40,580,4547,95453,620,100000,3035,64896,302973,9893898,67931,10196871,"Normal"
20,6,850,"petite","second",17,607,2063,98019,624,100082,1353,64679,134598,9871888,66032,10006486,"Normal"
20,7,850,"petite","second",10,597,908,99097,607,100005,586,65649,58724,9978762,66235,10037486,"Normal"
20,8,850,"petite","second",8,604,1013,99120,612,100133,656,65440,65265,9998662,66096,10063927,"Normal"
20,9,850,"petite","second",3,612,282,99850,615,100132,187,65962,18427,10074345,66149,10092772,"Normal"
20,10,850,"petite","second",2,608,210,99942,610,100152,133,66029,13669,10082870,66162,10096539,"Normal"
16,1,890,"petite","second",505,328,50007,50177,833,100184,37589,41851,3688644,6372061,79440,10060705,"Normal"
16,2,870,"petite","second",272,428,29681,70476,700,100157,21528,52343,2128768,7971107,73871,10099875,"Normal"
16,3,860,"petite","second",159,489,17258,82946,648,100204,11791,58099,1173283,8851160,69890,10024443,"Normal"
16,4,855,"petite","second",76,563,7821,92236,639,100057,5235,62573,519534,9562598,67808,10082132,"Normal"
16,5,855,"petite","second",40,610,3897,96270,650,100167,2605,65614,259524,9999067,68219,10258591,"Normal"
16,6,850,"petite","second",19,580,2130,97959,599,100089,1385,64745,137469,9872903,66130,10010372,"Normal"
16,7,850,"petite","second",10,607,1153,98989,617,100142,768,65285,75985,9975023,66053,10051008,"Normal"
16,8,850,"petite","second",6,621,622,99460,627,100082,416,65700,39750,10013469,66116,10053219,"Normal"
16,9,850,"petite","second",2,605,274,99914,607,100188,176,65804,17985,10078434,65980,10096419,"Normal"
16,10,850,"petite","second",2,615,170,100244,617,100414,116,66277,10959,10098483,66393,10109442,"Normal"
29,1,890,"petite","second",510,313,50007,50003,823,100010,37796,41585,3694596,6346478,79381,10041074,"Normal"
29,2,870,"petite","second",270,422,29993,70021,692,100014,21896,52009,2156571,7930466,73905,10087037,"Normal"
29,3,860,"petite","second",157,521,15674,84384,678,100058,10843,59199,1070130,9017415,70042,10087545,"Normal"
29,4,855,"petite","second",71,585,7467,92734,656,100201,5011,63138,496569,9622916,68149,10119485,"Normal"
29,5,855,"petite","second",44,578,4365,95712,622,100077,2979,65163,291823,9929465,68142,10221288,"Normal"
29,6,850,"petite","second",20,624,2104,98015,644,100119,1352,64859,135896,9879080,66211,10014976,"Normal"
29,7,850,"petite","second",11,631,1214,98854,642,100068,791,65395,79166,9973820,66186,10052986,"Normal"
29,8,850,"petite","second",11,602,1132,99206,613,100338,729,65507,72757,10000327,66236,10073084,"Normal"
29,9,850,"petite","second",3,585,230,99972,588,100202,156,66042,14896,10071439,66198,10086335,"Normal"
29,10,850,"petite","second",1,620,125,99936,621,100061,85,65943,8297,10083272,66028,10091569,"Normal"
29,11,850,"petite","second",2,615,275,99908,617,100183,195,65963,18288,10072510,66158,10090798,"Normal"
11,1,890,"petite","second",506,321,50063,50130,827,100193,37839,41779,3694660,6369281,79618,10063941,"Normal"
11,2,870,"petite","second",297,424,31427,68614,721,100041,22894,50743,2263483,7752191,73637,10015674,"Normal"
11,3,860,"petite","second",174,509,16923,83286,683,100209,11709,58227,1151581,8898217,69936,10049798,"Normal"
11,4,860,"petite","second",100,565,10844,89351,665,100195,7563,62310,737842,9547909,69873,10285751,"Normal"
11,5,855,"petite","second",60,564,5826,94279,624,100105,3929,64093,385990,9774121,68022,10160111,"Normal"
11,6,850,"petite","second",24,594,2555,97477,618,100032,1629,64489,164357,9836041,66118,10000398,"Normal"
11,7,850,"petite","second",7,590,860,99231,597,100091,536,65626,55339,10004746,66162,10060085,"Normal"
11,8,850,"petite","second",2,612,254,99780,614,100034,167,65934,16727,10060740,66101,10077467,"Normal"
11,9,850,"petite","second",1,604,82,100164,605,100246,57,65967,5279,10095671,66024,10100950,"Normal"
