strain,sim_number,file_number,num_cells,volume_clust
grande,1,1,671,1.087002e+05
grande,2,1,740,1.269485e+05
grande,3,1,678,1.046559e+05
grande,4,1,638,9.829752e+04
grande,5,1,661,1.068509e+05
grande,6,1,748,1.182519e+05
grande,7,1,655,9.955919e+04
grande,8,1,693,1.182144e+05
grande,9,1,814,1.522262e+05
grande,10,1,664,1.206209e+05
grande,11,1,573,9.700770e+04
grande,12,1,645,1.102822e+05
grande,13,1,658,1.031745e+05
grande,14,1,586,8.117144e+04
grande,15,1,581,8.621463e+04
grande,16,1,657,9.757828e+04
grande,17,1,697,1.128975e+05
grande,18,1,582,1.029424e+05
grande,19,1,691,1.054463e+05
grande,20,1,659,1.095451e+05
grande,21,1,683,1.064300e+05
grande,22,1,674,1.165264e+05
grande,23,1,649,9.303189e+04
grande,24,1,601,9.129618e+04
grande,25,1,701,1.203485e+05
grande,26,1,610,9.961631e+04
grande,27,1,654,1.014437e+05
grande,28,1,762,1.279508e+05
grande,29,1,662,1.058709e+05
grande,30,1,554,8.984778e+04
grande,31,1,611,9.995921e+04
grande,32,1,553,7.576277e+04
grande,33,1,629,9.224429e+04
grande,34,1,712,1.327845e+05
grande,35,1,730,1.167998e+05
grande,36,1,751,1.310331e+05
grande,37,1,599,9.155628e+04
grande,38,1,770,1.357632e+05
grande,39,1,662,1.008056e+05
grande,40,1,631,1.119012e+05
grande,41,1,718,1.376969e+05
grande,42,1,642,1.060403e+05
grande,43,1,661,1.012029e+05
grande,44,1,678,9.964623e+04
grande,45,1,716,1.177886e+05
grande,46,1,565,8.369978e+04
grande,47,1,631,1.011552e+05
grande,48,1,743,1.237591e+05
grande,49,1,609,9.650446e+04
grande,50,1,601,8.669005e+04
grande,51,1,693,1.089982e+05
grande,52,1,598,9.776478e+04
grande,53,1,648,1.194831e+05
grande,54,1,681,1.153579e+05
grande,55,1,567,8.119201e+04
grande,56,1,721,1.193946e+05
grande,57,1,650,9.730915e+04
grande,58,1,673,1.090021e+05
grande,59,1,784,1.371197e+05
grande,60,1,646,1.048268e+05
grande,61,1,603,1.113879e+05
grande,62,1,701,1.143549e+05
grande,63,1,666,1.062332e+05
grande,64,1,591,9.877732e+04
grande,65,1,600,9.829818e+04
grande,66,1,785,1.494539e+05
grande,67,1,726,1.130465e+05
grande,68,1,672,1.059317e+05
grande,69,1,575,8.502244e+04
grande,70,1,681,1.105935e+05
grande,71,1,606,8.450441e+04
grande,72,1,693,1.040570e+05
grande,73,1,772,1.285650e+05
grande,74,1,646,1.084598e+05
grande,75,1,637,9.319151e+04
grande,76,1,713,1.041849e+05
grande,77,1,607,8.647512e+04
grande,78,1,693,1.023490e+05
grande,79,1,671,1.018111e+05
grande,80,1,626,1.102940e+05
grande,81,1,666,1.062696e+05
grande,82,1,661,1.010487e+05
grande,83,1,575,8.325932e+04
grande,84,1,635,9.680401e+04
grande,85,1,645,9.072736e+04
grande,86,1,724,1.157409e+05
grande,87,1,725,1.217569e+05
grande,88,1,787,1.369302e+05
grande,89,1,712,1.120565e+05
grande,90,1,747,1.283428e+05
grande,91,1,603,9.022615e+04
grande,92,1,759,1.357140e+05
grande,93,1,593,9.445464e+04
grande,94,1,700,1.094159e+05
grande,95,1,727,1.248037e+05
grande,96,1,672,1.046466e+05
grande,97,1,606,1.098851e+05
grande,98,1,779,1.401939e+05
grande,99,1,649,9.988461e+04
grande,100,1,714,1.146944e+05
grande,1,10,690,1.237186e+05
grande,2,10,524,8.612348e+04
grande,3,10,598,9.539491e+04
grande,4,10,648,1.039492e+05
grande,5,10,647,9.833755e+04
grande,6,10,600,9.819442e+04
grande,7,10,685,1.137337e+05
grande,8,10,685,1.216451e+05
grande,9,10,526,6.978324e+04
grande,10,10,704,1.151453e+05
grande,11,10,756,1.435439e+05
grande,12,10,640,1.001464e+05
grande,13,10,641,1.010054e+05
grande,14,10,677,1.109024e+05
grande,15,10,666,1.103016e+05
grande,16,10,602,9.559955e+04
grande,17,10,644,9.393261e+04
grande,18,10,676,1.106332e+05
grande,19,10,641,9.102671e+04
grande,20,10,694,1.152209e+05
grande,21,10,610,8.445378e+04
grande,22,10,676,9.717476e+04
grande,23,10,664,1.118567e+05
grande,24,10,614,9.594379e+04
grande,25,10,577,8.255246e+04
grande,26,10,822,1.586529e+05
grande,27,10,668,1.025487e+05
grande,28,10,703,1.153398e+05
grande,29,10,778,1.364916e+05
grande,30,10,612,9.228049e+04
grande,31,10,609,8.641432e+04
grande,32,10,607,9.386885e+04
grande,33,10,560,8.303830e+04
grande,34,10,670,1.053830e+05
grande,35,10,629,9.523184e+04
grande,36,10,546,8.235485e+04
grande,37,10,710,1.129320e+05
grande,38,10,647,1.021314e+05
grande,39,10,640,1.047179e+05
grande,40,10,650,1.075948e+05
grande,41,10,672,1.154100e+05
grande,42,10,655,1.054443e+05
grande,43,10,664,1.144095e+05
grande,44,10,603,8.562439e+04
grande,45,10,576,8.640285e+04
grande,46,10,701,1.140524e+05
grande,47,10,762,1.337102e+05
grande,48,10,650,9.423324e+04
grande,49,10,682,1.100421e+05
grande,50,10,601,8.519683e+04
grande,51,10,679,9.168265e+04
grande,52,10,698,1.223960e+05
grande,53,10,721,1.087126e+05
grande,54,10,746,1.325781e+05
grande,55,10,631,8.746293e+04
grande,56,10,665,1.073510e+05
grande,57,10,622,8.880332e+04
grande,58,10,757,1.274057e+05
grande,59,10,639,9.465317e+04
grande,60,10,674,1.009601e+05
grande,61,10,598,8.891034e+04
grande,62,10,592,9.084340e+04
grande,63,10,636,9.089484e+04
grande,64,10,599,8.866446e+04
grande,65,10,750,1.188341e+05
grande,66,10,681,1.123902e+05
grande,67,10,734,1.423697e+05
grande,68,10,719,1.290046e+05
grande,69,10,723,1.209348e+05
grande,70,10,716,1.232092e+05
grande,71,10,627,1.072877e+05
grande,72,10,814,1.405341e+05
grande,73,10,593,9.172215e+04
grande,74,10,663,9.080580e+04
grande,75,10,710,1.150216e+05
grande,76,10,583,9.525468e+04
grande,77,10,817,1.683296e+05
grande,78,10,632,1.191808e+05
grande,79,10,734,1.251436e+05
grande,80,10,800,1.354881e+05
grande,81,10,650,9.333512e+04
grande,82,10,603,8.202532e+04
grande,83,10,618,9.541022e+04
grande,84,10,643,9.388480e+04
grande,85,10,668,1.046483e+05
grande,86,10,602,8.911757e+04
grande,87,10,603,9.725288e+04
grande,88,10,680,1.182009e+05
grande,89,10,651,1.188701e+05
grande,90,10,627,9.016486e+04
grande,91,10,795,1.483052e+05
grande,92,10,629,9.170900e+04
grande,93,10,599,8.473390e+04
grande,94,10,648,9.016748e+04
grande,95,10,710,1.127382e+05
grande,96,10,622,9.399181e+04
grande,97,10,747,1.445724e+05
grande,98,10,663,1.082740e+05
grande,99,10,680,1.009659e+05
grande,100,10,666,1.130669e+05
grande,1,11,682,1.347189e+05
grande,2,11,637,1.044435e+05
grande,3,11,664,1.258495e+05
grande,4,11,669,1.217674e+05
grande,5,11,632,1.077843e+05
grande,6,11,527,7.287407e+04
grande,7,11,692,1.141810e+05
grande,8,11,748,1.277278e+05
grande,9,11,692,1.298943e+05
grande,10,11,664,1.253871e+05
grande,11,11,738,1.328419e+05
grande,12,11,702,1.264216e+05
grande,13,11,665,1.254956e+05
grande,14,11,631,1.138856e+05
grande,15,11,653,1.073003e+05
grande,16,11,653,1.247398e+05
grande,17,11,807,1.427353e+05
grande,18,11,734,1.293556e+05
grande,19,11,724,1.144979e+05
grande,20,11,644,1.035201e+05
grande,21,11,586,8.964575e+04
grande,22,11,685,1.105373e+05
grande,23,11,707,1.101112e+05
grande,24,11,765,1.354684e+05
grande,25,11,765,1.450979e+05
grande,26,11,626,1.171109e+05
grande,27,11,642,1.134212e+05
grande,28,11,623,1.034863e+05
grande,29,11,722,1.091334e+05
grande,30,11,593,1.033916e+05
grande,31,11,650,1.121224e+05
grande,32,11,730,1.241733e+05
grande,33,11,666,1.196024e+05
grande,34,11,589,8.573675e+04
grande,35,11,665,9.476587e+04
grande,36,11,615,1.000255e+05
grande,37,11,641,9.595309e+04
grande,38,11,595,1.028144e+05
grande,39,11,614,1.012002e+05
grande,40,11,718,1.311731e+05
grande,41,11,770,1.526952e+05
grande,42,11,589,1.010950e+05
grande,43,11,782,1.460585e+05
grande,44,11,656,1.060662e+05
grande,45,11,798,1.389592e+05
grande,46,11,591,8.455057e+04
grande,47,11,677,1.157429e+05
grande,48,11,766,1.453962e+05
grande,49,11,679,1.146880e+05
grande,50,11,709,1.284487e+05
grande,51,11,657,1.364021e+05
grande,52,11,692,1.183807e+05
grande,53,11,694,1.181544e+05
grande,54,11,564,7.997950e+04
grande,55,11,677,1.077350e+05
grande,56,11,726,1.252385e+05
grande,57,11,745,1.269353e+05
grande,58,11,602,9.144258e+04
grande,59,11,713,1.185795e+05
grande,60,11,649,9.979469e+04
grande,61,11,793,1.443855e+05
grande,62,11,563,7.962474e+04
grande,63,11,706,1.273610e+05
grande,64,11,658,1.151397e+05
grande,65,11,643,1.073304e+05
grande,66,11,761,1.334019e+05
grande,67,11,734,1.270199e+05
grande,68,11,770,1.253568e+05
grande,69,11,565,8.871682e+04
grande,70,11,627,1.045085e+05
grande,71,11,562,8.407943e+04
grande,72,11,608,1.082372e+05
grande,73,11,685,1.112398e+05
grande,74,11,629,1.097225e+05
grande,75,11,559,9.151578e+04
grande,76,11,685,1.145407e+05
grande,77,11,663,1.100464e+05
grande,78,11,589,9.636364e+04
grande,79,11,694,1.213869e+05
grande,80,11,661,1.130358e+05
grande,81,11,564,9.401229e+04
grande,82,11,652,1.075187e+05
grande,83,11,639,1.059761e+05
grande,84,11,680,1.094760e+05
grande,85,11,610,9.198453e+04
grande,86,11,707,1.231869e+05
grande,87,11,662,1.080067e+05
grande,88,11,707,1.216488e+05
grande,89,11,508,7.061639e+04
grande,90,11,650,1.187007e+05
grande,91,11,587,9.600771e+04
grande,92,11,619,1.048484e+05
grande,93,11,703,1.101410e+05
grande,94,11,662,1.147722e+05
grande,95,11,727,1.236510e+05
grande,96,11,667,1.029156e+05
grande,97,11,624,9.844914e+04
grande,98,11,662,1.122848e+05
grande,99,11,786,1.417517e+05
grande,100,11,681,1.211924e+05
grande,1,12,720,1.171783e+05
grande,2,12,658,1.194577e+05
grande,3,12,600,8.752981e+04
grande,4,12,690,1.130112e+05
grande,5,12,706,1.211000e+05
grande,6,12,624,1.039073e+05
grande,7,12,681,1.176839e+05
grande,8,12,642,1.051452e+05
grande,9,12,663,1.062618e+05
grande,10,12,704,1.090400e+05
grande,11,12,748,1.427480e+05
grande,12,12,666,1.033982e+05
grande,13,12,731,1.349238e+05
grande,14,12,673,1.190315e+05
grande,15,12,688,1.334478e+05
grande,16,12,615,1.056383e+05
grande,17,12,719,1.377304e+05
grande,18,12,754,1.426040e+05
grande,19,12,706,1.327462e+05
grande,20,12,743,1.283797e+05
grande,21,12,747,1.352158e+05
grande,22,12,737,1.424903e+05
grande,23,12,650,1.122075e+05
grande,24,12,651,1.230575e+05
grande,25,12,630,9.684130e+04
grande,26,12,740,1.246188e+05
grande,27,12,623,9.711009e+04
grande,28,12,666,1.210920e+05
grande,29,12,700,1.156734e+05
grande,30,12,542,7.701832e+04
grande,31,12,702,1.281552e+05
grande,32,12,777,1.391524e+05
grande,33,12,716,1.150452e+05
grande,34,12,641,1.058160e+05
grande,35,12,706,1.224756e+05
grande,36,12,624,9.459356e+04
grande,37,12,661,1.106268e+05
grande,38,12,794,1.468062e+05
grande,39,12,602,9.498856e+04
grande,40,12,777,1.431327e+05
grande,41,12,682,1.114473e+05
grande,42,12,673,1.231669e+05
grande,43,12,681,1.175369e+05
grande,44,12,769,1.292189e+05
grande,45,12,588,8.657256e+04
grande,46,12,637,1.014071e+05
grande,47,12,698,1.267683e+05
grande,48,12,661,1.232399e+05
grande,49,12,677,1.219433e+05
grande,50,12,662,1.120030e+05
grande,51,12,715,1.293134e+05
grande,52,12,615,9.941967e+04
grande,53,12,765,1.430096e+05
grande,54,12,585,8.840077e+04
grande,55,12,821,1.509117e+05
grande,56,12,740,1.340108e+05
grande,57,12,641,1.129135e+05
grande,58,12,723,1.209604e+05
grande,59,12,582,8.674667e+04
grande,60,12,693,1.173099e+05
grande,61,12,639,1.118909e+05
grande,62,12,687,1.061341e+05
grande,63,12,629,1.184237e+05
grande,64,12,661,1.135579e+05
grande,65,12,713,1.279330e+05
grande,66,12,684,1.249222e+05
grande,67,12,584,8.359235e+04
grande,68,12,504,7.711360e+04
grande,69,12,748,1.325592e+05
grande,70,12,707,1.186462e+05
grande,71,12,631,1.023206e+05
grande,72,12,721,1.339612e+05
grande,73,12,664,1.124962e+05
grande,74,12,691,1.190557e+05
grande,75,12,728,1.236295e+05
grande,76,12,710,1.155745e+05
grande,77,12,719,1.333458e+05
grande,78,12,789,1.534841e+05
grande,79,12,710,1.122598e+05
grande,80,12,776,1.318206e+05
grande,81,12,646,1.134878e+05
grande,82,12,691,1.174884e+05
grande,83,12,608,8.716845e+04
grande,84,12,666,1.113529e+05
grande,85,12,716,1.274689e+05
grande,86,12,734,1.583076e+05
grande,87,12,706,1.216521e+05
grande,88,12,691,1.208402e+05
grande,89,12,700,1.342486e+05
grande,90,12,755,1.556073e+05
grande,91,12,679,1.153478e+05
grande,92,12,741,1.538657e+05
grande,93,12,649,1.104016e+05
grande,94,12,712,1.167639e+05
grande,95,12,691,1.372285e+05
grande,96,12,625,1.056576e+05
grande,97,12,612,9.944991e+04
grande,98,12,634,1.055003e+05
grande,99,12,635,1.044176e+05
grande,100,12,710,1.263208e+05
grande,1,13,569,7.780133e+04
grande,2,13,548,7.602135e+04
grande,3,13,650,1.032325e+05
grande,4,13,703,1.176101e+05
grande,5,13,609,9.755233e+04
grande,6,13,553,8.180714e+04
grande,7,13,617,8.917965e+04
grande,8,13,683,1.091827e+05
grande,9,13,722,1.320484e+05
grande,10,13,682,1.110820e+05
grande,11,13,710,1.231773e+05
grande,12,13,571,7.667488e+04
grande,13,13,754,1.373863e+05
grande,14,13,661,1.063567e+05
grande,15,13,659,1.107617e+05
grande,16,13,662,1.066380e+05
grande,17,13,653,1.251760e+05
grande,18,13,646,1.032476e+05
grande,19,13,641,1.010828e+05
grande,20,13,663,1.191918e+05
grande,21,13,624,9.497428e+04
grande,22,13,640,1.041828e+05
grande,23,13,649,1.001134e+05
grande,24,13,578,8.259630e+04
grande,25,13,663,1.050645e+05
grande,26,13,617,9.091027e+04
grande,27,13,651,1.091401e+05
grande,28,13,658,1.080624e+05
grande,29,13,588,8.569750e+04
grande,30,13,602,9.032297e+04
grande,31,13,662,1.021769e+05
grande,32,13,600,9.557474e+04
grande,33,13,607,9.961001e+04
grande,34,13,538,7.968183e+04
grande,35,13,687,1.146969e+05
grande,36,13,560,8.048455e+04
grande,37,13,653,1.204376e+05
grande,38,13,698,1.225427e+05
grande,39,13,628,1.013055e+05
grande,40,13,634,1.040890e+05
grande,41,13,606,9.072778e+04
grande,42,13,548,6.757936e+04
grande,43,13,687,1.235778e+05
grande,44,13,579,7.791818e+04
grande,45,13,671,9.679839e+04
grande,46,13,678,1.189838e+05
grande,47,13,615,1.055627e+05
grande,48,13,623,9.074962e+04
grande,49,13,767,1.493774e+05
grande,50,13,642,9.176264e+04
grande,51,13,644,1.038601e+05
grande,52,13,638,9.624970e+04
grande,53,13,664,1.008954e+05
grande,54,13,671,1.010377e+05
grande,55,13,611,9.697237e+04
grande,56,13,665,1.091571e+05
grande,57,13,752,1.315362e+05
grande,58,13,622,1.051378e+05
grande,59,13,586,9.686208e+04
grande,60,13,654,1.042893e+05
grande,61,13,617,9.342036e+04
grande,62,13,549,7.832871e+04
grande,63,13,753,1.314824e+05
grande,64,13,619,9.976550e+04
grande,65,13,650,1.016686e+05
grande,66,13,662,1.049002e+05
grande,67,13,686,1.211376e+05
grande,68,13,664,1.098281e+05
grande,69,13,552,8.004874e+04
grande,70,13,660,1.090697e+05
grande,71,13,676,1.198781e+05
grande,72,13,579,7.682839e+04
grande,73,13,634,1.115745e+05
grande,74,13,736,1.420037e+05
grande,75,13,643,9.405521e+04
grande,76,13,755,1.303073e+05
grande,77,13,629,1.012969e+05
grande,78,13,640,1.099556e+05
grande,79,13,688,1.100007e+05
grande,80,13,677,1.060195e+05
grande,81,13,651,1.077996e+05
grande,82,13,618,9.204461e+04
grande,83,13,696,1.134780e+05
grande,84,13,610,9.415112e+04
grande,85,13,657,1.045001e+05
grande,86,13,656,1.115544e+05
grande,87,13,705,1.249257e+05
grande,88,13,687,1.068354e+05
grande,89,13,742,1.289453e+05
grande,90,13,617,1.024763e+05
grande,91,13,712,1.194629e+05
grande,92,13,640,9.063260e+04
grande,93,13,576,8.472064e+04
grande,94,13,654,1.027407e+05
grande,95,13,617,9.764071e+04
grande,96,13,754,1.227572e+05
grande,97,13,643,1.052700e+05
grande,98,13,706,1.355928e+05
grande,99,13,614,9.607558e+04
grande,100,13,688,1.073304e+05
grande,1,14,729,1.371706e+05
grande,2,14,817,1.599348e+05
grande,3,14,646,1.046518e+05
grande,4,14,653,1.008950e+05
grande,5,14,682,1.224803e+05
grande,6,14,709,1.174207e+05
grande,7,14,645,1.028378e+05
grande,8,14,620,1.054778e+05
grande,9,14,626,9.780743e+04
grande,10,14,715,1.227179e+05
grande,11,14,672,1.150260e+05
grande,12,14,689,1.195931e+05
grande,13,14,682,1.098016e+05
grande,14,14,575,8.284111e+04
grande,15,14,678,1.017843e+05
grande,16,14,770,1.296052e+05
grande,17,14,609,9.554748e+04
grande,18,14,680,1.111029e+05
grande,19,14,757,1.172146e+05
grande,20,14,597,8.949674e+04
grande,21,14,680,1.209913e+05
grande,22,14,636,8.612854e+04
grande,23,14,646,9.522533e+04
grande,24,14,605,9.969535e+04
grande,25,14,625,9.360487e+04
grande,26,14,662,1.029605e+05
grande,27,14,631,1.024894e+05
grande,28,14,612,8.993066e+04
grande,29,14,614,8.816301e+04
grande,30,14,669,9.889585e+04
grande,31,14,639,1.045776e+05
grande,32,14,685,1.158955e+05
grande,33,14,738,1.328081e+05
grande,34,14,607,8.736727e+04
grande,35,14,689,1.173242e+05
grande,36,14,623,9.849768e+04
grande,37,14,654,1.027495e+05
grande,38,14,749,1.260968e+05
grande,39,14,638,1.116003e+05
grande,40,14,611,9.869406e+04
grande,41,14,704,1.295166e+05
grande,42,14,640,1.131847e+05
grande,43,14,679,1.094131e+05
grande,44,14,646,1.025922e+05
grande,45,14,632,8.959469e+04
grande,46,14,700,1.104808e+05
grande,47,14,613,9.241347e+04
grande,48,14,637,1.052112e+05
grande,49,14,603,9.257285e+04
grande,50,14,648,1.060904e+05
grande,51,14,643,9.621016e+04
grande,52,14,628,7.761519e+04
grande,53,14,585,8.664757e+04
grande,54,14,656,1.118503e+05
grande,55,14,595,9.011096e+04
grande,56,14,662,1.056690e+05
grande,57,14,623,9.771136e+04
grande,58,14,596,9.827551e+04
grande,59,14,699,9.981316e+04
grande,60,14,596,9.277934e+04
grande,61,14,693,9.782154e+04
grande,62,14,687,1.077022e+05
grande,63,14,598,9.990007e+04
grande,64,14,759,1.398965e+05
grande,65,14,681,1.079184e+05
grande,66,14,639,9.491652e+04
grande,67,14,712,1.136585e+05
grande,68,14,651,1.003601e+05
grande,69,14,614,8.994366e+04
grande,70,14,658,1.039495e+05
grande,71,14,594,1.031922e+05
grande,72,14,657,1.112954e+05
grande,73,14,613,8.913251e+04
grande,74,14,760,1.481438e+05
grande,75,14,649,9.696244e+04
grande,76,14,675,1.170873e+05
grande,77,14,647,9.333869e+04
grande,78,14,699,1.193611e+05
grande,79,14,611,9.348821e+04
grande,80,14,657,1.007782e+05
grande,81,14,653,1.046871e+05
grande,82,14,654,9.385766e+04
grande,83,14,646,9.435052e+04
grande,84,14,661,1.087540e+05
grande,85,14,487,6.396249e+04
grande,86,14,665,1.102243e+05
grande,87,14,590,9.251421e+04
grande,88,14,667,1.190620e+05
grande,89,14,634,1.061753e+05
grande,90,14,675,1.054903e+05
grande,91,14,635,9.918991e+04
grande,92,14,674,1.133613e+05
grande,93,14,535,8.154937e+04
grande,94,14,766,1.361387e+05
grande,95,14,697,9.735065e+04
grande,96,14,713,1.171544e+05
grande,97,14,696,1.187050e+05
grande,98,14,613,8.416286e+04
grande,99,14,753,1.233220e+05
grande,100,14,606,8.028168e+04
grande,1,15,604,8.391747e+04
grande,2,15,602,9.344035e+04
grande,3,15,654,9.898639e+04
grande,4,15,660,9.653406e+04
grande,5,15,585,9.044637e+04
grande,6,15,563,7.669368e+04
grande,7,15,651,1.140295e+05
grande,8,15,655,1.125591e+05
grande,9,15,633,1.155385e+05
grande,10,15,689,1.145975e+05
grande,11,15,651,1.037895e+05
grande,12,15,562,8.449076e+04
grande,13,15,608,9.517279e+04
grande,14,15,785,1.524072e+05
grande,15,15,657,9.701502e+04
grande,16,15,619,9.899629e+04
grande,17,15,769,1.339730e+05
grande,18,15,600,8.024008e+04
grande,19,15,684,1.100385e+05
grande,20,15,603,9.384008e+04
grande,21,15,633,8.666545e+04
grande,22,15,673,9.044520e+04
grande,23,15,695,1.208921e+05
grande,24,15,701,1.174115e+05
grande,25,15,538,7.607202e+04
grande,26,15,639,1.052481e+05
grande,27,15,686,1.148469e+05
grande,28,15,728,1.322050e+05
grande,29,15,657,1.086406e+05
grande,30,15,730,1.256606e+05
grande,31,15,703,1.194737e+05
grande,32,15,703,1.095798e+05
grande,33,15,641,9.536862e+04
grande,34,15,652,9.802559e+04
grande,35,15,652,1.101901e+05
grande,36,15,695,1.069584e+05
grande,37,15,585,9.398532e+04
grande,38,15,681,1.115363e+05
grande,39,15,661,1.083461e+05
grande,40,15,583,9.223600e+04
grande,41,15,585,8.316978e+04
grande,42,15,619,9.360602e+04
grande,43,15,700,1.176209e+05
grande,44,15,711,1.210008e+05
grande,45,15,705,1.221486e+05
grande,46,15,643,9.823014e+04
grande,47,15,673,1.005845e+05
grande,48,15,613,9.904491e+04
grande,49,15,652,9.042302e+04
grande,50,15,680,1.073820e+05
grande,51,15,631,9.429155e+04
grande,52,15,683,1.164241e+05
grande,53,15,637,1.083431e+05
grande,54,15,617,9.377758e+04
grande,55,15,651,9.798842e+04
grande,56,15,706,1.230610e+05
grande,57,15,684,1.162993e+05
grande,58,15,664,1.001389e+05
grande,59,15,648,1.039596e+05
grande,60,15,552,7.214703e+04
grande,61,15,788,1.390464e+05
grande,62,15,672,9.901023e+04
grande,63,15,583,8.710495e+04
grande,64,15,642,1.144440e+05
grande,65,15,591,9.643690e+04
grande,66,15,603,9.801024e+04
grande,67,15,602,8.922552e+04
grande,68,15,527,7.282201e+04
grande,69,15,576,7.992451e+04
grande,70,15,668,9.798911e+04
grande,71,15,650,1.044503e+05
grande,72,15,655,1.030641e+05
grande,73,15,652,9.696298e+04
grande,74,15,673,1.107928e+05
grande,75,15,649,9.383641e+04
grande,76,15,600,8.508324e+04
grande,77,15,571,8.740556e+04
grande,78,15,590,8.338204e+04
grande,79,15,625,9.743805e+04
grande,80,15,582,9.142739e+04
grande,81,15,595,9.101828e+04
grande,82,15,662,1.052230e+05
grande,83,15,637,9.584317e+04
grande,84,15,635,1.095455e+05
grande,85,15,638,8.723613e+04
grande,86,15,701,1.246999e+05
grande,87,15,678,1.153954e+05
grande,88,15,729,1.159288e+05
grande,89,15,657,1.075940e+05
grande,90,15,598,8.654741e+04
grande,91,15,608,8.978295e+04
grande,92,15,661,9.941128e+04
grande,93,15,578,7.709443e+04
grande,94,15,632,9.105113e+04
grande,95,15,701,1.191152e+05
grande,96,15,631,9.496309e+04
grande,97,15,730,1.230394e+05
grande,98,15,600,9.672735e+04
grande,99,15,639,9.621087e+04
grande,100,15,585,7.935965e+04
grande,1,16,651,1.165758e+05
grande,2,16,619,9.556178e+04
grande,3,16,636,9.194555e+04
grande,4,16,672,9.717051e+04
grande,5,16,735,1.209435e+05
grande,6,16,711,1.073657e+05
grande,7,16,657,1.061491e+05
grande,8,16,716,1.002011e+05
grande,9,16,615,9.798409e+04
grande,10,16,584,8.821229e+04
grande,11,16,578,8.997543e+04
grande,12,16,662,1.021386e+05
grande,13,16,683,1.155958e+05
grande,14,16,638,9.623152e+04
grande,15,16,644,9.766830e+04
grande,16,16,689,1.107303e+05
grande,17,16,738,1.153427e+05
grande,18,16,651,1.057039e+05
grande,19,16,613,8.326649e+04
grande,20,16,699,1.045172e+05
grande,21,16,610,9.195940e+04
grande,22,16,665,1.111877e+05
grande,23,16,717,1.227540e+05
grande,24,16,749,1.233726e+05
grande,25,16,577,7.967564e+04
grande,26,16,655,1.010656e+05
grande,27,16,555,7.462084e+04
grande,28,16,668,9.144724e+04
grande,29,16,576,1.020966e+05
grande,30,16,530,7.792443e+04
grande,31,16,540,7.304569e+04
grande,32,16,591,8.206907e+04
grande,33,16,682,1.131366e+05
grande,34,16,581,8.425509e+04
grande,35,16,662,1.034235e+05
grande,36,16,550,8.093509e+04
grande,37,16,565,8.278395e+04
grande,38,16,718,1.175060e+05
grande,39,16,711,1.127015e+05
grande,40,16,668,9.433180e+04
grande,41,16,616,9.083740e+04
grande,42,16,532,7.513969e+04
grande,43,16,669,1.082122e+05
grande,44,16,641,9.004051e+04
grande,45,16,607,8.840139e+04
grande,46,16,572,9.178713e+04
grande,47,16,665,9.371718e+04
grande,48,16,702,1.115669e+05
grande,49,16,666,1.036271e+05
grande,50,16,545,7.577752e+04
grande,51,16,611,1.025432e+05
grande,52,16,674,9.184170e+04
grande,53,16,584,8.368714e+04
grande,54,16,841,1.580363e+05
grande,55,16,679,1.043729e+05
grande,56,16,697,1.083080e+05
grande,57,16,675,1.069253e+05
grande,58,16,700,1.093585e+05
grande,59,16,713,1.231213e+05
grande,60,16,676,1.061720e+05
grande,61,16,590,8.869062e+04
grande,62,16,716,1.087890e+05
grande,63,16,614,9.832481e+04
grande,64,16,651,1.014800e+05
grande,65,16,570,7.717120e+04
grande,66,16,791,1.468415e+05
grande,67,16,596,8.304349e+04
grande,68,16,620,9.652753e+04
grande,69,16,689,1.062909e+05
grande,70,16,683,1.131684e+05
grande,71,16,567,8.765098e+04
grande,72,16,680,9.719608e+04
grande,73,16,646,9.634078e+04
grande,74,16,676,1.020849e+05
grande,75,16,603,8.705862e+04
grande,76,16,677,1.037541e+05
grande,77,16,617,8.759556e+04
grande,78,16,555,7.597951e+04
grande,79,16,657,9.589804e+04
grande,80,16,676,1.163650e+05
grande,81,16,664,9.609398e+04
grande,82,16,720,1.135257e+05
grande,83,16,610,9.962396e+04
grande,84,16,695,1.201767e+05
grande,85,16,591,9.436291e+04
grande,86,16,618,9.001931e+04
grande,87,16,640,9.337053e+04
grande,88,16,667,1.073172e+05
grande,89,16,725,1.069831e+05
grande,90,16,573,8.924409e+04
grande,91,16,544,7.130988e+04
grande,92,16,577,8.308993e+04
grande,93,16,640,1.000804e+05
grande,94,16,618,9.225702e+04
grande,95,16,721,1.017379e+05
grande,96,16,753,1.264050e+05
grande,97,16,706,1.131141e+05
grande,98,16,674,1.049354e+05
grande,99,16,620,9.730153e+04
grande,100,16,624,9.447811e+04
grande,1,17,616,1.003040e+05
grande,2,17,644,1.037146e+05
grande,3,17,648,1.028221e+05
grande,4,17,698,1.156321e+05
grande,5,17,581,8.978356e+04
grande,6,17,639,1.029657e+05
grande,7,17,647,9.614158e+04
grande,8,17,732,1.259307e+05
grande,9,17,774,1.441118e+05
grande,10,17,718,1.219670e+05
grande,11,17,645,9.959590e+04
grande,12,17,678,1.021494e+05
grande,13,17,570,8.339535e+04
grande,14,17,658,1.116979e+05
grande,15,17,655,1.071924e+05
grande,16,17,671,1.057724e+05
grande,17,17,684,1.082304e+05
grande,18,17,560,8.826264e+04
grande,19,17,730,1.312387e+05
grande,20,17,558,8.028512e+04
grande,21,17,796,1.496204e+05
grande,22,17,660,1.028812e+05
grande,23,17,754,1.217720e+05
grande,24,17,715,1.135695e+05
grande,25,17,660,1.031396e+05
grande,26,17,686,1.024737e+05
grande,27,17,704,1.195269e+05
grande,28,17,685,1.092361e+05
grande,29,17,586,7.885443e+04
grande,30,17,676,1.028465e+05
grande,31,17,745,1.195044e+05
grande,32,17,772,1.265662e+05
grande,33,17,720,1.180967e+05
grande,34,17,602,9.650159e+04
grande,35,17,515,7.008641e+04
grande,36,17,684,1.077273e+05
grande,37,17,667,1.056988e+05
grande,38,17,668,1.051435e+05
grande,39,17,616,8.836849e+04
grande,40,17,752,1.287903e+05
grande,41,17,696,1.220286e+05
grande,42,17,657,1.109835e+05
grande,43,17,562,8.843940e+04
grande,44,17,665,1.021320e+05
grande,45,17,683,9.974247e+04
grande,46,17,672,1.029456e+05
grande,47,17,560,6.784891e+04
grande,48,17,598,9.070970e+04
grande,49,17,679,1.125528e+05
grande,50,17,672,1.085240e+05
grande,51,17,711,1.210567e+05
grande,52,17,663,1.086739e+05
grande,53,17,704,1.207092e+05
grande,54,17,644,1.061325e+05
grande,55,17,635,9.724641e+04
grande,56,17,618,1.040039e+05
grande,57,17,682,1.240547e+05
grande,58,17,645,9.416895e+04
grande,59,17,661,9.855833e+04
grande,60,17,564,8.923194e+04
grande,61,17,574,7.999678e+04
grande,62,17,664,1.008395e+05
grande,63,17,737,1.327740e+05
grande,64,17,658,1.105624e+05
grande,65,17,656,1.048366e+05
grande,66,17,704,1.248542e+05
grande,67,17,741,1.263079e+05
grande,68,17,726,1.303272e+05
grande,69,17,617,9.277208e+04
grande,70,17,702,1.229623e+05
grande,71,17,800,1.538360e+05
grande,72,17,646,8.601742e+04
grande,73,17,541,6.547409e+04
grande,74,17,663,1.032623e+05
grande,75,17,712,1.141848e+05
grande,76,17,654,1.115689e+05
grande,77,17,614,9.473016e+04
grande,78,17,642,9.206324e+04
grande,79,17,699,1.199160e+05
grande,80,17,711,1.182336e+05
grande,81,17,671,1.043295e+05
grande,82,17,677,1.029513e+05
grande,83,17,572,7.690741e+04
grande,84,17,641,1.028601e+05
grande,85,17,667,9.942331e+04
grande,86,17,659,1.081623e+05
grande,87,17,717,1.162624e+05
grande,88,17,775,1.281798e+05
grande,89,17,660,9.915890e+04
grande,90,17,532,7.870815e+04
grande,91,17,666,1.096848e+05
grande,92,17,638,9.996905e+04
grande,93,17,698,1.095238e+05
grande,94,17,686,1.077394e+05
grande,95,17,659,9.698045e+04
grande,96,17,702,1.215129e+05
grande,97,17,618,8.570692e+04
grande,98,17,672,1.060277e+05
grande,99,17,739,1.172294e+05
grande,100,17,797,1.311015e+05
grande,1,18,686,1.063017e+05
grande,2,18,754,1.188051e+05
grande,3,18,590,7.954514e+04
grande,4,18,663,1.076247e+05
grande,5,18,680,1.156938e+05
grande,6,18,669,1.090923e+05
grande,7,18,633,8.519340e+04
grande,8,18,698,1.198171e+05
grande,9,18,660,1.036848e+05
grande,10,18,670,1.005117e+05
grande,11,18,659,1.037916e+05
grande,12,18,587,8.329426e+04
grande,13,18,558,6.869029e+04
grande,14,18,576,8.201153e+04
grande,15,18,676,9.969144e+04
grande,16,18,640,1.026412e+05
grande,17,18,688,1.086552e+05
grande,18,18,660,1.048138e+05
grande,19,18,585,7.716197e+04
grande,20,18,668,9.462858e+04
grande,21,18,671,1.180687e+05
grande,22,18,653,9.677433e+04
grande,23,18,671,9.751442e+04
grande,24,18,538,8.837691e+04
grande,25,18,580,8.961448e+04
grande,26,18,629,8.862955e+04
grande,27,18,544,7.441984e+04
grande,28,18,665,1.100403e+05
grande,29,18,674,9.623878e+04
grande,30,18,648,1.038550e+05
grande,31,18,711,1.190079e+05
grande,32,18,582,7.835686e+04
grande,33,18,729,1.357041e+05
grande,34,18,758,1.438608e+05
grande,35,18,589,8.538430e+04
grande,36,18,738,1.269421e+05
grande,37,18,504,7.360030e+04
grande,38,18,666,9.250695e+04
grande,39,18,604,8.281080e+04
grande,40,18,537,8.190611e+04
grande,41,18,825,1.520918e+05
grande,42,18,669,1.073956e+05
grande,43,18,693,1.160932e+05
grande,44,18,725,1.173925e+05
grande,45,18,715,1.209160e+05
grande,46,18,718,1.238152e+05
grande,47,18,640,1.003130e+05
grande,48,18,627,9.146240e+04
grande,49,18,799,1.411663e+05
grande,50,18,663,1.149177e+05
grande,51,18,634,1.068292e+05
grande,52,18,699,1.019614e+05
grande,53,18,641,1.050958e+05
grande,54,18,696,1.240692e+05
grande,55,18,609,7.932739e+04
grande,56,18,680,1.071284e+05
grande,57,18,630,9.572696e+04
grande,58,18,614,8.936930e+04
grande,59,18,655,1.057146e+05
grande,60,18,580,8.794460e+04
grande,61,18,584,9.359274e+04
grande,62,18,695,1.057150e+05
grande,63,18,629,1.014141e+05
grande,64,18,552,7.455529e+04
grande,65,18,594,8.935717e+04
grande,66,18,716,1.203560e+05
grande,67,18,746,1.223132e+05
grande,68,18,626,1.051512e+05
grande,69,18,658,1.040985e+05
grande,70,18,585,9.644096e+04
grande,71,18,654,1.093321e+05
grande,72,18,647,1.025324e+05
grande,73,18,660,1.184600e+05
grande,74,18,653,9.367355e+04
grande,75,18,697,1.109919e+05
grande,76,18,689,1.213888e+05
grande,77,18,661,9.325311e+04
grande,78,18,707,1.188031e+05
grande,79,18,661,9.864347e+04
grande,80,18,643,1.094323e+05
grande,81,18,651,1.112556e+05
grande,82,18,574,8.575010e+04
grande,83,18,695,1.169489e+05
grande,84,18,611,8.966196e+04
grande,85,18,576,8.749023e+04
grande,86,18,671,1.125001e+05
grande,87,18,655,1.201767e+05
grande,88,18,700,1.176938e+05
grande,89,18,691,1.116143e+05
grande,90,18,595,8.656466e+04
grande,91,18,585,8.224962e+04
grande,92,18,713,1.259882e+05
grande,93,18,642,1.037468e+05
grande,94,18,564,7.529320e+04
grande,95,18,584,8.211564e+04
grande,96,18,805,1.392857e+05
grande,97,18,636,8.824528e+04
grande,98,18,587,9.187886e+04
grande,99,18,650,1.009368e+05
grande,100,18,611,9.561699e+04
grande,1,19,661,1.216230e+05
grande,2,19,699,1.059414e+05
grande,3,19,581,8.284333e+04
grande,4,19,621,1.005454e+05
grande,5,19,716,1.271949e+05
grande,6,19,649,1.073963e+05
grande,7,19,623,9.382316e+04
grande,8,19,665,1.160327e+05
grande,9,19,652,9.796418e+04
grande,10,19,617,1.013840e+05
grande,11,19,561,7.761974e+04
grande,12,19,672,1.044623e+05
grande,13,19,642,9.868653e+04
grande,14,19,662,1.095234e+05
grande,15,19,645,9.910249e+04
grande,16,19,650,1.063889e+05
grande,17,19,600,9.100031e+04
grande,18,19,681,1.164144e+05
grande,19,19,605,8.954328e+04
grande,20,19,558,7.730192e+04
grande,21,19,701,1.255687e+05
grande,22,19,641,9.641537e+04
grande,23,19,661,1.077533e+05
grande,24,19,664,1.060790e+05
grande,25,19,626,1.002895e+05
grande,26,19,594,8.434010e+04
grande,27,19,702,1.107025e+05
grande,28,19,629,9.443737e+04
grande,29,19,748,1.520814e+05
grande,30,19,646,1.122168e+05
grande,31,19,550,7.495055e+04
grande,32,19,640,1.167104e+05
grande,33,19,571,7.435292e+04
grande,34,19,624,9.097420e+04
grande,35,19,666,1.043132e+05
grande,36,19,708,1.182582e+05
grande,37,19,715,1.242807e+05
grande,38,19,641,9.830244e+04
grande,39,19,640,1.043501e+05
grande,40,19,658,1.060273e+05
grande,41,19,619,9.792306e+04
grande,42,19,728,1.380549e+05
grande,43,19,643,1.025310e+05
grande,44,19,630,9.505500e+04
grande,45,19,734,1.250929e+05
grande,46,19,571,8.156097e+04
grande,47,19,683,1.186537e+05
grande,48,19,683,1.059122e+05
grande,49,19,698,1.147685e+05
grande,50,19,598,9.062817e+04
grande,51,19,630,1.064063e+05
grande,52,19,672,1.074720e+05
grande,53,19,670,1.027817e+05
grande,54,19,553,7.603597e+04
grande,55,19,683,1.093675e+05
grande,56,19,656,1.082011e+05
grande,57,19,601,9.041584e+04
grande,58,19,594,8.453010e+04
grande,59,19,618,1.083736e+05
grande,60,19,827,1.671893e+05
grande,61,19,676,1.125728e+05
grande,62,19,601,9.014775e+04
grande,63,19,615,9.258904e+04
grande,64,19,647,9.696630e+04
grande,65,19,648,1.017655e+05
grande,66,19,628,9.369683e+04
grande,67,19,644,1.057488e+05
grande,68,19,620,9.148768e+04
grande,69,19,656,1.021690e+05
grande,70,19,664,1.107250e+05
grande,71,19,681,1.085231e+05
grande,72,19,634,1.029599e+05
grande,73,19,657,9.762033e+04
grande,74,19,641,1.080328e+05
grande,75,19,564,1.013032e+05
grande,76,19,711,1.147031e+05
grande,77,19,677,1.126753e+05
grande,78,19,634,1.004781e+05
grande,79,19,688,1.053245e+05
grande,80,19,713,1.135312e+05
grande,81,19,646,1.039743e+05
grande,82,19,692,1.136800e+05
grande,83,19,602,1.027944e+05
grande,84,19,704,1.217823e+05
grande,85,19,678,1.129473e+05
grande,86,19,717,1.161065e+05
grande,87,19,625,1.045383e+05
grande,88,19,679,1.118905e+05
grande,89,19,692,1.139104e+05
grande,90,19,592,9.575320e+04
grande,91,19,752,1.288722e+05
grande,92,19,584,8.093609e+04
grande,93,19,700,1.175618e+05
grande,94,19,617,9.438878e+04
grande,95,19,787,1.426016e+05
grande,96,19,598,9.746216e+04
grande,97,19,656,1.023206e+05
grande,98,19,578,9.699372e+04
grande,99,19,637,1.026710e+05
grande,100,19,629,1.034552e+05
grande,1,2,533,6.947624e+04
grande,2,2,661,1.068677e+05
grande,3,2,647,1.113075e+05
grande,4,2,685,1.135454e+05
grande,5,2,642,9.978015e+04
grande,6,2,637,9.150879e+04
grande,7,2,540,8.023806e+04
grande,8,2,616,8.643307e+04
grande,9,2,562,8.571976e+04
grande,10,2,581,7.684122e+04
grande,11,2,581,8.093895e+04
grande,12,2,705,1.175274e+05
grande,13,2,597,9.037962e+04
grande,14,2,714,1.218326e+05
grande,15,2,606,8.754874e+04
grande,16,2,648,9.765184e+04
grande,17,2,631,8.783881e+04
grande,18,2,615,9.505175e+04
grande,19,2,700,1.192091e+05
grande,20,2,640,1.071026e+05
grande,21,2,575,7.963344e+04
grande,22,2,608,8.570195e+04
grande,23,2,574,8.273573e+04
grande,24,2,821,1.535275e+05
grande,25,2,493,6.532292e+04
grande,26,2,612,9.445416e+04
grande,27,2,581,8.237379e+04
grande,28,2,574,8.824750e+04
grande,29,2,600,8.882289e+04
grande,30,2,625,9.127862e+04
grande,31,2,616,9.834571e+04
grande,32,2,584,8.083334e+04
grande,33,2,609,9.203418e+04
grande,34,2,628,9.534219e+04
grande,35,2,569,9.398735e+04
grande,36,2,682,1.115389e+05
grande,37,2,694,1.132202e+05
grande,38,2,668,1.107927e+05
grande,39,2,648,1.082411e+05
grande,40,2,624,9.348496e+04
grande,41,2,590,8.386356e+04
grande,42,2,620,9.473197e+04
grande,43,2,674,9.964247e+04
grande,44,2,654,1.094417e+05
grande,45,2,641,9.515471e+04
grande,46,2,719,1.162815e+05
grande,47,2,626,1.040429e+05
grande,48,2,615,9.117013e+04
grande,49,2,566,7.898731e+04
grande,50,2,620,8.754441e+04
grande,51,2,607,8.953188e+04
grande,52,2,592,8.899120e+04
grande,53,2,603,9.399520e+04
grande,54,2,579,7.481368e+04
grande,55,2,631,1.007217e+05
grande,56,2,631,1.041837e+05
grande,57,2,649,9.866648e+04
grande,58,2,638,9.692310e+04
grande,59,2,618,9.673016e+04
grande,60,2,648,1.117238e+05
grande,61,2,625,8.857346e+04
grande,62,2,613,9.639483e+04
grande,63,2,619,9.132990e+04
grande,64,2,652,1.086262e+05
grande,65,2,606,8.758925e+04
grande,66,2,760,1.274797e+05
grande,67,2,679,1.058662e+05
grande,68,2,611,9.034801e+04
grande,69,2,660,1.012889e+05
grande,70,2,638,1.016663e+05
grande,71,2,581,8.251014e+04
grande,72,2,573,8.129477e+04
grande,73,2,626,1.003033e+05
grande,74,2,600,8.248136e+04
grande,75,2,562,7.920094e+04
grande,76,2,674,1.148302e+05
grande,77,2,741,1.243051e+05
grande,78,2,625,8.557382e+04
grande,79,2,472,7.001582e+04
grande,80,2,582,8.874456e+04
grande,81,2,638,1.010522e+05
grande,82,2,657,1.069361e+05
grande,83,2,639,1.033402e+05
grande,84,2,788,1.319660e+05
grande,85,2,608,9.230098e+04
grande,86,2,641,9.324879e+04
grande,87,2,669,9.944025e+04
grande,88,2,669,1.091215e+05
grande,89,2,714,1.306934e+05
grande,90,2,623,9.809431e+04
grande,91,2,652,1.011755e+05
grande,92,2,670,1.165768e+05
grande,93,2,567,8.818947e+04
grande,94,2,608,8.370282e+04
grande,95,2,648,9.312815e+04
grande,96,2,559,8.397826e+04
grande,97,2,568,7.367087e+04
grande,98,2,604,8.869083e+04
grande,99,2,795,1.507035e+05
grande,100,2,629,9.813633e+04
grande,1,20,619,9.436255e+04
grande,2,20,747,1.316627e+05
grande,3,20,777,1.441020e+05
grande,4,20,712,1.307806e+05
grande,5,20,635,1.039692e+05
grande,6,20,694,1.056625e+05
grande,7,20,710,1.113715e+05
grande,8,20,618,9.785484e+04
grande,9,20,724,1.287529e+05
grande,10,20,711,1.261665e+05
grande,11,20,522,6.192706e+04
grande,12,20,704,1.138483e+05
grande,13,20,550,8.761436e+04
grande,14,20,781,1.448547e+05
grande,15,20,734,1.315998e+05
grande,16,20,699,1.079478e+05
grande,17,20,619,9.502728e+04
grande,18,20,738,1.179351e+05
grande,19,20,755,1.225441e+05
grande,20,20,660,9.939155e+04
grande,21,20,724,1.232794e+05
grande,22,20,614,9.427891e+04
grande,23,20,672,1.080613e+05
grande,24,20,725,1.341780e+05
grande,25,20,693,1.041548e+05
grande,26,20,664,1.155182e+05
grande,27,20,718,1.148516e+05
grande,28,20,715,1.190923e+05
grande,29,20,688,1.078388e+05
grande,30,20,613,8.977481e+04
grande,31,20,573,9.455434e+04
grande,32,20,634,9.278605e+04
grande,33,20,694,1.144536e+05
grande,34,20,620,8.727918e+04
grande,35,20,707,1.121294e+05
grande,36,20,661,1.051954e+05
grande,37,20,533,6.923486e+04
grande,38,20,733,1.303458e+05
grande,39,20,631,1.141210e+05
grande,40,20,604,8.818306e+04
grande,41,20,604,9.135623e+04
grande,42,20,807,1.570424e+05
grande,43,20,639,9.768750e+04
grande,44,20,594,8.202448e+04
grande,45,20,554,8.001618e+04
grande,46,20,616,9.354949e+04
grande,47,20,658,1.027932e+05
grande,48,20,600,9.505059e+04
grande,49,20,631,1.080829e+05
grande,50,20,707,1.218544e+05
grande,51,20,679,9.058878e+04
grande,52,20,767,1.392365e+05
grande,53,20,616,9.390933e+04
grande,54,20,726,1.173726e+05
grande,55,20,678,1.090591e+05
grande,56,20,553,8.087635e+04
grande,57,20,613,8.496995e+04
grande,58,20,673,1.141417e+05
grande,59,20,662,1.052604e+05
grande,60,20,629,9.333536e+04
grande,61,20,745,1.294147e+05
grande,62,20,652,9.156409e+04
grande,63,20,617,9.844335e+04
grande,64,20,722,1.257592e+05
grande,65,20,613,9.099556e+04
grande,66,20,671,1.079172e+05
grande,67,20,667,1.192476e+05
grande,68,20,635,1.235753e+05
grande,69,20,611,9.363042e+04
grande,70,20,634,9.637839e+04
grande,71,20,598,9.679892e+04
grande,72,20,623,9.634287e+04
grande,73,20,595,8.556387e+04
grande,74,20,624,1.127045e+05
grande,75,20,789,1.390464e+05
grande,76,20,661,1.045233e+05
grande,77,20,712,1.371454e+05
grande,78,20,666,9.532831e+04
grande,79,20,669,1.092791e+05
grande,80,20,762,1.431712e+05
grande,81,20,734,1.207253e+05
grande,82,20,667,9.904678e+04
grande,83,20,707,1.116076e+05
grande,84,20,599,9.101262e+04
grande,85,20,706,1.300676e+05
grande,86,20,686,1.276494e+05
grande,87,20,751,1.270771e+05
grande,88,20,738,1.239060e+05
grande,89,20,621,8.698434e+04
grande,90,20,595,7.460547e+04
grande,91,20,609,9.985036e+04
grande,92,20,599,8.286382e+04
grande,93,20,673,1.052089e+05
grande,94,20,688,1.190451e+05
grande,95,20,689,1.101769e+05
grande,96,20,724,1.217506e+05
grande,97,20,804,1.484914e+05
grande,98,20,688,1.075204e+05
grande,99,20,631,8.525250e+04
grande,100,20,667,1.121675e+05
grande,1,21,657,1.089202e+05
grande,2,21,594,8.814001e+04
grande,3,21,684,1.019553e+05
grande,4,21,698,1.117122e+05
grande,5,21,564,7.453401e+04
grande,6,21,671,1.048734e+05
grande,7,21,622,8.771694e+04
grande,8,21,631,1.063795e+05
grande,9,21,684,1.019645e+05
grande,10,21,606,9.870192e+04
grande,11,21,613,8.745424e+04
grande,12,21,605,8.476302e+04
grande,13,21,627,1.015736e+05
grande,14,21,696,1.150908e+05
grande,15,21,690,1.277475e+05
grande,16,21,741,1.315978e+05
grande,17,21,698,1.139986e+05
grande,18,21,653,1.127350e+05
grande,19,21,669,1.084413e+05
grande,20,21,604,9.140687e+04
grande,21,21,717,1.154091e+05
grande,22,21,718,1.124425e+05
grande,23,21,615,9.163657e+04
grande,24,21,660,1.101487e+05
grande,25,21,618,9.627135e+04
grande,26,21,639,9.628634e+04
grande,27,21,634,9.715739e+04
grande,28,21,676,1.242766e+05
grande,29,21,634,9.487435e+04
grande,30,21,565,8.350658e+04
grande,31,21,618,9.711883e+04
grande,32,21,576,7.726988e+04
grande,33,21,580,8.872746e+04
grande,34,21,705,1.166665e+05
grande,35,21,720,1.366991e+05
grande,36,21,729,1.273942e+05
grande,37,21,725,1.209914e+05
grande,38,21,659,1.036331e+05
grande,39,21,621,9.090598e+04
grande,40,21,650,1.074792e+05
grande,41,21,561,7.792806e+04
grande,42,21,590,8.656392e+04
grande,43,21,665,1.126927e+05
grande,44,21,739,1.317289e+05
grande,45,21,718,1.097550e+05
grande,46,21,672,1.025608e+05
grande,47,21,741,1.546929e+05
grande,48,21,687,1.114764e+05
grande,49,21,553,7.664004e+04
grande,50,21,629,1.026265e+05
grande,51,21,667,1.040247e+05
grande,52,21,797,1.436423e+05
grande,53,21,535,7.972495e+04
grande,54,21,635,1.149280e+05
grande,55,21,625,1.068453e+05
grande,56,21,676,1.195677e+05
grande,57,21,684,1.110724e+05
grande,58,21,802,1.557171e+05
grande,59,21,648,1.014570e+05
grande,60,21,693,1.243591e+05
grande,61,21,630,9.606605e+04
grande,62,21,691,1.207919e+05
grande,63,21,664,9.516991e+04
grande,64,21,543,6.986812e+04
grande,65,21,618,9.572397e+04
grande,66,21,618,9.137278e+04
grande,67,21,651,1.070414e+05
grande,68,21,593,8.791418e+04
grande,69,21,644,9.977193e+04
grande,70,21,649,1.114919e+05
grande,71,21,650,1.064242e+05
grande,72,21,597,8.549071e+04
grande,73,21,651,1.165684e+05
grande,74,21,745,1.330935e+05
grande,75,21,626,9.744410e+04
grande,76,21,708,1.190145e+05
grande,77,21,621,1.005214e+05
grande,78,21,616,1.028447e+05
grande,79,21,609,8.619941e+04
grande,80,21,587,8.523458e+04
grande,81,21,623,9.514630e+04
grande,82,21,667,9.594137e+04
grande,83,21,726,1.130519e+05
grande,84,21,709,1.260553e+05
grande,85,21,748,1.335386e+05
grande,86,21,692,1.143439e+05
grande,87,21,611,1.050845e+05
grande,88,21,607,9.409794e+04
grande,89,21,641,9.853755e+04
grande,90,21,667,1.168160e+05
grande,91,21,646,1.154700e+05
grande,92,21,647,1.145377e+05
grande,93,21,615,8.966809e+04
grande,94,21,671,1.052569e+05
grande,95,21,684,1.122782e+05
grande,96,21,622,1.010131e+05
grande,97,21,682,1.209670e+05
grande,98,21,690,1.319081e+05
grande,99,21,711,1.254259e+05
grande,100,21,649,1.159138e+05
grande,1,22,703,1.285030e+05
grande,2,22,686,1.124582e+05
grande,3,22,650,1.048288e+05
grande,4,22,658,1.056667e+05
grande,5,22,542,6.784097e+04
grande,6,22,642,9.811742e+04
grande,7,22,596,8.745332e+04
grande,8,22,539,7.830624e+04
grande,9,22,692,1.119976e+05
grande,10,22,545,7.476725e+04
grande,11,22,658,1.054393e+05
grande,12,22,638,9.890529e+04
grande,13,22,672,1.021491e+05
grande,14,22,736,1.285229e+05
grande,15,22,664,1.166637e+05
grande,16,22,695,1.190709e+05
grande,17,22,728,1.328698e+05
grande,18,22,743,1.332713e+05
grande,19,22,662,9.924464e+04
grande,20,22,698,1.043401e+05
grande,21,22,776,1.426213e+05
grande,22,22,751,1.344385e+05
grande,23,22,716,1.196919e+05
grande,24,22,781,1.385357e+05
grande,25,22,578,8.352221e+04
grande,26,22,674,1.011618e+05
grande,27,22,651,1.044562e+05
grande,28,22,700,1.267773e+05
grande,29,22,655,1.218177e+05
grande,30,22,709,1.164927e+05
grande,31,22,702,1.187720e+05
grande,32,22,747,1.203994e+05
grande,33,22,688,1.154925e+05
grande,34,22,628,9.115561e+04
grande,35,22,769,1.394208e+05
grande,36,22,612,8.876205e+04
grande,37,22,656,9.645316e+04
grande,38,22,564,8.997823e+04
grande,39,22,650,9.074359e+04
grande,40,22,744,1.285145e+05
grande,41,22,681,1.015006e+05
grande,42,22,638,9.870315e+04
grande,43,22,654,9.096736e+04
grande,44,22,584,8.255688e+04
grande,45,22,662,1.127451e+05
grande,46,22,708,1.159022e+05
grande,47,22,703,1.179705e+05
grande,48,22,757,1.273962e+05
grande,49,22,597,9.652828e+04
grande,50,22,675,1.102525e+05
grande,51,22,808,1.718362e+05
grande,52,22,721,1.108823e+05
grande,53,22,689,1.138509e+05
grande,54,22,648,1.074006e+05
grande,55,22,574,8.525523e+04
grande,56,22,709,1.159577e+05
grande,57,22,742,1.316018e+05
grande,58,22,688,1.130427e+05
grande,59,22,553,9.206174e+04
grande,60,22,641,8.896547e+04
grande,61,22,676,1.120322e+05
grande,62,22,670,1.019759e+05
grande,63,22,648,1.066060e+05
grande,64,22,693,1.055545e+05
grande,65,22,702,1.290336e+05
grande,66,22,668,9.647829e+04
grande,67,22,673,1.075588e+05
grande,68,22,563,8.719335e+04
grande,69,22,647,1.115908e+05
grande,70,22,607,9.008336e+04
grande,71,22,673,1.016348e+05
grande,72,22,767,1.468352e+05
grande,73,22,564,7.635736e+04
grande,74,22,658,9.848256e+04
grande,75,22,695,9.947939e+04
grande,76,22,563,7.944861e+04
grande,77,22,585,8.434128e+04
grande,78,22,712,1.206406e+05
grande,79,22,591,9.409477e+04
grande,80,22,658,1.127796e+05
grande,81,22,695,1.265664e+05
grande,82,22,654,9.902064e+04
grande,83,22,739,1.364843e+05
grande,84,22,624,1.024418e+05
grande,85,22,631,1.052986e+05
grande,86,22,738,1.283321e+05
grande,87,22,622,8.888694e+04
grande,88,22,579,8.450538e+04
grande,89,22,566,8.883233e+04
grande,90,22,643,9.654982e+04
grande,91,22,663,1.047386e+05
grande,92,22,672,9.233872e+04
grande,93,22,520,6.362889e+04
grande,94,22,595,8.191307e+04
grande,95,22,707,1.273435e+05
grande,96,22,655,9.233856e+04
grande,97,22,694,1.139901e+05
grande,98,22,657,9.849956e+04
grande,99,22,736,1.065451e+05
grande,100,22,631,9.908030e+04
grande,1,23,683,1.170453e+05
grande,2,23,704,1.306707e+05
grande,3,23,553,8.170645e+04
grande,4,23,662,1.183411e+05
grande,5,23,643,1.017666e+05
grande,6,23,579,7.045199e+04
grande,7,23,815,1.470552e+05
grande,8,23,738,1.291864e+05
grande,9,23,750,1.214840e+05
grande,10,23,731,1.335501e+05
grande,11,23,689,1.016399e+05
grande,12,23,572,8.283945e+04
grande,13,23,629,1.018517e+05
grande,14,23,641,1.122519e+05
grande,15,23,552,7.531634e+04
grande,16,23,625,1.060981e+05
grande,17,23,655,1.016009e+05
grande,18,23,666,1.018232e+05
grande,19,23,612,8.906133e+04
grande,20,23,615,8.748002e+04
grande,21,23,604,9.615767e+04
grande,22,23,688,1.185459e+05
grande,23,23,631,9.502511e+04
grande,24,23,627,9.703611e+04
grande,25,23,602,8.670056e+04
grande,26,23,659,1.080371e+05
grande,27,23,717,1.174373e+05
grande,28,23,672,1.019028e+05
grande,29,23,664,1.149019e+05
grande,30,23,564,8.240089e+04
grande,31,23,778,1.347453e+05
grande,32,23,640,1.167903e+05
grande,33,23,629,9.200974e+04
grande,34,23,594,9.407471e+04
grande,35,23,626,9.917100e+04
grande,36,23,661,1.044074e+05
grande,37,23,647,1.044606e+05
grande,38,23,608,9.570231e+04
grande,39,23,728,1.245791e+05
grande,40,23,703,1.264916e+05
grande,41,23,659,1.099107e+05
grande,42,23,634,1.045374e+05
grande,43,23,584,7.239662e+04
grande,44,23,619,9.679022e+04
grande,45,23,693,1.230992e+05
grande,46,23,652,9.805796e+04
grande,47,23,672,1.120545e+05
grande,48,23,549,8.117882e+04
grande,49,23,626,1.029003e+05
grande,50,23,675,1.162353e+05
grande,51,23,716,1.359676e+05
grande,52,23,642,1.171965e+05
grande,53,23,687,1.091472e+05
grande,54,23,646,1.060517e+05
grande,55,23,555,9.103431e+04
grande,56,23,602,9.387950e+04
grande,57,23,714,1.245819e+05
grande,58,23,667,1.045782e+05
grande,59,23,532,6.893489e+04
grande,60,23,653,9.820797e+04
grande,61,23,606,1.067543e+05
grande,62,23,568,7.825657e+04
grande,63,23,615,1.069266e+05
grande,64,23,615,1.041226e+05
grande,65,23,640,9.598422e+04
grande,66,23,663,1.205868e+05
grande,67,23,574,8.662545e+04
grande,68,23,611,9.522956e+04
grande,69,23,651,1.044053e+05
grande,70,23,654,8.831416e+04
grande,71,23,671,1.077873e+05
grande,72,23,662,9.607028e+04
grande,73,23,654,1.071299e+05
grande,74,23,758,1.370396e+05
grande,75,23,627,9.889439e+04
grande,76,23,652,1.010121e+05
grande,77,23,678,1.115963e+05
grande,78,23,597,8.768418e+04
grande,79,23,594,9.612053e+04
grande,80,23,638,9.421583e+04
grande,81,23,591,8.471604e+04
grande,82,23,519,7.847867e+04
grande,83,23,653,1.009412e+05
grande,84,23,637,1.004665e+05
grande,85,23,578,8.002590e+04
grande,86,23,766,1.303493e+05
grande,87,23,655,1.174387e+05
grande,88,23,543,7.682712e+04
grande,89,23,782,1.504264e+05
grande,90,23,590,9.053443e+04
grande,91,23,589,9.021843e+04
grande,92,23,523,7.720496e+04
grande,93,23,728,1.188752e+05
grande,94,23,635,1.098614e+05
grande,95,23,570,8.149185e+04
grande,96,23,632,9.956682e+04
grande,97,23,639,9.164959e+04
grande,98,23,640,9.141064e+04
grande,99,23,606,9.676609e+04
grande,100,23,688,1.064752e+05
grande,1,24,782,1.455747e+05
grande,2,24,611,8.566967e+04
grande,3,24,687,1.157328e+05
grande,4,24,685,1.130042e+05
grande,5,24,605,9.030107e+04
grande,6,24,622,9.723583e+04
grande,7,24,797,1.636795e+05
grande,8,24,668,9.701165e+04
grande,9,24,638,9.666782e+04
grande,10,24,631,1.010305e+05
grande,11,24,671,1.182231e+05
grande,12,24,560,6.972215e+04
grande,13,24,673,1.087776e+05
grande,14,24,765,1.470658e+05
grande,15,24,635,1.122098e+05
grande,16,24,693,1.165756e+05
grande,17,24,638,9.932290e+04
grande,18,24,692,1.241443e+05
grande,19,24,637,9.486218e+04
grande,20,24,640,9.754152e+04
grande,21,24,600,8.182848e+04
grande,22,24,641,9.706286e+04
grande,23,24,699,1.304537e+05
grande,24,24,557,7.812151e+04
grande,25,24,709,1.339870e+05
grande,26,24,731,1.216708e+05
grande,27,24,618,9.395326e+04
grande,28,24,684,1.275896e+05
grande,29,24,759,1.342816e+05
grande,30,24,679,1.116720e+05
grande,31,24,619,9.218425e+04
grande,32,24,640,1.045248e+05
grande,33,24,724,1.310789e+05
grande,34,24,630,1.061627e+05
grande,35,24,591,8.470864e+04
grande,36,24,625,9.104222e+04
grande,37,24,662,1.149607e+05
grande,38,24,679,1.088666e+05
grande,39,24,551,8.112643e+04
grande,40,24,637,9.208932e+04
grande,41,24,628,8.755128e+04
grande,42,24,666,1.122528e+05
grande,43,24,598,8.125897e+04
grande,44,24,657,9.300725e+04
grande,45,24,653,1.009233e+05
grande,46,24,634,1.074130e+05
grande,47,24,672,1.117781e+05
grande,48,24,594,8.674740e+04
grande,49,24,664,1.158010e+05
grande,50,24,707,1.299111e+05
grande,51,24,588,7.717903e+04
grande,52,24,624,1.038905e+05
grande,53,24,680,1.334290e+05
grande,54,24,610,8.593042e+04
grande,55,24,690,1.202338e+05
grande,56,24,668,1.187094e+05
grande,57,24,642,9.779838e+04
grande,58,24,662,1.156911e+05
grande,59,24,715,1.247149e+05
grande,60,24,759,1.406678e+05
grande,61,24,655,1.064330e+05
grande,62,24,622,1.008654e+05
grande,63,24,592,8.961010e+04
grande,64,24,634,9.975426e+04
grande,65,24,747,1.246358e+05
grande,66,24,733,1.402177e+05
grande,67,24,645,1.017250e+05
grande,68,24,590,8.528896e+04
grande,69,24,660,1.067004e+05
grande,70,24,569,7.327242e+04
grande,71,24,635,9.892914e+04
grande,72,24,669,1.040656e+05
grande,73,24,677,1.007269e+05
grande,74,24,620,1.039951e+05
grande,75,24,694,1.231690e+05
grande,76,24,586,8.775977e+04
grande,77,24,588,9.800619e+04
grande,78,24,717,1.263054e+05
grande,79,24,651,1.039131e+05
grande,80,24,666,1.207973e+05
grande,81,24,611,7.996724e+04
grande,82,24,626,9.421427e+04
grande,83,24,619,1.009853e+05
grande,84,24,650,9.072658e+04
grande,85,24,583,8.295931e+04
grande,86,24,662,1.169818e+05
grande,87,24,582,7.963587e+04
grande,88,24,684,1.094588e+05
grande,89,24,687,1.213141e+05
grande,90,24,695,1.163311e+05
grande,91,24,671,1.170582e+05
grande,92,24,622,9.737378e+04
grande,93,24,655,1.008439e+05
grande,94,24,613,9.096215e+04
grande,95,24,693,1.167794e+05
grande,96,24,615,8.729213e+04
grande,97,24,648,1.001449e+05
grande,98,24,700,1.281387e+05
grande,99,24,716,1.423652e+05
grande,100,24,686,1.200524e+05
grande,1,25,622,9.845063e+04
grande,2,25,688,1.107908e+05
grande,3,25,614,8.224123e+04
grande,4,25,695,1.212479e+05
grande,5,25,650,9.808795e+04
grande,6,25,690,1.102592e+05
grande,7,25,693,1.198720e+05
grande,8,25,665,1.042005e+05
grande,9,25,556,7.689648e+04
grande,10,25,686,1.132422e+05
grande,11,25,637,1.008520e+05
grande,12,25,780,1.268416e+05
grande,13,25,682,1.077643e+05
grande,14,25,638,9.180457e+04
grande,15,25,806,1.398985e+05
grande,16,25,606,9.991681e+04
grande,17,25,640,9.991880e+04
grande,18,25,674,1.114152e+05
grande,19,25,780,1.358547e+05
grande,20,25,526,7.313858e+04
grande,21,25,654,9.623080e+04
grande,22,25,728,1.199112e+05
grande,23,25,811,1.522557e+05
grande,24,25,730,1.366377e+05
grande,25,25,597,8.005772e+04
grande,26,25,731,1.237509e+05
grande,27,25,519,6.057288e+04
grande,28,25,665,9.216543e+04
grande,29,25,637,1.058183e+05
grande,30,25,657,1.152685e+05
grande,31,25,603,8.576785e+04
grande,32,25,601,8.479321e+04
grande,33,25,674,1.069816e+05
grande,34,25,582,8.570961e+04
grande,35,25,644,1.062743e+05
grande,36,25,643,1.139683e+05
grande,37,25,627,8.989456e+04
grande,38,25,682,1.150142e+05
grande,39,25,624,9.920778e+04
grande,40,25,722,1.182522e+05
grande,41,25,620,9.290387e+04
grande,42,25,683,1.051546e+05
grande,43,25,709,1.092446e+05
grande,44,25,652,1.028606e+05
grande,45,25,608,1.020751e+05
grande,46,25,729,1.179409e+05
grande,47,25,769,1.418872e+05
grande,48,25,706,1.177981e+05
grande,49,25,640,1.014689e+05
grande,50,25,638,9.889776e+04
grande,51,25,616,9.150830e+04
grande,52,25,692,1.174324e+05
grande,53,25,636,9.683945e+04
grande,54,25,707,1.261859e+05
grande,55,25,656,1.161826e+05
grande,56,25,628,8.703303e+04
grande,57,25,677,1.055327e+05
grande,58,25,634,9.439187e+04
grande,59,25,702,1.101161e+05
grande,60,25,656,1.082606e+05
grande,61,25,663,1.058396e+05
grande,62,25,730,1.302901e+05
grande,63,25,662,1.248332e+05
grande,64,25,690,1.158705e+05
grande,65,25,622,9.132471e+04
grande,66,25,583,8.369946e+04
grande,67,25,549,6.942911e+04
grande,68,25,684,1.041994e+05
grande,69,25,786,1.313990e+05
grande,70,25,677,1.008282e+05
grande,71,25,665,1.220385e+05
grande,72,25,578,7.915272e+04
grande,73,25,596,8.591063e+04
grande,74,25,638,8.580038e+04
grande,75,25,653,9.975439e+04
grande,76,25,666,1.118352e+05
grande,77,25,588,8.093171e+04
grande,78,25,675,9.737170e+04
grande,79,25,795,1.444905e+05
grande,80,25,691,1.193542e+05
grande,81,25,692,1.196150e+05
grande,82,25,643,1.053147e+05
grande,83,25,515,7.833332e+04
grande,84,25,650,1.105766e+05
grande,85,25,767,1.496277e+05
grande,86,25,567,7.885266e+04
grande,87,25,638,9.553565e+04
grande,88,25,631,1.034908e+05
grande,89,25,709,1.226407e+05
grande,90,25,668,1.001772e+05
grande,91,25,643,1.024140e+05
grande,92,25,616,1.019377e+05
grande,93,25,641,1.096465e+05
grande,94,25,607,9.271344e+04
grande,95,25,675,1.127828e+05
grande,96,25,565,7.563578e+04
grande,97,25,714,1.353147e+05
grande,98,25,694,1.073280e+05
grande,99,25,681,1.027990e+05
grande,100,25,697,1.162413e+05
grande,1,26,674,1.096780e+05
grande,2,26,602,8.204745e+04
grande,3,26,641,1.095577e+05
grande,4,26,691,1.154583e+05
grande,5,26,509,6.889070e+04
grande,6,26,546,7.298867e+04
grande,7,26,596,9.211885e+04
grande,8,26,587,8.848667e+04
grande,9,26,731,1.260376e+05
grande,10,26,581,7.905548e+04
grande,11,26,687,1.082115e+05
grande,12,26,548,6.796020e+04
grande,13,26,590,8.100164e+04
grande,14,26,669,1.077793e+05
grande,15,26,598,8.935613e+04
grande,16,26,666,1.025628e+05
grande,17,26,577,8.626853e+04
grande,18,26,769,1.336942e+05
grande,19,26,625,9.885970e+04
grande,20,26,610,8.513798e+04
grande,21,26,750,1.223286e+05
grande,22,26,702,1.232187e+05
grande,23,26,634,9.766282e+04
grande,24,26,589,8.643440e+04
grande,25,26,560,9.176803e+04
grande,26,26,584,9.375562e+04
grande,27,26,634,9.818243e+04
grande,28,26,682,1.184343e+05
grande,29,26,646,9.451876e+04
grande,30,26,697,1.093494e+05
grande,31,26,669,1.178163e+05
grande,32,26,682,1.194528e+05
grande,33,26,720,1.193994e+05
grande,34,26,680,1.068401e+05
grande,35,26,580,8.677071e+04
grande,36,26,560,7.303098e+04
grande,37,26,636,1.008546e+05
grande,38,26,665,1.017129e+05
grande,39,26,668,1.095892e+05
grande,40,26,625,9.990926e+04
grande,41,26,587,7.769272e+04
grande,42,26,643,1.025578e+05
grande,43,26,649,9.905389e+04
grande,44,26,665,1.152046e+05
grande,45,26,671,1.117359e+05
grande,46,26,584,8.513606e+04
grande,47,26,687,1.139722e+05
grande,48,26,549,7.316421e+04
grande,49,26,594,8.861589e+04
grande,50,26,664,1.071712e+05
grande,51,26,658,1.157611e+05
grande,52,26,598,7.834162e+04
grande,53,26,658,1.044804e+05
grande,54,26,564,9.631902e+04
grande,55,26,696,1.123841e+05
grande,56,26,664,1.032366e+05
grande,57,26,646,9.202990e+04
grande,58,26,593,8.451117e+04
grande,59,26,598,8.928838e+04
grande,60,26,711,1.127850e+05
grande,61,26,607,9.331851e+04
grande,62,26,607,7.784737e+04
grande,63,26,819,1.476608e+05
grande,64,26,626,9.390331e+04
grande,65,26,677,1.180520e+05
grande,66,26,571,8.766420e+04
grande,67,26,584,9.345827e+04
grande,68,26,709,1.183541e+05
grande,69,26,637,1.014814e+05
grande,70,26,619,9.687815e+04
grande,71,26,508,7.102701e+04
grande,72,26,644,1.088247e+05
grande,73,26,695,1.090804e+05
grande,74,26,744,1.254605e+05
grande,75,26,656,1.082713e+05
grande,76,26,739,1.237180e+05
grande,77,26,542,7.809160e+04
grande,78,26,637,9.878476e+04
grande,79,26,604,9.306510e+04
grande,80,26,538,7.009813e+04
grande,81,26,657,1.103177e+05
grande,82,26,642,9.772871e+04
grande,83,26,630,1.080362e+05
grande,84,26,639,9.358505e+04
grande,85,26,706,1.165010e+05
grande,86,26,612,9.259939e+04
grande,87,26,749,1.264671e+05
grande,88,26,672,1.183355e+05
grande,89,26,654,9.943585e+04
grande,90,26,641,1.020174e+05
grande,91,26,742,1.276114e+05
grande,92,26,624,9.724830e+04
grande,93,26,678,1.063939e+05
grande,94,26,703,1.075815e+05
grande,95,26,605,8.870905e+04
grande,96,26,663,1.086039e+05
grande,97,26,698,1.138439e+05
grande,98,26,626,9.566449e+04
grande,99,26,603,8.848301e+04
grande,100,26,656,1.143859e+05
grande,1,27,701,1.195010e+05
grande,2,27,601,8.667021e+04
grande,3,27,671,1.093737e+05
grande,4,27,624,1.036639e+05
grande,5,27,673,1.135014e+05
grande,6,27,817,1.713999e+05
grande,7,27,647,1.005661e+05
grande,8,27,640,9.462908e+04
grande,9,27,647,9.625195e+04
grande,10,27,698,1.182398e+05
grande,11,27,674,9.911222e+04
grande,12,27,651,1.027765e+05
grande,13,27,627,8.828427e+04
grande,14,27,675,1.119034e+05
grande,15,27,615,9.815929e+04
grande,16,27,604,9.317847e+04
grande,17,27,706,1.153155e+05
grande,18,27,782,1.494347e+05
grande,19,27,586,8.716998e+04
grande,20,27,576,9.104873e+04
grande,21,27,699,1.120731e+05
grande,22,27,681,1.159628e+05
grande,23,27,673,1.074068e+05
grande,24,27,667,9.964725e+04
grande,25,27,644,1.014789e+05
grande,26,27,634,1.065092e+05
grande,27,27,639,9.283848e+04
grande,28,27,610,1.000919e+05
grande,29,27,619,1.065467e+05
grande,30,27,659,1.135093e+05
grande,31,27,670,9.369091e+04
grande,32,27,804,1.484661e+05
grande,33,27,578,9.528277e+04
grande,34,27,693,1.117111e+05
grande,35,27,629,9.156960e+04
grande,36,27,779,1.465168e+05
grande,37,27,566,7.850407e+04
grande,38,27,522,7.387477e+04
grande,39,27,630,1.050262e+05
grande,40,27,756,1.294082e+05
grande,41,27,526,7.213682e+04
grande,42,27,624,9.587031e+04
grande,43,27,700,9.767209e+04
grande,44,27,679,1.042478e+05
grande,45,27,731,1.306173e+05
grande,46,27,674,1.228946e+05
grande,47,27,597,8.915047e+04
grande,48,27,587,8.760837e+04
grande,49,27,611,9.014611e+04
grande,50,27,582,9.244833e+04
grande,51,27,656,1.072729e+05
grande,52,27,541,7.761871e+04
grande,53,27,497,7.688234e+04
grande,54,27,656,9.963623e+04
grande,55,27,569,9.508732e+04
grande,56,27,647,1.079032e+05
grande,57,27,638,1.005499e+05
grande,58,27,731,1.148619e+05
grande,59,27,570,1.018580e+05
grande,60,27,848,1.614025e+05
grande,61,27,738,1.179042e+05
grande,62,27,649,1.213559e+05
grande,63,27,572,7.647680e+04
grande,64,27,781,1.399070e+05
grande,65,27,670,1.068265e+05
grande,66,27,599,8.177503e+04
grande,67,27,670,1.102621e+05
grande,68,27,768,1.395207e+05
grande,69,27,715,1.104564e+05
grande,70,27,786,1.376317e+05
grande,71,27,666,1.204927e+05
grande,72,27,827,1.537716e+05
grande,73,27,702,1.049448e+05
grande,74,27,668,1.082539e+05
grande,75,27,708,1.186174e+05
grande,76,27,666,9.649210e+04
grande,77,27,635,1.008454e+05
grande,78,27,730,1.271480e+05
grande,79,27,629,9.883534e+04
grande,80,27,515,7.552061e+04
grande,81,27,757,1.390052e+05
grande,82,27,642,9.721271e+04
grande,83,27,660,1.195902e+05
grande,84,27,637,9.383940e+04
grande,85,27,659,1.140015e+05
grande,86,27,652,1.009883e+05
grande,87,27,772,1.382196e+05
grande,88,27,732,1.235562e+05
grande,89,27,645,9.997215e+04
grande,90,27,618,8.392628e+04
grande,91,27,671,1.086560e+05
grande,92,27,608,9.913074e+04
grande,93,27,717,1.186031e+05
grande,94,27,681,1.235601e+05
grande,95,27,633,9.064879e+04
grande,96,27,654,9.805607e+04
grande,97,27,654,1.104150e+05
grande,98,27,675,1.034963e+05
grande,99,27,654,1.097953e+05
grande,100,27,674,1.141139e+05
grande,1,28,688,1.231322e+05
grande,2,28,790,1.546353e+05
grande,3,28,595,8.704064e+04
grande,4,28,707,1.122726e+05
grande,5,28,716,1.191642e+05
grande,6,28,676,1.090849e+05
grande,7,28,565,7.697137e+04
grande,8,28,678,1.055291e+05
grande,9,28,751,1.418294e+05
grande,10,28,646,1.125303e+05
grande,11,28,608,9.766906e+04
grande,12,28,678,1.219073e+05
grande,13,28,545,8.846226e+04
grande,14,28,686,1.140654e+05
grande,15,28,580,8.729122e+04
grande,16,28,654,1.102510e+05
grande,17,28,646,1.076263e+05
grande,18,28,577,7.726258e+04
grande,19,28,722,1.244894e+05
grande,20,28,710,1.101700e+05
grande,21,28,637,1.096824e+05
grande,22,28,637,1.056746e+05
grande,23,28,587,8.752924e+04
grande,24,28,691,1.235990e+05
grande,25,28,740,1.356091e+05
grande,26,28,605,8.906881e+04
grande,27,28,676,1.029682e+05
grande,28,28,562,8.506011e+04
grande,29,28,801,1.488749e+05
grande,30,28,629,1.001052e+05
grande,31,28,574,8.918302e+04
grande,32,28,621,9.815674e+04
grande,33,28,657,1.105413e+05
grande,34,28,676,1.157695e+05
grande,35,28,619,9.470601e+04
grande,36,28,596,9.931285e+04
grande,37,28,598,8.129622e+04
grande,38,28,641,1.091577e+05
grande,39,28,670,1.044924e+05
grande,40,28,820,1.427193e+05
grande,41,28,674,1.059256e+05
grande,42,28,698,1.111196e+05
grande,43,28,614,9.929220e+04
grande,44,28,636,1.122946e+05
grande,45,28,651,1.010384e+05
grande,46,28,673,1.092309e+05
grande,47,28,662,1.129408e+05
grande,48,28,606,9.102129e+04
grande,49,28,548,7.626419e+04
grande,50,28,606,8.743505e+04
grande,51,28,582,8.382480e+04
grande,52,28,669,1.160739e+05
grande,53,28,585,8.877177e+04
grande,54,28,555,7.164544e+04
grande,55,28,734,1.281966e+05
grande,56,28,613,9.687913e+04
grande,57,28,581,8.726836e+04
grande,58,28,661,1.047663e+05
grande,59,28,610,9.570166e+04
grande,60,28,597,9.271093e+04
grande,61,28,637,9.812628e+04
grande,62,28,794,1.399433e+05
grande,63,28,676,1.161141e+05
grande,64,28,571,7.421451e+04
grande,65,28,672,1.169477e+05
grande,66,28,671,1.114789e+05
grande,67,28,698,1.155501e+05
grande,68,28,597,9.424354e+04
grande,69,28,540,7.927783e+04
grande,70,28,607,9.041501e+04
grande,71,28,635,8.940809e+04
grande,72,28,788,1.431550e+05
grande,73,28,697,1.124508e+05
grande,74,28,674,1.156597e+05
grande,75,28,712,1.175304e+05
grande,76,28,640,8.909224e+04
grande,77,28,616,8.738250e+04
grande,78,28,587,9.775470e+04
grande,79,28,680,1.334560e+05
grande,80,28,650,1.030022e+05
grande,81,28,647,1.052368e+05
grande,82,28,734,1.305979e+05
grande,83,28,817,1.627885e+05
grande,84,28,713,1.289078e+05
grande,85,28,735,1.453405e+05
grande,86,28,662,9.635396e+04
grande,87,28,690,1.114315e+05
grande,88,28,645,1.125777e+05
grande,89,28,665,1.147805e+05
grande,90,28,653,1.062379e+05
grande,91,28,654,9.555393e+04
grande,92,28,637,1.183595e+05
grande,93,28,810,1.538757e+05
grande,94,28,635,1.116441e+05
grande,95,28,687,1.069162e+05
grande,96,28,651,9.856361e+04
grande,97,28,706,1.127536e+05
grande,98,28,621,9.797415e+04
grande,99,28,605,9.181581e+04
grande,100,28,635,1.026317e+05
grande,1,29,716,1.139911e+05
grande,2,29,602,8.565653e+04
grande,3,29,657,1.008434e+05
grande,4,29,575,9.351088e+04
grande,5,29,650,1.064308e+05
grande,6,29,595,8.467064e+04
grande,7,29,615,9.793849e+04
grande,8,29,689,1.222025e+05
grande,9,29,706,1.290737e+05
grande,10,29,744,1.451917e+05
grande,11,29,802,1.437685e+05
grande,12,29,663,1.058692e+05
grande,13,29,666,1.163789e+05
grande,14,29,697,1.190915e+05
grande,15,29,620,9.725077e+04
grande,16,29,732,1.050117e+05
grande,17,29,777,1.346431e+05
grande,18,29,697,1.089119e+05
grande,19,29,705,1.221988e+05
grande,20,29,621,9.447323e+04
grande,21,29,641,1.047959e+05
grande,22,29,634,9.867978e+04
grande,23,29,571,8.596343e+04
grande,24,29,709,1.098240e+05
grande,25,29,710,1.261360e+05
grande,26,29,646,9.168701e+04
grande,27,29,641,9.433123e+04
grande,28,29,780,1.448118e+05
grande,29,29,588,8.667606e+04
grande,30,29,732,1.263153e+05
grande,31,29,593,8.122066e+04
grande,32,29,640,1.026469e+05
grande,33,29,788,1.421813e+05
grande,34,29,605,9.701154e+04
grande,35,29,652,1.114346e+05
grande,36,29,681,1.185829e+05
grande,37,29,658,1.173985e+05
grande,38,29,601,9.878209e+04
grande,39,29,662,1.064932e+05
grande,40,29,712,1.225321e+05
grande,41,29,595,8.540716e+04
grande,42,29,597,9.554106e+04
grande,43,29,630,9.343536e+04
grande,44,29,624,9.774297e+04
grande,45,29,600,7.753733e+04
grande,46,29,488,6.785214e+04
grande,47,29,615,9.755195e+04
grande,48,29,824,1.613796e+05
grande,49,29,634,9.780088e+04
grande,50,29,620,1.014496e+05
grande,51,29,711,1.178542e+05
grande,52,29,623,1.045252e+05
grande,53,29,602,9.015696e+04
grande,54,29,566,8.504625e+04
grande,55,29,592,8.538909e+04
grande,56,29,704,1.181310e+05
grande,57,29,546,6.811594e+04
grande,58,29,626,8.909044e+04
grande,59,29,632,9.217159e+04
grande,60,29,584,8.460049e+04
grande,61,29,547,7.696813e+04
grande,62,29,614,9.453372e+04
grande,63,29,608,9.813490e+04
grande,64,29,612,9.487049e+04
grande,65,29,677,1.041493e+05
grande,66,29,672,9.926882e+04
grande,67,29,636,1.019469e+05
grande,68,29,589,9.278771e+04
grande,69,29,682,9.812643e+04
grande,70,29,723,1.226835e+05
grande,71,29,594,1.011260e+05
grande,72,29,569,8.360192e+04
grande,73,29,684,1.222828e+05
grande,74,29,618,9.558110e+04
grande,75,29,609,8.805085e+04
grande,76,29,535,7.802995e+04
grande,77,29,624,9.251075e+04
grande,78,29,797,1.427191e+05
grande,79,29,606,9.768242e+04
grande,80,29,815,1.539836e+05
grande,81,29,632,1.114356e+05
grande,82,29,722,1.213882e+05
grande,83,29,630,9.791710e+04
grande,84,29,795,1.384240e+05
grande,85,29,683,1.180561e+05
grande,86,29,645,1.095485e+05
grande,87,29,657,1.052224e+05
grande,88,29,589,8.481378e+04
grande,89,29,703,1.154442e+05
grande,90,29,588,9.051033e+04
grande,91,29,590,8.938493e+04
grande,92,29,726,1.277560e+05
grande,93,29,611,9.620266e+04
grande,94,29,611,8.630644e+04
grande,95,29,694,1.184394e+05
grande,96,29,656,1.017867e+05
grande,97,29,739,1.358907e+05
grande,98,29,618,9.887870e+04
grande,99,29,765,1.326685e+05
grande,100,29,668,1.033271e+05
grande,1,3,723,1.234995e+05
grande,2,3,694,1.069233e+05
grande,3,3,617,9.315569e+04
grande,4,3,598,8.777415e+04
grande,5,3,718,1.308104e+05
grande,6,3,633,1.030973e+05
grande,7,3,697,1.125437e+05
grande,8,3,624,1.000805e+05
grande,9,3,619,8.382012e+04
grande,10,3,676,1.134081e+05
grande,11,3,650,1.089355e+05
grande,12,3,530,7.682873e+04
grande,13,3,525,6.638674e+04
grande,14,3,564,7.390023e+04
grande,15,3,608,8.193848e+04
grande,16,3,644,9.893504e+04
grande,17,3,573,9.450525e+04
grande,18,3,736,1.373921e+05
grande,19,3,626,9.095006e+04
grande,20,3,633,9.929400e+04
grande,21,3,663,9.952123e+04
grande,22,3,651,1.081203e+05
grande,23,3,731,1.200886e+05
grande,24,3,622,9.959566e+04
grande,25,3,659,9.737283e+04
grande,26,3,654,1.129924e+05
grande,27,3,590,9.559710e+04
grande,28,3,666,1.141330e+05
grande,29,3,776,1.344371e+05
grande,30,3,587,8.528646e+04
grande,31,3,679,1.156675e+05
grande,32,3,687,1.194532e+05
grande,33,3,611,1.053138e+05
grande,34,3,626,1.082988e+05
grande,35,3,640,9.957800e+04
grande,36,3,656,1.042511e+05
grande,37,3,842,1.714218e+05
grande,38,3,678,1.099485e+05
grande,39,3,705,1.114384e+05
grande,40,3,659,1.137333e+05
grande,41,3,632,9.287267e+04
grande,42,3,769,1.403986e+05
grande,43,3,524,6.081317e+04
grande,44,3,613,9.313543e+04
grande,45,3,816,1.579288e+05
grande,46,3,635,9.840362e+04
grande,47,3,713,1.074056e+05
grande,48,3,617,8.912422e+04
grande,49,3,692,1.119622e+05
grande,50,3,555,8.028491e+04
grande,51,3,610,9.310864e+04
grande,52,3,608,8.499750e+04
grande,53,3,671,1.121179e+05
grande,54,3,710,1.209597e+05
grande,55,3,803,1.452272e+05
grande,56,3,597,9.390516e+04
grande,57,3,743,1.259948e+05
grande,58,3,567,9.013494e+04
grande,59,3,578,8.689404e+04
grande,60,3,620,9.339752e+04
grande,61,3,613,8.598539e+04
grande,62,3,711,1.184458e+05
grande,63,3,597,8.540463e+04
grande,64,3,670,1.062466e+05
grande,65,3,624,8.032013e+04
grande,66,3,630,9.125254e+04
grande,67,3,678,1.070368e+05
grande,68,3,650,1.043794e+05
grande,69,3,670,1.113829e+05
grande,70,3,576,9.740514e+04
grande,71,3,696,1.168696e+05
grande,72,3,683,1.036839e+05
grande,73,3,591,9.589302e+04
grande,74,3,729,1.279233e+05
grande,75,3,533,7.453073e+04
grande,76,3,594,9.267927e+04
grande,77,3,542,6.775593e+04
grande,78,3,710,1.187741e+05
grande,79,3,629,9.235100e+04
grande,80,3,720,1.193447e+05
grande,81,3,651,1.046201e+05
grande,82,3,645,9.409726e+04
grande,83,3,640,1.069103e+05
grande,84,3,689,1.072933e+05
grande,85,3,683,1.187833e+05
grande,86,3,779,1.561080e+05
grande,87,3,554,8.280847e+04
grande,88,3,636,1.008851e+05
grande,89,3,642,9.472590e+04
grande,90,3,743,1.356673e+05
grande,91,3,736,1.169654e+05
grande,92,3,743,1.218551e+05
grande,93,3,595,8.521636e+04
grande,94,3,736,1.372486e+05
grande,95,3,617,9.320595e+04
grande,96,3,749,1.377893e+05
grande,97,3,650,9.930314e+04
grande,98,3,710,1.290119e+05
grande,99,3,633,1.023010e+05
grande,100,3,667,1.065725e+05
grande,1,30,589,8.791482e+04
grande,2,30,618,9.616880e+04
grande,3,30,633,1.105481e+05
grande,4,30,683,1.006275e+05
grande,5,30,683,1.120139e+05
grande,6,30,572,9.494313e+04
grande,7,30,629,1.080434e+05
grande,8,30,682,1.093404e+05
grande,9,30,661,1.007018e+05
grande,10,30,683,1.128743e+05
grande,11,30,652,1.064850e+05
grande,12,30,574,7.723605e+04
grande,13,30,667,9.302219e+04
grande,14,30,693,1.049073e+05
grande,15,30,614,1.003431e+05
grande,16,30,683,1.152823e+05
grande,17,30,787,1.494032e+05
grande,18,30,600,8.409260e+04
grande,19,30,582,9.164532e+04
grande,20,30,629,9.874192e+04
grande,21,30,734,1.328110e+05
grande,22,30,670,9.679083e+04
grande,23,30,580,7.809625e+04
grande,24,30,603,9.808131e+04
grande,25,30,507,6.632978e+04
grande,26,30,747,1.291360e+05
grande,27,30,613,9.935916e+04
grande,28,30,615,9.235521e+04
grande,29,30,592,7.757074e+04
grande,30,30,677,1.077156e+05
grande,31,30,696,1.203828e+05
grande,32,30,665,1.002944e+05
grande,33,30,610,1.057964e+05
grande,34,30,620,9.897575e+04
grande,35,30,670,1.003528e+05
grande,36,30,583,8.158665e+04
grande,37,30,620,9.419109e+04
grande,38,30,679,1.105904e+05
grande,39,30,645,9.194443e+04
grande,40,30,730,1.147757e+05
grande,41,30,767,1.476235e+05
grande,42,30,654,1.004939e+05
grande,43,30,695,9.609016e+04
grande,44,30,626,9.341273e+04
grande,45,30,687,1.111485e+05
grande,46,30,640,9.455017e+04
grande,47,30,652,9.665101e+04
grande,48,30,601,9.886749e+04
grande,49,30,604,8.526212e+04
grande,50,30,623,9.081128e+04
grande,51,30,719,1.271076e+05
grande,52,30,642,9.578448e+04
grande,53,30,658,9.801444e+04
grande,54,30,728,1.271760e+05
grande,55,30,668,1.135029e+05
grande,56,30,632,1.017235e+05
grande,57,30,691,1.152787e+05
grande,58,30,641,1.009094e+05
grande,59,30,696,1.014348e+05
grande,60,30,672,1.037241e+05
grande,61,30,711,1.098694e+05
grande,62,30,696,1.160667e+05
grande,63,30,599,8.717866e+04
grande,64,30,606,8.840252e+04
grande,65,30,659,1.051104e+05
grande,66,30,593,9.710082e+04
grande,67,30,589,8.368638e+04
grande,68,30,638,9.542198e+04
grande,69,30,582,8.651630e+04
grande,70,30,607,9.661956e+04
grande,71,30,654,1.020526e+05
grande,72,30,657,9.802006e+04
grande,73,30,608,9.030038e+04
grande,74,30,556,7.900457e+04
grande,75,30,607,1.026072e+05
grande,76,30,654,9.320683e+04
grande,77,30,654,9.713596e+04
grande,78,30,590,8.703154e+04
grande,79,30,751,1.265155e+05
grande,80,30,628,9.466209e+04
grande,81,30,589,8.557293e+04
grande,82,30,591,9.737708e+04
grande,83,30,769,1.458148e+05
grande,84,30,617,9.158891e+04
grande,85,30,640,1.008753e+05
grande,86,30,630,9.297634e+04
grande,87,30,597,8.879502e+04
grande,88,30,648,9.951236e+04
grande,89,30,686,1.168172e+05
grande,90,30,593,8.716206e+04
grande,91,30,676,1.048307e+05
grande,92,30,619,8.798190e+04
grande,93,30,627,9.245254e+04
grande,94,30,689,1.087539e+05
grande,95,30,732,1.288011e+05
grande,96,30,660,1.038405e+05
grande,97,30,569,8.549892e+04
grande,98,30,591,8.425615e+04
grande,99,30,650,9.858897e+04
grande,100,30,629,1.039934e+05
grande,1,31,729,1.342825e+05
grande,2,31,682,1.126192e+05
grande,3,31,653,1.146230e+05
grande,4,31,674,1.138779e+05
grande,5,31,595,9.167831e+04
grande,6,31,648,1.021289e+05
grande,7,31,577,8.119695e+04
grande,8,31,660,9.862585e+04
grande,9,31,542,8.874952e+04
grande,10,31,649,1.050543e+05
grande,11,31,664,1.153637e+05
grande,12,31,638,1.021484e+05
grande,13,31,655,1.142544e+05
grande,14,31,653,1.133094e+05
grande,15,31,643,9.911180e+04
grande,16,31,629,1.095914e+05
grande,17,31,607,9.844193e+04
grande,18,31,678,1.045933e+05
grande,19,31,756,1.283147e+05
grande,20,31,638,1.114220e+05
grande,21,31,677,1.209033e+05
grande,22,31,728,1.274684e+05
grande,23,31,633,1.032265e+05
grande,24,31,805,1.511071e+05
grande,25,31,603,9.026400e+04
grande,26,31,650,9.534954e+04
grande,27,31,629,1.051682e+05
grande,28,31,677,1.000668e+05
grande,29,31,583,9.811363e+04
grande,30,31,583,8.739274e+04
grande,31,31,668,1.085033e+05
grande,32,31,592,9.351786e+04
grande,33,31,643,1.002192e+05
grande,34,31,599,8.842585e+04
grande,35,31,657,1.141982e+05
grande,36,31,552,8.453547e+04
grande,37,31,753,1.400947e+05
grande,38,31,569,7.625796e+04
grande,39,31,595,9.184680e+04
grande,40,31,739,1.317019e+05
grande,41,31,586,9.474551e+04
grande,42,31,693,1.195497e+05
grande,43,31,646,1.049620e+05
grande,44,31,603,9.088541e+04
grande,45,31,607,9.931660e+04
grande,46,31,635,1.112878e+05
grande,47,31,809,1.532499e+05
grande,48,31,743,1.259027e+05
grande,49,31,592,8.731466e+04
grande,50,31,653,1.093161e+05
grande,51,31,661,1.076444e+05
grande,52,31,690,1.089335e+05
grande,53,31,613,8.686874e+04
grande,54,31,757,1.419503e+05
grande,55,31,667,1.126239e+05
grande,56,31,732,1.236637e+05
grande,57,31,591,9.221975e+04
grande,58,31,627,1.171885e+05
grande,59,31,626,1.048724e+05
grande,60,31,685,1.129949e+05
grande,61,31,683,1.111744e+05
grande,62,31,684,1.196279e+05
grande,63,31,606,9.499056e+04
grande,64,31,628,9.886570e+04
grande,65,31,738,1.303176e+05
grande,66,31,619,9.236705e+04
grande,67,31,700,1.283354e+05
grande,68,31,677,1.127638e+05
grande,69,31,626,1.014730e+05
grande,70,31,570,7.898907e+04
grande,71,31,721,1.268474e+05
grande,72,31,635,1.077474e+05
grande,73,31,627,1.103997e+05
grande,74,31,640,9.645915e+04
grande,75,31,677,1.091282e+05
grande,76,31,695,1.120291e+05
grande,77,31,645,1.064048e+05
grande,78,31,625,1.007546e+05
grande,79,31,585,8.860879e+04
grande,80,31,587,8.106838e+04
grande,81,31,639,9.890567e+04
grande,82,31,572,7.653040e+04
grande,83,31,632,1.215598e+05
grande,84,31,709,1.130140e+05
grande,85,31,730,1.218888e+05
grande,86,31,685,1.108759e+05
grande,87,31,562,8.450142e+04
grande,88,31,595,7.616838e+04
grande,89,31,687,1.272729e+05
grande,90,31,661,1.262437e+05
grande,91,31,710,1.226289e+05
grande,92,31,746,1.272911e+05
grande,93,31,693,1.299549e+05
grande,94,31,646,1.063158e+05
grande,95,31,555,7.112476e+04
grande,96,31,661,1.118126e+05
grande,97,31,578,8.261730e+04
grande,98,31,638,1.084131e+05
grande,99,31,700,1.144124e+05
grande,100,31,705,1.315081e+05
grande,1,32,644,8.908786e+04
grande,2,32,803,1.478051e+05
grande,3,32,582,8.816958e+04
grande,4,32,584,9.184882e+04
grande,5,32,727,1.223027e+05
grande,6,32,566,8.970031e+04
grande,7,32,624,1.027315e+05
grande,8,32,590,8.656041e+04
grande,9,32,586,8.837977e+04
grande,10,32,629,9.659084e+04
grande,11,32,583,8.817192e+04
grande,12,32,573,7.684395e+04
grande,13,32,738,1.370813e+05
grande,14,32,645,1.152588e+05
grande,15,32,673,1.192198e+05
grande,16,32,682,1.159071e+05
grande,17,32,608,8.705769e+04
grande,18,32,686,1.299709e+05
grande,19,32,640,1.001581e+05
grande,20,32,722,1.233994e+05
grande,21,32,602,9.811371e+04
grande,22,32,705,1.079875e+05
grande,23,32,677,1.092157e+05
grande,24,32,688,1.275952e+05
grande,25,32,646,9.518329e+04
grande,26,32,748,1.511771e+05
grande,27,32,620,9.564577e+04
grande,28,32,540,7.878749e+04
grande,29,32,611,8.383590e+04
grande,30,32,576,8.142043e+04
grande,31,32,671,1.052696e+05
grande,32,32,703,1.342235e+05
grande,33,32,613,8.622234e+04
grande,34,32,598,9.356680e+04
grande,35,32,803,1.520755e+05
grande,36,32,587,8.668447e+04
grande,37,32,578,8.241686e+04
grande,38,32,632,1.064779e+05
grande,39,32,679,1.328210e+05
grande,40,32,601,8.895155e+04
grande,41,32,690,1.122284e+05
grande,42,32,559,7.791549e+04
grande,43,32,704,1.109211e+05
grande,44,32,560,7.845041e+04
grande,45,32,630,8.580569e+04
grande,46,32,707,1.218650e+05
grande,47,32,718,1.202769e+05
grande,48,32,502,6.520452e+04
grande,49,32,585,7.911320e+04
grande,50,32,566,8.050720e+04
grande,51,32,645,1.053239e+05
grande,52,32,698,1.394300e+05
grande,53,32,626,8.889311e+04
grande,54,32,655,1.055308e+05
grande,55,32,606,8.515690e+04
grande,56,32,754,1.339069e+05
grande,57,32,572,7.873147e+04
grande,58,32,637,9.817956e+04
grande,59,32,624,9.813167e+04
grande,60,32,703,1.247131e+05
grande,61,32,724,1.249687e+05
grande,62,32,641,9.992679e+04
grande,63,32,639,9.758627e+04
grande,64,32,625,9.729504e+04
grande,65,32,649,9.991830e+04
grande,66,32,604,9.458502e+04
grande,67,32,676,1.203803e+05
grande,68,32,613,9.707578e+04
grande,69,32,797,1.488696e+05
grande,70,32,588,8.140909e+04
grande,71,32,642,1.059225e+05
grande,72,32,621,9.920521e+04
grande,73,32,668,1.244520e+05
grande,74,32,665,1.083101e+05
grande,75,32,633,1.012730e+05
grande,76,32,590,9.829014e+04
grande,77,32,584,8.549161e+04
grande,78,32,642,9.511147e+04
grande,79,32,757,1.349764e+05
grande,80,32,634,1.044983e+05
grande,81,32,601,8.782352e+04
grande,82,32,557,7.909381e+04
grande,83,32,819,1.507861e+05
grande,84,32,614,1.061444e+05
grande,85,32,717,1.250297e+05
grande,86,32,679,1.182630e+05
grande,87,32,601,8.711403e+04
grande,88,32,606,8.553092e+04
grande,89,32,595,8.355910e+04
grande,90,32,670,9.859682e+04
grande,91,32,673,1.024249e+05
grande,92,32,631,9.744189e+04
grande,93,32,632,9.706444e+04
grande,94,32,613,9.507313e+04
grande,95,32,750,1.374544e+05
grande,96,32,574,9.019274e+04
grande,97,32,636,1.019222e+05
grande,98,32,625,9.117133e+04
grande,99,32,596,9.105507e+04
grande,100,32,630,1.004831e+05
grande,1,33,725,1.230818e+05
grande,2,33,557,8.195344e+04
grande,3,33,663,1.189389e+05
grande,4,33,671,1.053741e+05
grande,5,33,673,1.060312e+05
grande,6,33,658,1.024215e+05
grande,7,33,682,1.177052e+05
grande,8,33,633,9.696648e+04
grande,9,33,648,1.064337e+05
grande,10,33,655,1.171731e+05
grande,11,33,700,1.106673e+05
grande,12,33,646,9.740298e+04
grande,13,33,752,1.152575e+05
grande,14,33,727,1.170672e+05
grande,15,33,684,9.221706e+04
grande,16,33,611,9.217853e+04
grande,17,33,652,1.006475e+05
grande,18,33,680,1.096032e+05
grande,19,33,634,1.034285e+05
grande,20,33,654,1.056403e+05
grande,21,33,677,1.027691e+05
grande,22,33,603,9.324015e+04
grande,23,33,806,1.409958e+05
grande,24,33,609,8.970484e+04
grande,25,33,602,8.799410e+04
grande,26,33,720,1.249906e+05
grande,27,33,628,8.972035e+04
grande,28,33,626,1.065677e+05
grande,29,33,634,1.006719e+05
grande,30,33,623,1.141200e+05
grande,31,33,640,1.205840e+05
grande,32,33,614,8.369481e+04
grande,33,33,666,1.234067e+05
grande,34,33,673,1.144200e+05
grande,35,33,683,1.214457e+05
grande,36,33,632,9.898929e+04
grande,37,33,552,8.448040e+04
grande,38,33,640,1.081063e+05
grande,39,33,690,1.219955e+05
grande,40,33,597,9.598869e+04
grande,41,33,632,1.039114e+05
grande,42,33,677,1.128372e+05
grande,43,33,615,9.900842e+04
grande,44,33,615,9.371110e+04
grande,45,33,694,1.077598e+05
grande,46,33,600,8.717791e+04
grande,47,33,680,1.139578e+05
grande,48,33,642,1.014117e+05
grande,49,33,652,1.200123e+05
grande,50,33,596,8.717234e+04
grande,51,33,686,1.180194e+05
grande,52,33,661,1.148573e+05
grande,53,33,615,9.390846e+04
grande,54,33,560,8.179348e+04
grande,55,33,677,1.135808e+05
grande,56,33,700,1.189370e+05
grande,57,33,687,1.199986e+05
grande,58,33,584,8.530801e+04
grande,59,33,586,9.061005e+04
grande,60,33,591,9.647976e+04
grande,61,33,701,1.161395e+05
grande,62,33,681,1.142925e+05
grande,63,33,683,1.178816e+05
grande,64,33,547,6.421244e+04
grande,65,33,535,7.319566e+04
grande,66,33,648,1.162589e+05
grande,67,33,651,1.067586e+05
grande,68,33,583,8.444724e+04
grande,69,33,697,1.248908e+05
grande,70,33,687,9.862015e+04
grande,71,33,631,1.062334e+05
grande,72,33,624,1.185353e+05
grande,73,33,657,1.042015e+05
grande,74,33,653,9.512406e+04
grande,75,33,648,9.998908e+04
grande,76,33,785,1.459000e+05
grande,77,33,646,1.102016e+05
grande,78,33,754,1.237539e+05
grande,79,33,587,8.307734e+04
grande,80,33,692,1.063077e+05
grande,81,33,653,1.130398e+05
grande,82,33,582,8.947972e+04
grande,83,33,735,1.275296e+05
grande,84,33,781,1.439458e+05
grande,85,33,664,1.095835e+05
grande,86,33,577,9.895825e+04
grande,87,33,608,1.057797e+05
grande,88,33,636,1.059131e+05
grande,89,33,641,1.048739e+05
grande,90,33,702,1.201095e+05
grande,91,33,633,9.636598e+04
grande,92,33,634,1.004951e+05
grande,93,33,638,1.176182e+05
grande,94,33,615,9.905921e+04
grande,95,33,570,8.726806e+04
grande,96,33,664,1.094052e+05
grande,97,33,760,1.372873e+05
grande,98,33,637,1.077573e+05
grande,99,33,631,9.885440e+04
grande,100,33,590,8.896809e+04
grande,1,34,718,1.086089e+05
grande,2,34,761,1.307206e+05
grande,3,34,693,1.082486e+05
grande,4,34,665,1.034362e+05
grande,5,34,619,8.615700e+04
grande,6,34,641,1.052964e+05
grande,7,34,644,1.010754e+05
grande,8,34,713,1.194193e+05
grande,9,34,611,9.387812e+04
grande,10,34,662,1.236828e+05
grande,11,34,536,8.268649e+04
grande,12,34,688,1.248772e+05
grande,13,34,711,1.215730e+05
grande,14,34,636,9.343046e+04
grande,15,34,685,1.137484e+05
grande,16,34,741,1.338640e+05
grande,17,34,643,1.016286e+05
grande,18,34,734,1.265006e+05
grande,19,34,640,9.179714e+04
grande,20,34,734,1.214860e+05
grande,21,34,727,1.230178e+05
grande,22,34,618,9.279063e+04
grande,23,34,665,1.011953e+05
grande,24,34,660,1.133475e+05
grande,25,34,601,9.922160e+04
grande,26,34,609,9.985969e+04
grande,27,34,664,1.094092e+05
grande,28,34,688,1.225812e+05
grande,29,34,625,9.462107e+04
grande,30,34,614,9.488311e+04
grande,31,34,615,9.546123e+04
grande,32,34,667,1.073184e+05
grande,33,34,711,1.228693e+05
grande,34,34,577,8.487684e+04
grande,35,34,672,1.074164e+05
grande,36,34,683,1.027688e+05
grande,37,34,599,8.638598e+04
grande,38,34,706,1.131507e+05
grande,39,34,635,1.024877e+05
grande,40,34,619,9.032448e+04
grande,41,34,616,1.033127e+05
grande,42,34,623,8.838202e+04
grande,43,34,666,1.063606e+05
grande,44,34,663,1.048943e+05
grande,45,34,625,1.023083e+05
grande,46,34,562,7.016986e+04
grande,47,34,637,1.065975e+05
grande,48,34,755,1.306966e+05
grande,49,34,672,9.842567e+04
grande,50,34,640,1.042040e+05
grande,51,34,743,1.213091e+05
grande,52,34,850,1.718730e+05
grande,53,34,625,9.741425e+04
grande,54,34,679,1.111025e+05
grande,55,34,625,9.093045e+04
grande,56,34,618,1.094092e+05
grande,57,34,668,1.099579e+05
grande,58,34,529,8.211794e+04
grande,59,34,748,1.208932e+05
grande,60,34,704,1.231784e+05
grande,61,34,655,1.136376e+05
grande,62,34,719,1.284963e+05
grande,63,34,577,8.993002e+04
grande,64,34,659,1.190329e+05
grande,65,34,725,1.301221e+05
grande,66,34,637,1.102660e+05
grande,67,34,518,6.954340e+04
grande,68,34,633,9.343351e+04
grande,69,34,721,1.228973e+05
grande,70,34,571,8.191437e+04
grande,71,34,649,1.040955e+05
grande,72,34,783,1.545323e+05
grande,73,34,558,8.641924e+04
grande,74,34,638,1.090922e+05
grande,75,34,628,1.112727e+05
grande,76,34,637,1.128935e+05
grande,77,34,694,1.045529e+05
grande,78,34,619,9.683536e+04
grande,79,34,673,1.124958e+05
grande,80,34,701,1.309344e+05
grande,81,34,705,1.257464e+05
grande,82,34,589,8.441598e+04
grande,83,34,632,1.025871e+05
grande,84,34,722,1.259123e+05
grande,85,34,682,1.138018e+05
grande,86,34,733,1.150420e+05
grande,87,34,652,1.088482e+05
grande,88,34,687,1.155694e+05
grande,89,34,661,1.052111e+05
grande,90,34,675,9.282630e+04
grande,91,34,682,1.196388e+05
grande,92,34,712,1.124484e+05
grande,93,34,571,8.640117e+04
grande,94,34,651,1.040793e+05
grande,95,34,690,1.126504e+05
grande,96,34,712,1.207491e+05
grande,97,34,661,1.018332e+05
grande,98,34,612,9.785496e+04
grande,99,34,658,1.008614e+05
grande,100,34,685,9.860416e+04
grande,1,35,599,8.808529e+04
grande,2,35,790,1.391444e+05
grande,3,35,719,1.244262e+05
grande,4,35,646,9.186045e+04
grande,5,35,673,1.193784e+05
grande,6,35,642,1.052509e+05
grande,7,35,671,1.189724e+05
grande,8,35,704,1.156092e+05
grande,9,35,583,9.349424e+04
grande,10,35,674,1.126534e+05
grande,11,35,637,1.108165e+05
grande,12,35,681,1.013052e+05
grande,13,35,715,1.138254e+05
grande,14,35,651,1.183107e+05
grande,15,35,559,7.298722e+04
grande,16,35,612,1.010586e+05
grande,17,35,545,8.124546e+04
grande,18,35,732,1.237689e+05
grande,19,35,603,9.766462e+04
grande,20,35,644,1.042490e+05
grande,21,35,672,1.233984e+05
grande,22,35,683,1.048525e+05
grande,23,35,739,1.415356e+05
grande,24,35,556,8.076297e+04
grande,25,35,728,1.350977e+05
grande,26,35,709,1.179263e+05
grande,27,35,723,1.187807e+05
grande,28,35,782,1.415641e+05
grande,29,35,679,1.123761e+05
grande,30,35,629,1.122279e+05
grande,31,35,638,1.123773e+05
grande,32,35,729,1.314830e+05
grande,33,35,708,1.291882e+05
grande,34,35,634,1.016862e+05
grande,35,35,784,1.378785e+05
grande,36,35,680,1.217185e+05
grande,37,35,643,1.188222e+05
grande,38,35,744,1.439144e+05
grande,39,35,624,1.110047e+05
grande,40,35,753,1.390959e+05
grande,41,35,721,1.196220e+05
grande,42,35,625,1.009898e+05
grande,43,35,713,1.334283e+05
grande,44,35,704,1.279835e+05
grande,45,35,646,1.129038e+05
grande,46,35,706,1.120507e+05
grande,47,35,702,1.269157e+05
grande,48,35,707,1.327718e+05
grande,49,35,627,9.656095e+04
grande,50,35,714,1.193918e+05
grande,51,35,640,1.139272e+05
grande,52,35,778,1.385603e+05
grande,53,35,660,1.182889e+05
grande,54,35,601,8.785385e+04
grande,55,35,588,9.205074e+04
grande,56,35,606,9.121026e+04
grande,57,35,556,7.818453e+04
grande,58,35,738,1.171130e+05
grande,59,35,601,7.788067e+04
grande,60,35,671,1.129028e+05
grande,61,35,614,9.148168e+04
grande,62,35,731,1.351195e+05
grande,63,35,722,1.418311e+05
grande,64,35,644,1.168241e+05
grande,65,35,719,1.235131e+05
grande,66,35,660,1.039657e+05
grande,67,35,704,1.241665e+05
grande,68,35,625,9.657587e+04
grande,69,35,725,1.199296e+05
grande,70,35,742,1.311978e+05
grande,71,35,581,7.542844e+04
grande,72,35,808,1.549522e+05
grande,73,35,645,1.007797e+05
grande,74,35,710,1.317904e+05
grande,75,35,623,1.016103e+05
grande,76,35,585,8.908087e+04
grande,77,35,544,7.083704e+04
grande,78,35,759,1.365017e+05
grande,79,35,658,1.219637e+05
grande,80,35,779,1.481862e+05
grande,81,35,638,9.410017e+04
grande,82,35,715,1.225402e+05
grande,83,35,750,1.389620e+05
grande,84,35,653,1.119254e+05
grande,85,35,599,9.251789e+04
grande,86,35,617,9.276226e+04
grande,87,35,606,9.316758e+04
grande,88,35,635,1.047433e+05
grande,89,35,763,1.533016e+05
grande,90,35,613,9.882117e+04
grande,91,35,755,1.362213e+05
grande,92,35,658,1.085115e+05
grande,93,35,716,1.186772e+05
grande,94,35,661,1.151387e+05
grande,95,35,655,9.810463e+04
grande,96,35,575,8.542332e+04
grande,97,35,653,9.962454e+04
grande,98,35,657,9.679302e+04
grande,99,35,623,1.095476e+05
grande,100,35,726,1.332322e+05
grande,1,36,671,1.037468e+05
grande,2,36,678,1.338270e+05
grande,3,36,643,1.133592e+05
grande,4,36,623,8.847131e+04
grande,5,36,638,1.026220e+05
grande,6,36,663,1.041399e+05
grande,7,36,691,1.175449e+05
grande,8,36,577,8.518736e+04
grande,9,36,674,1.154782e+05
grande,10,36,627,1.070471e+05
grande,11,36,632,1.032988e+05
grande,12,36,705,1.121438e+05
grande,13,36,632,1.001585e+05
grande,14,36,743,1.351792e+05
grande,15,36,667,1.039143e+05
grande,16,36,555,8.610704e+04
grande,17,36,631,9.324238e+04
grande,18,36,555,8.335139e+04
grande,19,36,608,9.364597e+04
grande,20,36,705,1.103966e+05
grande,21,36,624,1.062497e+05
grande,22,36,674,1.096060e+05
grande,23,36,568,7.520934e+04
grande,24,36,634,1.040558e+05
grande,25,36,652,1.045378e+05
grande,26,36,707,1.168657e+05
grande,27,36,664,1.157019e+05
grande,28,36,624,9.624961e+04
grande,29,36,664,1.153105e+05
grande,30,36,711,1.229169e+05
grande,31,36,720,1.306319e+05
grande,32,36,681,1.089623e+05
grande,33,36,646,1.016422e+05
grande,34,36,658,1.204879e+05
grande,35,36,632,1.206248e+05
grande,36,36,713,1.237341e+05
grande,37,36,664,9.562288e+04
grande,38,36,684,1.185739e+05
grande,39,36,597,9.503078e+04
grande,40,36,737,1.190032e+05
grande,41,36,842,1.475817e+05
grande,42,36,668,1.079801e+05
grande,43,36,693,1.228369e+05
grande,44,36,665,1.138574e+05
grande,45,36,696,1.241132e+05
grande,46,36,630,1.032817e+05
grande,47,36,655,1.054203e+05
grande,48,36,551,8.787562e+04
grande,49,36,749,1.391510e+05
grande,50,36,667,1.054990e+05
grande,51,36,804,1.456041e+05
grande,52,36,623,9.611452e+04
grande,53,36,634,9.434857e+04
grande,54,36,822,1.486353e+05
grande,55,36,670,1.108461e+05
grande,56,36,712,1.349317e+05
grande,57,36,707,1.253523e+05
grande,58,36,684,1.167363e+05
grande,59,36,588,9.056124e+04
grande,60,36,716,1.294028e+05
grande,61,36,679,1.111612e+05
grande,62,36,608,9.504729e+04
grande,63,36,666,1.099584e+05
grande,64,36,667,1.255335e+05
grande,65,36,598,1.042048e+05
grande,66,36,676,1.147104e+05
grande,67,36,712,1.327269e+05
grande,68,36,653,1.069325e+05
grande,69,36,637,1.020678e+05
grande,70,36,674,1.040857e+05
grande,71,36,618,9.846204e+04
grande,72,36,696,1.218950e+05
grande,73,36,728,1.339478e+05
grande,74,36,624,1.046940e+05
grande,75,36,602,1.041033e+05
grande,76,36,615,8.514067e+04
grande,77,36,583,9.342324e+04
grande,78,36,623,1.026432e+05
grande,79,36,714,1.208006e+05
grande,80,36,610,9.058598e+04
grande,81,36,830,1.619561e+05
grande,82,36,662,9.455206e+04
grande,83,36,684,1.262637e+05
grande,84,36,607,9.897078e+04
grande,85,36,606,1.041609e+05
grande,86,36,635,9.608939e+04
grande,87,36,680,1.265454e+05
grande,88,36,598,8.280932e+04
grande,89,36,581,8.738532e+04
grande,90,36,751,1.409730e+05
grande,91,36,634,1.041594e+05
grande,92,36,820,1.583768e+05
grande,93,36,723,1.194199e+05
grande,94,36,695,1.119129e+05
grande,95,36,562,7.908192e+04
grande,96,36,778,1.403964e+05
grande,97,36,666,1.148797e+05
grande,98,36,679,1.379574e+05
grande,99,36,718,1.414709e+05
grande,100,36,605,9.213781e+04
grande,1,37,653,1.159576e+05
grande,2,37,644,8.879984e+04
grande,3,37,632,9.805262e+04
grande,4,37,553,8.545305e+04
grande,5,37,678,1.090175e+05
grande,6,37,722,1.228831e+05
grande,7,37,786,1.347792e+05
grande,8,37,681,1.096112e+05
grande,9,37,670,1.119872e+05
grande,10,37,541,7.394100e+04
grande,11,37,599,9.289356e+04
grande,12,37,578,9.293773e+04
grande,13,37,670,1.097607e+05
grande,14,37,647,9.341179e+04
grande,15,37,651,1.037594e+05
grande,16,37,618,8.545523e+04
grande,17,37,678,9.522908e+04
grande,18,37,562,7.672377e+04
grande,19,37,582,8.489893e+04
grande,20,37,580,8.690388e+04
grande,21,37,647,1.062849e+05
grande,22,37,638,8.503157e+04
grande,23,37,648,9.835119e+04
grande,24,37,685,1.166257e+05
grande,25,37,639,9.514916e+04
grande,26,37,701,1.195397e+05
grande,27,37,610,9.235928e+04
grande,28,37,704,1.156509e+05
grande,29,37,649,1.016823e+05
grande,30,37,600,8.664092e+04
grande,31,37,654,9.991684e+04
grande,32,37,556,7.731609e+04
grande,33,37,639,1.071178e+05
grande,34,37,604,1.066205e+05
grande,35,37,595,9.039641e+04
grande,36,37,660,1.128530e+05
grande,37,37,680,1.015749e+05
grande,38,37,781,1.481480e+05
grande,39,37,577,8.025704e+04
grande,40,37,684,9.652748e+04
grande,41,37,538,7.080683e+04
grande,42,37,685,1.104065e+05
grande,43,37,608,9.535855e+04
grande,44,37,553,7.288782e+04
grande,45,37,612,9.281866e+04
grande,46,37,582,9.016607e+04
grande,47,37,568,8.942041e+04
grande,48,37,644,9.544990e+04
grande,49,37,690,9.841509e+04
grande,50,37,691,1.202242e+05
grande,51,37,643,8.768248e+04
grande,52,37,651,8.888282e+04
grande,53,37,656,1.011387e+05
grande,54,37,649,1.013226e+05
grande,55,37,638,1.169247e+05
grande,56,37,645,9.870191e+04
grande,57,37,537,7.144543e+04
grande,58,37,562,8.291974e+04
grande,59,37,638,9.648868e+04
grande,60,37,630,1.100380e+05
grande,61,37,766,1.352847e+05
grande,62,37,622,1.004470e+05
grande,63,37,698,1.091157e+05
grande,64,37,568,8.496404e+04
grande,65,37,586,9.640370e+04
grande,66,37,660,9.799094e+04
grande,67,37,671,1.119210e+05
grande,68,37,577,8.005476e+04
grande,69,37,708,1.110728e+05
grande,70,37,668,1.125463e+05
grande,71,37,698,1.245318e+05
grande,72,37,620,8.959632e+04
grande,73,37,620,9.760001e+04
grande,74,37,563,8.148923e+04
grande,75,37,715,1.069132e+05
grande,76,37,607,8.102189e+04
grande,77,37,620,9.146581e+04
grande,78,37,586,9.359284e+04
grande,79,37,666,1.081302e+05
grande,80,37,651,9.470919e+04
grande,81,37,669,9.902548e+04
grande,82,37,762,1.284149e+05
grande,83,37,567,7.733753e+04
grande,84,37,656,9.973535e+04
grande,85,37,702,1.203222e+05
grande,86,37,619,9.436484e+04
grande,87,37,662,1.023462e+05
grande,88,37,763,1.322156e+05
grande,89,37,606,9.016477e+04
grande,90,37,587,9.044190e+04
grande,91,37,668,1.158373e+05
grande,92,37,697,1.216979e+05
grande,93,37,605,8.217930e+04
grande,94,37,643,1.020280e+05
grande,95,37,600,8.232505e+04
grande,96,37,649,9.829837e+04
grande,97,37,737,1.225184e+05
grande,98,37,679,1.145442e+05
grande,99,37,779,1.462526e+05
grande,100,37,708,1.130499e+05
grande,1,38,594,9.115562e+04
grande,2,38,631,1.083398e+05
grande,3,38,641,1.121258e+05
grande,4,38,643,1.047778e+05
grande,5,38,679,1.225259e+05
grande,6,38,788,1.415195e+05
grande,7,38,678,1.118956e+05
grande,8,38,629,9.690407e+04
grande,9,38,642,9.232746e+04
grande,10,38,632,9.762685e+04
grande,11,38,746,1.369799e+05
grande,12,38,712,1.206324e+05
grande,13,38,624,9.995446e+04
grande,14,38,661,1.093591e+05
grande,15,38,620,1.171509e+05
grande,16,38,599,9.709880e+04
grande,17,38,686,1.186573e+05
grande,18,38,626,9.557081e+04
grande,19,38,667,1.221412e+05
grande,20,38,651,1.024411e+05
grande,21,38,530,8.025582e+04
grande,22,38,744,1.267818e+05
grande,23,38,723,1.147564e+05
grande,24,38,624,8.944065e+04
grande,25,38,628,1.069956e+05
grande,26,38,662,1.010125e+05
grande,27,38,581,9.069359e+04
grande,28,38,672,1.173911e+05
grande,29,38,654,1.034127e+05
grande,30,38,624,9.752139e+04
grande,31,38,766,1.260727e+05
grande,32,38,652,9.726576e+04
grande,33,38,615,1.103901e+05
grande,34,38,591,9.706054e+04
grande,35,38,609,8.964264e+04
grande,36,38,722,1.400453e+05
grande,37,38,550,8.058757e+04
grande,38,38,581,9.143728e+04
grande,39,38,589,8.637462e+04
grande,40,38,615,9.231518e+04
grande,41,38,689,1.275255e+05
grande,42,38,657,1.050856e+05
grande,43,38,642,9.950221e+04
grande,44,38,684,9.958400e+04
grande,45,38,642,9.287511e+04
grande,46,38,630,1.019275e+05
grande,47,38,611,9.476606e+04
grande,48,38,630,1.055187e+05
grande,49,38,628,9.696171e+04
grande,50,38,605,8.846294e+04
grande,51,38,604,1.037821e+05
grande,52,38,606,1.099807e+05
grande,53,38,595,1.058840e+05
grande,54,38,653,1.125047e+05
grande,55,38,629,9.716751e+04
grande,56,38,642,1.006400e+05
grande,57,38,580,8.315877e+04
grande,58,38,614,9.482574e+04
grande,59,38,605,8.901526e+04
grande,60,38,747,1.341610e+05
grande,61,38,630,9.095999e+04
grande,62,38,674,1.113549e+05
grande,63,38,627,1.018350e+05
grande,64,38,619,9.842796e+04
grande,65,38,568,8.434249e+04
grande,66,38,649,1.059903e+05
grande,67,38,611,9.330380e+04
grande,68,38,640,1.034331e+05
grande,69,38,672,1.282347e+05
grande,70,38,601,9.591883e+04
grande,71,38,673,1.163201e+05
grande,72,38,615,9.251161e+04
grande,73,38,627,9.719777e+04
grande,74,38,627,9.635100e+04
grande,75,38,672,1.106986e+05
grande,76,38,760,1.366486e+05
grande,77,38,632,9.349867e+04
grande,78,38,740,1.290293e+05
grande,79,38,580,8.634666e+04
grande,80,38,703,1.092968e+05
grande,81,38,746,1.363637e+05
grande,82,38,629,1.102479e+05
grande,83,38,704,1.116369e+05
grande,84,38,662,1.146914e+05
grande,85,38,663,1.064993e+05
grande,86,38,595,1.020338e+05
grande,87,38,703,1.300864e+05
grande,88,38,686,1.153822e+05
grande,89,38,576,8.642978e+04
grande,90,38,645,9.581598e+04
grande,91,38,709,1.155298e+05
grande,92,38,625,1.005636e+05
grande,93,38,773,1.340713e+05
grande,94,38,596,9.070321e+04
grande,95,38,614,9.440680e+04
grande,96,38,657,1.138448e+05
grande,97,38,626,1.064316e+05
grande,98,38,609,9.677371e+04
grande,99,38,641,1.069797e+05
grande,100,38,676,1.000110e+05
grande,1,39,720,1.207915e+05
grande,2,39,599,8.730610e+04
grande,3,39,687,1.044742e+05
grande,4,39,627,8.750794e+04
grande,5,39,667,1.173358e+05
grande,6,39,666,1.073922e+05
grande,7,39,552,7.908772e+04
grande,8,39,697,1.110011e+05
grande,9,39,725,1.236499e+05
grande,10,39,672,1.079766e+05
grande,11,39,556,8.417406e+04
grande,12,39,683,1.154393e+05
grande,13,39,602,7.852877e+04
grande,14,39,576,8.105237e+04
grande,15,39,720,1.331752e+05
grande,16,39,671,1.134477e+05
grande,17,39,608,8.604131e+04
grande,18,39,581,9.056498e+04
grande,19,39,606,8.158504e+04
grande,20,39,607,9.332639e+04
grande,21,39,650,1.130911e+05
grande,22,39,639,1.147784e+05
grande,23,39,758,1.394562e+05
grande,24,39,642,1.020433e+05
grande,25,39,650,1.016172e+05
grande,26,39,611,1.073433e+05
grande,27,39,712,1.175075e+05
grande,28,39,700,1.238348e+05
grande,29,39,667,9.658482e+04
grande,30,39,597,7.950037e+04
grande,31,39,572,9.647172e+04
grande,32,39,695,1.208933e+05
grande,33,39,674,1.086683e+05
grande,34,39,532,7.733033e+04
grande,35,39,705,1.360577e+05
grande,36,39,603,8.513694e+04
grande,37,39,543,8.001644e+04
grande,38,39,634,9.469357e+04
grande,39,39,661,1.008529e+05
grande,40,39,692,1.206385e+05
grande,41,39,591,8.917411e+04
grande,42,39,579,8.477368e+04
grande,43,39,579,9.261961e+04
grande,44,39,649,1.076514e+05
grande,45,39,689,1.128718e+05
grande,46,39,853,1.654979e+05
grande,47,39,656,1.092725e+05
grande,48,39,755,1.358500e+05
grande,49,39,624,1.007588e+05
grande,50,39,656,9.794300e+04
grande,51,39,614,1.000000e+05
grande,52,39,599,9.100286e+04
grande,53,39,705,1.176529e+05
grande,54,39,651,8.996748e+04
grande,55,39,621,8.466312e+04
grande,56,39,597,9.325841e+04
grande,57,39,750,1.271401e+05
grande,58,39,720,1.251872e+05
grande,59,39,568,7.816783e+04
grande,60,39,664,1.110454e+05
grande,61,39,608,1.050900e+05
grande,62,39,575,7.803137e+04
grande,63,39,663,1.090169e+05
grande,64,39,697,1.027371e+05
grande,65,39,691,1.223855e+05
grande,66,39,606,8.736812e+04
grande,67,39,639,1.005268e+05
grande,68,39,565,8.138126e+04
grande,69,39,636,9.848428e+04
grande,70,39,646,1.072288e+05
grande,71,39,709,1.219169e+05
grande,72,39,569,8.797683e+04
grande,73,39,642,1.043697e+05
grande,74,39,649,1.163187e+05
grande,75,39,580,9.098118e+04
grande,76,39,649,1.048607e+05
grande,77,39,625,9.856654e+04
grande,78,39,721,1.335903e+05
grande,79,39,652,1.131131e+05
grande,80,39,640,1.010115e+05
grande,81,39,631,1.041720e+05
grande,82,39,633,9.996061e+04
grande,83,39,650,9.608611e+04
grande,84,39,629,9.616905e+04
grande,85,39,648,9.722123e+04
grande,86,39,523,6.855592e+04
grande,87,39,660,1.051194e+05
grande,88,39,639,9.855778e+04
grande,89,39,808,1.526200e+05
grande,90,39,584,9.051707e+04
grande,91,39,672,1.135670e+05
grande,92,39,695,1.061743e+05
grande,93,39,770,1.398088e+05
grande,94,39,661,1.186339e+05
grande,95,39,570,9.114341e+04
grande,96,39,668,9.839073e+04
grande,97,39,607,8.308505e+04
grande,98,39,641,9.281106e+04
grande,99,39,713,1.205597e+05
grande,100,39,632,9.924145e+04
grande,1,4,619,9.713976e+04
grande,2,4,595,8.535771e+04
grande,3,4,804,1.479975e+05
grande,4,4,595,8.979961e+04
grande,5,4,596,8.693343e+04
grande,6,4,635,1.021984e+05
grande,7,4,647,1.019205e+05
grande,8,4,667,1.053176e+05
grande,9,4,695,1.080206e+05
grande,10,4,565,8.636441e+04
grande,11,4,617,9.784495e+04
grande,12,4,537,6.967080e+04
grande,13,4,684,1.175249e+05
grande,14,4,705,1.261549e+05
grande,15,4,598,8.641383e+04
grande,16,4,637,9.961709e+04
grande,17,4,571,8.508504e+04
grande,18,4,635,9.846169e+04
grande,19,4,626,9.820908e+04
grande,20,4,564,9.306155e+04
grande,21,4,641,1.093417e+05
grande,22,4,698,1.243368e+05
grande,23,4,614,9.939259e+04
grande,24,4,584,9.929561e+04
grande,25,4,648,1.029249e+05
grande,26,4,583,8.677982e+04
grande,27,4,746,1.308494e+05
grande,28,4,543,6.779090e+04
grande,29,4,728,1.268648e+05
grande,30,4,604,9.679037e+04
grande,31,4,581,7.907425e+04
grande,32,4,720,1.124811e+05
grande,33,4,608,8.931719e+04
grande,34,4,675,1.003002e+05
grande,35,4,658,1.074103e+05
grande,36,4,814,1.522047e+05
grande,37,4,607,1.003293e+05
grande,38,4,593,9.136785e+04
grande,39,4,608,8.672320e+04
grande,40,4,698,1.112226e+05
grande,41,4,648,1.046251e+05
grande,42,4,653,9.964905e+04
grande,43,4,699,1.322554e+05
grande,44,4,650,9.790579e+04
grande,45,4,563,8.308790e+04
grande,46,4,661,1.023049e+05
grande,47,4,536,8.220864e+04
grande,48,4,602,8.720097e+04
grande,49,4,612,9.068134e+04
grande,50,4,597,9.152352e+04
grande,51,4,664,1.183804e+05
grande,52,4,611,8.992153e+04
grande,53,4,665,1.090089e+05
grande,54,4,600,8.381605e+04
grande,55,4,695,1.141810e+05
grande,56,4,704,1.194964e+05
grande,57,4,559,8.313906e+04
grande,58,4,647,9.964342e+04
grande,59,4,732,1.317724e+05
grande,60,4,655,9.919491e+04
grande,61,4,672,1.171950e+05
grande,62,4,593,8.720865e+04
grande,63,4,659,1.290309e+05
grande,64,4,566,7.899400e+04
grande,65,4,659,1.099650e+05
grande,66,4,672,1.164653e+05
grande,67,4,640,1.026721e+05
grande,68,4,630,1.058011e+05
grande,69,4,550,8.759342e+04
grande,70,4,595,9.036085e+04
grande,71,4,716,1.086905e+05
grande,72,4,557,8.371995e+04
grande,73,4,518,6.254807e+04
grande,74,4,680,1.105886e+05
grande,75,4,659,1.134633e+05
grande,76,4,616,9.368659e+04
grande,77,4,639,9.022936e+04
grande,78,4,620,8.968852e+04
grande,79,4,732,1.235483e+05
grande,80,4,590,8.741324e+04
grande,81,4,604,8.302337e+04
grande,82,4,631,1.040702e+05
grande,83,4,629,9.039758e+04
grande,84,4,718,1.328143e+05
grande,85,4,530,7.395262e+04
grande,86,4,566,6.533474e+04
grande,87,4,627,1.000473e+05
grande,88,4,670,1.122981e+05
grande,89,4,640,1.011352e+05
grande,90,4,762,1.487948e+05
grande,91,4,723,1.215522e+05
grande,92,4,662,1.165559e+05
grande,93,4,605,1.087312e+05
grande,94,4,607,8.571961e+04
grande,95,4,626,9.731383e+04
grande,96,4,704,1.094002e+05
grande,97,4,610,1.004277e+05
grande,98,4,580,7.876777e+04
grande,99,4,582,8.934896e+04
grande,100,4,607,8.107892e+04
grande,1,40,571,7.356193e+04
grande,2,40,727,1.222205e+05
grande,3,40,574,8.498477e+04
grande,4,40,657,1.030521e+05
grande,5,40,582,8.602025e+04
grande,6,40,735,1.338355e+05
grande,7,40,653,1.040282e+05
grande,8,40,656,1.037708e+05
grande,9,40,748,1.301956e+05
grande,10,40,645,1.020276e+05
grande,11,40,634,1.022005e+05
grande,12,40,786,1.421849e+05
grande,13,40,563,7.613607e+04
grande,14,40,673,8.909282e+04
grande,15,40,627,9.702139e+04
grande,16,40,602,8.824987e+04
grande,17,40,629,9.454963e+04
grande,18,40,618,9.902008e+04
grande,19,40,646,1.157274e+05
grande,20,40,692,1.223083e+05
grande,21,40,741,1.178744e+05
grande,22,40,657,1.055096e+05
grande,23,40,536,7.729894e+04
grande,24,40,582,8.389650e+04
grande,25,40,535,7.408349e+04
grande,26,40,732,1.370244e+05
grande,27,40,722,1.234433e+05
grande,28,40,627,9.326880e+04
grande,29,40,596,8.688520e+04
grande,30,40,730,1.398553e+05
grande,31,40,507,5.755143e+04
grande,32,40,590,8.667052e+04
grande,33,40,566,7.776358e+04
grande,34,40,660,1.064011e+05
grande,35,40,618,9.957511e+04
grande,36,40,697,1.034939e+05
grande,37,40,638,1.008912e+05
grande,38,40,678,1.112584e+05
grande,39,40,650,1.061358e+05
grande,40,40,675,1.177389e+05
grande,41,40,722,1.305526e+05
grande,42,40,578,8.202903e+04
grande,43,40,714,1.281120e+05
grande,44,40,681,1.123996e+05
grande,45,40,646,9.091617e+04
grande,46,40,767,1.264901e+05
grande,47,40,610,9.922901e+04
grande,48,40,732,1.312724e+05
grande,49,40,681,1.166480e+05
grande,50,40,733,1.316486e+05
grande,51,40,686,1.127177e+05
grande,52,40,747,1.287185e+05
grande,53,40,676,1.131380e+05
grande,54,40,608,9.372245e+04
grande,55,40,764,1.311333e+05
grande,56,40,632,9.886200e+04
grande,57,40,650,1.085237e+05
grande,58,40,687,1.105697e+05
grande,59,40,640,1.089736e+05
grande,60,40,783,1.271351e+05
grande,61,40,675,1.019192e+05
grande,62,40,585,8.499961e+04
grande,63,40,613,9.170090e+04
grande,64,40,712,1.103110e+05
grande,65,40,653,1.011775e+05
grande,66,40,667,1.127247e+05
grande,67,40,542,7.701324e+04
grande,68,40,581,7.217485e+04
grande,69,40,736,1.113556e+05
grande,70,40,739,1.311866e+05
grande,71,40,656,1.055477e+05
grande,72,40,591,8.729071e+04
grande,73,40,706,1.343433e+05
grande,74,40,775,1.508224e+05
grande,75,40,584,7.537555e+04
grande,76,40,646,9.811475e+04
grande,77,40,646,9.086367e+04
grande,78,40,656,1.005310e+05
grande,79,40,697,1.213418e+05
grande,80,40,657,1.014748e+05
grande,81,40,670,1.023910e+05
grande,82,40,579,8.843484e+04
grande,83,40,626,8.840458e+04
grande,84,40,662,1.038434e+05
grande,85,40,702,1.239319e+05
grande,86,40,546,7.271525e+04
grande,87,40,635,9.577501e+04
grande,88,40,694,1.218695e+05
grande,89,40,698,1.203728e+05
grande,90,40,750,1.302356e+05
grande,91,40,658,1.031981e+05
grande,92,40,606,8.773770e+04
grande,93,40,698,1.264711e+05
grande,94,40,682,1.118443e+05
grande,95,40,625,1.151816e+05
grande,96,40,610,9.417824e+04
grande,97,40,582,8.232059e+04
grande,98,40,667,1.106953e+05
grande,99,40,776,1.342625e+05
grande,100,40,725,1.345613e+05
grande,1,41,580,9.277238e+04
grande,2,41,661,1.089856e+05
grande,3,41,601,9.958523e+04
grande,4,41,743,1.295294e+05
grande,5,41,635,1.022403e+05
grande,6,41,678,1.003954e+05
grande,7,41,692,1.041241e+05
grande,8,41,714,1.369621e+05
grande,9,41,715,1.190506e+05
grande,10,41,588,1.029396e+05
grande,11,41,595,9.509157e+04
grande,12,41,662,1.032521e+05
grande,13,41,752,1.314576e+05
grande,14,41,628,1.049346e+05
grande,15,41,681,1.085426e+05
grande,16,41,613,9.780888e+04
grande,17,41,633,9.878164e+04
grande,18,41,722,1.208109e+05
grande,19,41,744,1.269440e+05
grande,20,41,627,1.012736e+05
grande,21,41,639,9.338852e+04
grande,22,41,586,8.376572e+04
grande,23,41,629,9.843593e+04
grande,24,41,668,9.844150e+04
grande,25,41,579,9.479837e+04
grande,26,41,626,9.278797e+04
grande,27,41,602,7.690589e+04
grande,28,41,612,8.644848e+04
grande,29,41,718,1.160108e+05
grande,30,41,626,9.283331e+04
grande,31,41,660,9.059333e+04
grande,32,41,752,1.228727e+05
grande,33,41,588,8.969012e+04
grande,34,41,599,9.132789e+04
grande,35,41,643,9.292074e+04
grande,36,41,661,1.099136e+05
grande,37,41,700,1.312110e+05
grande,38,41,674,1.072357e+05
grande,39,41,563,8.096088e+04
grande,40,41,588,8.208240e+04
grande,41,41,697,1.052244e+05
grande,42,41,619,8.892307e+04
grande,43,41,589,8.440247e+04
grande,44,41,665,9.583041e+04
grande,45,41,670,9.443266e+04
grande,46,41,501,6.959112e+04
grande,47,41,626,9.648426e+04
grande,48,41,606,9.413793e+04
grande,49,41,769,1.271715e+05
grande,50,41,673,1.077344e+05
grande,51,41,716,1.356310e+05
grande,52,41,657,9.699784e+04
grande,53,41,738,1.399712e+05
grande,54,41,615,9.477172e+04
grande,55,41,738,1.337700e+05
grande,56,41,671,9.997942e+04
grande,57,41,603,9.365859e+04
grande,58,41,632,1.085265e+05
grande,59,41,655,1.069363e+05
grande,60,41,673,1.110944e+05
grande,61,41,721,1.184239e+05
grande,62,41,614,1.022793e+05
grande,63,41,687,1.135977e+05
grande,64,41,709,1.137941e+05
grande,65,41,605,8.786757e+04
grande,66,41,605,9.437875e+04
grande,67,41,663,1.074149e+05
grande,68,41,736,1.292768e+05
grande,69,41,653,9.584703e+04
grande,70,41,690,1.017206e+05
grande,71,41,673,1.117263e+05
grande,72,41,563,8.285872e+04
grande,73,41,662,1.148337e+05
grande,74,41,612,9.208234e+04
grande,75,41,689,1.265908e+05
grande,76,41,690,1.114510e+05
grande,77,41,707,1.196602e+05
grande,78,41,715,1.249512e+05
grande,79,41,644,9.563207e+04
grande,80,41,635,9.817697e+04
grande,81,41,697,1.154059e+05
grande,82,41,741,1.290038e+05
grande,83,41,637,1.061303e+05
grande,84,41,585,9.949180e+04
grande,85,41,646,9.401480e+04
grande,86,41,677,1.121515e+05
grande,87,41,718,1.410445e+05
grande,88,41,613,9.740499e+04
grande,89,41,706,1.094752e+05
grande,90,41,690,1.181317e+05
grande,91,41,641,9.649972e+04
grande,92,41,585,9.514318e+04
grande,93,41,576,7.986254e+04
grande,94,41,598,9.896755e+04
grande,95,41,609,8.967333e+04
grande,96,41,674,1.178184e+05
grande,97,41,677,1.120559e+05
grande,98,41,626,1.018744e+05
grande,99,41,731,1.420426e+05
grande,100,41,593,9.549171e+04
grande,1,42,716,1.176404e+05
grande,2,42,653,1.099951e+05
grande,3,42,625,1.041361e+05
grande,4,42,631,9.899461e+04
grande,5,42,667,1.246502e+05
grande,6,42,596,9.111522e+04
grande,7,42,584,9.065296e+04
grande,8,42,597,8.413151e+04
grande,9,42,584,8.894006e+04
grande,10,42,603,9.106463e+04
grande,11,42,657,1.006784e+05
grande,12,42,547,8.292845e+04
grande,13,42,727,1.052446e+05
grande,14,42,641,9.632704e+04
grande,15,42,638,9.110553e+04
grande,16,42,659,9.968146e+04
grande,17,42,704,1.176110e+05
grande,18,42,636,1.045486e+05
grande,19,42,688,1.191053e+05
grande,20,42,579,1.023099e+05
grande,21,42,586,8.482304e+04
grande,22,42,617,8.656751e+04
grande,23,42,812,1.511680e+05
grande,24,42,735,1.298859e+05
grande,25,42,710,1.229436e+05
grande,26,42,729,1.322999e+05
grande,27,42,582,8.700785e+04
grande,28,42,644,1.012227e+05
grande,29,42,678,1.196314e+05
grande,30,42,545,8.536011e+04
grande,31,42,670,1.118593e+05
grande,32,42,582,9.470392e+04
grande,33,42,602,9.090502e+04
grande,34,42,664,1.263070e+05
grande,35,42,630,1.016197e+05
grande,36,42,762,1.179336e+05
grande,37,42,617,9.271467e+04
grande,38,42,603,8.849707e+04
grande,39,42,683,1.068148e+05
grande,40,42,649,1.089989e+05
grande,41,42,762,1.449178e+05
grande,42,42,629,1.117233e+05
grande,43,42,699,1.131213e+05
grande,44,42,593,8.592891e+04
grande,45,42,518,7.243879e+04
grande,46,42,665,9.568561e+04
grande,47,42,656,1.191213e+05
grande,48,42,674,1.126173e+05
grande,49,42,572,8.555157e+04
grande,50,42,582,1.010029e+05
grande,51,42,715,1.085941e+05
grande,52,42,599,9.562682e+04
grande,53,42,610,8.740991e+04
grande,54,42,795,1.349916e+05
grande,55,42,712,1.083611e+05
grande,56,42,611,9.052955e+04
grande,57,42,589,9.580971e+04
grande,58,42,742,1.153471e+05
grande,59,42,573,8.515374e+04
grande,60,42,584,8.971035e+04
grande,61,42,551,9.501924e+04
grande,62,42,636,1.025707e+05
grande,63,42,637,9.604154e+04
grande,64,42,707,1.141986e+05
grande,65,42,681,9.700828e+04
grande,66,42,644,1.014519e+05
grande,67,42,639,9.276130e+04
grande,68,42,676,9.246860e+04
grande,69,42,737,1.339255e+05
grande,70,42,659,1.202044e+05
grande,71,42,713,1.217308e+05
grande,72,42,694,1.180166e+05
grande,73,42,694,1.094905e+05
grande,74,42,666,9.947154e+04
grande,75,42,605,9.579570e+04
grande,76,42,685,1.049353e+05
grande,77,42,618,9.353890e+04
grande,78,42,711,1.179413e+05
grande,79,42,613,7.884170e+04
grande,80,42,620,9.887893e+04
grande,81,42,619,8.305270e+04
grande,82,42,720,1.221278e+05
grande,83,42,653,1.071525e+05
grande,84,42,664,1.064808e+05
grande,85,42,495,6.502539e+04
grande,86,42,693,1.097368e+05
grande,87,42,686,1.084087e+05
grande,88,42,723,1.255576e+05
grande,89,42,614,9.624483e+04
grande,90,42,754,1.301752e+05
grande,91,42,638,9.030665e+04
grande,92,42,613,9.919676e+04
grande,93,42,718,1.177437e+05
grande,94,42,654,1.012442e+05
grande,95,42,648,1.077457e+05
grande,96,42,650,1.043592e+05
grande,97,42,700,1.122021e+05
grande,98,42,662,9.565823e+04
grande,99,42,722,1.198182e+05
grande,100,42,665,1.012976e+05
grande,1,43,721,1.259970e+05
grande,2,43,648,1.002687e+05
grande,3,43,578,8.976504e+04
grande,4,43,555,9.071272e+04
grande,5,43,610,9.436282e+04
grande,6,43,601,9.835185e+04
grande,7,43,775,1.269156e+05
grande,8,43,605,8.682552e+04
grande,9,43,686,1.035312e+05
grande,10,43,765,1.348219e+05
grande,11,43,678,1.118622e+05
grande,12,43,542,8.051367e+04
grande,13,43,759,1.369300e+05
grande,14,43,811,1.533361e+05
grande,15,43,673,1.111118e+05
grande,16,43,681,1.188249e+05
grande,17,43,618,8.826911e+04
grande,18,43,677,1.164093e+05
grande,19,43,597,9.143222e+04
grande,20,43,565,9.037095e+04
grande,21,43,696,1.173791e+05
grande,22,43,635,9.542368e+04
grande,23,43,618,9.518300e+04
grande,24,43,654,9.659476e+04
grande,25,43,662,1.074879e+05
grande,26,43,641,9.863579e+04
grande,27,43,697,1.212202e+05
grande,28,43,645,9.620067e+04
grande,29,43,631,9.789821e+04
grande,30,43,708,1.253464e+05
grande,31,43,503,6.180302e+04
grande,32,43,684,1.091206e+05
grande,33,43,548,7.443689e+04
grande,34,43,749,1.391717e+05
grande,35,43,698,1.158217e+05
grande,36,43,642,1.004481e+05
grande,37,43,649,1.031143e+05
grande,38,43,707,1.234315e+05
grande,39,43,704,1.401332e+05
grande,40,43,567,7.929929e+04
grande,41,43,712,1.241781e+05
grande,42,43,650,9.878522e+04
grande,43,43,794,1.505848e+05
grande,44,43,737,1.110525e+05
grande,45,43,624,8.536923e+04
grande,46,43,708,1.199143e+05
grande,47,43,639,8.941306e+04
grande,48,43,565,7.569038e+04
grande,49,43,781,1.545852e+05
grande,50,43,708,1.232485e+05
grande,51,43,668,1.057709e+05
grande,52,43,692,1.229624e+05
grande,53,43,711,1.214198e+05
grande,54,43,582,9.330985e+04
grande,55,43,622,1.074360e+05
grande,56,43,684,1.116081e+05
grande,57,43,678,1.082565e+05
grande,58,43,686,1.037271e+05
grande,59,43,627,9.837344e+04
grande,60,43,579,9.385151e+04
grande,61,43,656,1.080187e+05
grande,62,43,697,1.098621e+05
grande,63,43,687,1.142360e+05
grande,64,43,668,1.140575e+05
grande,65,43,575,9.014916e+04
grande,66,43,677,1.057700e+05
grande,67,43,715,1.203663e+05
grande,68,43,556,8.412957e+04
grande,69,43,730,1.193717e+05
grande,70,43,653,1.196836e+05
grande,71,43,660,1.197853e+05
grande,72,43,644,1.080624e+05
grande,73,43,567,9.245848e+04
grande,74,43,634,1.141023e+05
grande,75,43,653,9.543807e+04
grande,76,43,677,1.082968e+05
grande,77,43,627,9.214146e+04
grande,78,43,632,8.847104e+04
grande,79,43,655,1.084330e+05
grande,80,43,713,1.205956e+05
grande,81,43,630,1.018133e+05
grande,82,43,649,1.007726e+05
grande,83,43,600,8.516332e+04
grande,84,43,567,8.497688e+04
grande,85,43,603,9.004386e+04
grande,86,43,698,1.182437e+05
grande,87,43,664,1.086860e+05
grande,88,43,607,8.082335e+04
grande,89,43,588,7.747123e+04
grande,90,43,718,1.169921e+05
grande,91,43,655,1.072141e+05
grande,92,43,670,1.051290e+05
grande,93,43,556,7.213537e+04
grande,94,43,778,1.393286e+05
grande,95,43,589,9.270989e+04
grande,96,43,754,1.407030e+05
grande,97,43,640,1.019812e+05
grande,98,43,722,1.381324e+05
grande,99,43,671,1.099323e+05
grande,100,43,727,1.349117e+05
grande,1,44,561,7.339170e+04
grande,2,44,598,9.894325e+04
grande,3,44,643,1.012786e+05
grande,4,44,663,1.031938e+05
grande,5,44,692,1.166504e+05
grande,6,44,669,9.562755e+04
grande,7,44,695,1.030494e+05
grande,8,44,680,1.147180e+05
grande,9,44,534,6.828706e+04
grande,10,44,633,9.148678e+04
grande,11,44,575,8.589970e+04
grande,12,44,684,9.171745e+04
grande,13,44,659,9.288928e+04
grande,14,44,707,1.148961e+05
grande,15,44,594,9.466823e+04
grande,16,44,620,1.023876e+05
grande,17,44,615,9.035730e+04
grande,18,44,614,9.140023e+04
grande,19,44,616,9.958125e+04
grande,20,44,651,1.191547e+05
grande,21,44,634,9.749021e+04
grande,22,44,646,9.945532e+04
grande,23,44,695,1.150397e+05
grande,24,44,581,9.211881e+04
grande,25,44,611,9.082538e+04
grande,26,44,615,8.607044e+04
grande,27,44,613,9.467318e+04
grande,28,44,636,1.090399e+05
grande,29,44,695,1.106127e+05
grande,30,44,635,9.525060e+04
grande,31,44,703,1.114836e+05
grande,32,44,619,8.962527e+04
grande,33,44,596,8.978522e+04
grande,34,44,697,1.106150e+05
grande,35,44,522,7.415328e+04
grande,36,44,648,9.322237e+04
grande,37,44,622,9.934148e+04
grande,38,44,613,8.905878e+04
grande,39,44,662,1.125148e+05
grande,40,44,537,7.612845e+04
grande,41,44,619,1.038565e+05
grande,42,44,669,1.078162e+05
grande,43,44,688,1.159018e+05
grande,44,44,611,8.794946e+04
grande,45,44,679,1.086106e+05
grande,46,44,625,8.628352e+04
grande,47,44,666,1.048789e+05
grande,48,44,571,8.826278e+04
grande,49,44,765,1.306357e+05
grande,50,44,636,8.505748e+04
grande,51,44,581,9.784936e+04
grande,52,44,635,1.061301e+05
grande,53,44,648,1.030449e+05
grande,54,44,702,1.122715e+05
grande,55,44,624,9.485520e+04
grande,56,44,687,1.172328e+05
grande,57,44,663,9.475347e+04
grande,58,44,667,1.102364e+05
grande,59,44,554,7.818716e+04
grande,60,44,675,1.201916e+05
grande,61,44,558,9.272340e+04
grande,62,44,682,1.120767e+05
grande,63,44,651,9.962769e+04
grande,64,44,696,1.048303e+05
grande,65,44,727,1.201048e+05
grande,66,44,561,8.438030e+04
grande,67,44,707,1.214098e+05
grande,68,44,717,1.278775e+05
grande,69,44,613,8.722748e+04
grande,70,44,560,7.621391e+04
grande,71,44,637,9.985943e+04
grande,72,44,657,1.083994e+05
grande,73,44,695,1.163210e+05
grande,74,44,625,9.653524e+04
grande,75,44,731,1.203905e+05
grande,76,44,645,9.778383e+04
grande,77,44,727,1.208510e+05
grande,78,44,816,1.413547e+05
grande,79,44,630,9.622677e+04
grande,80,44,546,7.869842e+04
grande,81,44,678,1.049776e+05
grande,82,44,643,9.543477e+04
grande,83,44,614,9.450863e+04
grande,84,44,660,1.088020e+05
grande,85,44,706,1.242858e+05
grande,86,44,547,7.412956e+04
grande,87,44,649,1.031356e+05
grande,88,44,634,9.601700e+04
grande,89,44,674,1.103276e+05
grande,90,44,681,1.076103e+05
grande,91,44,599,9.833995e+04
grande,92,44,673,1.242860e+05
grande,93,44,740,1.318655e+05
grande,94,44,671,1.112993e+05
grande,95,44,665,1.114119e+05
grande,96,44,540,7.746177e+04
grande,97,44,635,1.147099e+05
grande,98,44,601,9.432734e+04
grande,99,44,599,1.025341e+05
grande,100,44,607,8.971891e+04
grande,1,45,735,1.145781e+05
grande,2,45,641,1.019332e+05
grande,3,45,690,1.126114e+05
grande,4,45,677,1.072370e+05
grande,5,45,678,1.144641e+05
grande,6,45,575,9.177950e+04
grande,7,45,733,1.292156e+05
grande,8,45,633,9.422817e+04
grande,9,45,676,1.026367e+05
grande,10,45,687,1.153826e+05
grande,11,45,701,1.182775e+05
grande,12,45,644,1.024665e+05
grande,13,45,737,1.329928e+05
grande,14,45,712,1.286817e+05
grande,15,45,611,8.786554e+04
grande,16,45,630,1.013909e+05
grande,17,45,671,1.051678e+05
grande,18,45,753,1.366999e+05
grande,19,45,687,1.215258e+05
grande,20,45,693,1.198505e+05
grande,21,45,661,1.008928e+05
grande,22,45,657,1.008636e+05
grande,23,45,647,1.146391e+05
grande,24,45,646,9.459306e+04
grande,25,45,672,9.263949e+04
grande,26,45,662,1.109669e+05
grande,27,45,593,9.145457e+04
grande,28,45,610,9.205391e+04
grande,29,45,648,8.720692e+04
grande,30,45,740,1.187920e+05
grande,31,45,751,1.344914e+05
grande,32,45,700,1.101083e+05
grande,33,45,702,1.208495e+05
grande,34,45,626,9.288676e+04
grande,35,45,680,1.091332e+05
grande,36,45,675,1.023286e+05
grande,37,45,700,1.121391e+05
grande,38,45,729,1.105799e+05
grande,39,45,690,1.050815e+05
grande,40,45,686,1.096380e+05
grande,41,45,626,9.795433e+04
grande,42,45,797,1.307237e+05
grande,43,45,646,1.179638e+05
grande,44,45,688,9.656280e+04
grande,45,45,682,1.117756e+05
grande,46,45,621,9.806172e+04
grande,47,45,684,1.043308e+05
grande,48,45,641,9.790771e+04
grande,49,45,637,9.983506e+04
grande,50,45,692,1.074374e+05
grande,51,45,663,1.049214e+05
grande,52,45,672,1.021958e+05
grande,53,45,703,1.067848e+05
grande,54,45,667,1.073790e+05
grande,55,45,724,1.178815e+05
grande,56,45,658,9.608088e+04
grande,57,45,728,1.311114e+05
grande,58,45,731,1.129206e+05
grande,59,45,641,9.499078e+04
grande,60,45,645,8.612356e+04
grande,61,45,651,1.006157e+05
grande,62,45,588,9.380955e+04
grande,63,45,629,9.356538e+04
grande,64,45,693,1.187359e+05
grande,65,45,673,1.132777e+05
grande,66,45,710,1.260447e+05
grande,67,45,693,1.069713e+05
grande,68,45,608,9.688917e+04
grande,69,45,646,1.051183e+05
grande,70,45,612,1.026718e+05
grande,71,45,584,9.378154e+04
grande,72,45,677,9.557470e+04
grande,73,45,643,9.797088e+04
grande,74,45,623,9.523203e+04
grande,75,45,643,1.012404e+05
grande,76,45,639,9.634880e+04
grande,77,45,597,1.005508e+05
grande,78,45,624,8.958198e+04
grande,79,45,549,8.483617e+04
grande,80,45,736,1.274277e+05
grande,81,45,580,8.739480e+04
grande,82,45,710,1.145302e+05
grande,83,45,682,1.096484e+05
grande,84,45,685,1.177095e+05
grande,85,45,807,1.436304e+05
grande,86,45,602,8.849219e+04
grande,87,45,656,1.006006e+05
grande,88,45,667,1.104807e+05
grande,89,45,678,1.066259e+05
grande,90,45,570,7.923328e+04
grande,91,45,621,1.034390e+05
grande,92,45,755,1.323482e+05
grande,93,45,662,1.083324e+05
grande,94,45,628,1.040075e+05
grande,95,45,713,1.180575e+05
grande,96,45,727,1.312903e+05
grande,97,45,700,1.181151e+05
grande,98,45,624,9.257309e+04
grande,99,45,674,9.852817e+04
grande,100,45,732,1.186378e+05
grande,1,46,559,8.349378e+04
grande,2,46,582,8.856709e+04
grande,3,46,634,9.305146e+04
grande,4,46,732,1.226303e+05
grande,5,46,705,1.209923e+05
grande,6,46,640,1.020873e+05
grande,7,46,678,1.064755e+05
grande,8,46,667,1.056595e+05
grande,9,46,606,9.470912e+04
grande,10,46,759,1.283265e+05
grande,11,46,697,1.333940e+05
grande,12,46,611,9.037330e+04
grande,13,46,640,8.747236e+04
grande,14,46,541,7.487095e+04
grande,15,46,650,1.052689e+05
grande,16,46,666,1.009867e+05
grande,17,46,703,1.230719e+05
grande,18,46,625,1.070714e+05
grande,19,46,544,7.451501e+04
grande,20,46,600,1.019226e+05
grande,21,46,785,1.548747e+05
grande,22,46,718,1.254518e+05
grande,23,46,661,1.079573e+05
grande,24,46,698,1.261054e+05
grande,25,46,664,1.048575e+05
grande,26,46,730,1.331737e+05
grande,27,46,614,8.961611e+04
grande,28,46,629,9.405462e+04
grande,29,46,665,1.043804e+05
grande,30,46,711,1.093509e+05
grande,31,46,629,8.902071e+04
grande,32,46,721,1.331510e+05
grande,33,46,703,1.176443e+05
grande,34,46,641,1.039949e+05
grande,35,46,687,9.895717e+04
grande,36,46,549,8.802058e+04
grande,37,46,722,1.160032e+05
grande,38,46,633,1.014856e+05
grande,39,46,632,9.558571e+04
grande,40,46,771,1.392184e+05
grande,41,46,544,7.122686e+04
grande,42,46,627,1.018259e+05
grande,43,46,580,8.948606e+04
grande,44,46,700,1.160150e+05
grande,45,46,620,9.833833e+04
grande,46,46,811,1.491271e+05
grande,47,46,601,7.976497e+04
grande,48,46,649,1.102936e+05
grande,49,46,688,1.028716e+05
grande,50,46,665,9.797383e+04
grande,51,46,670,1.096059e+05
grande,52,46,699,1.122916e+05
grande,53,46,717,1.216786e+05
grande,54,46,677,1.046264e+05
grande,55,46,558,8.606226e+04
grande,56,46,653,1.058172e+05
grande,57,46,659,1.069950e+05
grande,58,46,649,1.023506e+05
grande,59,46,629,1.046049e+05
grande,60,46,715,1.084354e+05
grande,61,46,632,9.250842e+04
grande,62,46,572,9.019268e+04
grande,63,46,833,1.746836e+05
grande,64,46,575,8.280148e+04
grande,65,46,693,1.173328e+05
grande,66,46,623,9.519271e+04
grande,67,46,632,9.878103e+04
grande,68,46,551,7.485726e+04
grande,69,46,619,9.673920e+04
grande,70,46,741,1.240911e+05
grande,71,46,632,1.007570e+05
grande,72,46,632,1.015424e+05
grande,73,46,581,8.311204e+04
grande,74,46,687,1.101131e+05
grande,75,46,686,1.150582e+05
grande,76,46,701,1.222299e+05
grande,77,46,756,1.471591e+05
grande,78,46,685,1.075804e+05
grande,79,46,593,7.547338e+04
grande,80,46,716,1.208584e+05
grande,81,46,669,1.020980e+05
grande,82,46,636,1.074993e+05
grande,83,46,618,8.970498e+04
grande,84,46,783,1.533865e+05
grande,85,46,703,1.133334e+05
grande,86,46,611,9.247965e+04
grande,87,46,667,1.123000e+05
grande,88,46,635,9.986001e+04
grande,89,46,686,1.083286e+05
grande,90,46,748,1.326160e+05
grande,91,46,624,1.002512e+05
grande,92,46,581,8.758159e+04
grande,93,46,724,1.205883e+05
grande,94,46,585,9.029636e+04
grande,95,46,764,1.409082e+05
grande,96,46,645,1.111045e+05
grande,97,46,663,1.175793e+05
grande,98,46,570,7.979890e+04
grande,99,46,627,9.116012e+04
grande,100,46,608,8.757627e+04
grande,1,47,610,9.870321e+04
grande,2,47,524,7.248395e+04
grande,3,47,645,1.055096e+05
grande,4,47,568,7.888909e+04
grande,5,47,655,1.159812e+05
grande,6,47,670,9.458488e+04
grande,7,47,642,9.731495e+04
grande,8,47,624,1.050054e+05
grande,9,47,603,8.623276e+04
grande,10,47,521,7.576443e+04
grande,11,47,617,9.339002e+04
grande,12,47,713,1.284558e+05
grande,13,47,632,1.015918e+05
grande,14,47,605,9.957444e+04
grande,15,47,675,1.032036e+05
grande,16,47,638,1.040748e+05
grande,17,47,626,9.975838e+04
grande,18,47,611,8.758481e+04
grande,19,47,733,1.241782e+05
grande,20,47,640,1.002494e+05
grande,21,47,614,9.712912e+04
grande,22,47,618,1.042616e+05
grande,23,47,660,1.092188e+05
grande,24,47,613,8.793310e+04
grande,25,47,661,1.074320e+05
grande,26,47,584,8.425803e+04
grande,27,47,691,1.023024e+05
grande,28,47,650,9.691558e+04
grande,29,47,681,1.152248e+05
grande,30,47,708,1.159960e+05
grande,31,47,591,8.501317e+04
grande,32,47,573,8.180766e+04
grande,33,47,665,1.085286e+05
grande,34,47,715,1.280821e+05
grande,35,47,673,1.176404e+05
grande,36,47,641,1.069434e+05
grande,37,47,574,8.393605e+04
grande,38,47,664,1.108190e+05
grande,39,47,613,9.830289e+04
grande,40,47,634,9.820966e+04
grande,41,47,647,1.123223e+05
grande,42,47,697,1.165325e+05
grande,43,47,652,1.071213e+05
grande,44,47,659,1.093190e+05
grande,45,47,730,1.264125e+05
grande,46,47,601,8.903832e+04
grande,47,47,652,9.153460e+04
grande,48,47,613,8.633844e+04
grande,49,47,656,1.104818e+05
grande,50,47,682,9.936737e+04
grande,51,47,625,1.035383e+05
grande,52,47,702,1.127238e+05
grande,53,47,622,9.365059e+04
grande,54,47,638,9.708594e+04
grande,55,47,769,1.296943e+05
grande,56,47,684,1.110107e+05
grande,57,47,684,1.265506e+05
grande,58,47,649,9.938228e+04
grande,59,47,675,1.070119e+05
grande,60,47,591,9.851346e+04
grande,61,47,725,1.163172e+05
grande,62,47,540,7.437426e+04
grande,63,47,585,8.671103e+04
grande,64,47,660,1.012093e+05
grande,65,47,610,9.698614e+04
grande,66,47,781,1.405523e+05
grande,67,47,629,9.786552e+04
grande,68,47,624,9.827754e+04
grande,69,47,716,1.142147e+05
grande,70,47,612,9.845296e+04
grande,71,47,737,1.437367e+05
grande,72,47,669,1.127077e+05
grande,73,47,630,9.618880e+04
grande,74,47,606,9.229857e+04
grande,75,47,612,9.212380e+04
grande,76,47,683,1.275891e+05
grande,77,47,627,9.041184e+04
grande,78,47,648,1.085041e+05
grande,79,47,603,8.403173e+04
grande,80,47,619,8.438171e+04
grande,81,47,571,8.167792e+04
grande,82,47,572,8.595954e+04
grande,83,47,634,1.079911e+05
grande,84,47,699,1.175747e+05
grande,85,47,657,1.130139e+05
grande,86,47,640,9.834108e+04
grande,87,47,747,1.230506e+05
grande,88,47,607,8.626233e+04
grande,89,47,656,1.076287e+05
grande,90,47,554,7.903197e+04
grande,91,47,631,1.060192e+05
grande,92,47,599,8.604507e+04
grande,93,47,610,8.296894e+04
grande,94,47,580,8.352633e+04
grande,95,47,706,1.271982e+05
grande,96,47,656,1.017260e+05
grande,97,47,660,1.064161e+05
grande,98,47,705,1.141170e+05
grande,99,47,628,9.617043e+04
grande,100,47,641,9.158863e+04
grande,1,48,655,1.039526e+05
grande,2,48,628,9.701119e+04
grande,3,48,583,9.705027e+04
grande,4,48,657,9.168984e+04
grande,5,48,643,1.121836e+05
grande,6,48,583,8.372281e+04
grande,7,48,598,1.006649e+05
grande,8,48,555,8.606166e+04
grande,9,48,532,6.904002e+04
grande,10,48,649,1.032903e+05
grande,11,48,641,1.106448e+05
grande,12,48,659,1.060483e+05
grande,13,48,691,1.220777e+05
grande,14,48,687,1.096945e+05
grande,15,48,626,1.085646e+05
grande,16,48,661,1.015461e+05
grande,17,48,602,9.702606e+04
grande,18,48,652,1.218220e+05
grande,19,48,657,1.005400e+05
grande,20,48,621,1.041610e+05
grande,21,48,629,1.058452e+05
grande,22,48,631,1.071774e+05
grande,23,48,650,1.136734e+05
grande,24,48,657,1.041110e+05
grande,25,48,649,1.058033e+05
grande,26,48,604,9.246340e+04
grande,27,48,704,1.458133e+05
grande,28,48,646,9.628192e+04
grande,29,48,650,1.003299e+05
grande,30,48,584,9.415364e+04
grande,31,48,701,1.276582e+05
grande,32,48,655,1.039106e+05
grande,33,48,599,8.838528e+04
grande,34,48,579,8.590125e+04
grande,35,48,564,7.454910e+04
grande,36,48,636,1.028473e+05
grande,37,48,655,1.055418e+05
grande,38,48,598,8.105746e+04
grande,39,48,629,1.024567e+05
grande,40,48,652,9.869798e+04
grande,41,48,726,1.327908e+05
grande,42,48,701,1.251762e+05
grande,43,48,623,8.880787e+04
grande,44,48,532,8.313617e+04
grande,45,48,541,8.670100e+04
grande,46,48,674,1.074319e+05
grande,47,48,708,1.298120e+05
grande,48,48,545,8.329359e+04
grande,49,48,661,1.098371e+05
grande,50,48,549,8.660528e+04
grande,51,48,612,8.279714e+04
grande,52,48,674,1.106964e+05
grande,53,48,665,1.103657e+05
grande,54,48,756,1.410752e+05
grande,55,48,523,6.751251e+04
grande,56,48,683,1.223066e+05
grande,57,48,635,1.160839e+05
grande,58,48,567,9.785101e+04
grande,59,48,624,8.961390e+04
grande,60,48,498,6.996661e+04
grande,61,48,644,1.055847e+05
grande,62,48,662,1.061377e+05
grande,63,48,608,8.818973e+04
grande,64,48,678,1.053303e+05
grande,65,48,641,1.099448e+05
grande,66,48,675,1.130562e+05
grande,67,48,659,8.860347e+04
grande,68,48,651,1.081953e+05
grande,69,48,620,9.440088e+04
grande,70,48,608,9.945801e+04
grande,71,48,551,7.075367e+04
grande,72,48,523,8.516314e+04
grande,73,48,627,1.024397e+05
grande,74,48,728,1.243228e+05
grande,75,48,633,1.059255e+05
grande,76,48,668,9.792109e+04
grande,77,48,630,9.653402e+04
grande,78,48,617,8.797971e+04
grande,79,48,716,1.224694e+05
grande,80,48,588,8.877057e+04
grande,81,48,629,1.050649e+05
grande,82,48,615,1.041131e+05
grande,83,48,629,9.757690e+04
grande,84,48,652,1.144199e+05
grande,85,48,676,1.152887e+05
grande,86,48,630,9.585235e+04
grande,87,48,611,8.984763e+04
grande,88,48,664,1.079481e+05
grande,89,48,630,9.348659e+04
grande,90,48,602,9.129913e+04
grande,91,48,542,7.294579e+04
grande,92,48,650,9.890622e+04
grande,93,48,660,1.020949e+05
grande,94,48,657,1.101965e+05
grande,95,48,611,1.028746e+05
grande,96,48,628,9.488934e+04
grande,97,48,612,9.917362e+04
grande,98,48,616,9.210467e+04
grande,99,48,665,1.212414e+05
grande,100,48,498,6.429502e+04
grande,1,49,653,9.973556e+04
grande,2,49,654,1.038788e+05
grande,3,49,651,1.136630e+05
grande,4,49,613,9.322759e+04
grande,5,49,606,9.094415e+04
grande,6,49,718,1.122782e+05
grande,7,49,615,8.985315e+04
grande,8,49,706,1.147943e+05
grande,9,49,597,8.143052e+04
grande,10,49,579,7.896237e+04
grande,11,49,665,1.098189e+05
grande,12,49,630,9.774560e+04
grande,13,49,631,8.431463e+04
grande,14,49,628,9.297868e+04
grande,15,49,632,9.818248e+04
grande,16,49,570,7.773417e+04
grande,17,49,691,1.012587e+05
grande,18,49,620,9.006282e+04
grande,19,49,771,1.465631e+05
grande,20,49,638,1.082880e+05
grande,21,49,612,9.841291e+04
grande,22,49,604,8.833577e+04
grande,23,49,599,9.574837e+04
grande,24,49,666,1.106280e+05
grande,25,49,605,9.631951e+04
grande,26,49,653,1.050106e+05
grande,27,49,694,1.180761e+05
grande,28,49,602,8.774353e+04
grande,29,49,570,7.889207e+04
grande,30,49,648,1.120230e+05
grande,31,49,751,1.259014e+05
grande,32,49,680,1.149194e+05
grande,33,49,638,9.710360e+04
grande,34,49,777,1.330162e+05
grande,35,49,582,8.878008e+04
grande,36,49,655,1.128248e+05
grande,37,49,627,1.026570e+05
grande,38,49,543,9.168162e+04
grande,39,49,545,6.462812e+04
grande,40,49,679,1.213510e+05
grande,41,49,639,9.270144e+04
grande,42,49,595,9.531808e+04
grande,43,49,631,1.147607e+05
grande,44,49,678,1.044518e+05
grande,45,49,664,1.236808e+05
grande,46,49,669,1.165263e+05
grande,47,49,631,1.013088e+05
grande,48,49,711,1.142870e+05
grande,49,49,610,9.360407e+04
grande,50,49,613,8.428801e+04
grande,51,49,765,1.257523e+05
grande,52,49,605,9.762884e+04
grande,53,49,627,1.109354e+05
grande,54,49,702,1.234707e+05
grande,55,49,623,9.842938e+04
grande,56,49,603,8.841474e+04
grande,57,49,619,9.194173e+04
grande,58,49,653,1.044954e+05
grande,59,49,549,7.654821e+04
grande,60,49,607,8.966040e+04
grande,61,49,642,1.075317e+05
grande,62,49,620,9.660473e+04
grande,63,49,659,1.061384e+05
grande,64,49,633,9.042645e+04
grande,65,49,605,8.422345e+04
grande,66,49,713,1.171029e+05
grande,67,49,607,8.191756e+04
grande,68,49,704,1.296193e+05
grande,69,49,537,7.545990e+04
grande,70,49,690,1.286496e+05
grande,71,49,692,1.179197e+05
grande,72,49,604,8.705157e+04
grande,73,49,628,9.637084e+04
grande,74,49,604,9.948772e+04
grande,75,49,643,1.033093e+05
grande,76,49,628,1.027655e+05
grande,77,49,766,1.286885e+05
grande,78,49,628,9.437631e+04
grande,79,49,661,1.088888e+05
grande,80,49,607,8.163045e+04
grande,81,49,609,9.596351e+04
grande,82,49,599,8.649742e+04
grande,83,49,633,8.814510e+04
grande,84,49,687,1.120421e+05
grande,85,49,633,9.463927e+04
grande,86,49,660,9.763048e+04
grande,87,49,674,1.358239e+05
grande,88,49,600,8.942970e+04
grande,89,49,724,1.310525e+05
grande,90,49,677,1.102949e+05
grande,91,49,558,7.996120e+04
grande,92,49,659,1.244229e+05
grande,93,49,609,9.834214e+04
grande,94,49,571,8.318238e+04
grande,95,49,557,6.854779e+04
grande,96,49,533,6.664304e+04
grande,97,49,611,9.271521e+04
grande,98,49,605,8.522126e+04
grande,99,49,585,8.457326e+04
grande,100,49,666,1.109828e+05
grande,1,5,721,1.231785e+05
grande,2,5,750,1.126354e+05
grande,3,5,670,1.148677e+05
grande,4,5,626,9.558885e+04
grande,5,5,632,8.989451e+04
grande,6,5,595,8.054046e+04
grande,7,5,722,1.236815e+05
grande,8,5,568,8.772561e+04
grande,9,5,646,9.561197e+04
grande,10,5,708,1.136460e+05
grande,11,5,617,9.224026e+04
grande,12,5,655,9.837227e+04
grande,13,5,674,1.042121e+05
grande,14,5,664,9.445705e+04
grande,15,5,753,1.427820e+05
grande,16,5,613,8.177604e+04
grande,17,5,679,1.124205e+05
grande,18,5,628,8.712834e+04
grande,19,5,592,8.701457e+04
grande,20,5,706,1.008182e+05
grande,21,5,693,1.272314e+05
grande,22,5,792,1.439716e+05
grande,23,5,793,1.291415e+05
grande,24,5,673,1.125841e+05
grande,25,5,803,1.559292e+05
grande,26,5,662,1.002490e+05
grande,27,5,597,8.661505e+04
grande,28,5,621,1.013808e+05
grande,29,5,628,9.566057e+04
grande,30,5,724,1.150164e+05
grande,31,5,720,1.276748e+05
grande,32,5,615,9.032380e+04
grande,33,5,652,1.139022e+05
grande,34,5,749,1.362407e+05
grande,35,5,639,1.054958e+05
grande,36,5,617,7.573572e+04
grande,37,5,626,1.009490e+05
grande,38,5,694,1.058221e+05
grande,39,5,641,1.062487e+05
grande,40,5,689,1.065762e+05
grande,41,5,773,1.494327e+05
grande,42,5,700,1.133028e+05
grande,43,5,705,1.168902e+05
grande,44,5,539,7.715612e+04
grande,45,5,763,1.478070e+05
grande,46,5,602,9.566224e+04
grande,47,5,717,1.146962e+05
grande,48,5,629,9.505212e+04
grande,49,5,719,1.165963e+05
grande,50,5,541,7.470267e+04
grande,51,5,694,1.020660e+05
grande,52,5,699,1.101523e+05
grande,53,5,677,1.015974e+05
grande,54,5,719,1.217030e+05
grande,55,5,663,1.144046e+05
grande,56,5,816,1.569895e+05
grande,57,5,676,1.115086e+05
grande,58,5,654,1.189005e+05
grande,59,5,612,8.650100e+04
grande,60,5,632,9.262140e+04
grande,61,5,669,1.076156e+05
grande,62,5,672,1.103738e+05
grande,63,5,661,1.036617e+05
grande,64,5,713,1.180693e+05
grande,65,5,621,9.579942e+04
grande,66,5,617,9.376711e+04
grande,67,5,568,8.671600e+04
grande,68,5,588,1.063194e+05
grande,69,5,687,1.135987e+05
grande,70,5,687,1.057759e+05
grande,71,5,598,9.822194e+04
grande,72,5,652,8.776188e+04
grande,73,5,593,9.122078e+04
grande,74,5,696,1.130143e+05
grande,75,5,651,9.384125e+04
grande,76,5,667,1.007412e+05
grande,77,5,669,1.075824e+05
grande,78,5,621,1.007549e+05
grande,79,5,639,1.054287e+05
grande,80,5,774,1.502515e+05
grande,81,5,654,1.046334e+05
grande,82,5,655,9.260655e+04
grande,83,5,706,1.104093e+05
grande,84,5,621,9.516244e+04
grande,85,5,674,1.285246e+05
grande,86,5,569,7.967163e+04
grande,87,5,734,1.239817e+05
grande,88,5,718,1.280165e+05
grande,89,5,682,1.077422e+05
grande,90,5,681,1.160111e+05
grande,91,5,612,8.572830e+04
grande,92,5,635,9.720311e+04
grande,93,5,690,1.126520e+05
grande,94,5,601,8.601204e+04
grande,95,5,602,8.165870e+04
grande,96,5,682,1.026383e+05
grande,97,5,652,1.024560e+05
grande,98,5,672,1.104865e+05
grande,99,5,643,1.023381e+05
grande,100,5,754,1.342035e+05
grande,1,50,595,9.151739e+04
grande,2,50,630,9.571094e+04
grande,3,50,738,1.280015e+05
grande,4,50,709,1.228941e+05
grande,5,50,525,7.208321e+04
grande,6,50,709,1.095904e+05
grande,7,50,692,1.205600e+05
grande,8,50,576,8.079091e+04
grande,9,50,606,9.106427e+04
grande,10,50,530,7.587092e+04
grande,11,50,725,1.202812e+05
grande,12,50,731,1.226642e+05
grande,13,50,700,1.052068e+05
grande,14,50,579,7.961249e+04
grande,15,50,657,9.890424e+04
grande,16,50,642,1.104532e+05
grande,17,50,663,1.009259e+05
grande,18,50,674,1.016981e+05
grande,19,50,664,1.062029e+05
grande,20,50,659,1.008976e+05
grande,21,50,625,8.928789e+04
grande,22,50,620,9.228954e+04
grande,23,50,622,9.262170e+04
grande,24,50,610,9.274726e+04
grande,25,50,670,1.021074e+05
grande,26,50,694,1.001276e+05
grande,27,50,710,1.167828e+05
grande,28,50,713,1.290043e+05
grande,29,50,741,1.247132e+05
grande,30,50,603,7.898524e+04
grande,31,50,771,1.265578e+05
grande,32,50,587,7.449230e+04
grande,33,50,678,9.097242e+04
grande,34,50,699,1.143233e+05
grande,35,50,722,1.127105e+05
grande,36,50,695,1.029840e+05
grande,37,50,669,1.045406e+05
grande,38,50,656,1.126057e+05
grande,39,50,539,8.650358e+04
grande,40,50,646,8.752431e+04
grande,41,50,672,1.006736e+05
grande,42,50,608,9.249143e+04
grande,43,50,626,9.926365e+04
grande,44,50,590,9.528313e+04
grande,45,50,590,8.815979e+04
grande,46,50,781,1.362299e+05
grande,47,50,732,1.291992e+05
grande,48,50,593,9.176472e+04
grande,49,50,742,1.289182e+05
grande,50,50,675,1.042834e+05
grande,51,50,661,1.023264e+05
grande,52,50,693,1.198672e+05
grande,53,50,675,1.009826e+05
grande,54,50,657,1.032665e+05
grande,55,50,676,1.065238e+05
grande,56,50,570,8.923846e+04
grande,57,50,588,7.907503e+04
grande,58,50,615,1.005007e+05
grande,59,50,727,1.334512e+05
grande,60,50,615,9.153655e+04
grande,61,50,640,8.854562e+04
grande,62,50,694,1.130435e+05
grande,63,50,645,9.811551e+04
grande,64,50,581,8.077771e+04
grande,65,50,605,9.636381e+04
grande,66,50,627,8.016923e+04
grande,67,50,631,8.087688e+04
grande,68,50,674,1.024680e+05
grande,69,50,562,7.433041e+04
grande,70,50,627,1.064444e+05
grande,71,50,698,1.151208e+05
grande,72,50,578,8.401094e+04
grande,73,50,696,1.048501e+05
grande,74,50,597,9.504805e+04
grande,75,50,659,1.007682e+05
grande,76,50,633,1.038283e+05
grande,77,50,731,1.306706e+05
grande,78,50,600,9.134568e+04
grande,79,50,646,1.010033e+05
grande,80,50,694,1.177861e+05
grande,81,50,602,8.368549e+04
grande,82,50,798,1.558052e+05
grande,83,50,616,9.360940e+04
grande,84,50,634,9.723959e+04
grande,85,50,715,1.212546e+05
grande,86,50,688,1.129845e+05
grande,87,50,763,1.452849e+05
grande,88,50,590,9.059993e+04
grande,89,50,694,1.090031e+05
grande,90,50,664,1.058130e+05
grande,91,50,614,1.001114e+05
grande,92,50,660,1.053877e+05
grande,93,50,706,1.197438e+05
grande,94,50,684,1.111395e+05
grande,95,50,689,1.138517e+05
grande,96,50,660,1.018744e+05
grande,97,50,724,1.240816e+05
grande,98,50,612,1.026858e+05
grande,99,50,638,1.150199e+05
grande,100,50,675,1.200976e+05
grande,1,6,613,1.005153e+05
grande,2,6,702,1.176978e+05
grande,3,6,620,8.949675e+04
grande,4,6,585,9.416115e+04
grande,5,6,691,1.210809e+05
grande,6,6,604,8.387504e+04
grande,7,6,576,8.593104e+04
grande,8,6,600,8.955193e+04
grande,9,6,695,1.109997e+05
grande,10,6,648,9.643348e+04
grande,11,6,675,9.926432e+04
grande,12,6,614,9.197315e+04
grande,13,6,581,8.482206e+04
grande,14,6,695,1.224596e+05
grande,15,6,705,1.386215e+05
grande,16,6,598,8.755669e+04
grande,17,6,577,8.625482e+04
grande,18,6,618,9.836512e+04
grande,19,6,624,9.062800e+04
grande,20,6,657,9.938868e+04
grande,21,6,605,1.019144e+05
grande,22,6,687,9.921162e+04
grande,23,6,645,1.096939e+05
grande,24,6,629,9.225648e+04
grande,25,6,644,1.057148e+05
grande,26,6,671,1.116506e+05
grande,27,6,690,1.197130e+05
grande,28,6,631,9.204519e+04
grande,29,6,514,7.201670e+04
grande,30,6,582,8.878284e+04
grande,31,6,694,1.071213e+05
grande,32,6,620,9.714449e+04
grande,33,6,656,9.733070e+04
grande,34,6,589,8.503459e+04
grande,35,6,665,1.129139e+05
grande,36,6,642,9.588162e+04
grande,37,6,622,9.445979e+04
grande,38,6,578,7.692169e+04
grande,39,6,711,1.188573e+05
grande,40,6,651,1.001196e+05
grande,41,6,648,8.721958e+04
grande,42,6,618,9.141612e+04
grande,43,6,677,9.845676e+04
grande,44,6,677,1.089513e+05
grande,45,6,755,1.360206e+05
grande,46,6,615,9.378653e+04
grande,47,6,715,1.250737e+05
grande,48,6,572,8.279382e+04
grande,49,6,635,1.054294e+05
grande,50,6,679,1.040170e+05
grande,51,6,592,8.457558e+04
grande,52,6,703,1.177112e+05
grande,53,6,655,1.032185e+05
grande,54,6,620,8.926129e+04
grande,55,6,666,1.068872e+05
grande,56,6,625,1.009083e+05
grande,57,6,655,1.038164e+05
grande,58,6,655,9.948098e+04
grande,59,6,648,1.101561e+05
grande,60,6,687,1.126460e+05
grande,61,6,637,9.597567e+04
grande,62,6,601,8.655863e+04
grande,63,6,758,1.219593e+05
grande,64,6,620,1.009786e+05
grande,65,6,618,1.067325e+05
grande,66,6,640,1.030352e+05
grande,67,6,740,1.307126e+05
grande,68,6,638,1.065459e+05
grande,69,6,656,8.573337e+04
grande,70,6,564,7.267796e+04
grande,71,6,573,7.358323e+04
grande,72,6,606,1.044235e+05
grande,73,6,653,9.930761e+04
grande,74,6,686,1.170342e+05
grande,75,6,741,1.314210e+05
grande,76,6,744,1.275338e+05
grande,77,6,645,1.072163e+05
grande,78,6,792,1.458981e+05
grande,79,6,650,1.042681e+05
grande,80,6,660,1.071072e+05
grande,81,6,597,7.821421e+04
grande,82,6,707,1.125027e+05
grande,83,6,541,8.149558e+04
grande,84,6,562,9.243272e+04
grande,85,6,542,7.689561e+04
grande,86,6,590,1.048162e+05
grande,87,6,565,7.849702e+04
grande,88,6,727,1.257745e+05
grande,89,6,580,7.748196e+04
grande,90,6,674,9.469686e+04
grande,91,6,658,1.089263e+05
grande,92,6,616,9.335203e+04
grande,93,6,725,1.194056e+05
grande,94,6,774,1.324940e+05
grande,95,6,595,8.302028e+04
grande,96,6,523,7.436291e+04
grande,97,6,696,1.008062e+05
grande,98,6,682,1.060429e+05
grande,99,6,580,9.329220e+04
grande,100,6,693,1.090301e+05
grande,1,7,618,9.998572e+04
grande,2,7,536,9.202932e+04
grande,3,7,671,1.092680e+05
grande,4,7,608,9.354738e+04
grande,5,7,630,1.019324e+05
grande,6,7,730,1.361890e+05
grande,7,7,657,9.702174e+04
grande,8,7,658,9.369115e+04
grande,9,7,575,8.070655e+04
grande,10,7,671,1.242880e+05
grande,11,7,595,7.825314e+04
grande,12,7,618,8.445047e+04
grande,13,7,610,8.915820e+04
grande,14,7,706,1.246839e+05
grande,15,7,589,9.490173e+04
grande,16,7,687,1.186885e+05
grande,17,7,702,1.380915e+05
grande,18,7,595,8.762416e+04
grande,19,7,617,1.026815e+05
grande,20,7,623,8.930740e+04
grande,21,7,589,9.200277e+04
grande,22,7,645,9.953222e+04
grande,23,7,659,1.152130e+05
grande,24,7,648,1.154394e+05
grande,25,7,635,1.008591e+05
grande,26,7,658,1.091313e+05
grande,27,7,669,1.189620e+05
grande,28,7,595,9.578460e+04
grande,29,7,642,1.241584e+05
grande,30,7,613,1.095214e+05
grande,31,7,629,9.586224e+04
grande,32,7,594,8.206466e+04
grande,33,7,557,7.217817e+04
grande,34,7,712,1.113242e+05
grande,35,7,552,7.037069e+04
grande,36,7,701,1.335574e+05
grande,37,7,596,1.133871e+05
grande,38,7,778,1.239298e+05
grande,39,7,601,9.804096e+04
grande,40,7,612,9.891541e+04
grande,41,7,749,1.378267e+05
grande,42,7,573,8.326888e+04
grande,43,7,637,1.074930e+05
grande,44,7,717,1.219641e+05
grande,45,7,548,7.219602e+04
grande,46,7,641,8.609124e+04
grande,47,7,613,8.881655e+04
grande,48,7,677,1.118749e+05
grande,49,7,615,8.508970e+04
grande,50,7,590,8.177054e+04
grande,51,7,704,1.343866e+05
grande,52,7,640,1.048104e+05
grande,53,7,675,1.035683e+05
grande,54,7,691,1.168628e+05
grande,55,7,633,1.088100e+05
grande,56,7,727,1.319557e+05
grande,57,7,548,7.605257e+04
grande,58,7,634,9.546294e+04
grande,59,7,702,1.144596e+05
grande,60,7,589,8.806766e+04
grande,61,7,598,8.320867e+04
grande,62,7,784,1.556873e+05
grande,63,7,640,9.444293e+04
grande,64,7,677,1.164115e+05
grande,65,7,679,1.121678e+05
grande,66,7,643,1.065244e+05
grande,67,7,633,1.095986e+05
grande,68,7,582,9.750856e+04
grande,69,7,624,9.506206e+04
grande,70,7,633,9.371154e+04
grande,71,7,693,1.242899e+05
grande,72,7,664,1.169938e+05
grande,73,7,649,1.004967e+05
grande,74,7,599,1.032891e+05
grande,75,7,618,9.856865e+04
grande,76,7,646,1.073336e+05
grande,77,7,604,9.075211e+04
grande,78,7,640,1.014367e+05
grande,79,7,667,1.239910e+05
grande,80,7,735,1.381632e+05
grande,81,7,545,7.861197e+04
grande,82,7,637,1.015186e+05
grande,83,7,611,9.332661e+04
grande,84,7,566,8.354156e+04
grande,85,7,676,1.035120e+05
grande,86,7,595,9.960782e+04
grande,87,7,568,9.116162e+04
grande,88,7,688,1.204135e+05
grande,89,7,598,9.020247e+04
grande,90,7,723,1.200461e+05
grande,91,7,725,1.241146e+05
grande,92,7,645,1.027828e+05
grande,93,7,647,9.799501e+04
grande,94,7,642,1.054441e+05
grande,95,7,689,1.188392e+05
grande,96,7,560,9.473143e+04
grande,97,7,578,8.133190e+04
grande,98,7,612,1.016499e+05
grande,99,7,629,1.086995e+05
grande,100,7,658,1.041025e+05
grande,1,8,634,9.531233e+04
grande,2,8,686,1.040618e+05
grande,3,8,655,1.047886e+05
grande,4,8,609,1.007581e+05
grande,5,8,648,1.096692e+05
grande,6,8,596,9.084604e+04
grande,7,8,655,1.134166e+05
grande,8,8,642,1.018121e+05
grande,9,8,616,9.217455e+04
grande,10,8,632,1.064349e+05
grande,11,8,641,9.606474e+04
grande,12,8,773,1.406490e+05
grande,13,8,637,9.738409e+04
grande,14,8,750,1.418357e+05
grande,15,8,549,7.597432e+04
grande,16,8,587,8.970578e+04
grande,17,8,629,9.260981e+04
grande,18,8,572,7.828726e+04
grande,19,8,563,7.362728e+04
grande,20,8,689,1.054904e+05
grande,21,8,586,8.521464e+04
grande,22,8,655,8.957535e+04
grande,23,8,672,1.083498e+05
grande,24,8,654,1.102057e+05
grande,25,8,685,1.042839e+05
grande,26,8,670,1.012621e+05
grande,27,8,702,1.113874e+05
grande,28,8,650,1.020558e+05
grande,29,8,605,8.578960e+04
grande,30,8,636,9.917697e+04
grande,31,8,660,1.009067e+05
grande,32,8,648,1.072117e+05
grande,33,8,601,8.734914e+04
grande,34,8,554,8.089299e+04
grande,35,8,656,1.131108e+05
grande,36,8,667,1.233134e+05
grande,37,8,583,8.510890e+04
grande,38,8,768,1.316824e+05
grande,39,8,705,1.147832e+05
grande,40,8,731,1.167148e+05
grande,41,8,666,1.224762e+05
grande,42,8,711,1.183066e+05
grande,43,8,637,1.026542e+05
grande,44,8,755,1.281093e+05
grande,45,8,677,9.741440e+04
grande,46,8,620,1.073263e+05
grande,47,8,640,1.019825e+05
grande,48,8,653,9.834404e+04
grande,49,8,583,8.461493e+04
grande,50,8,637,1.019240e+05
grande,51,8,641,9.838939e+04
grande,52,8,604,9.390751e+04
grande,53,8,626,9.423374e+04
grande,54,8,678,1.085637e+05
grande,55,8,711,1.223980e+05
grande,56,8,627,1.036097e+05
grande,57,8,670,1.166868e+05
grande,58,8,736,1.230813e+05
grande,59,8,648,9.426308e+04
grande,60,8,756,1.379451e+05
grande,61,8,683,1.056861e+05
grande,62,8,644,1.040776e+05
grande,63,8,634,1.186314e+05
grande,64,8,647,9.546647e+04
grande,65,8,566,8.230638e+04
grande,66,8,711,1.154775e+05
grande,67,8,630,8.962682e+04
grande,68,8,674,1.133102e+05
grande,69,8,533,7.479378e+04
grande,70,8,674,1.010421e+05
grande,71,8,729,1.308385e+05
grande,72,8,652,9.582734e+04
grande,73,8,736,1.332062e+05
grande,74,8,649,1.004058e+05
grande,75,8,732,1.177674e+05
grande,76,8,645,9.746026e+04
grande,77,8,652,1.149807e+05
grande,78,8,651,1.125959e+05
grande,79,8,677,1.058115e+05
grande,80,8,707,1.172811e+05
grande,81,8,723,1.273997e+05
grande,82,8,600,8.847123e+04
grande,83,8,590,9.035536e+04
grande,84,8,614,9.458890e+04
grande,85,8,663,1.002948e+05
grande,86,8,642,9.856271e+04
grande,87,8,605,9.783762e+04
grande,88,8,668,1.078989e+05
grande,89,8,636,1.106159e+05
grande,90,8,579,8.541120e+04
grande,91,8,611,9.582041e+04
grande,92,8,623,9.396645e+04
grande,93,8,737,1.247233e+05
grande,94,8,660,1.015626e+05
grande,95,8,749,1.200481e+05
grande,96,8,703,1.111145e+05
grande,97,8,709,1.096382e+05
grande,98,8,792,1.435308e+05
grande,99,8,794,1.499616e+05
grande,100,8,615,8.808875e+04
grande,1,9,667,1.196890e+05
grande,2,9,692,1.125162e+05
grande,3,9,675,1.138499e+05
grande,4,9,634,1.005240e+05
grande,5,9,619,8.805560e+04
grande,6,9,632,9.502055e+04
grande,7,9,660,1.057482e+05
grande,8,9,627,9.765258e+04
grande,9,9,659,1.050200e+05
grande,10,9,639,1.098119e+05
grande,11,9,586,8.551990e+04
grande,12,9,701,1.125485e+05
grande,13,9,651,1.037763e+05
grande,14,9,748,1.290964e+05
grande,15,9,580,9.366540e+04
grande,16,9,613,1.043199e+05
grande,17,9,582,8.805954e+04
grande,18,9,622,1.077028e+05
grande,19,9,662,1.170712e+05
grande,20,9,631,1.009368e+05
grande,21,9,721,1.214787e+05
grande,22,9,638,1.073599e+05
grande,23,9,593,9.478525e+04
grande,24,9,649,1.157538e+05
grande,25,9,681,1.118733e+05
grande,26,9,701,1.231719e+05
grande,27,9,633,1.028108e+05
grande,28,9,770,1.331464e+05
grande,29,9,635,9.286551e+04
grande,30,9,659,1.112393e+05
grande,31,9,578,9.418528e+04
grande,32,9,631,1.044898e+05
grande,33,9,735,1.275730e+05
grande,34,9,582,9.084978e+04
grande,35,9,691,1.202326e+05
grande,36,9,609,1.104697e+05
grande,37,9,724,1.129553e+05
grande,38,9,678,1.232767e+05
grande,39,9,718,1.178269e+05
grande,40,9,676,1.141577e+05
grande,41,9,707,1.085110e+05
grande,42,9,589,9.634002e+04
grande,43,9,657,1.032610e+05
grande,44,9,797,1.476597e+05
grande,45,9,663,1.066614e+05
grande,46,9,679,1.080831e+05
grande,47,9,734,1.252490e+05
grande,48,9,685,1.187676e+05
grande,49,9,650,1.072025e+05
grande,50,9,560,7.410850e+04
grande,51,9,666,1.099278e+05
grande,52,9,660,1.050004e+05
grande,53,9,672,1.281467e+05
grande,54,9,562,7.945451e+04
grande,55,9,548,7.749051e+04
grande,56,9,565,8.534004e+04
grande,57,9,583,8.548088e+04
grande,58,9,668,1.136592e+05
grande,59,9,608,9.476476e+04
grande,60,9,643,1.000856e+05
grande,61,9,632,9.856258e+04
grande,62,9,592,8.685362e+04
grande,63,9,647,1.018812e+05
grande,64,9,663,1.085039e+05
grande,65,9,637,1.002887e+05
grande,66,9,643,1.137649e+05
grande,67,9,650,1.018692e+05
grande,68,9,617,9.749692e+04
grande,69,9,657,1.062779e+05
grande,70,9,634,1.098797e+05
grande,71,9,659,1.089893e+05
grande,72,9,744,1.279795e+05
grande,73,9,766,1.352468e+05
grande,74,9,681,1.138269e+05
grande,75,9,535,7.305853e+04
grande,76,9,660,1.033128e+05
grande,77,9,615,1.103871e+05
grande,78,9,632,1.066057e+05
grande,79,9,634,9.922704e+04
grande,80,9,664,1.099227e+05
grande,81,9,597,9.611110e+04
grande,82,9,678,1.164353e+05
grande,83,9,655,1.137314e+05
grande,84,9,676,1.116802e+05
grande,85,9,669,1.162393e+05
grande,86,9,703,1.160285e+05
grande,87,9,596,9.859212e+04
grande,88,9,617,1.033925e+05
grande,89,9,662,1.019159e+05
grande,90,9,623,1.057923e+05
grande,91,9,629,1.007299e+05
grande,92,9,649,1.070319e+05
grande,93,9,703,1.048000e+05
grande,94,9,644,1.013501e+05
grande,95,9,622,9.874705e+04
grande,96,9,663,1.130546e+05
grande,97,9,653,1.046947e+05
grande,98,9,609,9.199957e+04
grande,99,9,587,1.123410e+05
grande,100,9,630,9.500934e+04
