overlap_thresh,sim_number,file_number,num_cells,volume_clust
200,1,1,544,7.819171e+04
200,2,1,536,7.747008e+04
200,3,1,532,7.611851e+04
200,4,1,584,9.222227e+04
200,5,1,662,1.201522e+05
200,6,1,601,1.031292e+05
200,7,1,560,7.983850e+04
200,8,1,604,9.292568e+04
200,9,1,528,7.754014e+04
200,10,1,636,1.151213e+05
210,1,1,672,9.746697e+04
210,2,1,579,8.525816e+04
210,3,1,647,1.071224e+05
210,4,1,647,1.211192e+05
210,5,1,611,1.240993e+05
210,6,1,731,1.336868e+05
210,7,1,636,1.144245e+05
210,8,1,650,1.107931e+05
210,9,1,594,9.136197e+04
210,10,1,581,9.550939e+04
220,1,1,569,9.554238e+04
220,2,1,646,1.080229e+05
220,3,1,569,9.026403e+04
220,4,1,653,1.196192e+05
220,5,1,598,9.356044e+04
220,6,1,571,7.854224e+04
220,7,1,758,1.317258e+05
220,8,1,613,1.061270e+05
220,9,1,619,1.090188e+05
220,10,1,701,1.125092e+05
230,1,1,636,9.556696e+04
230,2,1,609,9.301224e+04
230,3,1,584,8.153921e+04
230,4,1,616,9.273889e+04
230,5,1,641,9.648771e+04
230,6,1,728,1.148003e+05
230,7,1,652,9.726780e+04
230,8,1,820,1.388079e+05
230,9,1,594,8.050316e+04
230,10,1,654,1.021796e+05
240,1,1,589,9.271090e+04
240,2,1,679,1.060677e+05
240,3,1,581,9.468471e+04
240,4,1,619,9.259530e+04
240,5,1,777,1.313916e+05
240,6,1,801,1.382103e+05
240,7,1,795,1.411807e+05
240,8,1,631,1.030136e+05
240,9,1,741,1.273468e+05
240,10,1,627,8.966434e+04
250,1,1,685,1.017093e+05
250,2,1,686,9.938120e+04
250,3,1,655,9.316809e+04
250,4,1,678,9.741772e+04
250,5,1,747,1.349381e+05
250,6,1,713,1.005197e+05
250,7,1,665,1.015521e+05
250,8,1,723,1.255759e+05
250,9,1,818,1.521336e+05
250,10,1,765,1.297822e+05
260,1,1,757,1.219805e+05
260,2,1,815,1.488774e+05
260,3,1,773,1.254735e+05
260,4,1,710,1.098681e+05
260,5,1,698,1.084508e+05
260,6,1,613,1.006336e+05
260,7,1,817,1.334520e+05
260,8,1,684,1.097279e+05
260,9,1,742,1.206203e+05
260,10,1,786,1.423630e+05
270,1,1,820,1.398405e+05
270,2,1,686,1.085987e+05
270,3,1,792,1.388341e+05
270,4,1,672,9.195908e+04
270,5,1,660,8.885810e+04
270,6,1,733,9.798545e+04
270,7,1,762,1.268387e+05
270,8,1,655,9.383100e+04
270,9,1,607,8.959656e+04
270,10,1,610,7.890322e+04
280,1,1,678,9.568238e+04
280,2,1,898,1.706299e+05
280,3,1,773,1.283629e+05
280,4,1,815,1.464993e+05
280,5,1,669,1.059603e+05
280,6,1,702,1.056848e+05
280,7,1,815,1.397925e+05
280,8,1,745,1.097210e+05
280,9,1,682,1.063534e+05
280,10,1,827,1.412745e+05
290,1,1,766,1.180736e+05
290,2,1,779,1.208441e+05
290,3,1,949,1.758352e+05
290,4,1,797,1.171176e+05
290,5,1,738,1.158411e+05
290,6,1,737,1.144836e+05
290,7,1,837,1.408649e+05
290,8,1,695,9.981617e+04
290,9,1,650,8.153939e+04
290,10,1,711,1.140008e+05
300,1,1,746,1.105298e+05
300,2,1,861,1.289547e+05
300,3,1,880,1.437471e+05
300,4,1,661,8.932593e+04
300,5,1,876,1.498126e+05
300,6,1,840,1.314626e+05
300,7,1,892,1.629719e+05
300,8,1,785,1.197786e+05
300,9,1,750,1.262469e+05
300,10,1,666,9.438079e+04
200,1,10,608,1.079725e+05
200,2,10,708,1.171819e+05
200,3,10,620,1.020172e+05
200,4,10,598,9.675098e+04
200,5,10,612,9.353452e+04
200,6,10,656,1.209577e+05
200,7,10,584,8.598183e+04
200,8,10,575,9.506735e+04
200,9,10,632,1.041225e+05
200,10,10,688,1.257531e+05
210,1,10,637,1.090102e+05
210,2,10,636,1.083395e+05
210,3,10,698,1.219109e+05
210,4,10,693,1.172744e+05
210,5,10,659,1.000868e+05
210,6,10,613,9.858509e+04
210,7,10,652,1.241921e+05
210,8,10,628,1.094785e+05
210,9,10,590,1.012064e+05
210,10,10,599,8.946476e+04
220,1,10,581,9.516216e+04
220,2,10,563,7.713305e+04
220,3,10,750,1.431387e+05
220,4,10,619,9.119359e+04
220,5,10,626,1.046575e+05
220,6,10,733,1.413673e+05
220,7,10,598,8.220225e+04
220,8,10,576,8.175293e+04
220,9,10,636,8.802905e+04
220,10,10,538,7.592693e+04
230,1,10,598,9.320563e+04
230,2,10,656,1.070480e+05
230,3,10,607,9.394282e+04
230,4,10,642,9.774697e+04
230,5,10,669,1.047378e+05
230,6,10,699,1.198317e+05
230,7,10,656,9.698155e+04
230,8,10,596,9.528896e+04
230,9,10,747,1.332555e+05
230,10,10,728,1.259052e+05
240,1,10,673,1.051159e+05
240,2,10,680,1.045440e+05
240,3,10,603,1.045653e+05
240,4,10,692,1.225653e+05
240,5,10,747,1.256591e+05
240,6,10,649,1.040200e+05
240,7,10,666,9.610436e+04
240,8,10,775,1.287507e+05
240,9,10,705,1.265210e+05
240,10,10,818,1.515824e+05
250,1,10,664,1.027118e+05
250,2,10,821,1.447552e+05
250,3,10,608,9.621597e+04
250,4,10,720,1.191644e+05
250,5,10,600,7.834077e+04
250,6,10,660,9.979393e+04
250,7,10,694,1.074814e+05
250,8,10,686,9.939486e+04
250,9,10,718,1.001891e+05
250,10,10,697,1.130159e+05
260,1,10,616,7.536487e+04
260,2,10,670,1.074206e+05
260,3,10,722,1.194103e+05
260,4,10,599,8.511588e+04
260,5,10,703,1.082383e+05
260,6,10,671,1.168779e+05
260,7,10,600,9.475641e+04
260,8,10,712,1.185483e+05
260,9,10,685,9.799210e+04
260,10,10,723,1.214954e+05
270,1,10,646,8.124054e+04
270,2,10,624,8.272672e+04
270,3,10,735,1.171602e+05
270,4,10,750,1.088744e+05
270,5,10,790,1.382702e+05
270,6,10,735,1.269844e+05
270,7,10,725,1.074893e+05
270,8,10,653,8.393138e+04
270,9,10,661,9.975336e+04
270,10,10,641,8.051131e+04
280,1,10,813,1.453950e+05
280,2,10,721,1.003596e+05
280,3,10,706,9.786938e+04
280,4,10,709,1.138702e+05
280,5,10,704,1.032386e+05
280,6,10,847,1.407843e+05
280,7,10,704,1.032119e+05
280,8,10,653,9.873418e+04
280,9,10,719,1.046338e+05
280,10,10,664,9.653832e+04
290,1,10,1017,2.025088e+05
290,2,10,735,1.044563e+05
290,3,10,745,1.072043e+05
290,4,10,793,1.429336e+05
290,5,10,771,1.229162e+05
290,6,10,823,1.296496e+05
290,7,10,684,9.872736e+04
290,8,10,713,1.082396e+05
290,9,10,837,1.319440e+05
290,10,10,806,1.276500e+05
300,1,10,799,1.139838e+05
300,2,10,814,1.260362e+05
300,3,10,823,1.295634e+05
300,4,10,834,1.371373e+05
300,5,10,782,1.319109e+05
300,6,10,700,9.752135e+04
300,7,10,734,1.133918e+05
300,8,10,849,1.359584e+05
300,9,10,802,1.223388e+05
300,10,10,766,1.231780e+05
200,1,11,526,7.588498e+04
200,2,11,577,9.038605e+04
200,3,11,678,1.276865e+05
200,4,11,608,1.067595e+05
200,5,11,507,7.097695e+04
200,6,11,571,1.017281e+05
200,7,11,580,9.478955e+04
200,8,11,633,1.262571e+05
200,9,11,589,9.589087e+04
200,10,11,648,1.127625e+05
210,1,11,561,8.282531e+04
210,2,11,586,9.226895e+04
210,3,11,692,1.310948e+05
210,4,11,676,1.268923e+05
210,5,11,601,9.851916e+04
210,6,11,697,1.269150e+05
210,7,11,514,6.703773e+04
210,8,11,592,9.860620e+04
210,9,11,626,9.941032e+04
210,10,11,542,7.955107e+04
220,1,11,713,1.328276e+05
220,2,11,695,1.263114e+05
220,3,11,613,9.339420e+04
220,4,11,594,1.004013e+05
220,5,11,768,1.425362e+05
220,6,11,637,1.123110e+05
220,7,11,695,1.427230e+05
220,8,11,657,1.081044e+05
220,9,11,558,8.991541e+04
220,10,11,685,1.214332e+05
230,1,11,810,1.482140e+05
230,2,11,608,9.190134e+04
230,3,11,523,6.698962e+04
230,4,11,720,1.182674e+05
230,5,11,718,1.144493e+05
230,6,11,619,9.605040e+04
230,7,11,606,1.015899e+05
230,8,11,675,9.949324e+04
230,9,11,658,1.044964e+05
230,10,11,624,9.571314e+04
240,1,11,684,1.071623e+05
240,2,11,682,1.140228e+05
240,3,11,594,8.713926e+04
240,4,11,628,9.313458e+04
240,5,11,674,1.258807e+05
240,6,11,731,1.283944e+05
240,7,11,671,1.072701e+05
240,8,11,757,1.291877e+05
240,9,11,663,1.000431e+05
240,10,11,658,1.036003e+05
250,1,11,857,1.684418e+05
250,2,11,655,1.047375e+05
250,3,11,690,1.221343e+05
250,4,11,775,1.412431e+05
250,5,11,683,1.155403e+05
250,6,11,729,1.289628e+05
250,7,11,607,1.054197e+05
250,8,11,635,9.694472e+04
250,9,11,738,1.316840e+05
250,10,11,759,1.255393e+05
260,1,11,664,1.112654e+05
260,2,11,676,1.069094e+05
260,3,11,712,1.143561e+05
260,4,11,741,1.269618e+05
260,5,11,609,8.605141e+04
260,6,11,757,1.219679e+05
260,7,11,786,1.234292e+05
260,8,11,690,1.199754e+05
260,9,11,753,1.165066e+05
260,10,11,770,1.380033e+05
270,1,11,698,1.230903e+05
270,2,11,695,1.069803e+05
270,3,11,754,1.254274e+05
270,4,11,881,1.614319e+05
270,5,11,826,1.432823e+05
270,6,11,696,1.172024e+05
270,7,11,728,1.007436e+05
270,8,11,705,9.724582e+04
270,9,11,761,1.144012e+05
270,10,11,706,1.113156e+05
280,1,11,812,1.357869e+05
280,2,11,737,1.196388e+05
280,3,11,899,1.550599e+05
280,4,11,650,8.755024e+04
280,5,11,691,1.023518e+05
280,6,11,717,1.064733e+05
280,7,11,849,1.384084e+05
280,8,11,722,1.106576e+05
280,9,11,701,1.015487e+05
280,10,11,749,1.143173e+05
290,1,11,876,1.439888e+05
290,2,11,756,1.084269e+05
290,3,11,745,1.135657e+05
290,4,11,810,1.204968e+05
290,5,11,837,1.399126e+05
290,6,11,713,1.184675e+05
290,7,11,799,1.382700e+05
290,8,11,818,1.472980e+05
290,9,11,752,1.126979e+05
290,10,11,699,1.071985e+05
300,1,11,754,1.242823e+05
300,2,11,744,1.125374e+05
300,3,11,708,1.031292e+05
300,4,11,747,1.076897e+05
300,5,11,727,1.057362e+05
300,6,11,741,1.153761e+05
300,7,11,768,1.274709e+05
300,8,11,638,8.669292e+04
300,9,11,694,1.019772e+05
300,10,11,729,1.327575e+05
200,1,12,590,1.141458e+05
200,2,12,557,9.417671e+04
200,3,12,643,1.165256e+05
200,4,12,727,1.392917e+05
200,5,12,579,9.355175e+04
200,6,12,752,1.614736e+05
200,7,12,638,1.259831e+05
200,8,12,639,1.232143e+05
200,9,12,616,1.085000e+05
200,10,12,551,8.885958e+04
210,1,12,672,1.242991e+05
210,2,12,580,9.351843e+04
210,3,12,594,9.396233e+04
210,4,12,609,9.634748e+04
210,5,12,541,7.452718e+04
210,6,12,576,8.792796e+04
210,7,12,733,1.473986e+05
210,8,12,668,1.251413e+05
210,9,12,578,8.580938e+04
210,10,12,546,8.679788e+04
220,1,12,555,8.813874e+04
220,2,12,620,1.098529e+05
220,3,12,679,1.236379e+05
220,4,12,692,1.177371e+05
220,5,12,727,1.344340e+05
220,6,12,635,1.100271e+05
220,7,12,686,1.221335e+05
220,8,12,709,1.238280e+05
220,9,12,554,9.088849e+04
220,10,12,677,1.272903e+05
230,1,12,589,8.722514e+04
230,2,12,633,1.144673e+05
230,3,12,804,1.533540e+05
230,4,12,520,7.446210e+04
230,5,12,714,1.147692e+05
230,6,12,587,8.974450e+04
230,7,12,693,1.156319e+05
230,8,12,812,1.496731e+05
230,9,12,706,1.292771e+05
230,10,12,662,1.110236e+05
240,1,12,714,1.236234e+05
240,2,12,649,1.160415e+05
240,3,12,723,1.315576e+05
240,4,12,663,1.215711e+05
240,5,12,812,1.569597e+05
240,6,12,698,1.206353e+05
240,7,12,708,1.209179e+05
240,8,12,656,9.891517e+04
240,9,12,734,1.254089e+05
240,10,12,656,1.016493e+05
250,1,12,629,9.852960e+04
250,2,12,707,1.258111e+05
250,3,12,728,1.310942e+05
250,4,12,724,1.193291e+05
250,5,12,754,1.332966e+05
250,6,12,727,1.170338e+05
250,7,12,696,1.041763e+05
250,8,12,756,1.217405e+05
250,9,12,702,1.049089e+05
250,10,12,736,1.383600e+05
260,1,12,774,1.222900e+05
260,2,12,716,1.172536e+05
260,3,12,809,1.337476e+05
260,4,12,745,1.243023e+05
260,5,12,633,9.946959e+04
260,6,12,676,1.184019e+05
260,7,12,680,1.154177e+05
260,8,12,781,1.243830e+05
260,9,12,798,1.328111e+05
260,10,12,735,1.214324e+05
270,1,12,668,1.140874e+05
270,2,12,802,1.403455e+05
270,3,12,740,1.370489e+05
270,4,12,700,1.065608e+05
270,5,12,705,1.125624e+05
270,6,12,746,1.314474e+05
270,7,12,735,1.216289e+05
270,8,12,757,1.202492e+05
270,9,12,711,1.180110e+05
270,10,12,716,1.138778e+05
280,1,12,783,1.385712e+05
280,2,12,741,1.143033e+05
280,3,12,682,1.062077e+05
280,4,12,679,1.090256e+05
280,5,12,747,1.353122e+05
280,6,12,782,1.408872e+05
280,7,12,693,1.024762e+05
280,8,12,766,1.199421e+05
280,9,12,774,1.292235e+05
280,10,12,812,1.333722e+05
290,1,12,755,1.208927e+05
290,2,12,730,1.332073e+05
290,3,12,824,1.413026e+05
290,4,12,694,1.008959e+05
290,5,12,673,8.975675e+04
290,6,12,704,9.289672e+04
290,7,12,722,1.138630e+05
290,8,12,873,1.373217e+05
290,9,12,730,1.166665e+05
290,10,12,780,1.205751e+05
300,1,12,730,1.065991e+05
300,2,12,780,1.339767e+05
300,3,12,856,1.406551e+05
300,4,12,701,1.112407e+05
300,5,12,783,1.193576e+05
300,6,12,748,1.216007e+05
300,7,12,831,1.457455e+05
300,8,12,800,1.187342e+05
300,9,12,716,1.223490e+05
300,10,12,789,1.284150e+05
200,1,13,577,7.265876e+04
200,2,13,626,1.120737e+05
200,3,13,562,7.177872e+04
200,4,13,600,8.859303e+04
200,5,13,549,7.250085e+04
200,6,13,622,1.041768e+05
200,7,13,574,9.772622e+04
200,8,13,612,9.162866e+04
200,9,13,640,1.008994e+05
200,10,13,599,8.837525e+04
210,1,13,667,1.259743e+05
210,2,13,606,8.841451e+04
210,3,13,564,8.658468e+04
210,4,13,594,8.309352e+04
210,5,13,616,1.007806e+05
210,6,13,570,9.416812e+04
210,7,13,628,1.001823e+05
210,8,13,550,7.897271e+04
210,9,13,617,1.079476e+05
210,10,13,545,7.591170e+04
220,1,13,532,8.378512e+04
220,2,13,617,9.572105e+04
220,3,13,527,6.692160e+04
220,4,13,716,1.270409e+05
220,5,13,575,8.663959e+04
220,6,13,686,1.301070e+05
220,7,13,570,8.556871e+04
220,8,13,634,1.014218e+05
220,9,13,703,1.113065e+05
220,10,13,631,1.101019e+05
230,1,13,732,1.172835e+05
230,2,13,499,6.927306e+04
230,3,13,673,1.105224e+05
230,4,13,626,9.225902e+04
230,5,13,578,8.812985e+04
230,6,13,648,9.792937e+04
230,7,13,657,1.072586e+05
230,8,13,599,9.219222e+04
230,9,13,573,8.331215e+04
230,10,13,581,8.203356e+04
240,1,13,678,1.103148e+05
240,2,13,576,7.975403e+04
240,3,13,650,1.059911e+05
240,4,13,604,9.677684e+04
240,5,13,617,1.004234e+05
240,6,13,630,1.002468e+05
240,7,13,649,1.015176e+05
240,8,13,692,1.147654e+05
240,9,13,676,1.066525e+05
240,10,13,658,9.972457e+04
250,1,13,704,1.188906e+05
250,2,13,614,8.384774e+04
250,3,13,647,1.003014e+05
250,4,13,672,1.010456e+05
250,5,13,528,6.602106e+04
250,6,13,665,1.066135e+05
250,7,13,755,1.323838e+05
250,8,13,609,9.265718e+04
250,9,13,640,9.706411e+04
250,10,13,624,1.051771e+05
260,1,13,616,7.636675e+04
260,2,13,877,1.600430e+05
260,3,13,657,1.066430e+05
260,4,13,689,1.059433e+05
260,5,13,669,1.013667e+05
260,6,13,566,6.742530e+04
260,7,13,702,1.258279e+05
260,8,13,659,1.026199e+05
260,9,13,616,9.926065e+04
260,10,13,716,1.017231e+05
270,1,13,744,1.098529e+05
270,2,13,698,1.100115e+05
270,3,13,815,1.241319e+05
270,4,13,685,9.883607e+04
270,5,13,644,9.319614e+04
270,6,13,685,9.516602e+04
270,7,13,666,9.264576e+04
270,8,13,666,1.087001e+05
270,9,13,621,9.121959e+04
270,10,13,748,1.229468e+05
280,1,13,765,1.280806e+05
280,2,13,696,1.073352e+05
280,3,13,743,1.185808e+05
280,4,13,707,9.968153e+04
280,5,13,718,9.791445e+04
280,6,13,690,1.006566e+05
280,7,13,733,1.187981e+05
280,8,13,858,1.543119e+05
280,9,13,681,1.074914e+05
280,10,13,691,9.974619e+04
290,1,13,745,1.124891e+05
290,2,13,753,1.154594e+05
290,3,13,729,1.108798e+05
290,4,13,788,1.286692e+05
290,5,13,703,9.876064e+04
290,6,13,846,1.326725e+05
290,7,13,660,1.021245e+05
290,8,13,737,1.144972e+05
290,9,13,836,1.374214e+05
290,10,13,740,1.214870e+05
300,1,13,864,1.453423e+05
300,2,13,748,1.233001e+05
300,3,13,875,1.539274e+05
300,4,13,718,1.138712e+05
300,5,13,766,1.244178e+05
300,6,13,802,1.211897e+05
300,7,13,745,1.053768e+05
300,8,13,782,1.326271e+05
300,9,13,749,1.180372e+05
300,10,13,775,1.350716e+05
200,1,14,587,9.878288e+04
200,2,14,627,1.099134e+05
200,3,14,586,9.448601e+04
200,4,14,579,9.418069e+04
200,5,14,598,1.017325e+05
200,6,14,591,9.440209e+04
200,7,14,619,9.983552e+04
200,8,14,628,1.019067e+05
200,9,14,564,8.247542e+04
200,10,14,583,1.027755e+05
210,1,14,588,1.096147e+05
210,2,14,705,1.388037e+05
210,3,14,618,9.962719e+04
210,4,14,586,8.608877e+04
210,5,14,642,1.003030e+05
210,6,14,625,1.100159e+05
210,7,14,694,1.062154e+05
210,8,14,583,1.001240e+05
210,9,14,613,9.888078e+04
210,10,14,789,1.615345e+05
220,1,14,675,1.170396e+05
220,2,14,651,1.065419e+05
220,3,14,564,7.615183e+04
220,4,14,640,1.032237e+05
220,5,14,608,9.394484e+04
220,6,14,638,1.066153e+05
220,7,14,623,9.079276e+04
220,8,14,747,1.447028e+05
220,9,14,620,1.101517e+05
220,10,14,645,1.048679e+05
230,1,14,692,1.160954e+05
230,2,14,517,8.196695e+04
230,3,14,649,9.515546e+04
230,4,14,647,1.012181e+05
230,5,14,636,9.537402e+04
230,6,14,672,1.011329e+05
230,7,14,659,1.062553e+05
230,8,14,621,8.970938e+04
230,9,14,704,1.279380e+05
230,10,14,722,1.276325e+05
240,1,14,681,9.590051e+04
240,2,14,667,1.123726e+05
240,3,14,824,1.467903e+05
240,4,14,676,1.126625e+05
240,5,14,660,1.088435e+05
240,6,14,715,1.259876e+05
240,7,14,686,1.003167e+05
240,8,14,680,1.012513e+05
240,9,14,643,9.992165e+04
240,10,14,587,8.956414e+04
250,1,14,759,1.166275e+05
250,2,14,659,9.568438e+04
250,3,14,721,1.224900e+05
250,4,14,662,1.005899e+05
250,5,14,724,1.124499e+05
250,6,14,772,1.244791e+05
250,7,14,618,1.038607e+05
250,8,14,661,1.026072e+05
250,9,14,689,1.095419e+05
250,10,14,756,1.438564e+05
260,1,14,656,9.733914e+04
260,2,14,671,8.890704e+04
260,3,14,728,1.227867e+05
260,4,14,762,1.347434e+05
260,5,14,767,1.425344e+05
260,6,14,676,9.457388e+04
260,7,14,664,1.022075e+05
260,8,14,642,9.324429e+04
260,9,14,724,1.164913e+05
260,10,14,733,1.081689e+05
270,1,14,678,9.305961e+04
270,2,14,752,1.158787e+05
270,3,14,689,1.049558e+05
270,4,14,813,1.716156e+05
270,5,14,681,1.099232e+05
270,6,14,819,1.712281e+05
270,7,14,671,9.427759e+04
270,8,14,681,8.968536e+04
270,9,14,615,8.975211e+04
270,10,14,683,1.048992e+05
280,1,14,711,9.597465e+04
280,2,14,761,1.171410e+05
280,3,14,734,1.168796e+05
280,4,14,749,1.115169e+05
280,5,14,789,1.386528e+05
280,6,14,754,1.418696e+05
280,7,14,756,1.291167e+05
280,8,14,701,1.127843e+05
280,9,14,722,1.178204e+05
280,10,14,675,1.057076e+05
290,1,14,753,1.196861e+05
290,2,14,701,1.108635e+05
290,3,14,675,9.336189e+04
290,4,14,786,1.147773e+05
290,5,14,736,9.591683e+04
290,6,14,767,1.273821e+05
290,7,14,735,1.176515e+05
290,8,14,769,1.212235e+05
290,9,14,726,1.032498e+05
290,10,14,630,9.030578e+04
300,1,14,697,9.752699e+04
300,2,14,737,1.200874e+05
300,3,14,773,1.202466e+05
300,4,14,728,1.055993e+05
300,5,14,789,1.260617e+05
300,6,14,721,1.112984e+05
300,7,14,836,1.541406e+05
300,8,14,706,9.729187e+04
300,9,14,722,1.136524e+05
300,10,14,839,1.317702e+05
200,1,15,625,1.010470e+05
200,2,15,591,9.574215e+04
200,3,15,631,1.008147e+05
200,4,15,581,9.404953e+04
200,5,15,614,1.004557e+05
200,6,15,563,8.438322e+04
200,7,15,631,1.054980e+05
200,8,15,682,1.103774e+05
200,9,15,579,8.414008e+04
200,10,15,650,1.080794e+05
210,1,15,667,1.178378e+05
210,2,15,569,8.467943e+04
210,3,15,633,1.034982e+05
210,4,15,582,9.287430e+04
210,5,15,648,1.102562e+05
210,6,15,618,1.099022e+05
210,7,15,688,1.133485e+05
210,8,15,591,1.008695e+05
210,9,15,643,1.111046e+05
210,10,15,567,8.831776e+04
220,1,15,754,1.469774e+05
220,2,15,638,9.442720e+04
220,3,15,589,9.317102e+04
220,4,15,697,1.223019e+05
220,5,15,596,8.811896e+04
220,6,15,634,1.290932e+05
220,7,15,560,9.205243e+04
220,8,15,607,1.020248e+05
220,9,15,660,1.002874e+05
220,10,15,585,1.087345e+05
230,1,15,633,9.836315e+04
230,2,15,659,9.913528e+04
230,3,15,532,7.342713e+04
230,4,15,647,9.553425e+04
230,5,15,655,1.055775e+05
230,6,15,625,9.856824e+04
230,7,15,573,8.476479e+04
230,8,15,539,7.126842e+04
230,9,15,645,1.015116e+05
230,10,15,635,9.574606e+04
240,1,15,676,1.085055e+05
240,2,15,689,1.264052e+05
240,3,15,574,8.968817e+04
240,4,15,583,8.241857e+04
240,5,15,652,1.023801e+05
240,6,15,631,1.056096e+05
240,7,15,797,1.430261e+05
240,8,15,802,1.544812e+05
240,9,15,658,9.648176e+04
240,10,15,722,1.181432e+05
250,1,15,597,8.251048e+04
250,2,15,680,1.070145e+05
250,3,15,741,1.173749e+05
250,4,15,671,1.075543e+05
250,5,15,592,8.214296e+04
250,6,15,555,7.690499e+04
250,7,15,595,8.728300e+04
250,8,15,638,9.697593e+04
250,9,15,688,1.098163e+05
250,10,15,657,9.430911e+04
260,1,15,746,1.186317e+05
260,2,15,640,1.026860e+05
260,3,15,867,1.699048e+05
260,4,15,736,1.103618e+05
260,5,15,654,1.085907e+05
260,6,15,717,1.089743e+05
260,7,15,657,9.365730e+04
260,8,15,711,9.964616e+04
260,9,15,680,9.196677e+04
260,10,15,646,1.025699e+05
270,1,15,558,6.723539e+04
270,2,15,652,8.759562e+04
270,3,15,746,1.112666e+05
270,4,15,771,1.241377e+05
270,5,15,698,1.060791e+05
270,6,15,657,9.162888e+04
270,7,15,803,1.471290e+05
270,8,15,699,1.038527e+05
270,9,15,685,9.907471e+04
270,10,15,721,1.054372e+05
280,1,15,714,1.010908e+05
280,2,15,751,1.234830e+05
280,3,15,848,1.500152e+05
280,4,15,886,1.648444e+05
280,5,15,652,9.584158e+04
280,6,15,656,9.411248e+04
280,7,15,694,9.880008e+04
280,8,15,688,1.051910e+05
280,9,15,667,8.599428e+04
280,10,15,761,1.228789e+05
290,1,15,794,1.376637e+05
290,2,15,815,1.122393e+05
290,3,15,817,1.341743e+05
290,4,15,783,1.415439e+05
290,5,15,667,1.012644e+05
290,6,15,696,1.044173e+05
290,7,15,671,1.017796e+05
290,8,15,686,9.019933e+04
290,9,15,778,1.227096e+05
290,10,15,756,1.264168e+05
300,1,15,828,1.459298e+05
300,2,15,761,1.141470e+05
300,3,15,735,1.072071e+05
300,4,15,718,9.780055e+04
300,5,15,723,1.118247e+05
300,6,15,713,1.088365e+05
300,7,15,798,1.296159e+05
300,8,15,614,8.348603e+04
300,9,15,684,8.643006e+04
300,10,15,824,1.340448e+05
200,1,16,490,7.468060e+04
200,2,16,592,9.515198e+04
200,3,16,485,6.248872e+04
200,4,16,544,8.055733e+04
200,5,16,616,1.045085e+05
200,6,16,670,1.263394e+05
200,7,16,606,1.025007e+05
200,8,16,480,6.010017e+04
200,9,16,552,8.877089e+04
200,10,16,593,9.743560e+04
210,1,16,526,7.265167e+04
210,2,16,653,1.027208e+05
210,3,16,667,1.084916e+05
210,4,16,581,9.608828e+04
210,5,16,658,1.119702e+05
210,6,16,639,9.938145e+04
210,7,16,584,8.585409e+04
210,8,16,596,9.858845e+04
210,9,16,526,8.535530e+04
210,10,16,520,7.882585e+04
220,1,16,635,1.040380e+05
220,2,16,607,9.941386e+04
220,3,16,619,9.684199e+04
220,4,16,750,1.233755e+05
220,5,16,576,7.937472e+04
220,6,16,681,1.171273e+05
220,7,16,647,9.830133e+04
220,8,16,643,9.969314e+04
220,9,16,552,8.442153e+04
220,10,16,595,9.080618e+04
230,1,16,634,9.624932e+04
230,2,16,655,9.778629e+04
230,3,16,677,1.204568e+05
230,4,16,653,8.987272e+04
230,5,16,561,8.016718e+04
230,6,16,633,9.737658e+04
230,7,16,666,1.080818e+05
230,8,16,635,9.540780e+04
230,9,16,577,9.321944e+04
230,10,16,668,1.081735e+05
240,1,16,670,1.116138e+05
240,2,16,641,9.449404e+04
240,3,16,602,8.722971e+04
240,4,16,595,9.072010e+04
240,5,16,659,9.148798e+04
240,6,16,667,1.026059e+05
240,7,16,762,1.338260e+05
240,8,16,642,9.982955e+04
240,9,16,618,1.029425e+05
240,10,16,680,9.953433e+04
250,1,16,675,9.731067e+04
250,2,16,663,8.720906e+04
250,3,16,657,9.416864e+04
250,4,16,597,9.243336e+04
250,5,16,796,1.368625e+05
250,6,16,590,8.343158e+04
250,7,16,671,1.206677e+05
250,8,16,667,1.162284e+05
250,9,16,698,1.064573e+05
250,10,16,752,1.206529e+05
260,1,16,669,9.950614e+04
260,2,16,697,9.964338e+04
260,3,16,589,8.151136e+04
260,4,16,668,9.496879e+04
260,5,16,756,1.141593e+05
260,6,16,676,1.212693e+05
260,7,16,647,9.113978e+04
260,8,16,727,1.089441e+05
260,9,16,614,8.415476e+04
260,10,16,703,1.046215e+05
270,1,16,752,1.157838e+05
270,2,16,861,1.546782e+05
270,3,16,721,9.649717e+04
270,4,16,652,9.611703e+04
270,5,16,749,1.157213e+05
270,6,16,724,1.138506e+05
270,7,16,715,1.093008e+05
270,8,16,663,9.337310e+04
270,9,16,745,1.084631e+05
270,10,16,648,9.875634e+04
280,1,16,680,9.052722e+04
280,2,16,821,1.336567e+05
280,3,16,679,9.594536e+04
280,4,16,697,1.079202e+05
280,5,16,708,9.442033e+04
280,6,16,742,9.888658e+04
280,7,16,679,9.854696e+04
280,8,16,765,1.028873e+05
280,9,16,700,9.679202e+04
280,10,16,764,1.238462e+05
290,1,16,761,1.035971e+05
290,2,16,811,1.224504e+05
290,3,16,700,1.057691e+05
290,4,16,705,1.045970e+05
290,5,16,823,1.320607e+05
290,6,16,768,1.246749e+05
290,7,16,767,1.158399e+05
290,8,16,742,1.005737e+05
290,9,16,775,1.129417e+05
290,10,16,717,1.028759e+05
300,1,16,808,1.365020e+05
300,2,16,851,1.378069e+05
300,3,16,708,1.065122e+05
300,4,16,674,9.343846e+04
300,5,16,714,9.544320e+04
300,6,16,692,1.011244e+05
300,7,16,652,8.932074e+04
300,8,16,696,1.071636e+05
300,9,16,676,9.123201e+04
300,10,16,778,1.188894e+05
200,1,17,553,9.061852e+04
200,2,17,706,1.278954e+05
200,3,17,566,8.706030e+04
200,4,17,600,1.083870e+05
200,5,17,581,9.662238e+04
200,6,17,675,1.259287e+05
200,7,17,651,1.113979e+05
200,8,17,700,1.381299e+05
200,9,17,595,9.180579e+04
200,10,17,584,9.110664e+04
210,1,17,674,1.180137e+05
210,2,17,672,1.331928e+05
210,3,17,617,1.006181e+05
210,4,17,598,1.032611e+05
210,5,17,664,1.120019e+05
210,6,17,621,9.982144e+04
210,7,17,590,8.982539e+04
210,8,17,587,9.183571e+04
210,9,17,822,1.646510e+05
210,10,17,644,9.568506e+04
220,1,17,669,1.018465e+05
220,2,17,654,1.131400e+05
220,3,17,607,8.957482e+04
220,4,17,665,1.136576e+05
220,5,17,620,9.356408e+04
220,6,17,559,8.593068e+04
220,7,17,603,9.572906e+04
220,8,17,618,9.600294e+04
220,9,17,621,9.517226e+04
220,10,17,609,1.016054e+05
230,1,17,703,1.089878e+05
230,2,17,570,8.687941e+04
230,3,17,683,1.027650e+05
230,4,17,627,8.623941e+04
230,5,17,654,1.055532e+05
230,6,17,753,1.415548e+05
230,7,17,713,1.246901e+05
230,8,17,671,9.480915e+04
230,9,17,589,8.648169e+04
230,10,17,674,1.166965e+05
240,1,17,782,1.493572e+05
240,2,17,698,1.087630e+05
240,3,17,647,8.530169e+04
240,4,17,659,1.002738e+05
240,5,17,712,1.215262e+05
240,6,17,656,1.136706e+05
240,7,17,752,1.321850e+05
240,8,17,642,9.523568e+04
240,9,17,718,1.146961e+05
240,10,17,610,7.781980e+04
250,1,17,727,1.410885e+05
250,2,17,661,9.756859e+04
250,3,17,693,9.646262e+04
250,4,17,662,9.291478e+04
250,5,17,700,1.149829e+05
250,6,17,768,1.351841e+05
250,7,17,629,9.253264e+04
250,8,17,721,1.165916e+05
250,9,17,704,1.081280e+05
250,10,17,635,9.729422e+04
260,1,17,761,1.317914e+05
260,2,17,690,9.287839e+04
260,3,17,660,9.606477e+04
260,4,17,573,6.727375e+04
260,5,17,643,9.947085e+04
260,6,17,784,1.305421e+05
260,7,17,871,1.522303e+05
260,8,17,677,1.001118e+05
260,9,17,688,1.015416e+05
260,10,17,772,1.367013e+05
270,1,17,832,1.469079e+05
270,2,17,582,8.136067e+04
270,3,17,719,1.134537e+05
270,4,17,709,1.032814e+05
270,5,17,665,8.729109e+04
270,6,17,669,1.055651e+05
270,7,17,676,1.113725e+05
270,8,17,661,1.102124e+05
270,9,17,702,1.113526e+05
270,10,17,833,1.444324e+05
280,1,17,708,1.002732e+05
280,2,17,654,9.455803e+04
280,3,17,726,1.098758e+05
280,4,17,711,1.196374e+05
280,5,17,699,1.020330e+05
280,6,17,708,1.049749e+05
280,7,17,860,1.488298e+05
280,8,17,767,1.168654e+05
280,9,17,804,1.306028e+05
280,10,17,595,7.453454e+04
290,1,17,926,1.587169e+05
290,2,17,763,1.238008e+05
290,3,17,675,9.614321e+04
290,4,17,717,1.112989e+05
290,5,17,766,1.209267e+05
290,6,17,849,1.340188e+05
290,7,17,713,1.035608e+05
290,8,17,749,1.163603e+05
290,9,17,841,1.391636e+05
290,10,17,839,1.393983e+05
300,1,17,731,1.114714e+05
300,2,17,790,1.388643e+05
300,3,17,678,1.034164e+05
300,4,17,700,9.610342e+04
300,5,17,767,1.299746e+05
300,6,17,721,1.036160e+05
300,7,17,850,1.567468e+05
300,8,17,661,8.491076e+04
300,9,17,635,1.007485e+05
300,10,17,801,1.441276e+05
200,1,18,669,1.103218e+05
200,2,18,546,7.313549e+04
200,3,18,607,9.671076e+04
200,4,18,594,9.140068e+04
200,5,18,436,5.523982e+04
200,6,18,644,1.124077e+05
200,7,18,597,9.302756e+04
200,8,18,606,1.075916e+05
200,9,18,540,8.316028e+04
200,10,18,497,6.262462e+04
210,1,18,655,1.014341e+05
210,2,18,514,7.002812e+04
210,3,18,655,1.059561e+05
210,4,18,645,9.659401e+04
210,5,18,645,1.291794e+05
210,6,18,614,1.010222e+05
210,7,18,559,8.367352e+04
210,8,18,563,8.852175e+04
210,9,18,590,8.506646e+04
210,10,18,566,8.109329e+04
220,1,18,605,9.678678e+04
220,2,18,549,7.867540e+04
220,3,18,590,8.468141e+04
220,4,18,684,1.336901e+05
220,5,18,552,8.620182e+04
220,6,18,567,8.512502e+04
220,7,18,579,9.126770e+04
220,8,18,661,1.158183e+05
220,9,18,487,7.889766e+04
220,10,18,749,1.408067e+05
230,1,18,647,9.869099e+04
230,2,18,750,1.315519e+05
230,3,18,539,7.393198e+04
230,4,18,661,1.029265e+05
230,5,18,582,8.177639e+04
230,6,18,624,1.019441e+05
230,7,18,639,1.033944e+05
230,8,18,705,1.262729e+05
230,9,18,645,1.051987e+05
230,10,18,738,1.223966e+05
240,1,18,649,9.359072e+04
240,2,18,632,1.060656e+05
240,3,18,571,7.857652e+04
240,4,18,610,9.211801e+04
240,5,18,548,7.662352e+04
240,6,18,743,1.156730e+05
240,7,18,722,1.165221e+05
240,8,18,602,7.721273e+04
240,9,18,600,8.863341e+04
240,10,18,570,8.199915e+04
250,1,18,665,1.044517e+05
250,2,18,676,9.960553e+04
250,3,18,675,1.033924e+05
250,4,18,461,6.272069e+04
250,5,18,686,9.774632e+04
250,6,18,653,9.100412e+04
250,7,18,615,8.633270e+04
250,8,18,665,1.007845e+05
250,9,18,634,8.844541e+04
250,10,18,773,1.184696e+05
260,1,18,689,1.035826e+05
260,2,18,776,1.375278e+05
260,3,18,685,9.710160e+04
260,4,18,793,1.451558e+05
260,5,18,817,1.357898e+05
260,6,18,681,1.048307e+05
260,7,18,746,1.183640e+05
260,8,18,572,8.436203e+04
260,9,18,753,1.323359e+05
260,10,18,752,1.150545e+05
270,1,18,722,1.138153e+05
270,2,18,731,1.272704e+05
270,3,18,777,1.234016e+05
270,4,18,756,1.116753e+05
270,5,18,741,1.083719e+05
270,6,18,660,9.874017e+04
270,7,18,749,1.082771e+05
270,8,18,752,1.188870e+05
270,9,18,760,1.217435e+05
270,10,18,719,1.163108e+05
280,1,18,588,8.364925e+04
280,2,18,725,1.065892e+05
280,3,18,614,9.543751e+04
280,4,18,744,1.048056e+05
280,5,18,724,1.184970e+05
280,6,18,680,9.725807e+04
280,7,18,627,9.074868e+04
280,8,18,662,9.259878e+04
280,9,18,742,1.130935e+05
280,10,18,794,1.261925e+05
290,1,18,862,1.525831e+05
290,2,18,723,9.652431e+04
290,3,18,705,1.124161e+05
290,4,18,695,9.773190e+04
290,5,18,755,1.186915e+05
290,6,18,601,7.929924e+04
290,7,18,590,8.184209e+04
290,8,18,764,1.053500e+05
290,9,18,751,1.098412e+05
290,10,18,583,7.153820e+04
300,1,18,861,1.379918e+05
300,2,18,810,1.234243e+05
300,3,18,642,8.550467e+04
300,4,18,684,9.872727e+04
300,5,18,769,1.094732e+05
300,6,18,696,1.041677e+05
300,7,18,782,1.381535e+05
300,8,18,745,1.105535e+05
300,9,18,715,9.872298e+04
300,10,18,780,1.179395e+05
200,1,19,611,1.022751e+05
200,2,19,633,1.135672e+05
200,3,19,679,1.261977e+05
200,4,19,559,9.106778e+04
200,5,19,642,1.033884e+05
200,6,19,571,9.648352e+04
200,7,19,532,7.294780e+04
200,8,19,584,9.855762e+04
200,9,19,602,9.663278e+04
200,10,19,543,8.704231e+04
210,1,19,661,1.078737e+05
210,2,19,656,1.049435e+05
210,3,19,631,9.602578e+04
210,4,19,626,1.042351e+05
210,5,19,570,9.205976e+04
210,6,19,625,1.059162e+05
210,7,19,572,1.015256e+05
210,8,19,537,7.948102e+04
210,9,19,581,8.931320e+04
210,10,19,667,1.148217e+05
220,1,19,572,9.474880e+04
220,2,19,633,1.121196e+05
220,3,19,651,1.060820e+05
220,4,19,670,1.085292e+05
220,5,19,637,1.017806e+05
220,6,19,631,1.110380e+05
220,7,19,646,1.118730e+05
220,8,19,750,1.216120e+05
220,9,19,627,9.912745e+04
220,10,19,627,9.276313e+04
230,1,19,511,7.081401e+04
230,2,19,573,8.637128e+04
230,3,19,650,1.022518e+05
230,4,19,654,1.091513e+05
230,5,19,636,1.097227e+05
230,6,19,683,1.025894e+05
230,7,19,580,8.357104e+04
230,8,19,583,8.559664e+04
230,9,19,703,1.210183e+05
230,10,19,599,8.796857e+04
240,1,19,638,1.079411e+05
240,2,19,642,9.214930e+04
240,3,19,576,7.760616e+04
240,4,19,552,8.849377e+04
240,5,19,611,7.794804e+04
240,6,19,672,1.081084e+05
240,7,19,531,6.793650e+04
240,8,19,594,8.025930e+04
240,9,19,741,1.372983e+05
240,10,19,767,1.473406e+05
250,1,19,611,8.507254e+04
250,2,19,625,8.609144e+04
250,3,19,722,1.216194e+05
250,4,19,631,9.055258e+04
250,5,19,706,1.229587e+05
250,6,19,656,1.038707e+05
250,7,19,619,8.786398e+04
250,8,19,752,1.276713e+05
250,9,19,714,1.134487e+05
250,10,19,645,9.769846e+04
260,1,19,773,1.141180e+05
260,2,19,701,1.186866e+05
260,3,19,702,1.100102e+05
260,4,19,673,1.186119e+05
260,5,19,680,1.105754e+05
260,6,19,610,8.079051e+04
260,7,19,732,1.134516e+05
260,8,19,715,1.015492e+05
260,9,19,705,1.075376e+05
260,10,19,727,1.352352e+05
270,1,19,792,1.356898e+05
270,2,19,669,1.127397e+05
270,3,19,685,1.013686e+05
270,4,19,725,1.233658e+05
270,5,19,673,1.046640e+05
270,6,19,679,1.196562e+05
270,7,19,761,1.271019e+05
270,8,19,774,1.352388e+05
270,9,19,667,9.920936e+04
270,10,19,645,1.027908e+05
280,1,19,711,1.121937e+05
280,2,19,715,9.929903e+04
280,3,19,718,1.015615e+05
280,4,19,683,1.073063e+05
280,5,19,672,1.031383e+05
280,6,19,738,1.122667e+05
280,7,19,746,1.211370e+05
280,8,19,705,1.124968e+05
280,9,19,847,1.402069e+05
280,10,19,617,7.876814e+04
290,1,19,641,9.964657e+04
290,2,19,762,1.190977e+05
290,3,19,720,9.698547e+04
290,4,19,693,1.104160e+05
290,5,19,842,1.306734e+05
290,6,19,652,9.128218e+04
290,7,19,763,1.108424e+05
290,8,19,718,9.904309e+04
290,9,19,702,1.089903e+05
290,10,19,733,1.112727e+05
300,1,19,761,1.096815e+05
300,2,19,878,1.378724e+05
300,3,19,770,1.156066e+05
300,4,19,689,9.083506e+04
300,5,19,778,1.181425e+05
300,6,19,719,1.087236e+05
300,7,19,833,1.367044e+05
300,8,19,690,1.034233e+05
300,9,19,678,1.059329e+05
300,10,19,735,1.119742e+05
200,1,2,599,9.787554e+04
200,2,2,510,7.702180e+04
200,3,2,515,8.124704e+04
200,4,2,575,8.839706e+04
200,5,2,525,7.459302e+04
200,6,2,575,9.813812e+04
200,7,2,702,1.192325e+05
200,8,2,552,7.895973e+04
200,9,2,620,9.383201e+04
200,10,2,573,9.724805e+04
210,1,2,599,9.517748e+04
210,2,2,561,9.120167e+04
210,3,2,547,8.214247e+04
210,4,2,615,8.693111e+04
210,5,2,667,1.134502e+05
210,6,2,605,9.708679e+04
210,7,2,676,1.097818e+05
210,8,2,598,9.610510e+04
210,9,2,676,1.149339e+05
210,10,2,589,1.017627e+05
220,1,2,590,9.390116e+04
220,2,2,579,8.125533e+04
220,3,2,601,9.814495e+04
220,4,2,577,9.389653e+04
220,5,2,584,8.849703e+04
220,6,2,584,7.428243e+04
220,7,2,562,1.042237e+05
220,8,2,614,9.961528e+04
220,9,2,587,9.329447e+04
220,10,2,711,1.251018e+05
230,1,2,582,8.437882e+04
230,2,2,756,1.305803e+05
230,3,2,609,9.701907e+04
230,4,2,595,9.600479e+04
230,5,2,586,9.977474e+04
230,6,2,656,1.055266e+05
230,7,2,599,8.599319e+04
230,8,2,657,1.084347e+05
230,9,2,610,8.812640e+04
230,10,2,717,1.290189e+05
240,1,2,614,8.790351e+04
240,2,2,659,1.021516e+05
240,3,2,645,9.464650e+04
240,4,2,584,7.559807e+04
240,5,2,617,8.784553e+04
240,6,2,637,8.169902e+04
240,7,2,623,9.975772e+04
240,8,2,779,1.264775e+05
240,9,2,611,7.505559e+04
240,10,2,658,9.529442e+04
250,1,2,649,1.055866e+05
250,2,2,706,1.139094e+05
250,3,2,601,8.542173e+04
250,4,2,751,1.340222e+05
250,5,2,651,1.029832e+05
250,6,2,586,8.248603e+04
250,7,2,673,1.001823e+05
250,8,2,584,7.940185e+04
250,9,2,587,8.279619e+04
250,10,2,643,1.024398e+05
260,1,2,806,1.396033e+05
260,2,2,746,1.134430e+05
260,3,2,583,7.902180e+04
260,4,2,631,9.672785e+04
260,5,2,745,1.286685e+05
260,6,2,803,1.310478e+05
260,7,2,655,1.050206e+05
260,8,2,612,8.589057e+04
260,9,2,635,8.822776e+04
260,10,2,611,8.523109e+04
270,1,2,681,9.449708e+04
270,2,2,723,1.144609e+05
270,3,2,686,1.020616e+05
270,4,2,722,1.206800e+05
270,5,2,627,9.763791e+04
270,6,2,668,1.042666e+05
270,7,2,860,1.448638e+05
270,8,2,692,8.971453e+04
270,9,2,792,1.302501e+05
270,10,2,653,8.290593e+04
280,1,2,632,8.474380e+04
280,2,2,671,9.179424e+04
280,3,2,617,8.162742e+04
280,4,2,629,8.939377e+04
280,5,2,693,1.045052e+05
280,6,2,742,1.238433e+05
280,7,2,835,1.276706e+05
280,8,2,757,1.136241e+05
280,9,2,795,1.323330e+05
280,10,2,753,1.185127e+05
290,1,2,692,1.075935e+05
290,2,2,804,1.200825e+05
290,3,2,889,1.594036e+05
290,4,2,789,1.303004e+05
290,5,2,735,1.014698e+05
290,6,2,706,1.157957e+05
290,7,2,611,8.095311e+04
290,8,2,819,1.401553e+05
290,9,2,683,1.024118e+05
290,10,2,741,1.206795e+05
300,1,2,704,1.000238e+05
300,2,2,770,1.257009e+05
300,3,2,805,1.309883e+05
300,4,2,859,1.369599e+05
300,5,2,740,1.101652e+05
300,6,2,708,9.684231e+04
300,7,2,690,8.816830e+04
300,8,2,784,1.147889e+05
300,9,2,636,7.836402e+04
300,10,2,687,9.090792e+04
200,1,20,613,9.578835e+04
200,2,20,660,1.141807e+05
200,3,20,591,9.404462e+04
200,4,20,532,8.258831e+04
200,5,20,497,7.417204e+04
200,6,20,607,1.060294e+05
200,7,20,605,9.422415e+04
200,8,20,646,1.024825e+05
200,9,20,500,7.712075e+04
200,10,20,610,9.693746e+04
210,1,20,637,1.177536e+05
210,2,20,695,1.267141e+05
210,3,20,583,9.193105e+04
210,4,20,656,1.013722e+05
210,5,20,641,9.661198e+04
210,6,20,712,1.387468e+05
210,7,20,668,1.196363e+05
210,8,20,537,7.561927e+04
210,9,20,769,1.574765e+05
210,10,20,615,1.056343e+05
220,1,20,616,9.633080e+04
220,2,20,535,8.393263e+04
220,3,20,571,8.151660e+04
220,4,20,697,1.363323e+05
220,5,20,735,1.324980e+05
220,6,20,767,1.543502e+05
220,7,20,713,1.250609e+05
220,8,20,685,1.187664e+05
220,9,20,526,6.825516e+04
220,10,20,653,1.192004e+05
230,1,20,695,1.389176e+05
230,2,20,731,1.291413e+05
230,3,20,670,1.022173e+05
230,4,20,611,8.847290e+04
230,5,20,683,1.286874e+05
230,6,20,613,8.652751e+04
230,7,20,662,1.019099e+05
230,8,20,661,1.136534e+05
230,9,20,764,1.407026e+05
230,10,20,685,1.012642e+05
240,1,20,744,1.301118e+05
240,2,20,623,9.620238e+04
240,3,20,790,1.370581e+05
240,4,20,648,9.401381e+04
240,5,20,693,1.091125e+05
240,6,20,745,1.371944e+05
240,7,20,739,1.345257e+05
240,8,20,635,9.866651e+04
240,9,20,718,1.213122e+05
240,10,20,688,1.213456e+05
250,1,20,667,1.093150e+05
250,2,20,712,1.242024e+05
250,3,20,762,1.363175e+05
250,4,20,770,1.334155e+05
250,5,20,666,1.002013e+05
250,6,20,819,1.360536e+05
250,7,20,722,1.213811e+05
250,8,20,662,9.864921e+04
250,9,20,661,9.784312e+04
250,10,20,785,1.323922e+05
260,1,20,732,1.205218e+05
260,2,20,768,1.295078e+05
260,3,20,711,1.078790e+05
260,4,20,681,1.003830e+05
260,5,20,846,1.579009e+05
260,6,20,754,1.345207e+05
260,7,20,650,1.028344e+05
260,8,20,735,1.045167e+05
260,9,20,680,1.065592e+05
260,10,20,805,1.414901e+05
270,1,20,779,1.311043e+05
270,2,20,763,1.217485e+05
270,3,20,666,9.281514e+04
270,4,20,642,9.836539e+04
270,5,20,826,1.427459e+05
270,6,20,680,9.269881e+04
270,7,20,670,1.109122e+05
270,8,20,748,1.235994e+05
270,9,20,717,1.169847e+05
270,10,20,681,9.956949e+04
280,1,20,773,1.374867e+05
280,2,20,710,1.201953e+05
280,3,20,781,1.430050e+05
280,4,20,744,1.128409e+05
280,5,20,770,1.262188e+05
280,6,20,670,1.098051e+05
280,7,20,801,1.190989e+05
280,8,20,728,1.039310e+05
280,9,20,781,1.285394e+05
280,10,20,748,1.315953e+05
290,1,20,782,1.217683e+05
290,2,20,787,1.349908e+05
290,3,20,686,9.855962e+04
290,4,20,803,1.310848e+05
290,5,20,868,1.508251e+05
290,6,20,659,9.806167e+04
290,7,20,748,1.204724e+05
290,8,20,672,9.541747e+04
290,9,20,766,1.214892e+05
290,10,20,760,1.203594e+05
300,1,20,761,1.165398e+05
300,2,20,809,1.421360e+05
300,3,20,764,1.242894e+05
300,4,20,842,1.393285e+05
300,5,20,725,1.079342e+05
300,6,20,725,1.008204e+05
300,7,20,801,1.148051e+05
300,8,20,714,9.258729e+04
300,9,20,779,1.230240e+05
300,10,20,838,1.310026e+05
200,1,21,607,1.009944e+05
200,2,21,564,7.708585e+04
200,3,21,635,1.125556e+05
200,4,21,541,8.401787e+04
200,5,21,624,1.024390e+05
200,6,21,586,9.448376e+04
200,7,21,622,1.217450e+05
200,8,21,654,1.153086e+05
200,9,21,669,1.187406e+05
200,10,21,651,1.105626e+05
210,1,21,649,1.078837e+05
210,2,21,556,8.000042e+04
210,3,21,639,1.064984e+05
210,4,21,569,8.944875e+04
210,5,21,579,8.917450e+04
210,6,21,538,7.925168e+04
210,7,21,634,1.120303e+05
210,8,21,643,1.150474e+05
210,9,21,646,1.068183e+05
210,10,21,674,1.236996e+05
220,1,21,615,1.072126e+05
220,2,21,597,8.522564e+04
220,3,21,654,1.090401e+05
220,4,21,598,9.360889e+04
220,5,21,658,1.162907e+05
220,6,21,608,8.944978e+04
220,7,21,608,9.511234e+04
220,8,21,599,1.080259e+05
220,9,21,662,1.170384e+05
220,10,21,633,1.074095e+05
230,1,21,640,1.036302e+05
230,2,21,692,1.113937e+05
230,3,21,646,1.049212e+05
230,4,21,663,9.881714e+04
230,5,21,661,1.143112e+05
230,6,21,630,8.714014e+04
230,7,21,615,8.875804e+04
230,8,21,545,7.076332e+04
230,9,21,630,8.798687e+04
230,10,21,691,1.235413e+05
240,1,21,643,9.259899e+04
240,2,21,794,1.388038e+05
240,3,21,619,9.538925e+04
240,4,21,627,9.414209e+04
240,5,21,676,9.679569e+04
240,6,21,697,1.183024e+05
240,7,21,652,1.128855e+05
240,8,21,615,9.709073e+04
240,9,21,669,1.177616e+05
240,10,21,603,7.828719e+04
250,1,21,670,9.791657e+04
250,2,21,675,1.095241e+05
250,3,21,691,1.191614e+05
250,4,21,768,1.314552e+05
250,5,21,658,1.014706e+05
250,6,21,666,1.034961e+05
250,7,21,676,1.097575e+05
250,8,21,793,1.395577e+05
250,9,21,663,1.022249e+05
250,10,21,728,1.154864e+05
260,1,21,665,9.152384e+04
260,2,21,614,8.741694e+04
260,3,21,709,1.092323e+05
260,4,21,593,8.186577e+04
260,5,21,698,9.910931e+04
260,6,21,577,7.571989e+04
260,7,21,699,1.125994e+05
260,8,21,743,1.332796e+05
260,9,21,682,1.118671e+05
260,10,21,748,1.090756e+05
270,1,21,749,1.163426e+05
270,2,21,733,1.099276e+05
270,3,21,651,1.060789e+05
270,4,21,740,1.256630e+05
270,5,21,627,8.391919e+04
270,6,21,670,1.066730e+05
270,7,21,670,1.068122e+05
270,8,21,694,1.037269e+05
270,9,21,749,1.082474e+05
270,10,21,719,1.047826e+05
280,1,21,718,1.086458e+05
280,2,21,650,1.022706e+05
280,3,21,749,1.133426e+05
280,4,21,742,1.112527e+05
280,5,21,719,1.138091e+05
280,6,21,662,1.011138e+05
280,7,21,826,1.386639e+05
280,8,21,643,9.323367e+04
280,9,21,691,9.995616e+04
280,10,21,710,1.071086e+05
290,1,21,792,1.149273e+05
290,2,21,841,1.411611e+05
290,3,21,745,1.039942e+05
290,4,21,673,8.415099e+04
290,5,21,663,1.027900e+05
290,6,21,715,1.020996e+05
290,7,21,742,1.194941e+05
290,8,21,757,1.184430e+05
290,9,21,849,1.340663e+05
290,10,21,729,1.124690e+05
300,1,21,738,1.077860e+05
300,2,21,724,1.131166e+05
300,3,21,725,1.040508e+05
300,4,21,763,1.328610e+05
300,5,21,683,1.031523e+05
300,6,21,721,1.264564e+05
300,7,21,856,1.441376e+05
300,8,21,758,1.094636e+05
300,9,21,715,1.018352e+05
300,10,21,794,1.236737e+05
200,1,22,583,1.040484e+05
200,2,22,557,8.122636e+04
200,3,22,570,1.057104e+05
200,4,22,615,9.486244e+04
200,5,22,567,8.312117e+04
200,6,22,566,9.404697e+04
200,7,22,603,9.429320e+04
200,8,22,667,1.134260e+05
200,9,22,712,1.401888e+05
200,10,22,573,9.231790e+04
210,1,22,571,8.843536e+04
210,2,22,631,1.055207e+05
210,3,22,563,9.216128e+04
210,4,22,616,8.974462e+04
210,5,22,652,1.014016e+05
210,6,22,640,1.090203e+05
210,7,22,551,8.164030e+04
210,8,22,655,1.072558e+05
210,9,22,542,8.617504e+04
210,10,22,668,1.051081e+05
220,1,22,534,8.874004e+04
220,2,22,738,1.267819e+05
220,3,22,671,1.094916e+05
220,4,22,619,9.248025e+04
220,5,22,698,1.256291e+05
220,6,22,616,1.091885e+05
220,7,22,560,7.826622e+04
220,8,22,654,1.169515e+05
220,9,22,692,1.356858e+05
220,10,22,554,7.424453e+04
230,1,22,716,1.285687e+05
230,2,22,648,9.609762e+04
230,3,22,625,1.014867e+05
230,4,22,653,1.180752e+05
230,5,22,686,9.694626e+04
230,6,22,678,1.229483e+05
230,7,22,693,1.198154e+05
230,8,22,702,1.267874e+05
230,9,22,663,1.114794e+05
230,10,22,701,1.232642e+05
240,1,22,708,1.238838e+05
240,2,22,550,8.591201e+04
240,3,22,721,1.265316e+05
240,4,22,643,1.091426e+05
240,5,22,656,1.133257e+05
240,6,22,675,1.028344e+05
240,7,22,660,1.090722e+05
240,8,22,641,9.947777e+04
240,9,22,783,1.443082e+05
240,10,22,726,1.173497e+05
250,1,22,554,8.110231e+04
250,2,22,764,1.251442e+05
250,3,22,686,1.135889e+05
250,4,22,723,1.119079e+05
250,5,22,719,1.359974e+05
250,6,22,727,1.277499e+05
250,7,22,588,8.300965e+04
250,8,22,656,8.748006e+04
250,9,22,695,1.112924e+05
250,10,22,646,9.193182e+04
260,1,22,709,1.196686e+05
260,2,22,708,1.027189e+05
260,3,22,786,1.231649e+05
260,4,22,686,1.022661e+05
260,5,22,779,1.431061e+05
260,6,22,698,1.221095e+05
260,7,22,725,1.282866e+05
260,8,22,619,9.361943e+04
260,9,22,608,9.074101e+04
260,10,22,697,1.056971e+05
270,1,22,704,1.094857e+05
270,2,22,749,1.263277e+05
270,3,22,757,1.223468e+05
270,4,22,682,1.057564e+05
270,5,22,654,9.999784e+04
270,6,22,705,9.816198e+04
270,7,22,699,1.118873e+05
270,8,22,786,1.270241e+05
270,9,22,693,1.012069e+05
270,10,22,679,1.078480e+05
280,1,22,749,1.277809e+05
280,2,22,803,1.311647e+05
280,3,22,733,1.190653e+05
280,4,22,774,1.223177e+05
280,5,22,724,1.154003e+05
280,6,22,753,1.277753e+05
280,7,22,858,1.384821e+05
280,8,22,751,1.242962e+05
280,9,22,779,1.214718e+05
280,10,22,654,9.020080e+04
290,1,22,778,1.249588e+05
290,2,22,738,1.081600e+05
290,3,22,795,1.205132e+05
290,4,22,822,1.410076e+05
290,5,22,734,1.215804e+05
290,6,22,733,1.097403e+05
290,7,22,892,1.570076e+05
290,8,22,773,1.080037e+05
290,9,22,691,1.113815e+05
290,10,22,791,1.228866e+05
300,1,22,795,1.219746e+05
300,2,22,735,1.165459e+05
300,3,22,791,1.212999e+05
300,4,22,849,1.375875e+05
300,5,22,863,1.434064e+05
300,6,22,806,1.169500e+05
300,7,22,726,1.048965e+05
300,8,22,765,1.223817e+05
300,9,22,771,1.108706e+05
300,10,22,694,8.863539e+04
200,1,23,559,8.758721e+04
200,2,23,556,9.191403e+04
200,3,23,566,8.638882e+04
200,4,23,635,1.054516e+05
200,5,23,640,1.193554e+05
200,6,23,706,1.237990e+05
200,7,23,636,1.069440e+05
200,8,23,551,8.391055e+04
200,9,23,563,1.017696e+05
200,10,23,539,9.941379e+04
210,1,23,531,7.415940e+04
210,2,23,625,9.067831e+04
210,3,23,579,8.972980e+04
210,4,23,584,8.338345e+04
210,5,23,630,1.031975e+05
210,6,23,573,8.879271e+04
210,7,23,721,1.336190e+05
210,8,23,486,7.127385e+04
210,9,23,622,9.439791e+04
210,10,23,552,9.220860e+04
220,1,23,584,1.067513e+05
220,2,23,519,7.057160e+04
220,3,23,642,1.051817e+05
220,4,23,613,1.105369e+05
220,5,23,582,8.049556e+04
220,6,23,570,8.760454e+04
220,7,23,681,1.063002e+05
220,8,23,583,9.715042e+04
220,9,23,628,1.020099e+05
220,10,23,648,9.919411e+04
230,1,23,639,1.030790e+05
230,2,23,675,1.227858e+05
230,3,23,655,1.081467e+05
230,4,23,588,9.000323e+04
230,5,23,610,8.882272e+04
230,6,23,656,1.138645e+05
230,7,23,658,1.084096e+05
230,8,23,639,9.823181e+04
230,9,23,601,9.591309e+04
230,10,23,660,9.687155e+04
240,1,23,664,1.106916e+05
240,2,23,704,1.215833e+05
240,3,23,628,9.726845e+04
240,4,23,605,8.958858e+04
240,5,23,688,1.220233e+05
240,6,23,601,7.718756e+04
240,7,23,698,1.088740e+05
240,8,23,623,8.609613e+04
240,9,23,634,8.891224e+04
240,10,23,604,1.009040e+05
250,1,23,627,9.242315e+04
250,2,23,652,9.307233e+04
250,3,23,736,1.155493e+05
250,4,23,665,9.665306e+04
250,5,23,576,8.229677e+04
250,6,23,650,9.405027e+04
250,7,23,728,1.208073e+05
250,8,23,807,1.438484e+05
250,9,23,637,1.059911e+05
250,10,23,662,1.014073e+05
260,1,23,632,8.923168e+04
260,2,23,649,9.010823e+04
260,3,23,656,1.002211e+05
260,4,23,655,8.631375e+04
260,5,23,567,8.379649e+04
260,6,23,633,1.009067e+05
260,7,23,736,1.283499e+05
260,8,23,794,1.346472e+05
260,9,23,767,1.257074e+05
260,10,23,698,1.022107e+05
270,1,23,711,1.061991e+05
270,2,23,768,1.278707e+05
270,3,23,715,1.063322e+05
270,4,23,664,9.401723e+04
270,5,23,694,1.048847e+05
270,6,23,690,1.095767e+05
270,7,23,686,1.020400e+05
270,8,23,679,9.107456e+04
270,9,23,681,1.000209e+05
270,10,23,726,1.143479e+05
280,1,23,756,1.229802e+05
280,2,23,694,9.396404e+04
280,3,23,726,1.089708e+05
280,4,23,761,1.129459e+05
280,5,23,691,1.012268e+05
280,6,23,786,1.215293e+05
280,7,23,736,1.004600e+05
280,8,23,675,1.109035e+05
280,9,23,658,9.094681e+04
280,10,23,689,1.107389e+05
290,1,23,755,1.314671e+05
290,2,23,694,9.110663e+04
290,3,23,824,1.523971e+05
290,4,23,632,1.058489e+05
290,5,23,664,8.593749e+04
290,6,23,697,9.263559e+04
290,7,23,790,1.234322e+05
290,8,23,743,1.114207e+05
290,9,23,766,1.177879e+05
290,10,23,697,1.131385e+05
300,1,23,772,1.066951e+05
300,2,23,726,1.070585e+05
300,3,23,732,1.095044e+05
300,4,23,736,1.088738e+05
300,5,23,681,1.037373e+05
300,6,23,680,1.115491e+05
300,7,23,879,1.536401e+05
300,8,23,862,1.334238e+05
300,9,23,698,1.081018e+05
300,10,23,734,1.043087e+05
200,1,24,594,8.841007e+04
200,2,24,632,1.096669e+05
200,3,24,511,8.663448e+04
200,4,24,602,8.920093e+04
200,5,24,583,9.583517e+04
200,6,24,695,1.249085e+05
200,7,24,623,1.053629e+05
200,8,24,598,8.189579e+04
200,9,24,671,1.223776e+05
200,10,24,597,8.498163e+04
210,1,24,565,8.545904e+04
210,2,24,602,8.984758e+04
210,3,24,637,1.012765e+05
210,4,24,592,8.944276e+04
210,5,24,588,9.231166e+04
210,6,24,625,1.034209e+05
210,7,24,476,7.132030e+04
210,8,24,530,8.394645e+04
210,9,24,531,7.405446e+04
210,10,24,632,1.026053e+05
220,1,24,522,7.610529e+04
220,2,24,544,7.376001e+04
220,3,24,637,9.863665e+04
220,4,24,581,9.982914e+04
220,5,24,564,7.539285e+04
220,6,24,635,1.043949e+05
220,7,24,652,1.127003e+05
220,8,24,743,1.302919e+05
220,9,24,710,1.330282e+05
220,10,24,640,1.014405e+05
230,1,24,599,8.573718e+04
230,2,24,562,8.012276e+04
230,3,24,701,1.298002e+05
230,4,24,781,1.421747e+05
230,5,24,655,1.053517e+05
230,6,24,715,1.449308e+05
230,7,24,582,9.592435e+04
230,8,24,674,1.097889e+05
230,9,24,593,8.172426e+04
230,10,24,556,7.164142e+04
240,1,24,686,1.209787e+05
240,2,24,638,1.064109e+05
240,3,24,670,1.093008e+05
240,4,24,722,1.284934e+05
240,5,24,638,9.465417e+04
240,6,24,587,7.542899e+04
240,7,24,684,1.227678e+05
240,8,24,633,8.108985e+04
240,9,24,721,1.191481e+05
240,10,24,572,8.184523e+04
250,1,24,613,8.567087e+04
250,2,24,596,7.328672e+04
250,3,24,629,8.643170e+04
250,4,24,611,8.309230e+04
250,5,24,670,1.131827e+05
250,6,24,665,1.086286e+05
250,7,24,659,1.101397e+05
250,8,24,594,8.773143e+04
250,9,24,695,1.221477e+05
250,10,24,765,1.189041e+05
260,1,24,596,8.539586e+04
260,2,24,723,1.204076e+05
260,3,24,650,9.903771e+04
260,4,24,728,1.246888e+05
260,5,24,757,1.267432e+05
260,6,24,768,1.318217e+05
260,7,24,742,1.365676e+05
260,8,24,704,1.219762e+05
260,9,24,719,1.193996e+05
260,10,24,656,1.097965e+05
270,1,24,748,1.215663e+05
270,2,24,632,8.310052e+04
270,3,24,685,1.274274e+05
270,4,24,693,1.052160e+05
270,5,24,618,8.321669e+04
270,6,24,823,1.482987e+05
270,7,24,728,1.115191e+05
270,8,24,794,1.307877e+05
270,9,24,656,1.097005e+05
270,10,24,779,1.348421e+05
280,1,24,695,1.137350e+05
280,2,24,760,1.139294e+05
280,3,24,625,8.974197e+04
280,4,24,732,1.319616e+05
280,5,24,793,1.450504e+05
280,6,24,818,1.425660e+05
280,7,24,673,1.016575e+05
280,8,24,711,1.163961e+05
280,9,24,807,1.404678e+05
280,10,24,749,1.206365e+05
290,1,24,864,1.424114e+05
290,2,24,650,1.058275e+05
290,3,24,795,1.252804e+05
290,4,24,716,1.048788e+05
290,5,24,718,1.217430e+05
290,6,24,694,9.227888e+04
290,7,24,717,1.133325e+05
290,8,24,716,1.153911e+05
290,9,24,778,1.314997e+05
290,10,24,738,1.232025e+05
300,1,24,665,9.687179e+04
300,2,24,756,1.064845e+05
300,3,24,770,1.203616e+05
300,4,24,703,9.305792e+04
300,5,24,845,1.347514e+05
300,6,24,663,9.087724e+04
300,7,24,731,1.123410e+05
300,8,24,696,1.052453e+05
300,9,24,740,1.187712e+05
300,10,24,793,1.260277e+05
200,1,25,635,1.084868e+05
200,2,25,737,1.531933e+05
200,3,25,636,1.090788e+05
200,4,25,535,8.827410e+04
200,5,25,606,9.706083e+04
200,6,25,569,9.298539e+04
200,7,25,611,8.854311e+04
200,8,25,632,1.006997e+05
200,9,25,692,1.270094e+05
200,10,25,673,1.275712e+05
210,1,25,659,1.230010e+05
210,2,25,583,7.899801e+04
210,3,25,604,9.414694e+04
210,4,25,711,1.214548e+05
210,5,25,647,1.038245e+05
210,6,25,590,9.399502e+04
210,7,25,617,1.049160e+05
210,8,25,516,6.577969e+04
210,9,25,609,9.968370e+04
210,10,25,668,1.215701e+05
220,1,25,486,7.171494e+04
220,2,25,715,1.199203e+05
220,3,25,544,8.436430e+04
220,4,25,685,1.314276e+05
220,5,25,691,1.267861e+05
220,6,25,626,1.043822e+05
220,7,25,655,1.059013e+05
220,8,25,545,7.463016e+04
220,9,25,562,7.596677e+04
220,10,25,675,1.200502e+05
230,1,25,609,8.820667e+04
230,2,25,540,7.394693e+04
230,3,25,676,1.092268e+05
230,4,25,695,1.189141e+05
230,5,25,666,1.113756e+05
230,6,25,650,1.013190e+05
230,7,25,689,1.077372e+05
230,8,25,643,9.142738e+04
230,9,25,673,1.084115e+05
230,10,25,665,1.011430e+05
240,1,25,649,1.126984e+05
240,2,25,705,1.081294e+05
240,3,25,694,1.122646e+05
240,4,25,646,1.013671e+05
240,5,25,595,7.952566e+04
240,6,25,663,9.887834e+04
240,7,25,752,1.235010e+05
240,8,25,604,8.002050e+04
240,9,25,657,1.071718e+05
240,10,25,637,9.736173e+04
250,1,25,574,8.895396e+04
250,2,25,639,1.001613e+05
250,3,25,671,1.051456e+05
250,4,25,588,8.015164e+04
250,5,25,690,1.060648e+05
250,6,25,758,1.268266e+05
250,7,25,692,1.046677e+05
250,8,25,632,9.264747e+04
250,9,25,836,1.322876e+05
250,10,25,657,1.064562e+05
260,1,25,656,1.066651e+05
260,2,25,694,1.110423e+05
260,3,25,645,9.839932e+04
260,4,25,750,1.215774e+05
260,5,25,764,1.099017e+05
260,6,25,672,1.093225e+05
260,7,25,663,1.002100e+05
260,8,25,582,8.418138e+04
260,9,25,693,1.058136e+05
260,10,25,672,1.027314e+05
270,1,25,715,1.161524e+05
270,2,25,703,1.074708e+05
270,3,25,740,1.214187e+05
270,4,25,624,9.561339e+04
270,5,25,831,1.474624e+05
270,6,25,687,1.002633e+05
270,7,25,809,1.376888e+05
270,8,25,730,1.139337e+05
270,9,25,620,8.703962e+04
270,10,25,745,1.212594e+05
280,1,25,661,1.037579e+05
280,2,25,721,1.131451e+05
280,3,25,730,1.187375e+05
280,4,25,728,1.080873e+05
280,5,25,649,8.489118e+04
280,6,25,744,1.140617e+05
280,7,25,719,1.063796e+05
280,8,25,733,1.283352e+05
280,9,25,716,1.052551e+05
280,10,25,679,9.823892e+04
290,1,25,794,1.298344e+05
290,2,25,651,9.421254e+04
290,3,25,692,1.080479e+05
290,4,25,725,1.150288e+05
290,5,25,717,1.015278e+05
290,6,25,676,9.470892e+04
290,7,25,817,1.387137e+05
290,8,25,716,1.018941e+05
290,9,25,607,7.580280e+04
290,10,25,667,1.047963e+05
300,1,25,729,1.154314e+05
300,2,25,735,1.043256e+05
300,3,25,705,9.546484e+04
300,4,25,815,1.319296e+05
300,5,25,782,1.148017e+05
300,6,25,734,1.254842e+05
300,7,25,642,8.599815e+04
300,8,25,689,8.300852e+04
300,9,25,794,1.134100e+05
300,10,25,671,8.784904e+04
200,1,26,645,1.057895e+05
200,2,26,639,1.087011e+05
200,3,26,576,9.276703e+04
200,4,26,580,9.614818e+04
200,5,26,551,8.504980e+04
200,6,26,545,8.523883e+04
200,7,26,562,8.293337e+04
200,8,26,580,8.912070e+04
200,9,26,661,1.198572e+05
200,10,26,586,9.849452e+04
210,1,26,667,1.156000e+05
210,2,26,575,8.589401e+04
210,3,26,566,8.360519e+04
210,4,26,577,9.273462e+04
210,5,26,568,8.071671e+04
210,6,26,522,7.688094e+04
210,7,26,577,8.994600e+04
210,8,26,561,8.592045e+04
210,9,26,529,6.833625e+04
210,10,26,505,7.196600e+04
220,1,26,597,8.391849e+04
220,2,26,730,1.350734e+05
220,3,26,599,1.025112e+05
220,4,26,659,1.095549e+05
220,5,26,553,7.007626e+04
220,6,26,577,9.487953e+04
220,7,26,605,9.470146e+04
220,8,26,695,1.217543e+05
220,9,26,610,8.336840e+04
220,10,26,752,1.474115e+05
230,1,26,646,1.081830e+05
230,2,26,598,8.650119e+04
230,3,26,591,8.585245e+04
230,4,26,649,9.964037e+04
230,5,26,693,1.123149e+05
230,6,26,649,1.035704e+05
230,7,26,592,9.539777e+04
230,8,26,638,9.610018e+04
230,9,26,680,1.139568e+05
230,10,26,634,1.042908e+05
240,1,26,838,1.402368e+05
240,2,26,653,1.083911e+05
240,3,26,565,7.795059e+04
240,4,26,552,6.710505e+04
240,5,26,720,1.315708e+05
240,6,26,659,1.049192e+05
240,7,26,596,8.933362e+04
240,8,26,608,9.700222e+04
240,9,26,694,1.163409e+05
240,10,26,701,1.235782e+05
250,1,26,652,9.594287e+04
250,2,26,611,9.968029e+04
250,3,26,643,9.268487e+04
250,4,26,663,1.074523e+05
250,5,26,713,1.069407e+05
250,6,26,640,9.702441e+04
250,7,26,628,8.402998e+04
250,8,26,686,9.921036e+04
250,9,26,705,1.011020e+05
250,10,26,698,1.205908e+05
260,1,26,629,9.327593e+04
260,2,26,655,9.854272e+04
260,3,26,691,1.053419e+05
260,4,26,694,1.014497e+05
260,5,26,736,1.202073e+05
260,6,26,711,1.033704e+05
260,7,26,567,6.609206e+04
260,8,26,668,1.047507e+05
260,9,26,846,1.487630e+05
260,10,26,549,8.438772e+04
270,1,26,706,1.118686e+05
270,2,26,769,1.275052e+05
270,3,26,644,9.965536e+04
270,4,26,763,1.266319e+05
270,5,26,704,9.895134e+04
270,6,26,734,1.106953e+05
270,7,26,728,1.087951e+05
270,8,26,753,1.278073e+05
270,9,26,699,1.030790e+05
270,10,26,701,1.089975e+05
280,1,26,743,1.191189e+05
280,2,26,804,1.593022e+05
280,3,26,607,7.702983e+04
280,4,26,693,9.726568e+04
280,5,26,762,1.212412e+05
280,6,26,742,1.172530e+05
280,7,26,708,9.719163e+04
280,8,26,749,1.142946e+05
280,9,26,752,1.143442e+05
280,10,26,817,1.407631e+05
290,1,26,803,1.231357e+05
290,2,26,791,1.368704e+05
290,3,26,764,1.137649e+05
290,4,26,719,1.115314e+05
290,5,26,771,1.169619e+05
290,6,26,757,1.130929e+05
290,7,26,669,9.854779e+04
290,8,26,708,1.051148e+05
290,9,26,861,1.628918e+05
290,10,26,726,1.063670e+05
300,1,26,754,1.107726e+05
300,2,26,825,1.188699e+05
300,3,26,776,1.266781e+05
300,4,26,694,8.821645e+04
300,5,26,701,9.666345e+04
300,6,26,679,9.046258e+04
300,7,26,705,1.057361e+05
300,8,26,718,1.018535e+05
300,9,26,670,9.467490e+04
300,10,26,818,1.288146e+05
200,1,27,584,9.691987e+04
200,2,27,715,1.385106e+05
200,3,27,626,1.107677e+05
200,4,27,619,9.296000e+04
200,5,27,501,6.960609e+04
200,6,27,595,9.073454e+04
200,7,27,596,9.797288e+04
200,8,27,590,1.047027e+05
200,9,27,579,9.196720e+04
200,10,27,600,9.665814e+04
210,1,27,570,8.703350e+04
210,2,27,630,9.588586e+04
210,3,27,634,9.876282e+04
210,4,27,642,1.028007e+05
210,5,27,711,1.369600e+05
210,6,27,542,7.617801e+04
210,7,27,680,1.207754e+05
210,8,27,567,8.793681e+04
210,9,27,678,1.299768e+05
210,10,27,632,1.062129e+05
220,1,27,537,8.672733e+04
220,2,27,623,9.749337e+04
220,3,27,570,8.403530e+04
220,4,27,671,1.079082e+05
220,5,27,602,9.693511e+04
220,6,27,589,9.588294e+04
220,7,27,607,1.001903e+05
220,8,27,655,1.010801e+05
220,9,27,760,1.338347e+05
220,10,27,634,1.232808e+05
230,1,27,614,9.175679e+04
230,2,27,703,1.160844e+05
230,3,27,685,1.263321e+05
230,4,27,479,6.083143e+04
230,5,27,590,8.984395e+04
230,6,27,746,1.260890e+05
230,7,27,652,1.016557e+05
230,8,27,669,1.106371e+05
230,9,27,721,1.256725e+05
230,10,27,620,8.849139e+04
240,1,27,672,1.078768e+05
240,2,27,714,1.178985e+05
240,3,27,609,8.816282e+04
240,4,27,656,9.680678e+04
240,5,27,631,8.599216e+04
240,6,27,628,1.083328e+05
240,7,27,730,1.295733e+05
240,8,27,694,1.187974e+05
240,9,27,597,9.444676e+04
240,10,27,812,1.414693e+05
250,1,27,751,1.252495e+05
250,2,27,672,1.041872e+05
250,3,27,674,1.075834e+05
250,4,27,658,8.930465e+04
250,5,27,697,1.094138e+05
250,6,27,754,1.224287e+05
250,7,27,642,9.050206e+04
250,8,27,614,9.119343e+04
250,9,27,703,1.226146e+05
250,10,27,759,1.257943e+05
260,1,27,703,1.135747e+05
260,2,27,700,1.122296e+05
260,3,27,757,1.197110e+05
260,4,27,713,1.162792e+05
260,5,27,777,1.199876e+05
260,6,27,651,8.855641e+04
260,7,27,725,1.267929e+05
260,8,27,722,1.219709e+05
260,9,27,720,1.134212e+05
260,10,27,686,9.993118e+04
270,1,27,621,8.448377e+04
270,2,27,659,9.505380e+04
270,3,27,754,1.165512e+05
270,4,27,739,1.195548e+05
270,5,27,749,1.157249e+05
270,6,27,685,1.077495e+05
270,7,27,784,1.203709e+05
270,8,27,753,1.194472e+05
270,9,27,780,1.259981e+05
270,10,27,655,9.139169e+04
280,1,27,638,8.716994e+04
280,2,27,676,1.054369e+05
280,3,27,772,1.164210e+05
280,4,27,698,9.949720e+04
280,5,27,852,1.610478e+05
280,6,27,792,1.170009e+05
280,7,27,639,8.059150e+04
280,8,27,686,9.877604e+04
280,9,27,718,1.083625e+05
280,10,27,757,1.176228e+05
290,1,27,779,1.257925e+05
290,2,27,754,1.148887e+05
290,3,27,843,1.434623e+05
290,4,27,700,9.535769e+04
290,5,27,742,1.110535e+05
290,6,27,720,1.028013e+05
290,7,27,675,9.869694e+04
290,8,27,712,1.113085e+05
290,9,27,723,1.098888e+05
290,10,27,692,1.070016e+05
300,1,27,842,1.393731e+05
300,2,27,706,8.588591e+04
300,3,27,630,8.527081e+04
300,4,27,833,1.264910e+05
300,5,27,662,1.064193e+05
300,6,27,749,1.052485e+05
300,7,27,809,1.314010e+05
300,8,27,933,1.648415e+05
300,9,27,763,1.197513e+05
300,10,27,742,1.151971e+05
200,1,28,466,6.719924e+04
200,2,28,632,1.110377e+05
200,3,28,657,1.064638e+05
200,4,28,557,8.978887e+04
200,5,28,622,1.020141e+05
200,6,28,566,8.992877e+04
200,7,28,600,1.110034e+05
200,8,28,566,9.267632e+04
200,9,28,540,8.433416e+04
200,10,28,635,1.182756e+05
210,1,28,564,9.766678e+04
210,2,28,604,9.980239e+04
210,3,28,517,7.077504e+04
210,4,28,636,1.076964e+05
210,5,28,554,8.794290e+04
210,6,28,568,1.056078e+05
210,7,28,724,1.460249e+05
210,8,28,611,1.002227e+05
210,9,28,566,9.210969e+04
210,10,28,562,7.984981e+04
220,1,28,671,1.054058e+05
220,2,28,618,9.204200e+04
220,3,28,556,8.770106e+04
220,4,28,631,8.917183e+04
220,5,28,625,1.082152e+05
220,6,28,655,1.034151e+05
220,7,28,648,1.020947e+05
220,8,28,593,9.259848e+04
220,9,28,648,9.228594e+04
220,10,28,727,1.468045e+05
230,1,28,553,8.029363e+04
230,2,28,624,1.065671e+05
230,3,28,701,1.220119e+05
230,4,28,573,8.453134e+04
230,5,28,665,1.093664e+05
230,6,28,641,9.982354e+04
230,7,28,644,1.164856e+05
230,8,28,656,1.184122e+05
230,9,28,639,9.983849e+04
230,10,28,578,9.522181e+04
240,1,28,666,1.080787e+05
240,2,28,667,1.104727e+05
240,3,28,622,9.177284e+04
240,4,28,695,1.181734e+05
240,5,28,637,1.033260e+05
240,6,28,629,8.527870e+04
240,7,28,664,1.051549e+05
240,8,28,660,9.072015e+04
240,9,28,661,9.694762e+04
240,10,28,719,1.296435e+05
250,1,28,614,9.243478e+04
250,2,28,609,9.397944e+04
250,3,28,657,9.449870e+04
250,4,28,617,1.032523e+05
250,5,28,727,1.245825e+05
250,6,28,658,9.738622e+04
250,7,28,614,9.109603e+04
250,8,28,688,9.009766e+04
250,9,28,731,1.213351e+05
250,10,28,676,1.054105e+05
260,1,28,679,1.018016e+05
260,2,28,740,1.288321e+05
260,3,28,756,1.188136e+05
260,4,28,808,1.344296e+05
260,5,28,663,1.013982e+05
260,6,28,688,1.012610e+05
260,7,28,644,1.030379e+05
260,8,28,655,9.583517e+04
260,9,28,711,1.096522e+05
260,10,28,733,1.120072e+05
270,1,28,747,1.262273e+05
270,2,28,815,1.416306e+05
270,3,28,665,9.095685e+04
270,4,28,630,8.913389e+04
270,5,28,675,1.054966e+05
270,6,28,682,1.187321e+05
270,7,28,641,9.998608e+04
270,8,28,737,1.141308e+05
270,9,28,656,9.788774e+04
270,10,28,693,1.047213e+05
280,1,28,621,8.422783e+04
280,2,28,723,1.156477e+05
280,3,28,651,9.705830e+04
280,4,28,664,8.971437e+04
280,5,28,904,1.663467e+05
280,6,28,654,8.359098e+04
280,7,28,659,8.709301e+04
280,8,28,805,1.282820e+05
280,9,28,743,1.195785e+05
280,10,28,732,1.067691e+05
290,1,28,820,1.444066e+05
290,2,28,736,1.109753e+05
290,3,28,741,1.217675e+05
290,4,28,690,9.729909e+04
290,5,28,682,9.471826e+04
290,6,28,794,1.223100e+05
290,7,28,667,1.004477e+05
290,8,28,733,1.210997e+05
290,9,28,722,1.123214e+05
290,10,28,755,1.134609e+05
300,1,28,697,9.596788e+04
300,2,28,647,9.133549e+04
300,3,28,751,1.268700e+05
300,4,28,686,1.030307e+05
300,5,28,738,1.198101e+05
300,6,28,736,1.204357e+05
300,7,28,674,8.533294e+04
300,8,28,779,1.138675e+05
300,9,28,805,1.327584e+05
300,10,28,679,9.935181e+04
200,1,29,633,1.174903e+05
200,2,29,639,1.151982e+05
200,3,29,641,1.132345e+05
200,4,29,503,6.632908e+04
200,5,29,532,7.563836e+04
200,6,29,632,1.153626e+05
200,7,29,636,1.083576e+05
200,8,29,626,1.081429e+05
200,9,29,554,8.291375e+04
200,10,29,572,8.499953e+04
210,1,29,580,9.646062e+04
210,2,29,682,1.182698e+05
210,3,29,567,8.053431e+04
210,4,29,718,1.284314e+05
210,5,29,583,8.582148e+04
210,6,29,617,9.817481e+04
210,7,29,769,1.613425e+05
210,8,29,505,6.826122e+04
210,9,29,620,1.136669e+05
210,10,29,596,8.497046e+04
220,1,29,636,1.085845e+05
220,2,29,601,9.057418e+04
220,3,29,568,8.157603e+04
220,4,29,574,8.381473e+04
220,5,29,617,1.046183e+05
220,6,29,650,9.859424e+04
220,7,29,507,6.534677e+04
220,8,29,575,8.507280e+04
220,9,29,649,1.111342e+05
220,10,29,587,8.749915e+04
230,1,29,499,7.452616e+04
230,2,29,600,1.091162e+05
230,3,29,646,1.001841e+05
230,4,29,627,9.459422e+04
230,5,29,681,1.116594e+05
230,6,29,599,8.314157e+04
230,7,29,719,1.258570e+05
230,8,29,596,9.113688e+04
230,9,29,617,9.597563e+04
230,10,29,644,1.066335e+05
240,1,29,635,1.065453e+05
240,2,29,706,1.110699e+05
240,3,29,777,1.268465e+05
240,4,29,647,9.666465e+04
240,5,29,735,1.246685e+05
240,6,29,619,1.079336e+05
240,7,29,693,1.047841e+05
240,8,29,680,1.091111e+05
240,9,29,656,1.007883e+05
240,10,29,609,8.864400e+04
250,1,29,617,9.864221e+04
250,2,29,683,1.025747e+05
250,3,29,655,1.039493e+05
250,4,29,647,1.005116e+05
250,5,29,610,9.591872e+04
250,6,29,716,1.144167e+05
250,7,29,617,9.518936e+04
250,8,29,820,1.459252e+05
250,9,29,611,8.684734e+04
250,10,29,746,1.303405e+05
260,1,29,664,1.002862e+05
260,2,29,795,1.383036e+05
260,3,29,667,9.511129e+04
260,4,29,704,1.175052e+05
260,5,29,664,1.120617e+05
260,6,29,727,1.160410e+05
260,7,29,749,1.227371e+05
260,8,29,617,9.221169e+04
260,9,29,735,1.153727e+05
260,10,29,657,1.034049e+05
270,1,29,714,1.167224e+05
270,2,29,803,1.356981e+05
270,3,29,619,7.753894e+04
270,4,29,673,1.049451e+05
270,5,29,749,1.365093e+05
270,6,29,616,9.593565e+04
270,7,29,767,1.187565e+05
270,8,29,661,9.666585e+04
270,9,29,743,1.135894e+05
270,10,29,622,9.086142e+04
280,1,29,724,1.095911e+05
280,2,29,762,1.228249e+05
280,3,29,715,1.098319e+05
280,4,29,663,9.479060e+04
280,5,29,782,1.243444e+05
280,6,29,745,1.262973e+05
280,7,29,629,9.580465e+04
280,8,29,732,1.129440e+05
280,9,29,659,1.054327e+05
280,10,29,709,1.114121e+05
290,1,29,607,8.391826e+04
290,2,29,801,1.231536e+05
290,3,29,741,1.141824e+05
290,4,29,745,1.210912e+05
290,5,29,735,1.015552e+05
290,6,29,780,1.363900e+05
290,7,29,707,1.126608e+05
290,8,29,767,1.207546e+05
290,9,29,856,1.429947e+05
290,10,29,795,1.216996e+05
300,1,29,734,1.059154e+05
300,2,29,749,1.203016e+05
300,3,29,708,9.044544e+04
300,4,29,702,1.025026e+05
300,5,29,781,1.294868e+05
300,6,29,682,9.954762e+04
300,7,29,752,1.158172e+05
300,8,29,777,1.107156e+05
300,9,29,666,8.985260e+04
300,10,29,885,1.433185e+05
200,1,3,615,1.129590e+05
200,2,3,561,8.224054e+04
200,3,3,737,1.465812e+05
200,4,3,617,1.071702e+05
200,5,3,553,8.563936e+04
200,6,3,671,1.277574e+05
200,7,3,675,1.181540e+05
200,8,3,603,1.038815e+05
200,9,3,508,8.919200e+04
200,10,3,527,8.010960e+04
210,1,3,632,1.048554e+05
210,2,3,553,7.429770e+04
210,3,3,651,1.046957e+05
210,4,3,583,9.298156e+04
210,5,3,602,9.219028e+04
210,6,3,601,9.725044e+04
210,7,3,660,1.147895e+05
210,8,3,679,1.151923e+05
210,9,3,685,1.198505e+05
210,10,3,500,6.917030e+04
220,1,3,676,1.320244e+05
220,2,3,625,1.032334e+05
220,3,3,618,1.011546e+05
220,4,3,619,1.065725e+05
220,5,3,598,1.015508e+05
220,6,3,525,6.711819e+04
220,7,3,584,9.641973e+04
220,8,3,725,1.271818e+05
220,9,3,695,1.264473e+05
220,10,3,624,9.815104e+04
230,1,3,685,1.205593e+05
230,2,3,617,9.887304e+04
230,3,3,507,6.696847e+04
230,4,3,598,8.285488e+04
230,5,3,582,1.098920e+05
230,6,3,616,9.336711e+04
230,7,3,725,1.243608e+05
230,8,3,637,9.315011e+04
230,9,3,712,1.127696e+05
230,10,3,638,9.216739e+04
240,1,3,584,7.732323e+04
240,2,3,621,8.679900e+04
240,3,3,639,9.896733e+04
240,4,3,608,8.624442e+04
240,5,3,702,1.113794e+05
240,6,3,646,9.963922e+04
240,7,3,661,1.047446e+05
240,8,3,707,1.172290e+05
240,9,3,787,1.437776e+05
240,10,3,658,9.685486e+04
250,1,3,680,1.062187e+05
250,2,3,642,1.033901e+05
250,3,3,654,1.087990e+05
250,4,3,658,1.072451e+05
250,5,3,712,1.309778e+05
250,6,3,664,9.788466e+04
250,7,3,660,9.200576e+04
250,8,3,821,1.423375e+05
250,9,3,707,1.077582e+05
250,10,3,801,1.305947e+05
260,1,3,782,1.293321e+05
260,2,3,688,1.138366e+05
260,3,3,675,1.176581e+05
260,4,3,705,1.090916e+05
260,5,3,832,1.562394e+05
260,6,3,754,1.303579e+05
260,7,3,671,1.054499e+05
260,8,3,841,1.659008e+05
260,9,3,619,9.100322e+04
260,10,3,629,9.940150e+04
270,1,3,669,9.853238e+04
270,2,3,687,1.004646e+05
270,3,3,694,1.178881e+05
270,4,3,707,1.150797e+05
270,5,3,670,9.659438e+04
270,6,3,743,1.171201e+05
270,7,3,740,1.181888e+05
270,8,3,614,9.211961e+04
270,9,3,689,1.091510e+05
270,10,3,705,1.069169e+05
280,1,3,693,9.569265e+04
280,2,3,677,1.105806e+05
280,3,3,821,1.340847e+05
280,4,3,699,1.094082e+05
280,5,3,683,1.046328e+05
280,6,3,649,9.863899e+04
280,7,3,657,9.307040e+04
280,8,3,618,9.190079e+04
280,9,3,839,1.568984e+05
280,10,3,747,1.207310e+05
290,1,3,721,1.133521e+05
290,2,3,740,1.089851e+05
290,3,3,732,1.083620e+05
290,4,3,670,9.325256e+04
290,5,3,660,9.522216e+04
290,6,3,760,1.050116e+05
290,7,3,724,1.199045e+05
290,8,3,758,1.323779e+05
290,9,3,743,1.105807e+05
290,10,3,658,1.033682e+05
300,1,3,731,1.159620e+05
300,2,3,693,9.072315e+04
300,3,3,745,1.133503e+05
300,4,3,853,1.505603e+05
300,5,3,796,1.209055e+05
300,6,3,670,9.787525e+04
300,7,3,693,1.024836e+05
300,8,3,696,9.042666e+04
300,9,3,669,1.073871e+05
300,10,3,684,9.522444e+04
200,1,30,518,6.247308e+04
200,2,30,601,9.619547e+04
200,3,30,625,1.097014e+05
200,4,30,550,8.171114e+04
200,5,30,616,9.717886e+04
200,6,30,566,1.017808e+05
200,7,30,555,8.555278e+04
200,8,30,595,8.939159e+04
200,9,30,607,8.771297e+04
200,10,30,623,9.614997e+04
210,1,30,593,9.799321e+04
210,2,30,555,8.460005e+04
210,3,30,578,9.539113e+04
210,4,30,590,9.927909e+04
210,5,30,544,7.987942e+04
210,6,30,702,1.316835e+05
210,7,30,545,7.456748e+04
210,8,30,569,8.665776e+04
210,9,30,723,1.323539e+05
210,10,30,597,9.400053e+04
220,1,30,516,7.174792e+04
220,2,30,638,1.243431e+05
220,3,30,630,1.003376e+05
220,4,30,733,1.355816e+05
220,5,30,629,8.858029e+04
220,6,30,678,1.116424e+05
220,7,30,557,9.093097e+04
220,8,30,613,9.340668e+04
220,9,30,614,1.062722e+05
220,10,30,569,9.372020e+04
230,1,30,581,1.031822e+05
230,2,30,533,6.908379e+04
230,3,30,643,9.971744e+04
230,4,30,580,8.948913e+04
230,5,30,659,1.043501e+05
230,6,30,587,9.135715e+04
230,7,30,640,1.011258e+05
230,8,30,747,1.240773e+05
230,9,30,732,1.153221e+05
230,10,30,657,1.144130e+05
240,1,30,566,9.163132e+04
240,2,30,646,1.106026e+05
240,3,30,675,1.016670e+05
240,4,30,656,1.144112e+05
240,5,30,654,8.616919e+04
240,6,30,698,1.215711e+05
240,7,30,680,1.122075e+05
240,8,30,609,9.865039e+04
240,9,30,625,9.431127e+04
240,10,30,564,8.246264e+04
250,1,30,587,7.254691e+04
250,2,30,613,8.858968e+04
250,3,30,719,1.125787e+05
250,4,30,679,1.007351e+05
250,5,30,648,9.370356e+04
250,6,30,759,1.239036e+05
250,7,30,548,7.194650e+04
250,8,30,605,8.443712e+04
250,9,30,608,7.974534e+04
250,10,30,654,9.759791e+04
260,1,30,827,1.533563e+05
260,2,30,726,1.140824e+05
260,3,30,705,1.194584e+05
260,4,30,698,9.477719e+04
260,5,30,650,8.426863e+04
260,6,30,746,1.214606e+05
260,7,30,675,9.121436e+04
260,8,30,680,1.161288e+05
260,9,30,678,9.637880e+04
260,10,30,684,1.044965e+05
270,1,30,757,1.144697e+05
270,2,30,674,1.042603e+05
270,3,30,793,1.272553e+05
270,4,30,643,8.760605e+04
270,5,30,681,9.509425e+04
270,6,30,626,9.096220e+04
270,7,30,714,1.133357e+05
270,8,30,620,9.549720e+04
270,9,30,698,9.699557e+04
270,10,30,687,1.018781e+05
280,1,30,742,1.039085e+05
280,2,30,782,1.281972e+05
280,3,30,881,1.691883e+05
280,4,30,609,9.325928e+04
280,5,30,683,1.089722e+05
280,6,30,717,1.110694e+05
280,7,30,721,1.146187e+05
280,8,30,713,9.815361e+04
280,9,30,669,9.888175e+04
280,10,30,679,9.937590e+04
290,1,30,630,8.617346e+04
290,2,30,660,8.847969e+04
290,3,30,635,8.567190e+04
290,4,30,671,9.113253e+04
290,5,30,741,1.139491e+05
290,6,30,801,1.254695e+05
290,7,30,643,9.448197e+04
290,8,30,704,1.061709e+05
290,9,30,681,9.520191e+04
290,10,30,856,1.424338e+05
300,1,30,749,1.012393e+05
300,2,30,687,9.330461e+04
300,3,30,627,9.404302e+04
300,4,30,658,9.051605e+04
300,5,30,709,9.131986e+04
300,6,30,737,9.951644e+04
300,7,30,649,8.906650e+04
300,8,30,730,1.037061e+05
300,9,30,803,1.219693e+05
300,10,30,769,1.097496e+05
200,1,31,598,1.035622e+05
200,2,31,560,8.960589e+04
200,3,31,626,1.111725e+05
200,4,31,674,1.343365e+05
200,5,31,545,7.577857e+04
200,6,31,712,1.312188e+05
200,7,31,651,1.116333e+05
200,8,31,518,8.841932e+04
200,9,31,579,1.176930e+05
200,10,31,544,8.181772e+04
210,1,31,604,9.941977e+04
210,2,31,560,8.613721e+04
210,3,31,584,9.522435e+04
210,4,31,663,1.096526e+05
210,5,31,611,8.945741e+04
210,6,31,589,9.229418e+04
210,7,31,560,9.309860e+04
210,8,31,722,1.354349e+05
210,9,31,637,1.144768e+05
210,10,31,544,7.988441e+04
220,1,31,693,1.197128e+05
220,2,31,619,9.713387e+04
220,3,31,722,1.326991e+05
220,4,31,622,1.136471e+05
220,5,31,661,1.077037e+05
220,6,31,637,1.044313e+05
220,7,31,564,8.660925e+04
220,8,31,725,1.339328e+05
220,9,31,549,7.902688e+04
220,10,31,653,1.080477e+05
230,1,31,678,1.139588e+05
230,2,31,577,9.077335e+04
230,3,31,626,1.059884e+05
230,4,31,763,1.467348e+05
230,5,31,658,1.153280e+05
230,6,31,621,1.136913e+05
230,7,31,728,1.458547e+05
230,8,31,574,8.892380e+04
230,9,31,628,1.015816e+05
230,10,31,713,1.262845e+05
240,1,31,681,1.174376e+05
240,2,31,753,1.230608e+05
240,3,31,624,9.174568e+04
240,4,31,633,1.147653e+05
240,5,31,640,1.066531e+05
240,6,31,627,1.039480e+05
240,7,31,711,1.286095e+05
240,8,31,748,1.317088e+05
240,9,31,747,1.279831e+05
240,10,31,752,1.282848e+05
250,1,31,754,1.272511e+05
250,2,31,686,1.019037e+05
250,3,31,748,1.229755e+05
250,4,31,639,1.025956e+05
250,5,31,672,1.076125e+05
250,6,31,683,1.167126e+05
250,7,31,563,7.196778e+04
250,8,31,573,8.001781e+04
250,9,31,671,1.103231e+05
250,10,31,707,1.225029e+05
260,1,31,646,1.038219e+05
260,2,31,691,1.127669e+05
260,3,31,711,1.230430e+05
260,4,31,741,1.260287e+05
260,5,31,765,1.373771e+05
260,6,31,727,1.324964e+05
260,7,31,695,1.098593e+05
260,8,31,679,1.107849e+05
260,9,31,635,1.075757e+05
260,10,31,723,1.134192e+05
270,1,31,712,1.064444e+05
270,2,31,697,1.125296e+05
270,3,31,641,9.636874e+04
270,4,31,741,1.200568e+05
270,5,31,701,1.033780e+05
270,6,31,760,1.356802e+05
270,7,31,797,1.403232e+05
270,8,31,850,1.388625e+05
270,9,31,744,1.135204e+05
270,10,31,735,1.099237e+05
280,1,31,781,1.139371e+05
280,2,31,722,1.137046e+05
280,3,31,780,1.181943e+05
280,4,31,805,1.473106e+05
280,5,31,729,1.111608e+05
280,6,31,732,1.131783e+05
280,7,31,731,1.199901e+05
280,8,31,778,1.287357e+05
280,9,31,581,9.404929e+04
280,10,31,725,1.129643e+05
290,1,31,790,1.208473e+05
290,2,31,835,1.505983e+05
290,3,31,713,1.170267e+05
290,4,31,628,9.912528e+04
290,5,31,824,1.363101e+05
290,6,31,755,1.171871e+05
290,7,31,750,1.162645e+05
290,8,31,746,1.129124e+05
290,9,31,708,1.068302e+05
290,10,31,744,1.114012e+05
300,1,31,842,1.372445e+05
300,2,31,889,1.403149e+05
300,3,31,836,1.388943e+05
300,4,31,713,1.014401e+05
300,5,31,694,1.140247e+05
300,6,31,838,1.311602e+05
300,7,31,765,1.168330e+05
300,8,31,795,1.208406e+05
300,9,31,718,1.177950e+05
300,10,31,778,1.225856e+05
200,1,32,567,7.722902e+04
200,2,32,608,1.034549e+05
200,3,32,656,1.247574e+05
200,4,32,581,9.446470e+04
200,5,32,606,9.181249e+04
200,6,32,510,7.617721e+04
200,7,32,566,9.148743e+04
200,8,32,664,1.245665e+05
200,9,32,641,1.230101e+05
200,10,32,623,9.799897e+04
210,1,32,607,1.083595e+05
210,2,32,605,9.466900e+04
210,3,32,631,1.063922e+05
210,4,32,556,7.751853e+04
210,5,32,626,9.538005e+04
210,6,32,594,9.515604e+04
210,7,32,756,1.463701e+05
210,8,32,520,7.267539e+04
210,9,32,533,7.218775e+04
210,10,32,747,1.438443e+05
220,1,32,708,1.153106e+05
220,2,32,728,1.364880e+05
220,3,32,630,1.171780e+05
220,4,32,691,1.360557e+05
220,5,32,645,1.134522e+05
220,6,32,548,7.673137e+04
220,7,32,710,1.210992e+05
220,8,32,569,8.092456e+04
220,9,32,634,1.090292e+05
220,10,32,651,1.119966e+05
230,1,32,759,1.429003e+05
230,2,32,602,9.154055e+04
230,3,32,762,1.338066e+05
230,4,32,651,1.015089e+05
230,5,32,631,1.027301e+05
230,6,32,637,9.686871e+04
230,7,32,616,8.922254e+04
230,8,32,635,1.072035e+05
230,9,32,660,1.062953e+05
230,10,32,613,9.616578e+04
240,1,32,613,8.657039e+04
240,2,32,643,9.528254e+04
240,3,32,628,8.968864e+04
240,4,32,728,1.223841e+05
240,5,32,701,1.292846e+05
240,6,32,589,9.480676e+04
240,7,32,603,1.006852e+05
240,8,32,782,1.509054e+05
240,9,32,743,1.207077e+05
240,10,32,711,1.262024e+05
250,1,32,591,9.132200e+04
250,2,32,653,1.058768e+05
250,3,32,619,9.839305e+04
250,4,32,608,9.350561e+04
250,5,32,711,1.241684e+05
250,6,32,708,1.115371e+05
250,7,32,694,1.044465e+05
250,8,32,680,1.054869e+05
250,9,32,597,7.841514e+04
250,10,32,631,9.607862e+04
260,1,32,787,1.377057e+05
260,2,32,734,1.204207e+05
260,3,32,527,6.175523e+04
260,4,32,708,1.122849e+05
260,5,32,653,9.821760e+04
260,6,32,632,8.768825e+04
260,7,32,610,9.241809e+04
260,8,32,602,8.757170e+04
260,9,32,639,1.033278e+05
260,10,32,652,1.044123e+05
270,1,32,676,1.102954e+05
270,2,32,740,1.189946e+05
270,3,32,669,9.025142e+04
270,4,32,808,1.348551e+05
270,5,32,707,1.125875e+05
270,6,32,626,8.902286e+04
270,7,32,775,1.409167e+05
270,8,32,783,1.297661e+05
270,9,32,640,8.662323e+04
270,10,32,680,1.064867e+05
280,1,32,782,1.215728e+05
280,2,32,631,7.959123e+04
280,3,32,767,1.169671e+05
280,4,32,778,1.218994e+05
280,5,32,697,1.095938e+05
280,6,32,718,1.120491e+05
280,7,32,604,8.704117e+04
280,8,32,797,1.223538e+05
280,9,32,770,1.202579e+05
280,10,32,735,1.215415e+05
290,1,32,775,1.213012e+05
290,2,32,808,1.420920e+05
290,3,32,779,1.137027e+05
290,4,32,794,1.207120e+05
290,5,32,847,1.425869e+05
290,6,32,828,1.390750e+05
290,7,32,682,1.095231e+05
290,8,32,814,1.232065e+05
290,9,32,825,1.419980e+05
290,10,32,759,1.143659e+05
300,1,32,809,1.321923e+05
300,2,32,809,1.342504e+05
300,3,32,843,1.381836e+05
300,4,32,659,9.240158e+04
300,5,32,728,9.816899e+04
300,6,32,791,1.316846e+05
300,7,32,661,9.030314e+04
300,8,32,777,1.247350e+05
300,9,32,783,1.380941e+05
300,10,32,832,1.309901e+05
200,1,33,789,1.533974e+05
200,2,33,530,9.000427e+04
200,3,33,567,8.735892e+04
200,4,33,547,9.124872e+04
200,5,33,556,8.468814e+04
200,6,33,595,1.085908e+05
200,7,33,677,1.343702e+05
200,8,33,556,9.305581e+04
200,9,33,630,1.055567e+05
200,10,33,556,8.719852e+04
210,1,33,561,1.070281e+05
210,2,33,570,8.632724e+04
210,3,33,697,1.193177e+05
210,4,33,589,9.774437e+04
210,5,33,679,1.164747e+05
210,6,33,611,9.965596e+04
210,7,33,630,1.043710e+05
210,8,33,690,1.194004e+05
210,9,33,547,7.961694e+04
210,10,33,652,1.124484e+05
220,1,33,615,1.015142e+05
220,2,33,670,1.086689e+05
220,3,33,628,1.061190e+05
220,4,33,631,1.011313e+05
220,5,33,654,1.205222e+05
220,6,33,614,9.211649e+04
220,7,33,624,1.074654e+05
220,8,33,618,9.353268e+04
220,9,33,620,1.107049e+05
220,10,33,628,1.042325e+05
230,1,33,528,7.755645e+04
230,2,33,638,1.046875e+05
230,3,33,639,1.046169e+05
230,4,33,619,9.154511e+04
230,5,33,562,7.374110e+04
230,6,33,587,8.892128e+04
230,7,33,682,1.143315e+05
230,8,33,675,1.091535e+05
230,9,33,521,7.004892e+04
230,10,33,607,9.290073e+04
240,1,33,689,1.107107e+05
240,2,33,679,1.054985e+05
240,3,33,630,1.139410e+05
240,4,33,691,1.171419e+05
240,5,33,696,1.164330e+05
240,6,33,628,1.122408e+05
240,7,33,688,1.110340e+05
240,8,33,635,1.036817e+05
240,9,33,738,1.270836e+05
240,10,33,641,9.073748e+04
250,1,33,778,1.227464e+05
250,2,33,678,1.071252e+05
250,3,33,694,1.124088e+05
250,4,33,656,1.047702e+05
250,5,33,664,1.042244e+05
250,6,33,730,1.196754e+05
250,7,33,598,7.546180e+04
250,8,33,697,1.088658e+05
250,9,33,775,1.306978e+05
250,10,33,673,1.110878e+05
260,1,33,773,1.424252e+05
260,2,33,689,1.116580e+05
260,3,33,679,1.017273e+05
260,4,33,854,1.623012e+05
260,5,33,712,1.085227e+05
260,6,33,748,1.270583e+05
260,7,33,741,1.264556e+05
260,8,33,576,8.369244e+04
260,9,33,701,1.190715e+05
260,10,33,687,1.029446e+05
270,1,33,842,1.497509e+05
270,2,33,614,8.913277e+04
270,3,33,730,1.214480e+05
270,4,33,745,1.375205e+05
270,5,33,660,9.418679e+04
270,6,33,696,1.073972e+05
270,7,33,729,1.183293e+05
270,8,33,687,9.583613e+04
270,9,33,698,1.091411e+05
270,10,33,659,9.751240e+04
280,1,33,754,1.210179e+05
280,2,33,767,1.147343e+05
280,3,33,654,1.025021e+05
280,4,33,725,1.126630e+05
280,5,33,733,1.107931e+05
280,6,33,718,1.049877e+05
280,7,33,803,1.304012e+05
280,8,33,745,1.049829e+05
280,9,33,807,1.305901e+05
280,10,33,573,7.741941e+04
290,1,33,759,1.030402e+05
290,2,33,795,1.293122e+05
290,3,33,691,1.067483e+05
290,4,33,842,1.307258e+05
290,5,33,710,1.061739e+05
290,6,33,850,1.350042e+05
290,7,33,688,1.062186e+05
290,8,33,754,1.194303e+05
290,9,33,853,1.245184e+05
290,10,33,708,9.703052e+04
300,1,33,750,1.187568e+05
300,2,33,865,1.362847e+05
300,3,33,830,1.317561e+05
300,4,33,668,8.994952e+04
300,5,33,830,1.387863e+05
300,6,33,717,1.165651e+05
300,7,33,777,1.143238e+05
300,8,33,766,1.217005e+05
300,9,33,773,1.100954e+05
300,10,33,723,1.049337e+05
200,1,34,695,1.328391e+05
200,2,34,705,1.161295e+05
200,3,34,626,9.608731e+04
200,4,34,660,1.155886e+05
200,5,34,542,8.961701e+04
200,6,34,601,9.167532e+04
200,7,34,490,6.567733e+04
200,8,34,614,1.140807e+05
200,9,34,652,1.134463e+05
200,10,34,642,1.109662e+05
210,1,34,625,1.019804e+05
210,2,34,575,9.056279e+04
210,3,34,631,9.185044e+04
210,4,34,700,1.382795e+05
210,5,34,640,1.042415e+05
210,6,34,656,1.055257e+05
210,7,34,608,1.043439e+05
210,8,34,560,8.446459e+04
210,9,34,651,1.139221e+05
210,10,34,649,1.048784e+05
220,1,34,527,7.352275e+04
220,2,34,559,7.714770e+04
220,3,34,670,1.122448e+05
220,4,34,686,1.135421e+05
220,5,34,644,9.936794e+04
220,6,34,586,9.818231e+04
220,7,34,628,1.007703e+05
220,8,34,725,1.187936e+05
220,9,34,694,1.132584e+05
220,10,34,536,8.801957e+04
230,1,34,672,1.143060e+05
230,2,34,682,1.163778e+05
230,3,34,609,8.285376e+04
230,4,34,615,9.300650e+04
230,5,34,626,9.892130e+04
230,6,34,668,9.712645e+04
230,7,34,574,9.193939e+04
230,8,34,617,9.120681e+04
230,9,34,755,1.324279e+05
230,10,34,694,1.060857e+05
240,1,34,697,1.116752e+05
240,2,34,594,8.978077e+04
240,3,34,684,1.116904e+05
240,4,34,729,1.191568e+05
240,5,34,606,9.498469e+04
240,6,34,681,1.158412e+05
240,7,34,744,1.252521e+05
240,8,34,699,1.053873e+05
240,9,34,731,1.276735e+05
240,10,34,694,1.214985e+05
250,1,34,658,9.965765e+04
250,2,34,683,1.078556e+05
250,3,34,736,1.124686e+05
250,4,34,631,9.495179e+04
250,5,34,699,1.133035e+05
250,6,34,703,1.180219e+05
250,7,34,810,1.338980e+05
250,8,34,642,1.050287e+05
250,9,34,631,9.085467e+04
250,10,34,543,5.934765e+04
260,1,34,825,1.462643e+05
260,2,34,659,9.915191e+04
260,3,34,848,1.664012e+05
260,4,34,644,9.760745e+04
260,5,34,807,1.404131e+05
260,6,34,668,1.002884e+05
260,7,34,769,1.241434e+05
260,8,34,721,1.043598e+05
260,9,34,735,1.079382e+05
260,10,34,733,1.120353e+05
270,1,34,663,1.099262e+05
270,2,34,710,1.078379e+05
270,3,34,634,1.009074e+05
270,4,34,764,1.192218e+05
270,5,34,649,9.289803e+04
270,6,34,714,1.181423e+05
270,7,34,753,1.339527e+05
270,8,34,614,8.741418e+04
270,9,34,837,1.500988e+05
270,10,34,778,1.279365e+05
280,1,34,683,1.023364e+05
280,2,34,812,1.339721e+05
280,3,34,665,1.026205e+05
280,4,34,784,1.306457e+05
280,5,34,723,1.126462e+05
280,6,34,725,1.125966e+05
280,7,34,655,9.393907e+04
280,8,34,826,1.496847e+05
280,9,34,738,1.123013e+05
280,10,34,717,1.119723e+05
290,1,34,754,1.162368e+05
290,2,34,753,1.155369e+05
290,3,34,770,1.274323e+05
290,4,34,754,1.185318e+05
290,5,34,755,1.213861e+05
290,6,34,675,9.319366e+04
290,7,34,746,1.176655e+05
290,8,34,731,1.075585e+05
290,9,34,730,1.091175e+05
290,10,34,678,9.587057e+04
300,1,34,661,8.616810e+04
300,2,34,733,1.005916e+05
300,3,34,878,1.538167e+05
300,4,34,780,1.174374e+05
300,5,34,805,1.284949e+05
300,6,34,739,1.210920e+05
300,7,34,743,1.153441e+05
300,8,34,703,1.070124e+05
300,9,34,704,9.180033e+04
300,10,34,607,6.938607e+04
200,1,35,642,1.132355e+05
200,2,35,608,1.069186e+05
200,3,35,641,1.191060e+05
200,4,35,581,9.708189e+04
200,5,35,537,8.407176e+04
200,6,35,642,1.088065e+05
200,7,35,540,8.623753e+04
200,8,35,554,8.863746e+04
200,9,35,553,8.898202e+04
200,10,35,581,8.943335e+04
210,1,35,580,8.302656e+04
210,2,35,638,1.145936e+05
210,3,35,578,7.973330e+04
210,4,35,607,9.257528e+04
210,5,35,599,1.044193e+05
210,6,35,547,7.984129e+04
210,7,35,563,8.507335e+04
210,8,35,661,1.233356e+05
210,9,35,656,1.233809e+05
210,10,35,617,1.052456e+05
220,1,35,696,1.408352e+05
220,2,35,674,1.095408e+05
220,3,35,577,9.294807e+04
220,4,35,655,1.061629e+05
220,5,35,601,1.017948e+05
220,6,35,717,1.192685e+05
220,7,35,556,8.037081e+04
220,8,35,659,1.075684e+05
220,9,35,593,9.141593e+04
220,10,35,699,1.210642e+05
230,1,35,695,1.301674e+05
230,2,35,639,1.128107e+05
230,3,35,623,9.134995e+04
230,4,35,723,1.294937e+05
230,5,35,673,1.114826e+05
230,6,35,615,9.797587e+04
230,7,35,690,1.200165e+05
230,8,35,613,9.732722e+04
230,9,35,646,1.138163e+05
230,10,35,771,1.426879e+05
240,1,35,515,6.311534e+04
240,2,35,685,1.158864e+05
240,3,35,705,1.273250e+05
240,4,35,630,9.154211e+04
240,5,35,748,1.301091e+05
240,6,35,616,9.696607e+04
240,7,35,610,8.677622e+04
240,8,35,681,1.146684e+05
240,9,35,642,1.068503e+05
240,10,35,715,1.200617e+05
250,1,35,714,1.325419e+05
250,2,35,645,1.107763e+05
250,3,35,773,1.435749e+05
250,4,35,751,1.244325e+05
250,5,35,702,1.117217e+05
250,6,35,723,1.248994e+05
250,7,35,746,1.292945e+05
250,8,35,711,1.270244e+05
250,9,35,823,1.443936e+05
250,10,35,655,9.898267e+04
260,1,35,749,1.311368e+05
260,2,35,796,1.472304e+05
260,3,35,779,1.336477e+05
260,4,35,678,1.147385e+05
260,5,35,604,8.689245e+04
260,6,35,732,1.250821e+05
260,7,35,737,1.254783e+05
260,8,35,851,1.678601e+05
260,9,35,655,1.112140e+05
260,10,35,697,1.221101e+05
270,1,35,708,1.063580e+05
270,2,35,564,7.409892e+04
270,3,35,797,1.326243e+05
270,4,35,639,1.093454e+05
270,5,35,728,1.288456e+05
270,6,35,769,1.347243e+05
270,7,35,677,1.132798e+05
270,8,35,718,1.122460e+05
270,9,35,784,1.311662e+05
270,10,35,742,1.300314e+05
280,1,35,697,1.209585e+05
280,2,35,812,1.324931e+05
280,3,35,740,1.271037e+05
280,4,35,729,1.141675e+05
280,5,35,651,9.421993e+04
280,6,35,700,1.134102e+05
280,7,35,844,1.353326e+05
280,8,35,651,8.080490e+04
280,9,35,756,1.187443e+05
280,10,35,658,9.358072e+04
290,1,35,768,1.136138e+05
290,2,35,825,1.408319e+05
290,3,35,760,1.246940e+05
290,4,35,725,1.198771e+05
290,5,35,791,1.209052e+05
290,6,35,719,1.124045e+05
290,7,35,779,1.311601e+05
290,8,35,835,1.320148e+05
290,9,35,706,1.078674e+05
290,10,35,805,1.390469e+05
300,1,35,816,1.346545e+05
300,2,35,698,1.200599e+05
300,3,35,786,1.303142e+05
300,4,35,886,1.409752e+05
300,5,35,806,1.326775e+05
300,6,35,854,1.375915e+05
300,7,35,964,1.716708e+05
300,8,35,821,1.170112e+05
300,9,35,888,1.512108e+05
300,10,35,772,1.269786e+05
200,1,36,567,1.119661e+05
200,2,36,614,1.064020e+05
200,3,36,620,1.055120e+05
200,4,36,621,1.055425e+05
200,5,36,620,1.172481e+05
200,6,36,689,1.330570e+05
200,7,36,546,8.223887e+04
200,8,36,583,9.756430e+04
200,9,36,632,1.097183e+05
200,10,36,612,1.110467e+05
210,1,36,634,1.188756e+05
210,2,36,721,1.351862e+05
210,3,36,624,9.696369e+04
210,4,36,594,9.773505e+04
210,5,36,596,1.062394e+05
210,6,36,539,8.004944e+04
210,7,36,611,1.005307e+05
210,8,36,660,1.110546e+05
210,9,36,692,1.328400e+05
210,10,36,584,8.491200e+04
220,1,36,617,1.039138e+05
220,2,36,519,7.372668e+04
220,3,36,657,1.172843e+05
220,4,36,731,1.258655e+05
220,5,36,732,1.429586e+05
220,6,36,606,8.823256e+04
220,7,36,544,9.068593e+04
220,8,36,609,9.772807e+04
220,9,36,598,9.562109e+04
220,10,36,653,1.029252e+05
230,1,36,587,8.890184e+04
230,2,36,594,1.014417e+05
230,3,36,492,5.997216e+04
230,4,36,733,1.380247e+05
230,5,36,696,1.140837e+05
230,6,36,601,1.040484e+05
230,7,36,633,1.077536e+05
230,8,36,602,9.584777e+04
230,9,36,704,1.169967e+05
230,10,36,633,1.051595e+05
240,1,36,641,9.845180e+04
240,2,36,665,1.110472e+05
240,3,36,587,1.099066e+05
240,4,36,719,1.200318e+05
240,5,36,617,9.956713e+04
240,6,36,777,1.449223e+05
240,7,36,698,1.152527e+05
240,8,36,706,1.199747e+05
240,9,36,716,1.256687e+05
240,10,36,613,9.477354e+04
250,1,36,670,1.174900e+05
250,2,36,710,1.027875e+05
250,3,36,722,1.133519e+05
250,4,36,664,9.861275e+04
250,5,36,700,1.036758e+05
250,6,36,769,1.489193e+05
250,7,36,613,9.130640e+04
250,8,36,694,1.193192e+05
250,9,36,642,1.006113e+05
250,10,36,815,1.635977e+05
260,1,36,704,1.049414e+05
260,2,36,624,9.799036e+04
260,3,36,675,1.046732e+05
260,4,36,743,1.242005e+05
260,5,36,728,1.273686e+05
260,6,36,683,1.116966e+05
260,7,36,634,9.316404e+04
260,8,36,749,1.202963e+05
260,9,36,701,1.005925e+05
260,10,36,824,1.497133e+05
270,1,36,740,1.159289e+05
270,2,36,739,1.226082e+05
270,3,36,759,1.282362e+05
270,4,36,744,1.206991e+05
270,5,36,784,1.380740e+05
270,6,36,780,1.326928e+05
270,7,36,649,9.562266e+04
270,8,36,804,1.350166e+05
270,9,36,816,1.319179e+05
270,10,36,704,1.127818e+05
280,1,36,658,9.298101e+04
280,2,36,825,1.395173e+05
280,3,36,687,1.053011e+05
280,4,36,633,1.096478e+05
280,5,36,807,1.341452e+05
280,6,36,771,1.148969e+05
280,7,36,676,1.029285e+05
280,8,36,752,1.195972e+05
280,9,36,649,9.464510e+04
280,10,36,785,1.276325e+05
290,1,36,720,1.127687e+05
290,2,36,806,1.392772e+05
290,3,36,766,1.353995e+05
290,4,36,677,9.704340e+04
290,5,36,706,1.123293e+05
290,6,36,745,1.129351e+05
290,7,36,774,1.211474e+05
290,8,36,862,1.444997e+05
290,9,36,731,1.215906e+05
290,10,36,712,1.010511e+05
300,1,36,749,1.110887e+05
300,2,36,800,1.287896e+05
300,3,36,696,1.091112e+05
300,4,36,807,1.365105e+05
300,5,36,812,1.405198e+05
300,6,36,749,1.121498e+05
300,7,36,874,1.407109e+05
300,8,36,622,9.602045e+04
300,9,36,835,1.381749e+05
300,10,36,686,1.179498e+05
200,1,37,537,8.518038e+04
200,2,37,620,1.103449e+05
200,3,37,589,1.055644e+05
200,4,37,588,9.952600e+04
200,5,37,599,1.046513e+05
200,6,37,567,8.870246e+04
200,7,37,705,1.256672e+05
200,8,37,596,9.772034e+04
200,9,37,512,8.037332e+04
200,10,37,561,8.410918e+04
210,1,37,628,8.950305e+04
210,2,37,559,8.267244e+04
210,3,37,561,8.560771e+04
210,4,37,625,9.211513e+04
210,5,37,674,1.244999e+05
210,6,37,577,8.387847e+04
210,7,37,609,1.135880e+05
210,8,37,579,9.782611e+04
210,9,37,659,1.227958e+05
210,10,37,600,9.318665e+04
220,1,37,576,9.474444e+04
220,2,37,619,1.027731e+05
220,3,37,639,9.691256e+04
220,4,37,617,1.022635e+05
220,5,37,637,8.994870e+04
220,6,37,624,9.836590e+04
220,7,37,578,9.453268e+04
220,8,37,616,9.488168e+04
220,9,37,662,9.214514e+04
220,10,37,663,9.849833e+04
230,1,37,619,8.548026e+04
230,2,37,678,1.095176e+05
230,3,37,708,1.439622e+05
230,4,37,627,9.869968e+04
230,5,37,730,1.305114e+05
230,6,37,591,8.885005e+04
230,7,37,611,9.598625e+04
230,8,37,633,1.057287e+05
230,9,37,703,1.221489e+05
230,10,37,573,7.738942e+04
240,1,37,650,9.369188e+04
240,2,37,782,1.356350e+05
240,3,37,632,9.183495e+04
240,4,37,617,8.316868e+04
240,5,37,610,8.564261e+04
240,6,37,649,9.787323e+04
240,7,37,656,1.042639e+05
240,8,37,635,1.006051e+05
240,9,37,724,1.175750e+05
240,10,37,655,9.818790e+04
250,1,37,753,1.201014e+05
250,2,37,698,9.929897e+04
250,3,37,791,1.431069e+05
250,4,37,657,9.328585e+04
250,5,37,680,9.397601e+04
250,6,37,614,8.623095e+04
250,7,37,617,9.336261e+04
250,8,37,609,8.590251e+04
250,9,37,602,8.868819e+04
250,10,37,768,1.306881e+05
260,1,37,660,9.335871e+04
260,2,37,696,1.209888e+05
260,3,37,713,1.063700e+05
260,4,37,659,9.853571e+04
260,5,37,632,8.903830e+04
260,6,37,851,1.448535e+05
260,7,37,693,1.095519e+05
260,8,37,849,1.571446e+05
260,9,37,661,9.792904e+04
260,10,37,735,1.191642e+05
270,1,37,839,1.485759e+05
270,2,37,703,1.061560e+05
270,3,37,831,1.508691e+05
270,4,37,720,1.181536e+05
270,5,37,767,1.356380e+05
270,6,37,774,1.242143e+05
270,7,37,700,1.004000e+05
270,8,37,738,1.114386e+05
270,9,37,794,1.321833e+05
270,10,37,690,9.911006e+04
280,1,37,763,1.240984e+05
280,2,37,688,1.064032e+05
280,3,37,745,1.047133e+05
280,4,37,724,1.230630e+05
280,5,37,701,9.803485e+04
280,6,37,827,1.324031e+05
280,7,37,700,1.078137e+05
280,8,37,840,1.316468e+05
280,9,37,630,8.616706e+04
280,10,37,713,1.009602e+05
290,1,37,849,1.392299e+05
290,2,37,717,1.201300e+05
290,3,37,657,9.170418e+04
290,4,37,756,1.180088e+05
290,5,37,905,1.418477e+05
290,6,37,706,1.131252e+05
290,7,37,700,1.121047e+05
290,8,37,644,8.006830e+04
290,9,37,757,1.087430e+05
290,10,37,700,1.029438e+05
300,1,37,786,1.127639e+05
300,2,37,779,1.129695e+05
300,3,37,733,1.010691e+05
300,4,37,801,1.190310e+05
300,5,37,744,1.035714e+05
300,6,37,714,1.073780e+05
300,7,37,740,1.185614e+05
300,8,37,750,1.197154e+05
300,9,37,777,1.248216e+05
300,10,37,767,1.251399e+05
200,1,38,620,1.179662e+05
200,2,38,607,9.579175e+04
200,3,38,538,9.216985e+04
200,4,38,603,1.126875e+05
200,5,38,501,7.718961e+04
200,6,38,592,1.025733e+05
200,7,38,600,1.043907e+05
200,8,38,640,1.218104e+05
200,9,38,574,8.888606e+04
200,10,38,594,1.128139e+05
210,1,38,692,1.187595e+05
210,2,38,590,1.199720e+05
210,3,38,609,1.003280e+05
210,4,38,565,8.549754e+04
210,5,38,682,1.151766e+05
210,6,38,618,1.010708e+05
210,7,38,563,8.885761e+04
210,8,38,631,1.046659e+05
210,9,38,512,8.884511e+04
210,10,38,682,1.174868e+05
220,1,38,637,1.045432e+05
220,2,38,601,1.069916e+05
220,3,38,530,8.247473e+04
220,4,38,686,1.356746e+05
220,5,38,607,9.886856e+04
220,6,38,773,1.394594e+05
220,7,38,556,9.260109e+04
220,8,38,727,1.398192e+05
220,9,38,683,1.236735e+05
220,10,38,583,9.665319e+04
230,1,38,763,1.456190e+05
230,2,38,733,1.352748e+05
230,3,38,616,1.000176e+05
230,4,38,651,1.177060e+05
230,5,38,632,1.024942e+05
230,6,38,604,9.913254e+04
230,7,38,700,1.220497e+05
230,8,38,709,1.296119e+05
230,9,38,654,9.986359e+04
230,10,38,663,9.927193e+04
240,1,38,615,8.916912e+04
240,2,38,574,8.710055e+04
240,3,38,694,1.343994e+05
240,4,38,597,8.667197e+04
240,5,38,703,1.228444e+05
240,6,38,643,1.105678e+05
240,7,38,709,1.315294e+05
240,8,38,671,1.056181e+05
240,9,38,687,1.044620e+05
240,10,38,706,1.108862e+05
250,1,38,698,1.146728e+05
250,2,38,708,1.212506e+05
250,3,38,642,1.056139e+05
250,4,38,646,1.051990e+05
250,5,38,681,1.115150e+05
250,6,38,695,1.263507e+05
250,7,38,684,1.283550e+05
250,8,38,758,1.333209e+05
250,9,38,641,1.100844e+05
250,10,38,722,1.208341e+05
260,1,38,672,1.062711e+05
260,2,38,815,1.466295e+05
260,3,38,636,9.530186e+04
260,4,38,648,1.018874e+05
260,5,38,795,1.414511e+05
260,6,38,647,9.235062e+04
260,7,38,633,9.480676e+04
260,8,38,741,1.168195e+05
260,9,38,675,1.070645e+05
260,10,38,742,1.507720e+05
270,1,38,667,9.850954e+04
270,2,38,652,1.069651e+05
270,3,38,778,1.394039e+05
270,4,38,867,1.500958e+05
270,5,38,681,9.858628e+04
270,6,38,724,1.135796e+05
270,7,38,764,1.125033e+05
270,8,38,764,1.229376e+05
270,9,38,661,9.127124e+04
270,10,38,713,1.183168e+05
280,1,38,669,1.028329e+05
280,2,38,650,9.859666e+04
280,3,38,771,1.181921e+05
280,4,38,709,1.150259e+05
280,5,38,664,1.056354e+05
280,6,38,774,1.167949e+05
280,7,38,710,1.062658e+05
280,8,38,752,1.232797e+05
280,9,38,661,9.901907e+04
280,10,38,778,1.199111e+05
290,1,38,746,1.114655e+05
290,2,38,773,1.162816e+05
290,3,38,729,1.079980e+05
290,4,38,683,9.812859e+04
290,5,38,776,1.202463e+05
290,6,38,728,1.098611e+05
290,7,38,823,1.283692e+05
290,8,38,713,9.654379e+04
290,9,38,676,9.919729e+04
290,10,38,772,1.131451e+05
300,1,38,711,1.077761e+05
300,2,38,705,1.078735e+05
300,3,38,703,1.061757e+05
300,4,38,777,1.035251e+05
300,5,38,805,1.194848e+05
300,6,38,801,1.242889e+05
300,7,38,858,1.323980e+05
300,8,38,698,1.072747e+05
300,9,38,744,1.069742e+05
300,10,38,725,9.418421e+04
200,1,39,646,1.137163e+05
200,2,39,593,1.065777e+05
200,3,39,570,8.701385e+04
200,4,39,717,1.402256e+05
200,5,39,581,9.838551e+04
200,6,39,628,9.608303e+04
200,7,39,604,1.023082e+05
200,8,39,517,7.238220e+04
200,9,39,553,1.115697e+05
200,10,39,578,8.591488e+04
210,1,39,569,7.273528e+04
210,2,39,609,1.077114e+05
210,3,39,625,1.011696e+05
210,4,39,593,8.158196e+04
210,5,39,686,1.099236e+05
210,6,39,571,8.641361e+04
210,7,39,553,9.566739e+04
210,8,39,567,8.673498e+04
210,9,39,678,1.249660e+05
210,10,39,515,7.667430e+04
220,1,39,637,1.045048e+05
220,2,39,690,1.139421e+05
220,3,39,646,1.077896e+05
220,4,39,616,9.558622e+04
220,5,39,671,1.174254e+05
220,6,39,568,9.352280e+04
220,7,39,635,1.033183e+05
220,8,39,576,8.380660e+04
220,9,39,628,9.676296e+04
220,10,39,674,1.061092e+05
230,1,39,634,1.010482e+05
230,2,39,568,8.720618e+04
230,3,39,638,9.757714e+04
230,4,39,611,8.662329e+04
230,5,39,653,1.179241e+05
230,6,39,557,7.912002e+04
230,7,39,655,1.121852e+05
230,8,39,549,7.655203e+04
230,9,39,687,1.134424e+05
230,10,39,605,9.712341e+04
240,1,39,657,1.066079e+05
240,2,39,620,1.097648e+05
240,3,39,665,1.082275e+05
240,4,39,641,1.007905e+05
240,5,39,638,9.362195e+04
240,6,39,722,1.177520e+05
240,7,39,672,1.088265e+05
240,8,39,624,9.032202e+04
240,9,39,664,1.080293e+05
240,10,39,680,1.105429e+05
250,1,39,608,8.283406e+04
250,2,39,657,9.209898e+04
250,3,39,666,9.784941e+04
250,4,39,647,9.804502e+04
250,5,39,622,9.705566e+04
250,6,39,717,1.080863e+05
250,7,39,670,1.016575e+05
250,8,39,717,1.240374e+05
250,9,39,640,1.184238e+05
250,10,39,648,1.006886e+05
260,1,39,737,1.167128e+05
260,2,39,780,1.314467e+05
260,3,39,651,9.114402e+04
260,4,39,662,1.033140e+05
260,5,39,714,1.222280e+05
260,6,39,782,1.231467e+05
260,7,39,667,1.014034e+05
260,8,39,704,1.154395e+05
260,9,39,634,1.016927e+05
260,10,39,638,9.122179e+04
270,1,39,725,1.177737e+05
270,2,39,674,1.015165e+05
270,3,39,726,1.073657e+05
270,4,39,788,1.373897e+05
270,5,39,729,1.158690e+05
270,6,39,686,1.125740e+05
270,7,39,707,1.102862e+05
270,8,39,853,1.372425e+05
270,9,39,638,8.869450e+04
270,10,39,660,9.272356e+04
280,1,39,693,1.063139e+05
280,2,39,697,1.053255e+05
280,3,39,695,1.081565e+05
280,4,39,722,9.953530e+04
280,5,39,714,1.077428e+05
280,6,39,709,1.124643e+05
280,7,39,724,1.168373e+05
280,8,39,765,1.143243e+05
280,9,39,674,1.027132e+05
280,10,39,763,1.128564e+05
290,1,39,764,1.161163e+05
290,2,39,696,9.432752e+04
290,3,39,842,1.354520e+05
290,4,39,875,1.585128e+05
290,5,39,828,1.417812e+05
290,6,39,750,1.113820e+05
290,7,39,785,1.333260e+05
290,8,39,911,1.488866e+05
290,9,39,772,1.140366e+05
290,10,39,729,1.146592e+05
300,1,39,777,1.270885e+05
300,2,39,681,8.749628e+04
300,3,39,816,1.154217e+05
300,4,39,757,1.187863e+05
300,5,39,676,8.867277e+04
300,6,39,737,1.014415e+05
300,7,39,779,1.210548e+05
300,8,39,667,9.443741e+04
300,9,39,773,1.366477e+05
300,10,39,703,1.003394e+05
200,1,4,556,8.206933e+04
200,2,4,470,6.731379e+04
200,3,4,530,7.213508e+04
200,4,4,564,7.953237e+04
200,5,4,576,1.072358e+05
200,6,4,542,9.446077e+04
200,7,4,664,1.226651e+05
200,8,4,649,1.275966e+05
200,9,4,593,9.163624e+04
200,10,4,625,1.058054e+05
210,1,4,510,8.070100e+04
210,2,4,656,1.108890e+05
210,3,4,555,8.095609e+04
210,4,4,615,8.528907e+04
210,5,4,600,9.717380e+04
210,6,4,586,9.257018e+04
210,7,4,652,1.123223e+05
210,8,4,544,7.585847e+04
210,9,4,569,8.905506e+04
210,10,4,603,9.589931e+04
220,1,4,635,9.699446e+04
220,2,4,731,1.402039e+05
220,3,4,614,8.957107e+04
220,4,4,590,9.467291e+04
220,5,4,555,7.453726e+04
220,6,4,542,7.902847e+04
220,7,4,601,9.489606e+04
220,8,4,600,1.021456e+05
220,9,4,544,7.711954e+04
220,10,4,605,9.877301e+04
230,1,4,660,1.024240e+05
230,2,4,623,1.047319e+05
230,3,4,652,1.118841e+05
230,4,4,710,1.103032e+05
230,5,4,734,1.257086e+05
230,6,4,604,8.883462e+04
230,7,4,764,1.340294e+05
230,8,4,612,1.096649e+05
230,9,4,604,8.241379e+04
230,10,4,621,1.044758e+05
240,1,4,560,6.757999e+04
240,2,4,772,1.388973e+05
240,3,4,646,1.121579e+05
240,4,4,681,1.076904e+05
240,5,4,603,9.871651e+04
240,6,4,646,1.086134e+05
240,7,4,586,9.477695e+04
240,8,4,590,9.081675e+04
240,9,4,581,8.692458e+04
240,10,4,624,9.684197e+04
250,1,4,567,7.401209e+04
250,2,4,683,9.804401e+04
250,3,4,708,1.154242e+05
250,4,4,704,1.097142e+05
250,5,4,744,1.174548e+05
250,6,4,670,9.345292e+04
250,7,4,752,1.308487e+05
250,8,4,686,1.174091e+05
250,9,4,667,1.018928e+05
250,10,4,662,9.052595e+04
260,1,4,704,1.117698e+05
260,2,4,645,8.551599e+04
260,3,4,656,9.470590e+04
260,4,4,818,1.501940e+05
260,5,4,614,9.112246e+04
260,6,4,658,9.163590e+04
260,7,4,750,1.270794e+05
260,8,4,595,8.587394e+04
260,9,4,730,1.185543e+05
260,10,4,854,1.462757e+05
270,1,4,690,1.061857e+05
270,2,4,901,1.675518e+05
270,3,4,701,1.081647e+05
270,4,4,838,1.423150e+05
270,5,4,710,1.111933e+05
270,6,4,708,1.032066e+05
270,7,4,683,9.969354e+04
270,8,4,735,1.262920e+05
270,9,4,679,1.010654e+05
270,10,4,842,1.423724e+05
280,1,4,685,9.558627e+04
280,2,4,711,1.184011e+05
280,3,4,764,1.204227e+05
280,4,4,814,1.426447e+05
280,5,4,841,1.496906e+05
280,6,4,779,1.238402e+05
280,7,4,654,1.041545e+05
280,8,4,661,9.895881e+04
280,9,4,800,1.276883e+05
280,10,4,658,8.908595e+04
290,1,4,659,8.395350e+04
290,2,4,704,9.201681e+04
290,3,4,726,1.187801e+05
290,4,4,656,8.793838e+04
290,5,4,786,1.373555e+05
290,6,4,713,1.180239e+05
290,7,4,802,1.218614e+05
290,8,4,674,9.955872e+04
290,9,4,750,1.152291e+05
290,10,4,772,1.177709e+05
300,1,4,792,1.185027e+05
300,2,4,686,9.947706e+04
300,3,4,729,1.147967e+05
300,4,4,779,1.303135e+05
300,5,4,755,1.299621e+05
300,6,4,819,1.302654e+05
300,7,4,746,1.176741e+05
300,8,4,766,1.100660e+05
300,9,4,657,9.755243e+04
300,10,4,805,1.229655e+05
200,1,40,616,9.399064e+04
200,2,40,534,8.497595e+04
200,3,40,553,9.422056e+04
200,4,40,619,1.009301e+05
200,5,40,589,8.890778e+04
200,6,40,561,9.055002e+04
200,7,40,625,1.041131e+05
200,8,40,621,9.816310e+04
200,9,40,581,8.745707e+04
200,10,40,543,8.845527e+04
210,1,40,633,9.903474e+04
210,2,40,652,1.051857e+05
210,3,40,621,1.028942e+05
210,4,40,643,1.128890e+05
210,5,40,547,7.678568e+04
210,6,40,601,8.587988e+04
210,7,40,635,1.048538e+05
210,8,40,596,9.223617e+04
210,9,40,688,1.252911e+05
210,10,40,606,9.749142e+04
220,1,40,646,1.208884e+05
220,2,40,663,1.194427e+05
220,3,40,583,8.251559e+04
220,4,40,581,8.977401e+04
220,5,40,562,7.587666e+04
220,6,40,624,8.985837e+04
220,7,40,627,9.853182e+04
220,8,40,510,6.525861e+04
220,9,40,616,1.010170e+05
220,10,40,620,1.060288e+05
230,1,40,762,1.519594e+05
230,2,40,600,8.552226e+04
230,3,40,765,1.512991e+05
230,4,40,641,9.907083e+04
230,5,40,616,9.407880e+04
230,6,40,627,9.961779e+04
230,7,40,638,9.622417e+04
230,8,40,657,9.598184e+04
230,9,40,612,9.260798e+04
230,10,40,668,1.165895e+05
240,1,40,686,1.093554e+05
240,2,40,605,9.019687e+04
240,3,40,777,1.413491e+05
240,4,40,672,1.132822e+05
240,5,40,617,9.229003e+04
240,6,40,591,8.612891e+04
240,7,40,690,1.252347e+05
240,8,40,653,1.058117e+05
240,9,40,696,1.131659e+05
240,10,40,598,8.236358e+04
250,1,40,588,8.145459e+04
250,2,40,561,7.982710e+04
250,3,40,763,1.184610e+05
250,4,40,792,1.437522e+05
250,5,40,631,8.483303e+04
250,6,40,830,1.371819e+05
250,7,40,653,9.722750e+04
250,8,40,700,1.134906e+05
250,9,40,743,1.331912e+05
250,10,40,646,9.559355e+04
260,1,40,533,7.009345e+04
260,2,40,735,1.186133e+05
260,3,40,710,1.127614e+05
260,4,40,688,1.054452e+05
260,5,40,685,9.473940e+04
260,6,40,838,1.564122e+05
260,7,40,671,1.010538e+05
260,8,40,708,1.036087e+05
260,9,40,652,8.900138e+04
260,10,40,643,9.824059e+04
270,1,40,697,1.043905e+05
270,2,40,786,1.265265e+05
270,3,40,779,1.282982e+05
270,4,40,669,1.042026e+05
270,5,40,705,1.015607e+05
270,6,40,756,1.249048e+05
270,7,40,649,9.320090e+04
270,8,40,691,1.099081e+05
270,9,40,639,9.028984e+04
270,10,40,676,9.160452e+04
280,1,40,678,1.084541e+05
280,2,40,667,1.013553e+05
280,3,40,646,8.265976e+04
280,4,40,678,1.031727e+05
280,5,40,828,1.435521e+05
280,6,40,691,9.332779e+04
280,7,40,707,1.107742e+05
280,8,40,691,1.006854e+05
280,9,40,673,9.256012e+04
280,10,40,770,1.258933e+05
290,1,40,761,1.244664e+05
290,2,40,746,1.178945e+05
290,3,40,826,1.309649e+05
290,4,40,745,1.084048e+05
290,5,40,762,1.237712e+05
290,6,40,773,1.155516e+05
290,7,40,762,1.280429e+05
290,8,40,842,1.394624e+05
290,9,40,660,9.625462e+04
290,10,40,773,1.133440e+05
300,1,40,881,1.448625e+05
300,2,40,754,1.211920e+05
300,3,40,600,8.491901e+04
300,4,40,644,9.067232e+04
300,5,40,783,1.216698e+05
300,6,40,719,1.043972e+05
300,7,40,746,1.152073e+05
300,8,40,819,1.322749e+05
300,9,40,737,1.199585e+05
300,10,40,796,1.144231e+05
200,1,41,509,7.665324e+04
200,2,41,439,5.925766e+04
200,3,41,565,8.440092e+04
200,4,41,544,8.801916e+04
200,5,41,599,9.551124e+04
200,6,41,632,9.713985e+04
200,7,41,526,8.605932e+04
200,8,41,556,9.278627e+04
200,9,41,670,1.193509e+05
200,10,41,539,9.512993e+04
210,1,41,597,9.736398e+04
210,2,41,745,1.345756e+05
210,3,41,650,1.024584e+05
210,4,41,560,8.045078e+04
210,5,41,588,1.121117e+05
210,6,41,663,1.128112e+05
210,7,41,696,1.220746e+05
210,8,41,539,8.293249e+04
210,9,41,587,1.013650e+05
210,10,41,546,8.886136e+04
220,1,41,630,1.106748e+05
220,2,41,579,8.781846e+04
220,3,41,600,9.828484e+04
220,4,41,632,9.827901e+04
220,5,41,668,1.095911e+05
220,6,41,657,1.182575e+05
220,7,41,615,1.015689e+05
220,8,41,637,1.147476e+05
220,9,41,644,1.120583e+05
220,10,41,582,1.041029e+05
230,1,41,698,1.145124e+05
230,2,41,673,1.028087e+05
230,3,41,612,9.851896e+04
230,4,41,558,7.749012e+04
230,5,41,631,9.374677e+04
230,6,41,622,9.004510e+04
230,7,41,586,8.533117e+04
230,8,41,704,1.140084e+05
230,9,41,617,9.174026e+04
230,10,41,624,8.210123e+04
240,1,41,620,9.776885e+04
240,2,41,600,8.331134e+04
240,3,41,779,1.212200e+05
240,4,41,641,9.801303e+04
240,5,41,820,1.646848e+05
240,6,41,612,8.854346e+04
240,7,41,667,1.029993e+05
240,8,41,598,8.469607e+04
240,9,41,635,9.337758e+04
240,10,41,741,1.304671e+05
250,1,41,674,1.129634e+05
250,2,41,697,1.107223e+05
250,3,41,623,9.587482e+04
250,4,41,691,1.050377e+05
250,5,41,629,9.244494e+04
250,6,41,723,1.230982e+05
250,7,41,769,1.353639e+05
250,8,41,716,1.190726e+05
250,9,41,733,1.178927e+05
250,10,41,742,1.251608e+05
260,1,41,611,8.765135e+04
260,2,41,748,1.161230e+05
260,3,41,710,1.207948e+05
260,4,41,746,1.319468e+05
260,5,41,696,1.084122e+05
260,6,41,694,1.173799e+05
260,7,41,643,9.539622e+04
260,8,41,600,8.986901e+04
260,9,41,690,9.944605e+04
260,10,41,736,1.080657e+05
270,1,41,887,1.608272e+05
270,2,41,647,8.678568e+04
270,3,41,693,1.132878e+05
270,4,41,706,1.132584e+05
270,5,41,691,9.963595e+04
270,6,41,740,1.202244e+05
270,7,41,776,1.281610e+05
270,8,41,698,1.097414e+05
270,9,41,664,1.050472e+05
270,10,41,782,1.318618e+05
280,1,41,752,1.257971e+05
280,2,41,797,1.278061e+05
280,3,41,728,1.098099e+05
280,4,41,754,1.213572e+05
280,5,41,617,9.098622e+04
280,6,41,624,7.580340e+04
280,7,41,638,9.279513e+04
280,8,41,736,1.134869e+05
280,9,41,659,9.276616e+04
280,10,41,707,1.006978e+05
290,1,41,618,8.623875e+04
290,2,41,735,1.065269e+05
290,3,41,648,9.437161e+04
290,4,41,688,9.133923e+04
290,5,41,694,1.063608e+05
290,6,41,762,1.288391e+05
290,7,41,877,1.583503e+05
290,8,41,655,9.007706e+04
290,9,41,671,9.937978e+04
290,10,41,708,1.105981e+05
300,1,41,702,1.054131e+05
300,2,41,790,1.196412e+05
300,3,41,738,1.094493e+05
300,4,41,790,1.123382e+05
300,5,41,710,9.983978e+04
300,6,41,836,1.425837e+05
300,7,41,743,1.146110e+05
300,8,41,746,1.120641e+05
300,9,41,970,1.611478e+05
300,10,41,763,1.114004e+05
200,1,42,726,1.320548e+05
200,2,42,603,8.858683e+04
200,3,42,699,1.204813e+05
200,4,42,637,1.048904e+05
200,5,42,551,8.418166e+04
200,6,42,514,7.259761e+04
200,7,42,538,8.506283e+04
200,8,42,558,8.953206e+04
200,9,42,671,1.179235e+05
200,10,42,626,1.145483e+05
210,1,42,606,8.923433e+04
210,2,42,492,6.846979e+04
210,3,42,638,1.026260e+05
210,4,42,684,1.238865e+05
210,5,42,649,1.066205e+05
210,6,42,575,7.800246e+04
210,7,42,632,1.027890e+05
210,8,42,639,1.148561e+05
210,9,42,635,1.027075e+05
210,10,42,557,9.247446e+04
220,1,42,609,9.806883e+04
220,2,42,588,8.230385e+04
220,3,42,564,8.683265e+04
220,4,42,680,1.236471e+05
220,5,42,648,1.019862e+05
220,6,42,589,8.285897e+04
220,7,42,708,1.305297e+05
220,8,42,625,1.018725e+05
220,9,42,566,8.496448e+04
220,10,42,693,1.277070e+05
230,1,42,595,9.226429e+04
230,2,42,674,1.068502e+05
230,3,42,653,1.023542e+05
230,4,42,709,1.226672e+05
230,5,42,723,1.241372e+05
230,6,42,641,1.157933e+05
230,7,42,639,1.050229e+05
230,8,42,581,8.403404e+04
230,9,42,624,9.479877e+04
230,10,42,655,1.153364e+05
240,1,42,692,1.123259e+05
240,2,42,636,9.725501e+04
240,3,42,679,1.100644e+05
240,4,42,573,7.855840e+04
240,5,42,749,1.352479e+05
240,6,42,518,7.016484e+04
240,7,42,673,1.050892e+05
240,8,42,584,8.691129e+04
240,9,42,734,1.267181e+05
240,10,42,687,1.157068e+05
250,1,42,664,1.002024e+05
250,2,42,676,1.019900e+05
250,3,42,651,9.825686e+04
250,4,42,688,1.080105e+05
250,5,42,732,1.170905e+05
250,6,42,640,1.064937e+05
250,7,42,664,9.226589e+04
250,8,42,708,1.222626e+05
250,9,42,763,1.164130e+05
250,10,42,699,1.193612e+05
260,1,42,713,1.160782e+05
260,2,42,745,1.253089e+05
260,3,42,757,1.265351e+05
260,4,42,640,1.029523e+05
260,5,42,693,9.479989e+04
260,6,42,841,1.440307e+05
260,7,42,684,9.783133e+04
260,8,42,736,1.290039e+05
260,9,42,648,9.370222e+04
260,10,42,640,9.486127e+04
270,1,42,766,1.367724e+05
270,2,42,713,1.064037e+05
270,3,42,696,1.016835e+05
270,4,42,808,1.285174e+05
270,5,42,718,1.099373e+05
270,6,42,842,1.477182e+05
270,7,42,720,1.147377e+05
270,8,42,689,1.006132e+05
270,9,42,694,1.092911e+05
270,10,42,714,1.096155e+05
280,1,42,829,1.513621e+05
280,2,42,766,1.153157e+05
280,3,42,783,1.258930e+05
280,4,42,639,8.672481e+04
280,5,42,793,1.233978e+05
280,6,42,643,8.749968e+04
280,7,42,766,1.111269e+05
280,8,42,701,9.632615e+04
280,9,42,658,1.088331e+05
280,10,42,619,8.592081e+04
290,1,42,892,1.420469e+05
290,2,42,823,1.259164e+05
290,3,42,782,1.268542e+05
290,4,42,635,8.708838e+04
290,5,42,768,1.348375e+05
290,6,42,659,9.139195e+04
290,7,42,826,1.348278e+05
290,8,42,752,1.071361e+05
290,9,42,820,1.480728e+05
290,10,42,821,1.366753e+05
300,1,42,701,9.781686e+04
300,2,42,715,1.009289e+05
300,3,42,808,1.215728e+05
300,4,42,656,8.978722e+04
300,5,42,655,8.127891e+04
300,6,42,711,9.878005e+04
300,7,42,797,1.084167e+05
300,8,42,825,1.423266e+05
300,9,42,687,1.036680e+05
300,10,42,748,1.148251e+05
200,1,43,586,1.044145e+05
200,2,43,561,8.779106e+04
200,3,43,619,1.118434e+05
200,4,43,661,1.134943e+05
200,5,43,565,9.035877e+04
200,6,43,719,1.383304e+05
200,7,43,583,8.768384e+04
200,8,43,534,8.094986e+04
200,9,43,554,8.510741e+04
200,10,43,619,1.202963e+05
210,1,43,500,7.357375e+04
210,2,43,603,8.421020e+04
210,3,43,668,1.131395e+05
210,4,43,600,1.006002e+05
210,5,43,635,1.089186e+05
210,6,43,580,9.668283e+04
210,7,43,642,1.182248e+05
210,8,43,730,1.338675e+05
210,9,43,636,9.944783e+04
210,10,43,478,5.770378e+04
220,1,43,600,7.838708e+04
220,2,43,580,8.953223e+04
220,3,43,708,1.191355e+05
220,4,43,673,1.129022e+05
220,5,43,606,1.021573e+05
220,6,43,580,8.368611e+04
220,7,43,753,1.285256e+05
220,8,43,580,9.403675e+04
220,9,43,653,1.186290e+05
220,10,43,580,8.975185e+04
230,1,43,641,9.944211e+04
230,2,43,654,1.042887e+05
230,3,43,662,1.078453e+05
230,4,43,562,8.276207e+04
230,5,43,599,9.031498e+04
230,6,43,644,9.805777e+04
230,7,43,584,8.435536e+04
230,8,43,571,9.335500e+04
230,9,43,691,1.045089e+05
230,10,43,612,9.677090e+04
240,1,43,642,1.058557e+05
240,2,43,646,1.053660e+05
240,3,43,716,1.156697e+05
240,4,43,733,1.312641e+05
240,5,43,591,8.315200e+04
240,6,43,627,9.865300e+04
240,7,43,658,1.111355e+05
240,8,43,615,9.635416e+04
240,9,43,647,1.073785e+05
240,10,43,673,1.074320e+05
250,1,43,757,1.148061e+05
250,2,43,660,1.086780e+05
250,3,43,707,1.087077e+05
250,4,43,641,9.219625e+04
250,5,43,698,1.147548e+05
250,6,43,652,9.190106e+04
250,7,43,649,9.822885e+04
250,8,43,581,9.321832e+04
250,9,43,784,1.307516e+05
250,10,43,748,1.194316e+05
260,1,43,631,1.029841e+05
260,2,43,631,9.547574e+04
260,3,43,748,1.385274e+05
260,4,43,733,1.178752e+05
260,5,43,738,1.268815e+05
260,6,43,559,7.457557e+04
260,7,43,633,1.001740e+05
260,8,43,703,1.101879e+05
260,9,43,773,1.306577e+05
260,10,43,604,7.536212e+04
270,1,43,737,9.930148e+04
270,2,43,701,1.147639e+05
270,3,43,786,1.418105e+05
270,4,43,772,1.154493e+05
270,5,43,755,1.161399e+05
270,6,43,653,1.068783e+05
270,7,43,713,1.026966e+05
270,8,43,620,8.953975e+04
270,9,43,770,1.268912e+05
270,10,43,786,1.243286e+05
280,1,43,692,1.054626e+05
280,2,43,674,1.113046e+05
280,3,43,749,1.204094e+05
280,4,43,778,1.339964e+05
280,5,43,631,8.707935e+04
280,6,43,677,1.039602e+05
280,7,43,751,1.381086e+05
280,8,43,727,1.140704e+05
280,9,43,683,1.073779e+05
280,10,43,691,1.017270e+05
290,1,43,764,1.248218e+05
290,2,43,811,1.240153e+05
290,3,43,669,8.858297e+04
290,4,43,735,1.092041e+05
290,5,43,949,1.611231e+05
290,6,43,701,1.097385e+05
290,7,43,797,1.247022e+05
290,8,43,786,1.252964e+05
290,9,43,672,8.738852e+04
290,10,43,805,1.274673e+05
300,1,43,860,1.502340e+05
300,2,43,745,1.164001e+05
300,3,43,865,1.579779e+05
300,4,43,802,1.101744e+05
300,5,43,727,1.103400e+05
300,6,43,642,9.501661e+04
300,7,43,796,1.250952e+05
300,8,43,667,9.634334e+04
300,9,43,747,1.027270e+05
300,10,43,746,1.163566e+05
200,1,44,537,8.340612e+04
200,2,44,573,9.200376e+04
200,3,44,529,7.074375e+04
200,4,44,582,7.792481e+04
200,5,44,559,7.470667e+04
200,6,44,634,9.808376e+04
200,7,44,673,1.158846e+05
200,8,44,560,9.240125e+04
200,9,44,594,7.968899e+04
200,10,44,615,9.893482e+04
210,1,44,601,9.854163e+04
210,2,44,595,8.927617e+04
210,3,44,640,9.972326e+04
210,4,44,536,8.600625e+04
210,5,44,581,9.624148e+04
210,6,44,628,1.051850e+05
210,7,44,635,1.106359e+05
210,8,44,639,1.074892e+05
210,9,44,718,1.184032e+05
210,10,44,559,7.913351e+04
220,1,44,577,8.171774e+04
220,2,44,669,1.081033e+05
220,3,44,634,9.877681e+04
220,4,44,608,9.792919e+04
220,5,44,584,7.779909e+04
220,6,44,643,9.601701e+04
220,7,44,570,9.308037e+04
220,8,44,564,8.499966e+04
220,9,44,581,9.033232e+04
220,10,44,553,8.608794e+04
230,1,44,635,1.007726e+05
230,2,44,693,1.248872e+05
230,3,44,613,9.345950e+04
230,4,44,710,1.148083e+05
230,5,44,606,1.001806e+05
230,6,44,569,8.008124e+04
230,7,44,601,1.056107e+05
230,8,44,739,1.335480e+05
230,9,44,640,1.024890e+05
230,10,44,727,1.199802e+05
240,1,44,670,1.063746e+05
240,2,44,631,1.054415e+05
240,3,44,702,1.024014e+05
240,4,44,575,8.301828e+04
240,5,44,682,1.069359e+05
240,6,44,667,1.053182e+05
240,7,44,698,1.140612e+05
240,8,44,640,9.832393e+04
240,9,44,689,1.052809e+05
240,10,44,613,1.024053e+05
250,1,44,651,1.027989e+05
250,2,44,742,1.142860e+05
250,3,44,657,9.720126e+04
250,4,44,652,9.168465e+04
250,5,44,662,9.703361e+04
250,6,44,806,1.462022e+05
250,7,44,607,8.767699e+04
250,8,44,691,1.217174e+05
250,9,44,666,1.074693e+05
250,10,44,650,1.027072e+05
260,1,44,683,1.055479e+05
260,2,44,691,1.036468e+05
260,3,44,711,1.169983e+05
260,4,44,688,1.047502e+05
260,5,44,683,9.646431e+04
260,6,44,721,1.158496e+05
260,7,44,710,1.010590e+05
260,8,44,717,1.018308e+05
260,9,44,648,8.721161e+04
260,10,44,641,8.782657e+04
270,1,44,695,1.048873e+05
270,2,44,694,1.178574e+05
270,3,44,651,9.158611e+04
270,4,44,700,1.036020e+05
270,5,44,753,1.193528e+05
270,6,44,769,1.186597e+05
270,7,44,787,1.373970e+05
270,8,44,685,1.000860e+05
270,9,44,761,1.136086e+05
270,10,44,743,1.295015e+05
280,1,44,676,1.029179e+05
280,2,44,701,1.034859e+05
280,3,44,716,1.084021e+05
280,4,44,725,1.003821e+05
280,5,44,772,1.246287e+05
280,6,44,796,1.256476e+05
280,7,44,711,1.143271e+05
280,8,44,724,1.106938e+05
280,9,44,730,1.101914e+05
280,10,44,776,1.195414e+05
290,1,44,685,1.031836e+05
290,2,44,855,1.498730e+05
290,3,44,634,9.085401e+04
290,4,44,696,1.038603e+05
290,5,44,735,1.152560e+05
290,6,44,808,1.421148e+05
290,7,44,771,1.190224e+05
290,8,44,843,1.324043e+05
290,9,44,751,1.114654e+05
290,10,44,688,8.944452e+04
300,1,44,709,1.024597e+05
300,2,44,831,1.340392e+05
300,3,44,738,1.115392e+05
300,4,44,656,1.028849e+05
300,5,44,764,1.144257e+05
300,6,44,797,1.097517e+05
300,7,44,795,1.336021e+05
300,8,44,752,1.143842e+05
300,9,44,842,1.492812e+05
300,10,44,747,1.147926e+05
200,1,45,639,1.108712e+05
200,2,45,627,1.184017e+05
200,3,45,581,1.022634e+05
200,4,45,592,9.316928e+04
200,5,45,606,1.072123e+05
200,6,45,605,1.000352e+05
200,7,45,596,9.802215e+04
200,8,45,662,1.218953e+05
200,9,45,596,1.005296e+05
200,10,45,642,1.178036e+05
210,1,45,626,1.022260e+05
210,2,45,778,1.339990e+05
210,3,45,591,9.084573e+04
210,4,45,685,1.027953e+05
210,5,45,639,9.976547e+04
210,6,45,749,1.303328e+05
210,7,45,631,1.043069e+05
210,8,45,643,1.079219e+05
210,9,45,617,9.968646e+04
210,10,45,677,1.110067e+05
220,1,45,631,9.486722e+04
220,2,45,636,9.887820e+04
220,3,45,676,1.083593e+05
220,4,45,619,9.171577e+04
220,5,45,652,1.082250e+05
220,6,45,610,9.364669e+04
220,7,45,710,1.216804e+05
220,8,45,645,1.094817e+05
220,9,45,650,1.079914e+05
220,10,45,664,1.102177e+05
230,1,45,683,1.202511e+05
230,2,45,627,1.041973e+05
230,3,45,636,9.810041e+04
230,4,45,630,9.091682e+04
230,5,45,622,1.063761e+05
230,6,45,624,9.958861e+04
230,7,45,729,1.220332e+05
230,8,45,617,8.969796e+04
230,9,45,616,9.399484e+04
230,10,45,594,9.487625e+04
240,1,45,621,8.219189e+04
240,2,45,715,1.049178e+05
240,3,45,694,1.234749e+05
240,4,45,660,8.937419e+04
240,5,45,643,1.006324e+05
240,6,45,615,8.846318e+04
240,7,45,693,1.193133e+05
240,8,45,744,1.418815e+05
240,9,45,647,9.915203e+04
240,10,45,639,9.361781e+04
250,1,45,675,1.073954e+05
250,2,45,677,1.121400e+05
250,3,45,687,9.909269e+04
250,4,45,642,9.660856e+04
250,5,45,717,1.069260e+05
250,6,45,787,1.408778e+05
250,7,45,704,1.101492e+05
250,8,45,672,9.756187e+04
250,9,45,645,1.006720e+05
250,10,45,614,8.506210e+04
260,1,45,750,1.191804e+05
260,2,45,717,1.230472e+05
260,3,45,826,1.381040e+05
260,4,45,722,1.054623e+05
260,5,45,726,1.204177e+05
260,6,45,761,1.111523e+05
260,7,45,685,1.119021e+05
260,8,45,649,9.220994e+04
260,9,45,698,1.078424e+05
260,10,45,827,1.477128e+05
270,1,45,688,1.001621e+05
270,2,45,833,1.376352e+05
270,3,45,802,1.464391e+05
270,4,45,702,1.158521e+05
270,5,45,717,1.036531e+05
270,6,45,626,9.917371e+04
270,7,45,791,1.209146e+05
270,8,45,682,9.527437e+04
270,9,45,755,1.237107e+05
270,10,45,704,1.039545e+05
280,1,45,799,1.203850e+05
280,2,45,757,1.263030e+05
280,3,45,742,1.099506e+05
280,4,45,752,1.238559e+05
280,5,45,838,1.475350e+05
280,6,45,687,1.008212e+05
280,7,45,789,1.354244e+05
280,8,45,734,1.097277e+05
280,9,45,682,1.107323e+05
280,10,45,810,1.273929e+05
290,1,45,713,1.028650e+05
290,2,45,821,1.287863e+05
290,3,45,719,1.081033e+05
290,4,45,743,1.017931e+05
290,5,45,789,1.172531e+05
290,6,45,713,1.237095e+05
290,7,45,707,1.007789e+05
290,8,45,856,1.398297e+05
290,9,45,730,9.683496e+04
290,10,45,747,1.017593e+05
300,1,45,671,1.024724e+05
300,2,45,713,1.063715e+05
300,3,45,816,1.254833e+05
300,4,45,741,1.067940e+05
300,5,45,746,1.138015e+05
300,6,45,710,8.799838e+04
300,7,45,746,1.147206e+05
300,8,45,915,1.361443e+05
300,9,45,724,9.864607e+04
300,10,45,722,1.009504e+05
200,1,46,636,1.042864e+05
200,2,46,570,9.762141e+04
200,3,46,551,9.435566e+04
200,4,46,637,1.158787e+05
200,5,46,594,9.792542e+04
200,6,46,635,9.559428e+04
200,7,46,580,1.011908e+05
200,8,46,534,8.062327e+04
200,9,46,555,9.096911e+04
200,10,46,626,1.023815e+05
210,1,46,728,1.350411e+05
210,2,46,643,1.027693e+05
210,3,46,723,1.280695e+05
210,4,46,695,1.208139e+05
210,5,46,672,1.117915e+05
210,6,46,624,9.561830e+04
210,7,46,563,7.966767e+04
210,8,46,615,1.030411e+05
210,9,46,563,8.504716e+04
210,10,46,543,7.657641e+04
220,1,46,753,1.355553e+05
220,2,46,602,9.483613e+04
220,3,46,531,8.109825e+04
220,4,46,599,1.012375e+05
220,5,46,614,8.862641e+04
220,6,46,642,1.067862e+05
220,7,46,664,1.116350e+05
220,8,46,625,9.770792e+04
220,9,46,641,1.123077e+05
220,10,46,518,7.608485e+04
230,1,46,646,1.025455e+05
230,2,46,600,9.047403e+04
230,3,46,614,8.718198e+04
230,4,46,658,1.050998e+05
230,5,46,594,9.526579e+04
230,6,46,626,9.459734e+04
230,7,46,602,8.678645e+04
230,8,46,665,1.056793e+05
230,9,46,629,9.242522e+04
230,10,46,615,9.455096e+04
240,1,46,632,9.455176e+04
240,2,46,656,1.085189e+05
240,3,46,648,1.047337e+05
240,4,46,665,1.098563e+05
240,5,46,767,1.533002e+05
240,6,46,572,7.926892e+04
240,7,46,719,1.308579e+05
240,8,46,592,8.433784e+04
240,9,46,531,7.409820e+04
240,10,46,615,9.743195e+04
250,1,46,590,9.152203e+04
250,2,46,720,1.284423e+05
250,3,46,699,1.077528e+05
250,4,46,730,1.033051e+05
250,5,46,746,1.203811e+05
250,6,46,672,1.092185e+05
250,7,46,658,1.032142e+05
250,8,46,647,1.037807e+05
250,9,46,620,9.734745e+04
250,10,46,679,1.111722e+05
260,1,46,729,1.104821e+05
260,2,46,690,1.026289e+05
260,3,46,821,1.504521e+05
260,4,46,700,1.077668e+05
260,5,46,660,1.050923e+05
260,6,46,724,1.092407e+05
260,7,46,862,1.604284e+05
260,8,46,745,1.115267e+05
260,9,46,567,7.498996e+04
260,10,46,569,7.790064e+04
270,1,46,799,1.439658e+05
270,2,46,701,1.137281e+05
270,3,46,775,1.244318e+05
270,4,46,709,1.120381e+05
270,5,46,713,1.118099e+05
270,6,46,574,7.880549e+04
270,7,46,802,1.494080e+05
270,8,46,739,1.142049e+05
270,9,46,657,8.825357e+04
270,10,46,703,9.655518e+04
280,1,46,783,1.335814e+05
280,2,46,743,1.338283e+05
280,3,46,778,1.396066e+05
280,4,46,722,1.143186e+05
280,5,46,769,1.378020e+05
280,6,46,746,1.307384e+05
280,7,46,739,1.066315e+05
280,8,46,746,1.240038e+05
280,9,46,630,9.444454e+04
280,10,46,771,1.296039e+05
290,1,46,669,8.968765e+04
290,2,46,825,1.547705e+05
290,3,46,780,1.407039e+05
290,4,46,879,1.557394e+05
290,5,46,747,1.110874e+05
290,6,46,592,7.108377e+04
290,7,46,768,1.373668e+05
290,8,46,778,1.170843e+05
290,9,46,677,9.205997e+04
290,10,46,785,1.425528e+05
300,1,46,854,1.468179e+05
300,2,46,818,1.409086e+05
300,3,46,886,1.544330e+05
300,4,46,675,9.700439e+04
300,5,46,699,8.972952e+04
300,6,46,695,1.154649e+05
300,7,46,853,1.462692e+05
300,8,46,615,7.729016e+04
300,9,46,711,1.002780e+05
300,10,46,807,1.213183e+05
200,1,47,631,1.088872e+05
200,2,47,589,9.095946e+04
200,3,47,681,1.132354e+05
200,4,47,667,1.232168e+05
200,5,47,572,9.785455e+04
200,6,47,583,9.931812e+04
200,7,47,637,1.273969e+05
200,8,47,625,1.082539e+05
200,9,47,611,1.109030e+05
200,10,47,621,9.979408e+04
210,1,47,569,8.412494e+04
210,2,47,625,1.045361e+05
210,3,47,576,9.275004e+04
210,4,47,617,9.674658e+04
210,5,47,629,1.101761e+05
210,6,47,574,8.437757e+04
210,7,47,582,1.037919e+05
210,8,47,588,9.010327e+04
210,9,47,570,8.312603e+04
210,10,47,649,1.036676e+05
220,1,47,635,1.010426e+05
220,2,47,584,9.040293e+04
220,3,47,562,8.802591e+04
220,4,47,634,9.859541e+04
220,5,47,653,1.054427e+05
220,6,47,702,1.214464e+05
220,7,47,625,1.005028e+05
220,8,47,601,9.532974e+04
220,9,47,571,8.160471e+04
220,10,47,728,1.340920e+05
230,1,47,619,9.668933e+04
230,2,47,652,1.065459e+05
230,3,47,686,1.045354e+05
230,4,47,684,1.163789e+05
230,5,47,612,9.089096e+04
230,6,47,598,9.360869e+04
230,7,47,674,1.095860e+05
230,8,47,711,1.167788e+05
230,9,47,616,8.905750e+04
230,10,47,680,1.088429e+05
240,1,47,788,1.505908e+05
240,2,47,756,1.369588e+05
240,3,47,673,1.049315e+05
240,4,47,694,1.042165e+05
240,5,47,716,1.151396e+05
240,6,47,640,9.480733e+04
240,7,47,597,8.606293e+04
240,8,47,714,1.253819e+05
240,9,47,668,1.065293e+05
240,10,47,721,1.196435e+05
250,1,47,683,1.031707e+05
250,2,47,714,1.191710e+05
250,3,47,663,1.063279e+05
250,4,47,706,1.123101e+05
250,5,47,690,1.118182e+05
250,6,47,711,1.197159e+05
250,7,47,577,9.075295e+04
250,8,47,682,1.130306e+05
250,9,47,710,1.250928e+05
250,10,47,638,1.005787e+05
260,1,47,717,1.117958e+05
260,2,47,715,1.113090e+05
260,3,47,660,1.058144e+05
260,4,47,612,9.049897e+04
260,5,47,714,1.093079e+05
260,6,47,633,1.102771e+05
260,7,47,564,8.481141e+04
260,8,47,596,8.786438e+04
260,9,47,768,1.324948e+05
260,10,47,660,1.099571e+05
270,1,47,644,9.079446e+04
270,2,47,723,1.152343e+05
270,3,47,660,9.536969e+04
270,4,47,737,1.061256e+05
270,5,47,774,1.259952e+05
270,6,47,697,1.039822e+05
270,7,47,717,1.208924e+05
270,8,47,735,1.209024e+05
270,9,47,822,1.408276e+05
270,10,47,684,1.087350e+05
280,1,47,741,1.101439e+05
280,2,47,621,9.195566e+04
280,3,47,824,1.370664e+05
280,4,47,771,1.362575e+05
280,5,47,698,9.456444e+04
280,6,47,692,8.793617e+04
280,7,47,803,1.413108e+05
280,8,47,747,1.183316e+05
280,9,47,803,1.213310e+05
280,10,47,938,1.596658e+05
290,1,47,682,1.014250e+05
290,2,47,675,8.756713e+04
290,3,47,784,1.146666e+05
290,4,47,690,8.887763e+04
290,5,47,770,1.202556e+05
290,6,47,711,1.011223e+05
290,7,47,674,9.421155e+04
290,8,47,743,1.091780e+05
290,9,47,749,1.249456e+05
290,10,47,768,1.167073e+05
300,1,47,729,1.120072e+05
300,2,47,675,8.328791e+04
300,3,47,809,1.334073e+05
300,4,47,682,9.167643e+04
300,5,47,692,8.952245e+04
300,6,47,682,9.322782e+04
300,7,47,779,1.240519e+05
300,8,47,687,9.648221e+04
300,9,47,768,1.106978e+05
300,10,47,757,1.137024e+05
200,1,48,544,8.129941e+04
200,2,48,567,8.121973e+04
200,3,48,566,8.002660e+04
200,4,48,722,1.336931e+05
200,5,48,595,9.169362e+04
200,6,48,575,9.209669e+04
200,7,48,552,8.217415e+04
200,8,48,603,1.164794e+05
200,9,48,506,7.174387e+04
200,10,48,625,1.150579e+05
210,1,48,631,1.011523e+05
210,2,48,616,9.800751e+04
210,3,48,593,8.615409e+04
210,4,48,552,8.269638e+04
210,5,48,594,1.047101e+05
210,6,48,599,9.489445e+04
210,7,48,542,7.381302e+04
210,8,48,582,9.667872e+04
210,9,48,615,1.012410e+05
210,10,48,499,6.222678e+04
220,1,48,533,7.919452e+04
220,2,48,592,1.085930e+05
220,3,48,614,9.942829e+04
220,4,48,612,9.959071e+04
220,5,48,620,9.725084e+04
220,6,48,580,9.600485e+04
220,7,48,594,9.544726e+04
220,8,48,548,7.270092e+04
220,9,48,594,1.023935e+05
220,10,48,656,1.235827e+05
230,1,48,610,9.794784e+04
230,2,48,581,8.545034e+04
230,3,48,723,1.399082e+05
230,4,48,635,1.007355e+05
230,5,48,621,1.154017e+05
230,6,48,697,1.286757e+05
230,7,48,705,1.276022e+05
230,8,48,630,9.916036e+04
230,9,48,607,9.371805e+04
230,10,48,589,8.662698e+04
240,1,48,623,1.029403e+05
240,2,48,682,1.209101e+05
240,3,48,665,1.042824e+05
240,4,48,598,8.287339e+04
240,5,48,676,9.839497e+04
240,6,48,667,1.112035e+05
240,7,48,585,9.487419e+04
240,8,48,662,1.093124e+05
240,9,48,723,1.261438e+05
240,10,48,636,9.499761e+04
250,1,48,824,1.438808e+05
250,2,48,681,1.206475e+05
250,3,48,693,1.231227e+05
250,4,48,670,1.019728e+05
250,5,48,638,1.027632e+05
250,6,48,760,1.434655e+05
250,7,48,730,1.098745e+05
250,8,48,652,1.125164e+05
250,9,48,774,1.401773e+05
250,10,48,632,1.007132e+05
260,1,48,668,1.048864e+05
260,2,48,673,1.039567e+05
260,3,48,806,1.412452e+05
260,4,48,658,9.801599e+04
260,5,48,657,9.311717e+04
260,6,48,561,6.894365e+04
260,7,48,644,7.897983e+04
260,8,48,656,1.075431e+05
260,9,48,756,1.270303e+05
260,10,48,636,9.808910e+04
270,1,48,740,1.239786e+05
270,2,48,664,9.954320e+04
270,3,48,691,9.711998e+04
270,4,48,606,8.586610e+04
270,5,48,737,1.209961e+05
270,6,48,697,9.888777e+04
270,7,48,673,9.344966e+04
270,8,48,704,1.148912e+05
270,9,48,686,1.154891e+05
270,10,48,671,1.049869e+05
280,1,48,847,1.438130e+05
280,2,48,664,9.988759e+04
280,3,48,674,1.027321e+05
280,4,48,713,1.129032e+05
280,5,48,781,1.324154e+05
280,6,48,587,8.236959e+04
280,7,48,593,9.028343e+04
280,8,48,712,1.004643e+05
280,9,48,783,1.206543e+05
280,10,48,775,1.183430e+05
290,1,48,674,9.869712e+04
290,2,48,723,1.187301e+05
290,3,48,770,1.202199e+05
290,4,48,617,8.366069e+04
290,5,48,671,1.068210e+05
290,6,48,848,1.377175e+05
290,7,48,854,1.324694e+05
290,8,48,690,1.002097e+05
290,9,48,769,1.430063e+05
290,10,48,724,1.215742e+05
300,1,48,780,1.074170e+05
300,2,48,677,8.759179e+04
300,3,48,610,9.137338e+04
300,4,48,645,8.246352e+04
300,5,48,857,1.357004e+05
300,6,48,762,1.119491e+05
300,7,48,784,1.232528e+05
300,8,48,746,1.108511e+05
300,9,48,795,1.328711e+05
300,10,48,683,1.077766e+05
200,1,49,588,1.085287e+05
200,2,49,616,1.055633e+05
200,3,49,585,9.394045e+04
200,4,49,568,9.046378e+04
200,5,49,597,9.022399e+04
200,6,49,547,8.269718e+04
200,7,49,592,9.620006e+04
200,8,49,629,9.659893e+04
200,9,49,594,1.087388e+05
200,10,49,580,8.912866e+04
210,1,49,619,1.044743e+05
210,2,49,620,1.126753e+05
210,3,49,627,9.824140e+04
210,4,49,607,9.922013e+04
210,5,49,623,1.058099e+05
210,6,49,622,1.062808e+05
210,7,49,586,8.532838e+04
210,8,49,563,1.000124e+05
210,9,49,556,7.798591e+04
210,10,49,593,8.498613e+04
220,1,49,595,9.112572e+04
220,2,49,548,9.095706e+04
220,3,49,757,1.336144e+05
220,4,49,616,8.949728e+04
220,5,49,685,1.153203e+05
220,6,49,706,1.216984e+05
220,7,49,613,9.000531e+04
220,8,49,593,9.753574e+04
220,9,49,599,9.552126e+04
220,10,49,610,9.261131e+04
230,1,49,613,1.052839e+05
230,2,49,526,7.216859e+04
230,3,49,612,8.722020e+04
230,4,49,709,1.178711e+05
230,5,49,609,8.881268e+04
230,6,49,620,8.033537e+04
230,7,49,603,8.977552e+04
230,8,49,666,1.118759e+05
230,9,49,590,9.152243e+04
230,10,49,582,8.682006e+04
240,1,49,766,1.438590e+05
240,2,49,678,1.083478e+05
240,3,49,651,1.009222e+05
240,4,49,641,9.304651e+04
240,5,49,673,1.165182e+05
240,6,49,697,1.190839e+05
240,7,49,552,7.082998e+04
240,8,49,652,1.091261e+05
240,9,49,696,1.220837e+05
240,10,49,688,1.193611e+05
250,1,49,764,1.214170e+05
250,2,49,661,1.029099e+05
250,3,49,675,1.049425e+05
250,4,49,708,1.257430e+05
250,5,49,732,1.200235e+05
250,6,49,633,9.087293e+04
250,7,49,850,1.666011e+05
250,8,49,696,1.163356e+05
250,9,49,663,1.053316e+05
250,10,49,605,9.074546e+04
260,1,49,672,1.088805e+05
260,2,49,592,9.120023e+04
260,3,49,745,1.245059e+05
260,4,49,678,1.261416e+05
260,5,49,675,1.074289e+05
260,6,49,677,9.749223e+04
260,7,49,647,8.945204e+04
260,8,49,700,1.285017e+05
260,9,49,722,1.175961e+05
260,10,49,661,8.689310e+04
270,1,49,739,1.195726e+05
270,2,49,706,1.174943e+05
270,3,49,718,1.079235e+05
270,4,49,627,9.421246e+04
270,5,49,843,1.455495e+05
270,6,49,696,1.059172e+05
270,7,49,617,8.712946e+04
270,8,49,685,1.138683e+05
270,9,49,844,1.488425e+05
270,10,49,734,1.177642e+05
280,1,49,658,1.014123e+05
280,2,49,750,1.143712e+05
280,3,49,705,1.143919e+05
280,4,49,659,1.042230e+05
280,5,49,707,1.127575e+05
280,6,49,791,1.151310e+05
280,7,49,715,1.099654e+05
280,8,49,732,1.271337e+05
280,9,49,625,8.776351e+04
280,10,49,808,1.394420e+05
290,1,49,732,1.205223e+05
290,2,49,706,1.104413e+05
290,3,49,734,1.122168e+05
290,4,49,757,1.167350e+05
290,5,49,799,1.295408e+05
290,6,49,785,1.214784e+05
290,7,49,674,1.082718e+05
290,8,49,789,1.351752e+05
290,9,49,693,1.096513e+05
290,10,49,740,9.893366e+04
300,1,49,700,1.085165e+05
300,2,49,753,1.132943e+05
300,3,49,674,9.673289e+04
300,4,49,790,1.141936e+05
300,5,49,795,1.198856e+05
300,6,49,846,1.353168e+05
300,7,49,752,1.208892e+05
300,8,49,748,1.108086e+05
300,9,49,761,1.195556e+05
300,10,49,781,1.218695e+05
200,1,5,595,9.701286e+04
200,2,5,603,9.399536e+04
200,3,5,682,1.299742e+05
200,4,5,605,1.011395e+05
200,5,5,579,7.827536e+04
200,6,5,596,8.916705e+04
200,7,5,674,1.260818e+05
200,8,5,679,1.228269e+05
200,9,5,704,1.254931e+05
200,10,5,640,1.174936e+05
210,1,5,700,1.321278e+05
210,2,5,569,8.022791e+04
210,3,5,658,1.165944e+05
210,4,5,736,1.372794e+05
210,5,5,644,1.106166e+05
210,6,5,658,1.162879e+05
210,7,5,643,1.120629e+05
210,8,5,614,9.454509e+04
210,9,5,614,1.023214e+05
210,10,5,709,1.356941e+05
220,1,5,536,7.617223e+04
220,2,5,637,9.867196e+04
220,3,5,693,1.231768e+05
220,4,5,714,1.317398e+05
220,5,5,658,9.819242e+04
220,6,5,630,1.000524e+05
220,7,5,686,1.141093e+05
220,8,5,617,9.535065e+04
220,9,5,649,1.066294e+05
220,10,5,651,1.051667e+05
230,1,5,629,9.816203e+04
230,2,5,637,9.017946e+04
230,3,5,623,9.202530e+04
230,4,5,610,1.009833e+05
230,5,5,644,9.240064e+04
230,6,5,615,9.748671e+04
230,7,5,573,8.221699e+04
230,8,5,616,1.038510e+05
230,9,5,607,9.476043e+04
230,10,5,651,9.748682e+04
240,1,5,780,1.443110e+05
240,2,5,740,1.221371e+05
240,3,5,791,1.283796e+05
240,4,5,707,1.077752e+05
240,5,5,690,1.163439e+05
240,6,5,744,1.142288e+05
240,7,5,655,1.074088e+05
240,8,5,625,9.112666e+04
240,9,5,748,1.364306e+05
240,10,5,687,1.117719e+05
250,1,5,662,1.005852e+05
250,2,5,741,1.219896e+05
250,3,5,784,1.433750e+05
250,4,5,594,8.628883e+04
250,5,5,807,1.359279e+05
250,6,5,713,1.106232e+05
250,7,5,725,1.040098e+05
250,8,5,653,1.062298e+05
250,9,5,588,8.238789e+04
250,10,5,655,9.232450e+04
260,1,5,729,1.064711e+05
260,2,5,698,1.041576e+05
260,3,5,675,1.008632e+05
260,4,5,660,9.194493e+04
260,5,5,749,1.156339e+05
260,6,5,723,1.052843e+05
260,7,5,834,1.448097e+05
260,8,5,740,1.080510e+05
260,9,5,724,1.137918e+05
260,10,5,748,1.120994e+05
270,1,5,860,1.468473e+05
270,2,5,858,1.533585e+05
270,3,5,721,1.118683e+05
270,4,5,815,1.335048e+05
270,5,5,618,8.329500e+04
270,6,5,733,1.284808e+05
270,7,5,744,1.291910e+05
270,8,5,694,9.555751e+04
270,9,5,688,1.144130e+05
270,10,5,788,1.250880e+05
280,1,5,790,1.310055e+05
280,2,5,854,1.476535e+05
280,3,5,782,1.219556e+05
280,4,5,706,1.144215e+05
280,5,5,767,1.292387e+05
280,6,5,750,1.197382e+05
280,7,5,730,1.218055e+05
280,8,5,784,1.263610e+05
280,9,5,675,9.467331e+04
280,10,5,717,1.064737e+05
290,1,5,798,1.306825e+05
290,2,5,744,1.232152e+05
290,3,5,855,1.347616e+05
290,4,5,902,1.577315e+05
290,5,5,761,1.226446e+05
290,6,5,773,1.134935e+05
290,7,5,939,1.611765e+05
290,8,5,876,1.564177e+05
290,9,5,891,1.641335e+05
290,10,5,775,1.143873e+05
300,1,5,787,1.153983e+05
300,2,5,788,1.188610e+05
300,3,5,722,9.515905e+04
300,4,5,866,1.487283e+05
300,5,5,690,1.078513e+05
300,6,5,680,9.760283e+04
300,7,5,821,1.410577e+05
300,8,5,762,1.101298e+05
300,9,5,630,8.804607e+04
300,10,5,740,1.142671e+05
200,1,50,615,9.579334e+04
200,2,50,562,9.068070e+04
200,3,50,702,1.226344e+05
200,4,50,522,7.610176e+04
200,5,50,570,1.070586e+05
200,6,50,596,8.987590e+04
200,7,50,660,1.276942e+05
200,8,50,627,1.110826e+05
200,9,50,656,1.016894e+05
200,10,50,594,8.869482e+04
210,1,50,627,1.027418e+05
210,2,50,643,1.033374e+05
210,3,50,613,9.403134e+04
210,4,50,688,1.187549e+05
210,5,50,700,1.305104e+05
210,6,50,600,9.436881e+04
210,7,50,658,9.512853e+04
210,8,50,613,9.465504e+04
210,9,50,558,8.934175e+04
210,10,50,574,9.304781e+04
220,1,50,667,1.066110e+05
220,2,50,470,6.287054e+04
220,3,50,595,9.103199e+04
220,4,50,637,9.882608e+04
220,5,50,611,9.527991e+04
220,6,50,662,1.092058e+05
220,7,50,627,8.769120e+04
220,8,50,593,9.438970e+04
220,9,50,607,1.001525e+05
220,10,50,626,9.382920e+04
230,1,50,650,1.094636e+05
230,2,50,614,9.178528e+04
230,3,50,581,7.482760e+04
230,4,50,595,9.087370e+04
230,5,50,632,9.655365e+04
230,6,50,684,1.021911e+05
230,7,50,654,9.872350e+04
230,8,50,629,1.147449e+05
230,9,50,712,1.246852e+05
230,10,50,597,9.334085e+04
240,1,50,734,1.394794e+05
240,2,50,622,8.789383e+04
240,3,50,677,1.024236e+05
240,4,50,694,1.010697e+05
240,5,50,670,9.894311e+04
240,6,50,691,1.057550e+05
240,7,50,696,1.122744e+05
240,8,50,728,1.265235e+05
240,9,50,671,1.086320e+05
240,10,50,736,1.188387e+05
250,1,50,605,7.817871e+04
250,2,50,709,1.037634e+05
250,3,50,652,9.484677e+04
250,4,50,660,9.175045e+04
250,5,50,709,1.136549e+05
250,6,50,724,1.175522e+05
250,7,50,659,8.805962e+04
250,8,50,739,1.262390e+05
250,9,50,671,1.126011e+05
250,10,50,600,7.427461e+04
260,1,50,791,1.446996e+05
260,2,50,622,8.828832e+04
260,3,50,586,7.705381e+04
260,4,50,761,1.188869e+05
260,5,50,624,8.761559e+04
260,6,50,704,1.239503e+05
260,7,50,710,1.104530e+05
260,8,50,712,1.222132e+05
260,9,50,795,1.371006e+05
260,10,50,696,1.081808e+05
270,1,50,698,9.384714e+04
270,2,50,794,1.257814e+05
270,3,50,599,9.002639e+04
270,4,50,723,1.081144e+05
270,5,50,745,1.101725e+05
270,6,50,657,9.036298e+04
270,7,50,713,1.052120e+05
270,8,50,768,1.150904e+05
270,9,50,719,9.670699e+04
270,10,50,704,9.142512e+04
280,1,50,715,1.073734e+05
280,2,50,786,1.177257e+05
280,3,50,887,1.650992e+05
280,4,50,730,1.229680e+05
280,5,50,697,1.016013e+05
280,6,50,685,9.867031e+04
280,7,50,817,1.552403e+05
280,8,50,607,8.220291e+04
280,9,50,747,1.167788e+05
280,10,50,831,1.458251e+05
290,1,50,836,1.512438e+05
290,2,50,863,1.393718e+05
290,3,50,672,9.409642e+04
290,4,50,736,1.067431e+05
290,5,50,796,1.252908e+05
290,6,50,718,1.061520e+05
290,7,50,701,1.056852e+05
290,8,50,782,1.144647e+05
290,9,50,853,1.492961e+05
290,10,50,766,1.153188e+05
300,1,50,729,9.753556e+04
300,2,50,772,1.210505e+05
300,3,50,699,8.752464e+04
300,4,50,666,8.686583e+04
300,5,50,735,1.122655e+05
300,6,50,827,1.421757e+05
300,7,50,825,1.355720e+05
300,8,50,738,1.002764e+05
300,9,50,841,1.493327e+05
300,10,50,731,1.098138e+05
200,1,6,544,7.865994e+04
200,2,6,565,8.555354e+04
200,3,6,588,9.893112e+04
200,4,6,606,9.856201e+04
200,5,6,545,8.156411e+04
200,6,6,554,8.827085e+04
200,7,6,624,1.030911e+05
200,8,6,624,9.564623e+04
200,9,6,723,1.152656e+05
200,10,6,638,1.163742e+05
210,1,6,534,8.251442e+04
210,2,6,590,9.674481e+04
210,3,6,672,1.247639e+05
210,4,6,622,1.029264e+05
210,5,6,678,1.166073e+05
210,6,6,709,1.249008e+05
210,7,6,683,1.320678e+05
210,8,6,498,7.112351e+04
210,9,6,549,7.693734e+04
210,10,6,585,9.574107e+04
220,1,6,600,8.394978e+04
220,2,6,706,1.155082e+05
220,3,6,689,1.076041e+05
220,4,6,574,8.195048e+04
220,5,6,619,1.092642e+05
220,6,6,600,9.547755e+04
220,7,6,724,1.204188e+05
220,8,6,694,1.135570e+05
220,9,6,666,1.046983e+05
220,10,6,649,9.959194e+04
230,1,6,660,9.808018e+04
230,2,6,691,1.115222e+05
230,3,6,643,9.524524e+04
230,4,6,607,9.539212e+04
230,5,6,566,7.489097e+04
230,6,6,648,9.298467e+04
230,7,6,589,9.021517e+04
230,8,6,629,9.632198e+04
230,9,6,659,9.758905e+04
230,10,6,600,8.712962e+04
240,1,6,658,1.008874e+05
240,2,6,595,9.321870e+04
240,3,6,800,1.447304e+05
240,4,6,584,9.368892e+04
240,5,6,660,1.211769e+05
240,6,6,626,9.930574e+04
240,7,6,633,9.444050e+04
240,8,6,764,1.496470e+05
240,9,6,637,1.094158e+05
240,10,6,732,1.142834e+05
250,1,6,709,1.176589e+05
250,2,6,546,7.602517e+04
250,3,6,680,9.785416e+04
250,4,6,760,1.337172e+05
250,5,6,664,9.905718e+04
250,6,6,677,9.214416e+04
250,7,6,694,9.959107e+04
250,8,6,625,1.004988e+05
250,9,6,667,1.077048e+05
250,10,6,629,8.512084e+04
260,1,6,697,1.149315e+05
260,2,6,662,9.692938e+04
260,3,6,664,1.122798e+05
260,4,6,588,7.796680e+04
260,5,6,605,1.010322e+05
260,6,6,632,9.791500e+04
260,7,6,613,8.619934e+04
260,8,6,630,8.944941e+04
260,9,6,634,1.004950e+05
260,10,6,662,9.927173e+04
270,1,6,701,1.024892e+05
270,2,6,664,1.032098e+05
270,3,6,696,1.091990e+05
270,4,6,619,1.041126e+05
270,5,6,739,1.086829e+05
270,6,6,767,1.154336e+05
270,7,6,591,8.323345e+04
270,8,6,714,1.093148e+05
270,9,6,740,1.226948e+05
270,10,6,786,1.230991e+05
280,1,6,782,1.317348e+05
280,2,6,795,1.267443e+05
280,3,6,647,9.809710e+04
280,4,6,769,1.264137e+05
280,5,6,754,1.221246e+05
280,6,6,687,1.116370e+05
280,7,6,686,1.159890e+05
280,8,6,690,9.899753e+04
280,9,6,659,1.179400e+05
280,10,6,781,1.151750e+05
290,1,6,775,1.216201e+05
290,2,6,750,1.290981e+05
290,3,6,689,1.005709e+05
290,4,6,865,1.387860e+05
290,5,6,785,1.251057e+05
290,6,6,775,1.268052e+05
290,7,6,743,1.144692e+05
290,8,6,678,8.950606e+04
290,9,6,804,1.211630e+05
290,10,6,758,1.098667e+05
300,1,6,732,1.083560e+05
300,2,6,640,9.370928e+04
300,3,6,743,1.037893e+05
300,4,6,817,1.377840e+05
300,5,6,762,1.189893e+05
300,6,6,771,1.174343e+05
300,7,6,687,9.083157e+04
300,8,6,736,1.191714e+05
300,9,6,782,1.339033e+05
300,10,6,738,1.104299e+05
200,1,7,584,9.247534e+04
200,2,7,566,9.085855e+04
200,3,7,576,1.002371e+05
200,4,7,596,1.242201e+05
200,5,7,603,1.210757e+05
200,6,7,561,8.521268e+04
200,7,7,580,1.059722e+05
200,8,7,591,1.017448e+05
200,9,7,705,1.385275e+05
200,10,7,570,8.299865e+04
210,1,7,562,8.037500e+04
210,2,7,737,1.519206e+05
210,3,7,587,9.503268e+04
210,4,7,633,1.070572e+05
210,5,7,550,8.154386e+04
210,6,7,584,9.056658e+04
210,7,7,560,8.284377e+04
210,8,7,601,1.054792e+05
210,9,7,571,9.035212e+04
210,10,7,703,1.224946e+05
220,1,7,571,8.391643e+04
220,2,7,651,1.155298e+05
220,3,7,591,9.125682e+04
220,4,7,695,1.181247e+05
220,5,7,546,8.440410e+04
220,6,7,560,8.272685e+04
220,7,7,587,8.342467e+04
220,8,7,645,9.063427e+04
220,9,7,640,1.199197e+05
220,10,7,668,1.173779e+05
230,1,7,725,1.257532e+05
230,2,7,655,1.039460e+05
230,3,7,738,1.282909e+05
230,4,7,668,1.104082e+05
230,5,7,636,1.021331e+05
230,6,7,550,8.481344e+04
230,7,7,649,1.051769e+05
230,8,7,658,1.138201e+05
230,9,7,733,1.343788e+05
230,10,7,621,1.084330e+05
240,1,7,678,9.846433e+04
240,2,7,645,1.101953e+05
240,3,7,729,1.229247e+05
240,4,7,575,8.106558e+04
240,5,7,642,1.059978e+05
240,6,7,705,1.121070e+05
240,7,7,698,1.211597e+05
240,8,7,600,9.645197e+04
240,9,7,707,1.122840e+05
240,10,7,681,1.227434e+05
250,1,7,678,1.162642e+05
250,2,7,697,1.099526e+05
250,3,7,706,1.183665e+05
250,4,7,576,8.863917e+04
250,5,7,632,9.140402e+04
250,6,7,653,1.071824e+05
250,7,7,658,1.125092e+05
250,8,7,658,1.056715e+05
250,9,7,674,1.126063e+05
250,10,7,728,1.214643e+05
260,1,7,679,1.229415e+05
260,2,7,621,8.360042e+04
260,3,7,701,1.233985e+05
260,4,7,628,9.845267e+04
260,5,7,633,9.251867e+04
260,6,7,674,1.096014e+05
260,7,7,672,1.121013e+05
260,8,7,747,1.329393e+05
260,9,7,682,1.132989e+05
260,10,7,817,1.275277e+05
270,1,7,791,1.218261e+05
270,2,7,629,9.546772e+04
270,3,7,603,8.920054e+04
270,4,7,784,1.398449e+05
270,5,7,788,1.233483e+05
270,6,7,649,9.342044e+04
270,7,7,716,1.145240e+05
270,8,7,767,1.318094e+05
270,9,7,759,1.225727e+05
270,10,7,895,1.687534e+05
280,1,7,640,8.951088e+04
280,2,7,693,1.084417e+05
280,3,7,714,9.580178e+04
280,4,7,661,9.918048e+04
280,5,7,646,9.134593e+04
280,6,7,755,1.203008e+05
280,7,7,713,1.049832e+05
280,8,7,712,1.168662e+05
280,9,7,647,9.724690e+04
280,10,7,781,1.224113e+05
290,1,7,720,1.217931e+05
290,2,7,742,1.138644e+05
290,3,7,770,1.229478e+05
290,4,7,800,1.492569e+05
290,5,7,735,1.117235e+05
290,6,7,749,1.211598e+05
290,7,7,758,1.304128e+05
290,8,7,669,1.007946e+05
290,9,7,863,1.327219e+05
290,10,7,836,1.485674e+05
300,1,7,904,1.709546e+05
300,2,7,714,1.051017e+05
300,3,7,849,1.482692e+05
300,4,7,824,1.353034e+05
300,5,7,691,1.118906e+05
300,6,7,773,1.166982e+05
300,7,7,775,1.169735e+05
300,8,7,742,1.085660e+05
300,9,7,714,1.155906e+05
300,10,7,814,1.194685e+05
200,1,8,619,1.157841e+05
200,2,8,605,9.897671e+04
200,3,8,582,9.017496e+04
200,4,8,591,9.708300e+04
200,5,8,602,8.590314e+04
200,6,8,612,1.167267e+05
200,7,8,573,9.218301e+04
200,8,8,548,8.192879e+04
200,9,8,610,9.441383e+04
200,10,8,584,8.633269e+04
210,1,8,641,1.300331e+05
210,2,8,643,1.017173e+05
210,3,8,608,9.611699e+04
210,4,8,639,1.142932e+05
210,5,8,655,1.198893e+05
210,6,8,564,8.068305e+04
210,7,8,649,1.109332e+05
210,8,8,626,1.058129e+05
210,9,8,595,9.212456e+04
210,10,8,564,8.128851e+04
220,1,8,574,9.199041e+04
220,2,8,574,8.934396e+04
220,3,8,692,1.159416e+05
220,4,8,587,8.359317e+04
220,5,8,643,1.090489e+05
220,6,8,564,7.578175e+04
220,7,8,619,9.181853e+04
220,8,8,658,1.023744e+05
220,9,8,643,1.103580e+05
220,10,8,736,1.306538e+05
230,1,8,556,7.583460e+04
230,2,8,710,1.179728e+05
230,3,8,573,8.166142e+04
230,4,8,589,8.484580e+04
230,5,8,626,9.758599e+04
230,6,8,608,8.377793e+04
230,7,8,656,1.086673e+05
230,8,8,646,1.065829e+05
230,9,8,569,9.443243e+04
230,10,8,648,1.011829e+05
240,1,8,735,1.300111e+05
240,2,8,647,9.998007e+04
240,3,8,729,1.335411e+05
240,4,8,691,1.058070e+05
240,5,8,727,1.345123e+05
240,6,8,619,9.679953e+04
240,7,8,624,1.078892e+05
240,8,8,714,1.203158e+05
240,9,8,657,1.033646e+05
240,10,8,711,1.078922e+05
250,1,8,614,1.004490e+05
250,2,8,719,1.244079e+05
250,3,8,645,1.055807e+05
250,4,8,592,7.403396e+04
250,5,8,762,1.312288e+05
250,6,8,698,1.143355e+05
250,7,8,734,1.227409e+05
250,8,8,714,1.162740e+05
250,9,8,659,9.121553e+04
250,10,8,668,1.063277e+05
260,1,8,778,1.373556e+05
260,2,8,795,1.317602e+05
260,3,8,842,1.477831e+05
260,4,8,705,1.119314e+05
260,5,8,783,1.362980e+05
260,6,8,732,1.237535e+05
260,7,8,637,1.017737e+05
260,8,8,771,1.294265e+05
260,9,8,649,8.842795e+04
260,10,8,716,1.177193e+05
270,1,8,706,1.122584e+05
270,2,8,646,9.669379e+04
270,3,8,690,9.250231e+04
270,4,8,735,1.281442e+05
270,5,8,770,1.268485e+05
270,6,8,640,9.708730e+04
270,7,8,644,8.316623e+04
270,8,8,603,8.846567e+04
270,9,8,649,8.922743e+04
270,10,8,724,1.222183e+05
280,1,8,722,1.015029e+05
280,2,8,713,1.055972e+05
280,3,8,744,1.217870e+05
280,4,8,733,1.138388e+05
280,5,8,716,1.137756e+05
280,6,8,748,1.210067e+05
280,7,8,709,1.135299e+05
280,8,8,802,1.233187e+05
280,9,8,702,1.015786e+05
280,10,8,716,1.050469e+05
290,1,8,674,1.066968e+05
290,2,8,779,1.258816e+05
290,3,8,765,1.297621e+05
290,4,8,712,1.086291e+05
290,5,8,746,1.056194e+05
290,6,8,773,1.157762e+05
290,7,8,697,9.883294e+04
290,8,8,729,1.179833e+05
290,9,8,673,9.365821e+04
290,10,8,763,1.099772e+05
300,1,8,700,9.787808e+04
300,2,8,772,1.153266e+05
300,3,8,762,1.149880e+05
300,4,8,748,1.257470e+05
300,5,8,845,1.356186e+05
300,6,8,679,9.944181e+04
300,7,8,825,1.287725e+05
300,8,8,856,1.401980e+05
300,9,8,801,1.337619e+05
300,10,8,822,1.287679e+05
200,1,9,580,9.074568e+04
200,2,9,665,1.047765e+05
200,3,9,601,9.598118e+04
200,4,9,595,1.005355e+05
200,5,9,587,9.348576e+04
200,6,9,579,8.557915e+04
200,7,9,583,9.131281e+04
200,8,9,632,1.158488e+05
200,9,9,556,8.967246e+04
200,10,9,549,7.223930e+04
210,1,9,601,9.543384e+04
210,2,9,627,1.041276e+05
210,3,9,563,8.541996e+04
210,4,9,585,9.492070e+04
210,5,9,666,1.103734e+05
210,6,9,609,1.108024e+05
210,7,9,702,1.214953e+05
210,8,9,605,1.021776e+05
210,9,9,608,9.962304e+04
210,10,9,588,1.015019e+05
220,1,9,731,1.227417e+05
220,2,9,589,9.407742e+04
220,3,9,648,9.940409e+04
220,4,9,657,1.148865e+05
220,5,9,649,1.033793e+05
220,6,9,568,9.287116e+04
220,7,9,646,1.052647e+05
220,8,9,610,1.132275e+05
220,9,9,619,1.076746e+05
220,10,9,660,1.216070e+05
230,1,9,548,8.531013e+04
230,2,9,669,1.046549e+05
230,3,9,689,1.263458e+05
230,4,9,703,1.200084e+05
230,5,9,633,1.114255e+05
230,6,9,593,9.591691e+04
230,7,9,636,1.092526e+05
230,8,9,583,9.358150e+04
230,9,9,616,1.048092e+05
230,10,9,671,1.049706e+05
240,1,9,634,9.443514e+04
240,2,9,601,1.051110e+05
240,3,9,645,1.060732e+05
240,4,9,631,9.683665e+04
240,5,9,650,1.114112e+05
240,6,9,649,1.044467e+05
240,7,9,686,1.177118e+05
240,8,9,629,1.047369e+05
240,9,9,704,1.242954e+05
240,10,9,686,1.113472e+05
250,1,9,679,1.111515e+05
250,2,9,640,1.077277e+05
250,3,9,695,1.171476e+05
250,4,9,698,1.136487e+05
250,5,9,611,1.034227e+05
250,6,9,666,1.192419e+05
250,7,9,634,1.016253e+05
250,8,9,615,1.027850e+05
250,9,9,665,1.128117e+05
250,10,9,711,1.211836e+05
260,1,9,642,8.650792e+04
260,2,9,659,1.089204e+05
260,3,9,846,1.381024e+05
260,4,9,658,1.123209e+05
260,5,9,775,1.220079e+05
260,6,9,613,9.399276e+04
260,7,9,730,1.161192e+05
260,8,9,679,1.072793e+05
260,9,9,660,1.073590e+05
260,10,9,738,1.236860e+05
270,1,9,719,1.168659e+05
270,2,9,697,9.125716e+04
270,3,9,820,1.361345e+05
270,4,9,713,1.237909e+05
270,5,9,699,1.034712e+05
270,6,9,769,1.259897e+05
270,7,9,695,1.039505e+05
270,8,9,667,1.084918e+05
270,9,9,757,1.231358e+05
270,10,9,736,1.168511e+05
280,1,9,777,1.316531e+05
280,2,9,675,1.041749e+05
280,3,9,656,1.067241e+05
280,4,9,663,1.040244e+05
280,5,9,720,1.061573e+05
280,6,9,767,1.265979e+05
280,7,9,750,1.134756e+05
280,8,9,801,1.265559e+05
280,9,9,702,1.005153e+05
280,10,9,761,1.185923e+05
290,1,9,716,9.498110e+04
290,2,9,756,1.160886e+05
290,3,9,750,1.075902e+05
290,4,9,710,1.016635e+05
290,5,9,594,6.573657e+04
290,6,9,751,1.259124e+05
290,7,9,752,1.102804e+05
290,8,9,683,1.098745e+05
290,9,9,731,1.079976e+05
290,10,9,734,1.033862e+05
300,1,9,732,1.033857e+05
300,2,9,777,1.173729e+05
300,3,9,824,1.219909e+05
300,4,9,813,1.306502e+05
300,5,9,809,1.306617e+05
300,6,9,794,1.193919e+05
300,7,9,784,1.199568e+05
300,8,9,689,1.049204e+05
300,9,9,818,1.313090e+05
300,10,9,776,1.219657e+05
