strain,sim_number,file_number,num_cells,volume_clust
petite,1,1,679,9.446910e+04
petite,2,1,617,7.120048e+04
petite,3,1,660,9.372518e+04
petite,4,1,643,9.086128e+04
petite,5,1,746,1.154469e+05
petite,6,1,621,8.849729e+04
petite,7,1,632,7.867044e+04
petite,8,1,710,9.420478e+04
petite,9,1,606,7.857920e+04
petite,10,1,704,1.019979e+05
petite,11,1,563,7.288578e+04
petite,12,1,598,9.244930e+04
petite,13,1,560,6.881499e+04
petite,14,1,717,9.335683e+04
petite,15,1,605,6.881124e+04
petite,16,1,685,8.981269e+04
petite,17,1,685,1.086799e+05
petite,18,1,572,7.435895e+04
petite,19,1,669,8.816167e+04
petite,20,1,618,7.920796e+04
petite,21,1,642,7.992515e+04
petite,22,1,681,9.564018e+04
petite,23,1,683,9.289929e+04
petite,24,1,734,1.069241e+05
petite,25,1,634,8.433078e+04
petite,26,1,563,6.742840e+04
petite,27,1,622,8.001823e+04
petite,28,1,595,7.957604e+04
petite,29,1,716,1.012598e+05
petite,30,1,626,7.987814e+04
petite,31,1,626,7.763723e+04
petite,32,1,683,9.898050e+04
petite,33,1,699,9.240489e+04
petite,34,1,622,8.596661e+04
petite,35,1,641,8.920580e+04
petite,36,1,601,7.733653e+04
petite,37,1,627,8.092483e+04
petite,38,1,677,9.688651e+04
petite,39,1,686,9.313965e+04
petite,40,1,663,8.811949e+04
petite,41,1,735,1.039607e+05
petite,42,1,733,1.147459e+05
petite,43,1,636,7.860649e+04
petite,44,1,565,7.260661e+04
petite,45,1,640,8.692945e+04
petite,46,1,685,1.016319e+05
petite,47,1,617,7.269704e+04
petite,48,1,641,7.624653e+04
petite,49,1,703,8.973204e+04
petite,50,1,727,1.099526e+05
petite,51,1,686,9.185007e+04
petite,52,1,770,1.171601e+05
petite,53,1,676,9.810697e+04
petite,54,1,730,1.048260e+05
petite,55,1,630,7.642211e+04
petite,56,1,583,7.556154e+04
petite,57,1,592,8.030461e+04
petite,58,1,632,7.749548e+04
petite,59,1,668,9.045035e+04
petite,60,1,640,7.643958e+04
petite,61,1,693,9.715275e+04
petite,62,1,703,9.567792e+04
petite,63,1,654,8.583128e+04
petite,64,1,672,9.475996e+04
petite,65,1,604,6.814989e+04
petite,66,1,738,1.041563e+05
petite,67,1,603,7.685624e+04
petite,68,1,672,9.018098e+04
petite,69,1,631,8.474652e+04
petite,70,1,595,7.847020e+04
petite,71,1,626,7.621845e+04
petite,72,1,609,6.975902e+04
petite,73,1,719,1.074489e+05
petite,74,1,599,7.716983e+04
petite,75,1,714,1.078445e+05
petite,76,1,638,9.003263e+04
petite,77,1,665,8.665369e+04
petite,78,1,661,8.726357e+04
petite,79,1,642,7.980171e+04
petite,80,1,692,9.854728e+04
petite,81,1,569,7.892286e+04
petite,82,1,608,7.826136e+04
petite,83,1,598,8.303530e+04
petite,84,1,579,7.257714e+04
petite,85,1,599,8.668390e+04
petite,86,1,637,8.165503e+04
petite,87,1,630,7.348321e+04
petite,88,1,623,7.452616e+04
petite,89,1,685,9.435473e+04
petite,90,1,578,7.941679e+04
petite,91,1,579,7.244865e+04
petite,92,1,604,7.805721e+04
petite,93,1,555,5.774311e+04
petite,94,1,682,8.912392e+04
petite,95,1,660,8.809684e+04
petite,96,1,680,9.095683e+04
petite,97,1,755,1.037670e+05
petite,98,1,642,7.445975e+04
petite,99,1,680,9.432433e+04
petite,100,1,622,6.954284e+04
petite,1,10,626,7.652939e+04
petite,2,10,571,7.326631e+04
petite,3,10,606,7.419371e+04
petite,4,10,633,7.690442e+04
petite,5,10,746,1.119312e+05
petite,6,10,590,7.113931e+04
petite,7,10,772,1.092794e+05
petite,8,10,584,7.033110e+04
petite,9,10,657,7.793516e+04
petite,10,10,657,9.145017e+04
petite,11,10,587,7.462120e+04
petite,12,10,604,7.280669e+04
petite,13,10,623,7.305665e+04
petite,14,10,570,7.029139e+04
petite,15,10,574,7.274487e+04
petite,16,10,490,5.420667e+04
petite,17,10,609,8.105599e+04
petite,18,10,595,7.371011e+04
petite,19,10,571,6.811494e+04
petite,20,10,648,7.559462e+04
petite,21,10,600,7.532720e+04
petite,22,10,590,7.231631e+04
petite,23,10,624,7.769744e+04
petite,24,10,629,8.023510e+04
petite,25,10,610,6.887401e+04
petite,26,10,748,1.121747e+05
petite,27,10,586,6.793766e+04
petite,28,10,599,7.562094e+04
petite,29,10,526,5.739231e+04
petite,30,10,556,6.724933e+04
petite,31,10,538,5.832411e+04
petite,32,10,568,7.309889e+04
petite,33,10,586,7.201211e+04
petite,34,10,636,7.537861e+04
petite,35,10,662,8.935346e+04
petite,36,10,586,7.346749e+04
petite,37,10,525,5.343640e+04
petite,38,10,566,6.451757e+04
petite,39,10,558,6.650311e+04
petite,40,10,591,6.610537e+04
petite,41,10,619,7.259002e+04
petite,42,10,576,6.593765e+04
petite,43,10,642,7.961600e+04
petite,44,10,587,6.801995e+04
petite,45,10,644,7.582731e+04
petite,46,10,546,6.050385e+04
petite,47,10,538,6.368503e+04
petite,48,10,627,8.216460e+04
petite,49,10,626,7.737508e+04
petite,50,10,598,7.212707e+04
petite,51,10,649,9.497639e+04
petite,52,10,566,6.025170e+04
petite,53,10,636,7.851420e+04
petite,54,10,649,7.605353e+04
petite,55,10,636,7.380160e+04
petite,56,10,680,9.207661e+04
petite,57,10,617,7.481613e+04
petite,58,10,627,7.467911e+04
petite,59,10,648,8.005591e+04
petite,60,10,647,8.419843e+04
petite,61,10,620,7.888671e+04
petite,62,10,609,6.742666e+04
petite,63,10,674,8.360022e+04
petite,64,10,714,1.023294e+05
petite,65,10,604,8.398533e+04
petite,66,10,715,8.854156e+04
petite,67,10,543,7.411167e+04
petite,68,10,684,9.210328e+04
petite,69,10,733,1.024401e+05
petite,70,10,573,6.927423e+04
petite,71,10,592,7.596072e+04
petite,72,10,573,6.630348e+04
petite,73,10,629,7.667367e+04
petite,74,10,652,7.883014e+04
petite,75,10,606,7.440621e+04
petite,76,10,613,6.996202e+04
petite,77,10,725,9.651097e+04
petite,78,10,648,7.032839e+04
petite,79,10,604,6.962041e+04
petite,80,10,669,7.613167e+04
petite,81,10,671,8.735026e+04
petite,82,10,668,8.513469e+04
petite,83,10,576,6.317401e+04
petite,84,10,564,6.856549e+04
petite,85,10,567,6.909393e+04
petite,86,10,603,8.231181e+04
petite,87,10,570,6.787672e+04
petite,88,10,569,6.737541e+04
petite,89,10,737,1.090219e+05
petite,90,10,617,7.802498e+04
petite,91,10,596,7.061973e+04
petite,92,10,588,6.714007e+04
petite,93,10,650,7.830483e+04
petite,94,10,557,6.120087e+04
petite,95,10,626,7.508002e+04
petite,96,10,648,8.105050e+04
petite,97,10,717,1.007102e+05
petite,98,10,564,6.588750e+04
petite,99,10,537,5.963615e+04
petite,100,10,611,8.281384e+04
petite,1,11,586,6.768052e+04
petite,2,11,525,5.512118e+04
petite,3,11,617,8.369357e+04
petite,4,11,743,1.052773e+05
petite,5,11,636,7.490796e+04
petite,6,11,719,9.837504e+04
petite,7,11,586,6.682392e+04
petite,8,11,672,9.098297e+04
petite,9,11,714,1.010602e+05
petite,10,11,640,7.336630e+04
petite,11,11,592,7.255004e+04
petite,12,11,637,7.671398e+04
petite,13,11,638,8.150530e+04
petite,14,11,617,7.430841e+04
petite,15,11,714,9.840364e+04
petite,16,11,626,8.245343e+04
petite,17,11,616,7.467670e+04
petite,18,11,653,8.477336e+04
petite,19,11,664,8.809990e+04
petite,20,11,669,9.109305e+04
petite,21,11,728,9.743159e+04
petite,22,11,625,7.702191e+04
petite,23,11,594,7.516821e+04
petite,24,11,647,8.727024e+04
petite,25,11,652,8.304356e+04
petite,26,11,561,5.603615e+04
petite,27,11,637,7.469751e+04
petite,28,11,616,7.044860e+04
petite,29,11,668,8.024367e+04
petite,30,11,654,8.704721e+04
petite,31,11,650,8.474543e+04
petite,32,11,567,6.471167e+04
petite,33,11,610,6.390961e+04
petite,34,11,598,7.240193e+04
petite,35,11,680,8.556593e+04
petite,36,11,615,6.874097e+04
petite,37,11,633,7.606692e+04
petite,38,11,699,8.863989e+04
petite,39,11,691,9.439780e+04
petite,40,11,584,7.499703e+04
petite,41,11,564,7.075819e+04
petite,42,11,655,8.368320e+04
petite,43,11,719,9.045792e+04
petite,44,11,520,5.054790e+04
petite,45,11,593,6.958843e+04
petite,46,11,606,6.981017e+04
petite,47,11,529,5.561713e+04
petite,48,11,712,9.982396e+04
petite,49,11,616,7.305859e+04
petite,50,11,627,7.766827e+04
petite,51,11,644,8.381790e+04
petite,52,11,626,8.242311e+04
petite,53,11,657,8.395873e+04
petite,54,11,617,7.438273e+04
petite,55,11,590,6.563182e+04
petite,56,11,713,9.462084e+04
petite,57,11,620,7.405567e+04
petite,58,11,616,7.677985e+04
petite,59,11,566,6.891470e+04
petite,60,11,501,5.509532e+04
petite,61,11,550,5.683122e+04
petite,62,11,665,8.395350e+04
petite,63,11,636,8.276298e+04
petite,64,11,729,1.004684e+05
petite,65,11,639,7.936145e+04
petite,66,11,615,7.150802e+04
petite,67,11,636,7.653491e+04
petite,68,11,679,9.425350e+04
petite,69,11,644,8.226963e+04
petite,70,11,573,6.399237e+04
petite,71,11,554,7.428303e+04
petite,72,11,618,7.506800e+04
petite,73,11,580,7.643630e+04
petite,74,11,629,7.120555e+04
petite,75,11,659,8.889864e+04
petite,76,11,629,8.173229e+04
petite,77,11,634,7.350970e+04
petite,78,11,677,8.627844e+04
petite,79,11,653,8.484086e+04
petite,80,11,612,7.842819e+04
petite,81,11,612,6.987337e+04
petite,82,11,600,7.634983e+04
petite,83,11,604,6.693081e+04
petite,84,11,559,6.558665e+04
petite,85,11,634,7.601215e+04
petite,86,11,725,1.039877e+05
petite,87,11,761,1.067061e+05
petite,88,11,565,7.014209e+04
petite,89,11,606,7.115974e+04
petite,90,11,601,7.261418e+04
petite,91,11,614,6.754511e+04
petite,92,11,655,8.006831e+04
petite,93,11,670,9.201355e+04
petite,94,11,602,7.006492e+04
petite,95,11,576,7.248356e+04
petite,96,11,553,6.231656e+04
petite,97,11,644,8.305662e+04
petite,98,11,659,7.967139e+04
petite,99,11,582,6.978223e+04
petite,100,11,675,9.305110e+04
petite,1,12,613,8.344754e+04
petite,2,12,631,7.203002e+04
petite,3,12,656,7.686992e+04
petite,4,12,630,7.652250e+04
petite,5,12,651,8.530853e+04
petite,6,12,717,1.051517e+05
petite,7,12,715,9.450100e+04
petite,8,12,538,6.032832e+04
petite,9,12,577,6.696321e+04
petite,10,12,698,9.706759e+04
petite,11,12,620,7.574842e+04
petite,12,12,682,8.831620e+04
petite,13,12,599,7.440241e+04
petite,14,12,740,1.005145e+05
petite,15,12,520,5.779862e+04
petite,16,12,703,9.691482e+04
petite,17,12,587,6.993668e+04
petite,18,12,571,6.776413e+04
petite,19,12,671,8.406472e+04
petite,20,12,588,7.346892e+04
petite,21,12,619,8.020540e+04
petite,22,12,596,7.385711e+04
petite,23,12,615,7.133767e+04
petite,24,12,699,1.031442e+05
petite,25,12,646,9.069361e+04
petite,26,12,711,9.483735e+04
petite,27,12,669,9.657263e+04
petite,28,12,575,6.538692e+04
petite,29,12,743,1.115236e+05
petite,30,12,565,6.219837e+04
petite,31,12,684,8.290851e+04
petite,32,12,741,1.072481e+05
petite,33,12,631,7.739472e+04
petite,34,12,680,9.614312e+04
petite,35,12,631,7.031831e+04
petite,36,12,626,8.253476e+04
petite,37,12,704,9.973155e+04
petite,38,12,619,7.357459e+04
petite,39,12,553,6.376995e+04
petite,40,12,678,7.967778e+04
petite,41,12,616,7.579461e+04
petite,42,12,677,1.013864e+05
petite,43,12,621,8.439969e+04
petite,44,12,649,9.243058e+04
petite,45,12,673,8.759014e+04
petite,46,12,609,7.157583e+04
petite,47,12,660,8.012302e+04
petite,48,12,625,8.137350e+04
petite,49,12,639,8.008756e+04
petite,50,12,615,8.016384e+04
petite,51,12,656,8.690650e+04
petite,52,12,559,6.908800e+04
petite,53,12,555,6.680482e+04
petite,54,12,656,8.488479e+04
petite,55,12,625,8.673344e+04
petite,56,12,573,5.571221e+04
petite,57,12,580,7.138818e+04
petite,58,12,623,8.337659e+04
petite,59,12,634,7.796940e+04
petite,60,12,650,8.674748e+04
petite,61,12,593,6.384762e+04
petite,62,12,626,7.817478e+04
petite,63,12,639,6.737755e+04
petite,64,12,703,9.896605e+04
petite,65,12,778,1.181567e+05
petite,66,12,573,7.337667e+04
petite,67,12,625,7.174735e+04
petite,68,12,544,6.228189e+04
petite,69,12,657,8.101682e+04
petite,70,12,650,8.675946e+04
petite,71,12,644,7.744832e+04
petite,72,12,612,7.009353e+04
petite,73,12,584,6.941669e+04
petite,74,12,656,8.300574e+04
petite,75,12,628,8.379504e+04
petite,76,12,687,8.827762e+04
petite,77,12,644,8.635990e+04
petite,78,12,614,7.512750e+04
petite,79,12,588,6.652903e+04
petite,80,12,621,7.324133e+04
petite,81,12,632,7.102963e+04
petite,82,12,617,8.358429e+04
petite,83,12,626,7.709296e+04
petite,84,12,618,7.573242e+04
petite,85,12,707,9.543654e+04
petite,86,12,583,7.684288e+04
petite,87,12,658,8.512193e+04
petite,88,12,653,8.310247e+04
petite,89,12,629,9.422983e+04
petite,90,12,630,7.899775e+04
petite,91,12,703,9.725550e+04
petite,92,12,595,6.912013e+04
petite,93,12,614,7.328121e+04
petite,94,12,660,9.001704e+04
petite,95,12,597,7.581261e+04
petite,96,12,699,8.848141e+04
petite,97,12,635,9.089723e+04
petite,98,12,634,8.177690e+04
petite,99,12,693,8.683147e+04
petite,100,12,643,7.747990e+04
petite,1,13,701,1.049817e+05
petite,2,13,587,7.042112e+04
petite,3,13,612,8.170754e+04
petite,4,13,671,1.042763e+05
petite,5,13,710,1.098512e+05
petite,6,13,641,8.678330e+04
petite,7,13,638,8.877882e+04
petite,8,13,635,8.047342e+04
petite,9,13,700,1.008061e+05
petite,10,13,654,1.013200e+05
petite,11,13,616,8.431797e+04
petite,12,13,564,7.015317e+04
petite,13,13,584,7.248656e+04
petite,14,13,630,7.533829e+04
petite,15,13,752,1.057820e+05
petite,16,13,691,8.968300e+04
petite,17,13,624,6.965351e+04
petite,18,13,587,6.882896e+04
petite,19,13,630,8.679570e+04
petite,20,13,640,8.474936e+04
petite,21,13,635,9.066714e+04
petite,22,13,575,6.893104e+04
petite,23,13,548,5.592253e+04
petite,24,13,596,6.922503e+04
petite,25,13,663,8.484773e+04
petite,26,13,684,1.071082e+05
petite,27,13,577,7.496460e+04
petite,28,13,571,6.682969e+04
petite,29,13,765,1.158150e+05
petite,30,13,520,5.594673e+04
petite,31,13,698,9.672891e+04
petite,32,13,606,8.011247e+04
petite,33,13,689,9.081044e+04
petite,34,13,538,6.418866e+04
petite,35,13,543,6.089406e+04
petite,36,13,658,8.724452e+04
petite,37,13,617,7.169095e+04
petite,38,13,663,8.651913e+04
petite,39,13,620,7.972043e+04
petite,40,13,668,9.822607e+04
petite,41,13,690,9.543582e+04
petite,42,13,663,8.871858e+04
petite,43,13,711,9.505104e+04
petite,44,13,846,1.344790e+05
petite,45,13,608,7.612233e+04
petite,46,13,655,9.856193e+04
petite,47,13,693,9.519783e+04
petite,48,13,669,8.934939e+04
petite,49,13,550,6.602594e+04
petite,50,13,611,7.110261e+04
petite,51,13,576,7.347056e+04
petite,52,13,612,7.653174e+04
petite,53,13,544,6.174523e+04
petite,54,13,490,5.246736e+04
petite,55,13,575,6.559724e+04
petite,56,13,707,1.062137e+05
petite,57,13,575,6.821371e+04
petite,58,13,679,9.075847e+04
petite,59,13,534,6.500838e+04
petite,60,13,604,7.414155e+04
petite,61,13,639,8.189726e+04
petite,62,13,574,6.925102e+04
petite,63,13,622,7.939280e+04
petite,64,13,615,8.295391e+04
petite,65,13,607,7.084211e+04
petite,66,13,779,1.122432e+05
petite,67,13,646,7.762568e+04
petite,68,13,730,1.031501e+05
petite,69,13,614,7.680615e+04
petite,70,13,568,6.414143e+04
petite,71,13,714,9.869934e+04
petite,72,13,576,6.591510e+04
petite,73,13,588,8.197482e+04
petite,74,13,594,7.985119e+04
petite,75,13,694,9.888800e+04
petite,76,13,569,6.564997e+04
petite,77,13,658,8.661902e+04
petite,78,13,730,9.944077e+04
petite,79,13,626,7.781224e+04
petite,80,13,627,7.666400e+04
petite,81,13,688,9.209811e+04
petite,82,13,655,9.633164e+04
petite,83,13,634,7.969259e+04
petite,84,13,653,8.277661e+04
petite,85,13,747,1.115294e+05
petite,86,13,586,6.841785e+04
petite,87,13,666,8.596985e+04
petite,88,13,708,9.665782e+04
petite,89,13,552,5.830850e+04
petite,90,13,659,8.850418e+04
petite,91,13,682,9.301036e+04
petite,92,13,571,6.583990e+04
petite,93,13,592,6.604347e+04
petite,94,13,615,7.400852e+04
petite,95,13,580,7.336721e+04
petite,96,13,665,1.003600e+05
petite,97,13,652,8.416453e+04
petite,98,13,581,6.527616e+04
petite,99,13,690,8.861046e+04
petite,100,13,585,6.402913e+04
petite,1,14,692,1.028279e+05
petite,2,14,661,9.280105e+04
petite,3,14,650,9.481700e+04
petite,4,14,659,8.928585e+04
petite,5,14,636,8.543930e+04
petite,6,14,596,8.284852e+04
petite,7,14,680,8.579291e+04
petite,8,14,611,7.864918e+04
petite,9,14,643,8.521602e+04
petite,10,14,607,7.414982e+04
petite,11,14,626,8.223869e+04
petite,12,14,659,7.972950e+04
petite,13,14,707,9.688058e+04
petite,14,14,625,8.029557e+04
petite,15,14,593,6.989729e+04
petite,16,14,730,1.066666e+05
petite,17,14,632,7.955244e+04
petite,18,14,704,9.394056e+04
petite,19,14,594,7.906714e+04
petite,20,14,590,6.729104e+04
petite,21,14,766,1.138538e+05
petite,22,14,673,8.689590e+04
petite,23,14,736,1.185852e+05
petite,24,14,554,6.593354e+04
petite,25,14,552,5.893076e+04
petite,26,14,700,9.778278e+04
petite,27,14,661,8.278599e+04
petite,28,14,585,7.254425e+04
petite,29,14,642,8.539637e+04
petite,30,14,640,9.009809e+04
petite,31,14,616,7.498973e+04
petite,32,14,623,8.456766e+04
petite,33,14,698,1.042800e+05
petite,34,14,619,7.772085e+04
petite,35,14,644,7.897681e+04
petite,36,14,790,1.004163e+05
petite,37,14,624,8.542294e+04
petite,38,14,695,9.249459e+04
petite,39,14,625,8.708419e+04
petite,40,14,662,8.395196e+04
petite,41,14,548,6.710384e+04
petite,42,14,584,7.504610e+04
petite,43,14,618,7.238531e+04
petite,44,14,588,7.185060e+04
petite,45,14,610,7.948172e+04
petite,46,14,671,9.083566e+04
petite,47,14,608,8.343299e+04
petite,48,14,666,8.362532e+04
petite,49,14,652,8.361710e+04
petite,50,14,780,1.202574e+05
petite,51,14,550,6.922649e+04
petite,52,14,688,1.002087e+05
petite,53,14,590,7.216460e+04
petite,54,14,651,9.314937e+04
petite,55,14,575,6.194378e+04
petite,56,14,612,7.617461e+04
petite,57,14,664,9.071337e+04
petite,58,14,711,9.575403e+04
petite,59,14,620,7.376162e+04
petite,60,14,608,7.487082e+04
petite,61,14,618,8.893892e+04
petite,62,14,621,8.635967e+04
petite,63,14,636,8.464599e+04
petite,64,14,606,7.756800e+04
petite,65,14,625,8.563713e+04
petite,66,14,603,8.058019e+04
petite,67,14,658,9.403373e+04
petite,68,14,517,5.606896e+04
petite,69,14,616,8.157140e+04
petite,70,14,651,7.784052e+04
petite,71,14,673,7.692177e+04
petite,72,14,750,1.135896e+05
petite,73,14,564,6.386529e+04
petite,74,14,685,8.789226e+04
petite,75,14,628,8.318691e+04
petite,76,14,669,9.498060e+04
petite,77,14,654,9.048170e+04
petite,78,14,647,7.899814e+04
petite,79,14,621,8.412187e+04
petite,80,14,628,8.559840e+04
petite,81,14,598,7.431690e+04
petite,82,14,754,1.088370e+05
petite,83,14,589,7.647173e+04
petite,84,14,583,6.390720e+04
petite,85,14,627,8.433135e+04
petite,86,14,624,7.738846e+04
petite,87,14,660,8.951609e+04
petite,88,14,729,1.115943e+05
petite,89,14,559,6.631426e+04
petite,90,14,603,8.010362e+04
petite,91,14,697,8.790735e+04
petite,92,14,614,7.674469e+04
petite,93,14,605,7.842937e+04
petite,94,14,561,5.612882e+04
petite,95,14,612,7.203517e+04
petite,96,14,664,8.896019e+04
petite,97,14,726,1.073572e+05
petite,98,14,615,8.561863e+04
petite,99,14,623,7.922502e+04
petite,100,14,727,1.114345e+05
petite,1,15,710,1.132022e+05
petite,2,15,532,5.730488e+04
petite,3,15,728,9.399015e+04
petite,4,15,701,1.005091e+05
petite,5,15,694,9.662101e+04
petite,6,15,609,6.980537e+04
petite,7,15,676,9.482051e+04
petite,8,15,697,1.008062e+05
petite,9,15,643,8.738569e+04
petite,10,15,780,1.165245e+05
petite,11,15,756,1.068160e+05
petite,12,15,683,8.858749e+04
petite,13,15,622,7.839555e+04
petite,14,15,740,1.050439e+05
petite,15,15,615,7.043450e+04
petite,16,15,656,8.269657e+04
petite,17,15,664,9.474478e+04
petite,18,15,704,9.692500e+04
petite,19,15,694,8.432965e+04
petite,20,15,669,9.322018e+04
petite,21,15,690,9.213826e+04
petite,22,15,765,1.224646e+05
petite,23,15,688,9.851808e+04
petite,24,15,665,8.782552e+04
petite,25,15,666,8.548866e+04
petite,26,15,635,8.512798e+04
petite,27,15,736,9.924157e+04
petite,28,15,686,9.268624e+04
petite,29,15,667,9.660055e+04
petite,30,15,612,7.561325e+04
petite,31,15,669,9.894668e+04
petite,32,15,656,8.468540e+04
petite,33,15,672,9.595696e+04
petite,34,15,550,6.340217e+04
petite,35,15,632,7.810684e+04
petite,36,15,518,5.943130e+04
petite,37,15,678,9.247138e+04
petite,38,15,561,7.352855e+04
petite,39,15,586,7.780718e+04
petite,40,15,689,9.586376e+04
petite,41,15,672,9.840146e+04
petite,42,15,675,8.744717e+04
petite,43,15,680,8.825727e+04
petite,44,15,683,1.005103e+05
petite,45,15,590,6.669187e+04
petite,46,15,706,9.940688e+04
petite,47,15,665,8.361375e+04
petite,48,15,679,1.008626e+05
petite,49,15,727,1.008678e+05
petite,50,15,659,9.047956e+04
petite,51,15,746,1.158151e+05
petite,52,15,616,7.304612e+04
petite,53,15,715,1.078053e+05
petite,54,15,613,7.334725e+04
petite,55,15,638,8.195647e+04
petite,56,15,774,9.956848e+04
petite,57,15,645,8.580556e+04
petite,58,15,663,9.101651e+04
petite,59,15,728,1.034949e+05
petite,60,15,810,1.293608e+05
petite,61,15,654,9.030516e+04
petite,62,15,729,1.069075e+05
petite,63,15,637,7.556325e+04
petite,64,15,664,9.392504e+04
petite,65,15,688,9.813710e+04
petite,66,15,620,7.784302e+04
petite,67,15,722,1.007424e+05
petite,68,15,670,1.019331e+05
petite,69,15,674,9.241600e+04
petite,70,15,697,8.631522e+04
petite,71,15,679,9.410910e+04
petite,72,15,637,8.281550e+04
petite,73,15,603,6.828443e+04
petite,74,15,563,6.673500e+04
petite,75,15,621,7.504638e+04
petite,76,15,621,8.217247e+04
petite,77,15,566,7.335129e+04
petite,78,15,650,8.568016e+04
petite,79,15,679,8.082302e+04
petite,80,15,577,7.259684e+04
petite,81,15,704,1.005738e+05
petite,82,15,774,1.207674e+05
petite,83,15,630,8.727832e+04
petite,84,15,619,7.724814e+04
petite,85,15,714,8.985745e+04
petite,86,15,811,1.153015e+05
petite,87,15,715,9.025198e+04
petite,88,15,733,1.074326e+05
petite,89,15,590,6.452710e+04
petite,90,15,719,1.063710e+05
petite,91,15,694,9.720045e+04
petite,92,15,744,9.513401e+04
petite,93,15,584,7.492714e+04
petite,94,15,616,7.619715e+04
petite,95,15,684,9.384055e+04
petite,96,15,741,1.108515e+05
petite,97,15,665,8.149840e+04
petite,98,15,598,7.289485e+04
petite,99,15,666,8.442500e+04
petite,100,15,686,1.006868e+05
petite,1,16,610,6.921448e+04
petite,2,16,663,9.072461e+04
petite,3,16,644,1.108228e+05
petite,4,16,665,8.771789e+04
petite,5,16,648,9.452107e+04
petite,6,16,677,9.236239e+04
petite,7,16,578,8.329896e+04
petite,8,16,602,7.511865e+04
petite,9,16,700,1.056102e+05
petite,10,16,627,9.256011e+04
petite,11,16,659,9.232250e+04
petite,12,16,636,8.444172e+04
petite,13,16,565,7.169361e+04
petite,14,16,681,8.886952e+04
petite,15,16,610,7.751594e+04
petite,16,16,616,8.490799e+04
petite,17,16,667,9.703377e+04
petite,18,16,645,8.776108e+04
petite,19,16,653,9.900457e+04
petite,20,16,634,8.165989e+04
petite,21,16,682,9.594449e+04
petite,22,16,587,8.388262e+04
petite,23,16,723,1.128116e+05
petite,24,16,692,1.075248e+05
petite,25,16,717,9.959224e+04
petite,26,16,650,8.088674e+04
petite,27,16,644,8.391600e+04
petite,28,16,650,9.819814e+04
petite,29,16,658,8.438148e+04
petite,30,16,612,8.068234e+04
petite,31,16,707,1.101997e+05
petite,32,16,629,8.486314e+04
petite,33,16,648,8.379663e+04
petite,34,16,683,1.002864e+05
petite,35,16,741,1.092094e+05
petite,36,16,735,1.052195e+05
petite,37,16,760,1.113130e+05
petite,38,16,582,7.885084e+04
petite,39,16,639,9.157326e+04
petite,40,16,615,8.227446e+04
petite,41,16,738,1.046546e+05
petite,42,16,646,7.975037e+04
petite,43,16,614,7.971710e+04
petite,44,16,569,6.852438e+04
petite,45,16,829,1.251136e+05
petite,46,16,552,7.482515e+04
petite,47,16,665,9.991885e+04
petite,48,16,686,1.012379e+05
petite,49,16,645,8.778544e+04
petite,50,16,691,9.354777e+04
petite,51,16,607,9.419376e+04
petite,52,16,658,9.763306e+04
petite,53,16,607,8.106784e+04
petite,54,16,684,1.047144e+05
petite,55,16,616,8.132515e+04
petite,56,16,571,7.081314e+04
petite,57,16,618,8.188053e+04
petite,58,16,661,9.029908e+04
petite,59,16,652,9.214836e+04
petite,60,16,566,7.535218e+04
petite,61,16,663,8.524699e+04
petite,62,16,709,1.065738e+05
petite,63,16,653,9.925220e+04
petite,64,16,710,9.623175e+04
petite,65,16,684,9.618017e+04
petite,66,16,743,1.048961e+05
petite,67,16,762,1.189773e+05
petite,68,16,627,8.502492e+04
petite,69,16,613,8.833849e+04
petite,70,16,648,9.754385e+04
petite,71,16,564,5.940606e+04
petite,72,16,599,8.830912e+04
petite,73,16,613,8.502835e+04
petite,74,16,597,7.469188e+04
petite,75,16,702,1.131217e+05
petite,76,16,648,8.019421e+04
petite,77,16,569,7.179994e+04
petite,78,16,639,9.408467e+04
petite,79,16,577,7.450053e+04
petite,80,16,698,1.053080e+05
petite,81,16,668,9.389524e+04
petite,82,16,613,9.259435e+04
petite,83,16,646,8.948763e+04
petite,84,16,658,9.933107e+04
petite,85,16,626,8.748158e+04
petite,86,16,615,8.619826e+04
petite,87,16,711,1.106945e+05
petite,88,16,743,1.069588e+05
petite,89,16,646,8.987066e+04
petite,90,16,600,7.165222e+04
petite,91,16,594,9.021907e+04
petite,92,16,618,7.372503e+04
petite,93,16,645,9.493530e+04
petite,94,16,616,8.157623e+04
petite,95,16,544,7.591631e+04
petite,96,16,683,1.015952e+05
petite,97,16,791,1.212504e+05
petite,98,16,663,9.904493e+04
petite,99,16,665,9.810193e+04
petite,100,16,713,1.005999e+05
petite,1,17,634,7.826992e+04
petite,2,17,645,9.932885e+04
petite,3,17,703,9.425988e+04
petite,4,17,678,9.480248e+04
petite,5,17,608,8.755731e+04
petite,6,17,690,1.057023e+05
petite,7,17,524,6.635478e+04
petite,8,17,602,7.801506e+04
petite,9,17,666,1.036263e+05
petite,10,17,632,7.544535e+04
petite,11,17,677,8.911574e+04
petite,12,17,711,9.646912e+04
petite,13,17,608,7.334697e+04
petite,14,17,733,1.068736e+05
petite,15,17,639,8.635974e+04
petite,16,17,675,8.933886e+04
petite,17,17,711,1.098565e+05
petite,18,17,705,1.047693e+05
petite,19,17,721,1.096238e+05
petite,20,17,620,7.690191e+04
petite,21,17,647,7.881972e+04
petite,22,17,710,1.049279e+05
petite,23,17,612,7.368312e+04
petite,24,17,657,8.750753e+04
petite,25,17,639,8.601649e+04
petite,26,17,736,1.022804e+05
petite,27,17,617,8.395268e+04
petite,28,17,588,7.247116e+04
petite,29,17,534,6.784398e+04
petite,30,17,609,8.403392e+04
petite,31,17,659,9.183615e+04
petite,32,17,661,9.394251e+04
petite,33,17,722,1.151345e+05
petite,34,17,673,9.138150e+04
petite,35,17,631,8.737800e+04
petite,36,17,573,6.268514e+04
petite,37,17,571,7.481199e+04
petite,38,17,523,5.268266e+04
petite,39,17,655,9.248738e+04
petite,40,17,687,9.369410e+04
petite,41,17,640,8.927281e+04
petite,42,17,633,7.932158e+04
petite,43,17,604,8.265909e+04
petite,44,17,624,8.227599e+04
petite,45,17,698,9.084563e+04
petite,46,17,706,1.073731e+05
petite,47,17,583,6.985419e+04
petite,48,17,706,9.319234e+04
petite,49,17,636,8.634278e+04
petite,50,17,719,1.067065e+05
petite,51,17,624,7.270197e+04
petite,52,17,621,8.095273e+04
petite,53,17,721,1.045509e+05
petite,54,17,691,9.389011e+04
petite,55,17,709,9.510695e+04
petite,56,17,613,9.560684e+04
petite,57,17,645,8.324895e+04
petite,58,17,640,8.764405e+04
petite,59,17,638,8.997554e+04
petite,60,17,635,8.217089e+04
petite,61,17,587,7.461614e+04
petite,62,17,648,8.987746e+04
petite,63,17,598,7.062260e+04
petite,64,17,650,8.923805e+04
petite,65,17,622,7.880812e+04
petite,66,17,823,1.188518e+05
petite,67,17,648,9.264988e+04
petite,68,17,648,8.060535e+04
petite,69,17,709,1.001773e+05
petite,70,17,672,9.336340e+04
petite,71,17,633,9.399834e+04
petite,72,17,741,1.061589e+05
petite,73,17,702,1.035110e+05
petite,74,17,642,8.280688e+04
petite,75,17,557,6.822386e+04
petite,76,17,725,1.048550e+05
petite,77,17,633,8.783140e+04
petite,78,17,609,7.839329e+04
petite,79,17,590,7.480177e+04
petite,80,17,694,9.217683e+04
petite,81,17,716,1.096089e+05
petite,82,17,615,8.474960e+04
petite,83,17,664,8.384591e+04
petite,84,17,639,8.052380e+04
petite,85,17,716,9.349531e+04
petite,86,17,621,7.627397e+04
petite,87,17,633,9.658024e+04
petite,88,17,573,6.988596e+04
petite,89,17,801,1.210164e+05
petite,90,17,676,8.736848e+04
petite,91,17,549,5.791077e+04
petite,92,17,687,8.853280e+04
petite,93,17,812,1.344699e+05
petite,94,17,634,9.092056e+04
petite,95,17,650,8.185343e+04
petite,96,17,700,1.066412e+05
petite,97,17,650,9.325314e+04
petite,98,17,606,8.003578e+04
petite,99,17,582,6.749699e+04
petite,100,17,703,1.210499e+05
petite,1,18,591,6.845664e+04
petite,2,18,618,7.358954e+04
petite,3,18,619,8.436192e+04
petite,4,18,637,7.302518e+04
petite,5,18,653,7.798353e+04
petite,6,18,606,7.749243e+04
petite,7,18,691,9.563953e+04
petite,8,18,675,8.366030e+04
petite,9,18,670,8.119531e+04
petite,10,18,671,8.975549e+04
petite,11,18,674,8.545377e+04
petite,12,18,604,7.213199e+04
petite,13,18,790,1.137034e+05
petite,14,18,709,9.028687e+04
petite,15,18,658,7.780086e+04
petite,16,18,712,1.003048e+05
petite,17,18,638,8.268796e+04
petite,18,18,593,7.508851e+04
petite,19,18,646,7.680082e+04
petite,20,18,638,8.223083e+04
petite,21,18,691,9.726764e+04
petite,22,18,731,1.017939e+05
petite,23,18,700,9.521194e+04
petite,24,18,624,7.415065e+04
petite,25,18,590,6.558018e+04
petite,26,18,676,8.414984e+04
petite,27,18,631,8.171080e+04
petite,28,18,682,8.863358e+04
petite,29,18,643,8.059388e+04
petite,30,18,671,9.757651e+04
petite,31,18,635,8.730130e+04
petite,32,18,624,7.557640e+04
petite,33,18,604,6.450561e+04
petite,34,18,633,8.471240e+04
petite,35,18,602,7.271951e+04
petite,36,18,617,7.467446e+04
petite,37,18,602,7.917834e+04
petite,38,18,763,1.056534e+05
petite,39,18,548,5.913114e+04
petite,40,18,594,6.669996e+04
petite,41,18,619,7.641802e+04
petite,42,18,693,8.531437e+04
petite,43,18,597,7.694434e+04
petite,44,18,662,7.756867e+04
petite,45,18,637,8.111729e+04
petite,46,18,602,7.402140e+04
petite,47,18,594,6.710521e+04
petite,48,18,720,1.031201e+05
petite,49,18,618,7.975930e+04
petite,50,18,616,7.691766e+04
petite,51,18,595,6.717124e+04
petite,52,18,546,5.477631e+04
petite,53,18,640,8.247528e+04
petite,54,18,651,8.699669e+04
petite,55,18,686,8.791222e+04
petite,56,18,760,1.046641e+05
petite,57,18,642,8.277082e+04
petite,58,18,683,8.724995e+04
petite,59,18,744,1.122137e+05
petite,60,18,609,7.419316e+04
petite,61,18,669,8.807114e+04
petite,62,18,649,7.892412e+04
petite,63,18,600,8.172648e+04
petite,64,18,618,7.409070e+04
petite,65,18,569,6.649580e+04
petite,66,18,591,7.877466e+04
petite,67,18,697,8.087562e+04
petite,68,18,663,8.213273e+04
petite,69,18,654,9.205513e+04
petite,70,18,571,6.914974e+04
petite,71,18,570,6.944581e+04
petite,72,18,630,8.380364e+04
petite,73,18,700,9.662282e+04
petite,74,18,681,8.810496e+04
petite,75,18,632,7.600801e+04
petite,76,18,700,8.931721e+04
petite,77,18,637,7.841951e+04
petite,78,18,683,9.535897e+04
petite,79,18,616,8.452408e+04
petite,80,18,665,8.479596e+04
petite,81,18,634,8.037503e+04
petite,82,18,683,1.027527e+05
petite,83,18,636,8.109886e+04
petite,84,18,722,8.808134e+04
petite,85,18,631,7.244489e+04
petite,86,18,670,8.488462e+04
petite,87,18,614,8.121729e+04
petite,88,18,651,9.411483e+04
petite,89,18,667,8.518239e+04
petite,90,18,647,8.084710e+04
petite,91,18,623,8.360501e+04
petite,92,18,606,8.211306e+04
petite,93,18,623,7.844151e+04
petite,94,18,654,9.228297e+04
petite,95,18,682,9.574500e+04
petite,96,18,680,9.989941e+04
petite,97,18,655,9.277699e+04
petite,98,18,678,1.027664e+05
petite,99,18,662,9.481357e+04
petite,100,18,583,6.415432e+04
petite,1,19,602,7.209188e+04
petite,2,19,517,5.506033e+04
petite,3,19,644,9.274073e+04
petite,4,19,579,7.229146e+04
petite,5,19,576,7.465665e+04
petite,6,19,643,9.723350e+04
petite,7,19,767,1.106760e+05
petite,8,19,613,8.637879e+04
petite,9,19,633,8.497653e+04
petite,10,19,610,7.947662e+04
petite,11,19,680,9.795092e+04
petite,12,19,629,7.809892e+04
petite,13,19,602,8.583721e+04
petite,14,19,542,5.729344e+04
petite,15,19,705,9.158806e+04
petite,16,19,622,8.393649e+04
petite,17,19,556,6.734843e+04
petite,18,19,619,9.142907e+04
petite,19,19,561,6.787791e+04
petite,20,19,551,7.010624e+04
petite,21,19,594,8.377954e+04
petite,22,19,679,9.217424e+04
petite,23,19,695,1.005646e+05
petite,24,19,568,6.077656e+04
petite,25,19,582,7.084626e+04
petite,26,19,568,7.252600e+04
petite,27,19,588,6.457463e+04
petite,28,19,710,9.982526e+04
petite,29,19,604,7.704272e+04
petite,30,19,654,9.428204e+04
petite,31,19,567,6.374691e+04
petite,32,19,526,6.080378e+04
petite,33,19,623,8.233563e+04
petite,34,19,556,6.313360e+04
petite,35,19,626,8.348495e+04
petite,36,19,564,7.359065e+04
petite,37,19,672,8.458861e+04
petite,38,19,633,8.480394e+04
petite,39,19,648,9.126061e+04
petite,40,19,654,9.398214e+04
petite,41,19,589,7.887512e+04
petite,42,19,533,6.557589e+04
petite,43,19,608,7.688668e+04
petite,44,19,518,5.884552e+04
petite,45,19,628,8.107150e+04
petite,46,19,673,1.014314e+05
petite,47,19,549,6.140129e+04
petite,48,19,487,4.920295e+04
petite,49,19,661,9.427509e+04
petite,50,19,597,8.142716e+04
petite,51,19,544,7.013243e+04
petite,52,19,624,8.619161e+04
petite,53,19,586,7.117117e+04
petite,54,19,576,7.300801e+04
petite,55,19,557,6.738436e+04
petite,56,19,560,7.397129e+04
petite,57,19,580,7.688348e+04
petite,58,19,551,7.397980e+04
petite,59,19,658,8.807184e+04
petite,60,19,638,8.487324e+04
petite,61,19,641,8.083207e+04
petite,62,19,621,7.564716e+04
petite,63,19,645,8.717382e+04
petite,64,19,672,1.007270e+05
petite,65,19,609,7.560344e+04
petite,66,19,627,9.195074e+04
petite,67,19,537,5.836225e+04
petite,68,19,638,8.516660e+04
petite,69,19,618,7.784035e+04
petite,70,19,622,8.127146e+04
petite,71,19,682,9.920612e+04
petite,72,19,616,7.850544e+04
petite,73,19,636,9.066192e+04
petite,74,19,543,6.846988e+04
petite,75,19,661,9.915762e+04
petite,76,19,751,9.975387e+04
petite,77,19,690,9.741479e+04
petite,78,19,626,7.970208e+04
petite,79,19,606,8.149770e+04
petite,80,19,615,7.654473e+04
petite,81,19,660,8.843298e+04
petite,82,19,483,5.694460e+04
petite,83,19,581,7.365011e+04
petite,84,19,638,8.074739e+04
petite,85,19,682,9.160571e+04
petite,86,19,619,9.109274e+04
petite,87,19,610,8.724113e+04
petite,88,19,714,1.032954e+05
petite,89,19,648,8.148088e+04
petite,90,19,616,8.005425e+04
petite,91,19,549,6.309012e+04
petite,92,19,562,7.711535e+04
petite,93,19,608,8.349766e+04
petite,94,19,615,7.356099e+04
petite,95,19,513,5.633794e+04
petite,96,19,628,7.109176e+04
petite,97,19,614,8.989238e+04
petite,98,19,596,6.967601e+04
petite,99,19,570,7.354844e+04
petite,100,19,561,7.133174e+04
petite,1,2,646,9.076271e+04
petite,2,2,767,1.183890e+05
petite,3,2,639,8.215643e+04
petite,4,2,648,7.861908e+04
petite,5,2,601,7.198914e+04
petite,6,2,726,1.011248e+05
petite,7,2,684,9.298302e+04
petite,8,2,617,7.903972e+04
petite,9,2,734,1.021295e+05
petite,10,2,675,9.751637e+04
petite,11,2,597,7.231408e+04
petite,12,2,683,9.776928e+04
petite,13,2,641,8.203158e+04
petite,14,2,656,9.406044e+04
petite,15,2,643,7.715224e+04
petite,16,2,624,7.287992e+04
petite,17,2,651,9.375599e+04
petite,18,2,617,8.102568e+04
petite,19,2,639,7.663499e+04
petite,20,2,634,8.697858e+04
petite,21,2,751,1.175501e+05
petite,22,2,659,8.705562e+04
petite,23,2,739,1.111646e+05
petite,24,2,620,8.412614e+04
petite,25,2,672,9.159472e+04
petite,26,2,689,1.019665e+05
petite,27,2,581,8.662809e+04
petite,28,2,652,7.916730e+04
petite,29,2,698,9.513795e+04
petite,30,2,690,9.568256e+04
petite,31,2,604,7.724094e+04
petite,32,2,629,8.229215e+04
petite,33,2,714,1.075928e+05
petite,34,2,638,8.216768e+04
petite,35,2,585,6.490866e+04
petite,36,2,638,8.426094e+04
petite,37,2,683,9.197317e+04
petite,38,2,602,7.887576e+04
petite,39,2,592,7.472685e+04
petite,40,2,618,7.017011e+04
petite,41,2,674,9.353435e+04
petite,42,2,594,6.960305e+04
petite,43,2,696,9.559081e+04
petite,44,2,571,6.482771e+04
petite,45,2,625,8.004325e+04
petite,46,2,623,7.665765e+04
petite,47,2,672,9.990940e+04
petite,48,2,554,6.093922e+04
petite,49,2,585,7.189975e+04
petite,50,2,647,7.914788e+04
petite,51,2,671,9.589555e+04
petite,52,2,720,1.039401e+05
petite,53,2,623,7.825850e+04
petite,54,2,664,9.078001e+04
petite,55,2,670,9.185098e+04
petite,56,2,596,7.741660e+04
petite,57,2,559,6.387528e+04
petite,58,2,559,7.267534e+04
petite,59,2,534,6.157410e+04
petite,60,2,664,8.369797e+04
petite,61,2,632,8.250924e+04
petite,62,2,632,8.579804e+04
petite,63,2,618,7.890329e+04
petite,64,2,672,8.025389e+04
petite,65,2,599,8.033126e+04
petite,66,2,558,6.510474e+04
petite,67,2,606,7.398428e+04
petite,68,2,588,6.952502e+04
petite,69,2,640,7.717028e+04
petite,70,2,634,8.033088e+04
petite,71,2,662,9.157878e+04
petite,72,2,625,7.980298e+04
petite,73,2,653,8.803868e+04
petite,74,2,747,1.002595e+05
petite,75,2,564,7.691715e+04
petite,76,2,709,1.043150e+05
petite,77,2,577,7.677612e+04
petite,78,2,645,8.839244e+04
petite,79,2,701,9.054140e+04
petite,80,2,583,6.378183e+04
petite,81,2,676,8.266552e+04
petite,82,2,643,7.520724e+04
petite,83,2,646,8.088545e+04
petite,84,2,619,7.696949e+04
petite,85,2,813,1.367411e+05
petite,86,2,632,8.109507e+04
petite,87,2,668,8.898799e+04
petite,88,2,710,9.801030e+04
petite,89,2,603,7.248560e+04
petite,90,2,638,9.737456e+04
petite,91,2,684,9.713596e+04
petite,92,2,613,7.416339e+04
petite,93,2,631,8.743053e+04
petite,94,2,620,7.759563e+04
petite,95,2,652,7.755379e+04
petite,96,2,734,9.917712e+04
petite,97,2,629,8.403114e+04
petite,98,2,552,6.798932e+04
petite,99,2,778,1.180363e+05
petite,100,2,621,8.572127e+04
petite,1,20,609,7.540000e+04
petite,2,20,703,9.235676e+04
petite,3,20,600,7.395308e+04
petite,4,20,651,8.727398e+04
petite,5,20,596,7.173301e+04
petite,6,20,590,7.889661e+04
petite,7,20,619,7.757155e+04
petite,8,20,655,8.777845e+04
petite,9,20,715,1.030764e+05
petite,10,20,520,5.356738e+04
petite,11,20,573,6.326387e+04
petite,12,20,606,7.250651e+04
petite,13,20,616,6.942485e+04
petite,14,20,550,6.561941e+04
petite,15,20,585,7.229413e+04
petite,16,20,637,8.533003e+04
petite,17,20,640,8.330676e+04
petite,18,20,615,6.931585e+04
petite,19,20,584,7.159055e+04
petite,20,20,589,8.395142e+04
petite,21,20,600,6.411178e+04
petite,22,20,692,9.878855e+04
petite,23,20,671,9.056571e+04
petite,24,20,633,8.320374e+04
petite,25,20,528,6.879431e+04
petite,26,20,579,6.840646e+04
petite,27,20,591,7.371313e+04
petite,28,20,613,7.910320e+04
petite,29,20,596,7.219117e+04
petite,30,20,560,6.170228e+04
petite,31,20,603,7.518769e+04
petite,32,20,604,6.963146e+04
petite,33,20,632,7.728226e+04
petite,34,20,633,8.887389e+04
petite,35,20,608,7.433266e+04
petite,36,20,644,8.751394e+04
petite,37,20,586,7.858481e+04
petite,38,20,648,8.313626e+04
petite,39,20,660,8.445574e+04
petite,40,20,616,8.165414e+04
petite,41,20,569,7.453561e+04
petite,42,20,695,9.667564e+04
petite,43,20,619,6.926154e+04
petite,44,20,608,7.304698e+04
petite,45,20,599,7.182855e+04
petite,46,20,533,6.274640e+04
petite,47,20,591,7.016860e+04
petite,48,20,545,6.366301e+04
petite,49,20,570,7.418341e+04
petite,50,20,625,7.989808e+04
petite,51,20,603,6.849690e+04
petite,52,20,646,8.746520e+04
petite,53,20,600,7.456010e+04
petite,54,20,576,6.904856e+04
petite,55,20,595,7.230729e+04
petite,56,20,619,8.940944e+04
petite,57,20,523,6.045310e+04
petite,58,20,643,7.754654e+04
petite,59,20,574,6.677826e+04
petite,60,20,608,8.128169e+04
petite,61,20,576,7.425409e+04
petite,62,20,611,8.327527e+04
petite,63,20,585,7.518318e+04
petite,64,20,665,9.163652e+04
petite,65,20,596,7.248721e+04
petite,66,20,713,1.085150e+05
petite,67,20,637,8.097686e+04
petite,68,20,579,6.883673e+04
petite,69,20,577,7.222110e+04
petite,70,20,519,6.156215e+04
petite,71,20,618,8.083277e+04
petite,72,20,689,8.712281e+04
petite,73,20,588,7.475774e+04
petite,74,20,621,8.020815e+04
petite,75,20,621,7.483914e+04
petite,76,20,681,9.234366e+04
petite,77,20,606,7.398915e+04
petite,78,20,612,8.166124e+04
petite,79,20,610,7.014509e+04
petite,80,20,586,6.655994e+04
petite,81,20,661,8.058047e+04
petite,82,20,638,8.104685e+04
petite,83,20,595,7.484837e+04
petite,84,20,658,8.967229e+04
petite,85,20,657,8.295989e+04
petite,86,20,726,9.954474e+04
petite,87,20,589,7.030618e+04
petite,88,20,699,9.222114e+04
petite,89,20,581,6.525280e+04
petite,90,20,647,8.560003e+04
petite,91,20,595,7.047621e+04
petite,92,20,591,6.535546e+04
petite,93,20,689,9.241524e+04
petite,94,20,615,7.102053e+04
petite,95,20,563,7.054314e+04
petite,96,20,684,9.313358e+04
petite,97,20,595,7.045267e+04
petite,98,20,616,7.527696e+04
petite,99,20,562,6.947055e+04
petite,100,20,554,6.792953e+04
petite,1,21,632,8.685000e+04
petite,2,21,613,7.889443e+04
petite,3,21,659,8.562863e+04
petite,4,21,685,9.531801e+04
petite,5,21,831,1.371687e+05
petite,6,21,678,9.376536e+04
petite,7,21,654,8.863400e+04
petite,8,21,670,9.415591e+04
petite,9,21,630,8.404889e+04
petite,10,21,719,9.799806e+04
petite,11,21,751,1.115906e+05
petite,12,21,701,9.966827e+04
petite,13,21,659,8.786051e+04
petite,14,21,655,8.155283e+04
petite,15,21,557,6.650840e+04
petite,16,21,709,9.760228e+04
petite,17,21,757,1.164588e+05
petite,18,21,741,1.124476e+05
petite,19,21,558,7.003551e+04
petite,20,21,671,9.064659e+04
petite,21,21,626,7.763604e+04
petite,22,21,680,8.923572e+04
petite,23,21,658,8.937901e+04
petite,24,21,631,8.800851e+04
petite,25,21,541,6.414542e+04
petite,26,21,670,8.258132e+04
petite,27,21,598,8.932403e+04
petite,28,21,698,9.968246e+04
petite,29,21,617,7.453332e+04
petite,30,21,685,8.914008e+04
petite,31,21,625,8.301265e+04
petite,32,21,628,7.292449e+04
petite,33,21,635,8.510506e+04
petite,34,21,628,8.485470e+04
petite,35,21,554,6.713568e+04
petite,36,21,632,9.012720e+04
petite,37,21,672,7.636813e+04
petite,38,21,650,8.792559e+04
petite,39,21,793,1.165525e+05
petite,40,21,660,7.770864e+04
petite,41,21,683,8.494971e+04
petite,42,21,643,7.848881e+04
petite,43,21,538,6.332879e+04
petite,44,21,563,6.793280e+04
petite,45,21,742,1.114040e+05
petite,46,21,731,1.083393e+05
petite,47,21,649,8.718149e+04
petite,48,21,659,8.655077e+04
petite,49,21,684,8.297951e+04
petite,50,21,669,9.779175e+04
petite,51,21,606,6.961014e+04
petite,52,21,584,7.560340e+04
petite,53,21,640,7.874777e+04
petite,54,21,668,9.118140e+04
petite,55,21,831,1.270537e+05
petite,56,21,628,7.993197e+04
petite,57,21,755,1.041071e+05
petite,58,21,625,8.405897e+04
petite,59,21,647,8.975934e+04
petite,60,21,650,8.864446e+04
petite,61,21,616,8.571508e+04
petite,62,21,625,7.552491e+04
petite,63,21,625,8.540619e+04
petite,64,21,587,6.643665e+04
petite,65,21,656,8.367629e+04
petite,66,21,602,7.260718e+04
petite,67,21,726,1.026157e+05
petite,68,21,623,7.895130e+04
petite,69,21,608,7.531827e+04
petite,70,21,572,8.052912e+04
petite,71,21,733,1.057801e+05
petite,72,21,722,9.902889e+04
petite,73,21,727,9.942983e+04
petite,74,21,626,8.480329e+04
petite,75,21,563,6.905794e+04
petite,76,21,703,9.744237e+04
petite,77,21,660,9.521013e+04
petite,78,21,596,7.586423e+04
petite,79,21,673,9.077095e+04
petite,80,21,703,9.693398e+04
petite,81,21,624,7.569686e+04
petite,82,21,730,1.076133e+05
petite,83,21,681,8.469396e+04
petite,84,21,635,9.151082e+04
petite,85,21,675,9.180001e+04
petite,86,21,625,7.234316e+04
petite,87,21,583,7.717498e+04
petite,88,21,541,6.476088e+04
petite,89,21,673,8.865872e+04
petite,90,21,771,1.148501e+05
petite,91,21,569,7.686322e+04
petite,92,21,648,8.457297e+04
petite,93,21,633,8.583026e+04
petite,94,21,642,8.825314e+04
petite,95,21,692,1.026722e+05
petite,96,21,687,8.973750e+04
petite,97,21,534,5.692512e+04
petite,98,21,636,8.604976e+04
petite,99,21,611,7.662597e+04
petite,100,21,643,9.212249e+04
petite,1,22,756,1.112097e+05
petite,2,22,609,8.445228e+04
petite,3,22,647,8.444239e+04
petite,4,22,719,1.065705e+05
petite,5,22,677,9.540118e+04
petite,6,22,633,8.108480e+04
petite,7,22,709,1.057267e+05
petite,8,22,619,9.061133e+04
petite,9,22,660,9.053739e+04
petite,10,22,585,7.221389e+04
petite,11,22,668,8.747500e+04
petite,12,22,693,1.088014e+05
petite,13,22,525,6.231295e+04
petite,14,22,714,1.085671e+05
petite,15,22,667,9.563017e+04
petite,16,22,582,6.633652e+04
petite,17,22,704,1.004764e+05
petite,18,22,581,6.977961e+04
petite,19,22,643,9.858938e+04
petite,20,22,668,8.647095e+04
petite,21,22,548,6.000442e+04
petite,22,22,741,1.178799e+05
petite,23,22,596,8.007615e+04
petite,24,22,616,8.877918e+04
petite,25,22,687,9.234427e+04
petite,26,22,603,9.888849e+04
petite,27,22,568,6.596206e+04
petite,28,22,595,7.691744e+04
petite,29,22,562,6.896725e+04
petite,30,22,551,7.610587e+04
petite,31,22,617,7.229475e+04
petite,32,22,618,7.305158e+04
petite,33,22,615,9.993586e+04
petite,34,22,615,8.435484e+04
petite,35,22,571,6.709470e+04
petite,36,22,718,1.060658e+05
petite,37,22,582,6.060001e+04
petite,38,22,617,8.358526e+04
petite,39,22,652,9.290578e+04
petite,40,22,735,1.123456e+05
petite,41,22,710,1.084339e+05
petite,42,22,551,6.531392e+04
petite,43,22,584,6.894177e+04
petite,44,22,657,9.343247e+04
petite,45,22,546,6.671689e+04
petite,46,22,539,6.518417e+04
petite,47,22,649,9.079907e+04
petite,48,22,697,9.462561e+04
petite,49,22,644,8.414100e+04
petite,50,22,579,6.987885e+04
petite,51,22,564,5.887178e+04
petite,52,22,626,9.264577e+04
petite,53,22,596,7.748251e+04
petite,54,22,635,8.767526e+04
petite,55,22,501,5.959045e+04
petite,56,22,652,8.982270e+04
petite,57,22,590,7.805218e+04
petite,58,22,684,9.930710e+04
petite,59,22,643,9.129856e+04
petite,60,22,572,7.191044e+04
petite,61,22,585,7.039780e+04
petite,62,22,634,9.180468e+04
petite,63,22,603,7.768411e+04
petite,64,22,650,8.829116e+04
petite,65,22,614,7.820909e+04
petite,66,22,692,1.026739e+05
petite,67,22,602,7.340587e+04
petite,68,22,717,9.635959e+04
petite,69,22,629,8.616823e+04
petite,70,22,638,8.750649e+04
petite,71,22,599,8.856566e+04
petite,72,22,548,7.097055e+04
petite,73,22,536,7.139320e+04
petite,74,22,631,9.890113e+04
petite,75,22,632,8.790602e+04
petite,76,22,565,6.384142e+04
petite,77,22,648,8.601184e+04
petite,78,22,722,1.068126e+05
petite,79,22,587,6.316259e+04
petite,80,22,552,6.586946e+04
petite,81,22,656,1.026009e+05
petite,82,22,676,1.042585e+05
petite,83,22,622,8.556212e+04
petite,84,22,638,8.327205e+04
petite,85,22,579,7.834674e+04
petite,86,22,731,1.162699e+05
petite,87,22,574,7.345025e+04
petite,88,22,573,7.230632e+04
petite,89,22,675,9.779566e+04
petite,90,22,564,6.840947e+04
petite,91,22,614,7.929729e+04
petite,92,22,631,9.070779e+04
petite,93,22,592,7.417360e+04
petite,94,22,742,1.146392e+05
petite,95,22,651,8.365266e+04
petite,96,22,680,1.033094e+05
petite,97,22,533,7.329062e+04
petite,98,22,567,7.484979e+04
petite,99,22,591,7.128811e+04
petite,100,22,560,7.715771e+04
petite,1,23,671,8.758157e+04
petite,2,23,611,6.945930e+04
petite,3,23,616,7.770474e+04
petite,4,23,648,8.308616e+04
petite,5,23,725,9.434683e+04
petite,6,23,511,6.427716e+04
petite,7,23,641,9.966086e+04
petite,8,23,639,8.799143e+04
petite,9,23,616,7.907944e+04
petite,10,23,741,1.088641e+05
petite,11,23,691,1.016353e+05
petite,12,23,660,8.609779e+04
petite,13,23,694,9.128064e+04
petite,14,23,607,7.476597e+04
petite,15,23,668,9.292627e+04
petite,16,23,505,5.868538e+04
petite,17,23,636,8.521642e+04
petite,18,23,619,9.290057e+04
petite,19,23,696,9.090145e+04
petite,20,23,625,7.714348e+04
petite,21,23,576,6.659264e+04
petite,22,23,704,9.432256e+04
petite,23,23,642,7.038208e+04
petite,24,23,662,8.766160e+04
petite,25,23,618,7.920139e+04
petite,26,23,603,7.695364e+04
petite,27,23,613,6.901328e+04
petite,28,23,698,9.791611e+04
petite,29,23,588,7.643161e+04
petite,30,23,583,7.406762e+04
petite,31,23,667,8.664113e+04
petite,32,23,699,1.024606e+05
petite,33,23,788,1.253457e+05
petite,34,23,629,7.811724e+04
petite,35,23,653,8.984072e+04
petite,36,23,769,1.128497e+05
petite,37,23,766,1.037660e+05
petite,38,23,597,7.339102e+04
petite,39,23,635,7.680053e+04
petite,40,23,681,8.310614e+04
petite,41,23,668,8.504426e+04
petite,42,23,664,8.767755e+04
petite,43,23,703,1.008603e+05
petite,44,23,632,8.083160e+04
petite,45,23,610,7.762019e+04
petite,46,23,677,8.505340e+04
petite,47,23,608,6.945843e+04
petite,48,23,672,8.254088e+04
petite,49,23,738,1.070138e+05
petite,50,23,661,8.001894e+04
petite,51,23,565,8.628042e+04
petite,52,23,653,8.032453e+04
petite,53,23,570,6.117443e+04
petite,54,23,652,9.040999e+04
petite,55,23,694,9.386570e+04
petite,56,23,652,8.499818e+04
petite,57,23,641,7.613851e+04
petite,58,23,650,8.815180e+04
petite,59,23,593,7.610485e+04
petite,60,23,639,8.466690e+04
petite,61,23,626,8.617451e+04
petite,62,23,664,8.990086e+04
petite,63,23,699,1.002713e+05
petite,64,23,687,9.410199e+04
petite,65,23,735,1.003026e+05
petite,66,23,607,7.755779e+04
petite,67,23,547,5.994948e+04
petite,68,23,625,7.943215e+04
petite,69,23,773,1.028944e+05
petite,70,23,659,9.120648e+04
petite,71,23,600,7.989816e+04
petite,72,23,706,1.020355e+05
petite,73,23,596,7.235990e+04
petite,74,23,601,7.837724e+04
petite,75,23,667,8.333823e+04
petite,76,23,645,7.729021e+04
petite,77,23,654,8.740141e+04
petite,78,23,683,8.930596e+04
petite,79,23,679,8.563388e+04
petite,80,23,666,8.286399e+04
petite,81,23,593,7.978055e+04
petite,82,23,704,9.123877e+04
petite,83,23,662,8.727779e+04
petite,84,23,553,6.162671e+04
petite,85,23,593,7.106760e+04
petite,86,23,643,8.535356e+04
petite,87,23,696,8.993808e+04
petite,88,23,613,7.434519e+04
petite,89,23,686,9.561719e+04
petite,90,23,574,6.755979e+04
petite,91,23,660,8.414246e+04
petite,92,23,655,7.765052e+04
petite,93,23,631,8.612957e+04
petite,94,23,646,8.661031e+04
petite,95,23,654,8.464696e+04
petite,96,23,559,7.173061e+04
petite,97,23,766,1.030348e+05
petite,98,23,583,7.068459e+04
petite,99,23,683,9.222098e+04
petite,100,23,744,1.084195e+05
petite,1,24,695,1.044567e+05
petite,2,24,589,6.489641e+04
petite,3,24,641,8.207045e+04
petite,4,24,670,8.598384e+04
petite,5,24,680,8.204325e+04
petite,6,24,621,8.437284e+04
petite,7,24,688,8.949354e+04
petite,8,24,670,9.507529e+04
petite,9,24,661,1.018568e+05
petite,10,24,664,8.692478e+04
petite,11,24,609,7.981497e+04
petite,12,24,634,9.141096e+04
petite,13,24,779,1.332542e+05
petite,14,24,599,7.796354e+04
petite,15,24,579,7.881010e+04
petite,16,24,788,1.232814e+05
petite,17,24,744,1.086109e+05
petite,18,24,579,6.913534e+04
petite,19,24,602,8.389339e+04
petite,20,24,620,8.306792e+04
petite,21,24,657,8.705145e+04
petite,22,24,601,7.130395e+04
petite,23,24,813,1.287963e+05
petite,24,24,683,9.709602e+04
petite,25,24,710,9.752156e+04
petite,26,24,663,9.200864e+04
petite,27,24,676,8.647037e+04
petite,28,24,677,9.767158e+04
petite,29,24,617,8.618047e+04
petite,30,24,612,7.054986e+04
petite,31,24,662,1.014240e+05
petite,32,24,708,1.054944e+05
petite,33,24,662,9.582719e+04
petite,34,24,672,7.894356e+04
petite,35,24,675,9.342705e+04
petite,36,24,550,7.600297e+04
petite,37,24,697,9.818105e+04
petite,38,24,561,7.139948e+04
petite,39,24,587,7.104531e+04
petite,40,24,595,7.405384e+04
petite,41,24,697,9.926975e+04
petite,42,24,624,9.012294e+04
petite,43,24,488,5.264715e+04
petite,44,24,656,8.513717e+04
petite,45,24,616,8.467245e+04
petite,46,24,656,8.340779e+04
petite,47,24,668,8.873977e+04
petite,48,24,648,8.163769e+04
petite,49,24,666,8.719574e+04
petite,50,24,666,8.735360e+04
petite,51,24,657,9.782829e+04
petite,52,24,621,8.903729e+04
petite,53,24,650,8.378093e+04
petite,54,24,660,8.379490e+04
petite,55,24,690,1.166378e+05
petite,56,24,665,9.270989e+04
petite,57,24,608,7.677437e+04
petite,58,24,641,8.609798e+04
petite,59,24,602,8.457936e+04
petite,60,24,733,1.097207e+05
petite,61,24,701,9.906250e+04
petite,62,24,646,9.029138e+04
petite,63,24,573,6.734120e+04
petite,64,24,615,8.454644e+04
petite,65,24,706,9.358350e+04
petite,66,24,752,1.121861e+05
petite,67,24,687,1.021002e+05
petite,68,24,567,7.058964e+04
petite,69,24,640,9.636254e+04
petite,70,24,580,7.219811e+04
petite,71,24,695,9.483279e+04
petite,72,24,651,9.022519e+04
petite,73,24,567,7.503742e+04
petite,74,24,699,1.009482e+05
petite,75,24,642,8.733630e+04
petite,76,24,677,9.917413e+04
petite,77,24,761,1.205840e+05
petite,78,24,624,7.389095e+04
petite,79,24,706,1.009177e+05
petite,80,24,671,8.844142e+04
petite,81,24,581,7.523646e+04
petite,82,24,785,1.140493e+05
petite,83,24,561,7.904655e+04
petite,84,24,728,1.112800e+05
petite,85,24,714,1.004359e+05
petite,86,24,581,7.859792e+04
petite,87,24,800,1.165520e+05
petite,88,24,595,7.443359e+04
petite,89,24,656,8.666283e+04
petite,90,24,683,9.867705e+04
petite,91,24,638,9.282113e+04
petite,92,24,737,1.061595e+05
petite,93,24,678,9.362597e+04
petite,94,24,661,9.189003e+04
petite,95,24,661,8.900690e+04
petite,96,24,685,1.020585e+05
petite,97,24,587,7.497931e+04
petite,98,24,728,1.090678e+05
petite,99,24,597,8.129747e+04
petite,100,24,574,6.868626e+04
petite,1,25,577,6.873726e+04
petite,2,25,697,9.806436e+04
petite,3,25,644,8.482999e+04
petite,4,25,723,9.386021e+04
petite,5,25,678,8.574392e+04
petite,6,25,583,8.425166e+04
petite,7,25,606,7.669914e+04
petite,8,25,686,9.783411e+04
petite,9,25,725,1.031861e+05
petite,10,25,714,9.923507e+04
petite,11,25,705,1.003379e+05
petite,12,25,685,9.905265e+04
petite,13,25,647,8.712461e+04
petite,14,25,686,9.485318e+04
petite,15,25,691,8.894157e+04
petite,16,25,716,9.497071e+04
petite,17,25,729,1.040087e+05
petite,18,25,638,8.622201e+04
petite,19,25,617,7.692146e+04
petite,20,25,746,1.207769e+05
petite,21,25,687,9.284557e+04
petite,22,25,707,9.481348e+04
petite,23,25,663,9.295466e+04
petite,24,25,725,1.023964e+05
petite,25,25,758,1.172155e+05
petite,26,25,601,8.233215e+04
petite,27,25,728,1.061934e+05
petite,28,25,685,9.709835e+04
petite,29,25,627,7.839708e+04
petite,30,25,651,9.497182e+04
petite,31,25,784,1.103671e+05
petite,32,25,700,1.033506e+05
petite,33,25,617,7.910128e+04
petite,34,25,629,7.416069e+04
petite,35,25,714,1.083621e+05
petite,36,25,614,7.519785e+04
petite,37,25,821,1.162805e+05
petite,38,25,606,8.214237e+04
petite,39,25,740,1.045363e+05
petite,40,25,706,1.076687e+05
petite,41,25,678,9.387782e+04
petite,42,25,655,8.886721e+04
petite,43,25,681,9.410693e+04
petite,44,25,623,7.503063e+04
petite,45,25,682,8.820449e+04
petite,46,25,741,1.088308e+05
petite,47,25,666,9.225826e+04
petite,48,25,614,8.549172e+04
petite,49,25,658,9.034437e+04
petite,50,25,758,1.049118e+05
petite,51,25,669,9.285482e+04
petite,52,25,631,8.014487e+04
petite,53,25,756,1.064630e+05
petite,54,25,656,8.362352e+04
petite,55,25,762,1.079497e+05
petite,56,25,738,1.114255e+05
petite,57,25,808,1.267998e+05
petite,58,25,709,1.023362e+05
petite,59,25,690,8.979201e+04
petite,60,25,718,1.026470e+05
petite,61,25,723,1.098524e+05
petite,62,25,615,7.888958e+04
petite,63,25,629,7.825394e+04
petite,64,25,591,7.675826e+04
petite,65,25,621,7.199297e+04
petite,66,25,659,9.135434e+04
petite,67,25,671,9.072410e+04
petite,68,25,675,8.926656e+04
petite,69,25,620,7.407986e+04
petite,70,25,748,1.150323e+05
petite,71,25,704,9.588370e+04
petite,72,25,758,1.186543e+05
petite,73,25,696,1.009971e+05
petite,74,25,636,8.448525e+04
petite,75,25,668,9.349529e+04
petite,76,25,735,1.150477e+05
petite,77,25,638,8.263246e+04
petite,78,25,696,8.916778e+04
petite,79,25,633,7.387768e+04
petite,80,25,697,1.048533e+05
petite,81,25,725,9.291176e+04
petite,82,25,580,7.531753e+04
petite,83,25,725,1.118153e+05
petite,84,25,709,9.133892e+04
petite,85,25,728,1.145788e+05
petite,86,25,577,7.447844e+04
petite,87,25,671,9.626004e+04
petite,88,25,693,9.412517e+04
petite,89,25,744,9.466022e+04
petite,90,25,644,8.502716e+04
petite,91,25,768,1.114113e+05
petite,92,25,693,9.412742e+04
petite,93,25,777,1.194455e+05
petite,94,25,799,1.185495e+05
petite,95,25,777,1.230767e+05
petite,96,25,692,1.021673e+05
petite,97,25,635,8.278982e+04
petite,98,25,678,9.138910e+04
petite,99,25,727,1.067696e+05
petite,100,25,740,1.094762e+05
petite,1,26,670,9.736315e+04
petite,2,26,606,7.329047e+04
petite,3,26,732,9.900019e+04
petite,4,26,574,6.925485e+04
petite,5,26,636,8.587195e+04
petite,6,26,786,1.215380e+05
petite,7,26,663,8.596102e+04
petite,8,26,696,9.574184e+04
petite,9,26,599,7.318286e+04
petite,10,26,653,8.556724e+04
petite,11,26,798,1.168181e+05
petite,12,26,593,7.677509e+04
petite,13,26,707,1.043615e+05
petite,14,26,729,1.110168e+05
petite,15,26,741,1.125520e+05
petite,16,26,600,7.300179e+04
petite,17,26,586,7.695234e+04
petite,18,26,625,9.020786e+04
petite,19,26,641,8.538161e+04
petite,20,26,605,7.213026e+04
petite,21,26,569,7.195196e+04
petite,22,26,768,1.024259e+05
petite,23,26,750,1.119963e+05
petite,24,26,642,8.873230e+04
petite,25,26,610,7.498310e+04
petite,26,26,702,1.061180e+05
petite,27,26,626,8.022779e+04
petite,28,26,666,9.140976e+04
petite,29,26,610,7.586388e+04
petite,30,26,644,8.531122e+04
petite,31,26,740,1.053124e+05
petite,32,26,658,8.814144e+04
petite,33,26,648,1.004405e+05
petite,34,26,695,9.658940e+04
petite,35,26,591,7.959494e+04
petite,36,26,590,7.461685e+04
petite,37,26,647,8.551012e+04
petite,38,26,680,8.913787e+04
petite,39,26,633,8.908106e+04
petite,40,26,651,8.528232e+04
petite,41,26,591,8.062537e+04
petite,42,26,644,8.472864e+04
petite,43,26,697,9.554088e+04
petite,44,26,569,6.815790e+04
petite,45,26,586,6.788986e+04
petite,46,26,650,8.508600e+04
petite,47,26,783,1.035948e+05
petite,48,26,627,8.104710e+04
petite,49,26,610,8.377617e+04
petite,50,26,614,8.313975e+04
petite,51,26,613,7.760327e+04
petite,52,26,607,7.281957e+04
petite,53,26,567,7.739435e+04
petite,54,26,677,9.032996e+04
petite,55,26,585,7.889532e+04
petite,56,26,737,1.237835e+05
petite,57,26,618,7.722298e+04
petite,58,26,722,1.024845e+05
petite,59,26,670,9.267967e+04
petite,60,26,649,8.476004e+04
petite,61,26,688,1.000738e+05
petite,62,26,613,7.690023e+04
petite,63,26,686,8.924146e+04
petite,64,26,676,9.874250e+04
petite,65,26,691,9.695356e+04
petite,66,26,629,8.494642e+04
petite,67,26,550,7.269893e+04
petite,68,26,687,8.896899e+04
petite,69,26,602,6.983268e+04
petite,70,26,669,1.069634e+05
petite,71,26,648,9.142035e+04
petite,72,26,596,7.509736e+04
petite,73,26,569,6.145593e+04
petite,74,26,624,7.423810e+04
petite,75,26,674,9.789919e+04
petite,76,26,719,1.065923e+05
petite,77,26,609,7.846243e+04
petite,78,26,679,9.992338e+04
petite,79,26,611,8.064891e+04
petite,80,26,601,7.102728e+04
petite,81,26,725,1.121212e+05
petite,82,26,624,7.952627e+04
petite,83,26,613,9.038471e+04
petite,84,26,694,9.585511e+04
petite,85,26,637,8.198425e+04
petite,86,26,715,9.404587e+04
petite,87,26,744,1.101476e+05
petite,88,26,577,7.654700e+04
petite,89,26,599,7.212777e+04
petite,90,26,815,1.177814e+05
petite,91,26,594,6.742171e+04
petite,92,26,630,7.917573e+04
petite,93,26,782,1.277102e+05
petite,94,26,644,8.723884e+04
petite,95,26,577,6.293769e+04
petite,96,26,634,7.807578e+04
petite,97,26,711,1.013384e+05
petite,98,26,638,8.091220e+04
petite,99,26,737,1.037378e+05
petite,100,26,617,7.125855e+04
petite,1,27,652,8.149181e+04
petite,2,27,644,8.501921e+04
petite,3,27,571,6.825440e+04
petite,4,27,736,1.118992e+05
petite,5,27,580,6.619986e+04
petite,6,27,686,9.727655e+04
petite,7,27,629,9.360687e+04
petite,8,27,689,9.432251e+04
petite,9,27,611,7.732008e+04
petite,10,27,627,9.917340e+04
petite,11,27,714,1.102938e+05
petite,12,27,544,5.891175e+04
petite,13,27,644,9.112733e+04
petite,14,27,638,8.294270e+04
petite,15,27,620,8.481092e+04
petite,16,27,637,9.506672e+04
petite,17,27,656,8.156398e+04
petite,18,27,613,8.424551e+04
petite,19,27,662,8.598962e+04
petite,20,27,626,7.407258e+04
petite,21,27,659,8.884775e+04
petite,22,27,685,1.035084e+05
petite,23,27,672,9.656743e+04
petite,24,27,689,9.649906e+04
petite,25,27,641,9.375276e+04
petite,26,27,653,1.003682e+05
petite,27,27,565,6.913964e+04
petite,28,27,632,9.282201e+04
petite,29,27,734,1.062819e+05
petite,30,27,651,8.604320e+04
petite,31,27,687,1.020847e+05
petite,32,27,643,8.456562e+04
petite,33,27,644,8.373918e+04
petite,34,27,672,1.118459e+05
petite,35,27,710,1.122022e+05
petite,36,27,628,8.754893e+04
petite,37,27,671,9.971157e+04
petite,38,27,705,9.782644e+04
petite,39,27,664,9.098027e+04
petite,40,27,738,1.268339e+05
petite,41,27,611,8.584873e+04
petite,42,27,584,7.991720e+04
petite,43,27,779,1.255531e+05
petite,44,27,681,1.066990e+05
petite,45,27,648,9.215371e+04
petite,46,27,564,8.316607e+04
petite,47,27,663,9.772501e+04
petite,48,27,614,7.061629e+04
petite,49,27,669,8.639252e+04
petite,50,27,641,8.688289e+04
petite,51,27,702,9.917994e+04
petite,52,27,727,1.103252e+05
petite,53,27,658,8.581885e+04
petite,54,27,578,7.686956e+04
petite,55,27,636,8.657520e+04
petite,56,27,644,8.840143e+04
petite,57,27,578,6.529626e+04
petite,58,27,713,9.323575e+04
petite,59,27,568,6.947459e+04
petite,60,27,610,9.076322e+04
petite,61,27,631,8.138270e+04
petite,62,27,622,8.069370e+04
petite,63,27,574,8.103362e+04
petite,64,27,577,7.624414e+04
petite,65,27,590,8.478002e+04
petite,66,27,618,7.872496e+04
petite,67,27,595,7.455212e+04
petite,68,27,751,1.130241e+05
petite,69,27,601,8.896143e+04
petite,70,27,800,1.118750e+05
petite,71,27,588,7.471542e+04
petite,72,27,668,1.044199e+05
petite,73,27,670,1.011013e+05
petite,74,27,603,7.875410e+04
petite,75,27,623,8.108640e+04
petite,76,27,626,8.125385e+04
petite,77,27,718,1.136604e+05
petite,78,27,627,8.258719e+04
petite,79,27,564,7.178166e+04
petite,80,27,652,1.035931e+05
petite,81,27,675,8.820215e+04
petite,82,27,481,5.889582e+04
petite,83,27,555,6.874606e+04
petite,84,27,589,7.187727e+04
petite,85,27,635,9.252341e+04
petite,86,27,695,1.086115e+05
petite,87,27,682,9.538727e+04
petite,88,27,589,7.562286e+04
petite,89,27,644,8.383315e+04
petite,90,27,660,9.481016e+04
petite,91,27,737,1.095046e+05
petite,92,27,637,8.407119e+04
petite,93,27,653,8.776497e+04
petite,94,27,531,6.246134e+04
petite,95,27,751,1.107225e+05
petite,96,27,600,8.599830e+04
petite,97,27,642,8.153359e+04
petite,98,27,581,6.878770e+04
petite,99,27,557,7.346304e+04
petite,100,27,609,9.103614e+04
petite,1,28,527,6.655687e+04
petite,2,28,757,1.124198e+05
petite,3,28,708,1.004894e+05
petite,4,28,806,1.162892e+05
petite,5,28,799,1.264625e+05
petite,6,28,586,7.324301e+04
petite,7,28,604,7.382264e+04
petite,8,28,605,8.723376e+04
petite,9,28,673,9.409274e+04
petite,10,28,701,8.499749e+04
petite,11,28,656,8.393220e+04
petite,12,28,721,9.690251e+04
petite,13,28,585,7.642803e+04
petite,14,28,620,8.466871e+04
petite,15,28,695,1.039080e+05
petite,16,28,660,1.011664e+05
petite,17,28,669,9.486090e+04
petite,18,28,633,1.004424e+05
petite,19,28,614,8.803413e+04
petite,20,28,571,7.409320e+04
petite,21,28,607,7.801140e+04
petite,22,28,650,8.861961e+04
petite,23,28,740,1.206428e+05
petite,24,28,610,8.131598e+04
petite,25,28,620,8.935387e+04
petite,26,28,677,9.350110e+04
petite,27,28,675,8.823208e+04
petite,28,28,597,7.878999e+04
petite,29,28,714,1.103678e+05
petite,30,28,671,1.031558e+05
petite,31,28,614,7.998558e+04
petite,32,28,716,1.127010e+05
petite,33,28,642,8.759808e+04
petite,34,28,637,8.134029e+04
petite,35,28,525,5.663035e+04
petite,36,28,668,9.294144e+04
petite,37,28,690,1.021050e+05
petite,38,28,826,1.238337e+05
petite,39,28,625,7.784215e+04
petite,40,28,676,9.557373e+04
petite,41,28,726,1.061103e+05
petite,42,28,654,9.748812e+04
petite,43,28,664,9.017357e+04
petite,44,28,666,9.317109e+04
petite,45,28,641,8.756812e+04
petite,46,28,684,1.096243e+05
petite,47,28,616,6.904385e+04
petite,48,28,599,8.073632e+04
petite,49,28,715,1.068851e+05
petite,50,28,662,1.016553e+05
petite,51,28,610,8.042644e+04
petite,52,28,673,9.732620e+04
petite,53,28,683,9.376402e+04
petite,54,28,650,9.917373e+04
petite,55,28,624,8.460065e+04
petite,56,28,665,9.615987e+04
petite,57,28,588,7.952030e+04
petite,58,28,694,9.843179e+04
petite,59,28,511,5.302666e+04
petite,60,28,575,7.245614e+04
petite,61,28,612,8.267818e+04
petite,62,28,649,8.181508e+04
petite,63,28,664,8.161476e+04
petite,64,28,621,8.351349e+04
petite,65,28,587,7.512748e+04
petite,66,28,628,8.835986e+04
petite,67,28,634,9.321999e+04
petite,68,28,634,8.187736e+04
petite,69,28,695,1.147650e+05
petite,70,28,609,7.589885e+04
petite,71,28,604,7.609431e+04
petite,72,28,617,7.710388e+04
petite,73,28,601,7.679020e+04
petite,74,28,601,7.679057e+04
petite,75,28,716,1.139793e+05
petite,76,28,664,9.548020e+04
petite,77,28,563,6.926567e+04
petite,78,28,572,7.676240e+04
petite,79,28,604,7.952473e+04
petite,80,28,660,8.944627e+04
petite,81,28,638,8.357033e+04
petite,82,28,659,8.813541e+04
petite,83,28,622,7.869787e+04
petite,84,28,615,8.597485e+04
petite,85,28,574,7.995984e+04
petite,86,28,638,8.978865e+04
petite,87,28,693,1.114674e+05
petite,88,28,621,7.561040e+04
petite,89,28,637,9.027514e+04
petite,90,28,605,8.438830e+04
petite,91,28,645,9.346137e+04
petite,92,28,722,1.089328e+05
petite,93,28,585,6.801823e+04
petite,94,28,695,9.430828e+04
petite,95,28,665,1.098700e+05
petite,96,28,556,6.529050e+04
petite,97,28,703,9.917845e+04
petite,98,28,704,9.993888e+04
petite,99,28,684,1.129775e+05
petite,100,28,709,9.795735e+04
petite,1,29,625,7.133541e+04
petite,2,29,638,8.070795e+04
petite,3,29,537,6.446425e+04
petite,4,29,656,8.673992e+04
petite,5,29,646,8.805429e+04
petite,6,29,642,9.248364e+04
petite,7,29,642,8.365671e+04
petite,8,29,613,7.619070e+04
petite,9,29,632,8.875783e+04
petite,10,29,610,7.198196e+04
petite,11,29,686,1.023262e+05
petite,12,29,766,1.151750e+05
petite,13,29,567,6.777029e+04
petite,14,29,639,8.452099e+04
petite,15,29,688,1.005559e+05
petite,16,29,611,7.935140e+04
petite,17,29,683,9.708079e+04
petite,18,29,602,7.480489e+04
petite,19,29,613,6.768754e+04
petite,20,29,597,7.764057e+04
petite,21,29,693,1.032322e+05
petite,22,29,539,7.438564e+04
petite,23,29,643,7.981357e+04
petite,24,29,611,8.048528e+04
petite,25,29,644,8.144652e+04
petite,26,29,740,1.055815e+05
petite,27,29,646,7.684647e+04
petite,28,29,628,7.996426e+04
petite,29,29,595,7.391157e+04
petite,30,29,630,8.210164e+04
petite,31,29,653,8.657525e+04
petite,32,29,649,9.456325e+04
petite,33,29,646,9.138649e+04
petite,34,29,649,1.025922e+05
petite,35,29,612,7.663609e+04
petite,36,29,632,7.638859e+04
petite,37,29,671,9.052338e+04
petite,38,29,661,9.417045e+04
petite,39,29,549,6.496434e+04
petite,40,29,663,8.627322e+04
petite,41,29,563,7.118919e+04
petite,42,29,631,8.958982e+04
petite,43,29,741,1.069814e+05
petite,44,29,619,7.459415e+04
petite,45,29,786,1.175210e+05
petite,46,29,668,9.570815e+04
petite,47,29,559,6.073268e+04
petite,48,29,584,7.596068e+04
petite,49,29,586,7.061034e+04
petite,50,29,621,7.470021e+04
petite,51,29,597,7.121722e+04
petite,52,29,639,7.563049e+04
petite,53,29,583,6.951284e+04
petite,54,29,698,9.867127e+04
petite,55,29,640,9.023590e+04
petite,56,29,528,5.262436e+04
petite,57,29,649,8.359035e+04
petite,58,29,675,8.234046e+04
petite,59,29,580,7.884616e+04
petite,60,29,616,6.762179e+04
petite,61,29,648,9.574690e+04
petite,62,29,638,8.054189e+04
petite,63,29,722,1.069238e+05
petite,64,29,591,6.341869e+04
petite,65,29,625,7.795400e+04
petite,66,29,600,7.083838e+04
petite,67,29,600,7.569764e+04
petite,68,29,616,8.786755e+04
petite,69,29,624,8.597215e+04
petite,70,29,663,8.902150e+04
petite,71,29,632,8.237743e+04
petite,72,29,651,8.764923e+04
petite,73,29,613,7.745558e+04
petite,74,29,638,8.834135e+04
petite,75,29,654,8.147065e+04
petite,76,29,602,8.244041e+04
petite,77,29,572,6.643994e+04
petite,78,29,626,7.729972e+04
petite,79,29,537,6.495539e+04
petite,80,29,612,8.085636e+04
petite,81,29,694,9.470204e+04
petite,82,29,735,1.245669e+05
petite,83,29,555,7.051307e+04
petite,84,29,602,7.831783e+04
petite,85,29,725,9.612677e+04
petite,86,29,642,8.322456e+04
petite,87,29,594,7.761378e+04
petite,88,29,550,8.255275e+04
petite,89,29,619,8.193680e+04
petite,90,29,648,8.556281e+04
petite,91,29,576,7.169507e+04
petite,92,29,613,7.902759e+04
petite,93,29,585,8.617859e+04
petite,94,29,643,8.902098e+04
petite,95,29,599,8.386581e+04
petite,96,29,662,9.569351e+04
petite,97,29,629,9.165669e+04
petite,98,29,597,7.335033e+04
petite,99,29,652,8.482354e+04
petite,100,29,686,9.518939e+04
petite,1,3,707,9.698535e+04
petite,2,3,685,8.981658e+04
petite,3,3,715,1.177206e+05
petite,4,3,629,8.743450e+04
petite,5,3,609,7.711705e+04
petite,6,3,589,8.510305e+04
petite,7,3,666,8.468060e+04
petite,8,3,620,8.028539e+04
petite,9,3,640,8.697529e+04
petite,10,3,620,7.883246e+04
petite,11,3,615,7.917649e+04
petite,12,3,692,8.983442e+04
petite,13,3,622,8.066179e+04
petite,14,3,676,8.395603e+04
petite,15,3,575,6.824907e+04
petite,16,3,678,8.072857e+04
petite,17,3,709,1.006562e+05
petite,18,3,697,9.272077e+04
petite,19,3,643,8.280190e+04
petite,20,3,611,7.263249e+04
petite,21,3,609,7.877422e+04
petite,22,3,750,1.025491e+05
petite,23,3,663,8.801675e+04
petite,24,3,584,7.038117e+04
petite,25,3,663,8.038926e+04
petite,26,3,664,9.139017e+04
petite,27,3,561,8.012699e+04
petite,28,3,726,1.045641e+05
petite,29,3,694,9.552676e+04
petite,30,3,673,8.032678e+04
petite,31,3,647,9.140709e+04
petite,32,3,591,8.093059e+04
petite,33,3,586,7.382497e+04
petite,34,3,604,7.015493e+04
petite,35,3,681,8.130412e+04
petite,36,3,553,7.093154e+04
petite,37,3,624,8.333366e+04
petite,38,3,620,8.013189e+04
petite,39,3,664,9.442632e+04
petite,40,3,567,7.174196e+04
petite,41,3,672,9.761759e+04
petite,42,3,599,7.712146e+04
petite,43,3,645,7.939239e+04
petite,44,3,606,7.080384e+04
petite,45,3,592,7.608761e+04
petite,46,3,592,7.270380e+04
petite,47,3,652,8.253088e+04
petite,48,3,597,7.794320e+04
petite,49,3,643,8.045203e+04
petite,50,3,604,7.332202e+04
petite,51,3,617,7.650892e+04
petite,52,3,694,8.961242e+04
petite,53,3,624,8.923291e+04
petite,54,3,660,9.164562e+04
petite,55,3,651,9.077240e+04
petite,56,3,657,8.727464e+04
petite,57,3,736,1.151797e+05
petite,58,3,649,8.892844e+04
petite,59,3,692,9.369130e+04
petite,60,3,665,9.231859e+04
petite,61,3,621,7.668067e+04
petite,62,3,714,1.018602e+05
petite,63,3,613,8.186119e+04
petite,64,3,512,5.331841e+04
petite,65,3,532,5.361510e+04
petite,66,3,596,7.446453e+04
petite,67,3,676,8.942670e+04
petite,68,3,612,8.181808e+04
petite,69,3,607,9.702820e+04
petite,70,3,709,9.154755e+04
petite,71,3,659,8.927348e+04
petite,72,3,658,9.150206e+04
petite,73,3,736,1.122544e+05
petite,74,3,682,9.891636e+04
petite,75,3,667,9.244918e+04
petite,76,3,644,8.542019e+04
petite,77,3,662,8.217418e+04
petite,78,3,609,8.641650e+04
petite,79,3,713,1.020470e+05
petite,80,3,714,1.035771e+05
petite,81,3,673,9.215989e+04
petite,82,3,616,8.574960e+04
petite,83,3,600,7.087758e+04
petite,84,3,606,6.852315e+04
petite,85,3,615,8.111607e+04
petite,86,3,647,8.511690e+04
petite,87,3,603,6.887336e+04
petite,88,3,634,9.592488e+04
petite,89,3,612,7.960716e+04
petite,90,3,619,7.860225e+04
petite,91,3,678,8.568144e+04
petite,92,3,562,6.475700e+04
petite,93,3,678,8.689765e+04
petite,94,3,651,9.755960e+04
petite,95,3,714,9.917266e+04
petite,96,3,593,7.064972e+04
petite,97,3,641,8.706079e+04
petite,98,3,565,7.406372e+04
petite,99,3,597,7.917857e+04
petite,100,3,564,6.812218e+04
petite,1,30,663,9.216855e+04
petite,2,30,641,8.431306e+04
petite,3,30,644,9.074888e+04
petite,4,30,737,1.011088e+05
petite,5,30,641,8.345052e+04
petite,6,30,705,9.261842e+04
petite,7,30,535,6.417409e+04
petite,8,30,649,8.514243e+04
petite,9,30,644,9.269946e+04
petite,10,30,686,9.946979e+04
petite,11,30,614,8.462808e+04
petite,12,30,637,9.135652e+04
petite,13,30,650,8.014540e+04
petite,14,30,693,1.134496e+05
petite,15,30,712,9.929872e+04
petite,16,30,611,7.600264e+04
petite,17,30,681,8.684437e+04
petite,18,30,660,8.623731e+04
petite,19,30,535,6.378595e+04
petite,20,30,674,8.781180e+04
petite,21,30,601,7.126646e+04
petite,22,30,578,6.753672e+04
petite,23,30,667,9.087127e+04
petite,24,30,645,8.223420e+04
petite,25,30,568,6.508155e+04
petite,26,30,768,1.238878e+05
petite,27,30,545,5.696580e+04
petite,28,30,598,7.058163e+04
petite,29,30,618,8.462605e+04
petite,30,30,649,9.199403e+04
petite,31,30,654,9.007318e+04
petite,32,30,656,7.582710e+04
petite,33,30,660,8.839472e+04
petite,34,30,715,1.314341e+05
petite,35,30,719,1.042945e+05
petite,36,30,657,9.290192e+04
petite,37,30,729,1.020046e+05
petite,38,30,590,7.757510e+04
petite,39,30,702,9.231247e+04
petite,40,30,732,1.208228e+05
petite,41,30,519,6.140642e+04
petite,42,30,602,7.095224e+04
petite,43,30,641,9.005002e+04
petite,44,30,607,6.689235e+04
petite,45,30,612,7.822899e+04
petite,46,30,646,8.233583e+04
petite,47,30,669,9.294540e+04
petite,48,30,638,8.453802e+04
petite,49,30,700,1.032455e+05
petite,50,30,596,8.572615e+04
petite,51,30,641,8.571937e+04
petite,52,30,581,7.520767e+04
petite,53,30,604,7.297564e+04
petite,54,30,723,1.085607e+05
petite,55,30,643,7.992356e+04
petite,56,30,723,1.101135e+05
petite,57,30,701,1.136625e+05
petite,58,30,703,1.104803e+05
petite,59,30,541,6.489498e+04
petite,60,30,743,1.161402e+05
petite,61,30,659,8.710203e+04
petite,62,30,622,7.488268e+04
petite,63,30,709,9.492074e+04
petite,64,30,591,8.550004e+04
petite,65,30,555,6.218383e+04
petite,66,30,704,1.033745e+05
petite,67,30,683,1.011048e+05
petite,68,30,704,1.019447e+05
petite,69,30,584,6.548280e+04
petite,70,30,629,8.509238e+04
petite,71,30,670,9.476857e+04
petite,72,30,621,7.977571e+04
petite,73,30,656,8.697415e+04
petite,74,30,738,1.205529e+05
petite,75,30,548,7.444660e+04
petite,76,30,596,7.126162e+04
petite,77,30,715,9.154015e+04
petite,78,30,690,1.006670e+05
petite,79,30,619,7.791829e+04
petite,80,30,576,6.842223e+04
petite,81,30,667,9.521817e+04
petite,82,30,641,7.947501e+04
petite,83,30,654,9.699324e+04
petite,84,30,659,8.858441e+04
petite,85,30,582,6.517264e+04
petite,86,30,554,7.225412e+04
petite,87,30,577,7.643098e+04
petite,88,30,578,7.729232e+04
petite,89,30,620,7.687862e+04
petite,90,30,626,7.888885e+04
petite,91,30,599,6.985663e+04
petite,92,30,601,7.237748e+04
petite,93,30,682,9.834526e+04
petite,94,30,736,1.178720e+05
petite,95,30,725,9.455243e+04
petite,96,30,718,1.169012e+05
petite,97,30,628,8.466821e+04
petite,98,30,710,1.058076e+05
petite,99,30,650,8.756524e+04
petite,100,30,743,1.233444e+05
petite,1,31,608,6.665292e+04
petite,2,31,676,8.232299e+04
petite,3,31,646,8.093448e+04
petite,4,31,625,7.639083e+04
petite,5,31,648,7.738407e+04
petite,6,31,726,1.083796e+05
petite,7,31,645,8.632835e+04
petite,8,31,543,6.568289e+04
petite,9,31,625,8.593185e+04
petite,10,31,680,8.846491e+04
petite,11,31,575,7.087638e+04
petite,12,31,669,9.158720e+04
petite,13,31,616,6.707514e+04
petite,14,31,588,6.770543e+04
petite,15,31,615,7.923080e+04
petite,16,31,607,7.194455e+04
petite,17,31,553,6.800288e+04
petite,18,31,642,8.279863e+04
petite,19,31,631,8.032184e+04
petite,20,31,632,7.645258e+04
petite,21,31,569,6.260203e+04
petite,22,31,642,8.228097e+04
petite,23,31,546,6.466028e+04
petite,24,31,638,8.216836e+04
petite,25,31,587,6.980744e+04
petite,26,31,553,6.532570e+04
petite,27,31,605,8.118042e+04
petite,28,31,619,8.628338e+04
petite,29,31,632,8.509423e+04
petite,30,31,623,8.509798e+04
petite,31,31,596,7.893271e+04
petite,32,31,641,7.859465e+04
petite,33,31,678,8.831725e+04
petite,34,31,568,6.548584e+04
petite,35,31,568,7.393042e+04
petite,36,31,592,7.118456e+04
petite,37,31,675,9.125208e+04
petite,38,31,618,7.675717e+04
petite,39,31,733,1.018042e+05
petite,40,31,609,7.611115e+04
petite,41,31,610,8.068107e+04
petite,42,31,638,8.082260e+04
petite,43,31,673,8.679581e+04
petite,44,31,638,7.958578e+04
petite,45,31,637,7.596020e+04
petite,46,31,575,6.171774e+04
petite,47,31,583,8.378727e+04
petite,48,31,571,6.488205e+04
petite,49,31,691,9.097507e+04
petite,50,31,638,8.055130e+04
petite,51,31,528,5.562021e+04
petite,52,31,653,8.264989e+04
petite,53,31,702,9.370620e+04
petite,54,31,604,7.605899e+04
petite,55,31,647,7.541573e+04
petite,56,31,699,9.324434e+04
petite,57,31,569,6.570300e+04
petite,58,31,683,9.346022e+04
petite,59,31,589,7.573373e+04
petite,60,31,571,6.460323e+04
petite,61,31,675,9.211157e+04
petite,62,31,601,8.947750e+04
petite,63,31,763,1.076070e+05
petite,64,31,604,8.002560e+04
petite,65,31,653,8.685637e+04
petite,66,31,602,7.544988e+04
petite,67,31,665,8.399516e+04
petite,68,31,623,8.726570e+04
petite,69,31,648,8.638291e+04
petite,70,31,624,7.627434e+04
petite,71,31,613,6.938634e+04
petite,72,31,684,8.505893e+04
petite,73,31,609,7.681539e+04
petite,74,31,586,6.712821e+04
petite,75,31,615,7.764114e+04
petite,76,31,635,8.918913e+04
petite,77,31,549,7.851701e+04
petite,78,31,590,7.572988e+04
petite,79,31,598,7.620988e+04
petite,80,31,619,7.282907e+04
petite,81,31,683,8.871260e+04
petite,82,31,663,9.089819e+04
petite,83,31,575,7.127251e+04
petite,84,31,590,7.971126e+04
petite,85,31,582,7.419494e+04
petite,86,31,592,7.328601e+04
petite,87,31,665,8.721915e+04
petite,88,31,738,1.063798e+05
petite,89,31,633,7.933737e+04
petite,90,31,641,8.905976e+04
petite,91,31,527,5.966843e+04
petite,92,31,666,9.506299e+04
petite,93,31,653,8.056012e+04
petite,94,31,618,6.863162e+04
petite,95,31,620,8.226871e+04
petite,96,31,621,7.801448e+04
petite,97,31,655,8.283843e+04
petite,98,31,578,6.809559e+04
petite,99,31,572,6.560128e+04
petite,100,31,583,7.131583e+04
petite,1,32,821,1.405694e+05
petite,2,32,575,7.353344e+04
petite,3,32,675,9.135176e+04
petite,4,32,579,7.397240e+04
petite,5,32,549,6.115063e+04
petite,6,32,662,9.904548e+04
petite,7,32,648,8.634351e+04
petite,8,32,611,8.911504e+04
petite,9,32,702,1.163328e+05
petite,10,32,659,9.075060e+04
petite,11,32,671,1.013009e+05
petite,12,32,656,9.175396e+04
petite,13,32,677,9.380264e+04
petite,14,32,662,9.013344e+04
petite,15,32,667,9.434739e+04
petite,16,32,672,8.589576e+04
petite,17,32,707,1.000664e+05
petite,18,32,615,8.313270e+04
petite,19,32,634,9.545653e+04
petite,20,32,645,1.040136e+05
petite,21,32,760,1.150767e+05
petite,22,32,666,9.233036e+04
petite,23,32,605,9.211544e+04
petite,24,32,600,8.552107e+04
petite,25,32,629,7.938887e+04
petite,26,32,777,1.189772e+05
petite,27,32,662,1.024355e+05
petite,28,32,713,1.112547e+05
petite,29,32,663,8.762051e+04
petite,30,32,734,1.042235e+05
petite,31,32,524,6.176626e+04
petite,32,32,811,1.424251e+05
petite,33,32,647,8.616578e+04
petite,34,32,591,7.145694e+04
petite,35,32,676,1.046810e+05
petite,36,32,632,8.352056e+04
petite,37,32,671,9.688384e+04
petite,38,32,622,9.040986e+04
petite,39,32,667,8.994838e+04
petite,40,32,656,9.272768e+04
petite,41,32,647,8.170253e+04
petite,42,32,670,1.008972e+05
petite,43,32,692,9.287687e+04
petite,44,32,722,9.941767e+04
petite,45,32,632,7.587429e+04
petite,46,32,795,1.198021e+05
petite,47,32,701,1.060463e+05
petite,48,32,735,1.091046e+05
petite,49,32,687,9.406895e+04
petite,50,32,594,8.432115e+04
petite,51,32,601,8.680697e+04
petite,52,32,731,1.023283e+05
petite,53,32,618,8.393803e+04
petite,54,32,596,8.062421e+04
petite,55,32,529,6.881385e+04
petite,56,32,562,7.375427e+04
petite,57,32,625,8.188231e+04
petite,58,32,628,8.325175e+04
petite,59,32,556,7.015753e+04
petite,60,32,573,6.529965e+04
petite,61,32,605,7.682095e+04
petite,62,32,713,1.106421e+05
petite,63,32,579,7.748437e+04
petite,64,32,648,8.753686e+04
petite,65,32,661,9.070282e+04
petite,66,32,609,7.297220e+04
petite,67,32,645,9.305447e+04
petite,68,32,625,8.924928e+04
petite,69,32,763,1.119188e+05
petite,70,32,699,9.692993e+04
petite,71,32,770,1.137160e+05
petite,72,32,704,8.932915e+04
petite,73,32,652,1.075349e+05
petite,74,32,806,1.291134e+05
petite,75,32,666,9.366174e+04
petite,76,32,610,7.319260e+04
petite,77,32,734,9.917090e+04
petite,78,32,615,7.957228e+04
petite,79,32,719,1.072936e+05
petite,80,32,714,1.081187e+05
petite,81,32,684,1.077121e+05
petite,82,32,740,1.114822e+05
petite,83,32,691,1.028477e+05
petite,84,32,663,9.580383e+04
petite,85,32,767,1.212770e+05
petite,86,32,640,8.535817e+04
petite,87,32,601,8.387679e+04
petite,88,32,690,1.028014e+05
petite,89,32,666,8.730808e+04
petite,90,32,681,9.152819e+04
petite,91,32,651,9.215764e+04
petite,92,32,661,8.850578e+04
petite,93,32,679,8.941799e+04
petite,94,32,696,1.095408e+05
petite,95,32,719,1.024416e+05
petite,96,32,593,8.493415e+04
petite,97,32,530,7.239208e+04
petite,98,32,653,8.773833e+04
petite,99,32,653,9.860154e+04
petite,100,32,656,9.198019e+04
petite,1,33,597,7.017292e+04
petite,2,33,584,7.137374e+04
petite,3,33,594,7.196345e+04
petite,4,33,563,7.165445e+04
petite,5,33,581,6.742705e+04
petite,6,33,538,7.305392e+04
petite,7,33,596,7.206576e+04
petite,8,33,574,7.155557e+04
petite,9,33,648,8.641599e+04
petite,10,33,628,9.233466e+04
petite,11,33,590,6.519375e+04
petite,12,33,607,7.260359e+04
petite,13,33,616,7.892778e+04
petite,14,33,627,8.285744e+04
petite,15,33,636,8.450650e+04
petite,16,33,649,8.977190e+04
petite,17,33,647,9.223927e+04
petite,18,33,644,8.752217e+04
petite,19,33,594,6.893906e+04
petite,20,33,552,6.321503e+04
petite,21,33,719,1.034330e+05
petite,22,33,594,6.939023e+04
petite,23,33,552,6.996673e+04
petite,24,33,542,6.443414e+04
petite,25,33,659,9.262239e+04
petite,26,33,651,9.005583e+04
petite,27,33,626,7.970931e+04
petite,28,33,658,9.137076e+04
petite,29,33,596,6.824837e+04
petite,30,33,610,7.618842e+04
petite,31,33,664,8.832289e+04
petite,32,33,630,7.694302e+04
petite,33,33,638,8.407986e+04
petite,34,33,598,6.010354e+04
petite,35,33,607,8.334017e+04
petite,36,33,572,7.259307e+04
petite,37,33,616,7.824946e+04
petite,38,33,581,6.676722e+04
petite,39,33,590,7.159365e+04
petite,40,33,589,6.339323e+04
petite,41,33,596,7.400417e+04
petite,42,33,641,8.487806e+04
petite,43,33,715,1.029509e+05
petite,44,33,614,8.033799e+04
petite,45,33,713,1.061947e+05
petite,46,33,674,8.767795e+04
petite,47,33,725,9.588564e+04
petite,48,33,582,7.561062e+04
petite,49,33,639,8.438678e+04
petite,50,33,574,7.289047e+04
petite,51,33,648,8.221769e+04
petite,52,33,673,8.843912e+04
petite,53,33,648,7.376521e+04
petite,54,33,617,8.873524e+04
petite,55,33,524,6.722708e+04
petite,56,33,536,7.054523e+04
petite,57,33,611,8.574478e+04
petite,58,33,613,7.972779e+04
petite,59,33,653,8.510941e+04
petite,60,33,657,9.358503e+04
petite,61,33,660,9.315188e+04
petite,62,33,720,1.055239e+05
petite,63,33,652,7.617360e+04
petite,64,33,665,9.220406e+04
petite,65,33,645,7.927934e+04
petite,66,33,514,5.517426e+04
petite,67,33,594,7.647415e+04
petite,68,33,676,8.731635e+04
petite,69,33,630,8.486691e+04
petite,70,33,647,8.411274e+04
petite,71,33,627,8.670497e+04
petite,72,33,570,6.888706e+04
petite,73,33,610,8.341123e+04
petite,74,33,603,6.874444e+04
petite,75,33,557,6.840704e+04
petite,76,33,613,7.826374e+04
petite,77,33,650,9.076913e+04
petite,78,33,691,8.937580e+04
petite,79,33,607,8.124011e+04
petite,80,33,640,8.213041e+04
petite,81,33,600,6.834562e+04
petite,82,33,608,7.892783e+04
petite,83,33,508,6.167286e+04
petite,84,33,705,1.086404e+05
petite,85,33,553,7.773408e+04
petite,86,33,627,8.382754e+04
petite,87,33,708,8.642532e+04
petite,88,33,571,7.293988e+04
petite,89,33,622,7.512144e+04
petite,90,33,609,8.206006e+04
petite,91,33,697,1.007933e+05
petite,92,33,602,8.330935e+04
petite,93,33,650,8.267150e+04
petite,94,33,596,7.169820e+04
petite,95,33,616,7.902392e+04
petite,96,33,640,8.222565e+04
petite,97,33,638,7.882703e+04
petite,98,33,609,8.382740e+04
petite,99,33,677,9.256097e+04
petite,100,33,648,8.728771e+04
petite,1,34,642,8.022722e+04
petite,2,34,686,9.480212e+04
petite,3,34,631,8.411143e+04
petite,4,34,669,9.975804e+04
petite,5,34,568,7.526478e+04
petite,6,34,578,6.915531e+04
petite,7,34,533,5.976385e+04
petite,8,34,628,9.131318e+04
petite,9,34,751,1.191545e+05
petite,10,34,634,8.476811e+04
petite,11,34,578,8.152404e+04
petite,12,34,677,9.133859e+04
petite,13,34,690,1.127160e+05
petite,14,34,602,6.959337e+04
petite,15,34,656,8.953407e+04
petite,16,34,612,7.297590e+04
petite,17,34,609,8.119922e+04
petite,18,34,671,9.860847e+04
petite,19,34,583,6.884636e+04
petite,20,34,577,8.898316e+04
petite,21,34,619,7.183302e+04
petite,22,34,673,9.057125e+04
petite,23,34,621,8.355063e+04
petite,24,34,762,1.183186e+05
petite,25,34,628,9.053531e+04
petite,26,34,734,1.116239e+05
petite,27,34,604,9.088174e+04
petite,28,34,646,9.463600e+04
petite,29,34,603,7.957540e+04
petite,30,34,602,8.109807e+04
petite,31,34,551,7.566743e+04
petite,32,34,745,1.129188e+05
petite,33,34,681,9.012089e+04
petite,34,34,624,9.130605e+04
petite,35,34,643,8.116487e+04
petite,36,34,569,7.874450e+04
petite,37,34,587,7.503946e+04
petite,38,34,785,1.246321e+05
petite,39,34,636,8.627992e+04
petite,40,34,573,7.238182e+04
petite,41,34,581,7.658520e+04
petite,42,34,578,7.671471e+04
petite,43,34,643,9.062803e+04
petite,44,34,579,7.337232e+04
petite,45,34,611,7.783618e+04
petite,46,34,604,7.305533e+04
petite,47,34,595,8.174890e+04
petite,48,34,688,1.060666e+05
petite,49,34,610,7.947301e+04
petite,50,34,598,7.793961e+04
petite,51,34,544,7.011836e+04
petite,52,34,595,8.197197e+04
petite,53,34,685,9.801991e+04
petite,54,34,675,9.690806e+04
petite,55,34,622,8.376393e+04
petite,56,34,593,8.040700e+04
petite,57,34,639,8.577891e+04
petite,58,34,650,8.070342e+04
petite,59,34,577,7.389556e+04
petite,60,34,642,7.724414e+04
petite,61,34,622,8.705124e+04
petite,62,34,632,8.564625e+04
petite,63,34,680,9.090846e+04
petite,64,34,644,8.677745e+04
petite,65,34,709,1.028470e+05
petite,66,34,612,7.516302e+04
petite,67,34,586,6.573128e+04
petite,68,34,544,7.997548e+04
petite,69,34,661,9.555808e+04
petite,70,34,649,9.288714e+04
petite,71,34,643,9.271688e+04
petite,72,34,577,8.048167e+04
petite,73,34,647,8.932770e+04
petite,74,34,712,1.076915e+05
petite,75,34,622,9.182144e+04
petite,76,34,556,7.245320e+04
petite,77,34,654,9.802307e+04
petite,78,34,548,7.462290e+04
petite,79,34,656,9.269514e+04
petite,80,34,599,8.011779e+04
petite,81,34,566,7.099274e+04
petite,82,34,593,6.902165e+04
petite,83,34,649,8.219449e+04
petite,84,34,710,1.115406e+05
petite,85,34,563,7.427368e+04
petite,86,34,650,8.783734e+04
petite,87,34,677,9.720090e+04
petite,88,34,612,9.060300e+04
petite,89,34,684,9.825088e+04
petite,90,34,703,1.007648e+05
petite,91,34,599,7.415613e+04
petite,92,34,769,9.786984e+04
petite,93,34,671,8.979346e+04
petite,94,34,659,9.459754e+04
petite,95,34,701,1.095566e+05
petite,96,34,668,8.724119e+04
petite,97,34,502,5.439219e+04
petite,98,34,645,9.550071e+04
petite,99,34,625,9.337571e+04
petite,100,34,657,9.598064e+04
petite,1,35,561,6.963290e+04
petite,2,35,623,8.126990e+04
petite,3,35,628,8.781237e+04
petite,4,35,628,8.280916e+04
petite,5,35,633,8.378468e+04
petite,6,35,557,7.442548e+04
petite,7,35,673,9.495032e+04
petite,8,35,665,8.940153e+04
petite,9,35,657,8.903799e+04
petite,10,35,630,9.266830e+04
petite,11,35,557,6.745538e+04
petite,12,35,571,7.023972e+04
petite,13,35,644,8.918854e+04
petite,14,35,709,1.130068e+05
petite,15,35,557,6.734874e+04
petite,16,35,562,6.326778e+04
petite,17,35,674,9.979264e+04
petite,18,35,698,1.037633e+05
petite,19,35,655,9.011092e+04
petite,20,35,657,8.602343e+04
petite,21,35,572,6.187452e+04
petite,22,35,613,7.989981e+04
petite,23,35,569,6.725911e+04
petite,24,35,652,8.204981e+04
petite,25,35,592,8.510661e+04
petite,26,35,570,7.300913e+04
petite,27,35,723,9.935689e+04
petite,28,35,641,8.956738e+04
petite,29,35,623,9.263827e+04
petite,30,35,627,8.770079e+04
petite,31,35,707,1.033428e+05
petite,32,35,623,1.062043e+05
petite,33,35,591,6.962208e+04
petite,34,35,685,1.111521e+05
petite,35,35,725,1.055680e+05
petite,36,35,631,7.350509e+04
petite,37,35,579,7.076069e+04
petite,38,35,547,6.243502e+04
petite,39,35,580,6.597182e+04
petite,40,35,643,8.711541e+04
petite,41,35,550,6.302229e+04
petite,42,35,620,8.393731e+04
petite,43,35,585,7.100158e+04
petite,44,35,657,8.917299e+04
petite,45,35,655,9.353002e+04
petite,46,35,570,6.887810e+04
petite,47,35,672,9.540727e+04
petite,48,35,640,8.856012e+04
petite,49,35,715,1.070127e+05
petite,50,35,546,6.795949e+04
petite,51,35,553,7.164565e+04
petite,52,35,587,7.703812e+04
petite,53,35,631,9.616770e+04
petite,54,35,704,1.119980e+05
petite,55,35,618,8.767751e+04
petite,56,35,554,6.828996e+04
petite,57,35,673,9.198607e+04
petite,58,35,593,7.741169e+04
petite,59,35,660,9.101453e+04
petite,60,35,581,7.496060e+04
petite,61,35,712,1.059458e+05
petite,62,35,607,8.375297e+04
petite,63,35,653,9.079281e+04
petite,64,35,529,6.738766e+04
petite,65,35,647,9.507824e+04
petite,66,35,715,1.100313e+05
petite,67,35,704,9.536649e+04
petite,68,35,635,8.820220e+04
petite,69,35,730,9.688740e+04
petite,70,35,665,9.512509e+04
petite,71,35,649,9.105695e+04
petite,72,35,709,1.093639e+05
petite,73,35,648,8.162561e+04
petite,74,35,581,8.108409e+04
petite,75,35,633,8.029149e+04
petite,76,35,693,1.053840e+05
petite,77,35,635,9.218708e+04
petite,78,35,588,8.593130e+04
petite,79,35,732,1.136222e+05
petite,80,35,705,9.541692e+04
petite,81,35,745,1.060962e+05
petite,82,35,665,9.655507e+04
petite,83,35,680,9.882169e+04
petite,84,35,535,6.178978e+04
petite,85,35,546,6.379532e+04
petite,86,35,704,1.032907e+05
petite,87,35,579,6.157045e+04
petite,88,35,632,9.029156e+04
petite,89,35,609,8.043104e+04
petite,90,35,739,1.092405e+05
petite,91,35,593,7.829156e+04
petite,92,35,561,6.530738e+04
petite,93,35,632,8.521974e+04
petite,94,35,564,6.251046e+04
petite,95,35,610,7.940124e+04
petite,96,35,621,8.634897e+04
petite,97,35,621,8.559046e+04
petite,98,35,636,8.033564e+04
petite,99,35,743,1.089384e+05
petite,100,35,566,6.471924e+04
petite,1,36,647,8.127852e+04
petite,2,36,637,8.104228e+04
petite,3,36,696,9.868098e+04
petite,4,36,605,7.953971e+04
petite,5,36,614,7.537316e+04
petite,6,36,627,7.828187e+04
petite,7,36,531,6.021504e+04
petite,8,36,608,8.183192e+04
petite,9,36,714,9.969425e+04
petite,10,36,612,7.449535e+04
petite,11,36,602,7.481718e+04
petite,12,36,594,8.063036e+04
petite,13,36,604,7.795487e+04
petite,14,36,653,8.512779e+04
petite,15,36,569,7.094332e+04
petite,16,36,613,7.729858e+04
petite,17,36,653,8.185558e+04
petite,18,36,661,8.401551e+04
petite,19,36,708,9.549688e+04
petite,20,36,647,8.238964e+04
petite,21,36,658,9.048940e+04
petite,22,36,604,7.696931e+04
petite,23,36,723,9.982304e+04
petite,24,36,611,7.924838e+04
petite,25,36,685,9.032400e+04
petite,26,36,638,8.479800e+04
petite,27,36,622,8.217838e+04
petite,28,36,568,6.920853e+04
petite,29,36,606,8.364253e+04
petite,30,36,622,8.221692e+04
petite,31,36,588,6.625579e+04
petite,32,36,638,8.055113e+04
petite,33,36,598,8.211054e+04
petite,34,36,706,9.393593e+04
petite,35,36,640,8.171867e+04
petite,36,36,669,9.028834e+04
petite,37,36,600,7.790867e+04
petite,38,36,592,7.603076e+04
petite,39,36,636,7.845781e+04
petite,40,36,621,7.999267e+04
petite,41,36,726,9.861741e+04
petite,42,36,640,8.778340e+04
petite,43,36,689,8.448850e+04
petite,44,36,610,8.105473e+04
petite,45,36,651,7.726715e+04
petite,46,36,640,8.509988e+04
petite,47,36,714,1.002087e+05
petite,48,36,546,5.538624e+04
petite,49,36,618,8.498102e+04
petite,50,36,607,8.308114e+04
petite,51,36,682,9.365682e+04
petite,52,36,639,8.291304e+04
petite,53,36,635,8.876059e+04
petite,54,36,645,8.882679e+04
petite,55,36,607,8.499492e+04
petite,56,36,654,7.865275e+04
petite,57,36,672,1.013488e+05
petite,58,36,611,8.536345e+04
petite,59,36,741,1.119050e+05
petite,60,36,573,7.461576e+04
petite,61,36,641,8.216330e+04
petite,62,36,601,7.739127e+04
petite,63,36,667,8.395747e+04
petite,64,36,722,9.040908e+04
petite,65,36,643,8.566896e+04
petite,66,36,726,1.053213e+05
petite,67,36,629,7.979787e+04
petite,68,36,597,8.284274e+04
petite,69,36,602,8.841621e+04
petite,70,36,565,6.571368e+04
petite,71,36,628,8.214597e+04
petite,72,36,589,7.822833e+04
petite,73,36,643,8.631128e+04
petite,74,36,593,8.626285e+04
petite,75,36,657,9.459249e+04
petite,76,36,697,9.599718e+04
petite,77,36,679,8.923019e+04
petite,78,36,626,8.661757e+04
petite,79,36,628,7.644764e+04
petite,80,36,584,8.194342e+04
petite,81,36,629,7.471853e+04
petite,82,36,643,7.428082e+04
petite,83,36,635,8.244642e+04
petite,84,36,647,8.308002e+04
petite,85,36,639,7.844906e+04
petite,86,36,633,9.259157e+04
petite,87,36,707,1.020760e+05
petite,88,36,652,8.166732e+04
petite,89,36,633,8.503152e+04
petite,90,36,613,8.024181e+04
petite,91,36,649,8.366757e+04
petite,92,36,626,8.950800e+04
petite,93,36,601,7.090005e+04
petite,94,36,747,1.050040e+05
petite,95,36,627,7.267048e+04
petite,96,36,616,8.661850e+04
petite,97,36,674,9.148898e+04
petite,98,36,650,7.238327e+04
petite,99,36,519,6.859839e+04
petite,100,36,686,9.663343e+04
petite,1,37,633,8.788718e+04
petite,2,37,651,8.906213e+04
petite,3,37,688,9.142520e+04
petite,4,37,675,9.401388e+04
petite,5,37,635,7.984523e+04
petite,6,37,668,8.535222e+04
petite,7,37,555,6.450622e+04
petite,8,37,724,1.029443e+05
petite,9,37,692,8.872213e+04
petite,10,37,581,6.585034e+04
petite,11,37,618,9.685244e+04
petite,12,37,696,1.026666e+05
petite,13,37,544,6.222844e+04
petite,14,37,723,9.767388e+04
petite,15,37,558,7.107537e+04
petite,16,37,627,8.261748e+04
petite,17,37,527,6.891028e+04
petite,18,37,647,8.870006e+04
petite,19,37,535,6.135478e+04
petite,20,37,526,6.515184e+04
petite,21,37,568,6.741467e+04
petite,22,37,585,7.364238e+04
petite,23,37,657,9.834320e+04
petite,24,37,665,9.956995e+04
petite,25,37,632,9.248077e+04
petite,26,37,618,7.672237e+04
petite,27,37,626,7.757582e+04
petite,28,37,607,8.080737e+04
petite,29,37,633,7.987808e+04
petite,30,37,635,8.344255e+04
petite,31,37,644,8.902653e+04
petite,32,37,634,9.103943e+04
petite,33,37,631,8.692794e+04
petite,34,37,640,8.606816e+04
petite,35,37,543,6.741463e+04
petite,36,37,618,7.635207e+04
petite,37,37,705,9.460695e+04
petite,38,37,623,7.991767e+04
petite,39,37,611,7.998031e+04
petite,40,37,646,8.482417e+04
petite,41,37,675,1.020590e+05
petite,42,37,709,9.956299e+04
petite,43,37,626,7.294278e+04
petite,44,37,762,1.126309e+05
petite,45,37,614,8.372595e+04
petite,46,37,574,7.649143e+04
petite,47,37,576,7.079856e+04
petite,48,37,671,9.401553e+04
petite,49,37,595,7.749173e+04
petite,50,37,673,9.175646e+04
petite,51,37,667,8.818574e+04
petite,52,37,578,6.862255e+04
petite,53,37,623,9.162413e+04
petite,54,37,635,7.825446e+04
petite,55,37,721,1.099453e+05
petite,56,37,628,8.272606e+04
petite,57,37,621,8.126137e+04
petite,58,37,700,1.063837e+05
petite,59,37,441,4.257854e+04
petite,60,37,641,8.685435e+04
petite,61,37,575,7.139545e+04
petite,62,37,742,1.048953e+05
petite,63,37,578,7.259232e+04
petite,64,37,613,8.205605e+04
petite,65,37,606,9.493965e+04
petite,66,37,653,1.007140e+05
petite,67,37,688,1.031810e+05
petite,68,37,671,8.685192e+04
petite,69,37,529,6.813391e+04
petite,70,37,685,9.776147e+04
petite,71,37,703,1.110649e+05
petite,72,37,658,8.796548e+04
petite,73,37,805,1.237764e+05
petite,74,37,585,7.212569e+04
petite,75,37,637,8.338068e+04
petite,76,37,623,7.950623e+04
petite,77,37,701,1.084591e+05
petite,78,37,754,1.090876e+05
petite,79,37,560,6.510930e+04
petite,80,37,659,9.924963e+04
petite,81,37,640,8.035334e+04
petite,82,37,508,6.017010e+04
petite,83,37,658,9.289306e+04
petite,84,37,681,9.624057e+04
petite,85,37,647,8.387924e+04
petite,86,37,634,8.398265e+04
petite,87,37,542,6.853893e+04
petite,88,37,623,8.450278e+04
petite,89,37,638,8.327897e+04
petite,90,37,616,8.342378e+04
petite,91,37,665,8.820933e+04
petite,92,37,500,5.416934e+04
petite,93,37,552,6.342472e+04
petite,94,37,678,9.075690e+04
petite,95,37,662,9.219103e+04
petite,96,37,580,6.970637e+04
petite,97,37,545,6.749845e+04
petite,98,37,619,7.872076e+04
petite,99,37,631,8.817826e+04
petite,100,37,626,7.315725e+04
petite,1,38,548,7.145934e+04
petite,2,38,608,7.576976e+04
petite,3,38,623,9.209096e+04
petite,4,38,681,9.834186e+04
petite,5,38,694,9.516088e+04
petite,6,38,586,8.023571e+04
petite,7,38,683,1.040099e+05
petite,8,38,637,8.720140e+04
petite,9,38,602,7.935303e+04
petite,10,38,636,8.623135e+04
petite,11,38,695,9.803943e+04
petite,12,38,620,8.462610e+04
petite,13,38,677,1.009965e+05
petite,14,38,688,9.452452e+04
petite,15,38,636,8.479745e+04
petite,16,38,678,1.006684e+05
petite,17,38,646,9.205597e+04
petite,18,38,625,8.579515e+04
petite,19,38,628,9.236710e+04
petite,20,38,598,7.338161e+04
petite,21,38,697,1.082406e+05
petite,22,38,667,9.886615e+04
petite,23,38,591,6.741375e+04
petite,24,38,672,9.066568e+04
petite,25,38,619,8.795435e+04
petite,26,38,708,1.070703e+05
petite,27,38,669,9.240436e+04
petite,28,38,760,1.169268e+05
petite,29,38,673,9.019527e+04
petite,30,38,638,8.433675e+04
petite,31,38,684,1.023533e+05
petite,32,38,635,8.704715e+04
petite,33,38,712,1.030406e+05
petite,34,38,574,7.169421e+04
petite,35,38,690,1.067242e+05
petite,36,38,667,9.182654e+04
petite,37,38,745,1.184561e+05
petite,38,38,549,6.725678e+04
petite,39,38,652,9.048396e+04
petite,40,38,599,7.531007e+04
petite,41,38,692,9.992405e+04
petite,42,38,558,7.504655e+04
petite,43,38,764,1.045853e+05
petite,44,38,685,1.012662e+05
petite,45,38,604,6.436561e+04
petite,46,38,684,1.083490e+05
petite,47,38,679,1.028216e+05
petite,48,38,721,1.070306e+05
petite,49,38,688,9.944822e+04
petite,50,38,800,1.311393e+05
petite,51,38,698,9.928518e+04
petite,52,38,746,1.125295e+05
petite,53,38,683,9.791932e+04
petite,54,38,651,9.136744e+04
petite,55,38,622,8.499514e+04
petite,56,38,649,8.987608e+04
petite,57,38,676,1.025162e+05
petite,58,38,591,7.105903e+04
petite,59,38,673,8.868008e+04
petite,60,38,632,8.431939e+04
petite,61,38,626,8.198005e+04
petite,62,38,680,1.047975e+05
petite,63,38,632,8.270477e+04
petite,64,38,765,1.279799e+05
petite,65,38,555,6.354396e+04
petite,66,38,678,1.065818e+05
petite,67,38,690,9.750951e+04
petite,68,38,627,8.019490e+04
petite,69,38,731,1.142689e+05
petite,70,38,565,6.960714e+04
petite,71,38,591,7.806392e+04
petite,72,38,653,9.518188e+04
petite,73,38,634,8.573009e+04
petite,74,38,704,1.013840e+05
petite,75,38,667,9.237819e+04
petite,76,38,683,9.298811e+04
petite,77,38,708,1.001085e+05
petite,78,38,636,7.620337e+04
petite,79,38,649,8.722213e+04
petite,80,38,755,1.128299e+05
petite,81,38,712,9.980213e+04
petite,82,38,572,6.730054e+04
petite,83,38,681,9.671144e+04
petite,84,38,773,1.271225e+05
petite,85,38,623,8.631090e+04
petite,86,38,722,9.872047e+04
petite,87,38,698,1.087326e+05
petite,88,38,674,9.435291e+04
petite,89,38,770,1.194963e+05
petite,90,38,623,8.574794e+04
petite,91,38,739,1.124278e+05
petite,92,38,715,1.117770e+05
petite,93,38,554,6.676062e+04
petite,94,38,587,6.844200e+04
petite,95,38,651,9.029857e+04
petite,96,38,650,8.370406e+04
petite,97,38,600,7.727637e+04
petite,98,38,636,7.864345e+04
petite,99,38,687,1.063209e+05
petite,100,38,633,8.179671e+04
petite,1,39,585,7.602945e+04
petite,2,39,634,8.131599e+04
petite,3,39,617,7.494003e+04
petite,4,39,641,8.137229e+04
petite,5,39,673,9.625253e+04
petite,6,39,785,1.238287e+05
petite,7,39,608,8.018951e+04
petite,8,39,765,1.153200e+05
petite,9,39,562,5.770282e+04
petite,10,39,596,6.688684e+04
petite,11,39,707,1.027175e+05
petite,12,39,695,1.038373e+05
petite,13,39,675,9.980715e+04
petite,14,39,645,8.387516e+04
petite,15,39,804,1.194597e+05
petite,16,39,644,8.527286e+04
petite,17,39,567,7.040688e+04
petite,18,39,629,7.675817e+04
petite,19,39,636,7.340408e+04
petite,20,39,633,7.635052e+04
petite,21,39,674,8.817012e+04
petite,22,39,650,8.020886e+04
petite,23,39,738,1.029061e+05
petite,24,39,674,8.732181e+04
petite,25,39,586,7.069775e+04
petite,26,39,639,9.099138e+04
petite,27,39,645,8.430943e+04
petite,28,39,792,1.140937e+05
petite,29,39,686,9.827772e+04
petite,30,39,736,1.137992e+05
petite,31,39,615,8.158104e+04
petite,32,39,718,9.509774e+04
petite,33,39,699,1.018161e+05
petite,34,39,526,5.027169e+04
petite,35,39,626,7.646227e+04
petite,36,39,661,8.565753e+04
petite,37,39,728,1.062914e+05
petite,38,39,630,8.785360e+04
petite,39,39,699,8.754962e+04
petite,40,39,566,6.609192e+04
petite,41,39,668,8.711420e+04
petite,42,39,597,6.948800e+04
petite,43,39,725,9.774869e+04
petite,44,39,624,8.795397e+04
petite,45,39,631,8.897864e+04
petite,46,39,759,1.080703e+05
petite,47,39,730,1.051378e+05
petite,48,39,628,7.141666e+04
petite,49,39,647,9.967397e+04
petite,50,39,697,9.612438e+04
petite,51,39,693,9.743810e+04
petite,52,39,637,7.980108e+04
petite,53,39,691,9.560939e+04
petite,54,39,691,9.879123e+04
petite,55,39,670,9.018327e+04
petite,56,39,574,8.065076e+04
petite,57,39,591,7.913429e+04
petite,58,39,636,7.706190e+04
petite,59,39,669,9.683079e+04
petite,60,39,703,1.024686e+05
petite,61,39,599,7.254083e+04
petite,62,39,656,8.735584e+04
petite,63,39,590,6.634948e+04
petite,64,39,540,6.203743e+04
petite,65,39,629,8.016865e+04
petite,66,39,663,8.401180e+04
petite,67,39,760,1.172870e+05
petite,68,39,706,8.583758e+04
petite,69,39,665,8.571824e+04
petite,70,39,767,1.227205e+05
petite,71,39,587,7.102637e+04
petite,72,39,700,9.308624e+04
petite,73,39,577,6.867925e+04
petite,74,39,686,9.701480e+04
petite,75,39,574,6.521463e+04
petite,76,39,558,7.619004e+04
petite,77,39,514,6.527150e+04
petite,78,39,617,7.851880e+04
petite,79,39,728,1.021341e+05
petite,80,39,584,7.619846e+04
petite,81,39,634,7.936394e+04
petite,82,39,705,9.271771e+04
petite,83,39,635,8.529891e+04
petite,84,39,580,7.338269e+04
petite,85,39,653,8.647590e+04
petite,86,39,545,6.805250e+04
petite,87,39,696,1.003326e+05
petite,88,39,578,6.970344e+04
petite,89,39,660,7.682495e+04
petite,90,39,623,8.028133e+04
petite,91,39,754,1.000553e+05
petite,92,39,587,8.025676e+04
petite,93,39,581,7.185651e+04
petite,94,39,660,8.521309e+04
petite,95,39,648,8.924470e+04
petite,96,39,650,8.441467e+04
petite,97,39,584,7.840046e+04
petite,98,39,635,9.084966e+04
petite,99,39,560,8.121000e+04
petite,100,39,662,9.295862e+04
petite,1,4,735,1.042304e+05
petite,2,4,618,7.437230e+04
petite,3,4,760,1.211702e+05
petite,4,4,617,7.845496e+04
petite,5,4,480,5.159380e+04
petite,6,4,684,9.781555e+04
petite,7,4,639,9.010147e+04
petite,8,4,666,7.727516e+04
petite,9,4,585,8.087441e+04
petite,10,4,681,8.676377e+04
petite,11,4,551,6.555004e+04
petite,12,4,635,7.917418e+04
petite,13,4,602,7.670317e+04
petite,14,4,715,9.155190e+04
petite,15,4,576,7.419123e+04
petite,16,4,723,1.042891e+05
petite,17,4,636,7.885707e+04
petite,18,4,742,1.117052e+05
petite,19,4,659,9.121754e+04
petite,20,4,750,1.125444e+05
petite,21,4,730,1.121639e+05
petite,22,4,599,6.728992e+04
petite,23,4,649,8.426051e+04
petite,24,4,680,9.170168e+04
petite,25,4,712,9.946374e+04
petite,26,4,703,1.077656e+05
petite,27,4,652,8.529662e+04
petite,28,4,606,7.309775e+04
petite,29,4,662,9.554749e+04
petite,30,4,624,7.529757e+04
petite,31,4,607,7.226165e+04
petite,32,4,641,9.058712e+04
petite,33,4,669,9.038618e+04
petite,34,4,652,7.870083e+04
petite,35,4,684,9.569667e+04
petite,36,4,656,9.278220e+04
petite,37,4,684,8.807876e+04
petite,38,4,633,8.759236e+04
petite,39,4,639,8.415892e+04
petite,40,4,643,7.388965e+04
petite,41,4,652,8.489912e+04
petite,42,4,604,8.363227e+04
petite,43,4,587,7.548975e+04
petite,44,4,662,9.007212e+04
petite,45,4,615,8.162338e+04
petite,46,4,626,7.130575e+04
petite,47,4,683,8.797176e+04
petite,48,4,705,1.090478e+05
petite,49,4,600,7.817655e+04
petite,50,4,663,7.579518e+04
petite,51,4,586,7.406267e+04
petite,52,4,630,7.925564e+04
petite,53,4,587,6.815098e+04
petite,54,4,632,9.254711e+04
petite,55,4,665,9.108437e+04
petite,56,4,640,9.033658e+04
petite,57,4,719,1.129396e+05
petite,58,4,689,9.429088e+04
petite,59,4,501,5.835605e+04
petite,60,4,722,1.034558e+05
petite,61,4,558,6.754842e+04
petite,62,4,634,8.521006e+04
petite,63,4,598,7.572335e+04
petite,64,4,637,8.578489e+04
petite,65,4,583,7.530691e+04
petite,66,4,536,5.359678e+04
petite,67,4,644,8.517531e+04
petite,68,4,591,6.545634e+04
petite,69,4,653,8.093891e+04
petite,70,4,640,8.007851e+04
petite,71,4,753,1.123255e+05
petite,72,4,688,1.079753e+05
petite,73,4,594,7.371393e+04
petite,74,4,657,8.905027e+04
petite,75,4,609,8.336746e+04
petite,76,4,633,8.167552e+04
petite,77,4,565,7.154032e+04
petite,78,4,595,7.457608e+04
petite,79,4,542,6.135957e+04
petite,80,4,708,9.604948e+04
petite,81,4,722,9.439774e+04
petite,82,4,626,7.721095e+04
petite,83,4,668,8.519997e+04
petite,84,4,658,9.358875e+04
petite,85,4,602,7.767058e+04
petite,86,4,684,9.926659e+04
petite,87,4,620,6.639359e+04
petite,88,4,692,8.411378e+04
petite,89,4,589,7.268657e+04
petite,90,4,641,8.510161e+04
petite,91,4,650,7.453200e+04
petite,92,4,727,1.060599e+05
petite,93,4,592,7.811844e+04
petite,94,4,615,7.139823e+04
petite,95,4,622,7.897504e+04
petite,96,4,608,8.078543e+04
petite,97,4,762,1.120836e+05
petite,98,4,590,8.020076e+04
petite,99,4,688,9.159395e+04
petite,100,4,648,8.519048e+04
petite,1,40,596,7.030649e+04
petite,2,40,620,9.379980e+04
petite,3,40,545,6.200290e+04
petite,4,40,611,7.734300e+04
petite,5,40,560,6.748056e+04
petite,6,40,620,7.992958e+04
petite,7,40,646,8.643253e+04
petite,8,40,730,1.075451e+05
petite,9,40,657,9.157598e+04
petite,10,40,622,8.906472e+04
petite,11,40,607,7.586054e+04
petite,12,40,701,1.102376e+05
petite,13,40,602,8.267754e+04
petite,14,40,645,8.503608e+04
petite,15,40,679,8.918353e+04
petite,16,40,679,9.029224e+04
petite,17,40,664,8.291567e+04
petite,18,40,610,6.942972e+04
petite,19,40,668,9.332448e+04
petite,20,40,675,9.633939e+04
petite,21,40,641,8.453374e+04
petite,22,40,690,9.107881e+04
petite,23,40,664,9.624846e+04
petite,24,40,606,6.911393e+04
petite,25,40,616,8.457968e+04
petite,26,40,666,8.072452e+04
petite,27,40,726,1.059124e+05
petite,28,40,622,7.978553e+04
petite,29,40,665,9.239678e+04
petite,30,40,678,8.692707e+04
petite,31,40,628,7.868216e+04
petite,32,40,553,7.090631e+04
petite,33,40,556,6.762932e+04
petite,34,40,668,1.001322e+05
petite,35,40,651,8.491112e+04
petite,36,40,621,7.923840e+04
petite,37,40,618,8.053683e+04
petite,38,40,632,7.639433e+04
petite,39,40,583,7.051508e+04
petite,40,40,682,1.002763e+05
petite,41,40,587,7.522165e+04
petite,42,40,666,9.735070e+04
petite,43,40,635,8.795847e+04
petite,44,40,661,8.426362e+04
petite,45,40,607,7.611590e+04
petite,46,40,585,7.384818e+04
petite,47,40,626,8.258560e+04
petite,48,40,567,6.981393e+04
petite,49,40,719,1.074288e+05
petite,50,40,584,7.774488e+04
petite,51,40,601,8.460919e+04
petite,52,40,663,9.060183e+04
petite,53,40,676,8.754314e+04
petite,54,40,566,6.836719e+04
petite,55,40,610,8.029790e+04
petite,56,40,645,8.935052e+04
petite,57,40,603,8.110093e+04
petite,58,40,661,8.520042e+04
petite,59,40,645,7.942006e+04
petite,60,40,546,7.722915e+04
petite,61,40,685,9.627166e+04
petite,62,40,673,8.376975e+04
petite,63,40,550,6.082501e+04
petite,64,40,686,1.113603e+05
petite,65,40,573,7.112683e+04
petite,66,40,648,9.050343e+04
petite,67,40,583,7.320092e+04
petite,68,40,594,8.244424e+04
petite,69,40,622,8.602471e+04
petite,70,40,645,8.684155e+04
petite,71,40,755,1.158304e+05
petite,72,40,579,7.139547e+04
petite,73,40,650,9.121716e+04
petite,74,40,553,7.290889e+04
petite,75,40,660,1.015689e+05
petite,76,40,655,9.659968e+04
petite,77,40,709,9.009013e+04
petite,78,40,620,7.961684e+04
petite,79,40,695,9.659349e+04
petite,80,40,633,9.173359e+04
petite,81,40,680,9.304162e+04
petite,82,40,685,9.498205e+04
petite,83,40,603,8.074409e+04
petite,84,40,568,6.694159e+04
petite,85,40,637,8.314686e+04
petite,86,40,651,8.391295e+04
petite,87,40,591,7.799231e+04
petite,88,40,609,7.848734e+04
petite,89,40,732,1.179678e+05
petite,90,40,602,7.056529e+04
petite,91,40,587,6.495203e+04
petite,92,40,649,9.060559e+04
petite,93,40,642,9.586641e+04
petite,94,40,620,7.273733e+04
petite,95,40,618,7.868992e+04
petite,96,40,649,8.125115e+04
petite,97,40,700,9.648005e+04
petite,98,40,604,9.278615e+04
petite,99,40,690,1.014719e+05
petite,100,40,647,8.739145e+04
petite,1,41,613,8.475197e+04
petite,2,41,613,7.644381e+04
petite,3,41,592,7.653541e+04
petite,4,41,627,7.686630e+04
petite,5,41,596,7.456594e+04
petite,6,41,607,8.122946e+04
petite,7,41,636,8.957504e+04
petite,8,41,681,8.627347e+04
petite,9,41,688,9.998849e+04
petite,10,41,610,7.606342e+04
petite,11,41,641,8.587138e+04
petite,12,41,616,7.747669e+04
petite,13,41,579,6.865751e+04
petite,14,41,748,1.115235e+05
petite,15,41,577,7.881804e+04
petite,16,41,620,8.098969e+04
petite,17,41,593,8.056199e+04
petite,18,41,688,9.486307e+04
petite,19,41,612,8.411011e+04
petite,20,41,667,8.627092e+04
petite,21,41,613,7.789486e+04
petite,22,41,641,7.041503e+04
petite,23,41,609,7.247198e+04
petite,24,41,644,8.672830e+04
petite,25,41,602,7.366021e+04
petite,26,41,617,7.264211e+04
petite,27,41,624,7.849997e+04
petite,28,41,590,7.111875e+04
petite,29,41,656,9.186280e+04
petite,30,41,660,8.844476e+04
petite,31,41,564,6.559843e+04
petite,32,41,652,9.036144e+04
petite,33,41,585,6.580402e+04
petite,34,41,649,9.021182e+04
petite,35,41,657,8.984320e+04
petite,36,41,624,7.421138e+04
petite,37,41,530,6.210359e+04
petite,38,41,566,6.682617e+04
petite,39,41,637,8.394484e+04
petite,40,41,564,7.509490e+04
petite,41,41,573,6.658684e+04
petite,42,41,692,1.005787e+05
petite,43,41,597,7.645814e+04
petite,44,41,543,6.607447e+04
petite,45,41,639,7.667493e+04
petite,46,41,562,6.740105e+04
petite,47,41,631,8.126741e+04
petite,48,41,663,9.105492e+04
petite,49,41,669,9.332343e+04
petite,50,41,654,9.297408e+04
petite,51,41,524,5.058083e+04
petite,52,41,698,1.044613e+05
petite,53,41,596,7.522574e+04
petite,54,41,493,5.882226e+04
petite,55,41,576,7.561659e+04
petite,56,41,554,6.343758e+04
petite,57,41,653,8.430158e+04
petite,58,41,657,9.943275e+04
petite,59,41,635,9.489880e+04
petite,60,41,756,9.986264e+04
petite,61,41,545,6.277079e+04
petite,62,41,643,7.996828e+04
petite,63,41,648,8.723494e+04
petite,64,41,584,6.728106e+04
petite,65,41,630,7.758963e+04
petite,66,41,662,9.181175e+04
petite,67,41,646,8.326930e+04
petite,68,41,656,8.787226e+04
petite,69,41,591,7.466519e+04
petite,70,41,594,7.395489e+04
petite,71,41,611,8.722713e+04
petite,72,41,598,8.265139e+04
petite,73,41,614,8.755640e+04
petite,74,41,653,8.164363e+04
petite,75,41,573,7.881609e+04
petite,76,41,638,7.670580e+04
petite,77,41,671,9.781679e+04
petite,78,41,649,8.412762e+04
petite,79,41,597,7.380861e+04
petite,80,41,655,8.583441e+04
petite,81,41,558,6.718009e+04
petite,82,41,681,9.108525e+04
petite,83,41,513,5.686484e+04
petite,84,41,651,8.594277e+04
petite,85,41,664,9.386256e+04
petite,86,41,564,6.492509e+04
petite,87,41,632,8.237655e+04
petite,88,41,625,8.428386e+04
petite,89,41,567,6.999786e+04
petite,90,41,566,7.869032e+04
petite,91,41,668,9.254143e+04
petite,92,41,580,7.168959e+04
petite,93,41,564,6.762396e+04
petite,94,41,569,6.708585e+04
petite,95,41,588,7.062319e+04
petite,96,41,574,6.353073e+04
petite,97,41,658,8.743364e+04
petite,98,41,651,8.343266e+04
petite,99,41,574,7.806051e+04
petite,100,41,669,8.130967e+04
petite,1,42,572,6.885549e+04
petite,2,42,613,8.208036e+04
petite,3,42,531,6.266856e+04
petite,4,42,541,6.677521e+04
petite,5,42,502,6.487749e+04
petite,6,42,656,9.132477e+04
petite,7,42,590,7.251632e+04
petite,8,42,632,8.925203e+04
petite,9,42,655,8.281307e+04
petite,10,42,644,9.117422e+04
petite,11,42,645,8.112461e+04
petite,12,42,682,9.319682e+04
petite,13,42,618,7.972622e+04
petite,14,42,693,9.790927e+04
petite,15,42,666,1.002913e+05
petite,16,42,620,8.074994e+04
petite,17,42,543,6.520017e+04
petite,18,42,619,7.980104e+04
petite,19,42,618,9.288672e+04
petite,20,42,551,8.242409e+04
petite,21,42,597,8.117566e+04
petite,22,42,576,7.082823e+04
petite,23,42,614,7.973601e+04
petite,24,42,568,6.600816e+04
petite,25,42,615,8.159835e+04
petite,26,42,602,7.138606e+04
petite,27,42,620,7.895005e+04
petite,28,42,645,8.286673e+04
petite,29,42,701,1.034354e+05
petite,30,42,699,1.023930e+05
petite,31,42,637,9.161909e+04
petite,32,42,607,8.080342e+04
petite,33,42,699,1.022275e+05
petite,34,42,559,7.119396e+04
petite,35,42,568,8.113455e+04
petite,36,42,627,8.905984e+04
petite,37,42,647,9.187930e+04
petite,38,42,571,7.188137e+04
petite,39,42,584,7.580484e+04
petite,40,42,641,8.550612e+04
petite,41,42,651,8.634868e+04
petite,42,42,603,8.008015e+04
petite,43,42,551,7.006042e+04
petite,44,42,620,8.477495e+04
petite,45,42,598,7.896772e+04
petite,46,42,557,6.350705e+04
petite,47,42,566,8.083062e+04
petite,48,42,484,5.332090e+04
petite,49,42,652,8.494434e+04
petite,50,42,586,7.363070e+04
petite,51,42,633,8.388589e+04
petite,52,42,538,6.567966e+04
petite,53,42,590,8.392739e+04
petite,54,42,640,8.272054e+04
petite,55,42,565,7.334943e+04
petite,56,42,616,8.647888e+04
petite,57,42,564,7.385408e+04
petite,58,42,578,7.672280e+04
petite,59,42,612,8.106048e+04
petite,60,42,573,7.014488e+04
petite,61,42,646,8.611189e+04
petite,62,42,642,9.438970e+04
petite,63,42,693,1.017287e+05
petite,64,42,565,7.388881e+04
petite,65,42,591,6.717872e+04
petite,66,42,650,9.226938e+04
petite,67,42,609,8.821971e+04
petite,68,42,662,8.506723e+04
petite,69,42,641,8.159588e+04
petite,70,42,573,7.631140e+04
petite,71,42,631,8.662189e+04
petite,72,42,680,1.038863e+05
petite,73,42,562,6.988309e+04
petite,74,42,678,8.578394e+04
petite,75,42,732,1.023926e+05
petite,76,42,673,9.471474e+04
petite,77,42,533,6.337014e+04
petite,78,42,620,7.541566e+04
petite,79,42,634,8.209870e+04
petite,80,42,569,6.411952e+04
petite,81,42,622,9.213987e+04
petite,82,42,620,9.048862e+04
petite,83,42,596,7.388777e+04
petite,84,42,626,6.956449e+04
petite,85,42,621,8.189844e+04
petite,86,42,558,6.769692e+04
petite,87,42,566,6.802494e+04
petite,88,42,697,1.038220e+05
petite,89,42,700,9.756241e+04
petite,90,42,590,7.593270e+04
petite,91,42,561,6.642754e+04
petite,92,42,572,7.197724e+04
petite,93,42,680,9.586891e+04
petite,94,42,595,7.407637e+04
petite,95,42,615,7.775584e+04
petite,96,42,631,8.612305e+04
petite,97,42,633,8.920357e+04
petite,98,42,697,9.606808e+04
petite,99,42,565,6.957286e+04
petite,100,42,631,8.692297e+04
petite,1,43,670,8.605418e+04
petite,2,43,731,1.016612e+05
petite,3,43,648,8.760133e+04
petite,4,43,646,8.979384e+04
petite,5,43,662,8.163822e+04
petite,6,43,603,8.081069e+04
petite,7,43,623,8.083019e+04
petite,8,43,587,6.484291e+04
petite,9,43,710,1.103687e+05
petite,10,43,600,8.295949e+04
petite,11,43,615,6.960790e+04
petite,12,43,638,7.615215e+04
petite,13,43,729,1.103298e+05
petite,14,43,628,7.179911e+04
petite,15,43,603,7.503095e+04
petite,16,43,702,8.572318e+04
petite,17,43,689,9.284048e+04
petite,18,43,627,7.618763e+04
petite,19,43,585,7.288820e+04
petite,20,43,639,7.373121e+04
petite,21,43,667,7.963866e+04
petite,22,43,656,8.600560e+04
petite,23,43,586,7.333875e+04
petite,24,43,718,1.042611e+05
petite,25,43,632,8.089371e+04
petite,26,43,620,7.491349e+04
petite,27,43,578,6.703614e+04
petite,28,43,631,7.787231e+04
petite,29,43,641,7.728167e+04
petite,30,43,562,6.514709e+04
petite,31,43,626,7.615075e+04
petite,32,43,678,8.189984e+04
petite,33,43,663,8.816730e+04
petite,34,43,539,6.282776e+04
petite,35,43,666,7.866235e+04
petite,36,43,611,9.223581e+04
petite,37,43,565,6.716685e+04
petite,38,43,633,7.355810e+04
petite,39,43,610,7.632432e+04
petite,40,43,672,9.153992e+04
petite,41,43,610,8.320435e+04
petite,42,43,620,8.351944e+04
petite,43,43,605,7.731714e+04
petite,44,43,596,7.397007e+04
petite,45,43,675,8.763916e+04
petite,46,43,553,6.264278e+04
petite,47,43,605,7.174139e+04
petite,48,43,645,8.077610e+04
petite,49,43,641,8.396304e+04
petite,50,43,654,8.522105e+04
petite,51,43,594,6.896101e+04
petite,52,43,612,7.603694e+04
petite,53,43,621,7.168159e+04
petite,54,43,592,7.304459e+04
petite,55,43,673,8.270464e+04
petite,56,43,611,7.881766e+04
petite,57,43,583,7.185403e+04
petite,58,43,601,7.703345e+04
petite,59,43,586,7.780069e+04
petite,60,43,612,7.612436e+04
petite,61,43,542,6.621701e+04
petite,62,43,627,9.142860e+04
petite,63,43,678,9.234300e+04
petite,64,43,669,8.982150e+04
petite,65,43,528,6.109525e+04
petite,66,43,622,7.582196e+04
petite,67,43,577,6.539233e+04
petite,68,43,602,7.173801e+04
petite,69,43,700,9.787450e+04
petite,70,43,671,8.536365e+04
petite,71,43,619,6.503163e+04
petite,72,43,605,7.598674e+04
petite,73,43,557,5.519031e+04
petite,74,43,582,7.336076e+04
petite,75,43,623,8.180959e+04
petite,76,43,618,7.316829e+04
petite,77,43,785,1.266127e+05
petite,78,43,621,7.631206e+04
petite,79,43,648,7.541219e+04
petite,80,43,708,8.934591e+04
petite,81,43,749,9.633902e+04
petite,82,43,552,6.029388e+04
petite,83,43,707,9.397436e+04
petite,84,43,637,7.177789e+04
petite,85,43,618,7.792105e+04
petite,86,43,674,9.689183e+04
petite,87,43,625,7.466413e+04
petite,88,43,514,5.220967e+04
petite,89,43,627,7.222122e+04
petite,90,43,682,9.546940e+04
petite,91,43,643,8.083333e+04
petite,92,43,585,7.925856e+04
petite,93,43,767,1.126136e+05
petite,94,43,663,8.021905e+04
petite,95,43,584,6.818697e+04
petite,96,43,683,9.023149e+04
petite,97,43,683,8.416777e+04
petite,98,43,684,8.801158e+04
petite,99,43,672,8.721651e+04
petite,100,43,547,5.740318e+04
petite,1,44,616,7.874836e+04
petite,2,44,690,1.095442e+05
petite,3,44,808,1.302471e+05
petite,4,44,588,7.324810e+04
petite,5,44,718,1.170819e+05
petite,6,44,537,7.574712e+04
petite,7,44,648,8.869265e+04
petite,8,44,705,1.002790e+05
petite,9,44,665,9.235760e+04
petite,10,44,677,9.108619e+04
petite,11,44,677,1.108273e+05
petite,12,44,748,1.045352e+05
petite,13,44,540,5.766826e+04
petite,14,44,624,8.304538e+04
petite,15,44,703,1.056320e+05
petite,16,44,743,1.211642e+05
petite,17,44,679,1.056706e+05
petite,18,44,675,1.103544e+05
petite,19,44,707,1.057970e+05
petite,20,44,669,8.963980e+04
petite,21,44,645,8.832040e+04
petite,22,44,695,1.071109e+05
petite,23,44,765,1.180926e+05
petite,24,44,745,1.123159e+05
petite,25,44,611,8.284693e+04
petite,26,44,667,9.291146e+04
petite,27,44,619,9.100280e+04
petite,28,44,735,1.119389e+05
petite,29,44,707,1.042731e+05
petite,30,44,743,1.047211e+05
petite,31,44,686,8.750025e+04
petite,32,44,698,9.924057e+04
petite,33,44,665,9.648836e+04
petite,34,44,554,6.659094e+04
petite,35,44,696,9.943849e+04
petite,36,44,584,8.057639e+04
petite,37,44,684,9.860853e+04
petite,38,44,518,6.012319e+04
petite,39,44,678,1.063565e+05
petite,40,44,655,9.004409e+04
petite,41,44,591,7.628196e+04
petite,42,44,744,1.219202e+05
petite,43,44,688,9.155450e+04
petite,44,44,683,1.035536e+05
petite,45,44,652,8.014322e+04
petite,46,44,629,8.454752e+04
petite,47,44,707,9.598978e+04
petite,48,44,661,8.901212e+04
petite,49,44,674,9.552400e+04
petite,50,44,694,1.148588e+05
petite,51,44,661,8.640356e+04
petite,52,44,719,1.207899e+05
petite,53,44,624,7.988355e+04
petite,54,44,722,1.056317e+05
petite,55,44,665,9.157635e+04
petite,56,44,665,1.113334e+05
petite,57,44,732,1.050026e+05
petite,58,44,577,6.808892e+04
petite,59,44,623,8.545989e+04
petite,60,44,631,9.075585e+04
petite,61,44,581,8.425456e+04
petite,62,44,560,7.716367e+04
petite,63,44,700,1.086590e+05
petite,64,44,636,8.791556e+04
petite,65,44,824,1.246326e+05
petite,66,44,545,6.883696e+04
petite,67,44,717,1.008837e+05
petite,68,44,687,1.018520e+05
petite,69,44,698,1.122483e+05
petite,70,44,715,1.054312e+05
petite,71,44,647,1.067777e+05
petite,72,44,776,1.135979e+05
petite,73,44,667,9.147933e+04
petite,74,44,707,1.107841e+05
petite,75,44,719,1.082777e+05
petite,76,44,591,8.264928e+04
petite,77,44,692,9.465364e+04
petite,78,44,630,8.544863e+04
petite,79,44,714,9.489410e+04
petite,80,44,791,1.202950e+05
petite,81,44,728,1.084222e+05
petite,82,44,687,1.031686e+05
petite,83,44,822,1.274991e+05
petite,84,44,644,8.955036e+04
petite,85,44,692,1.072062e+05
petite,86,44,700,1.144232e+05
petite,87,44,663,1.013473e+05
petite,88,44,766,1.149603e+05
petite,89,44,705,1.009931e+05
petite,90,44,744,1.238737e+05
petite,91,44,699,1.056203e+05
petite,92,44,632,1.015568e+05
petite,93,44,673,9.298009e+04
petite,94,44,675,1.007732e+05
petite,95,44,651,8.620736e+04
petite,96,44,667,9.244793e+04
petite,97,44,701,1.090773e+05
petite,98,44,803,1.285812e+05
petite,99,44,646,8.073230e+04
petite,100,44,629,8.495090e+04
petite,1,45,649,8.562164e+04
petite,2,45,651,8.774757e+04
petite,3,45,694,9.762846e+04
petite,4,45,715,9.990685e+04
petite,5,45,657,8.456352e+04
petite,6,45,583,7.260400e+04
petite,7,45,613,7.507312e+04
petite,8,45,743,1.178959e+05
petite,9,45,681,9.654357e+04
petite,10,45,603,7.939129e+04
petite,11,45,596,8.325173e+04
petite,12,45,608,8.229855e+04
petite,13,45,583,7.403058e+04
petite,14,45,613,8.022981e+04
petite,15,45,707,1.044376e+05
petite,16,45,692,9.194222e+04
petite,17,45,662,9.166297e+04
petite,18,45,725,1.029654e+05
petite,19,45,540,7.019836e+04
petite,20,45,658,9.639573e+04
petite,21,45,740,1.031455e+05
petite,22,45,578,6.888359e+04
petite,23,45,603,6.801499e+04
petite,24,45,619,7.791184e+04
petite,25,45,626,7.697291e+04
petite,26,45,639,8.033605e+04
petite,27,45,569,6.046702e+04
petite,28,45,679,9.109504e+04
petite,29,45,645,8.412030e+04
petite,30,45,659,9.123906e+04
petite,31,45,684,9.391588e+04
petite,32,45,716,9.805625e+04
petite,33,45,631,8.397237e+04
petite,34,45,654,9.282629e+04
petite,35,45,629,7.549421e+04
petite,36,45,682,9.318931e+04
petite,37,45,659,7.950391e+04
petite,38,45,596,7.373701e+04
petite,39,45,709,9.292261e+04
petite,40,45,563,6.933377e+04
petite,41,45,680,8.454385e+04
petite,42,45,730,1.179976e+05
petite,43,45,619,8.458156e+04
petite,44,45,556,6.251068e+04
petite,45,45,639,8.094751e+04
petite,46,45,631,7.918303e+04
petite,47,45,637,9.466737e+04
petite,48,45,697,9.398973e+04
petite,49,45,620,7.935448e+04
petite,50,45,640,9.616644e+04
petite,51,45,672,9.647255e+04
petite,52,45,638,7.482597e+04
petite,53,45,556,6.840160e+04
petite,54,45,649,8.749264e+04
petite,55,45,548,5.935445e+04
petite,56,45,623,7.734854e+04
petite,57,45,737,1.080812e+05
petite,58,45,663,9.876924e+04
petite,59,45,650,8.420362e+04
petite,60,45,732,1.160168e+05
petite,61,45,620,8.589605e+04
petite,62,45,704,1.015702e+05
petite,63,45,611,6.897687e+04
petite,64,45,774,1.124974e+05
petite,65,45,745,9.921753e+04
petite,66,45,665,9.613957e+04
petite,67,45,595,8.408177e+04
petite,68,45,789,1.135170e+05
petite,69,45,724,9.598016e+04
petite,70,45,663,8.546139e+04
petite,71,45,616,7.361124e+04
petite,72,45,654,9.612259e+04
petite,73,45,578,7.667540e+04
petite,74,45,597,7.112495e+04
petite,75,45,563,7.161450e+04
petite,76,45,564,6.856241e+04
petite,77,45,664,9.677716e+04
petite,78,45,580,6.151481e+04
petite,79,45,657,8.870342e+04
petite,80,45,716,9.598195e+04
petite,81,45,640,8.867489e+04
petite,82,45,634,8.888886e+04
petite,83,45,668,7.945024e+04
petite,84,45,681,1.021664e+05
petite,85,45,668,9.536637e+04
petite,86,45,659,9.972650e+04
petite,87,45,625,8.438586e+04
petite,88,45,676,9.509955e+04
petite,89,45,585,6.940281e+04
petite,90,45,571,6.498919e+04
petite,91,45,672,9.085081e+04
petite,92,45,696,9.388366e+04
petite,93,45,743,1.132793e+05
petite,94,45,624,8.237977e+04
petite,95,45,687,8.549957e+04
petite,96,45,762,1.180937e+05
petite,97,45,620,8.505181e+04
petite,98,45,622,8.092000e+04
petite,99,45,642,8.672825e+04
petite,100,45,731,1.009614e+05
petite,1,46,683,9.158377e+04
petite,2,46,690,1.067584e+05
petite,3,46,676,8.881597e+04
petite,4,46,733,9.954077e+04
petite,5,46,722,1.128293e+05
petite,6,46,773,1.215919e+05
petite,7,46,691,1.004227e+05
petite,8,46,662,8.855160e+04
petite,9,46,677,1.001722e+05
petite,10,46,593,6.850029e+04
petite,11,46,814,1.179044e+05
petite,12,46,809,1.351657e+05
petite,13,46,702,1.049915e+05
petite,14,46,677,1.095855e+05
petite,15,46,672,9.716801e+04
petite,16,46,798,1.180278e+05
petite,17,46,722,1.040176e+05
petite,18,46,692,1.001125e+05
petite,19,46,743,1.030466e+05
petite,20,46,610,8.480335e+04
petite,21,46,620,6.909607e+04
petite,22,46,766,1.176485e+05
petite,23,46,686,9.218273e+04
petite,24,46,631,8.439623e+04
petite,25,46,579,6.666219e+04
petite,26,46,601,8.758967e+04
petite,27,46,636,8.181964e+04
petite,28,46,674,9.680826e+04
petite,29,46,620,8.002964e+04
petite,30,46,780,1.205167e+05
petite,31,46,666,9.664566e+04
petite,32,46,729,1.255091e+05
petite,33,46,596,7.829188e+04
petite,34,46,613,8.172247e+04
petite,35,46,680,8.844105e+04
petite,36,46,689,9.606878e+04
petite,37,46,584,7.085651e+04
petite,38,46,592,7.124530e+04
petite,39,46,630,7.848405e+04
petite,40,46,745,1.128829e+05
petite,41,46,692,8.609590e+04
petite,42,46,640,8.158094e+04
petite,43,46,742,1.064509e+05
petite,44,46,693,9.066711e+04
petite,45,46,762,1.232294e+05
petite,46,46,670,9.263918e+04
petite,47,46,690,9.519735e+04
petite,48,46,719,1.016770e+05
petite,49,46,599,6.985961e+04
petite,50,46,660,8.385654e+04
petite,51,46,712,1.050627e+05
petite,52,46,792,1.333455e+05
petite,53,46,707,9.795005e+04
petite,54,46,625,9.216037e+04
petite,55,46,707,1.054394e+05
petite,56,46,569,6.566194e+04
petite,57,46,737,1.065155e+05
petite,58,46,726,1.063467e+05
petite,59,46,653,9.563176e+04
petite,60,46,668,8.145080e+04
petite,61,46,618,8.300532e+04
petite,62,46,817,1.244747e+05
petite,63,46,633,8.466277e+04
petite,64,46,671,1.049483e+05
petite,65,46,648,7.087645e+04
petite,66,46,798,1.291896e+05
petite,67,46,769,1.278184e+05
petite,68,46,775,1.136602e+05
petite,69,46,687,9.826264e+04
petite,70,46,646,8.974029e+04
petite,71,46,641,8.752799e+04
petite,72,46,674,1.007685e+05
petite,73,46,749,1.135356e+05
petite,74,46,603,7.985255e+04
petite,75,46,656,9.686013e+04
petite,76,46,666,9.803138e+04
petite,77,46,720,1.109865e+05
petite,78,46,690,8.747142e+04
petite,79,46,699,9.328930e+04
petite,80,46,688,9.870432e+04
petite,81,46,697,1.141228e+05
petite,82,46,718,1.014690e+05
petite,83,46,651,8.095693e+04
petite,84,46,767,1.111104e+05
petite,85,46,588,6.979709e+04
petite,86,46,687,1.004890e+05
petite,87,46,683,1.006516e+05
petite,88,46,666,9.070578e+04
petite,89,46,645,8.322904e+04
petite,90,46,749,1.228855e+05
petite,91,46,621,7.776029e+04
petite,92,46,656,9.163872e+04
petite,93,46,703,9.789427e+04
petite,94,46,592,7.627972e+04
petite,95,46,721,1.111078e+05
petite,96,46,678,9.308283e+04
petite,97,46,841,1.396774e+05
petite,98,46,642,8.930729e+04
petite,99,46,699,1.123145e+05
petite,100,46,727,1.009889e+05
petite,1,47,633,7.011346e+04
petite,2,47,634,8.304628e+04
petite,3,47,655,9.117559e+04
petite,4,47,659,9.475871e+04
petite,5,47,700,9.779302e+04
petite,6,47,692,1.024278e+05
petite,7,47,678,1.001599e+05
petite,8,47,614,7.837863e+04
petite,9,47,668,8.699528e+04
petite,10,47,629,7.863263e+04
petite,11,47,579,7.452979e+04
petite,12,47,604,7.182812e+04
petite,13,47,643,8.477346e+04
petite,14,47,558,5.890275e+04
petite,15,47,641,8.803374e+04
petite,16,47,635,8.137401e+04
petite,17,47,641,8.953300e+04
petite,18,47,630,7.939914e+04
petite,19,47,688,9.761409e+04
petite,20,47,651,8.478263e+04
petite,21,47,670,8.643327e+04
petite,22,47,701,1.004934e+05
petite,23,47,600,7.390521e+04
petite,24,47,693,9.041272e+04
petite,25,47,621,7.728682e+04
petite,26,47,601,7.293984e+04
petite,27,47,607,7.898730e+04
petite,28,47,644,8.004885e+04
petite,29,47,719,9.900699e+04
petite,30,47,705,1.014178e+05
petite,31,47,618,7.489073e+04
petite,32,47,716,9.597222e+04
petite,33,47,584,7.401390e+04
petite,34,47,553,6.603502e+04
petite,35,47,646,8.724748e+04
petite,36,47,667,9.143905e+04
petite,37,47,657,8.330921e+04
petite,38,47,598,7.567311e+04
petite,39,47,669,9.113546e+04
petite,40,47,590,6.308982e+04
petite,41,47,728,1.073537e+05
petite,42,47,661,1.005961e+05
petite,43,47,692,9.514133e+04
petite,44,47,558,6.724860e+04
petite,45,47,681,9.135547e+04
petite,46,47,643,8.510199e+04
petite,47,47,699,8.822814e+04
petite,48,47,617,7.380270e+04
petite,49,47,600,6.837947e+04
petite,50,47,620,8.433938e+04
petite,51,47,651,9.617675e+04
petite,52,47,690,9.107014e+04
petite,53,47,597,7.652389e+04
petite,54,47,663,9.062644e+04
petite,55,47,672,9.439335e+04
petite,56,47,611,7.772441e+04
petite,57,47,702,9.638674e+04
petite,58,47,612,8.179751e+04
petite,59,47,581,6.730215e+04
petite,60,47,513,5.685493e+04
petite,61,47,726,9.350593e+04
petite,62,47,621,8.134322e+04
petite,63,47,639,8.747747e+04
petite,64,47,644,8.748387e+04
petite,65,47,673,8.430364e+04
petite,66,47,648,7.868452e+04
petite,67,47,628,7.700076e+04
petite,68,47,728,1.035605e+05
petite,69,47,669,9.952661e+04
petite,70,47,646,8.069391e+04
petite,71,47,597,7.814025e+04
petite,72,47,691,9.432245e+04
petite,73,47,678,1.006272e+05
petite,74,47,660,8.976642e+04
petite,75,47,615,8.903238e+04
petite,76,47,760,1.205243e+05
petite,77,47,635,8.675704e+04
petite,78,47,588,8.007971e+04
petite,79,47,620,8.033924e+04
petite,80,47,516,6.403220e+04
petite,81,47,645,8.736285e+04
petite,82,47,581,7.928904e+04
petite,83,47,648,8.029346e+04
petite,84,47,676,9.092813e+04
petite,85,47,680,9.158309e+04
petite,86,47,650,8.394030e+04
petite,87,47,702,9.222251e+04
petite,88,47,684,9.491365e+04
petite,89,47,658,8.789740e+04
petite,90,47,643,8.580795e+04
petite,91,47,606,7.173523e+04
petite,92,47,641,9.158841e+04
petite,93,47,642,7.683539e+04
petite,94,47,624,8.434982e+04
petite,95,47,640,8.537148e+04
petite,96,47,624,8.269361e+04
petite,97,47,578,6.836808e+04
petite,98,47,670,8.035846e+04
petite,99,47,573,7.420612e+04
petite,100,47,613,8.167715e+04
petite,1,48,568,7.267540e+04
petite,2,48,634,8.573559e+04
petite,3,48,610,8.396822e+04
petite,4,48,725,9.704217e+04
petite,5,48,639,8.982854e+04
petite,6,48,614,8.251962e+04
petite,7,48,665,8.784858e+04
petite,8,48,770,1.167577e+05
petite,9,48,512,6.160263e+04
petite,10,48,596,6.948289e+04
petite,11,48,671,8.549204e+04
petite,12,48,585,6.971202e+04
petite,13,48,600,6.848360e+04
petite,14,48,641,8.884674e+04
petite,15,48,603,8.207339e+04
petite,16,48,756,1.016903e+05
petite,17,48,783,1.136859e+05
petite,18,48,573,6.658943e+04
petite,19,48,629,7.767600e+04
petite,20,48,863,1.358999e+05
petite,21,48,661,9.545059e+04
petite,22,48,654,8.633886e+04
petite,23,48,620,8.696711e+04
petite,24,48,614,8.295493e+04
petite,25,48,656,8.638578e+04
petite,26,48,660,8.110852e+04
petite,27,48,667,9.199226e+04
petite,28,48,586,7.472715e+04
petite,29,48,582,6.414718e+04
petite,30,48,562,6.844741e+04
petite,31,48,678,9.770408e+04
petite,32,48,689,9.404788e+04
petite,33,48,624,7.197732e+04
petite,34,48,638,8.255001e+04
petite,35,48,691,1.040725e+05
petite,36,48,587,6.989960e+04
petite,37,48,741,1.028885e+05
petite,38,48,594,6.967817e+04
petite,39,48,752,1.206778e+05
petite,40,48,614,7.433142e+04
petite,41,48,692,9.659268e+04
petite,42,48,561,7.472790e+04
petite,43,48,682,8.279436e+04
petite,44,48,650,8.719254e+04
petite,45,48,649,8.387846e+04
petite,46,48,601,7.902945e+04
petite,47,48,635,8.518220e+04
petite,48,48,572,7.644805e+04
petite,49,48,694,1.055648e+05
petite,50,48,643,7.968024e+04
petite,51,48,697,9.291215e+04
petite,52,48,587,7.631334e+04
petite,53,48,778,1.198783e+05
petite,54,48,723,1.149084e+05
petite,55,48,650,7.726139e+04
petite,56,48,580,6.828491e+04
petite,57,48,586,7.443627e+04
petite,58,48,772,1.058750e+05
petite,59,48,680,9.622930e+04
petite,60,48,583,7.270218e+04
petite,61,48,650,8.456562e+04
petite,62,48,681,9.081537e+04
petite,63,48,589,6.663319e+04
petite,64,48,593,8.590451e+04
petite,65,48,610,8.007580e+04
petite,66,48,643,8.029956e+04
petite,67,48,636,8.990457e+04
petite,68,48,632,8.205676e+04
petite,69,48,689,8.887428e+04
petite,70,48,718,9.574674e+04
petite,71,48,675,8.161965e+04
petite,72,48,594,7.897311e+04
petite,73,48,654,8.939171e+04
petite,74,48,682,9.366765e+04
petite,75,48,622,7.969747e+04
petite,76,48,681,9.663043e+04
petite,77,48,755,1.101282e+05
petite,78,48,632,8.327058e+04
petite,79,48,602,7.369351e+04
petite,80,48,670,8.180923e+04
petite,81,48,684,9.591072e+04
petite,82,48,651,8.115638e+04
petite,83,48,644,8.332373e+04
petite,84,48,696,1.061009e+05
petite,85,48,623,7.251018e+04
petite,86,48,682,8.890590e+04
petite,87,48,605,8.635960e+04
petite,88,48,574,7.964461e+04
petite,89,48,675,8.377297e+04
petite,90,48,667,8.675651e+04
petite,91,48,648,9.263072e+04
petite,92,48,650,8.321739e+04
petite,93,48,644,9.213045e+04
petite,94,48,655,8.611699e+04
petite,95,48,713,1.018629e+05
petite,96,48,622,7.071114e+04
petite,97,48,622,7.763669e+04
petite,98,48,605,8.051139e+04
petite,99,48,693,9.685811e+04
petite,100,48,639,7.957081e+04
petite,1,49,659,1.039197e+05
petite,2,49,695,1.071244e+05
petite,3,49,660,9.809436e+04
petite,4,49,659,8.860115e+04
petite,5,49,710,1.056058e+05
petite,6,49,600,8.915089e+04
petite,7,49,672,1.146408e+05
petite,8,49,729,1.183578e+05
petite,9,49,718,9.564291e+04
petite,10,49,661,8.674531e+04
petite,11,49,653,8.898021e+04
petite,12,49,780,1.233547e+05
petite,13,49,560,6.881875e+04
petite,14,49,745,1.120759e+05
petite,15,49,734,1.073999e+05
petite,16,49,643,7.911405e+04
petite,17,49,643,8.950311e+04
petite,18,49,654,8.743480e+04
petite,19,49,653,9.350239e+04
petite,20,49,680,9.661931e+04
petite,21,49,687,9.869555e+04
petite,22,49,666,9.806125e+04
petite,23,49,632,8.496335e+04
petite,24,49,728,1.129999e+05
petite,25,49,673,9.229358e+04
petite,26,49,682,1.010744e+05
petite,27,49,799,1.254080e+05
petite,28,49,700,1.067122e+05
petite,29,49,615,7.976649e+04
petite,30,49,642,9.228035e+04
petite,31,49,676,1.034461e+05
petite,32,49,723,9.842595e+04
petite,33,49,689,9.415325e+04
petite,34,49,639,9.123183e+04
petite,35,49,666,1.156397e+05
petite,36,49,706,9.688091e+04
petite,37,49,695,8.843093e+04
petite,38,49,663,8.989434e+04
petite,39,49,700,9.763404e+04
petite,40,49,699,1.008742e+05
petite,41,49,659,8.512257e+04
petite,42,49,747,1.052634e+05
petite,43,49,709,9.951439e+04
petite,44,49,789,1.190060e+05
petite,45,49,637,8.372280e+04
petite,46,49,626,8.548098e+04
petite,47,49,797,1.264296e+05
petite,48,49,663,9.315601e+04
petite,49,49,654,9.175217e+04
petite,50,49,619,8.387005e+04
petite,51,49,742,1.087116e+05
petite,52,49,733,1.138369e+05
petite,53,49,697,1.037406e+05
petite,54,49,582,7.876300e+04
petite,55,49,773,1.247180e+05
petite,56,49,705,9.482960e+04
petite,57,49,631,7.866031e+04
petite,58,49,653,9.843591e+04
petite,59,49,694,1.056801e+05
petite,60,49,747,1.183514e+05
petite,61,49,687,1.062709e+05
petite,62,49,638,8.992207e+04
petite,63,49,767,1.114047e+05
petite,64,49,675,8.481075e+04
petite,65,49,679,9.821442e+04
petite,66,49,682,1.084353e+05
petite,67,49,703,9.863117e+04
petite,68,49,738,1.094967e+05
petite,69,49,662,9.449565e+04
petite,70,49,748,1.052932e+05
petite,71,49,585,7.402975e+04
petite,72,49,646,8.850427e+04
petite,73,49,547,5.668889e+04
petite,74,49,632,8.965470e+04
petite,75,49,549,6.126645e+04
petite,76,49,699,9.995178e+04
petite,77,49,643,8.807823e+04
petite,78,49,605,8.309637e+04
petite,79,49,573,8.137718e+04
petite,80,49,709,1.066913e+05
petite,81,49,564,7.345926e+04
petite,82,49,590,7.291431e+04
petite,83,49,653,8.520238e+04
petite,84,49,738,1.169956e+05
petite,85,49,604,8.756578e+04
petite,86,49,551,7.039079e+04
petite,87,49,630,9.991454e+04
petite,88,49,702,1.031575e+05
petite,89,49,705,9.729456e+04
petite,90,49,630,8.310447e+04
petite,91,49,695,9.984487e+04
petite,92,49,720,1.172636e+05
petite,93,49,691,9.995092e+04
petite,94,49,628,8.256314e+04
petite,95,49,577,7.382628e+04
petite,96,49,615,8.975150e+04
petite,97,49,635,7.643215e+04
petite,98,49,619,7.770219e+04
petite,99,49,580,7.697992e+04
petite,100,49,594,6.876652e+04
petite,1,5,637,8.307545e+04
petite,2,5,739,1.036672e+05
petite,3,5,648,9.108185e+04
petite,4,5,694,9.144500e+04
petite,5,5,683,8.669393e+04
petite,6,5,735,1.002784e+05
petite,7,5,678,9.317386e+04
petite,8,5,689,9.891121e+04
petite,9,5,623,7.242004e+04
petite,10,5,632,8.756938e+04
petite,11,5,624,8.941178e+04
petite,12,5,615,7.899156e+04
petite,13,5,755,1.074036e+05
petite,14,5,595,7.998926e+04
petite,15,5,598,7.430602e+04
petite,16,5,684,8.907145e+04
petite,17,5,726,1.075095e+05
petite,18,5,729,1.137199e+05
petite,19,5,710,9.814117e+04
petite,20,5,607,7.764647e+04
petite,21,5,703,1.030956e+05
petite,22,5,606,8.125342e+04
petite,23,5,735,1.125782e+05
petite,24,5,691,1.011474e+05
petite,25,5,652,8.756568e+04
petite,26,5,634,9.074801e+04
petite,27,5,644,7.807527e+04
petite,28,5,718,9.692099e+04
petite,29,5,668,9.858263e+04
petite,30,5,706,9.547732e+04
petite,31,5,642,8.177308e+04
petite,32,5,527,6.197343e+04
petite,33,5,656,9.343106e+04
petite,34,5,561,7.422891e+04
petite,35,5,640,8.583820e+04
petite,36,5,704,9.860638e+04
petite,37,5,678,8.721993e+04
petite,38,5,607,7.872558e+04
petite,39,5,613,7.661876e+04
petite,40,5,534,5.276260e+04
petite,41,5,630,8.654259e+04
petite,42,5,689,8.751466e+04
petite,43,5,750,1.061476e+05
petite,44,5,657,9.067363e+04
petite,45,5,616,8.328036e+04
petite,46,5,706,9.735639e+04
petite,47,5,643,7.970360e+04
petite,48,5,634,8.955535e+04
petite,49,5,705,9.402821e+04
petite,50,5,670,8.394853e+04
petite,51,5,628,8.037162e+04
petite,52,5,603,6.577474e+04
petite,53,5,646,7.975198e+04
petite,54,5,667,9.627516e+04
petite,55,5,674,9.814812e+04
petite,56,5,665,9.443456e+04
petite,57,5,723,9.787458e+04
petite,58,5,616,6.650844e+04
petite,59,5,669,9.441164e+04
petite,60,5,592,8.341916e+04
petite,61,5,727,1.029735e+05
petite,62,5,686,1.040459e+05
petite,63,5,727,1.020232e+05
petite,64,5,663,8.747583e+04
petite,65,5,711,1.027875e+05
petite,66,5,668,9.250177e+04
petite,67,5,654,8.749040e+04
petite,68,5,676,1.025680e+05
petite,69,5,608,6.369474e+04
petite,70,5,682,8.549046e+04
petite,71,5,798,1.138068e+05
petite,72,5,666,8.774143e+04
petite,73,5,679,9.336507e+04
petite,74,5,678,9.728202e+04
petite,75,5,754,1.100659e+05
petite,76,5,655,8.713594e+04
petite,77,5,655,8.907814e+04
petite,78,5,643,8.514796e+04
petite,79,5,618,7.989277e+04
petite,80,5,653,8.902351e+04
petite,81,5,679,9.858246e+04
petite,82,5,760,1.182115e+05
petite,83,5,624,8.743802e+04
petite,84,5,618,8.572871e+04
petite,85,5,772,1.132208e+05
petite,86,5,648,9.153628e+04
petite,87,5,703,8.560098e+04
petite,88,5,695,8.748007e+04
petite,89,5,712,1.080235e+05
petite,90,5,650,8.703867e+04
petite,91,5,673,8.758056e+04
petite,92,5,760,1.085095e+05
petite,93,5,650,1.002452e+05
petite,94,5,727,1.039610e+05
petite,95,5,637,8.900725e+04
petite,96,5,723,1.000366e+05
petite,97,5,696,1.066257e+05
petite,98,5,746,1.044047e+05
petite,99,5,658,9.230259e+04
petite,100,5,698,9.717230e+04
petite,1,50,588,7.827118e+04
petite,2,50,739,1.078002e+05
petite,3,50,548,6.042974e+04
petite,4,50,660,8.495861e+04
petite,5,50,677,8.451091e+04
petite,6,50,626,7.314244e+04
petite,7,50,614,7.682680e+04
petite,8,50,633,9.060643e+04
petite,9,50,641,8.171765e+04
petite,10,50,661,7.963220e+04
petite,11,50,615,7.352887e+04
petite,12,50,665,8.171268e+04
petite,13,50,603,6.420592e+04
petite,14,50,585,7.108586e+04
petite,15,50,664,7.786628e+04
petite,16,50,592,7.102147e+04
petite,17,50,676,8.536961e+04
petite,18,50,541,5.804514e+04
petite,19,50,616,6.779359e+04
petite,20,50,581,6.513333e+04
petite,21,50,668,8.695461e+04
petite,22,50,635,7.618457e+04
petite,23,50,638,7.670449e+04
petite,24,50,583,6.489121e+04
petite,25,50,596,6.986263e+04
petite,26,50,646,8.490134e+04
petite,27,50,650,8.464583e+04
petite,28,50,637,8.316019e+04
petite,29,50,570,6.744524e+04
petite,30,50,621,7.649952e+04
petite,31,50,686,8.975081e+04
petite,32,50,611,7.409434e+04
petite,33,50,590,7.263791e+04
petite,34,50,681,1.021130e+05
petite,35,50,633,7.722958e+04
petite,36,50,685,9.906167e+04
petite,37,50,573,6.724840e+04
petite,38,50,695,9.971606e+04
petite,39,50,741,1.080437e+05
petite,40,50,579,6.528404e+04
petite,41,50,670,8.997228e+04
petite,42,50,621,7.563174e+04
petite,43,50,633,7.559814e+04
petite,44,50,635,8.006781e+04
petite,45,50,654,7.323683e+04
petite,46,50,641,7.954562e+04
petite,47,50,610,7.424038e+04
petite,48,50,651,7.430559e+04
petite,49,50,585,6.537072e+04
petite,50,50,532,6.007864e+04
petite,51,50,628,8.240141e+04
petite,52,50,552,6.380892e+04
petite,53,50,647,8.311702e+04
petite,54,50,631,7.819157e+04
petite,55,50,661,8.459662e+04
petite,56,50,632,8.561859e+04
petite,57,50,634,8.051608e+04
petite,58,50,578,6.409377e+04
petite,59,50,612,7.662636e+04
petite,60,50,590,7.401054e+04
petite,61,50,579,6.488042e+04
petite,62,50,640,8.192738e+04
petite,63,50,588,7.513213e+04
petite,64,50,558,6.035893e+04
petite,65,50,584,7.916460e+04
petite,66,50,725,1.066088e+05
petite,67,50,527,5.753001e+04
petite,68,50,534,6.062096e+04
petite,69,50,683,8.866593e+04
petite,70,50,539,5.413099e+04
petite,71,50,595,6.859154e+04
petite,72,50,627,7.724214e+04
petite,73,50,590,6.859323e+04
petite,74,50,573,6.582445e+04
petite,75,50,606,7.204497e+04
petite,76,50,624,7.368470e+04
petite,77,50,652,8.136522e+04
petite,78,50,696,8.963552e+04
petite,79,50,579,6.759633e+04
petite,80,50,739,1.112617e+05
petite,81,50,623,6.698040e+04
petite,82,50,653,8.850077e+04
petite,83,50,635,7.715120e+04
petite,84,50,740,1.110723e+05
petite,85,50,525,6.592860e+04
petite,86,50,828,1.075001e+05
petite,87,50,642,8.750107e+04
petite,88,50,566,6.548815e+04
petite,89,50,621,8.043559e+04
petite,90,50,633,7.576557e+04
petite,91,50,721,9.961785e+04
petite,92,50,574,6.436540e+04
petite,93,50,610,6.899479e+04
petite,94,50,642,8.125151e+04
petite,95,50,663,8.459749e+04
petite,96,50,612,7.332061e+04
petite,97,50,754,1.227076e+05
petite,98,50,600,7.701893e+04
petite,99,50,647,7.754788e+04
petite,100,50,684,8.573951e+04
petite,1,6,724,1.168037e+05
petite,2,6,590,6.683446e+04
petite,3,6,689,9.605076e+04
petite,4,6,658,9.765286e+04
petite,5,6,698,9.628525e+04
petite,6,6,564,7.215965e+04
petite,7,6,628,8.647357e+04
petite,8,6,679,9.389955e+04
petite,9,6,614,7.649139e+04
petite,10,6,696,8.913077e+04
petite,11,6,658,8.798265e+04
petite,12,6,614,7.947521e+04
petite,13,6,691,1.074820e+05
petite,14,6,610,7.882209e+04
petite,15,6,645,8.870652e+04
petite,16,6,691,1.032881e+05
petite,17,6,723,9.426718e+04
petite,18,6,593,7.936947e+04
petite,19,6,663,8.367763e+04
petite,20,6,608,7.376539e+04
petite,21,6,657,8.657256e+04
petite,22,6,566,6.315372e+04
petite,23,6,646,8.955868e+04
petite,24,6,774,1.106688e+05
petite,25,6,752,1.022287e+05
petite,26,6,614,7.862741e+04
petite,27,6,683,9.025527e+04
petite,28,6,657,9.563657e+04
petite,29,6,653,8.749215e+04
petite,30,6,524,6.985355e+04
petite,31,6,591,7.301508e+04
petite,32,6,728,1.144075e+05
petite,33,6,681,1.033297e+05
petite,34,6,751,1.180630e+05
petite,35,6,665,8.664521e+04
petite,36,6,608,7.086741e+04
petite,37,6,701,9.086575e+04
petite,38,6,611,7.473573e+04
petite,39,6,645,8.834646e+04
petite,40,6,828,1.239032e+05
petite,41,6,707,1.060766e+05
petite,42,6,683,8.988842e+04
petite,43,6,622,7.450010e+04
petite,44,6,591,7.135059e+04
petite,45,6,559,6.842590e+04
petite,46,6,756,1.183598e+05
petite,47,6,701,9.032732e+04
petite,48,6,681,9.041250e+04
petite,49,6,642,8.354222e+04
petite,50,6,650,7.914475e+04
petite,51,6,693,9.399786e+04
petite,52,6,739,1.029687e+05
petite,53,6,555,6.151187e+04
petite,54,6,557,6.175224e+04
petite,55,6,713,1.004058e+05
petite,56,6,644,7.629232e+04
petite,57,6,599,7.533500e+04
petite,58,6,642,8.791390e+04
petite,59,6,663,9.309252e+04
petite,60,6,663,8.957094e+04
petite,61,6,733,1.075820e+05
petite,62,6,694,9.113734e+04
petite,63,6,638,8.092676e+04
petite,64,6,695,9.749667e+04
petite,65,6,651,8.763113e+04
petite,66,6,712,9.914377e+04
petite,67,6,662,9.828810e+04
petite,68,6,676,9.576525e+04
petite,69,6,602,7.235990e+04
petite,70,6,674,8.843065e+04
petite,71,6,700,1.050885e+05
petite,72,6,719,1.055046e+05
petite,73,6,592,7.150743e+04
petite,74,6,621,8.209071e+04
petite,75,6,715,9.509104e+04
petite,76,6,642,8.425880e+04
petite,77,6,649,7.727881e+04
petite,78,6,626,8.702881e+04
petite,79,6,654,9.666335e+04
petite,80,6,631,8.172307e+04
petite,81,6,686,9.945089e+04
petite,82,6,628,8.606356e+04
petite,83,6,615,9.606848e+04
petite,84,6,696,9.406289e+04
petite,85,6,728,9.588604e+04
petite,86,6,707,1.076572e+05
petite,87,6,662,9.474572e+04
petite,88,6,628,8.453138e+04
petite,89,6,750,1.125299e+05
petite,90,6,624,8.144864e+04
petite,91,6,608,7.261761e+04
petite,92,6,657,9.936376e+04
petite,93,6,706,1.003052e+05
petite,94,6,715,1.025418e+05
petite,95,6,639,9.327138e+04
petite,96,6,737,1.009307e+05
petite,97,6,644,8.826125e+04
petite,98,6,579,7.403316e+04
petite,99,6,688,9.330797e+04
petite,100,6,644,8.819817e+04
petite,1,7,621,8.460449e+04
petite,2,7,646,8.748130e+04
petite,3,7,620,7.732972e+04
petite,4,7,654,8.947893e+04
petite,5,7,581,6.916861e+04
petite,6,7,632,7.952775e+04
petite,7,7,611,8.482942e+04
petite,8,7,589,8.002782e+04
petite,9,7,614,7.311319e+04
petite,10,7,665,8.548450e+04
petite,11,7,635,9.319084e+04
petite,12,7,657,8.147772e+04
petite,13,7,616,7.763237e+04
petite,14,7,665,8.959043e+04
petite,15,7,641,8.340793e+04
petite,16,7,695,9.280353e+04
petite,17,7,630,9.247730e+04
petite,18,7,637,8.330559e+04
petite,19,7,735,1.073604e+05
petite,20,7,635,8.640380e+04
petite,21,7,666,8.659814e+04
petite,22,7,592,7.022619e+04
petite,23,7,654,8.742909e+04
petite,24,7,609,8.027564e+04
petite,25,7,672,8.603457e+04
petite,26,7,570,6.507970e+04
petite,27,7,523,6.157072e+04
petite,28,7,560,6.306895e+04
petite,29,7,598,7.445821e+04
petite,30,7,602,7.881199e+04
petite,31,7,629,8.690579e+04
petite,32,7,704,1.005125e+05
petite,33,7,673,9.732180e+04
petite,34,7,599,7.433180e+04
petite,35,7,589,7.483383e+04
petite,36,7,592,6.730021e+04
petite,37,7,560,7.121787e+04
petite,38,7,587,7.555003e+04
petite,39,7,505,5.577150e+04
petite,40,7,635,9.142788e+04
petite,41,7,746,1.024284e+05
petite,42,7,628,7.070613e+04
petite,43,7,579,6.935356e+04
petite,44,7,733,1.052650e+05
petite,45,7,566,7.659575e+04
petite,46,7,590,8.685431e+04
petite,47,7,629,9.161442e+04
petite,48,7,605,7.471555e+04
petite,49,7,642,7.841466e+04
petite,50,7,694,9.674289e+04
petite,51,7,599,7.629773e+04
petite,52,7,634,8.098454e+04
petite,53,7,658,7.652324e+04
petite,54,7,723,1.024706e+05
petite,55,7,621,7.405832e+04
petite,56,7,638,8.102724e+04
petite,57,7,600,7.084729e+04
petite,58,7,708,9.840563e+04
petite,59,7,575,7.695167e+04
petite,60,7,574,7.582027e+04
petite,61,7,664,8.498523e+04
petite,62,7,648,7.152928e+04
petite,63,7,614,7.506347e+04
petite,64,7,680,8.997744e+04
petite,65,7,597,7.064288e+04
petite,66,7,668,8.185783e+04
petite,67,7,601,7.108114e+04
petite,68,7,722,1.035740e+05
petite,69,7,622,8.834891e+04
petite,70,7,648,8.509985e+04
petite,71,7,676,8.912149e+04
petite,72,7,654,8.025535e+04
petite,73,7,595,7.498520e+04
petite,74,7,628,7.347122e+04
petite,75,7,680,9.476868e+04
petite,76,7,598,7.194738e+04
petite,77,7,587,7.260113e+04
petite,78,7,633,8.203939e+04
petite,79,7,602,8.393220e+04
petite,80,7,668,8.572359e+04
petite,81,7,624,8.734757e+04
petite,82,7,686,8.588820e+04
petite,83,7,736,1.059900e+05
petite,84,7,686,8.556702e+04
petite,85,7,714,9.682414e+04
petite,86,7,636,7.519573e+04
petite,87,7,605,9.150188e+04
petite,88,7,662,8.715215e+04
petite,89,7,636,8.263031e+04
petite,90,7,650,9.022696e+04
petite,91,7,660,8.995439e+04
petite,92,7,623,8.490841e+04
petite,93,7,569,7.357281e+04
petite,94,7,601,7.435759e+04
petite,95,7,665,8.432005e+04
petite,96,7,629,7.797470e+04
petite,97,7,644,7.721062e+04
petite,98,7,671,8.847563e+04
petite,99,7,614,8.989440e+04
petite,100,7,652,9.434455e+04
petite,1,8,585,7.228211e+04
petite,2,8,576,6.882182e+04
petite,3,8,571,7.502790e+04
petite,4,8,672,9.539350e+04
petite,5,8,706,9.930094e+04
petite,6,8,648,8.573798e+04
petite,7,8,678,8.485146e+04
petite,8,8,626,8.401930e+04
petite,9,8,578,7.127411e+04
petite,10,8,662,8.442709e+04
petite,11,8,561,6.971844e+04
petite,12,8,517,6.212750e+04
petite,13,8,610,8.302728e+04
petite,14,8,667,8.911816e+04
petite,15,8,623,7.563378e+04
petite,16,8,594,7.169832e+04
petite,17,8,598,8.174037e+04
petite,18,8,767,1.191796e+05
petite,19,8,608,7.568686e+04
petite,20,8,622,7.460614e+04
petite,21,8,590,6.977187e+04
petite,22,8,642,8.176567e+04
petite,23,8,561,6.636765e+04
petite,24,8,552,6.437992e+04
petite,25,8,561,6.710611e+04
petite,26,8,590,7.195756e+04
petite,27,8,615,7.038844e+04
petite,28,8,662,8.054950e+04
petite,29,8,620,7.336574e+04
petite,30,8,602,6.586017e+04
petite,31,8,601,6.674792e+04
petite,32,8,644,8.483293e+04
petite,33,8,574,7.031904e+04
petite,34,8,599,6.958206e+04
petite,35,8,638,7.036622e+04
petite,36,8,605,7.478742e+04
petite,37,8,641,7.969420e+04
petite,38,8,611,7.909996e+04
petite,39,8,624,7.503431e+04
petite,40,8,532,6.385701e+04
petite,41,8,603,6.988825e+04
petite,42,8,610,7.210416e+04
petite,43,8,624,8.873033e+04
petite,44,8,603,7.299602e+04
petite,45,8,601,7.978626e+04
petite,46,8,604,8.046769e+04
petite,47,8,581,7.576248e+04
petite,48,8,701,9.219376e+04
petite,49,8,645,9.021206e+04
petite,50,8,663,8.487190e+04
petite,51,8,710,1.007933e+05
petite,52,8,627,8.309551e+04
petite,53,8,637,8.600903e+04
petite,54,8,697,9.344065e+04
petite,55,8,586,7.125074e+04
petite,56,8,588,7.037819e+04
petite,57,8,617,7.829149e+04
petite,58,8,646,7.694920e+04
petite,59,8,594,7.095252e+04
petite,60,8,588,6.655001e+04
petite,61,8,685,9.057533e+04
petite,62,8,659,8.827073e+04
petite,63,8,726,1.129014e+05
petite,64,8,631,8.253314e+04
petite,65,8,590,6.950792e+04
petite,66,8,700,8.127796e+04
petite,67,8,638,8.393810e+04
petite,68,8,666,9.031636e+04
petite,69,8,636,7.857537e+04
petite,70,8,701,9.992150e+04
petite,71,8,643,7.515596e+04
petite,72,8,626,9.047681e+04
petite,73,8,592,6.316190e+04
petite,74,8,594,7.549314e+04
petite,75,8,619,8.090657e+04
petite,76,8,661,8.775938e+04
petite,77,8,574,6.810550e+04
petite,78,8,563,6.149679e+04
petite,79,8,544,6.085333e+04
petite,80,8,670,8.851650e+04
petite,81,8,663,9.517872e+04
petite,82,8,559,7.015028e+04
petite,83,8,639,8.543470e+04
petite,84,8,630,7.630105e+04
petite,85,8,611,6.447923e+04
petite,86,8,589,7.274413e+04
petite,87,8,657,8.976597e+04
petite,88,8,633,8.689015e+04
petite,89,8,641,8.999186e+04
petite,90,8,595,7.881121e+04
petite,91,8,630,6.921641e+04
petite,92,8,551,5.784267e+04
petite,93,8,587,7.237015e+04
petite,94,8,606,7.383712e+04
petite,95,8,615,8.152473e+04
petite,96,8,663,8.927173e+04
petite,97,8,661,8.119481e+04
petite,98,8,668,8.485563e+04
petite,99,8,636,8.323210e+04
petite,100,8,547,6.435690e+04
petite,1,9,680,8.799409e+04
petite,2,9,565,7.531538e+04
petite,3,9,621,7.420656e+04
petite,4,9,696,9.374316e+04
petite,5,9,600,7.138599e+04
petite,6,9,653,8.886282e+04
petite,7,9,637,9.236735e+04
petite,8,9,733,1.015152e+05
petite,9,9,664,1.021900e+05
petite,10,9,566,6.499648e+04
petite,11,9,614,7.697007e+04
petite,12,9,729,1.036448e+05
petite,13,9,638,8.678787e+04
petite,14,9,762,1.201353e+05
petite,15,9,638,1.066703e+05
petite,16,9,671,9.694114e+04
petite,17,9,628,8.019273e+04
petite,18,9,508,6.105481e+04
petite,19,9,682,9.867213e+04
petite,20,9,698,9.817181e+04
petite,21,9,667,9.640237e+04
petite,22,9,688,9.342012e+04
petite,23,9,712,9.859648e+04
petite,24,9,661,9.685057e+04
petite,25,9,672,9.360159e+04
petite,26,9,743,1.067680e+05
petite,27,9,611,9.294536e+04
petite,28,9,676,1.022840e+05
petite,29,9,624,8.921924e+04
petite,30,9,815,1.330803e+05
petite,31,9,621,8.440415e+04
petite,32,9,664,9.378751e+04
petite,33,9,632,9.151156e+04
petite,34,9,593,8.272308e+04
petite,35,9,516,6.074427e+04
petite,36,9,656,1.024306e+05
petite,37,9,596,6.900882e+04
petite,38,9,651,9.393323e+04
petite,39,9,621,8.675992e+04
petite,40,9,650,8.016410e+04
petite,41,9,708,1.094089e+05
petite,42,9,597,7.537044e+04
petite,43,9,723,1.198762e+05
petite,44,9,604,7.729306e+04
petite,45,9,766,1.192667e+05
petite,46,9,607,7.174085e+04
petite,47,9,674,8.458195e+04
petite,48,9,749,1.118157e+05
petite,49,9,633,8.805898e+04
petite,50,9,754,1.145243e+05
petite,51,9,672,9.156207e+04
petite,52,9,670,8.949825e+04
petite,53,9,673,9.273924e+04
petite,54,9,620,8.260274e+04
petite,55,9,676,9.805398e+04
petite,56,9,662,8.492605e+04
petite,57,9,738,1.120409e+05
petite,58,9,693,1.052209e+05
petite,59,9,691,9.756620e+04
petite,60,9,617,7.623527e+04
petite,61,9,743,1.212351e+05
petite,62,9,629,8.526197e+04
petite,63,9,640,8.775439e+04
petite,64,9,674,9.491274e+04
petite,65,9,581,8.066786e+04
petite,66,9,589,7.968055e+04
petite,67,9,681,1.036166e+05
petite,68,9,639,7.842003e+04
petite,69,9,679,9.305105e+04
petite,70,9,662,9.773976e+04
petite,71,9,680,9.481378e+04
petite,72,9,642,7.776697e+04
petite,73,9,674,8.972787e+04
petite,74,9,635,9.351997e+04
petite,75,9,663,1.010779e+05
petite,76,9,587,7.055132e+04
petite,77,9,695,9.627489e+04
petite,78,9,634,9.146985e+04
petite,79,9,659,9.535816e+04
petite,80,9,690,1.038413e+05
petite,81,9,675,9.045730e+04
petite,82,9,741,1.110419e+05
petite,83,9,659,8.758683e+04
petite,84,9,652,7.852980e+04
petite,85,9,632,8.631801e+04
petite,86,9,631,9.125660e+04
petite,87,9,720,1.113578e+05
petite,88,9,631,8.936397e+04
petite,89,9,728,1.029364e+05
petite,90,9,660,8.872227e+04
petite,91,9,607,8.079989e+04
petite,92,9,723,1.077532e+05
petite,93,9,761,1.115613e+05
petite,94,9,661,9.693059e+04
petite,95,9,612,8.172730e+04
petite,96,9,747,9.603986e+04
petite,97,9,567,7.331594e+04
petite,98,9,627,8.119914e+04
petite,99,9,716,1.035998e+05
petite,100,9,616,8.355260e+04
