"strain","sim_number","file_number","num_cells","volume_clust"
"grande",1,1,671,108700.2
"grande",2,1,740,126948.5
"grande",3,1,678,104655.9
"grande",4,1,638,98297.52
"grande",5,1,661,106850.9
"grande",6,1,748,118251.9
"grande",7,1,655,99559.19
"grande",8,1,693,118214.4
"grande",9,1,814,152226.2
"grande",10,1,664,120620.9
"grande",11,1,573,97007.7
"grande",12,1,645,110282.2
"grande",13,1,658,103174.5
"grande",14,1,586,81171.44
"grande",15,1,581,86214.63
"grande",16,1,657,97578.28
"grande",17,1,697,112897.5
"grande",18,1,582,102942.4
"grande",19,1,691,105446.3
"grande",20,1,659,109545.1
"grande",21,1,683,106430
"grande",22,1,674,116526.4
"grande",23,1,649,93031.89
"grande",24,1,601,91296.18
"grande",25,1,701,120348.5
"grande",26,1,610,99616.31
"grande",27,1,654,101443.7
"grande",28,1,762,127950.8
"grande",29,1,662,105870.9
"grande",30,1,554,89847.78
"grande",31,1,611,99959.21
"grande",32,1,553,75762.77
"grande",33,1,629,92244.29
"grande",34,1,712,132784.5
"grande",35,1,730,116799.8
"grande",36,1,751,131033.1
"grande",37,1,599,91556.28
"grande",38,1,770,135763.2
"grande",39,1,662,100805.6
"grande",40,1,631,111901.2
"grande",41,1,718,137696.9
"grande",42,1,642,106040.3
"grande",43,1,661,101202.9
"grande",44,1,678,99646.23
"grande",45,1,716,117788.6
"grande",46,1,565,83699.78
"grande",47,1,631,101155.2
"grande",48,1,743,123759.1
"grande",49,1,609,96504.46
"grande",50,1,601,86690.05
"grande",51,1,693,108998.2
"grande",52,1,598,97764.78
"grande",53,1,648,119483.1
"grande",54,1,681,115357.9
"grande",55,1,567,81192.01
"grande",56,1,721,119394.6
"grande",57,1,650,97309.15
"grande",58,1,673,109002.1
"grande",59,1,784,137119.7
"grande",60,1,646,104826.8
"grande",61,1,603,111387.9
"grande",62,1,701,114354.9
"grande",63,1,666,106233.2
"grande",64,1,591,98777.32
"grande",65,1,600,98298.18
"grande",66,1,785,149453.9
"grande",67,1,726,113046.5
"grande",68,1,672,105931.7
"grande",69,1,575,85022.44
"grande",70,1,681,110593.5
"grande",71,1,606,84504.41
"grande",72,1,693,104057
"grande",73,1,772,128565
"grande",74,1,646,108459.8
"grande",75,1,637,93191.51
"grande",76,1,713,104184.9
"grande",77,1,607,86475.12
"grande",78,1,693,102349
"grande",79,1,671,101811.1
"grande",80,1,626,110294
"grande",81,1,666,106269.6
"grande",82,1,661,101048.7
"grande",83,1,575,83259.32
"grande",84,1,635,96804.01
"grande",85,1,645,90727.36
"grande",86,1,724,115740.9
"grande",87,1,725,121756.9
"grande",88,1,787,136930.2
"grande",89,1,712,112056.5
"grande",90,1,747,128342.8
"grande",91,1,603,90226.15
"grande",92,1,759,135714
"grande",93,1,593,94454.64
"grande",94,1,700,109415.9
"grande",95,1,727,124803.7
"grande",96,1,672,104646.6
"grande",97,1,606,109885.1
"grande",98,1,779,140193.9
"grande",99,1,649,99884.61
"grande",100,1,714,114694.4
"grande",1,10,690,123718.6
"grande",2,10,524,86123.48
"grande",3,10,598,95394.91
"grande",4,10,648,103949.2
"grande",5,10,647,98337.55
"grande",6,10,600,98194.42
"grande",7,10,685,113733.7
"grande",8,10,685,121645.1
"grande",9,10,526,69783.24
"grande",10,10,704,115145.3
"grande",11,10,756,143543.9
"grande",12,10,640,100146.4
"grande",13,10,641,101005.4
"grande",14,10,677,110902.4
"grande",15,10,666,110301.6
"grande",16,10,602,95599.55
"grande",17,10,644,93932.61
"grande",18,10,676,110633.2
"grande",19,10,641,91026.71
"grande",20,10,694,115220.9
"grande",21,10,610,84453.78
"grande",22,10,676,97174.76
"grande",23,10,664,111856.7
"grande",24,10,614,95943.79
"grande",25,10,577,82552.46
"grande",26,10,822,158652.9
"grande",27,10,668,102548.7
"grande",28,10,703,115339.8
"grande",29,10,778,136491.6
"grande",30,10,612,92280.49
"grande",31,10,609,86414.32
"grande",32,10,607,93868.85
"grande",33,10,560,83038.3
"grande",34,10,670,105383
"grande",35,10,629,95231.84
"grande",36,10,546,82354.85
"grande",37,10,710,112932
"grande",38,10,647,102131.4
"grande",39,10,640,104717.9
"grande",40,10,650,107594.8
"grande",41,10,672,115410
"grande",42,10,655,105444.3
"grande",43,10,664,114409.5
"grande",44,10,603,85624.39
"grande",45,10,576,86402.85
"grande",46,10,701,114052.4
"grande",47,10,762,133710.2
"grande",48,10,650,94233.24
"grande",49,10,682,110042.1
"grande",50,10,601,85196.83
"grande",51,10,679,91682.65
"grande",52,10,698,122396
"grande",53,10,721,108712.6
"grande",54,10,746,132578.1
"grande",55,10,631,87462.93
"grande",56,10,665,107351
"grande",57,10,622,88803.32
"grande",58,10,757,127405.7
"grande",59,10,639,94653.17
"grande",60,10,674,100960.1
"grande",61,10,598,88910.34
"grande",62,10,592,90843.4
"grande",63,10,636,90894.84
"grande",64,10,599,88664.46
"grande",65,10,750,118834.1
"grande",66,10,681,112390.2
"grande",67,10,734,142369.7
"grande",68,10,719,129004.6
"grande",69,10,723,120934.8
"grande",70,10,716,123209.2
"grande",71,10,627,107287.7
"grande",72,10,814,140534.1
"grande",73,10,593,91722.15
"grande",74,10,663,90805.8
"grande",75,10,710,115021.6
"grande",76,10,583,95254.68
"grande",77,10,817,168329.6
"grande",78,10,632,119180.8
"grande",79,10,734,125143.6
"grande",80,10,800,135488.1
"grande",81,10,650,93335.12
"grande",82,10,603,82025.32
"grande",83,10,618,95410.22
"grande",84,10,643,93884.8
"grande",85,10,668,104648.3
"grande",86,10,602,89117.57
"grande",87,10,603,97252.88
"grande",88,10,680,118200.9
"grande",89,10,651,118870.1
"grande",90,10,627,90164.86
"grande",91,10,795,148305.2
"grande",92,10,629,91709
"grande",93,10,599,84733.9
"grande",94,10,648,90167.48
"grande",95,10,710,112738.2
"grande",96,10,622,93991.81
"grande",97,10,747,144572.4
"grande",98,10,663,108274
"grande",99,10,680,100965.9
"grande",100,10,666,113066.9
"grande",1,11,682,134718.9
"grande",2,11,637,104443.5
"grande",3,11,664,125849.5
"grande",4,11,669,121767.4
"grande",5,11,632,107784.3
"grande",6,11,527,72874.07
"grande",7,11,692,114181
"grande",8,11,748,127727.8
"grande",9,11,692,129894.3
"grande",10,11,664,125387.1
"grande",11,11,738,132841.9
"grande",12,11,702,126421.6
"grande",13,11,665,125495.6
"grande",14,11,631,113885.6
"grande",15,11,653,107300.3
"grande",16,11,653,124739.8
"grande",17,11,807,142735.3
"grande",18,11,734,129355.6
"grande",19,11,724,114497.9
"grande",20,11,644,103520.1
"grande",21,11,586,89645.75
"grande",22,11,685,110537.3
"grande",23,11,707,110111.2
"grande",24,11,765,135468.4
"grande",25,11,765,145097.9
"grande",26,11,626,117110.9
"grande",27,11,642,113421.2
"grande",28,11,623,103486.3
"grande",29,11,722,109133.4
"grande",30,11,593,103391.6
"grande",31,11,650,112122.4
"grande",32,11,730,124173.3
"grande",33,11,666,119602.4
"grande",34,11,589,85736.75
"grande",35,11,665,94765.87
"grande",36,11,615,100025.5
"grande",37,11,641,95953.09
"grande",38,11,595,102814.4
"grande",39,11,614,101200.2
"grande",40,11,718,131173.1
"grande",41,11,770,152695.2
"grande",42,11,589,101095
"grande",43,11,782,146058.5
"grande",44,11,656,106066.2
"grande",45,11,798,138959.2
"grande",46,11,591,84550.57
"grande",47,11,677,115742.9
"grande",48,11,766,145396.2
"grande",49,11,679,114688
"grande",50,11,709,128448.7
"grande",51,11,657,136402.1
"grande",52,11,692,118380.7
"grande",53,11,694,118154.4
"grande",54,11,564,79979.5
"grande",55,11,677,107735
"grande",56,11,726,125238.5
"grande",57,11,745,126935.3
"grande",58,11,602,91442.58
"grande",59,11,713,118579.5
"grande",60,11,649,99794.69
"grande",61,11,793,144385.5
"grande",62,11,563,79624.74
"grande",63,11,706,127361
"grande",64,11,658,115139.7
"grande",65,11,643,107330.4
"grande",66,11,761,133401.9
"grande",67,11,734,127019.9
"grande",68,11,770,125356.8
"grande",69,11,565,88716.82
"grande",70,11,627,104508.5
"grande",71,11,562,84079.43
"grande",72,11,608,108237.2
"grande",73,11,685,111239.8
"grande",74,11,629,109722.5
"grande",75,11,559,91515.78
"grande",76,11,685,114540.7
"grande",77,11,663,110046.4
"grande",78,11,589,96363.64
"grande",79,11,694,121386.9
"grande",80,11,661,113035.8
"grande",81,11,564,94012.29
"grande",82,11,652,107518.7
"grande",83,11,639,105976.1
"grande",84,11,680,109476
"grande",85,11,610,91984.53
"grande",86,11,707,123186.9
"grande",87,11,662,108006.7
"grande",88,11,707,121648.8
"grande",89,11,508,70616.39
"grande",90,11,650,118700.7
"grande",91,11,587,96007.71
"grande",92,11,619,104848.4
"grande",93,11,703,110141
"grande",94,11,662,114772.2
"grande",95,11,727,123651
"grande",96,11,667,102915.6
"grande",97,11,624,98449.14
"grande",98,11,662,112284.8
"grande",99,11,786,141751.7
"grande",100,11,681,121192.4
"grande",1,12,720,117178.3
"grande",2,12,658,119457.7
"grande",3,12,600,87529.81
"grande",4,12,690,113011.2
"grande",5,12,706,121100
"grande",6,12,624,103907.3
"grande",7,12,681,117683.9
"grande",8,12,642,105145.2
"grande",9,12,663,106261.8
"grande",10,12,704,109040
"grande",11,12,748,142748
"grande",12,12,666,103398.2
"grande",13,12,731,134923.8
"grande",14,12,673,119031.5
"grande",15,12,688,133447.8
"grande",16,12,615,105638.3
"grande",17,12,719,137730.4
"grande",18,12,754,142604
"grande",19,12,706,132746.2
"grande",20,12,743,128379.7
"grande",21,12,747,135215.8
"grande",22,12,737,142490.3
"grande",23,12,650,112207.5
"grande",24,12,651,123057.5
"grande",25,12,630,96841.3
"grande",26,12,740,124618.8
"grande",27,12,623,97110.09
"grande",28,12,666,121092
"grande",29,12,700,115673.4
"grande",30,12,542,77018.32
"grande",31,12,702,128155.2
"grande",32,12,777,139152.4
"grande",33,12,716,115045.2
"grande",34,12,641,105816
"grande",35,12,706,122475.6
"grande",36,12,624,94593.56
"grande",37,12,661,110626.8
"grande",38,12,794,146806.2
"grande",39,12,602,94988.56
"grande",40,12,777,143132.7
"grande",41,12,682,111447.3
"grande",42,12,673,123166.9
"grande",43,12,681,117536.9
"grande",44,12,769,129218.9
"grande",45,12,588,86572.56
"grande",46,12,637,101407.1
"grande",47,12,698,126768.3
"grande",48,12,661,123239.9
"grande",49,12,677,121943.3
"grande",50,12,662,112003
"grande",51,12,715,129313.4
"grande",52,12,615,99419.67
"grande",53,12,765,143009.6
"grande",54,12,585,88400.77
"grande",55,12,821,150911.7
"grande",56,12,740,134010.8
"grande",57,12,641,112913.5
"grande",58,12,723,120960.4
"grande",59,12,582,86746.67
"grande",60,12,693,117309.9
"grande",61,12,639,111890.9
"grande",62,12,687,106134.1
"grande",63,12,629,118423.7
"grande",64,12,661,113557.9
"grande",65,12,713,127933
"grande",66,12,684,124922.2
"grande",67,12,584,83592.35
"grande",68,12,504,77113.6
"grande",69,12,748,132559.2
"grande",70,12,707,118646.2
"grande",71,12,631,102320.6
"grande",72,12,721,133961.2
"grande",73,12,664,112496.2
"grande",74,12,691,119055.7
"grande",75,12,728,123629.5
"grande",76,12,710,115574.5
"grande",77,12,719,133345.8
"grande",78,12,789,153484.1
"grande",79,12,710,112259.8
"grande",80,12,776,131820.6
"grande",81,12,646,113487.8
"grande",82,12,691,117488.4
"grande",83,12,608,87168.45
"grande",84,12,666,111352.9
"grande",85,12,716,127468.9
"grande",86,12,734,158307.6
"grande",87,12,706,121652.1
"grande",88,12,691,120840.2
"grande",89,12,700,134248.6
"grande",90,12,755,155607.3
"grande",91,12,679,115347.8
"grande",92,12,741,153865.7
"grande",93,12,649,110401.6
"grande",94,12,712,116763.9
"grande",95,12,691,137228.5
"grande",96,12,625,105657.6
"grande",97,12,612,99449.91
"grande",98,12,634,105500.3
"grande",99,12,635,104417.6
"grande",100,12,710,126320.8
"grande",1,13,569,77801.33
"grande",2,13,548,76021.35
"grande",3,13,650,103232.5
"grande",4,13,703,117610.1
"grande",5,13,609,97552.33
"grande",6,13,553,81807.14
"grande",7,13,617,89179.65
"grande",8,13,683,109182.7
"grande",9,13,722,132048.4
"grande",10,13,682,111082
"grande",11,13,710,123177.3
"grande",12,13,571,76674.88
"grande",13,13,754,137386.3
"grande",14,13,661,106356.7
"grande",15,13,659,110761.7
"grande",16,13,662,106638
"grande",17,13,653,125176
"grande",18,13,646,103247.6
"grande",19,13,641,101082.8
"grande",20,13,663,119191.8
"grande",21,13,624,94974.28
"grande",22,13,640,104182.8
"grande",23,13,649,100113.4
"grande",24,13,578,82596.3
"grande",25,13,663,105064.5
"grande",26,13,617,90910.27
"grande",27,13,651,109140.1
"grande",28,13,658,108062.4
"grande",29,13,588,85697.5
"grande",30,13,602,90322.97
"grande",31,13,662,102176.9
"grande",32,13,600,95574.74
"grande",33,13,607,99610.01
"grande",34,13,538,79681.83
"grande",35,13,687,114696.9
"grande",36,13,560,80484.55
"grande",37,13,653,120437.6
"grande",38,13,698,122542.7
"grande",39,13,628,101305.5
"grande",40,13,634,104089
"grande",41,13,606,90727.78
"grande",42,13,548,67579.36
"grande",43,13,687,123577.8
"grande",44,13,579,77918.18
"grande",45,13,671,96798.39
"grande",46,13,678,118983.8
"grande",47,13,615,105562.7
"grande",48,13,623,90749.62
"grande",49,13,767,149377.4
"grande",50,13,642,91762.64
"grande",51,13,644,103860.1
"grande",52,13,638,96249.7
"grande",53,13,664,100895.4
"grande",54,13,671,101037.7
"grande",55,13,611,96972.37
"grande",56,13,665,109157.1
"grande",57,13,752,131536.2
"grande",58,13,622,105137.8
"grande",59,13,586,96862.08
"grande",60,13,654,104289.3
"grande",61,13,617,93420.36
"grande",62,13,549,78328.71
"grande",63,13,753,131482.4
"grande",64,13,619,99765.5
"grande",65,13,650,101668.6
"grande",66,13,662,104900.2
"grande",67,13,686,121137.6
"grande",68,13,664,109828.1
"grande",69,13,552,80048.74
"grande",70,13,660,109069.7
"grande",71,13,676,119878.1
"grande",72,13,579,76828.39
"grande",73,13,634,111574.5
"grande",74,13,736,142003.7
"grande",75,13,643,94055.21
"grande",76,13,755,130307.3
"grande",77,13,629,101296.9
"grande",78,13,640,109955.6
"grande",79,13,688,110000.7
"grande",80,13,677,106019.5
"grande",81,13,651,107799.6
"grande",82,13,618,92044.61
"grande",83,13,696,113478
"grande",84,13,610,94151.12
"grande",85,13,657,104500.1
"grande",86,13,656,111554.4
"grande",87,13,705,124925.7
"grande",88,13,687,106835.4
"grande",89,13,742,128945.3
"grande",90,13,617,102476.3
"grande",91,13,712,119462.9
"grande",92,13,640,90632.6
"grande",93,13,576,84720.64
"grande",94,13,654,102740.7
"grande",95,13,617,97640.71
"grande",96,13,754,122757.2
"grande",97,13,643,105270
"grande",98,13,706,135592.8
"grande",99,13,614,96075.58
"grande",100,13,688,107330.4
"grande",1,14,729,137170.6
"grande",2,14,817,159934.8
"grande",3,14,646,104651.8
"grande",4,14,653,100895
"grande",5,14,682,122480.3
"grande",6,14,709,117420.7
"grande",7,14,645,102837.8
"grande",8,14,620,105477.8
"grande",9,14,626,97807.43
"grande",10,14,715,122717.9
"grande",11,14,672,115026
"grande",12,14,689,119593.1
"grande",13,14,682,109801.6
"grande",14,14,575,82841.11
"grande",15,14,678,101784.3
"grande",16,14,770,129605.2
"grande",17,14,609,95547.48
"grande",18,14,680,111102.9
"grande",19,14,757,117214.6
"grande",20,14,597,89496.74
"grande",21,14,680,120991.3
"grande",22,14,636,86128.54
"grande",23,14,646,95225.33
"grande",24,14,605,99695.35
"grande",25,14,625,93604.87
"grande",26,14,662,102960.5
"grande",27,14,631,102489.4
"grande",28,14,612,89930.66
"grande",29,14,614,88163.01
"grande",30,14,669,98895.85
"grande",31,14,639,104577.6
"grande",32,14,685,115895.5
"grande",33,14,738,132808.1
"grande",34,14,607,87367.27
"grande",35,14,689,117324.2
"grande",36,14,623,98497.68
"grande",37,14,654,102749.5
"grande",38,14,749,126096.8
"grande",39,14,638,111600.3
"grande",40,14,611,98694.06
"grande",41,14,704,129516.6
"grande",42,14,640,113184.7
"grande",43,14,679,109413.1
"grande",44,14,646,102592.2
"grande",45,14,632,89594.69
"grande",46,14,700,110480.8
"grande",47,14,613,92413.47
"grande",48,14,637,105211.2
"grande",49,14,603,92572.85
"grande",50,14,648,106090.4
"grande",51,14,643,96210.16
"grande",52,14,628,77615.19
"grande",53,14,585,86647.57
"grande",54,14,656,111850.3
"grande",55,14,595,90110.96
"grande",56,14,662,105669
"grande",57,14,623,97711.36
"grande",58,14,596,98275.51
"grande",59,14,699,99813.16
"grande",60,14,596,92779.34
"grande",61,14,693,97821.54
"grande",62,14,687,107702.2
"grande",63,14,598,99900.07
"grande",64,14,759,139896.5
"grande",65,14,681,107918.4
"grande",66,14,639,94916.52
"grande",67,14,712,113658.5
"grande",68,14,651,100360.1
"grande",69,14,614,89943.66
"grande",70,14,658,103949.5
"grande",71,14,594,103192.2
"grande",72,14,657,111295.4
"grande",73,14,613,89132.51
"grande",74,14,760,148143.8
"grande",75,14,649,96962.44
"grande",76,14,675,117087.3
"grande",77,14,647,93338.69
"grande",78,14,699,119361.1
"grande",79,14,611,93488.21
"grande",80,14,657,100778.2
"grande",81,14,653,104687.1
"grande",82,14,654,93857.66
"grande",83,14,646,94350.52
"grande",84,14,661,108754
"grande",85,14,487,63962.49
"grande",86,14,665,110224.3
"grande",87,14,590,92514.21
"grande",88,14,667,119062
"grande",89,14,634,106175.3
"grande",90,14,675,105490.3
"grande",91,14,635,99189.91
"grande",92,14,674,113361.3
"grande",93,14,535,81549.37
"grande",94,14,766,136138.7
"grande",95,14,697,97350.65
"grande",96,14,713,117154.4
"grande",97,14,696,118705
"grande",98,14,613,84162.86
"grande",99,14,753,123322
"grande",100,14,606,80281.68
"grande",1,15,604,83917.47
"grande",2,15,602,93440.35
"grande",3,15,654,98986.39
"grande",4,15,660,96534.06
"grande",5,15,585,90446.37
"grande",6,15,563,76693.68
"grande",7,15,651,114029.5
"grande",8,15,655,112559.1
"grande",9,15,633,115538.5
"grande",10,15,689,114597.5
"grande",11,15,651,103789.5
"grande",12,15,562,84490.76
"grande",13,15,608,95172.79
"grande",14,15,785,152407.2
"grande",15,15,657,97015.02
"grande",16,15,619,98996.29
"grande",17,15,769,133973
"grande",18,15,600,80240.08
"grande",19,15,684,110038.5
"grande",20,15,603,93840.08
"grande",21,15,633,86665.45
"grande",22,15,673,90445.2
"grande",23,15,695,120892.1
"grande",24,15,701,117411.5
"grande",25,15,538,76072.02
"grande",26,15,639,105248.1
"grande",27,15,686,114846.9
"grande",28,15,728,132205
"grande",29,15,657,108640.6
"grande",30,15,730,125660.6
"grande",31,15,703,119473.7
"grande",32,15,703,109579.8
"grande",33,15,641,95368.62
"grande",34,15,652,98025.59
"grande",35,15,652,110190.1
"grande",36,15,695,106958.4
"grande",37,15,585,93985.32
"grande",38,15,681,111536.3
"grande",39,15,661,108346.1
"grande",40,15,583,92236
"grande",41,15,585,83169.78
"grande",42,15,619,93606.02
"grande",43,15,700,117620.9
"grande",44,15,711,121000.8
"grande",45,15,705,122148.6
"grande",46,15,643,98230.14
"grande",47,15,673,100584.5
"grande",48,15,613,99044.91
"grande",49,15,652,90423.02
"grande",50,15,680,107382
"grande",51,15,631,94291.55
"grande",52,15,683,116424.1
"grande",53,15,637,108343.1
"grande",54,15,617,93777.58
"grande",55,15,651,97988.42
"grande",56,15,706,123061
"grande",57,15,684,116299.3
"grande",58,15,664,100138.9
"grande",59,15,648,103959.6
"grande",60,15,552,72147.03
"grande",61,15,788,139046.4
"grande",62,15,672,99010.23
"grande",63,15,583,87104.95
"grande",64,15,642,114444
"grande",65,15,591,96436.9
"grande",66,15,603,98010.24
"grande",67,15,602,89225.52
"grande",68,15,527,72822.01
"grande",69,15,576,79924.51
"grande",70,15,668,97989.11
"grande",71,15,650,104450.3
"grande",72,15,655,103064.1
"grande",73,15,652,96962.98
"grande",74,15,673,110792.8
"grande",75,15,649,93836.41
"grande",76,15,600,85083.24
"grande",77,15,571,87405.56
"grande",78,15,590,83382.04
"grande",79,15,625,97438.05
"grande",80,15,582,91427.39
"grande",81,15,595,91018.28
"grande",82,15,662,105223
"grande",83,15,637,95843.17
"grande",84,15,635,109545.5
"grande",85,15,638,87236.13
"grande",86,15,701,124699.9
"grande",87,15,678,115395.4
"grande",88,15,729,115928.8
"grande",89,15,657,107594
"grande",90,15,598,86547.41
"grande",91,15,608,89782.95
"grande",92,15,661,99411.28
"grande",93,15,578,77094.43
"grande",94,15,632,91051.13
"grande",95,15,701,119115.2
"grande",96,15,631,94963.09
"grande",97,15,730,123039.4
"grande",98,15,600,96727.35
"grande",99,15,639,96210.87
"grande",100,15,585,79359.65
"grande",1,16,651,116575.8
"grande",2,16,619,95561.78
"grande",3,16,636,91945.55
"grande",4,16,672,97170.51
"grande",5,16,735,120943.5
"grande",6,16,711,107365.7
"grande",7,16,657,106149.1
"grande",8,16,716,100201.1
"grande",9,16,615,97984.09
"grande",10,16,584,88212.29
"grande",11,16,578,89975.43
"grande",12,16,662,102138.6
"grande",13,16,683,115595.8
"grande",14,16,638,96231.52
"grande",15,16,644,97668.3
"grande",16,16,689,110730.3
"grande",17,16,738,115342.7
"grande",18,16,651,105703.9
"grande",19,16,613,83266.49
"grande",20,16,699,104517.2
"grande",21,16,610,91959.4
"grande",22,16,665,111187.7
"grande",23,16,717,122754
"grande",24,16,749,123372.6
"grande",25,16,577,79675.64
"grande",26,16,655,101065.6
"grande",27,16,555,74620.84
"grande",28,16,668,91447.24
"grande",29,16,576,102096.6
"grande",30,16,530,77924.43
"grande",31,16,540,73045.69
"grande",32,16,591,82069.07
"grande",33,16,682,113136.6
"grande",34,16,581,84255.09
"grande",35,16,662,103423.5
"grande",36,16,550,80935.09
"grande",37,16,565,82783.95
"grande",38,16,718,117506
"grande",39,16,711,112701.5
"grande",40,16,668,94331.8
"grande",41,16,616,90837.4
"grande",42,16,532,75139.69
"grande",43,16,669,108212.2
"grande",44,16,641,90040.51
"grande",45,16,607,88401.39
"grande",46,16,572,91787.13
"grande",47,16,665,93717.18
"grande",48,16,702,111566.9
"grande",49,16,666,103627.1
"grande",50,16,545,75777.52
"grande",51,16,611,102543.2
"grande",52,16,674,91841.7
"grande",53,16,584,83687.14
"grande",54,16,841,158036.3
"grande",55,16,679,104372.9
"grande",56,16,697,108308
"grande",57,16,675,106925.3
"grande",58,16,700,109358.5
"grande",59,16,713,123121.3
"grande",60,16,676,106172
"grande",61,16,590,88690.62
"grande",62,16,716,108789
"grande",63,16,614,98324.81
"grande",64,16,651,101480
"grande",65,16,570,77171.2
"grande",66,16,791,146841.5
"grande",67,16,596,83043.49
"grande",68,16,620,96527.53
"grande",69,16,689,106290.9
"grande",70,16,683,113168.4
"grande",71,16,567,87650.98
"grande",72,16,680,97196.08
"grande",73,16,646,96340.78
"grande",74,16,676,102084.9
"grande",75,16,603,87058.62
"grande",76,16,677,103754.1
"grande",77,16,617,87595.56
"grande",78,16,555,75979.51
"grande",79,16,657,95898.04
"grande",80,16,676,116365
"grande",81,16,664,96093.98
"grande",82,16,720,113525.7
"grande",83,16,610,99623.96
"grande",84,16,695,120176.7
"grande",85,16,591,94362.91
"grande",86,16,618,90019.31
"grande",87,16,640,93370.53
"grande",88,16,667,107317.2
"grande",89,16,725,106983.1
"grande",90,16,573,89244.09
"grande",91,16,544,71309.88
"grande",92,16,577,83089.93
"grande",93,16,640,100080.4
"grande",94,16,618,92257.02
"grande",95,16,721,101737.9
"grande",96,16,753,126405
"grande",97,16,706,113114.1
"grande",98,16,674,104935.4
"grande",99,16,620,97301.53
"grande",100,16,624,94478.11
"grande",1,17,616,100304
"grande",2,17,644,103714.6
"grande",3,17,648,102822.1
"grande",4,17,698,115632.1
"grande",5,17,581,89783.56
"grande",6,17,639,102965.7
"grande",7,17,647,96141.58
"grande",8,17,732,125930.7
"grande",9,17,774,144111.8
"grande",10,17,718,121967
"grande",11,17,645,99595.9
"grande",12,17,678,102149.4
"grande",13,17,570,83395.35
"grande",14,17,658,111697.9
"grande",15,17,655,107192.4
"grande",16,17,671,105772.4
"grande",17,17,684,108230.4
"grande",18,17,560,88262.64
"grande",19,17,730,131238.7
"grande",20,17,558,80285.12
"grande",21,17,796,149620.4
"grande",22,17,660,102881.2
"grande",23,17,754,121772
"grande",24,17,715,113569.5
"grande",25,17,660,103139.6
"grande",26,17,686,102473.7
"grande",27,17,704,119526.9
"grande",28,17,685,109236.1
"grande",29,17,586,78854.43
"grande",30,17,676,102846.5
"grande",31,17,745,119504.4
"grande",32,17,772,126566.2
"grande",33,17,720,118096.7
"grande",34,17,602,96501.59
"grande",35,17,515,70086.41
"grande",36,17,684,107727.3
"grande",37,17,667,105698.8
"grande",38,17,668,105143.5
"grande",39,17,616,88368.49
"grande",40,17,752,128790.3
"grande",41,17,696,122028.6
"grande",42,17,657,110983.5
"grande",43,17,562,88439.4
"grande",44,17,665,102132
"grande",45,17,683,99742.47
"grande",46,17,672,102945.6
"grande",47,17,560,67848.91
"grande",48,17,598,90709.7
"grande",49,17,679,112552.8
"grande",50,17,672,108524
"grande",51,17,711,121056.7
"grande",52,17,663,108673.9
"grande",53,17,704,120709.2
"grande",54,17,644,106132.5
"grande",55,17,635,97246.41
"grande",56,17,618,104003.9
"grande",57,17,682,124054.7
"grande",58,17,645,94168.95
"grande",59,17,661,98558.33
"grande",60,17,564,89231.94
"grande",61,17,574,79996.78
"grande",62,17,664,100839.5
"grande",63,17,737,132774
"grande",64,17,658,110562.4
"grande",65,17,656,104836.6
"grande",66,17,704,124854.2
"grande",67,17,741,126307.9
"grande",68,17,726,130327.2
"grande",69,17,617,92772.08
"grande",70,17,702,122962.3
"grande",71,17,800,153836
"grande",72,17,646,86017.42
"grande",73,17,541,65474.09
"grande",74,17,663,103262.3
"grande",75,17,712,114184.8
"grande",76,17,654,111568.9
"grande",77,17,614,94730.16
"grande",78,17,642,92063.24
"grande",79,17,699,119916
"grande",80,17,711,118233.6
"grande",81,17,671,104329.5
"grande",82,17,677,102951.3
"grande",83,17,572,76907.41
"grande",84,17,641,102860.1
"grande",85,17,667,99423.31
"grande",86,17,659,108162.3
"grande",87,17,717,116262.4
"grande",88,17,775,128179.8
"grande",89,17,660,99158.9
"grande",90,17,532,78708.15
"grande",91,17,666,109684.8
"grande",92,17,638,99969.05
"grande",93,17,698,109523.8
"grande",94,17,686,107739.4
"grande",95,17,659,96980.45
"grande",96,17,702,121512.9
"grande",97,17,618,85706.92
"grande",98,17,672,106027.7
"grande",99,17,739,117229.4
"grande",100,17,797,131101.5
"grande",1,18,686,106301.7
"grande",2,18,754,118805.1
"grande",3,18,590,79545.14
"grande",4,18,663,107624.7
"grande",5,18,680,115693.8
"grande",6,18,669,109092.3
"grande",7,18,633,85193.4
"grande",8,18,698,119817.1
"grande",9,18,660,103684.8
"grande",10,18,670,100511.7
"grande",11,18,659,103791.6
"grande",12,18,587,83294.26
"grande",13,18,558,68690.29
"grande",14,18,576,82011.53
"grande",15,18,676,99691.44
"grande",16,18,640,102641.2
"grande",17,18,688,108655.2
"grande",18,18,660,104813.8
"grande",19,18,585,77161.97
"grande",20,18,668,94628.58
"grande",21,18,671,118068.7
"grande",22,18,653,96774.33
"grande",23,18,671,97514.42
"grande",24,18,538,88376.91
"grande",25,18,580,89614.48
"grande",26,18,629,88629.55
"grande",27,18,544,74419.84
"grande",28,18,665,110040.3
"grande",29,18,674,96238.78
"grande",30,18,648,103855
"grande",31,18,711,119007.9
"grande",32,18,582,78356.86
"grande",33,18,729,135704.1
"grande",34,18,758,143860.8
"grande",35,18,589,85384.3
"grande",36,18,738,126942.1
"grande",37,18,504,73600.3
"grande",38,18,666,92506.95
"grande",39,18,604,82810.8
"grande",40,18,537,81906.11
"grande",41,18,825,152091.8
"grande",42,18,669,107395.6
"grande",43,18,693,116093.2
"grande",44,18,725,117392.5
"grande",45,18,715,120916
"grande",46,18,718,123815.2
"grande",47,18,640,100313
"grande",48,18,627,91462.4
"grande",49,18,799,141166.3
"grande",50,18,663,114917.7
"grande",51,18,634,106829.2
"grande",52,18,699,101961.4
"grande",53,18,641,105095.8
"grande",54,18,696,124069.2
"grande",55,18,609,79327.39
"grande",56,18,680,107128.4
"grande",57,18,630,95726.96
"grande",58,18,614,89369.3
"grande",59,18,655,105714.6
"grande",60,18,580,87944.6
"grande",61,18,584,93592.74
"grande",62,18,695,105715
"grande",63,18,629,101414.1
"grande",64,18,552,74555.29
"grande",65,18,594,89357.17
"grande",66,18,716,120356
"grande",67,18,746,122313.2
"grande",68,18,626,105151.2
"grande",69,18,658,104098.5
"grande",70,18,585,96440.96
"grande",71,18,654,109332.1
"grande",72,18,647,102532.4
"grande",73,18,660,118460
"grande",74,18,653,93673.55
"grande",75,18,697,110991.9
"grande",76,18,689,121388.8
"grande",77,18,661,93253.11
"grande",78,18,707,118803.1
"grande",79,18,661,98643.47
"grande",80,18,643,109432.3
"grande",81,18,651,111255.6
"grande",82,18,574,85750.1
"grande",83,18,695,116948.9
"grande",84,18,611,89661.96
"grande",85,18,576,87490.23
"grande",86,18,671,112500.1
"grande",87,18,655,120176.7
"grande",88,18,700,117693.8
"grande",89,18,691,111614.3
"grande",90,18,595,86564.66
"grande",91,18,585,82249.62
"grande",92,18,713,125988.2
"grande",93,18,642,103746.8
"grande",94,18,564,75293.2
"grande",95,18,584,82115.64
"grande",96,18,805,139285.7
"grande",97,18,636,88245.28
"grande",98,18,587,91878.86
"grande",99,18,650,100936.8
"grande",100,18,611,95616.99
"grande",1,19,661,121623
"grande",2,19,699,105941.4
"grande",3,19,581,82843.33
"grande",4,19,621,100545.4
"grande",5,19,716,127194.9
"grande",6,19,649,107396.3
"grande",7,19,623,93823.16
"grande",8,19,665,116032.7
"grande",9,19,652,97964.18
"grande",10,19,617,101384
"grande",11,19,561,77619.74
"grande",12,19,672,104462.3
"grande",13,19,642,98686.53
"grande",14,19,662,109523.4
"grande",15,19,645,99102.49
"grande",16,19,650,106388.9
"grande",17,19,600,91000.31
"grande",18,19,681,116414.4
"grande",19,19,605,89543.28
"grande",20,19,558,77301.92
"grande",21,19,701,125568.7
"grande",22,19,641,96415.37
"grande",23,19,661,107753.3
"grande",24,19,664,106079
"grande",25,19,626,100289.5
"grande",26,19,594,84340.1
"grande",27,19,702,110702.5
"grande",28,19,629,94437.37
"grande",29,19,748,152081.4
"grande",30,19,646,112216.8
"grande",31,19,550,74950.55
"grande",32,19,640,116710.4
"grande",33,19,571,74352.92
"grande",34,19,624,90974.2
"grande",35,19,666,104313.2
"grande",36,19,708,118258.2
"grande",37,19,715,124280.7
"grande",38,19,641,98302.44
"grande",39,19,640,104350.1
"grande",40,19,658,106027.3
"grande",41,19,619,97923.06
"grande",42,19,728,138054.9
"grande",43,19,643,102531
"grande",44,19,630,95055
"grande",45,19,734,125092.9
"grande",46,19,571,81560.97
"grande",47,19,683,118653.7
"grande",48,19,683,105912.2
"grande",49,19,698,114768.5
"grande",50,19,598,90628.17
"grande",51,19,630,106406.3
"grande",52,19,672,107472
"grande",53,19,670,102781.7
"grande",54,19,553,76035.97
"grande",55,19,683,109367.5
"grande",56,19,656,108201.1
"grande",57,19,601,90415.84
"grande",58,19,594,84530.1
"grande",59,19,618,108373.6
"grande",60,19,827,167189.3
"grande",61,19,676,112572.8
"grande",62,19,601,90147.75
"grande",63,19,615,92589.04
"grande",64,19,647,96966.3
"grande",65,19,648,101765.5
"grande",66,19,628,93696.83
"grande",67,19,644,105748.8
"grande",68,19,620,91487.68
"grande",69,19,656,102169
"grande",70,19,664,110725
"grande",71,19,681,108523.1
"grande",72,19,634,102959.9
"grande",73,19,657,97620.33
"grande",74,19,641,108032.8
"grande",75,19,564,101303.2
"grande",76,19,711,114703.1
"grande",77,19,677,112675.3
"grande",78,19,634,100478.1
"grande",79,19,688,105324.5
"grande",80,19,713,113531.2
"grande",81,19,646,103974.3
"grande",82,19,692,113680
"grande",83,19,602,102794.4
"grande",84,19,704,121782.3
"grande",85,19,678,112947.3
"grande",86,19,717,116106.5
"grande",87,19,625,104538.3
"grande",88,19,679,111890.5
"grande",89,19,692,113910.4
"grande",90,19,592,95753.2
"grande",91,19,752,128872.2
"grande",92,19,584,80936.09
"grande",93,19,700,117561.8
"grande",94,19,617,94388.78
"grande",95,19,787,142601.6
"grande",96,19,598,97462.16
"grande",97,19,656,102320.6
"grande",98,19,578,96993.72
"grande",99,19,637,102671
"grande",100,19,629,103455.2
"grande",1,2,533,69476.24
"grande",2,2,661,106867.7
"grande",3,2,647,111307.5
"grande",4,2,685,113545.4
"grande",5,2,642,99780.15
"grande",6,2,637,91508.79
"grande",7,2,540,80238.06
"grande",8,2,616,86433.07
"grande",9,2,562,85719.76
"grande",10,2,581,76841.22
"grande",11,2,581,80938.95
"grande",12,2,705,117527.4
"grande",13,2,597,90379.62
"grande",14,2,714,121832.6
"grande",15,2,606,87548.74
"grande",16,2,648,97651.84
"grande",17,2,631,87838.81
"grande",18,2,615,95051.75
"grande",19,2,700,119209.1
"grande",20,2,640,107102.6
"grande",21,2,575,79633.44
"grande",22,2,608,85701.95
"grande",23,2,574,82735.73
"grande",24,2,821,153527.5
"grande",25,2,493,65322.92
"grande",26,2,612,94454.16
"grande",27,2,581,82373.79
"grande",28,2,574,88247.5
"grande",29,2,600,88822.89
"grande",30,2,625,91278.62
"grande",31,2,616,98345.71
"grande",32,2,584,80833.34
"grande",33,2,609,92034.18
"grande",34,2,628,95342.19
"grande",35,2,569,93987.35
"grande",36,2,682,111538.9
"grande",37,2,694,113220.2
"grande",38,2,668,110792.7
"grande",39,2,648,108241.1
"grande",40,2,624,93484.96
"grande",41,2,590,83863.56
"grande",42,2,620,94731.97
"grande",43,2,674,99642.47
"grande",44,2,654,109441.7
"grande",45,2,641,95154.71
"grande",46,2,719,116281.5
"grande",47,2,626,104042.9
"grande",48,2,615,91170.13
"grande",49,2,566,78987.31
"grande",50,2,620,87544.41
"grande",51,2,607,89531.88
"grande",52,2,592,88991.2
"grande",53,2,603,93995.2
"grande",54,2,579,74813.68
"grande",55,2,631,100721.7
"grande",56,2,631,104183.7
"grande",57,2,649,98666.48
"grande",58,2,638,96923.1
"grande",59,2,618,96730.16
"grande",60,2,648,111723.8
"grande",61,2,625,88573.46
"grande",62,2,613,96394.83
"grande",63,2,619,91329.9
"grande",64,2,652,108626.2
"grande",65,2,606,87589.25
"grande",66,2,760,127479.7
"grande",67,2,679,105866.2
"grande",68,2,611,90348.01
"grande",69,2,660,101288.9
"grande",70,2,638,101666.3
"grande",71,2,581,82510.14
"grande",72,2,573,81294.77
"grande",73,2,626,100303.3
"grande",74,2,600,82481.36
"grande",75,2,562,79200.94
"grande",76,2,674,114830.2
"grande",77,2,741,124305.1
"grande",78,2,625,85573.82
"grande",79,2,472,70015.82
"grande",80,2,582,88744.56
"grande",81,2,638,101052.2
"grande",82,2,657,106936.1
"grande",83,2,639,103340.2
"grande",84,2,788,131966
"grande",85,2,608,92300.98
"grande",86,2,641,93248.79
"grande",87,2,669,99440.25
"grande",88,2,669,109121.5
"grande",89,2,714,130693.4
"grande",90,2,623,98094.31
"grande",91,2,652,101175.5
"grande",92,2,670,116576.8
"grande",93,2,567,88189.47
"grande",94,2,608,83702.82
"grande",95,2,648,93128.15
"grande",96,2,559,83978.26
"grande",97,2,568,73670.87
"grande",98,2,604,88690.83
"grande",99,2,795,150703.5
"grande",100,2,629,98136.33
"grande",1,20,619,94362.55
"grande",2,20,747,131662.7
"grande",3,20,777,144102
"grande",4,20,712,130780.6
"grande",5,20,635,103969.2
"grande",6,20,694,105662.5
"grande",7,20,710,111371.5
"grande",8,20,618,97854.84
"grande",9,20,724,128752.9
"grande",10,20,711,126166.5
"grande",11,20,522,61927.06
"grande",12,20,704,113848.3
"grande",13,20,550,87614.36
"grande",14,20,781,144854.7
"grande",15,20,734,131599.8
"grande",16,20,699,107947.8
"grande",17,20,619,95027.28
"grande",18,20,738,117935.1
"grande",19,20,755,122544.1
"grande",20,20,660,99391.55
"grande",21,20,724,123279.4
"grande",22,20,614,94278.91
"grande",23,20,672,108061.3
"grande",24,20,725,134178
"grande",25,20,693,104154.8
"grande",26,20,664,115518.2
"grande",27,20,718,114851.6
"grande",28,20,715,119092.3
"grande",29,20,688,107838.8
"grande",30,20,613,89774.81
"grande",31,20,573,94554.34
"grande",32,20,634,92786.05
"grande",33,20,694,114453.6
"grande",34,20,620,87279.18
"grande",35,20,707,112129.4
"grande",36,20,661,105195.4
"grande",37,20,533,69234.86
"grande",38,20,733,130345.8
"grande",39,20,631,114121
"grande",40,20,604,88183.06
"grande",41,20,604,91356.23
"grande",42,20,807,157042.4
"grande",43,20,639,97687.5
"grande",44,20,594,82024.48
"grande",45,20,554,80016.18
"grande",46,20,616,93549.49
"grande",47,20,658,102793.2
"grande",48,20,600,95050.59
"grande",49,20,631,108082.9
"grande",50,20,707,121854.4
"grande",51,20,679,90588.78
"grande",52,20,767,139236.5
"grande",53,20,616,93909.33
"grande",54,20,726,117372.6
"grande",55,20,678,109059.1
"grande",56,20,553,80876.35
"grande",57,20,613,84969.95
"grande",58,20,673,114141.7
"grande",59,20,662,105260.4
"grande",60,20,629,93335.36
"grande",61,20,745,129414.7
"grande",62,20,652,91564.09
"grande",63,20,617,98443.35
"grande",64,20,722,125759.2
"grande",65,20,613,90995.56
"grande",66,20,671,107917.2
"grande",67,20,667,119247.6
"grande",68,20,635,123575.3
"grande",69,20,611,93630.42
"grande",70,20,634,96378.39
"grande",71,20,598,96798.92
"grande",72,20,623,96342.87
"grande",73,20,595,85563.87
"grande",74,20,624,112704.5
"grande",75,20,789,139046.4
"grande",76,20,661,104523.3
"grande",77,20,712,137145.4
"grande",78,20,666,95328.31
"grande",79,20,669,109279.1
"grande",80,20,762,143171.2
"grande",81,20,734,120725.3
"grande",82,20,667,99046.78
"grande",83,20,707,111607.6
"grande",84,20,599,91012.62
"grande",85,20,706,130067.6
"grande",86,20,686,127649.4
"grande",87,20,751,127077.1
"grande",88,20,738,123906
"grande",89,20,621,86984.34
"grande",90,20,595,74605.47
"grande",91,20,609,99850.36
"grande",92,20,599,82863.82
"grande",93,20,673,105208.9
"grande",94,20,688,119045.1
"grande",95,20,689,110176.9
"grande",96,20,724,121750.6
"grande",97,20,804,148491.4
"grande",98,20,688,107520.4
"grande",99,20,631,85252.5
"grande",100,20,667,112167.5
"grande",1,21,657,108920.2
"grande",2,21,594,88140.01
"grande",3,21,684,101955.3
"grande",4,21,698,111712.2
"grande",5,21,564,74534.01
"grande",6,21,671,104873.4
"grande",7,21,622,87716.94
"grande",8,21,631,106379.5
"grande",9,21,684,101964.5
"grande",10,21,606,98701.92
"grande",11,21,613,87454.24
"grande",12,21,605,84763.02
"grande",13,21,627,101573.6
"grande",14,21,696,115090.8
"grande",15,21,690,127747.5
"grande",16,21,741,131597.8
"grande",17,21,698,113998.6
"grande",18,21,653,112735
"grande",19,21,669,108441.3
"grande",20,21,604,91406.87
"grande",21,21,717,115409.1
"grande",22,21,718,112442.5
"grande",23,21,615,91636.57
"grande",24,21,660,110148.7
"grande",25,21,618,96271.35
"grande",26,21,639,96286.34
"grande",27,21,634,97157.39
"grande",28,21,676,124276.6
"grande",29,21,634,94874.35
"grande",30,21,565,83506.58
"grande",31,21,618,97118.83
"grande",32,21,576,77269.88
"grande",33,21,580,88727.46
"grande",34,21,705,116666.5
"grande",35,21,720,136699.1
"grande",36,21,729,127394.2
"grande",37,21,725,120991.4
"grande",38,21,659,103633.1
"grande",39,21,621,90905.98
"grande",40,21,650,107479.2
"grande",41,21,561,77928.06
"grande",42,21,590,86563.92
"grande",43,21,665,112692.7
"grande",44,21,739,131728.9
"grande",45,21,718,109755
"grande",46,21,672,102560.8
"grande",47,21,741,154692.9
"grande",48,21,687,111476.4
"grande",49,21,553,76640.04
"grande",50,21,629,102626.5
"grande",51,21,667,104024.7
"grande",52,21,797,143642.3
"grande",53,21,535,79724.95
"grande",54,21,635,114928
"grande",55,21,625,106845.3
"grande",56,21,676,119567.7
"grande",57,21,684,111072.4
"grande",58,21,802,155717.1
"grande",59,21,648,101457
"grande",60,21,693,124359.1
"grande",61,21,630,96066.05
"grande",62,21,691,120791.9
"grande",63,21,664,95169.91
"grande",64,21,543,69868.12
"grande",65,21,618,95723.97
"grande",66,21,618,91372.78
"grande",67,21,651,107041.4
"grande",68,21,593,87914.18
"grande",69,21,644,99771.93
"grande",70,21,649,111491.9
"grande",71,21,650,106424.2
"grande",72,21,597,85490.71
"grande",73,21,651,116568.4
"grande",74,21,745,133093.5
"grande",75,21,626,97444.1
"grande",76,21,708,119014.5
"grande",77,21,621,100521.4
"grande",78,21,616,102844.7
"grande",79,21,609,86199.41
"grande",80,21,587,85234.58
"grande",81,21,623,95146.3
"grande",82,21,667,95941.37
"grande",83,21,726,113051.9
"grande",84,21,709,126055.3
"grande",85,21,748,133538.6
"grande",86,21,692,114343.9
"grande",87,21,611,105084.5
"grande",88,21,607,94097.94
"grande",89,21,641,98537.55
"grande",90,21,667,116816
"grande",91,21,646,115470
"grande",92,21,647,114537.7
"grande",93,21,615,89668.09
"grande",94,21,671,105256.9
"grande",95,21,684,112278.2
"grande",96,21,622,101013.1
"grande",97,21,682,120967
"grande",98,21,690,131908.1
"grande",99,21,711,125425.9
"grande",100,21,649,115913.8
"grande",1,22,703,128503
"grande",2,22,686,112458.2
"grande",3,22,650,104828.8
"grande",4,22,658,105666.7
"grande",5,22,542,67840.97
"grande",6,22,642,98117.42
"grande",7,22,596,87453.32
"grande",8,22,539,78306.24
"grande",9,22,692,111997.6
"grande",10,22,545,74767.25
"grande",11,22,658,105439.3
"grande",12,22,638,98905.29
"grande",13,22,672,102149.1
"grande",14,22,736,128522.9
"grande",15,22,664,116663.7
"grande",16,22,695,119070.9
"grande",17,22,728,132869.8
"grande",18,22,743,133271.3
"grande",19,22,662,99244.64
"grande",20,22,698,104340.1
"grande",21,22,776,142621.3
"grande",22,22,751,134438.5
"grande",23,22,716,119691.9
"grande",24,22,781,138535.7
"grande",25,22,578,83522.21
"grande",26,22,674,101161.8
"grande",27,22,651,104456.2
"grande",28,22,700,126777.3
"grande",29,22,655,121817.7
"grande",30,22,709,116492.7
"grande",31,22,702,118772
"grande",32,22,747,120399.4
"grande",33,22,688,115492.5
"grande",34,22,628,91155.61
"grande",35,22,769,139420.8
"grande",36,22,612,88762.05
"grande",37,22,656,96453.16
"grande",38,22,564,89978.23
"grande",39,22,650,90743.59
"grande",40,22,744,128514.5
"grande",41,22,681,101500.6
"grande",42,22,638,98703.15
"grande",43,22,654,90967.36
"grande",44,22,584,82556.88
"grande",45,22,662,112745.1
"grande",46,22,708,115902.2
"grande",47,22,703,117970.5
"grande",48,22,757,127396.2
"grande",49,22,597,96528.28
"grande",50,22,675,110252.5
"grande",51,22,808,171836.2
"grande",52,22,721,110882.3
"grande",53,22,689,113850.9
"grande",54,22,648,107400.6
"grande",55,22,574,85255.23
"grande",56,22,709,115957.7
"grande",57,22,742,131601.8
"grande",58,22,688,113042.7
"grande",59,22,553,92061.74
"grande",60,22,641,88965.47
"grande",61,22,676,112032.2
"grande",62,22,670,101975.9
"grande",63,22,648,106606
"grande",64,22,693,105554.5
"grande",65,22,702,129033.6
"grande",66,22,668,96478.29
"grande",67,22,673,107558.8
"grande",68,22,563,87193.35
"grande",69,22,647,111590.8
"grande",70,22,607,90083.36
"grande",71,22,673,101634.8
"grande",72,22,767,146835.2
"grande",73,22,564,76357.36
"grande",74,22,658,98482.56
"grande",75,22,695,99479.39
"grande",76,22,563,79448.61
"grande",77,22,585,84341.28
"grande",78,22,712,120640.6
"grande",79,22,591,94094.77
"grande",80,22,658,112779.6
"grande",81,22,695,126566.4
"grande",82,22,654,99020.64
"grande",83,22,739,136484.3
"grande",84,22,624,102441.8
"grande",85,22,631,105298.6
"grande",86,22,738,128332.1
"grande",87,22,622,88886.94
"grande",88,22,579,84505.38
"grande",89,22,566,88832.33
"grande",90,22,643,96549.82
"grande",91,22,663,104738.6
"grande",92,22,672,92338.72
"grande",93,22,520,63628.89
"grande",94,22,595,81913.07
"grande",95,22,707,127343.5
"grande",96,22,655,92338.56
"grande",97,22,694,113990.1
"grande",98,22,657,98499.56
"grande",99,22,736,106545.1
"grande",100,22,631,99080.3
"grande",1,23,683,117045.3
"grande",2,23,704,130670.7
"grande",3,23,553,81706.45
"grande",4,23,662,118341.1
"grande",5,23,643,101766.6
"grande",6,23,579,70451.99
"grande",7,23,815,147055.2
"grande",8,23,738,129186.4
"grande",9,23,750,121484
"grande",10,23,731,133550.1
"grande",11,23,689,101639.9
"grande",12,23,572,82839.45
"grande",13,23,629,101851.7
"grande",14,23,641,112251.9
"grande",15,23,552,75316.34
"grande",16,23,625,106098.1
"grande",17,23,655,101600.9
"grande",18,23,666,101823.2
"grande",19,23,612,89061.33
"grande",20,23,615,87480.02
"grande",21,23,604,96157.67
"grande",22,23,688,118545.9
"grande",23,23,631,95025.11
"grande",24,23,627,97036.11
"grande",25,23,602,86700.56
"grande",26,23,659,108037.1
"grande",27,23,717,117437.3
"grande",28,23,672,101902.8
"grande",29,23,664,114901.9
"grande",30,23,564,82400.89
"grande",31,23,778,134745.3
"grande",32,23,640,116790.3
"grande",33,23,629,92009.74
"grande",34,23,594,94074.71
"grande",35,23,626,99171
"grande",36,23,661,104407.4
"grande",37,23,647,104460.6
"grande",38,23,608,95702.31
"grande",39,23,728,124579.1
"grande",40,23,703,126491.6
"grande",41,23,659,109910.7
"grande",42,23,634,104537.4
"grande",43,23,584,72396.62
"grande",44,23,619,96790.22
"grande",45,23,693,123099.2
"grande",46,23,652,98057.96
"grande",47,23,672,112054.5
"grande",48,23,549,81178.82
"grande",49,23,626,102900.3
"grande",50,23,675,116235.3
"grande",51,23,716,135967.6
"grande",52,23,642,117196.5
"grande",53,23,687,109147.2
"grande",54,23,646,106051.7
"grande",55,23,555,91034.31
"grande",56,23,602,93879.5
"grande",57,23,714,124581.9
"grande",58,23,667,104578.2
"grande",59,23,532,68934.89
"grande",60,23,653,98207.97
"grande",61,23,606,106754.3
"grande",62,23,568,78256.57
"grande",63,23,615,106926.6
"grande",64,23,615,104122.6
"grande",65,23,640,95984.22
"grande",66,23,663,120586.8
"grande",67,23,574,86625.45
"grande",68,23,611,95229.56
"grande",69,23,651,104405.3
"grande",70,23,654,88314.16
"grande",71,23,671,107787.3
"grande",72,23,662,96070.28
"grande",73,23,654,107129.9
"grande",74,23,758,137039.6
"grande",75,23,627,98894.39
"grande",76,23,652,101012.1
"grande",77,23,678,111596.3
"grande",78,23,597,87684.18
"grande",79,23,594,96120.53
"grande",80,23,638,94215.83
"grande",81,23,591,84716.04
"grande",82,23,519,78478.67
"grande",83,23,653,100941.2
"grande",84,23,637,100466.5
"grande",85,23,578,80025.9
"grande",86,23,766,130349.3
"grande",87,23,655,117438.7
"grande",88,23,543,76827.12
"grande",89,23,782,150426.4
"grande",90,23,590,90534.43
"grande",91,23,589,90218.43
"grande",92,23,523,77204.96
"grande",93,23,728,118875.2
"grande",94,23,635,109861.4
"grande",95,23,570,81491.85
"grande",96,23,632,99566.82
"grande",97,23,639,91649.59
"grande",98,23,640,91410.64
"grande",99,23,606,96766.09
"grande",100,23,688,106475.2
"grande",1,24,782,145574.7
"grande",2,24,611,85669.67
"grande",3,24,687,115732.8
"grande",4,24,685,113004.2
"grande",5,24,605,90301.07
"grande",6,24,622,97235.83
"grande",7,24,797,163679.5
"grande",8,24,668,97011.65
"grande",9,24,638,96667.82
"grande",10,24,631,101030.5
"grande",11,24,671,118223.1
"grande",12,24,560,69722.15
"grande",13,24,673,108777.6
"grande",14,24,765,147065.8
"grande",15,24,635,112209.8
"grande",16,24,693,116575.6
"grande",17,24,638,99322.9
"grande",18,24,692,124144.3
"grande",19,24,637,94862.18
"grande",20,24,640,97541.52
"grande",21,24,600,81828.48
"grande",22,24,641,97062.86
"grande",23,24,699,130453.7
"grande",24,24,557,78121.51
"grande",25,24,709,133987
"grande",26,24,731,121670.8
"grande",27,24,618,93953.26
"grande",28,24,684,127589.6
"grande",29,24,759,134281.6
"grande",30,24,679,111672
"grande",31,24,619,92184.25
"grande",32,24,640,104524.8
"grande",33,24,724,131078.9
"grande",34,24,630,106162.7
"grande",35,24,591,84708.64
"grande",36,24,625,91042.22
"grande",37,24,662,114960.7
"grande",38,24,679,108866.6
"grande",39,24,551,81126.43
"grande",40,24,637,92089.32
"grande",41,24,628,87551.28
"grande",42,24,666,112252.8
"grande",43,24,598,81258.97
"grande",44,24,657,93007.25
"grande",45,24,653,100923.3
"grande",46,24,634,107413
"grande",47,24,672,111778.1
"grande",48,24,594,86747.4
"grande",49,24,664,115801
"grande",50,24,707,129911.1
"grande",51,24,588,77179.03
"grande",52,24,624,103890.5
"grande",53,24,680,133429
"grande",54,24,610,85930.42
"grande",55,24,690,120233.8
"grande",56,24,668,118709.4
"grande",57,24,642,97798.38
"grande",58,24,662,115691.1
"grande",59,24,715,124714.9
"grande",60,24,759,140667.8
"grande",61,24,655,106433
"grande",62,24,622,100865.4
"grande",63,24,592,89610.1
"grande",64,24,634,99754.26
"grande",65,24,747,124635.8
"grande",66,24,733,140217.7
"grande",67,24,645,101725
"grande",68,24,590,85288.96
"grande",69,24,660,106700.4
"grande",70,24,569,73272.42
"grande",71,24,635,98929.14
"grande",72,24,669,104065.6
"grande",73,24,677,100726.9
"grande",74,24,620,103995.1
"grande",75,24,694,123169
"grande",76,24,586,87759.77
"grande",77,24,588,98006.19
"grande",78,24,717,126305.4
"grande",79,24,651,103913.1
"grande",80,24,666,120797.3
"grande",81,24,611,79967.24
"grande",82,24,626,94214.27
"grande",83,24,619,100985.3
"grande",84,24,650,90726.58
"grande",85,24,583,82959.31
"grande",86,24,662,116981.8
"grande",87,24,582,79635.87
"grande",88,24,684,109458.8
"grande",89,24,687,121314.1
"grande",90,24,695,116331.1
"grande",91,24,671,117058.2
"grande",92,24,622,97373.78
"grande",93,24,655,100843.9
"grande",94,24,613,90962.15
"grande",95,24,693,116779.4
"grande",96,24,615,87292.13
"grande",97,24,648,100144.9
"grande",98,24,700,128138.7
"grande",99,24,716,142365.2
"grande",100,24,686,120052.4
"grande",1,25,622,98450.63
"grande",2,25,688,110790.8
"grande",3,25,614,82241.23
"grande",4,25,695,121247.9
"grande",5,25,650,98087.95
"grande",6,25,690,110259.2
"grande",7,25,693,119872
"grande",8,25,665,104200.5
"grande",9,25,556,76896.48
"grande",10,25,686,113242.2
"grande",11,25,637,100852
"grande",12,25,780,126841.6
"grande",13,25,682,107764.3
"grande",14,25,638,91804.57
"grande",15,25,806,139898.5
"grande",16,25,606,99916.81
"grande",17,25,640,99918.8
"grande",18,25,674,111415.2
"grande",19,25,780,135854.7
"grande",20,25,526,73138.58
"grande",21,25,654,96230.8
"grande",22,25,728,119911.2
"grande",23,25,811,152255.7
"grande",24,25,730,136637.7
"grande",25,25,597,80057.72
"grande",26,25,731,123750.9
"grande",27,25,519,60572.88
"grande",28,25,665,92165.43
"grande",29,25,637,105818.3
"grande",30,25,657,115268.5
"grande",31,25,603,85767.85
"grande",32,25,601,84793.21
"grande",33,25,674,106981.6
"grande",34,25,582,85709.61
"grande",35,25,644,106274.3
"grande",36,25,643,113968.3
"grande",37,25,627,89894.56
"grande",38,25,682,115014.2
"grande",39,25,624,99207.78
"grande",40,25,722,118252.2
"grande",41,25,620,92903.87
"grande",42,25,683,105154.6
"grande",43,25,709,109244.6
"grande",44,25,652,102860.6
"grande",45,25,608,102075.1
"grande",46,25,729,117940.9
"grande",47,25,769,141887.2
"grande",48,25,706,117798.1
"grande",49,25,640,101468.9
"grande",50,25,638,98897.76
"grande",51,25,616,91508.3
"grande",52,25,692,117432.4
"grande",53,25,636,96839.45
"grande",54,25,707,126185.9
"grande",55,25,656,116182.6
"grande",56,25,628,87033.03
"grande",57,25,677,105532.7
"grande",58,25,634,94391.87
"grande",59,25,702,110116.1
"grande",60,25,656,108260.6
"grande",61,25,663,105839.6
"grande",62,25,730,130290.1
"grande",63,25,662,124833.2
"grande",64,25,690,115870.5
"grande",65,25,622,91324.71
"grande",66,25,583,83699.46
"grande",67,25,549,69429.11
"grande",68,25,684,104199.4
"grande",69,25,786,131399
"grande",70,25,677,100828.2
"grande",71,25,665,122038.5
"grande",72,25,578,79152.72
"grande",73,25,596,85910.63
"grande",74,25,638,85800.38
"grande",75,25,653,99754.39
"grande",76,25,666,111835.2
"grande",77,25,588,80931.71
"grande",78,25,675,97371.7
"grande",79,25,795,144490.5
"grande",80,25,691,119354.2
"grande",81,25,692,119615
"grande",82,25,643,105314.7
"grande",83,25,515,78333.32
"grande",84,25,650,110576.6
"grande",85,25,767,149627.7
"grande",86,25,567,78852.66
"grande",87,25,638,95535.65
"grande",88,25,631,103490.8
"grande",89,25,709,122640.7
"grande",90,25,668,100177.2
"grande",91,25,643,102414
"grande",92,25,616,101937.7
"grande",93,25,641,109646.5
"grande",94,25,607,92713.44
"grande",95,25,675,112782.8
"grande",96,25,565,75635.78
"grande",97,25,714,135314.7
"grande",98,25,694,107328
"grande",99,25,681,102799
"grande",100,25,697,116241.3
"grande",1,26,674,109678
"grande",2,26,602,82047.45
"grande",3,26,641,109557.7
"grande",4,26,691,115458.3
"grande",5,26,509,68890.7
"grande",6,26,546,72988.67
"grande",7,26,596,92118.85
"grande",8,26,587,88486.67
"grande",9,26,731,126037.6
"grande",10,26,581,79055.48
"grande",11,26,687,108211.5
"grande",12,26,548,67960.2
"grande",13,26,590,81001.64
"grande",14,26,669,107779.3
"grande",15,26,598,89356.13
"grande",16,26,666,102562.8
"grande",17,26,577,86268.53
"grande",18,26,769,133694.2
"grande",19,26,625,98859.7
"grande",20,26,610,85137.98
"grande",21,26,750,122328.6
"grande",22,26,702,123218.7
"grande",23,26,634,97662.82
"grande",24,26,589,86434.4
"grande",25,26,560,91768.03
"grande",26,26,584,93755.62
"grande",27,26,634,98182.43
"grande",28,26,682,118434.3
"grande",29,26,646,94518.76
"grande",30,26,697,109349.4
"grande",31,26,669,117816.3
"grande",32,26,682,119452.8
"grande",33,26,720,119399.4
"grande",34,26,680,106840.1
"grande",35,26,580,86770.71
"grande",36,26,560,73030.98
"grande",37,26,636,100854.6
"grande",38,26,665,101712.9
"grande",39,26,668,109589.2
"grande",40,26,625,99909.26
"grande",41,26,587,77692.72
"grande",42,26,643,102557.8
"grande",43,26,649,99053.89
"grande",44,26,665,115204.6
"grande",45,26,671,111735.9
"grande",46,26,584,85136.06
"grande",47,26,687,113972.2
"grande",48,26,549,73164.21
"grande",49,26,594,88615.89
"grande",50,26,664,107171.2
"grande",51,26,658,115761.1
"grande",52,26,598,78341.62
"grande",53,26,658,104480.4
"grande",54,26,564,96319.02
"grande",55,26,696,112384.1
"grande",56,26,664,103236.6
"grande",57,26,646,92029.9
"grande",58,26,593,84511.17
"grande",59,26,598,89288.38
"grande",60,26,711,112785
"grande",61,26,607,93318.51
"grande",62,26,607,77847.37
"grande",63,26,819,147660.8
"grande",64,26,626,93903.31
"grande",65,26,677,118052
"grande",66,26,571,87664.2
"grande",67,26,584,93458.27
"grande",68,26,709,118354.1
"grande",69,26,637,101481.4
"grande",70,26,619,96878.15
"grande",71,26,508,71027.01
"grande",72,26,644,108824.7
"grande",73,26,695,109080.4
"grande",74,26,744,125460.5
"grande",75,26,656,108271.3
"grande",76,26,739,123718
"grande",77,26,542,78091.6
"grande",78,26,637,98784.76
"grande",79,26,604,93065.1
"grande",80,26,538,70098.13
"grande",81,26,657,110317.7
"grande",82,26,642,97728.71
"grande",83,26,630,108036.2
"grande",84,26,639,93585.05
"grande",85,26,706,116501
"grande",86,26,612,92599.39
"grande",87,26,749,126467.1
"grande",88,26,672,118335.5
"grande",89,26,654,99435.85
"grande",90,26,641,102017.4
"grande",91,26,742,127611.4
"grande",92,26,624,97248.3
"grande",93,26,678,106393.9
"grande",94,26,703,107581.5
"grande",95,26,605,88709.05
"grande",96,26,663,108603.9
"grande",97,26,698,113843.9
"grande",98,26,626,95664.49
"grande",99,26,603,88483.01
"grande",100,26,656,114385.9
"grande",1,27,701,119501
"grande",2,27,601,86670.21
"grande",3,27,671,109373.7
"grande",4,27,624,103663.9
"grande",5,27,673,113501.4
"grande",6,27,817,171399.9
"grande",7,27,647,100566.1
"grande",8,27,640,94629.08
"grande",9,27,647,96251.95
"grande",10,27,698,118239.8
"grande",11,27,674,99112.22
"grande",12,27,651,102776.5
"grande",13,27,627,88284.27
"grande",14,27,675,111903.4
"grande",15,27,615,98159.29
"grande",16,27,604,93178.47
"grande",17,27,706,115315.5
"grande",18,27,782,149434.7
"grande",19,27,586,87169.98
"grande",20,27,576,91048.73
"grande",21,27,699,112073.1
"grande",22,27,681,115962.8
"grande",23,27,673,107406.8
"grande",24,27,667,99647.25
"grande",25,27,644,101478.9
"grande",26,27,634,106509.2
"grande",27,27,639,92838.48
"grande",28,27,610,100091.9
"grande",29,27,619,106546.7
"grande",30,27,659,113509.3
"grande",31,27,670,93690.91
"grande",32,27,804,148466.1
"grande",33,27,578,95282.77
"grande",34,27,693,111711.1
"grande",35,27,629,91569.6
"grande",36,27,779,146516.8
"grande",37,27,566,78504.07
"grande",38,27,522,73874.77
"grande",39,27,630,105026.2
"grande",40,27,756,129408.2
"grande",41,27,526,72136.82
"grande",42,27,624,95870.31
"grande",43,27,700,97672.09
"grande",44,27,679,104247.8
"grande",45,27,731,130617.3
"grande",46,27,674,122894.6
"grande",47,27,597,89150.47
"grande",48,27,587,87608.37
"grande",49,27,611,90146.11
"grande",50,27,582,92448.33
"grande",51,27,656,107272.9
"grande",52,27,541,77618.71
"grande",53,27,497,76882.34
"grande",54,27,656,99636.23
"grande",55,27,569,95087.32
"grande",56,27,647,107903.2
"grande",57,27,638,100549.9
"grande",58,27,731,114861.9
"grande",59,27,570,101858
"grande",60,27,848,161402.5
"grande",61,27,738,117904.2
"grande",62,27,649,121355.9
"grande",63,27,572,76476.8
"grande",64,27,781,139907
"grande",65,27,670,106826.5
"grande",66,27,599,81775.03
"grande",67,27,670,110262.1
"grande",68,27,768,139520.7
"grande",69,27,715,110456.4
"grande",70,27,786,137631.7
"grande",71,27,666,120492.7
"grande",72,27,827,153771.6
"grande",73,27,702,104944.8
"grande",74,27,668,108253.9
"grande",75,27,708,118617.4
"grande",76,27,666,96492.1
"grande",77,27,635,100845.4
"grande",78,27,730,127148
"grande",79,27,629,98835.34
"grande",80,27,515,75520.61
"grande",81,27,757,139005.2
"grande",82,27,642,97212.71
"grande",83,27,660,119590.2
"grande",84,27,637,93839.4
"grande",85,27,659,114001.5
"grande",86,27,652,100988.3
"grande",87,27,772,138219.6
"grande",88,27,732,123556.2
"grande",89,27,645,99972.15
"grande",90,27,618,83926.28
"grande",91,27,671,108656
"grande",92,27,608,99130.74
"grande",93,27,717,118603.1
"grande",94,27,681,123560.1
"grande",95,27,633,90648.79
"grande",96,27,654,98056.07
"grande",97,27,654,110415
"grande",98,27,675,103496.3
"grande",99,27,654,109795.3
"grande",100,27,674,114113.9
"grande",1,28,688,123132.2
"grande",2,28,790,154635.3
"grande",3,28,595,87040.64
"grande",4,28,707,112272.6
"grande",5,28,716,119164.2
"grande",6,28,676,109084.9
"grande",7,28,565,76971.37
"grande",8,28,678,105529.1
"grande",9,28,751,141829.4
"grande",10,28,646,112530.3
"grande",11,28,608,97669.06
"grande",12,28,678,121907.3
"grande",13,28,545,88462.26
"grande",14,28,686,114065.4
"grande",15,28,580,87291.22
"grande",16,28,654,110251
"grande",17,28,646,107626.3
"grande",18,28,577,77262.58
"grande",19,28,722,124489.4
"grande",20,28,710,110170
"grande",21,28,637,109682.4
"grande",22,28,637,105674.6
"grande",23,28,587,87529.24
"grande",24,28,691,123599
"grande",25,28,740,135609.1
"grande",26,28,605,89068.81
"grande",27,28,676,102968.2
"grande",28,28,562,85060.11
"grande",29,28,801,148874.9
"grande",30,28,629,100105.2
"grande",31,28,574,89183.02
"grande",32,28,621,98156.74
"grande",33,28,657,110541.3
"grande",34,28,676,115769.5
"grande",35,28,619,94706.01
"grande",36,28,596,99312.85
"grande",37,28,598,81296.22
"grande",38,28,641,109157.7
"grande",39,28,670,104492.4
"grande",40,28,820,142719.3
"grande",41,28,674,105925.6
"grande",42,28,698,111119.6
"grande",43,28,614,99292.2
"grande",44,28,636,112294.6
"grande",45,28,651,101038.4
"grande",46,28,673,109230.9
"grande",47,28,662,112940.8
"grande",48,28,606,91021.29
"grande",49,28,548,76264.19
"grande",50,28,606,87435.05
"grande",51,28,582,83824.8
"grande",52,28,669,116073.9
"grande",53,28,585,88771.77
"grande",54,28,555,71645.44
"grande",55,28,734,128196.6
"grande",56,28,613,96879.13
"grande",57,28,581,87268.36
"grande",58,28,661,104766.3
"grande",59,28,610,95701.66
"grande",60,28,597,92710.93
"grande",61,28,637,98126.28
"grande",62,28,794,139943.3
"grande",63,28,676,116114.1
"grande",64,28,571,74214.51
"grande",65,28,672,116947.7
"grande",66,28,671,111478.9
"grande",67,28,698,115550.1
"grande",68,28,597,94243.54
"grande",69,28,540,79277.83
"grande",70,28,607,90415.01
"grande",71,28,635,89408.09
"grande",72,28,788,143155
"grande",73,28,697,112450.8
"grande",74,28,674,115659.7
"grande",75,28,712,117530.4
"grande",76,28,640,89092.24
"grande",77,28,616,87382.5
"grande",78,28,587,97754.7
"grande",79,28,680,133456
"grande",80,28,650,103002.2
"grande",81,28,647,105236.8
"grande",82,28,734,130597.9
"grande",83,28,817,162788.5
"grande",84,28,713,128907.8
"grande",85,28,735,145340.5
"grande",86,28,662,96353.96
"grande",87,28,690,111431.5
"grande",88,28,645,112577.7
"grande",89,28,665,114780.5
"grande",90,28,653,106237.9
"grande",91,28,654,95553.93
"grande",92,28,637,118359.5
"grande",93,28,810,153875.7
"grande",94,28,635,111644.1
"grande",95,28,687,106916.2
"grande",96,28,651,98563.61
"grande",97,28,706,112753.6
"grande",98,28,621,97974.15
"grande",99,28,605,91815.81
"grande",100,28,635,102631.7
"grande",1,29,716,113991.1
"grande",2,29,602,85656.53
"grande",3,29,657,100843.4
"grande",4,29,575,93510.88
"grande",5,29,650,106430.8
"grande",6,29,595,84670.64
"grande",7,29,615,97938.49
"grande",8,29,689,122202.5
"grande",9,29,706,129073.7
"grande",10,29,744,145191.7
"grande",11,29,802,143768.5
"grande",12,29,663,105869.2
"grande",13,29,666,116378.9
"grande",14,29,697,119091.5
"grande",15,29,620,97250.77
"grande",16,29,732,105011.7
"grande",17,29,777,134643.1
"grande",18,29,697,108911.9
"grande",19,29,705,122198.8
"grande",20,29,621,94473.23
"grande",21,29,641,104795.9
"grande",22,29,634,98679.78
"grande",23,29,571,85963.43
"grande",24,29,709,109824
"grande",25,29,710,126136
"grande",26,29,646,91687.01
"grande",27,29,641,94331.23
"grande",28,29,780,144811.8
"grande",29,29,588,86676.06
"grande",30,29,732,126315.3
"grande",31,29,593,81220.66
"grande",32,29,640,102646.9
"grande",33,29,788,142181.3
"grande",34,29,605,97011.54
"grande",35,29,652,111434.6
"grande",36,29,681,118582.9
"grande",37,29,658,117398.5
"grande",38,29,601,98782.09
"grande",39,29,662,106493.2
"grande",40,29,712,122532.1
"grande",41,29,595,85407.16
"grande",42,29,597,95541.06
"grande",43,29,630,93435.36
"grande",44,29,624,97742.97
"grande",45,29,600,77537.33
"grande",46,29,488,67852.14
"grande",47,29,615,97551.95
"grande",48,29,824,161379.6
"grande",49,29,634,97800.88
"grande",50,29,620,101449.6
"grande",51,29,711,117854.2
"grande",52,29,623,104525.2
"grande",53,29,602,90156.96
"grande",54,29,566,85046.25
"grande",55,29,592,85389.09
"grande",56,29,704,118131
"grande",57,29,546,68115.94
"grande",58,29,626,89090.44
"grande",59,29,632,92171.59
"grande",60,29,584,84600.49
"grande",61,29,547,76968.13
"grande",62,29,614,94533.72
"grande",63,29,608,98134.9
"grande",64,29,612,94870.49
"grande",65,29,677,104149.3
"grande",66,29,672,99268.82
"grande",67,29,636,101946.9
"grande",68,29,589,92787.71
"grande",69,29,682,98126.43
"grande",70,29,723,122683.5
"grande",71,29,594,101126
"grande",72,29,569,83601.92
"grande",73,29,684,122282.8
"grande",74,29,618,95581.1
"grande",75,29,609,88050.85
"grande",76,29,535,78029.95
"grande",77,29,624,92510.75
"grande",78,29,797,142719.1
"grande",79,29,606,97682.42
"grande",80,29,815,153983.6
"grande",81,29,632,111435.6
"grande",82,29,722,121388.2
"grande",83,29,630,97917.1
"grande",84,29,795,138424
"grande",85,29,683,118056.1
"grande",86,29,645,109548.5
"grande",87,29,657,105222.4
"grande",88,29,589,84813.78
"grande",89,29,703,115444.2
"grande",90,29,588,90510.33
"grande",91,29,590,89384.93
"grande",92,29,726,127756
"grande",93,29,611,96202.66
"grande",94,29,611,86306.44
"grande",95,29,694,118439.4
"grande",96,29,656,101786.7
"grande",97,29,739,135890.7
"grande",98,29,618,98878.7
"grande",99,29,765,132668.5
"grande",100,29,668,103327.1
"grande",1,3,723,123499.5
"grande",2,3,694,106923.3
"grande",3,3,617,93155.69
"grande",4,3,598,87774.15
"grande",5,3,718,130810.4
"grande",6,3,633,103097.3
"grande",7,3,697,112543.7
"grande",8,3,624,100080.5
"grande",9,3,619,83820.12
"grande",10,3,676,113408.1
"grande",11,3,650,108935.5
"grande",12,3,530,76828.73
"grande",13,3,525,66386.74
"grande",14,3,564,73900.23
"grande",15,3,608,81938.48
"grande",16,3,644,98935.04
"grande",17,3,573,94505.25
"grande",18,3,736,137392.1
"grande",19,3,626,90950.06
"grande",20,3,633,99294
"grande",21,3,663,99521.23
"grande",22,3,651,108120.3
"grande",23,3,731,120088.6
"grande",24,3,622,99595.66
"grande",25,3,659,97372.83
"grande",26,3,654,112992.4
"grande",27,3,590,95597.1
"grande",28,3,666,114133
"grande",29,3,776,134437.1
"grande",30,3,587,85286.46
"grande",31,3,679,115667.5
"grande",32,3,687,119453.2
"grande",33,3,611,105313.8
"grande",34,3,626,108298.8
"grande",35,3,640,99578
"grande",36,3,656,104251.1
"grande",37,3,842,171421.8
"grande",38,3,678,109948.5
"grande",39,3,705,111438.4
"grande",40,3,659,113733.3
"grande",41,3,632,92872.67
"grande",42,3,769,140398.6
"grande",43,3,524,60813.17
"grande",44,3,613,93135.43
"grande",45,3,816,157928.8
"grande",46,3,635,98403.62
"grande",47,3,713,107405.6
"grande",48,3,617,89124.22
"grande",49,3,692,111962.2
"grande",50,3,555,80284.91
"grande",51,3,610,93108.64
"grande",52,3,608,84997.5
"grande",53,3,671,112117.9
"grande",54,3,710,120959.7
"grande",55,3,803,145227.2
"grande",56,3,597,93905.16
"grande",57,3,743,125994.8
"grande",58,3,567,90134.94
"grande",59,3,578,86894.04
"grande",60,3,620,93397.52
"grande",61,3,613,85985.39
"grande",62,3,711,118445.8
"grande",63,3,597,85404.63
"grande",64,3,670,106246.6
"grande",65,3,624,80320.13
"grande",66,3,630,91252.54
"grande",67,3,678,107036.8
"grande",68,3,650,104379.4
"grande",69,3,670,111382.9
"grande",70,3,576,97405.14
"grande",71,3,696,116869.6
"grande",72,3,683,103683.9
"grande",73,3,591,95893.02
"grande",74,3,729,127923.3
"grande",75,3,533,74530.73
"grande",76,3,594,92679.27
"grande",77,3,542,67755.93
"grande",78,3,710,118774.1
"grande",79,3,629,92351
"grande",80,3,720,119344.7
"grande",81,3,651,104620.1
"grande",82,3,645,94097.26
"grande",83,3,640,106910.3
"grande",84,3,689,107293.3
"grande",85,3,683,118783.3
"grande",86,3,779,156108
"grande",87,3,554,82808.47
"grande",88,3,636,100885.1
"grande",89,3,642,94725.9
"grande",90,3,743,135667.3
"grande",91,3,736,116965.4
"grande",92,3,743,121855.1
"grande",93,3,595,85216.36
"grande",94,3,736,137248.6
"grande",95,3,617,93205.95
"grande",96,3,749,137789.3
"grande",97,3,650,99303.14
"grande",98,3,710,129011.9
"grande",99,3,633,102301
"grande",100,3,667,106572.5
"grande",1,30,589,87914.82
"grande",2,30,618,96168.8
"grande",3,30,633,110548.1
"grande",4,30,683,100627.5
"grande",5,30,683,112013.9
"grande",6,30,572,94943.13
"grande",7,30,629,108043.4
"grande",8,30,682,109340.4
"grande",9,30,661,100701.8
"grande",10,30,683,112874.3
"grande",11,30,652,106485
"grande",12,30,574,77236.05
"grande",13,30,667,93022.19
"grande",14,30,693,104907.3
"grande",15,30,614,100343.1
"grande",16,30,683,115282.3
"grande",17,30,787,149403.2
"grande",18,30,600,84092.6
"grande",19,30,582,91645.32
"grande",20,30,629,98741.92
"grande",21,30,734,132811
"grande",22,30,670,96790.83
"grande",23,30,580,78096.25
"grande",24,30,603,98081.31
"grande",25,30,507,66329.78
"grande",26,30,747,129136
"grande",27,30,613,99359.16
"grande",28,30,615,92355.21
"grande",29,30,592,77570.74
"grande",30,30,677,107715.6
"grande",31,30,696,120382.8
"grande",32,30,665,100294.4
"grande",33,30,610,105796.4
"grande",34,30,620,98975.75
"grande",35,30,670,100352.8
"grande",36,30,583,81586.65
"grande",37,30,620,94191.09
"grande",38,30,679,110590.4
"grande",39,30,645,91944.43
"grande",40,30,730,114775.7
"grande",41,30,767,147623.5
"grande",42,30,654,100493.9
"grande",43,30,695,96090.16
"grande",44,30,626,93412.73
"grande",45,30,687,111148.5
"grande",46,30,640,94550.17
"grande",47,30,652,96651.01
"grande",48,30,601,98867.49
"grande",49,30,604,85262.12
"grande",50,30,623,90811.28
"grande",51,30,719,127107.6
"grande",52,30,642,95784.48
"grande",53,30,658,98014.44
"grande",54,30,728,127176
"grande",55,30,668,113502.9
"grande",56,30,632,101723.5
"grande",57,30,691,115278.7
"grande",58,30,641,100909.4
"grande",59,30,696,101434.8
"grande",60,30,672,103724.1
"grande",61,30,711,109869.4
"grande",62,30,696,116066.7
"grande",63,30,599,87178.66
"grande",64,30,606,88402.52
"grande",65,30,659,105110.4
"grande",66,30,593,97100.82
"grande",67,30,589,83686.38
"grande",68,30,638,95421.98
"grande",69,30,582,86516.3
"grande",70,30,607,96619.56
"grande",71,30,654,102052.6
"grande",72,30,657,98020.06
"grande",73,30,608,90300.38
"grande",74,30,556,79004.57
"grande",75,30,607,102607.2
"grande",76,30,654,93206.83
"grande",77,30,654,97135.96
"grande",78,30,590,87031.54
"grande",79,30,751,126515.5
"grande",80,30,628,94662.09
"grande",81,30,589,85572.93
"grande",82,30,591,97377.08
"grande",83,30,769,145814.8
"grande",84,30,617,91588.91
"grande",85,30,640,100875.3
"grande",86,30,630,92976.34
"grande",87,30,597,88795.02
"grande",88,30,648,99512.36
"grande",89,30,686,116817.2
"grande",90,30,593,87162.06
"grande",91,30,676,104830.7
"grande",92,30,619,87981.9
"grande",93,30,627,92452.54
"grande",94,30,689,108753.9
"grande",95,30,732,128801.1
"grande",96,30,660,103840.5
"grande",97,30,569,85498.92
"grande",98,30,591,84256.15
"grande",99,30,650,98588.97
"grande",100,30,629,103993.4
"grande",1,31,729,134282.5
"grande",2,31,682,112619.2
"grande",3,31,653,114623
"grande",4,31,674,113877.9
"grande",5,31,595,91678.31
"grande",6,31,648,102128.9
"grande",7,31,577,81196.95
"grande",8,31,660,98625.85
"grande",9,31,542,88749.52
"grande",10,31,649,105054.3
"grande",11,31,664,115363.7
"grande",12,31,638,102148.4
"grande",13,31,655,114254.4
"grande",14,31,653,113309.4
"grande",15,31,643,99111.8
"grande",16,31,629,109591.4
"grande",17,31,607,98441.93
"grande",18,31,678,104593.3
"grande",19,31,756,128314.7
"grande",20,31,638,111422
"grande",21,31,677,120903.3
"grande",22,31,728,127468.4
"grande",23,31,633,103226.5
"grande",24,31,805,151107.1
"grande",25,31,603,90264
"grande",26,31,650,95349.54
"grande",27,31,629,105168.2
"grande",28,31,677,100066.8
"grande",29,31,583,98113.63
"grande",30,31,583,87392.74
"grande",31,31,668,108503.3
"grande",32,31,592,93517.86
"grande",33,31,643,100219.2
"grande",34,31,599,88425.85
"grande",35,31,657,114198.2
"grande",36,31,552,84535.47
"grande",37,31,753,140094.7
"grande",38,31,569,76257.96
"grande",39,31,595,91846.8
"grande",40,31,739,131701.9
"grande",41,31,586,94745.51
"grande",42,31,693,119549.7
"grande",43,31,646,104962
"grande",44,31,603,90885.41
"grande",45,31,607,99316.6
"grande",46,31,635,111287.8
"grande",47,31,809,153249.9
"grande",48,31,743,125902.7
"grande",49,31,592,87314.66
"grande",50,31,653,109316.1
"grande",51,31,661,107644.4
"grande",52,31,690,108933.5
"grande",53,31,613,86868.74
"grande",54,31,757,141950.3
"grande",55,31,667,112623.9
"grande",56,31,732,123663.7
"grande",57,31,591,92219.75
"grande",58,31,627,117188.5
"grande",59,31,626,104872.4
"grande",60,31,685,112994.9
"grande",61,31,683,111174.4
"grande",62,31,684,119627.9
"grande",63,31,606,94990.56
"grande",64,31,628,98865.7
"grande",65,31,738,130317.6
"grande",66,31,619,92367.05
"grande",67,31,700,128335.4
"grande",68,31,677,112763.8
"grande",69,31,626,101473
"grande",70,31,570,78989.07
"grande",71,31,721,126847.4
"grande",72,31,635,107747.4
"grande",73,31,627,110399.7
"grande",74,31,640,96459.15
"grande",75,31,677,109128.2
"grande",76,31,695,112029.1
"grande",77,31,645,106404.8
"grande",78,31,625,100754.6
"grande",79,31,585,88608.79
"grande",80,31,587,81068.38
"grande",81,31,639,98905.67
"grande",82,31,572,76530.4
"grande",83,31,632,121559.8
"grande",84,31,709,113014
"grande",85,31,730,121888.8
"grande",86,31,685,110875.9
"grande",87,31,562,84501.42
"grande",88,31,595,76168.38
"grande",89,31,687,127272.9
"grande",90,31,661,126243.7
"grande",91,31,710,122628.9
"grande",92,31,746,127291.1
"grande",93,31,693,129954.9
"grande",94,31,646,106315.8
"grande",95,31,555,71124.76
"grande",96,31,661,111812.6
"grande",97,31,578,82617.3
"grande",98,31,638,108413.1
"grande",99,31,700,114412.4
"grande",100,31,705,131508.1
"grande",1,32,644,89087.86
"grande",2,32,803,147805.1
"grande",3,32,582,88169.58
"grande",4,32,584,91848.82
"grande",5,32,727,122302.7
"grande",6,32,566,89700.31
"grande",7,32,624,102731.5
"grande",8,32,590,86560.41
"grande",9,32,586,88379.77
"grande",10,32,629,96590.84
"grande",11,32,583,88171.92
"grande",12,32,573,76843.95
"grande",13,32,738,137081.3
"grande",14,32,645,115258.8
"grande",15,32,673,119219.8
"grande",16,32,682,115907.1
"grande",17,32,608,87057.69
"grande",18,32,686,129970.9
"grande",19,32,640,100158.1
"grande",20,32,722,123399.4
"grande",21,32,602,98113.71
"grande",22,32,705,107987.5
"grande",23,32,677,109215.7
"grande",24,32,688,127595.2
"grande",25,32,646,95183.29
"grande",26,32,748,151177.1
"grande",27,32,620,95645.77
"grande",28,32,540,78787.49
"grande",29,32,611,83835.9
"grande",30,32,576,81420.43
"grande",31,32,671,105269.6
"grande",32,32,703,134223.5
"grande",33,32,613,86222.34
"grande",34,32,598,93566.8
"grande",35,32,803,152075.5
"grande",36,32,587,86684.47
"grande",37,32,578,82416.86
"grande",38,32,632,106477.9
"grande",39,32,679,132821
"grande",40,32,601,88951.55
"grande",41,32,690,112228.4
"grande",42,32,559,77915.49
"grande",43,32,704,110921.1
"grande",44,32,560,78450.41
"grande",45,32,630,85805.69
"grande",46,32,707,121865
"grande",47,32,718,120276.9
"grande",48,32,502,65204.52
"grande",49,32,585,79113.2
"grande",50,32,566,80507.2
"grande",51,32,645,105323.9
"grande",52,32,698,139430
"grande",53,32,626,88893.11
"grande",54,32,655,105530.8
"grande",55,32,606,85156.9
"grande",56,32,754,133906.9
"grande",57,32,572,78731.47
"grande",58,32,637,98179.56
"grande",59,32,624,98131.67
"grande",60,32,703,124713.1
"grande",61,32,724,124968.7
"grande",62,32,641,99926.79
"grande",63,32,639,97586.27
"grande",64,32,625,97295.04
"grande",65,32,649,99918.3
"grande",66,32,604,94585.02
"grande",67,32,676,120380.3
"grande",68,32,613,97075.78
"grande",69,32,797,148869.6
"grande",70,32,588,81409.09
"grande",71,32,642,105922.5
"grande",72,32,621,99205.21
"grande",73,32,668,124452
"grande",74,32,665,108310.1
"grande",75,32,633,101273
"grande",76,32,590,98290.14
"grande",77,32,584,85491.61
"grande",78,32,642,95111.47
"grande",79,32,757,134976.4
"grande",80,32,634,104498.3
"grande",81,32,601,87823.52
"grande",82,32,557,79093.81
"grande",83,32,819,150786.1
"grande",84,32,614,106144.4
"grande",85,32,717,125029.7
"grande",86,32,679,118263
"grande",87,32,601,87114.03
"grande",88,32,606,85530.92
"grande",89,32,595,83559.1
"grande",90,32,670,98596.82
"grande",91,32,673,102424.9
"grande",92,32,631,97441.89
"grande",93,32,632,97064.44
"grande",94,32,613,95073.13
"grande",95,32,750,137454.4
"grande",96,32,574,90192.74
"grande",97,32,636,101922.2
"grande",98,32,625,91171.33
"grande",99,32,596,91055.07
"grande",100,32,630,100483.1
"grande",1,33,725,123081.8
"grande",2,33,557,81953.44
"grande",3,33,663,118938.9
"grande",4,33,671,105374.1
"grande",5,33,673,106031.2
"grande",6,33,658,102421.5
"grande",7,33,682,117705.2
"grande",8,33,633,96966.48
"grande",9,33,648,106433.7
"grande",10,33,655,117173.1
"grande",11,33,700,110667.3
"grande",12,33,646,97402.98
"grande",13,33,752,115257.5
"grande",14,33,727,117067.2
"grande",15,33,684,92217.06
"grande",16,33,611,92178.53
"grande",17,33,652,100647.5
"grande",18,33,680,109603.2
"grande",19,33,634,103428.5
"grande",20,33,654,105640.3
"grande",21,33,677,102769.1
"grande",22,33,603,93240.15
"grande",23,33,806,140995.8
"grande",24,33,609,89704.84
"grande",25,33,602,87994.1
"grande",26,33,720,124990.6
"grande",27,33,628,89720.35
"grande",28,33,626,106567.7
"grande",29,33,634,100671.9
"grande",30,33,623,114120
"grande",31,33,640,120584
"grande",32,33,614,83694.81
"grande",33,33,666,123406.7
"grande",34,33,673,114420
"grande",35,33,683,121445.7
"grande",36,33,632,98989.29
"grande",37,33,552,84480.4
"grande",38,33,640,108106.3
"grande",39,33,690,121995.5
"grande",40,33,597,95988.69
"grande",41,33,632,103911.4
"grande",42,33,677,112837.2
"grande",43,33,615,99008.42
"grande",44,33,615,93711.1
"grande",45,33,694,107759.8
"grande",46,33,600,87177.91
"grande",47,33,680,113957.8
"grande",48,33,642,101411.7
"grande",49,33,652,120012.3
"grande",50,33,596,87172.34
"grande",51,33,686,118019.4
"grande",52,33,661,114857.3
"grande",53,33,615,93908.46
"grande",54,33,560,81793.48
"grande",55,33,677,113580.8
"grande",56,33,700,118937
"grande",57,33,687,119998.6
"grande",58,33,584,85308.01
"grande",59,33,586,90610.05
"grande",60,33,591,96479.76
"grande",61,33,701,116139.5
"grande",62,33,681,114292.5
"grande",63,33,683,117881.6
"grande",64,33,547,64212.44
"grande",65,33,535,73195.66
"grande",66,33,648,116258.9
"grande",67,33,651,106758.6
"grande",68,33,583,84447.24
"grande",69,33,697,124890.8
"grande",70,33,687,98620.15
"grande",71,33,631,106233.4
"grande",72,33,624,118535.3
"grande",73,33,657,104201.5
"grande",74,33,653,95124.06
"grande",75,33,648,99989.08
"grande",76,33,785,145900
"grande",77,33,646,110201.6
"grande",78,33,754,123753.9
"grande",79,33,587,83077.34
"grande",80,33,692,106307.7
"grande",81,33,653,113039.8
"grande",82,33,582,89479.72
"grande",83,33,735,127529.6
"grande",84,33,781,143945.8
"grande",85,33,664,109583.5
"grande",86,33,577,98958.25
"grande",87,33,608,105779.7
"grande",88,33,636,105913.1
"grande",89,33,641,104873.9
"grande",90,33,702,120109.5
"grande",91,33,633,96365.98
"grande",92,33,634,100495.1
"grande",93,33,638,117618.2
"grande",94,33,615,99059.21
"grande",95,33,570,87268.06
"grande",96,33,664,109405.2
"grande",97,33,760,137287.3
"grande",98,33,637,107757.3
"grande",99,33,631,98854.4
"grande",100,33,590,88968.09
"grande",1,34,718,108608.9
"grande",2,34,761,130720.6
"grande",3,34,693,108248.6
"grande",4,34,665,103436.2
"grande",5,34,619,86157
"grande",6,34,641,105296.4
"grande",7,34,644,101075.4
"grande",8,34,713,119419.3
"grande",9,34,611,93878.12
"grande",10,34,662,123682.8
"grande",11,34,536,82686.49
"grande",12,34,688,124877.2
"grande",13,34,711,121573
"grande",14,34,636,93430.46
"grande",15,34,685,113748.4
"grande",16,34,741,133864
"grande",17,34,643,101628.6
"grande",18,34,734,126500.6
"grande",19,34,640,91797.14
"grande",20,34,734,121486
"grande",21,34,727,123017.8
"grande",22,34,618,92790.63
"grande",23,34,665,101195.3
"grande",24,34,660,113347.5
"grande",25,34,601,99221.6
"grande",26,34,609,99859.69
"grande",27,34,664,109409.2
"grande",28,34,688,122581.2
"grande",29,34,625,94621.07
"grande",30,34,614,94883.11
"grande",31,34,615,95461.23
"grande",32,34,667,107318.4
"grande",33,34,711,122869.3
"grande",34,34,577,84876.84
"grande",35,34,672,107416.4
"grande",36,34,683,102768.8
"grande",37,34,599,86385.98
"grande",38,34,706,113150.7
"grande",39,34,635,102487.7
"grande",40,34,619,90324.48
"grande",41,34,616,103312.7
"grande",42,34,623,88382.02
"grande",43,34,666,106360.6
"grande",44,34,663,104894.3
"grande",45,34,625,102308.3
"grande",46,34,562,70169.86
"grande",47,34,637,106597.5
"grande",48,34,755,130696.6
"grande",49,34,672,98425.67
"grande",50,34,640,104204
"grande",51,34,743,121309.1
"grande",52,34,850,171873
"grande",53,34,625,97414.25
"grande",54,34,679,111102.5
"grande",55,34,625,90930.45
"grande",56,34,618,109409.2
"grande",57,34,668,109957.9
"grande",58,34,529,82117.94
"grande",59,34,748,120893.2
"grande",60,34,704,123178.4
"grande",61,34,655,113637.6
"grande",62,34,719,128496.3
"grande",63,34,577,89930.02
"grande",64,34,659,119032.9
"grande",65,34,725,130122.1
"grande",66,34,637,110266
"grande",67,34,518,69543.4
"grande",68,34,633,93433.51
"grande",69,34,721,122897.3
"grande",70,34,571,81914.37
"grande",71,34,649,104095.5
"grande",72,34,783,154532.3
"grande",73,34,558,86419.24
"grande",74,34,638,109092.2
"grande",75,34,628,111272.7
"grande",76,34,637,112893.5
"grande",77,34,694,104552.9
"grande",78,34,619,96835.36
"grande",79,34,673,112495.8
"grande",80,34,701,130934.4
"grande",81,34,705,125746.4
"grande",82,34,589,84415.98
"grande",83,34,632,102587.1
"grande",84,34,722,125912.3
"grande",85,34,682,113801.8
"grande",86,34,733,115042
"grande",87,34,652,108848.2
"grande",88,34,687,115569.4
"grande",89,34,661,105211.1
"grande",90,34,675,92826.3
"grande",91,34,682,119638.8
"grande",92,34,712,112448.4
"grande",93,34,571,86401.17
"grande",94,34,651,104079.3
"grande",95,34,690,112650.4
"grande",96,34,712,120749.1
"grande",97,34,661,101833.2
"grande",98,34,612,97854.96
"grande",99,34,658,100861.4
"grande",100,34,685,98604.16
"grande",1,35,599,88085.29
"grande",2,35,790,139144.4
"grande",3,35,719,124426.2
"grande",4,35,646,91860.45
"grande",5,35,673,119378.4
"grande",6,35,642,105250.9
"grande",7,35,671,118972.4
"grande",8,35,704,115609.2
"grande",9,35,583,93494.24
"grande",10,35,674,112653.4
"grande",11,35,637,110816.5
"grande",12,35,681,101305.2
"grande",13,35,715,113825.4
"grande",14,35,651,118310.7
"grande",15,35,559,72987.22
"grande",16,35,612,101058.6
"grande",17,35,545,81245.46
"grande",18,35,732,123768.9
"grande",19,35,603,97664.62
"grande",20,35,644,104249
"grande",21,35,672,123398.4
"grande",22,35,683,104852.5
"grande",23,35,739,141535.6
"grande",24,35,556,80762.97
"grande",25,35,728,135097.7
"grande",26,35,709,117926.3
"grande",27,35,723,118780.7
"grande",28,35,782,141564.1
"grande",29,35,679,112376.1
"grande",30,35,629,112227.9
"grande",31,35,638,112377.3
"grande",32,35,729,131483
"grande",33,35,708,129188.2
"grande",34,35,634,101686.2
"grande",35,35,784,137878.5
"grande",36,35,680,121718.5
"grande",37,35,643,118822.2
"grande",38,35,744,143914.4
"grande",39,35,624,111004.7
"grande",40,35,753,139095.9
"grande",41,35,721,119622
"grande",42,35,625,100989.8
"grande",43,35,713,133428.3
"grande",44,35,704,127983.5
"grande",45,35,646,112903.8
"grande",46,35,706,112050.7
"grande",47,35,702,126915.7
"grande",48,35,707,132771.8
"grande",49,35,627,96560.95
"grande",50,35,714,119391.8
"grande",51,35,640,113927.2
"grande",52,35,778,138560.3
"grande",53,35,660,118288.9
"grande",54,35,601,87853.85
"grande",55,35,588,92050.74
"grande",56,35,606,91210.26
"grande",57,35,556,78184.53
"grande",58,35,738,117113
"grande",59,35,601,77880.67
"grande",60,35,671,112902.8
"grande",61,35,614,91481.68
"grande",62,35,731,135119.5
"grande",63,35,722,141831.1
"grande",64,35,644,116824.1
"grande",65,35,719,123513.1
"grande",66,35,660,103965.7
"grande",67,35,704,124166.5
"grande",68,35,625,96575.87
"grande",69,35,725,119929.6
"grande",70,35,742,131197.8
"grande",71,35,581,75428.44
"grande",72,35,808,154952.2
"grande",73,35,645,100779.7
"grande",74,35,710,131790.4
"grande",75,35,623,101610.3
"grande",76,35,585,89080.87
"grande",77,35,544,70837.04
"grande",78,35,759,136501.7
"grande",79,35,658,121963.7
"grande",80,35,779,148186.2
"grande",81,35,638,94100.17
"grande",82,35,715,122540.2
"grande",83,35,750,138962
"grande",84,35,653,111925.4
"grande",85,35,599,92517.89
"grande",86,35,617,92762.26
"grande",87,35,606,93167.58
"grande",88,35,635,104743.3
"grande",89,35,763,153301.6
"grande",90,35,613,98821.17
"grande",91,35,755,136221.3
"grande",92,35,658,108511.5
"grande",93,35,716,118677.2
"grande",94,35,661,115138.7
"grande",95,35,655,98104.63
"grande",96,35,575,85423.32
"grande",97,35,653,99624.54
"grande",98,35,657,96793.02
"grande",99,35,623,109547.6
"grande",100,35,726,133232.2
"grande",1,36,671,103746.8
"grande",2,36,678,133827
"grande",3,36,643,113359.2
"grande",4,36,623,88471.31
"grande",5,36,638,102622
"grande",6,36,663,104139.9
"grande",7,36,691,117544.9
"grande",8,36,577,85187.36
"grande",9,36,674,115478.2
"grande",10,36,627,107047.1
"grande",11,36,632,103298.8
"grande",12,36,705,112143.8
"grande",13,36,632,100158.5
"grande",14,36,743,135179.2
"grande",15,36,667,103914.3
"grande",16,36,555,86107.04
"grande",17,36,631,93242.38
"grande",18,36,555,83351.39
"grande",19,36,608,93645.97
"grande",20,36,705,110396.6
"grande",21,36,624,106249.7
"grande",22,36,674,109606
"grande",23,36,568,75209.34
"grande",24,36,634,104055.8
"grande",25,36,652,104537.8
"grande",26,36,707,116865.7
"grande",27,36,664,115701.9
"grande",28,36,624,96249.61
"grande",29,36,664,115310.5
"grande",30,36,711,122916.9
"grande",31,36,720,130631.9
"grande",32,36,681,108962.3
"grande",33,36,646,101642.2
"grande",34,36,658,120487.9
"grande",35,36,632,120624.8
"grande",36,36,713,123734.1
"grande",37,36,664,95622.88
"grande",38,36,684,118573.9
"grande",39,36,597,95030.78
"grande",40,36,737,119003.2
"grande",41,36,842,147581.7
"grande",42,36,668,107980.1
"grande",43,36,693,122836.9
"grande",44,36,665,113857.4
"grande",45,36,696,124113.2
"grande",46,36,630,103281.7
"grande",47,36,655,105420.3
"grande",48,36,551,87875.62
"grande",49,36,749,139151
"grande",50,36,667,105499
"grande",51,36,804,145604.1
"grande",52,36,623,96114.52
"grande",53,36,634,94348.57
"grande",54,36,822,148635.3
"grande",55,36,670,110846.1
"grande",56,36,712,134931.7
"grande",57,36,707,125352.3
"grande",58,36,684,116736.3
"grande",59,36,588,90561.24
"grande",60,36,716,129402.8
"grande",61,36,679,111161.2
"grande",62,36,608,95047.29
"grande",63,36,666,109958.4
"grande",64,36,667,125533.5
"grande",65,36,598,104204.8
"grande",66,36,676,114710.4
"grande",67,36,712,132726.9
"grande",68,36,653,106932.5
"grande",69,36,637,102067.8
"grande",70,36,674,104085.7
"grande",71,36,618,98462.04
"grande",72,36,696,121895
"grande",73,36,728,133947.8
"grande",74,36,624,104694
"grande",75,36,602,104103.3
"grande",76,36,615,85140.67
"grande",77,36,583,93423.24
"grande",78,36,623,102643.2
"grande",79,36,714,120800.6
"grande",80,36,610,90585.98
"grande",81,36,830,161956.1
"grande",82,36,662,94552.06
"grande",83,36,684,126263.7
"grande",84,36,607,98970.78
"grande",85,36,606,104160.9
"grande",86,36,635,96089.39
"grande",87,36,680,126545.4
"grande",88,36,598,82809.32
"grande",89,36,581,87385.32
"grande",90,36,751,140973
"grande",91,36,634,104159.4
"grande",92,36,820,158376.8
"grande",93,36,723,119419.9
"grande",94,36,695,111912.9
"grande",95,36,562,79081.92
"grande",96,36,778,140396.4
"grande",97,36,666,114879.7
"grande",98,36,679,137957.4
"grande",99,36,718,141470.9
"grande",100,36,605,92137.81
"grande",1,37,653,115957.6
"grande",2,37,644,88799.84
"grande",3,37,632,98052.62
"grande",4,37,553,85453.05
"grande",5,37,678,109017.5
"grande",6,37,722,122883.1
"grande",7,37,786,134779.2
"grande",8,37,681,109611.2
"grande",9,37,670,111987.2
"grande",10,37,541,73941
"grande",11,37,599,92893.56
"grande",12,37,578,92937.73
"grande",13,37,670,109760.7
"grande",14,37,647,93411.79
"grande",15,37,651,103759.4
"grande",16,37,618,85455.23
"grande",17,37,678,95229.08
"grande",18,37,562,76723.77
"grande",19,37,582,84898.93
"grande",20,37,580,86903.88
"grande",21,37,647,106284.9
"grande",22,37,638,85031.57
"grande",23,37,648,98351.19
"grande",24,37,685,116625.7
"grande",25,37,639,95149.16
"grande",26,37,701,119539.7
"grande",27,37,610,92359.28
"grande",28,37,704,115650.9
"grande",29,37,649,101682.3
"grande",30,37,600,86640.92
"grande",31,37,654,99916.84
"grande",32,37,556,77316.09
"grande",33,37,639,107117.8
"grande",34,37,604,106620.5
"grande",35,37,595,90396.41
"grande",36,37,660,112853
"grande",37,37,680,101574.9
"grande",38,37,781,148148
"grande",39,37,577,80257.04
"grande",40,37,684,96527.48
"grande",41,37,538,70806.83
"grande",42,37,685,110406.5
"grande",43,37,608,95358.55
"grande",44,37,553,72887.82
"grande",45,37,612,92818.66
"grande",46,37,582,90166.07
"grande",47,37,568,89420.41
"grande",48,37,644,95449.9
"grande",49,37,690,98415.09
"grande",50,37,691,120224.2
"grande",51,37,643,87682.48
"grande",52,37,651,88882.82
"grande",53,37,656,101138.7
"grande",54,37,649,101322.6
"grande",55,37,638,116924.7
"grande",56,37,645,98701.91
"grande",57,37,537,71445.43
"grande",58,37,562,82919.74
"grande",59,37,638,96488.68
"grande",60,37,630,110038
"grande",61,37,766,135284.7
"grande",62,37,622,100447
"grande",63,37,698,109115.7
"grande",64,37,568,84964.04
"grande",65,37,586,96403.7
"grande",66,37,660,97990.94
"grande",67,37,671,111921
"grande",68,37,577,80054.76
"grande",69,37,708,111072.8
"grande",70,37,668,112546.3
"grande",71,37,698,124531.8
"grande",72,37,620,89596.32
"grande",73,37,620,97600.01
"grande",74,37,563,81489.23
"grande",75,37,715,106913.2
"grande",76,37,607,81021.89
"grande",77,37,620,91465.81
"grande",78,37,586,93592.84
"grande",79,37,666,108130.2
"grande",80,37,651,94709.19
"grande",81,37,669,99025.48
"grande",82,37,762,128414.9
"grande",83,37,567,77337.53
"grande",84,37,656,99735.35
"grande",85,37,702,120322.2
"grande",86,37,619,94364.84
"grande",87,37,662,102346.2
"grande",88,37,763,132215.6
"grande",89,37,606,90164.77
"grande",90,37,587,90441.9
"grande",91,37,668,115837.3
"grande",92,37,697,121697.9
"grande",93,37,605,82179.3
"grande",94,37,643,102028
"grande",95,37,600,82325.05
"grande",96,37,649,98298.37
"grande",97,37,737,122518.4
"grande",98,37,679,114544.2
"grande",99,37,779,146252.6
"grande",100,37,708,113049.9
"grande",1,38,594,91155.62
"grande",2,38,631,108339.8
"grande",3,38,641,112125.8
"grande",4,38,643,104777.8
"grande",5,38,679,122525.9
"grande",6,38,788,141519.5
"grande",7,38,678,111895.6
"grande",8,38,629,96904.07
"grande",9,38,642,92327.46
"grande",10,38,632,97626.85
"grande",11,38,746,136979.9
"grande",12,38,712,120632.4
"grande",13,38,624,99954.46
"grande",14,38,661,109359.1
"grande",15,38,620,117150.9
"grande",16,38,599,97098.8
"grande",17,38,686,118657.3
"grande",18,38,626,95570.81
"grande",19,38,667,122141.2
"grande",20,38,651,102441.1
"grande",21,38,530,80255.82
"grande",22,38,744,126781.8
"grande",23,38,723,114756.4
"grande",24,38,624,89440.65
"grande",25,38,628,106995.6
"grande",26,38,662,101012.5
"grande",27,38,581,90693.59
"grande",28,38,672,117391.1
"grande",29,38,654,103412.7
"grande",30,38,624,97521.39
"grande",31,38,766,126072.7
"grande",32,38,652,97265.76
"grande",33,38,615,110390.1
"grande",34,38,591,97060.54
"grande",35,38,609,89642.64
"grande",36,38,722,140045.3
"grande",37,38,550,80587.57
"grande",38,38,581,91437.28
"grande",39,38,589,86374.62
"grande",40,38,615,92315.18
"grande",41,38,689,127525.5
"grande",42,38,657,105085.6
"grande",43,38,642,99502.21
"grande",44,38,684,99584
"grande",45,38,642,92875.11
"grande",46,38,630,101927.5
"grande",47,38,611,94766.06
"grande",48,38,630,105518.7
"grande",49,38,628,96961.71
"grande",50,38,605,88462.94
"grande",51,38,604,103782.1
"grande",52,38,606,109980.7
"grande",53,38,595,105884
"grande",54,38,653,112504.7
"grande",55,38,629,97167.51
"grande",56,38,642,100640
"grande",57,38,580,83158.77
"grande",58,38,614,94825.74
"grande",59,38,605,89015.26
"grande",60,38,747,134161
"grande",61,38,630,90959.99
"grande",62,38,674,111354.9
"grande",63,38,627,101835
"grande",64,38,619,98427.96
"grande",65,38,568,84342.49
"grande",66,38,649,105990.3
"grande",67,38,611,93303.8
"grande",68,38,640,103433.1
"grande",69,38,672,128234.7
"grande",70,38,601,95918.83
"grande",71,38,673,116320.1
"grande",72,38,615,92511.61
"grande",73,38,627,97197.77
"grande",74,38,627,96351
"grande",75,38,672,110698.6
"grande",76,38,760,136648.6
"grande",77,38,632,93498.67
"grande",78,38,740,129029.3
"grande",79,38,580,86346.66
"grande",80,38,703,109296.8
"grande",81,38,746,136363.7
"grande",82,38,629,110247.9
"grande",83,38,704,111636.9
"grande",84,38,662,114691.4
"grande",85,38,663,106499.3
"grande",86,38,595,102033.8
"grande",87,38,703,130086.4
"grande",88,38,686,115382.2
"grande",89,38,576,86429.78
"grande",90,38,645,95815.98
"grande",91,38,709,115529.8
"grande",92,38,625,100563.6
"grande",93,38,773,134071.3
"grande",94,38,596,90703.21
"grande",95,38,614,94406.8
"grande",96,38,657,113844.8
"grande",97,38,626,106431.6
"grande",98,38,609,96773.71
"grande",99,38,641,106979.7
"grande",100,38,676,100011
"grande",1,39,720,120791.5
"grande",2,39,599,87306.1
"grande",3,39,687,104474.2
"grande",4,39,627,87507.94
"grande",5,39,667,117335.8
"grande",6,39,666,107392.2
"grande",7,39,552,79087.72
"grande",8,39,697,111001.1
"grande",9,39,725,123649.9
"grande",10,39,672,107976.6
"grande",11,39,556,84174.06
"grande",12,39,683,115439.3
"grande",13,39,602,78528.77
"grande",14,39,576,81052.37
"grande",15,39,720,133175.2
"grande",16,39,671,113447.7
"grande",17,39,608,86041.31
"grande",18,39,581,90564.98
"grande",19,39,606,81585.04
"grande",20,39,607,93326.39
"grande",21,39,650,113091.1
"grande",22,39,639,114778.4
"grande",23,39,758,139456.2
"grande",24,39,642,102043.3
"grande",25,39,650,101617.2
"grande",26,39,611,107343.3
"grande",27,39,712,117507.5
"grande",28,39,700,123834.8
"grande",29,39,667,96584.82
"grande",30,39,597,79500.37
"grande",31,39,572,96471.72
"grande",32,39,695,120893.3
"grande",33,39,674,108668.3
"grande",34,39,532,77330.33
"grande",35,39,705,136057.7
"grande",36,39,603,85136.94
"grande",37,39,543,80016.44
"grande",38,39,634,94693.57
"grande",39,39,661,100852.9
"grande",40,39,692,120638.5
"grande",41,39,591,89174.11
"grande",42,39,579,84773.68
"grande",43,39,579,92619.61
"grande",44,39,649,107651.4
"grande",45,39,689,112871.8
"grande",46,39,853,165497.9
"grande",47,39,656,109272.5
"grande",48,39,755,135850
"grande",49,39,624,100758.8
"grande",50,39,656,97943
"grande",51,39,614,1e+05
"grande",52,39,599,91002.86
"grande",53,39,705,117652.9
"grande",54,39,651,89967.48
"grande",55,39,621,84663.12
"grande",56,39,597,93258.41
"grande",57,39,750,127140.1
"grande",58,39,720,125187.2
"grande",59,39,568,78167.83
"grande",60,39,664,111045.4
"grande",61,39,608,105090
"grande",62,39,575,78031.37
"grande",63,39,663,109016.9
"grande",64,39,697,102737.1
"grande",65,39,691,122385.5
"grande",66,39,606,87368.12
"grande",67,39,639,100526.8
"grande",68,39,565,81381.26
"grande",69,39,636,98484.28
"grande",70,39,646,107228.8
"grande",71,39,709,121916.9
"grande",72,39,569,87976.83
"grande",73,39,642,104369.7
"grande",74,39,649,116318.7
"grande",75,39,580,90981.18
"grande",76,39,649,104860.7
"grande",77,39,625,98566.54
"grande",78,39,721,133590.3
"grande",79,39,652,113113.1
"grande",80,39,640,101011.5
"grande",81,39,631,104172
"grande",82,39,633,99960.61
"grande",83,39,650,96086.11
"grande",84,39,629,96169.05
"grande",85,39,648,97221.23
"grande",86,39,523,68555.92
"grande",87,39,660,105119.4
"grande",88,39,639,98557.78
"grande",89,39,808,152620
"grande",90,39,584,90517.07
"grande",91,39,672,113567
"grande",92,39,695,106174.3
"grande",93,39,770,139808.8
"grande",94,39,661,118633.9
"grande",95,39,570,91143.41
"grande",96,39,668,98390.73
"grande",97,39,607,83085.05
"grande",98,39,641,92811.06
"grande",99,39,713,120559.7
"grande",100,39,632,99241.45
"grande",1,4,619,97139.76
"grande",2,4,595,85357.71
"grande",3,4,804,147997.5
"grande",4,4,595,89799.61
"grande",5,4,596,86933.43
"grande",6,4,635,102198.4
"grande",7,4,647,101920.5
"grande",8,4,667,105317.6
"grande",9,4,695,108020.6
"grande",10,4,565,86364.41
"grande",11,4,617,97844.95
"grande",12,4,537,69670.8
"grande",13,4,684,117524.9
"grande",14,4,705,126154.9
"grande",15,4,598,86413.83
"grande",16,4,637,99617.09
"grande",17,4,571,85085.04
"grande",18,4,635,98461.69
"grande",19,4,626,98209.08
"grande",20,4,564,93061.55
"grande",21,4,641,109341.7
"grande",22,4,698,124336.8
"grande",23,4,614,99392.59
"grande",24,4,584,99295.61
"grande",25,4,648,102924.9
"grande",26,4,583,86779.82
"grande",27,4,746,130849.4
"grande",28,4,543,67790.9
"grande",29,4,728,126864.8
"grande",30,4,604,96790.37
"grande",31,4,581,79074.25
"grande",32,4,720,112481.1
"grande",33,4,608,89317.19
"grande",34,4,675,100300.2
"grande",35,4,658,107410.3
"grande",36,4,814,152204.7
"grande",37,4,607,100329.3
"grande",38,4,593,91367.85
"grande",39,4,608,86723.2
"grande",40,4,698,111222.6
"grande",41,4,648,104625.1
"grande",42,4,653,99649.05
"grande",43,4,699,132255.4
"grande",44,4,650,97905.79
"grande",45,4,563,83087.9
"grande",46,4,661,102304.9
"grande",47,4,536,82208.64
"grande",48,4,602,87200.97
"grande",49,4,612,90681.34
"grande",50,4,597,91523.52
"grande",51,4,664,118380.4
"grande",52,4,611,89921.53
"grande",53,4,665,109008.9
"grande",54,4,600,83816.05
"grande",55,4,695,114181
"grande",56,4,704,119496.4
"grande",57,4,559,83139.06
"grande",58,4,647,99643.42
"grande",59,4,732,131772.4
"grande",60,4,655,99194.91
"grande",61,4,672,117195
"grande",62,4,593,87208.65
"grande",63,4,659,129030.9
"grande",64,4,566,78994
"grande",65,4,659,109965
"grande",66,4,672,116465.3
"grande",67,4,640,102672.1
"grande",68,4,630,105801.1
"grande",69,4,550,87593.42
"grande",70,4,595,90360.85
"grande",71,4,716,108690.5
"grande",72,4,557,83719.95
"grande",73,4,518,62548.07
"grande",74,4,680,110588.6
"grande",75,4,659,113463.3
"grande",76,4,616,93686.59
"grande",77,4,639,90229.36
"grande",78,4,620,89688.52
"grande",79,4,732,123548.3
"grande",80,4,590,87413.24
"grande",81,4,604,83023.37
"grande",82,4,631,104070.2
"grande",83,4,629,90397.58
"grande",84,4,718,132814.3
"grande",85,4,530,73952.62
"grande",86,4,566,65334.74
"grande",87,4,627,100047.3
"grande",88,4,670,112298.1
"grande",89,4,640,101135.2
"grande",90,4,762,148794.8
"grande",91,4,723,121552.2
"grande",92,4,662,116555.9
"grande",93,4,605,108731.2
"grande",94,4,607,85719.61
"grande",95,4,626,97313.83
"grande",96,4,704,109400.2
"grande",97,4,610,100427.7
"grande",98,4,580,78767.77
"grande",99,4,582,89348.96
"grande",100,4,607,81078.92
"grande",1,40,571,73561.93
"grande",2,40,727,122220.5
"grande",3,40,574,84984.77
"grande",4,40,657,103052.1
"grande",5,40,582,86020.25
"grande",6,40,735,133835.5
"grande",7,40,653,104028.2
"grande",8,40,656,103770.8
"grande",9,40,748,130195.6
"grande",10,40,645,102027.6
"grande",11,40,634,102200.5
"grande",12,40,786,142184.9
"grande",13,40,563,76136.07
"grande",14,40,673,89092.82
"grande",15,40,627,97021.39
"grande",16,40,602,88249.87
"grande",17,40,629,94549.63
"grande",18,40,618,99020.08
"grande",19,40,646,115727.4
"grande",20,40,692,122308.3
"grande",21,40,741,117874.4
"grande",22,40,657,105509.6
"grande",23,40,536,77298.94
"grande",24,40,582,83896.5
"grande",25,40,535,74083.49
"grande",26,40,732,137024.4
"grande",27,40,722,123443.3
"grande",28,40,627,93268.8
"grande",29,40,596,86885.2
"grande",30,40,730,139855.3
"grande",31,40,507,57551.43
"grande",32,40,590,86670.52
"grande",33,40,566,77763.58
"grande",34,40,660,106401.1
"grande",35,40,618,99575.11
"grande",36,40,697,103493.9
"grande",37,40,638,100891.2
"grande",38,40,678,111258.4
"grande",39,40,650,106135.8
"grande",40,40,675,117738.9
"grande",41,40,722,130552.6
"grande",42,40,578,82029.03
"grande",43,40,714,128112
"grande",44,40,681,112399.6
"grande",45,40,646,90916.17
"grande",46,40,767,126490.1
"grande",47,40,610,99229.01
"grande",48,40,732,131272.4
"grande",49,40,681,116648
"grande",50,40,733,131648.6
"grande",51,40,686,112717.7
"grande",52,40,747,128718.5
"grande",53,40,676,113138
"grande",54,40,608,93722.45
"grande",55,40,764,131133.3
"grande",56,40,632,98862
"grande",57,40,650,108523.7
"grande",58,40,687,110569.7
"grande",59,40,640,108973.6
"grande",60,40,783,127135.1
"grande",61,40,675,101919.2
"grande",62,40,585,84999.61
"grande",63,40,613,91700.9
"grande",64,40,712,110311
"grande",65,40,653,101177.5
"grande",66,40,667,112724.7
"grande",67,40,542,77013.24
"grande",68,40,581,72174.85
"grande",69,40,736,111355.6
"grande",70,40,739,131186.6
"grande",71,40,656,105547.7
"grande",72,40,591,87290.71
"grande",73,40,706,134343.3
"grande",74,40,775,150822.4
"grande",75,40,584,75375.55
"grande",76,40,646,98114.75
"grande",77,40,646,90863.67
"grande",78,40,656,100531
"grande",79,40,697,121341.8
"grande",80,40,657,101474.8
"grande",81,40,670,102391
"grande",82,40,579,88434.84
"grande",83,40,626,88404.58
"grande",84,40,662,103843.4
"grande",85,40,702,123931.9
"grande",86,40,546,72715.25
"grande",87,40,635,95775.01
"grande",88,40,694,121869.5
"grande",89,40,698,120372.8
"grande",90,40,750,130235.6
"grande",91,40,658,103198.1
"grande",92,40,606,87737.7
"grande",93,40,698,126471.1
"grande",94,40,682,111844.3
"grande",95,40,625,115181.6
"grande",96,40,610,94178.24
"grande",97,40,582,82320.59
"grande",98,40,667,110695.3
"grande",99,40,776,134262.5
"grande",100,40,725,134561.3
"grande",1,41,580,92772.38
"grande",2,41,661,108985.6
"grande",3,41,601,99585.23
"grande",4,41,743,129529.4
"grande",5,41,635,102240.3
"grande",6,41,678,100395.4
"grande",7,41,692,104124.1
"grande",8,41,714,136962.1
"grande",9,41,715,119050.6
"grande",10,41,588,102939.6
"grande",11,41,595,95091.57
"grande",12,41,662,103252.1
"grande",13,41,752,131457.6
"grande",14,41,628,104934.6
"grande",15,41,681,108542.6
"grande",16,41,613,97808.88
"grande",17,41,633,98781.64
"grande",18,41,722,120810.9
"grande",19,41,744,126944
"grande",20,41,627,101273.6
"grande",21,41,639,93388.52
"grande",22,41,586,83765.72
"grande",23,41,629,98435.93
"grande",24,41,668,98441.5
"grande",25,41,579,94798.37
"grande",26,41,626,92787.97
"grande",27,41,602,76905.89
"grande",28,41,612,86448.48
"grande",29,41,718,116010.8
"grande",30,41,626,92833.31
"grande",31,41,660,90593.33
"grande",32,41,752,122872.7
"grande",33,41,588,89690.12
"grande",34,41,599,91327.89
"grande",35,41,643,92920.74
"grande",36,41,661,109913.6
"grande",37,41,700,131211
"grande",38,41,674,107235.7
"grande",39,41,563,80960.88
"grande",40,41,588,82082.4
"grande",41,41,697,105224.4
"grande",42,41,619,88923.07
"grande",43,41,589,84402.47
"grande",44,41,665,95830.41
"grande",45,41,670,94432.66
"grande",46,41,501,69591.12
"grande",47,41,626,96484.26
"grande",48,41,606,94137.93
"grande",49,41,769,127171.5
"grande",50,41,673,107734.4
"grande",51,41,716,135631
"grande",52,41,657,96997.84
"grande",53,41,738,139971.2
"grande",54,41,615,94771.72
"grande",55,41,738,133770
"grande",56,41,671,99979.42
"grande",57,41,603,93658.59
"grande",58,41,632,108526.5
"grande",59,41,655,106936.3
"grande",60,41,673,111094.4
"grande",61,41,721,118423.9
"grande",62,41,614,102279.3
"grande",63,41,687,113597.7
"grande",64,41,709,113794.1
"grande",65,41,605,87867.57
"grande",66,41,605,94378.75
"grande",67,41,663,107414.9
"grande",68,41,736,129276.8
"grande",69,41,653,95847.03
"grande",70,41,690,101720.6
"grande",71,41,673,111726.3
"grande",72,41,563,82858.72
"grande",73,41,662,114833.7
"grande",74,41,612,92082.34
"grande",75,41,689,126590.8
"grande",76,41,690,111451
"grande",77,41,707,119660.2
"grande",78,41,715,124951.2
"grande",79,41,644,95632.07
"grande",80,41,635,98176.97
"grande",81,41,697,115405.9
"grande",82,41,741,129003.8
"grande",83,41,637,106130.3
"grande",84,41,585,99491.8
"grande",85,41,646,94014.8
"grande",86,41,677,112151.5
"grande",87,41,718,141044.5
"grande",88,41,613,97404.99
"grande",89,41,706,109475.2
"grande",90,41,690,118131.7
"grande",91,41,641,96499.72
"grande",92,41,585,95143.18
"grande",93,41,576,79862.54
"grande",94,41,598,98967.55
"grande",95,41,609,89673.33
"grande",96,41,674,117818.4
"grande",97,41,677,112055.9
"grande",98,41,626,101874.4
"grande",99,41,731,142042.6
"grande",100,41,593,95491.71
"grande",1,42,716,117640.4
"grande",2,42,653,109995.1
"grande",3,42,625,104136.1
"grande",4,42,631,98994.61
"grande",5,42,667,124650.2
"grande",6,42,596,91115.22
"grande",7,42,584,90652.96
"grande",8,42,597,84131.51
"grande",9,42,584,88940.06
"grande",10,42,603,91064.63
"grande",11,42,657,100678.4
"grande",12,42,547,82928.45
"grande",13,42,727,105244.6
"grande",14,42,641,96327.04
"grande",15,42,638,91105.53
"grande",16,42,659,99681.46
"grande",17,42,704,117611
"grande",18,42,636,104548.6
"grande",19,42,688,119105.3
"grande",20,42,579,102309.9
"grande",21,42,586,84823.04
"grande",22,42,617,86567.51
"grande",23,42,812,151168
"grande",24,42,735,129885.9
"grande",25,42,710,122943.6
"grande",26,42,729,132299.9
"grande",27,42,582,87007.85
"grande",28,42,644,101222.7
"grande",29,42,678,119631.4
"grande",30,42,545,85360.11
"grande",31,42,670,111859.3
"grande",32,42,582,94703.92
"grande",33,42,602,90905.02
"grande",34,42,664,126307
"grande",35,42,630,101619.7
"grande",36,42,762,117933.6
"grande",37,42,617,92714.67
"grande",38,42,603,88497.07
"grande",39,42,683,106814.8
"grande",40,42,649,108998.9
"grande",41,42,762,144917.8
"grande",42,42,629,111723.3
"grande",43,42,699,113121.3
"grande",44,42,593,85928.91
"grande",45,42,518,72438.79
"grande",46,42,665,95685.61
"grande",47,42,656,119121.3
"grande",48,42,674,112617.3
"grande",49,42,572,85551.57
"grande",50,42,582,101002.9
"grande",51,42,715,108594.1
"grande",52,42,599,95626.82
"grande",53,42,610,87409.91
"grande",54,42,795,134991.6
"grande",55,42,712,108361.1
"grande",56,42,611,90529.55
"grande",57,42,589,95809.71
"grande",58,42,742,115347.1
"grande",59,42,573,85153.74
"grande",60,42,584,89710.35
"grande",61,42,551,95019.24
"grande",62,42,636,102570.7
"grande",63,42,637,96041.54
"grande",64,42,707,114198.6
"grande",65,42,681,97008.28
"grande",66,42,644,101451.9
"grande",67,42,639,92761.3
"grande",68,42,676,92468.6
"grande",69,42,737,133925.5
"grande",70,42,659,120204.4
"grande",71,42,713,121730.8
"grande",72,42,694,118016.6
"grande",73,42,694,109490.5
"grande",74,42,666,99471.54
"grande",75,42,605,95795.7
"grande",76,42,685,104935.3
"grande",77,42,618,93538.9
"grande",78,42,711,117941.3
"grande",79,42,613,78841.7
"grande",80,42,620,98878.93
"grande",81,42,619,83052.7
"grande",82,42,720,122127.8
"grande",83,42,653,107152.5
"grande",84,42,664,106480.8
"grande",85,42,495,65025.39
"grande",86,42,693,109736.8
"grande",87,42,686,108408.7
"grande",88,42,723,125557.6
"grande",89,42,614,96244.83
"grande",90,42,754,130175.2
"grande",91,42,638,90306.65
"grande",92,42,613,99196.76
"grande",93,42,718,117743.7
"grande",94,42,654,101244.2
"grande",95,42,648,107745.7
"grande",96,42,650,104359.2
"grande",97,42,700,112202.1
"grande",98,42,662,95658.23
"grande",99,42,722,119818.2
"grande",100,42,665,101297.6
"grande",1,43,721,125997
"grande",2,43,648,100268.7
"grande",3,43,578,89765.04
"grande",4,43,555,90712.72
"grande",5,43,610,94362.82
"grande",6,43,601,98351.85
"grande",7,43,775,126915.6
"grande",8,43,605,86825.52
"grande",9,43,686,103531.2
"grande",10,43,765,134821.9
"grande",11,43,678,111862.2
"grande",12,43,542,80513.67
"grande",13,43,759,136930
"grande",14,43,811,153336.1
"grande",15,43,673,111111.8
"grande",16,43,681,118824.9
"grande",17,43,618,88269.11
"grande",18,43,677,116409.3
"grande",19,43,597,91432.22
"grande",20,43,565,90370.95
"grande",21,43,696,117379.1
"grande",22,43,635,95423.68
"grande",23,43,618,95183
"grande",24,43,654,96594.76
"grande",25,43,662,107487.9
"grande",26,43,641,98635.79
"grande",27,43,697,121220.2
"grande",28,43,645,96200.67
"grande",29,43,631,97898.21
"grande",30,43,708,125346.4
"grande",31,43,503,61803.02
"grande",32,43,684,109120.6
"grande",33,43,548,74436.89
"grande",34,43,749,139171.7
"grande",35,43,698,115821.7
"grande",36,43,642,100448.1
"grande",37,43,649,103114.3
"grande",38,43,707,123431.5
"grande",39,43,704,140133.2
"grande",40,43,567,79299.29
"grande",41,43,712,124178.1
"grande",42,43,650,98785.22
"grande",43,43,794,150584.8
"grande",44,43,737,111052.5
"grande",45,43,624,85369.23
"grande",46,43,708,119914.3
"grande",47,43,639,89413.06
"grande",48,43,565,75690.38
"grande",49,43,781,154585.2
"grande",50,43,708,123248.5
"grande",51,43,668,105770.9
"grande",52,43,692,122962.4
"grande",53,43,711,121419.8
"grande",54,43,582,93309.85
"grande",55,43,622,107436
"grande",56,43,684,111608.1
"grande",57,43,678,108256.5
"grande",58,43,686,103727.1
"grande",59,43,627,98373.44
"grande",60,43,579,93851.51
"grande",61,43,656,108018.7
"grande",62,43,697,109862.1
"grande",63,43,687,114236
"grande",64,43,668,114057.5
"grande",65,43,575,90149.16
"grande",66,43,677,105770
"grande",67,43,715,120366.3
"grande",68,43,556,84129.57
"grande",69,43,730,119371.7
"grande",70,43,653,119683.6
"grande",71,43,660,119785.3
"grande",72,43,644,108062.4
"grande",73,43,567,92458.48
"grande",74,43,634,114102.3
"grande",75,43,653,95438.07
"grande",76,43,677,108296.8
"grande",77,43,627,92141.46
"grande",78,43,632,88471.04
"grande",79,43,655,108433
"grande",80,43,713,120595.6
"grande",81,43,630,101813.3
"grande",82,43,649,100772.6
"grande",83,43,600,85163.32
"grande",84,43,567,84976.88
"grande",85,43,603,90043.86
"grande",86,43,698,118243.7
"grande",87,43,664,108686
"grande",88,43,607,80823.35
"grande",89,43,588,77471.23
"grande",90,43,718,116992.1
"grande",91,43,655,107214.1
"grande",92,43,670,105129
"grande",93,43,556,72135.37
"grande",94,43,778,139328.6
"grande",95,43,589,92709.89
"grande",96,43,754,140703
"grande",97,43,640,101981.2
"grande",98,43,722,138132.4
"grande",99,43,671,109932.3
"grande",100,43,727,134911.7
"grande",1,44,561,73391.7
"grande",2,44,598,98943.25
"grande",3,44,643,101278.6
"grande",4,44,663,103193.8
"grande",5,44,692,116650.4
"grande",6,44,669,95627.55
"grande",7,44,695,103049.4
"grande",8,44,680,114718
"grande",9,44,534,68287.06
"grande",10,44,633,91486.78
"grande",11,44,575,85899.7
"grande",12,44,684,91717.45
"grande",13,44,659,92889.28
"grande",14,44,707,114896.1
"grande",15,44,594,94668.23
"grande",16,44,620,102387.6
"grande",17,44,615,90357.3
"grande",18,44,614,91400.23
"grande",19,44,616,99581.25
"grande",20,44,651,119154.7
"grande",21,44,634,97490.21
"grande",22,44,646,99455.32
"grande",23,44,695,115039.7
"grande",24,44,581,92118.81
"grande",25,44,611,90825.38
"grande",26,44,615,86070.44
"grande",27,44,613,94673.18
"grande",28,44,636,109039.9
"grande",29,44,695,110612.7
"grande",30,44,635,95250.6
"grande",31,44,703,111483.6
"grande",32,44,619,89625.27
"grande",33,44,596,89785.22
"grande",34,44,697,110615
"grande",35,44,522,74153.28
"grande",36,44,648,93222.37
"grande",37,44,622,99341.48
"grande",38,44,613,89058.78
"grande",39,44,662,112514.8
"grande",40,44,537,76128.45
"grande",41,44,619,103856.5
"grande",42,44,669,107816.2
"grande",43,44,688,115901.8
"grande",44,44,611,87949.46
"grande",45,44,679,108610.6
"grande",46,44,625,86283.52
"grande",47,44,666,104878.9
"grande",48,44,571,88262.78
"grande",49,44,765,130635.7
"grande",50,44,636,85057.48
"grande",51,44,581,97849.36
"grande",52,44,635,106130.1
"grande",53,44,648,103044.9
"grande",54,44,702,112271.5
"grande",55,44,624,94855.2
"grande",56,44,687,117232.8
"grande",57,44,663,94753.47
"grande",58,44,667,110236.4
"grande",59,44,554,78187.16
"grande",60,44,675,120191.6
"grande",61,44,558,92723.4
"grande",62,44,682,112076.7
"grande",63,44,651,99627.69
"grande",64,44,696,104830.3
"grande",65,44,727,120104.8
"grande",66,44,561,84380.3
"grande",67,44,707,121409.8
"grande",68,44,717,127877.5
"grande",69,44,613,87227.48
"grande",70,44,560,76213.91
"grande",71,44,637,99859.43
"grande",72,44,657,108399.4
"grande",73,44,695,116321
"grande",74,44,625,96535.24
"grande",75,44,731,120390.5
"grande",76,44,645,97783.83
"grande",77,44,727,120851
"grande",78,44,816,141354.7
"grande",79,44,630,96226.77
"grande",80,44,546,78698.42
"grande",81,44,678,104977.6
"grande",82,44,643,95434.77
"grande",83,44,614,94508.63
"grande",84,44,660,108802
"grande",85,44,706,124285.8
"grande",86,44,547,74129.56
"grande",87,44,649,103135.6
"grande",88,44,634,96017
"grande",89,44,674,110327.6
"grande",90,44,681,107610.3
"grande",91,44,599,98339.95
"grande",92,44,673,124286
"grande",93,44,740,131865.5
"grande",94,44,671,111299.3
"grande",95,44,665,111411.9
"grande",96,44,540,77461.77
"grande",97,44,635,114709.9
"grande",98,44,601,94327.34
"grande",99,44,599,102534.1
"grande",100,44,607,89718.91
"grande",1,45,735,114578.1
"grande",2,45,641,101933.2
"grande",3,45,690,112611.4
"grande",4,45,677,107237
"grande",5,45,678,114464.1
"grande",6,45,575,91779.5
"grande",7,45,733,129215.6
"grande",8,45,633,94228.17
"grande",9,45,676,102636.7
"grande",10,45,687,115382.6
"grande",11,45,701,118277.5
"grande",12,45,644,102466.5
"grande",13,45,737,132992.8
"grande",14,45,712,128681.7
"grande",15,45,611,87865.54
"grande",16,45,630,101390.9
"grande",17,45,671,105167.8
"grande",18,45,753,136699.9
"grande",19,45,687,121525.8
"grande",20,45,693,119850.5
"grande",21,45,661,100892.8
"grande",22,45,657,100863.6
"grande",23,45,647,114639.1
"grande",24,45,646,94593.06
"grande",25,45,672,92639.49
"grande",26,45,662,110966.9
"grande",27,45,593,91454.57
"grande",28,45,610,92053.91
"grande",29,45,648,87206.92
"grande",30,45,740,118792
"grande",31,45,751,134491.4
"grande",32,45,700,110108.3
"grande",33,45,702,120849.5
"grande",34,45,626,92886.76
"grande",35,45,680,109133.2
"grande",36,45,675,102328.6
"grande",37,45,700,112139.1
"grande",38,45,729,110579.9
"grande",39,45,690,105081.5
"grande",40,45,686,109638
"grande",41,45,626,97954.33
"grande",42,45,797,130723.7
"grande",43,45,646,117963.8
"grande",44,45,688,96562.8
"grande",45,45,682,111775.6
"grande",46,45,621,98061.72
"grande",47,45,684,104330.8
"grande",48,45,641,97907.71
"grande",49,45,637,99835.06
"grande",50,45,692,107437.4
"grande",51,45,663,104921.4
"grande",52,45,672,102195.8
"grande",53,45,703,106784.8
"grande",54,45,667,107379
"grande",55,45,724,117881.5
"grande",56,45,658,96080.88
"grande",57,45,728,131111.4
"grande",58,45,731,112920.6
"grande",59,45,641,94990.78
"grande",60,45,645,86123.56
"grande",61,45,651,100615.7
"grande",62,45,588,93809.55
"grande",63,45,629,93565.38
"grande",64,45,693,118735.9
"grande",65,45,673,113277.7
"grande",66,45,710,126044.7
"grande",67,45,693,106971.3
"grande",68,45,608,96889.17
"grande",69,45,646,105118.3
"grande",70,45,612,102671.8
"grande",71,45,584,93781.54
"grande",72,45,677,95574.7
"grande",73,45,643,97970.88
"grande",74,45,623,95232.03
"grande",75,45,643,101240.4
"grande",76,45,639,96348.8
"grande",77,45,597,100550.8
"grande",78,45,624,89581.98
"grande",79,45,549,84836.17
"grande",80,45,736,127427.7
"grande",81,45,580,87394.8
"grande",82,45,710,114530.2
"grande",83,45,682,109648.4
"grande",84,45,685,117709.5
"grande",85,45,807,143630.4
"grande",86,45,602,88492.19
"grande",87,45,656,100600.6
"grande",88,45,667,110480.7
"grande",89,45,678,106625.9
"grande",90,45,570,79233.28
"grande",91,45,621,103439
"grande",92,45,755,132348.2
"grande",93,45,662,108332.4
"grande",94,45,628,104007.5
"grande",95,45,713,118057.5
"grande",96,45,727,131290.3
"grande",97,45,700,118115.1
"grande",98,45,624,92573.09
"grande",99,45,674,98528.17
"grande",100,45,732,118637.8
"grande",1,46,559,83493.78
"grande",2,46,582,88567.09
"grande",3,46,634,93051.46
"grande",4,46,732,122630.3
"grande",5,46,705,120992.3
"grande",6,46,640,102087.3
"grande",7,46,678,106475.5
"grande",8,46,667,105659.5
"grande",9,46,606,94709.12
"grande",10,46,759,128326.5
"grande",11,46,697,133394
"grande",12,46,611,90373.3
"grande",13,46,640,87472.36
"grande",14,46,541,74870.95
"grande",15,46,650,105268.9
"grande",16,46,666,100986.7
"grande",17,46,703,123071.9
"grande",18,46,625,107071.4
"grande",19,46,544,74515.01
"grande",20,46,600,101922.6
"grande",21,46,785,154874.7
"grande",22,46,718,125451.8
"grande",23,46,661,107957.3
"grande",24,46,698,126105.4
"grande",25,46,664,104857.5
"grande",26,46,730,133173.7
"grande",27,46,614,89616.11
"grande",28,46,629,94054.62
"grande",29,46,665,104380.4
"grande",30,46,711,109350.9
"grande",31,46,629,89020.71
"grande",32,46,721,133151
"grande",33,46,703,117644.3
"grande",34,46,641,103994.9
"grande",35,46,687,98957.17
"grande",36,46,549,88020.58
"grande",37,46,722,116003.2
"grande",38,46,633,101485.6
"grande",39,46,632,95585.71
"grande",40,46,771,139218.4
"grande",41,46,544,71226.86
"grande",42,46,627,101825.9
"grande",43,46,580,89486.06
"grande",44,46,700,116015
"grande",45,46,620,98338.33
"grande",46,46,811,149127.1
"grande",47,46,601,79764.97
"grande",48,46,649,110293.6
"grande",49,46,688,102871.6
"grande",50,46,665,97973.83
"grande",51,46,670,109605.9
"grande",52,46,699,112291.6
"grande",53,46,717,121678.6
"grande",54,46,677,104626.4
"grande",55,46,558,86062.26
"grande",56,46,653,105817.2
"grande",57,46,659,106995
"grande",58,46,649,102350.6
"grande",59,46,629,104604.9
"grande",60,46,715,108435.4
"grande",61,46,632,92508.42
"grande",62,46,572,90192.68
"grande",63,46,833,174683.6
"grande",64,46,575,82801.48
"grande",65,46,693,117332.8
"grande",66,46,623,95192.71
"grande",67,46,632,98781.03
"grande",68,46,551,74857.26
"grande",69,46,619,96739.2
"grande",70,46,741,124091.1
"grande",71,46,632,100757
"grande",72,46,632,101542.4
"grande",73,46,581,83112.04
"grande",74,46,687,110113.1
"grande",75,46,686,115058.2
"grande",76,46,701,122229.9
"grande",77,46,756,147159.1
"grande",78,46,685,107580.4
"grande",79,46,593,75473.38
"grande",80,46,716,120858.4
"grande",81,46,669,102098
"grande",82,46,636,107499.3
"grande",83,46,618,89704.98
"grande",84,46,783,153386.5
"grande",85,46,703,113333.4
"grande",86,46,611,92479.65
"grande",87,46,667,112300
"grande",88,46,635,99860.01
"grande",89,46,686,108328.6
"grande",90,46,748,132616
"grande",91,46,624,100251.2
"grande",92,46,581,87581.59
"grande",93,46,724,120588.3
"grande",94,46,585,90296.36
"grande",95,46,764,140908.2
"grande",96,46,645,111104.5
"grande",97,46,663,117579.3
"grande",98,46,570,79798.9
"grande",99,46,627,91160.12
"grande",100,46,608,87576.27
"grande",1,47,610,98703.21
"grande",2,47,524,72483.95
"grande",3,47,645,105509.6
"grande",4,47,568,78889.09
"grande",5,47,655,115981.2
"grande",6,47,670,94584.88
"grande",7,47,642,97314.95
"grande",8,47,624,105005.4
"grande",9,47,603,86232.76
"grande",10,47,521,75764.43
"grande",11,47,617,93390.02
"grande",12,47,713,128455.8
"grande",13,47,632,101591.8
"grande",14,47,605,99574.44
"grande",15,47,675,103203.6
"grande",16,47,638,104074.8
"grande",17,47,626,99758.38
"grande",18,47,611,87584.81
"grande",19,47,733,124178.2
"grande",20,47,640,100249.4
"grande",21,47,614,97129.12
"grande",22,47,618,104261.6
"grande",23,47,660,109218.8
"grande",24,47,613,87933.1
"grande",25,47,661,107432
"grande",26,47,584,84258.03
"grande",27,47,691,102302.4
"grande",28,47,650,96915.58
"grande",29,47,681,115224.8
"grande",30,47,708,115996
"grande",31,47,591,85013.17
"grande",32,47,573,81807.66
"grande",33,47,665,108528.6
"grande",34,47,715,128082.1
"grande",35,47,673,117640.4
"grande",36,47,641,106943.4
"grande",37,47,574,83936.05
"grande",38,47,664,110819
"grande",39,47,613,98302.89
"grande",40,47,634,98209.66
"grande",41,47,647,112322.3
"grande",42,47,697,116532.5
"grande",43,47,652,107121.3
"grande",44,47,659,109319
"grande",45,47,730,126412.5
"grande",46,47,601,89038.32
"grande",47,47,652,91534.6
"grande",48,47,613,86338.44
"grande",49,47,656,110481.8
"grande",50,47,682,99367.37
"grande",51,47,625,103538.3
"grande",52,47,702,112723.8
"grande",53,47,622,93650.59
"grande",54,47,638,97085.94
"grande",55,47,769,129694.3
"grande",56,47,684,111010.7
"grande",57,47,684,126550.6
"grande",58,47,649,99382.28
"grande",59,47,675,107011.9
"grande",60,47,591,98513.46
"grande",61,47,725,116317.2
"grande",62,47,540,74374.26
"grande",63,47,585,86711.03
"grande",64,47,660,101209.3
"grande",65,47,610,96986.14
"grande",66,47,781,140552.3
"grande",67,47,629,97865.52
"grande",68,47,624,98277.54
"grande",69,47,716,114214.7
"grande",70,47,612,98452.96
"grande",71,47,737,143736.7
"grande",72,47,669,112707.7
"grande",73,47,630,96188.8
"grande",74,47,606,92298.57
"grande",75,47,612,92123.8
"grande",76,47,683,127589.1
"grande",77,47,627,90411.84
"grande",78,47,648,108504.1
"grande",79,47,603,84031.73
"grande",80,47,619,84381.71
"grande",81,47,571,81677.92
"grande",82,47,572,85959.54
"grande",83,47,634,107991.1
"grande",84,47,699,117574.7
"grande",85,47,657,113013.9
"grande",86,47,640,98341.08
"grande",87,47,747,123050.6
"grande",88,47,607,86262.33
"grande",89,47,656,107628.7
"grande",90,47,554,79031.97
"grande",91,47,631,106019.2
"grande",92,47,599,86045.07
"grande",93,47,610,82968.94
"grande",94,47,580,83526.33
"grande",95,47,706,127198.2
"grande",96,47,656,101726
"grande",97,47,660,106416.1
"grande",98,47,705,114117
"grande",99,47,628,96170.43
"grande",100,47,641,91588.63
"grande",1,48,655,103952.6
"grande",2,48,628,97011.19
"grande",3,48,583,97050.27
"grande",4,48,657,91689.84
"grande",5,48,643,112183.6
"grande",6,48,583,83722.81
"grande",7,48,598,100664.9
"grande",8,48,555,86061.66
"grande",9,48,532,69040.02
"grande",10,48,649,103290.3
"grande",11,48,641,110644.8
"grande",12,48,659,106048.3
"grande",13,48,691,122077.7
"grande",14,48,687,109694.5
"grande",15,48,626,108564.6
"grande",16,48,661,101546.1
"grande",17,48,602,97026.06
"grande",18,48,652,121822
"grande",19,48,657,100540
"grande",20,48,621,104161
"grande",21,48,629,105845.2
"grande",22,48,631,107177.4
"grande",23,48,650,113673.4
"grande",24,48,657,104111
"grande",25,48,649,105803.3
"grande",26,48,604,92463.4
"grande",27,48,704,145813.3
"grande",28,48,646,96281.92
"grande",29,48,650,100329.9
"grande",30,48,584,94153.64
"grande",31,48,701,127658.2
"grande",32,48,655,103910.6
"grande",33,48,599,88385.28
"grande",34,48,579,85901.25
"grande",35,48,564,74549.1
"grande",36,48,636,102847.3
"grande",37,48,655,105541.8
"grande",38,48,598,81057.46
"grande",39,48,629,102456.7
"grande",40,48,652,98697.98
"grande",41,48,726,132790.8
"grande",42,48,701,125176.2
"grande",43,48,623,88807.87
"grande",44,48,532,83136.17
"grande",45,48,541,86701
"grande",46,48,674,107431.9
"grande",47,48,708,129812
"grande",48,48,545,83293.59
"grande",49,48,661,109837.1
"grande",50,48,549,86605.28
"grande",51,48,612,82797.14
"grande",52,48,674,110696.4
"grande",53,48,665,110365.7
"grande",54,48,756,141075.2
"grande",55,48,523,67512.51
"grande",56,48,683,122306.6
"grande",57,48,635,116083.9
"grande",58,48,567,97851.01
"grande",59,48,624,89613.9
"grande",60,48,498,69966.61
"grande",61,48,644,105584.7
"grande",62,48,662,106137.7
"grande",63,48,608,88189.73
"grande",64,48,678,105330.3
"grande",65,48,641,109944.8
"grande",66,48,675,113056.2
"grande",67,48,659,88603.47
"grande",68,48,651,108195.3
"grande",69,48,620,94400.88
"grande",70,48,608,99458.01
"grande",71,48,551,70753.67
"grande",72,48,523,85163.14
"grande",73,48,627,102439.7
"grande",74,48,728,124322.8
"grande",75,48,633,105925.5
"grande",76,48,668,97921.09
"grande",77,48,630,96534.02
"grande",78,48,617,87979.71
"grande",79,48,716,122469.4
"grande",80,48,588,88770.57
"grande",81,48,629,105064.9
"grande",82,48,615,104113.1
"grande",83,48,629,97576.9
"grande",84,48,652,114419.9
"grande",85,48,676,115288.7
"grande",86,48,630,95852.35
"grande",87,48,611,89847.63
"grande",88,48,664,107948.1
"grande",89,48,630,93486.59
"grande",90,48,602,91299.13
"grande",91,48,542,72945.79
"grande",92,48,650,98906.22
"grande",93,48,660,102094.9
"grande",94,48,657,110196.5
"grande",95,48,611,102874.6
"grande",96,48,628,94889.34
"grande",97,48,612,99173.62
"grande",98,48,616,92104.67
"grande",99,48,665,121241.4
"grande",100,48,498,64295.02
"grande",1,49,653,99735.56
"grande",2,49,654,103878.8
"grande",3,49,651,113663
"grande",4,49,613,93227.59
"grande",5,49,606,90944.15
"grande",6,49,718,112278.2
"grande",7,49,615,89853.15
"grande",8,49,706,114794.3
"grande",9,49,597,81430.52
"grande",10,49,579,78962.37
"grande",11,49,665,109818.9
"grande",12,49,630,97745.6
"grande",13,49,631,84314.63
"grande",14,49,628,92978.68
"grande",15,49,632,98182.48
"grande",16,49,570,77734.17
"grande",17,49,691,101258.7
"grande",18,49,620,90062.82
"grande",19,49,771,146563.1
"grande",20,49,638,108288
"grande",21,49,612,98412.91
"grande",22,49,604,88335.77
"grande",23,49,599,95748.37
"grande",24,49,666,110628
"grande",25,49,605,96319.51
"grande",26,49,653,105010.6
"grande",27,49,694,118076.1
"grande",28,49,602,87743.53
"grande",29,49,570,78892.07
"grande",30,49,648,112023
"grande",31,49,751,125901.4
"grande",32,49,680,114919.4
"grande",33,49,638,97103.6
"grande",34,49,777,133016.2
"grande",35,49,582,88780.08
"grande",36,49,655,112824.8
"grande",37,49,627,102657
"grande",38,49,543,91681.62
"grande",39,49,545,64628.12
"grande",40,49,679,121351
"grande",41,49,639,92701.44
"grande",42,49,595,95318.08
"grande",43,49,631,114760.7
"grande",44,49,678,104451.8
"grande",45,49,664,123680.8
"grande",46,49,669,116526.3
"grande",47,49,631,101308.8
"grande",48,49,711,114287
"grande",49,49,610,93604.07
"grande",50,49,613,84288.01
"grande",51,49,765,125752.3
"grande",52,49,605,97628.84
"grande",53,49,627,110935.4
"grande",54,49,702,123470.7
"grande",55,49,623,98429.38
"grande",56,49,603,88414.74
"grande",57,49,619,91941.73
"grande",58,49,653,104495.4
"grande",59,49,549,76548.21
"grande",60,49,607,89660.4
"grande",61,49,642,107531.7
"grande",62,49,620,96604.73
"grande",63,49,659,106138.4
"grande",64,49,633,90426.45
"grande",65,49,605,84223.45
"grande",66,49,713,117102.9
"grande",67,49,607,81917.56
"grande",68,49,704,129619.3
"grande",69,49,537,75459.9
"grande",70,49,690,128649.6
"grande",71,49,692,117919.7
"grande",72,49,604,87051.57
"grande",73,49,628,96370.84
"grande",74,49,604,99487.72
"grande",75,49,643,103309.3
"grande",76,49,628,102765.5
"grande",77,49,766,128688.5
"grande",78,49,628,94376.31
"grande",79,49,661,108888.8
"grande",80,49,607,81630.45
"grande",81,49,609,95963.51
"grande",82,49,599,86497.42
"grande",83,49,633,88145.1
"grande",84,49,687,112042.1
"grande",85,49,633,94639.27
"grande",86,49,660,97630.48
"grande",87,49,674,135823.9
"grande",88,49,600,89429.7
"grande",89,49,724,131052.5
"grande",90,49,677,110294.9
"grande",91,49,558,79961.2
"grande",92,49,659,124422.9
"grande",93,49,609,98342.14
"grande",94,49,571,83182.38
"grande",95,49,557,68547.79
"grande",96,49,533,66643.04
"grande",97,49,611,92715.21
"grande",98,49,605,85221.26
"grande",99,49,585,84573.26
"grande",100,49,666,110982.8
"grande",1,5,721,123178.5
"grande",2,5,750,112635.4
"grande",3,5,670,114867.7
"grande",4,5,626,95588.85
"grande",5,5,632,89894.51
"grande",6,5,595,80540.46
"grande",7,5,722,123681.5
"grande",8,5,568,87725.61
"grande",9,5,646,95611.97
"grande",10,5,708,113646
"grande",11,5,617,92240.26
"grande",12,5,655,98372.27
"grande",13,5,674,104212.1
"grande",14,5,664,94457.05
"grande",15,5,753,142782
"grande",16,5,613,81776.04
"grande",17,5,679,112420.5
"grande",18,5,628,87128.34
"grande",19,5,592,87014.57
"grande",20,5,706,100818.2
"grande",21,5,693,127231.4
"grande",22,5,792,143971.6
"grande",23,5,793,129141.5
"grande",24,5,673,112584.1
"grande",25,5,803,155929.2
"grande",26,5,662,100249
"grande",27,5,597,86615.05
"grande",28,5,621,101380.8
"grande",29,5,628,95660.57
"grande",30,5,724,115016.4
"grande",31,5,720,127674.8
"grande",32,5,615,90323.8
"grande",33,5,652,113902.2
"grande",34,5,749,136240.7
"grande",35,5,639,105495.8
"grande",36,5,617,75735.72
"grande",37,5,626,100949
"grande",38,5,694,105822.1
"grande",39,5,641,106248.7
"grande",40,5,689,106576.2
"grande",41,5,773,149432.7
"grande",42,5,700,113302.8
"grande",43,5,705,116890.2
"grande",44,5,539,77156.12
"grande",45,5,763,147807
"grande",46,5,602,95662.24
"grande",47,5,717,114696.2
"grande",48,5,629,95052.12
"grande",49,5,719,116596.3
"grande",50,5,541,74702.67
"grande",51,5,694,102066
"grande",52,5,699,110152.3
"grande",53,5,677,101597.4
"grande",54,5,719,121703
"grande",55,5,663,114404.6
"grande",56,5,816,156989.5
"grande",57,5,676,111508.6
"grande",58,5,654,118900.5
"grande",59,5,612,86501
"grande",60,5,632,92621.4
"grande",61,5,669,107615.6
"grande",62,5,672,110373.8
"grande",63,5,661,103661.7
"grande",64,5,713,118069.3
"grande",65,5,621,95799.42
"grande",66,5,617,93767.11
"grande",67,5,568,86716
"grande",68,5,588,106319.4
"grande",69,5,687,113598.7
"grande",70,5,687,105775.9
"grande",71,5,598,98221.94
"grande",72,5,652,87761.88
"grande",73,5,593,91220.78
"grande",74,5,696,113014.3
"grande",75,5,651,93841.25
"grande",76,5,667,100741.2
"grande",77,5,669,107582.4
"grande",78,5,621,100754.9
"grande",79,5,639,105428.7
"grande",80,5,774,150251.5
"grande",81,5,654,104633.4
"grande",82,5,655,92606.55
"grande",83,5,706,110409.3
"grande",84,5,621,95162.44
"grande",85,5,674,128524.6
"grande",86,5,569,79671.63
"grande",87,5,734,123981.7
"grande",88,5,718,128016.5
"grande",89,5,682,107742.2
"grande",90,5,681,116011.1
"grande",91,5,612,85728.3
"grande",92,5,635,97203.11
"grande",93,5,690,112652
"grande",94,5,601,86012.04
"grande",95,5,602,81658.7
"grande",96,5,682,102638.3
"grande",97,5,652,102456
"grande",98,5,672,110486.5
"grande",99,5,643,102338.1
"grande",100,5,754,134203.5
"grande",1,50,595,91517.39
"grande",2,50,630,95710.94
"grande",3,50,738,128001.5
"grande",4,50,709,122894.1
"grande",5,50,525,72083.21
"grande",6,50,709,109590.4
"grande",7,50,692,120560
"grande",8,50,576,80790.91
"grande",9,50,606,91064.27
"grande",10,50,530,75870.92
"grande",11,50,725,120281.2
"grande",12,50,731,122664.2
"grande",13,50,700,105206.8
"grande",14,50,579,79612.49
"grande",15,50,657,98904.24
"grande",16,50,642,110453.2
"grande",17,50,663,100925.9
"grande",18,50,674,101698.1
"grande",19,50,664,106202.9
"grande",20,50,659,100897.6
"grande",21,50,625,89287.89
"grande",22,50,620,92289.54
"grande",23,50,622,92621.7
"grande",24,50,610,92747.26
"grande",25,50,670,102107.4
"grande",26,50,694,100127.6
"grande",27,50,710,116782.8
"grande",28,50,713,129004.3
"grande",29,50,741,124713.2
"grande",30,50,603,78985.24
"grande",31,50,771,126557.8
"grande",32,50,587,74492.3
"grande",33,50,678,90972.42
"grande",34,50,699,114323.3
"grande",35,50,722,112710.5
"grande",36,50,695,102984
"grande",37,50,669,104540.6
"grande",38,50,656,112605.7
"grande",39,50,539,86503.58
"grande",40,50,646,87524.31
"grande",41,50,672,100673.6
"grande",42,50,608,92491.43
"grande",43,50,626,99263.65
"grande",44,50,590,95283.13
"grande",45,50,590,88159.79
"grande",46,50,781,136229.9
"grande",47,50,732,129199.2
"grande",48,50,593,91764.72
"grande",49,50,742,128918.2
"grande",50,50,675,104283.4
"grande",51,50,661,102326.4
"grande",52,50,693,119867.2
"grande",53,50,675,100982.6
"grande",54,50,657,103266.5
"grande",55,50,676,106523.8
"grande",56,50,570,89238.46
"grande",57,50,588,79075.03
"grande",58,50,615,100500.7
"grande",59,50,727,133451.2
"grande",60,50,615,91536.55
"grande",61,50,640,88545.62
"grande",62,50,694,113043.5
"grande",63,50,645,98115.51
"grande",64,50,581,80777.71
"grande",65,50,605,96363.81
"grande",66,50,627,80169.23
"grande",67,50,631,80876.88
"grande",68,50,674,102468
"grande",69,50,562,74330.41
"grande",70,50,627,106444.4
"grande",71,50,698,115120.8
"grande",72,50,578,84010.94
"grande",73,50,696,104850.1
"grande",74,50,597,95048.05
"grande",75,50,659,100768.2
"grande",76,50,633,103828.3
"grande",77,50,731,130670.6
"grande",78,50,600,91345.68
"grande",79,50,646,101003.3
"grande",80,50,694,117786.1
"grande",81,50,602,83685.49
"grande",82,50,798,155805.2
"grande",83,50,616,93609.4
"grande",84,50,634,97239.59
"grande",85,50,715,121254.6
"grande",86,50,688,112984.5
"grande",87,50,763,145284.9
"grande",88,50,590,90599.93
"grande",89,50,694,109003.1
"grande",90,50,664,105813
"grande",91,50,614,100111.4
"grande",92,50,660,105387.7
"grande",93,50,706,119743.8
"grande",94,50,684,111139.5
"grande",95,50,689,113851.7
"grande",96,50,660,101874.4
"grande",97,50,724,124081.6
"grande",98,50,612,102685.8
"grande",99,50,638,115019.9
"grande",100,50,675,120097.6
"grande",1,6,613,100515.3
"grande",2,6,702,117697.8
"grande",3,6,620,89496.75
"grande",4,6,585,94161.15
"grande",5,6,691,121080.9
"grande",6,6,604,83875.04
"grande",7,6,576,85931.04
"grande",8,6,600,89551.93
"grande",9,6,695,110999.7
"grande",10,6,648,96433.48
"grande",11,6,675,99264.32
"grande",12,6,614,91973.15
"grande",13,6,581,84822.06
"grande",14,6,695,122459.6
"grande",15,6,705,138621.5
"grande",16,6,598,87556.69
"grande",17,6,577,86254.82
"grande",18,6,618,98365.12
"grande",19,6,624,90628
"grande",20,6,657,99388.68
"grande",21,6,605,101914.4
"grande",22,6,687,99211.62
"grande",23,6,645,109693.9
"grande",24,6,629,92256.48
"grande",25,6,644,105714.8
"grande",26,6,671,111650.6
"grande",27,6,690,119713
"grande",28,6,631,92045.19
"grande",29,6,514,72016.7
"grande",30,6,582,88782.84
"grande",31,6,694,107121.3
"grande",32,6,620,97144.49
"grande",33,6,656,97330.7
"grande",34,6,589,85034.59
"grande",35,6,665,112913.9
"grande",36,6,642,95881.62
"grande",37,6,622,94459.79
"grande",38,6,578,76921.69
"grande",39,6,711,118857.3
"grande",40,6,651,100119.6
"grande",41,6,648,87219.58
"grande",42,6,618,91416.12
"grande",43,6,677,98456.76
"grande",44,6,677,108951.3
"grande",45,6,755,136020.6
"grande",46,6,615,93786.53
"grande",47,6,715,125073.7
"grande",48,6,572,82793.82
"grande",49,6,635,105429.4
"grande",50,6,679,104017
"grande",51,6,592,84575.58
"grande",52,6,703,117711.2
"grande",53,6,655,103218.5
"grande",54,6,620,89261.29
"grande",55,6,666,106887.2
"grande",56,6,625,100908.3
"grande",57,6,655,103816.4
"grande",58,6,655,99480.98
"grande",59,6,648,110156.1
"grande",60,6,687,112646
"grande",61,6,637,95975.67
"grande",62,6,601,86558.63
"grande",63,6,758,121959.3
"grande",64,6,620,100978.6
"grande",65,6,618,106732.5
"grande",66,6,640,103035.2
"grande",67,6,740,130712.6
"grande",68,6,638,106545.9
"grande",69,6,656,85733.37
"grande",70,6,564,72677.96
"grande",71,6,573,73583.23
"grande",72,6,606,104423.5
"grande",73,6,653,99307.61
"grande",74,6,686,117034.2
"grande",75,6,741,131421
"grande",76,6,744,127533.8
"grande",77,6,645,107216.3
"grande",78,6,792,145898.1
"grande",79,6,650,104268.1
"grande",80,6,660,107107.2
"grande",81,6,597,78214.21
"grande",82,6,707,112502.7
"grande",83,6,541,81495.58
"grande",84,6,562,92432.72
"grande",85,6,542,76895.61
"grande",86,6,590,104816.2
"grande",87,6,565,78497.02
"grande",88,6,727,125774.5
"grande",89,6,580,77481.96
"grande",90,6,674,94696.86
"grande",91,6,658,108926.3
"grande",92,6,616,93352.03
"grande",93,6,725,119405.6
"grande",94,6,774,132494
"grande",95,6,595,83020.28
"grande",96,6,523,74362.91
"grande",97,6,696,100806.2
"grande",98,6,682,106042.9
"grande",99,6,580,93292.2
"grande",100,6,693,109030.1
"grande",1,7,618,99985.72
"grande",2,7,536,92029.32
"grande",3,7,671,109268
"grande",4,7,608,93547.38
"grande",5,7,630,101932.4
"grande",6,7,730,136189
"grande",7,7,657,97021.74
"grande",8,7,658,93691.15
"grande",9,7,575,80706.55
"grande",10,7,671,124288
"grande",11,7,595,78253.14
"grande",12,7,618,84450.47
"grande",13,7,610,89158.2
"grande",14,7,706,124683.9
"grande",15,7,589,94901.73
"grande",16,7,687,118688.5
"grande",17,7,702,138091.5
"grande",18,7,595,87624.16
"grande",19,7,617,102681.5
"grande",20,7,623,89307.4
"grande",21,7,589,92002.77
"grande",22,7,645,99532.22
"grande",23,7,659,115213
"grande",24,7,648,115439.4
"grande",25,7,635,100859.1
"grande",26,7,658,109131.3
"grande",27,7,669,118962
"grande",28,7,595,95784.6
"grande",29,7,642,124158.4
"grande",30,7,613,109521.4
"grande",31,7,629,95862.24
"grande",32,7,594,82064.66
"grande",33,7,557,72178.17
"grande",34,7,712,111324.2
"grande",35,7,552,70370.69
"grande",36,7,701,133557.4
"grande",37,7,596,113387.1
"grande",38,7,778,123929.8
"grande",39,7,601,98040.96
"grande",40,7,612,98915.41
"grande",41,7,749,137826.7
"grande",42,7,573,83268.88
"grande",43,7,637,107493
"grande",44,7,717,121964.1
"grande",45,7,548,72196.02
"grande",46,7,641,86091.24
"grande",47,7,613,88816.55
"grande",48,7,677,111874.9
"grande",49,7,615,85089.7
"grande",50,7,590,81770.54
"grande",51,7,704,134386.6
"grande",52,7,640,104810.4
"grande",53,7,675,103568.3
"grande",54,7,691,116862.8
"grande",55,7,633,108810
"grande",56,7,727,131955.7
"grande",57,7,548,76052.57
"grande",58,7,634,95462.94
"grande",59,7,702,114459.6
"grande",60,7,589,88067.66
"grande",61,7,598,83208.67
"grande",62,7,784,155687.3
"grande",63,7,640,94442.93
"grande",64,7,677,116411.5
"grande",65,7,679,112167.8
"grande",66,7,643,106524.4
"grande",67,7,633,109598.6
"grande",68,7,582,97508.56
"grande",69,7,624,95062.06
"grande",70,7,633,93711.54
"grande",71,7,693,124289.9
"grande",72,7,664,116993.8
"grande",73,7,649,100496.7
"grande",74,7,599,103289.1
"grande",75,7,618,98568.65
"grande",76,7,646,107333.6
"grande",77,7,604,90752.11
"grande",78,7,640,101436.7
"grande",79,7,667,123991
"grande",80,7,735,138163.2
"grande",81,7,545,78611.97
"grande",82,7,637,101518.6
"grande",83,7,611,93326.61
"grande",84,7,566,83541.56
"grande",85,7,676,103512
"grande",86,7,595,99607.82
"grande",87,7,568,91161.62
"grande",88,7,688,120413.5
"grande",89,7,598,90202.47
"grande",90,7,723,120046.1
"grande",91,7,725,124114.6
"grande",92,7,645,102782.8
"grande",93,7,647,97995.01
"grande",94,7,642,105444.1
"grande",95,7,689,118839.2
"grande",96,7,560,94731.43
"grande",97,7,578,81331.9
"grande",98,7,612,101649.9
"grande",99,7,629,108699.5
"grande",100,7,658,104102.5
"grande",1,8,634,95312.33
"grande",2,8,686,104061.8
"grande",3,8,655,104788.6
"grande",4,8,609,100758.1
"grande",5,8,648,109669.2
"grande",6,8,596,90846.04
"grande",7,8,655,113416.6
"grande",8,8,642,101812.1
"grande",9,8,616,92174.55
"grande",10,8,632,106434.9
"grande",11,8,641,96064.74
"grande",12,8,773,140649
"grande",13,8,637,97384.09
"grande",14,8,750,141835.7
"grande",15,8,549,75974.32
"grande",16,8,587,89705.78
"grande",17,8,629,92609.81
"grande",18,8,572,78287.26
"grande",19,8,563,73627.28
"grande",20,8,689,105490.4
"grande",21,8,586,85214.64
"grande",22,8,655,89575.35
"grande",23,8,672,108349.8
"grande",24,8,654,110205.7
"grande",25,8,685,104283.9
"grande",26,8,670,101262.1
"grande",27,8,702,111387.4
"grande",28,8,650,102055.8
"grande",29,8,605,85789.6
"grande",30,8,636,99176.97
"grande",31,8,660,100906.7
"grande",32,8,648,107211.7
"grande",33,8,601,87349.14
"grande",34,8,554,80892.99
"grande",35,8,656,113110.8
"grande",36,8,667,123313.4
"grande",37,8,583,85108.9
"grande",38,8,768,131682.4
"grande",39,8,705,114783.2
"grande",40,8,731,116714.8
"grande",41,8,666,122476.2
"grande",42,8,711,118306.6
"grande",43,8,637,102654.2
"grande",44,8,755,128109.3
"grande",45,8,677,97414.4
"grande",46,8,620,107326.3
"grande",47,8,640,101982.5
"grande",48,8,653,98344.04
"grande",49,8,583,84614.93
"grande",50,8,637,101924
"grande",51,8,641,98389.39
"grande",52,8,604,93907.51
"grande",53,8,626,94233.74
"grande",54,8,678,108563.7
"grande",55,8,711,122398
"grande",56,8,627,103609.7
"grande",57,8,670,116686.8
"grande",58,8,736,123081.3
"grande",59,8,648,94263.08
"grande",60,8,756,137945.1
"grande",61,8,683,105686.1
"grande",62,8,644,104077.6
"grande",63,8,634,118631.4
"grande",64,8,647,95466.47
"grande",65,8,566,82306.38
"grande",66,8,711,115477.5
"grande",67,8,630,89626.82
"grande",68,8,674,113310.2
"grande",69,8,533,74793.78
"grande",70,8,674,101042.1
"grande",71,8,729,130838.5
"grande",72,8,652,95827.34
"grande",73,8,736,133206.2
"grande",74,8,649,100405.8
"grande",75,8,732,117767.4
"grande",76,8,645,97460.26
"grande",77,8,652,114980.7
"grande",78,8,651,112595.9
"grande",79,8,677,105811.5
"grande",80,8,707,117281.1
"grande",81,8,723,127399.7
"grande",82,8,600,88471.23
"grande",83,8,590,90355.36
"grande",84,8,614,94588.9
"grande",85,8,663,100294.8
"grande",86,8,642,98562.71
"grande",87,8,605,97837.62
"grande",88,8,668,107898.9
"grande",89,8,636,110615.9
"grande",90,8,579,85411.2
"grande",91,8,611,95820.41
"grande",92,8,623,93966.45
"grande",93,8,737,124723.3
"grande",94,8,660,101562.6
"grande",95,8,749,120048.1
"grande",96,8,703,111114.5
"grande",97,8,709,109638.2
"grande",98,8,792,143530.8
"grande",99,8,794,149961.6
"grande",100,8,615,88088.75
"grande",1,9,667,119689
"grande",2,9,692,112516.2
"grande",3,9,675,113849.9
"grande",4,9,634,100524
"grande",5,9,619,88055.6
"grande",6,9,632,95020.55
"grande",7,9,660,105748.2
"grande",8,9,627,97652.58
"grande",9,9,659,105020
"grande",10,9,639,109811.9
"grande",11,9,586,85519.9
"grande",12,9,701,112548.5
"grande",13,9,651,103776.3
"grande",14,9,748,129096.4
"grande",15,9,580,93665.4
"grande",16,9,613,104319.9
"grande",17,9,582,88059.54
"grande",18,9,622,107702.8
"grande",19,9,662,117071.2
"grande",20,9,631,100936.8
"grande",21,9,721,121478.7
"grande",22,9,638,107359.9
"grande",23,9,593,94785.25
"grande",24,9,649,115753.8
"grande",25,9,681,111873.3
"grande",26,9,701,123171.9
"grande",27,9,633,102810.8
"grande",28,9,770,133146.4
"grande",29,9,635,92865.51
"grande",30,9,659,111239.3
"grande",31,9,578,94185.28
"grande",32,9,631,104489.8
"grande",33,9,735,127573
"grande",34,9,582,90849.78
"grande",35,9,691,120232.6
"grande",36,9,609,110469.7
"grande",37,9,724,112955.3
"grande",38,9,678,123276.7
"grande",39,9,718,117826.9
"grande",40,9,676,114157.7
"grande",41,9,707,108511
"grande",42,9,589,96340.02
"grande",43,9,657,103261
"grande",44,9,797,147659.7
"grande",45,9,663,106661.4
"grande",46,9,679,108083.1
"grande",47,9,734,125249
"grande",48,9,685,118767.6
"grande",49,9,650,107202.5
"grande",50,9,560,74108.5
"grande",51,9,666,109927.8
"grande",52,9,660,105000.4
"grande",53,9,672,128146.7
"grande",54,9,562,79454.51
"grande",55,9,548,77490.51
"grande",56,9,565,85340.04
"grande",57,9,583,85480.88
"grande",58,9,668,113659.2
"grande",59,9,608,94764.76
"grande",60,9,643,100085.6
"grande",61,9,632,98562.58
"grande",62,9,592,86853.62
"grande",63,9,647,101881.2
"grande",64,9,663,108503.9
"grande",65,9,637,100288.7
"grande",66,9,643,113764.9
"grande",67,9,650,101869.2
"grande",68,9,617,97496.92
"grande",69,9,657,106277.9
"grande",70,9,634,109879.7
"grande",71,9,659,108989.3
"grande",72,9,744,127979.5
"grande",73,9,766,135246.8
"grande",74,9,681,113826.9
"grande",75,9,535,73058.53
"grande",76,9,660,103312.8
"grande",77,9,615,110387.1
"grande",78,9,632,106605.7
"grande",79,9,634,99227.04
"grande",80,9,664,109922.7
"grande",81,9,597,96111.1
"grande",82,9,678,116435.3
"grande",83,9,655,113731.4
"grande",84,9,676,111680.2
"grande",85,9,669,116239.3
"grande",86,9,703,116028.5
"grande",87,9,596,98592.12
"grande",88,9,617,103392.5
"grande",89,9,662,101915.9
"grande",90,9,623,105792.3
"grande",91,9,629,100729.9
"grande",92,9,649,107031.9
"grande",93,9,703,104800
"grande",94,9,644,101350.1
"grande",95,9,622,98747.05
"grande",96,9,663,113054.6
"grande",97,9,653,104694.7
"grande",98,9,609,91999.57
"grande",99,9,587,112341
"grande",100,9,630,95009.34
"petite",1,1,609,78094.05
"petite",2,1,632,88365.27
"petite",3,1,582,95491.69
"petite",4,1,531,66240.16
"petite",5,1,516,68874.44
"petite",6,1,645,91705.95
"petite",7,1,580,82202.08
"petite",8,1,611,87735.21
"petite",9,1,597,88514.21
"petite",10,1,656,85661.03
"petite",11,1,597,89385.29
"petite",12,1,696,98387.41
"petite",13,1,561,80074.91
"petite",14,1,667,114391.5
"petite",15,1,593,84989.9
"petite",16,1,619,82425.05
"petite",17,1,659,118275.5
"petite",18,1,681,108282.2
"petite",19,1,657,84041.06
"petite",20,1,618,89295.64
"petite",21,1,508,59903.24
"petite",22,1,561,83046.23
"petite",23,1,566,76483.51
"petite",24,1,684,109948.7
"petite",25,1,603,93801.73
"petite",26,1,709,130020.8
"petite",27,1,600,84379.92
"petite",28,1,598,85752.52
"petite",29,1,634,92889.4
"petite",30,1,754,116334.6
"petite",31,1,565,82825.45
"petite",32,1,711,100232.6
"petite",33,1,591,86051.18
"petite",34,1,559,78924.14
"petite",35,1,621,97860.69
"petite",36,1,655,100712.8
"petite",37,1,742,119755.3
"petite",38,1,618,90089.06
"petite",39,1,619,85198.31
"petite",40,1,600,80534.21
"petite",41,1,607,92113.2
"petite",42,1,592,79452.2
"petite",43,1,623,93401.91
"petite",44,1,636,99292.28
"petite",45,1,574,86998.62
"petite",46,1,596,82957.97
"petite",47,1,633,87906.17
"petite",48,1,648,102272.5
"petite",49,1,701,106349.7
"petite",50,1,533,70288.05
"petite",51,1,518,74453.9
"petite",52,1,580,92992.39
"petite",53,1,638,100315.4
"petite",54,1,544,76207.39
"petite",55,1,675,103428.8
"petite",56,1,630,85427.8
"petite",57,1,667,106374.9
"petite",58,1,659,101274.5
"petite",59,1,646,95593.79
"petite",60,1,618,83275.7
"petite",61,1,653,100376.1
"petite",62,1,654,90657.75
"petite",63,1,573,79548.63
"petite",64,1,655,94161.11
"petite",65,1,609,81343.03
"petite",66,1,491,56300.57
"petite",67,1,612,75409.2
"petite",68,1,601,81794.54
"petite",69,1,590,87457.28
"petite",70,1,778,130748.8
"petite",71,1,685,108880.6
"petite",72,1,586,75777.3
"petite",73,1,620,92305.83
"petite",74,1,528,69525.46
"petite",75,1,632,85688.29
"petite",76,1,536,76269.37
"petite",77,1,674,97983.62
"petite",78,1,579,76527.33
"petite",79,1,548,73049.3
"petite",80,1,547,76697.65
"petite",81,1,603,86407.31
"petite",82,1,640,104814.4
"petite",83,1,625,89158.08
"petite",84,1,684,107372.1
"petite",85,1,627,89939.15
"petite",86,1,599,82926.45
"petite",87,1,623,84896.39
"petite",88,1,597,84797.32
"petite",89,1,545,66096.41
"petite",90,1,565,74549.25
"petite",91,1,678,102975.6
"petite",92,1,744,111825
"petite",93,1,525,66353.73
"petite",94,1,577,91058.07
"petite",95,1,569,80410.09
"petite",96,1,649,97664.48
"petite",97,1,601,91375.24
"petite",98,1,598,89753.9
"petite",99,1,652,92200.67
"petite",100,1,648,87668.57
"petite",1,10,508,66741.47
"petite",2,10,635,89278.3
"petite",3,10,549,77318.99
"petite",4,10,512,65121.38
"petite",5,10,576,73797.25
"petite",6,10,657,96107.94
"petite",7,10,598,87183.38
"petite",8,10,586,75523.56
"petite",9,10,606,80748.01
"petite",10,10,599,79268.8
"petite",11,10,633,93343.06
"petite",12,10,508,66944.63
"petite",13,10,563,81499.35
"petite",14,10,602,96163.62
"petite",15,10,618,78892.78
"petite",16,10,600,85075.05
"petite",17,10,604,83938.31
"petite",18,10,506,64641.75
"petite",19,10,558,77724.32
"petite",20,10,607,82339.13
"petite",21,10,580,92176.39
"petite",22,10,592,78941.43
"petite",23,10,633,96411.32
"petite",24,10,608,77347.67
"petite",25,10,552,72143.94
"petite",26,10,669,98812.08
"petite",27,10,584,80926.53
"petite",28,10,590,85380.33
"petite",29,10,704,104234.6
"petite",30,10,537,65501.2
"petite",31,10,674,101209.7
"petite",32,10,567,76484.93
"petite",33,10,636,84880.68
"petite",34,10,531,76256.51
"petite",35,10,612,83682.91
"petite",36,10,690,93250.21
"petite",37,10,573,76930.5
"petite",38,10,634,87934.95
"petite",39,10,546,82896.11
"petite",40,10,685,110820.4
"petite",41,10,627,87181.93
"petite",42,10,576,77039.31
"petite",43,10,596,80281.18
"petite",44,10,634,91649.92
"petite",45,10,596,92174.91
"petite",46,10,651,99490.27
"petite",47,10,478,56137.75
"petite",48,10,657,92916.97
"petite",49,10,656,95268.83
"petite",50,10,545,71361.58
"petite",51,10,533,60963.31
"petite",52,10,508,60933.93
"petite",53,10,547,68165.37
"petite",54,10,573,75350.41
"petite",55,10,557,81676.77
"petite",56,10,577,88915.9
"petite",57,10,558,80586.98
"petite",58,10,513,67671.27
"petite",59,10,681,103218.9
"petite",60,10,598,85466.11
"petite",61,10,520,72074.01
"petite",62,10,715,109898
"petite",63,10,583,80986.55
"petite",64,10,564,69392.77
"petite",65,10,536,73675.97
"petite",66,10,625,87841.64
"petite",67,10,629,78327.13
"petite",68,10,652,91802.4
"petite",69,10,653,92147.35
"petite",70,10,602,80222.32
"petite",71,10,601,74320.54
"petite",72,10,689,113318.4
"petite",73,10,625,83221.22
"petite",74,10,527,63239.53
"petite",75,10,530,61196.47
"petite",76,10,574,83080.94
"petite",77,10,534,71574.48
"petite",78,10,589,84418.05
"petite",79,10,662,94273.96
"petite",80,10,573,89692.34
"petite",81,10,564,74024.46
"petite",82,10,696,108354.1
"petite",83,10,569,82859.65
"petite",84,10,570,79877.56
"petite",85,10,630,81826.67
"petite",86,10,509,57886.86
"petite",87,10,575,79484.61
"petite",88,10,599,76409.69
"petite",89,10,586,85585.72
"petite",90,10,562,75693.15
"petite",91,10,569,73419.03
"petite",92,10,715,100982.5
"petite",93,10,617,83996.26
"petite",94,10,567,69106.09
"petite",95,10,620,93053.22
"petite",96,10,540,61621.47
"petite",97,10,598,81549.13
"petite",98,10,670,92262.41
"petite",99,10,638,96435.07
"petite",100,10,540,75996.72
"petite",1,11,629,85792.93
"petite",2,11,601,81030.24
"petite",3,11,597,79371.81
"petite",4,11,662,105282.9
"petite",5,11,569,76767.52
"petite",6,11,585,78234.94
"petite",7,11,597,78394.83
"petite",8,11,532,64753.44
"petite",9,11,566,73651.37
"petite",10,11,625,80969.31
"petite",11,11,573,75734.18
"petite",12,11,646,87097.68
"petite",13,11,642,87927.67
"petite",14,11,606,77367.38
"petite",15,11,573,72382.48
"petite",16,11,590,82555.48
"petite",17,11,557,77038.12
"petite",18,11,715,102589.2
"petite",19,11,630,83483.46
"petite",20,11,565,73823.14
"petite",21,11,618,89822.49
"petite",22,11,614,80392.23
"petite",23,11,571,73701.74
"petite",24,11,586,85336.53
"petite",25,11,595,82344.36
"petite",26,11,676,108116.8
"petite",27,11,642,98958.35
"petite",28,11,567,74809.26
"petite",29,11,591,86170.61
"petite",30,11,639,89405.98
"petite",31,11,606,90335.69
"petite",32,11,561,75348.64
"petite",33,11,541,65478.27
"petite",34,11,572,81397.7
"petite",35,11,643,96572.84
"petite",36,11,629,92446.13
"petite",37,11,513,63736.06
"petite",38,11,621,85945.39
"petite",39,11,601,89711.31
"petite",40,11,572,71700.83
"petite",41,11,490,62015.64
"petite",42,11,579,79504.17
"petite",43,11,543,71218.51
"petite",44,11,592,79737.26
"petite",45,11,656,93429.07
"petite",46,11,604,79189.32
"petite",47,11,638,80046.22
"petite",48,11,581,77520.5
"petite",49,11,647,93958.43
"petite",50,11,575,74487.83
"petite",51,11,538,72842.67
"petite",52,11,651,99708.88
"petite",53,11,548,68144.78
"petite",54,11,695,105424.5
"petite",55,11,638,88825.68
"petite",56,11,533,68868.08
"petite",57,11,516,65541.3
"petite",58,11,611,86212.98
"petite",59,11,575,83641.25
"petite",60,11,637,75031.11
"petite",61,11,655,100376.1
"petite",62,11,622,86807.27
"petite",63,11,618,82805.8
"petite",64,11,554,69840.16
"petite",65,11,553,73297.43
"petite",66,11,684,104874.5
"petite",67,11,593,75835.78
"petite",68,11,572,69517.43
"petite",69,11,518,63232.89
"petite",70,11,581,75264.01
"petite",71,11,620,86146.37
"petite",72,11,611,82405.24
"petite",73,11,543,65151.65
"petite",74,11,557,70086.53
"petite",75,11,550,65033.11
"petite",76,11,561,62808.63
"petite",77,11,682,86516.22
"petite",78,11,592,85243.29
"petite",79,11,596,85910.98
"petite",80,11,599,86420.5
"petite",81,11,552,66216.62
"petite",82,11,561,78115.34
"petite",83,11,600,88457.8
"petite",84,11,696,104537
"petite",85,11,573,76551.03
"petite",86,11,569,72318.24
"petite",87,11,481,55327.51
"petite",88,11,579,89221.77
"petite",89,11,556,68874.53
"petite",90,11,592,77457.11
"petite",91,11,742,116589.9
"petite",92,11,524,64345.93
"petite",93,11,538,62093.61
"petite",94,11,738,113396.7
"petite",95,11,652,90255.68
"petite",96,11,572,75833.43
"petite",97,11,586,69752.39
"petite",98,11,590,77689.7
"petite",99,11,559,76379.97
"petite",100,11,608,80621.3
"petite",1,12,604,83634.52
"petite",2,12,620,88531.09
"petite",3,12,743,121117.6
"petite",4,12,641,87168.93
"petite",5,12,652,83091.22
"petite",6,12,618,90580.07
"petite",7,12,622,78593.55
"petite",8,12,635,89235.2
"petite",9,12,646,87151.19
"petite",10,12,528,68186.91
"petite",11,12,637,93451.25
"petite",12,12,588,78490.26
"petite",13,12,569,66548.8
"petite",14,12,718,113515.3
"petite",15,12,604,81785.89
"petite",16,12,598,86806.92
"petite",17,12,572,69696.44
"petite",18,12,604,74526.24
"petite",19,12,492,66176.04
"petite",20,12,634,83673.61
"petite",21,12,550,72836.66
"petite",22,12,660,97996.96
"petite",23,12,556,75297.51
"petite",24,12,643,87840.3
"petite",25,12,634,84895.78
"petite",26,12,687,101509.6
"petite",27,12,584,84912.92
"petite",28,12,561,70188.44
"petite",29,12,607,81387.01
"petite",30,12,679,120743.2
"petite",31,12,589,73900.25
"petite",32,12,747,118610.7
"petite",33,12,547,68899.97
"petite",34,12,703,115346.2
"petite",35,12,692,121898.6
"petite",36,12,620,78419.72
"petite",37,12,666,98877.21
"petite",38,12,620,94280
"petite",39,12,557,72412
"petite",40,12,690,108498.9
"petite",41,12,635,85940.79
"petite",42,12,654,100045.2
"petite",43,12,612,92011.52
"petite",44,12,615,89043.26
"petite",45,12,693,110069.3
"petite",46,12,596,73058.94
"petite",47,12,581,77450.7
"petite",48,12,582,72586.52
"petite",49,12,656,90725.15
"petite",50,12,654,83590.94
"petite",51,12,578,77646.49
"petite",52,12,534,76434.93
"petite",53,12,654,82914.52
"petite",54,12,574,72144.82
"petite",55,12,600,91466.75
"petite",56,12,566,77560.45
"petite",57,12,563,74511.21
"petite",58,12,590,81129.14
"petite",59,12,681,96929.47
"petite",60,12,486,59810.97
"petite",61,12,618,84111.07
"petite",62,12,619,86070.25
"petite",63,12,604,89335.96
"petite",64,12,609,88447.05
"petite",65,12,635,89412.45
"petite",66,12,558,83896.49
"petite",67,12,548,73410.33
"petite",68,12,641,98196.41
"petite",69,12,616,90528.84
"petite",70,12,614,89391.01
"petite",71,12,634,83223.66
"petite",72,12,578,77798.96
"petite",73,12,604,81378.81
"petite",74,12,699,110939.7
"petite",75,12,537,67966.7
"petite",76,12,571,66684.15
"petite",77,12,584,81703.46
"petite",78,12,633,89700.13
"petite",79,12,632,98817.72
"petite",80,12,588,74241.95
"petite",81,12,621,84762.07
"petite",82,12,557,74656.78
"petite",83,12,564,73242.34
"petite",84,12,584,68189.33
"petite",85,12,591,82714.61
"petite",86,12,617,94499.4
"petite",87,12,585,80890.98
"petite",88,12,613,79076.73
"petite",89,12,573,82641.92
"petite",90,12,600,98933.88
"petite",91,12,611,92158.41
"petite",92,12,610,74994.34
"petite",93,12,644,89567.71
"petite",94,12,587,77586.71
"petite",95,12,627,96855.85
"petite",96,12,670,96226.65
"petite",97,12,604,84837.43
"petite",98,12,655,94526.53
"petite",99,12,535,58025.74
"petite",100,12,550,77073.33
"petite",1,13,692,114247.8
"petite",2,13,629,86590.83
"petite",3,13,576,79493.03
"petite",4,13,576,78972.48
"petite",5,13,609,82931.62
"petite",6,13,658,100870.3
"petite",7,13,563,68298.58
"petite",8,13,547,66452.08
"petite",9,13,617,81799.78
"petite",10,13,624,81392.87
"petite",11,13,643,96121.36
"petite",12,13,548,69614.34
"petite",13,13,600,92282.4
"petite",14,13,562,72077.13
"petite",15,13,657,94938.79
"petite",16,13,633,98290.83
"petite",17,13,621,84760.24
"petite",18,13,657,93427.85
"petite",19,13,633,86283.46
"petite",20,13,669,98687.43
"petite",21,13,636,96320
"petite",22,13,626,101956.7
"petite",23,13,606,85506.68
"petite",24,13,577,80273.55
"petite",25,13,689,105328.1
"petite",26,13,561,70786.34
"petite",27,13,729,121347.7
"petite",28,13,600,80259.28
"petite",29,13,595,77527.5
"petite",30,13,556,79302.65
"petite",31,13,551,67281.77
"petite",32,13,629,94789.75
"petite",33,13,612,96411.72
"petite",34,13,545,76652.39
"petite",35,13,599,72177.04
"petite",36,13,506,59291.7
"petite",37,13,630,91989.83
"petite",38,13,580,86869.87
"petite",39,13,542,71048.16
"petite",40,13,570,73903.28
"petite",41,13,562,69368.55
"petite",42,13,684,113035.6
"petite",43,13,669,106516.4
"petite",44,13,578,78034.37
"petite",45,13,648,98381.49
"petite",46,13,650,99426.52
"petite",47,13,634,91799.58
"petite",48,13,553,65006.3
"petite",49,13,578,78852.39
"petite",50,13,599,81088.27
"petite",51,13,626,89772.33
"petite",52,13,608,86933.5
"petite",53,13,651,89384.03
"petite",54,13,606,81022.95
"petite",55,13,595,80486.14
"petite",56,13,585,89984.41
"petite",57,13,550,80228.09
"petite",58,13,649,88441.32
"petite",59,13,575,73731.23
"petite",60,13,606,79902.18
"petite",61,13,621,83764.48
"petite",62,13,584,79306.47
"petite",63,13,520,74617.17
"petite",64,13,610,80598.44
"petite",65,13,605,83751.14
"petite",66,13,648,95507.85
"petite",67,13,635,96138.3
"petite",68,13,610,87681.64
"petite",69,13,645,94866.95
"petite",70,13,544,78844.77
"petite",71,13,545,76757.54
"petite",72,13,548,78971.87
"petite",73,13,508,65910
"petite",74,13,656,109313
"petite",75,13,603,80468.3
"petite",76,13,605,79919.52
"petite",77,13,613,86714.37
"petite",78,13,592,82417.24
"petite",79,13,541,68692.18
"petite",80,13,602,79670.44
"petite",81,13,635,93787.08
"petite",82,13,673,103171.2
"petite",83,13,584,92618.14
"petite",84,13,597,74480.12
"petite",85,13,555,73545.07
"petite",86,13,625,95429.87
"petite",87,13,702,104044.7
"petite",88,13,560,69886.07
"petite",89,13,638,87789.44
"petite",90,13,538,78304.26
"petite",91,13,600,83718.58
"petite",92,13,597,86046.86
"petite",93,13,561,72495.92
"petite",94,13,569,78284.68
"petite",95,13,558,70802.4
"petite",96,13,547,68942.58
"petite",97,13,514,64589.63
"petite",98,13,541,64376.37
"petite",99,13,667,94712.48
"petite",100,13,602,86665.22
"petite",1,14,629,84450.25
"petite",2,14,631,89333.96
"petite",3,14,714,116014.7
"petite",4,14,549,68455.08
"petite",5,14,587,82965.24
"petite",6,14,663,96993.74
"petite",7,14,737,125372.8
"petite",8,14,565,67899.1
"petite",9,14,559,75048.12
"petite",10,14,602,81767.84
"petite",11,14,562,78682.12
"petite",12,14,696,110459.5
"petite",13,14,643,97338.35
"petite",14,14,589,86355.22
"petite",15,14,575,73328.42
"petite",16,14,559,62016.2
"petite",17,14,626,94643.29
"petite",18,14,629,93890.05
"petite",19,14,690,105868.6
"petite",20,14,563,71705.96
"petite",21,14,534,69200.37
"petite",22,14,619,81098.72
"petite",23,14,488,52981.07
"petite",24,14,731,110307.1
"petite",25,14,614,85545.81
"petite",26,14,626,88746.75
"petite",27,14,617,79251.04
"petite",28,14,534,63010.48
"petite",29,14,597,82068
"petite",30,14,658,104583.7
"petite",31,14,564,74305.83
"petite",32,14,567,71793.3
"petite",33,14,730,111492.2
"petite",34,14,507,61074.89
"petite",35,14,544,73961.28
"petite",36,14,596,84559.94
"petite",37,14,541,63925.16
"petite",38,14,630,95308.34
"petite",39,14,556,62443.47
"petite",40,14,600,81379.12
"petite",41,14,692,107975.4
"petite",42,14,659,94376.16
"petite",43,14,630,92211.28
"petite",44,14,640,103969.8
"petite",45,14,561,69906.3
"petite",46,14,630,86707.36
"petite",47,14,621,101670.5
"petite",48,14,549,71422.12
"petite",49,14,603,84456.32
"petite",50,14,543,66830.21
"petite",51,14,691,100282.6
"petite",52,14,572,71069.91
"petite",53,14,526,67768.26
"petite",54,14,589,93502.53
"petite",55,14,530,65114.09
"petite",56,14,698,107950.5
"petite",57,14,614,80791.19
"petite",58,14,619,88274.61
"petite",59,14,675,108125.4
"petite",60,14,651,95480.17
"petite",61,14,650,98693.33
"petite",62,14,586,87214.89
"petite",63,14,700,109849.7
"petite",64,14,590,79905.72
"petite",65,14,567,70906.29
"petite",66,14,727,117728.8
"petite",67,14,619,92856.41
"petite",68,14,586,79876.91
"petite",69,14,674,99933.53
"petite",70,14,710,109717.2
"petite",71,14,588,81679.29
"petite",72,14,658,105897.1
"petite",73,14,588,81440.73
"petite",74,14,564,74789.73
"petite",75,14,646,87685.58
"petite",76,14,666,91238.51
"petite",77,14,700,103555.3
"petite",78,14,612,82598.64
"petite",79,14,619,84338.3
"petite",80,14,606,90959.06
"petite",81,14,637,96115.54
"petite",82,14,639,95458.95
"petite",83,14,649,95742.81
"petite",84,14,657,96464.85
"petite",85,14,800,134163.5
"petite",86,14,633,95741.04
"petite",87,14,588,82092.37
"petite",88,14,523,64692.4
"petite",89,14,599,86920.49
"petite",90,14,682,106659.8
"petite",91,14,605,90867.89
"petite",92,14,662,97128.48
"petite",93,14,636,89225.44
"petite",94,14,505,67350.28
"petite",95,14,610,84683.98
"petite",96,14,644,96120.01
"petite",97,14,537,68334.8
"petite",98,14,539,69249.75
"petite",99,14,561,72273.94
"petite",100,14,582,75052.55
"petite",1,15,582,78891.22
"petite",2,15,673,103685.8
"petite",3,15,698,107438.7
"petite",4,15,570,83983.81
"petite",5,15,605,78575.47
"petite",6,15,649,95624.61
"petite",7,15,671,112487.4
"petite",8,15,705,111295.7
"petite",9,15,609,82937.89
"petite",10,15,714,123120.2
"petite",11,15,615,95175.31
"petite",12,15,674,103943.5
"petite",13,15,667,96090.03
"petite",14,15,539,62235.89
"petite",15,15,589,74908.38
"petite",16,15,675,126685.7
"petite",17,15,592,83844.64
"petite",18,15,605,82521.42
"petite",19,15,705,102890.5
"petite",20,15,665,100625
"petite",21,15,608,87225.42
"petite",22,15,699,111822.1
"petite",23,15,621,92607.73
"petite",24,15,685,105527.9
"petite",25,15,589,83553.85
"petite",26,15,685,108598.8
"petite",27,15,664,110372.7
"petite",28,15,545,74215.81
"petite",29,15,579,76184.15
"petite",30,15,652,102875.4
"petite",31,15,737,138481.1
"petite",32,15,595,72159.13
"petite",33,15,663,92837.91
"petite",34,15,605,84222.68
"petite",35,15,697,118063.1
"petite",36,15,805,147973.1
"petite",37,15,597,89444.57
"petite",38,15,602,86166.37
"petite",39,15,603,89410.26
"petite",40,15,621,94628.15
"petite",41,15,577,86913.38
"petite",42,15,678,105977.2
"petite",43,15,608,80116.54
"petite",44,15,658,97266.89
"petite",45,15,688,124577.4
"petite",46,15,613,86491.44
"petite",47,15,613,89746.64
"petite",48,15,717,108605.6
"petite",49,15,623,79651.49
"petite",50,15,649,103174.9
"petite",51,15,614,90200.31
"petite",52,15,614,83264.71
"petite",53,15,682,94906.65
"petite",54,15,665,98297.32
"petite",55,15,639,90395.62
"petite",56,15,578,86434.69
"petite",57,15,668,107123.2
"petite",58,15,584,79654.29
"petite",59,15,691,117666
"petite",60,15,703,111210.4
"petite",61,15,749,131299
"petite",62,15,532,67836.33
"petite",63,15,725,108629.5
"petite",64,15,687,121201.4
"petite",65,15,600,75462.28
"petite",66,15,637,103995.2
"petite",67,15,605,92419.91
"petite",68,15,586,81591.41
"petite",69,15,614,86841.26
"petite",70,15,682,118589.9
"petite",71,15,609,83971.7
"petite",72,15,602,77578.75
"petite",73,15,589,82023.12
"petite",74,15,684,104959.7
"petite",75,15,664,109529.6
"petite",76,15,549,77583.73
"petite",77,15,691,105622.8
"petite",78,15,563,71155.64
"petite",79,15,664,109090.7
"petite",80,15,620,103654.4
"petite",81,15,590,89384.38
"petite",82,15,591,84611.14
"petite",83,15,657,104425.7
"petite",84,15,541,69801.32
"petite",85,15,714,101685.4
"petite",86,15,625,83594.05
"petite",87,15,666,107957.9
"petite",88,15,604,88016.08
"petite",89,15,739,116107.4
"petite",90,15,614,85123.78
"petite",91,15,653,103467.4
"petite",92,15,705,112802.8
"petite",93,15,670,113412.2
"petite",94,15,716,119668.8
"petite",95,15,678,89027.49
"petite",96,15,626,86900.58
"petite",97,15,653,100046.7
"petite",98,15,642,90619.95
"petite",99,15,660,101829.6
"petite",100,15,675,93868.94
"petite",1,16,549,85831.62
"petite",2,16,643,93458.81
"petite",3,16,584,80353.46
"petite",4,16,706,114175.6
"petite",5,16,674,111281.4
"petite",6,16,607,99314.18
"petite",7,16,654,102639
"petite",8,16,601,80029.15
"petite",9,16,584,88046.48
"petite",10,16,549,87681.24
"petite",11,16,569,82803.02
"petite",12,16,621,90530.1
"petite",13,16,704,114966
"petite",14,16,685,117796.1
"petite",15,16,651,107345.2
"petite",16,16,628,98036.9
"petite",17,16,564,82134.74
"petite",18,16,622,99810.62
"petite",19,16,690,108570.7
"petite",20,16,650,113804.6
"petite",21,16,576,83773.12
"petite",22,16,596,86893.25
"petite",23,16,616,93217.36
"petite",24,16,643,88940.22
"petite",25,16,626,92077.88
"petite",26,16,713,132424.7
"petite",27,16,685,107507.2
"petite",28,16,547,69380.42
"petite",29,16,655,102609.2
"petite",30,16,535,77328.56
"petite",31,16,537,68280.28
"petite",32,16,560,78470.84
"petite",33,16,690,103195.7
"petite",34,16,654,97906.99
"petite",35,16,613,91132.39
"petite",36,16,557,77066.43
"petite",37,16,586,81246.67
"petite",38,16,615,96233.7
"petite",39,16,665,102811.8
"petite",40,16,640,106635.4
"petite",41,16,596,99320.51
"petite",42,16,684,105399
"petite",43,16,619,102130.9
"petite",44,16,588,82149.85
"petite",45,16,582,85176.44
"petite",46,16,562,71544.8
"petite",47,16,619,96507.89
"petite",48,16,618,92313.01
"petite",49,16,667,107040.7
"petite",50,16,611,86323.94
"petite",51,16,684,124795.7
"petite",52,16,590,94334.43
"petite",53,16,600,92857.09
"petite",54,16,638,107549.9
"petite",55,16,605,89797.25
"petite",56,16,641,99286.93
"petite",57,16,689,105189.2
"petite",58,16,601,95105.44
"petite",59,16,715,117420.2
"petite",60,16,707,111800.3
"petite",61,16,550,83567.25
"petite",62,16,596,87690.44
"petite",63,16,614,102314.7
"petite",64,16,622,88480.45
"petite",65,16,631,97644.49
"petite",66,16,779,132337.6
"petite",67,16,628,95278.87
"petite",68,16,648,102708.4
"petite",69,16,536,70635.34
"petite",70,16,684,113559
"petite",71,16,705,101850.8
"petite",72,16,643,92482.65
"petite",73,16,562,88211.13
"petite",74,16,636,108787.7
"petite",75,16,642,94555.59
"petite",76,16,653,98102.07
"petite",77,16,569,75411.95
"petite",78,16,587,87481.87
"petite",79,16,615,86085.01
"petite",80,16,636,91318.63
"petite",81,16,588,93126.42
"petite",82,16,545,78185.02
"petite",83,16,657,93397.18
"petite",84,16,713,121354.6
"petite",85,16,539,68789.41
"petite",86,16,589,93509.88
"petite",87,16,597,86458.69
"petite",88,16,663,87522.71
"petite",89,16,568,79353.16
"petite",90,16,655,101754.6
"petite",91,16,652,113843.5
"petite",92,16,710,103442
"petite",93,16,718,123307.7
"petite",94,16,622,94018.96
"petite",95,16,616,92670.84
"petite",96,16,626,90524.55
"petite",97,16,620,99234.27
"petite",98,16,609,86634.85
"petite",99,16,606,97381.37
"petite",100,16,542,75726.6
"petite",1,17,656,109754.4
"petite",2,17,573,71940.63
"petite",3,17,677,110351
"petite",4,17,653,104361.6
"petite",5,17,630,107034.9
"petite",6,17,641,94876.58
"petite",7,17,687,100286
"petite",8,17,703,124413.5
"petite",9,17,654,85138.15
"petite",10,17,714,109619
"petite",11,17,609,85777.81
"petite",12,17,642,103282.6
"petite",13,17,727,107360.5
"petite",14,17,556,74649.34
"petite",15,17,601,85162.83
"petite",16,17,637,103350.3
"petite",17,17,625,93332.23
"petite",18,17,696,113098.1
"petite",19,17,581,81186.38
"petite",20,17,724,109567
"petite",21,17,591,77386.36
"petite",22,17,656,99243.17
"petite",23,17,590,80884.69
"petite",24,17,607,85753.94
"petite",25,17,537,77752.16
"petite",26,17,687,113309.9
"petite",27,17,643,113017.8
"petite",28,17,602,96042.59
"petite",29,17,566,70578.95
"petite",30,17,662,109138.7
"petite",31,17,666,122124.1
"petite",32,17,605,82589.39
"petite",33,17,492,65827.18
"petite",34,17,634,94382.94
"petite",35,17,675,88377.37
"petite",36,17,610,99275.2
"petite",37,17,612,83701.74
"petite",38,17,665,106488.5
"petite",39,17,638,103758.8
"petite",40,17,654,113085.9
"petite",41,17,645,91988.59
"petite",42,17,697,111308.6
"petite",43,17,659,118011.9
"petite",44,17,618,90509.43
"petite",45,17,671,97731.88
"petite",46,17,589,72154.27
"petite",47,17,611,96778.32
"petite",48,17,551,73530.72
"petite",49,17,590,89227.47
"petite",50,17,562,70792.24
"petite",51,17,626,105970
"petite",52,17,585,87849.98
"petite",53,17,631,103052.3
"petite",54,17,619,113077.2
"petite",55,17,534,67540.71
"petite",56,17,548,77882.7
"petite",57,17,535,64977.21
"petite",58,17,640,87566.29
"petite",59,17,627,94569.37
"petite",60,17,633,93078.91
"petite",61,17,705,117660.5
"petite",62,17,534,67136.71
"petite",63,17,657,90029.28
"petite",64,17,550,67499.24
"petite",65,17,648,94759.13
"petite",66,17,572,81484.2
"petite",67,17,563,67194
"petite",68,17,767,134522.8
"petite",69,17,650,121766.8
"petite",70,17,591,84932.91
"petite",71,17,760,132032.3
"petite",72,17,612,93372.4
"petite",73,17,603,90241.68
"petite",74,17,732,125579.2
"petite",75,17,593,91243.09
"petite",76,17,613,86800.35
"petite",77,17,624,99318.27
"petite",78,17,610,86677.49
"petite",79,17,639,97711.54
"petite",80,17,654,100695.3
"petite",81,17,537,79573.96
"petite",82,17,587,87838.64
"petite",83,17,613,105216
"petite",84,17,718,117533.9
"petite",85,17,737,118364.1
"petite",86,17,644,101675.5
"petite",87,17,579,77906.28
"petite",88,17,584,74916.12
"petite",89,17,639,89350.26
"petite",90,17,591,81409.47
"petite",91,17,648,93604.81
"petite",92,17,694,115189.7
"petite",93,17,559,73340.08
"petite",94,17,580,88451.67
"petite",95,17,683,104955.3
"petite",96,17,613,80557.25
"petite",97,17,553,79248.76
"petite",98,17,622,95841.91
"petite",99,17,648,99835.52
"petite",100,17,689,113002.5
"petite",1,18,545,64307.67
"petite",2,18,638,86978.2
"petite",3,18,654,80742.35
"petite",4,18,609,88523
"petite",5,18,633,91092.61
"petite",6,18,569,75386.26
"petite",7,18,703,108591.7
"petite",8,18,634,91212.6
"petite",9,18,595,81249.06
"petite",10,18,609,71325.16
"petite",11,18,602,78241.37
"petite",12,18,665,95851.01
"petite",13,18,713,104370.1
"petite",14,18,733,117697.3
"petite",15,18,672,105026.7
"petite",16,18,595,71016.43
"petite",17,18,598,77333.94
"petite",18,18,660,94047.71
"petite",19,18,608,90733.34
"petite",20,18,585,73776.44
"petite",21,18,584,92285.96
"petite",22,18,624,74366.1
"petite",23,18,613,88064.54
"petite",24,18,602,79165.79
"petite",25,18,533,70609.59
"petite",26,18,630,88497.03
"petite",27,18,642,85898.42
"petite",28,18,662,110062.7
"petite",29,18,662,107248.8
"petite",30,18,636,89968.86
"petite",31,18,630,84774.24
"petite",32,18,580,79051.68
"petite",33,18,643,98042.29
"petite",34,18,593,74952.42
"petite",35,18,626,89497.48
"petite",36,18,580,77266.34
"petite",37,18,610,86618.16
"petite",38,18,476,58814.04
"petite",39,18,598,78711.98
"petite",40,18,562,76092.59
"petite",41,18,583,79152.67
"petite",42,18,617,83630.05
"petite",43,18,660,106557
"petite",44,18,651,99292.93
"petite",45,18,678,93819.36
"petite",46,18,595,82341.69
"petite",47,18,696,100036.6
"petite",48,18,696,108118.4
"petite",49,18,548,76039.7
"petite",50,18,580,76252.16
"petite",51,18,585,82862.24
"petite",52,18,651,92330.53
"petite",53,18,636,85808.03
"petite",54,18,650,104260
"petite",55,18,675,92012.98
"petite",56,18,599,77418.4
"petite",57,18,600,85869.82
"petite",58,18,683,111159.5
"petite",59,18,652,99061.06
"petite",60,18,569,72295.64
"petite",61,18,732,117593.8
"petite",62,18,645,80415.19
"petite",63,18,620,97372.41
"petite",64,18,694,98414.78
"petite",65,18,556,74476.29
"petite",66,18,575,77587.19
"petite",67,18,604,80052.95
"petite",68,18,520,56575.05
"petite",69,18,574,76772.82
"petite",70,18,553,67111.7
"petite",71,18,564,72258.02
"petite",72,18,580,74103.39
"petite",73,18,552,77207.75
"petite",74,18,626,83289.96
"petite",75,18,575,79809.2
"petite",76,18,590,82288.76
"petite",77,18,594,79620.12
"petite",78,18,731,121757.4
"petite",79,18,649,91896.78
"petite",80,18,557,72603.71
"petite",81,18,662,100031.5
"petite",82,18,501,61085.79
"petite",83,18,652,92728.93
"petite",84,18,689,97697.29
"petite",85,18,605,86976.07
"petite",86,18,594,84836.35
"petite",87,18,580,68903.77
"petite",88,18,591,76392.6
"petite",89,18,703,101206.5
"petite",90,18,609,93350.53
"petite",91,18,612,95649.79
"petite",92,18,635,86306.37
"petite",93,18,629,95844.67
"petite",94,18,692,106430.3
"petite",95,18,555,70972.62
"petite",96,18,653,94822.61
"petite",97,18,685,101702.1
"petite",98,18,610,86761.76
"petite",99,18,639,95259.54
"petite",100,18,598,86719
"petite",1,19,626,99440.28
"petite",2,19,628,95784.33
"petite",3,19,510,67474.9
"petite",4,19,552,78914.64
"petite",5,19,663,106337.8
"petite",6,19,611,95256.6
"petite",7,19,514,65168.51
"petite",8,19,564,86121.04
"petite",9,19,604,98912.81
"petite",10,19,601,80124.88
"petite",11,19,552,71122.87
"petite",12,19,509,61183.05
"petite",13,19,560,75716.93
"petite",14,19,548,74219.04
"petite",15,19,536,77054.61
"petite",16,19,608,86013.87
"petite",17,19,529,68614.67
"petite",18,19,571,78778.24
"petite",19,19,544,74152.4
"petite",20,19,610,85966.3
"petite",21,19,496,58833.17
"petite",22,19,654,104923.1
"petite",23,19,567,72245.94
"petite",24,19,550,71299.41
"petite",25,19,613,89872.43
"petite",26,19,551,75068.04
"petite",27,19,605,92103.12
"petite",28,19,543,73199.43
"petite",29,19,696,117010.2
"petite",30,19,572,68656.76
"petite",31,19,581,82697.26
"petite",32,19,574,74995.1
"petite",33,19,618,88269.7
"petite",34,19,563,76917.51
"petite",35,19,563,90892.42
"petite",36,19,602,81987.9
"petite",37,19,582,74459.33
"petite",38,19,513,71616.66
"petite",39,19,610,93979.65
"petite",40,19,674,109606.2
"petite",41,19,560,82826.47
"petite",42,19,614,93592.78
"petite",43,19,602,85079.1
"petite",44,19,568,69255.76
"petite",45,19,608,88629.45
"petite",46,19,724,119917.7
"petite",47,19,574,80049.65
"petite",48,19,609,87391.01
"petite",49,19,513,66064.52
"petite",50,19,617,86232.41
"petite",51,19,614,90432.68
"petite",52,19,559,73469.5
"petite",53,19,559,78497.62
"petite",54,19,588,80242.66
"petite",55,19,602,90311.92
"petite",56,19,639,94510.68
"petite",57,19,553,72257.74
"petite",58,19,535,64162.17
"petite",59,19,629,97736.47
"petite",60,19,610,98004.1
"petite",61,19,526,74532.42
"petite",62,19,567,89230.95
"petite",63,19,561,71222.32
"petite",64,19,659,98008.91
"petite",65,19,619,82056.58
"petite",66,19,567,82800.46
"petite",67,19,621,85369.76
"petite",68,19,620,96364.93
"petite",69,19,634,101430.8
"petite",70,19,576,78577.92
"petite",71,19,562,85936.6
"petite",72,19,599,91543.53
"petite",73,19,577,77381.98
"petite",74,19,541,71212.59
"petite",75,19,614,99985.07
"petite",76,19,567,72724.01
"petite",77,19,555,72458.89
"petite",78,19,595,87735.91
"petite",79,19,543,70077.49
"petite",80,19,640,91634.65
"petite",81,19,630,99533.58
"petite",82,19,632,91344.67
"petite",83,19,571,80562.47
"petite",84,19,552,81188.28
"petite",85,19,589,83797.2
"petite",86,19,517,62032.13
"petite",87,19,556,68974.79
"petite",88,19,539,68750.33
"petite",89,19,687,107671
"petite",90,19,527,78638.24
"petite",91,19,529,66514.76
"petite",92,19,631,96490.51
"petite",93,19,565,79328.06
"petite",94,19,534,70044.94
"petite",95,19,599,93803.9
"petite",96,19,564,72283.38
"petite",97,19,506,64619.74
"petite",98,19,643,104580.2
"petite",99,19,585,77365.23
"petite",100,19,576,73279.85
"petite",1,2,522,65750.31
"petite",2,2,599,75159.77
"petite",3,2,614,81361.68
"petite",4,2,681,124582.9
"petite",5,2,618,89093.45
"petite",6,2,669,88502.48
"petite",7,2,714,109285.1
"petite",8,2,715,105436.6
"petite",9,2,579,90817.88
"petite",10,2,609,89592.45
"petite",11,2,468,55834.29
"petite",12,2,537,76774.58
"petite",13,2,528,76184.16
"petite",14,2,697,122933.9
"petite",15,2,618,84086.46
"petite",16,2,739,110491.3
"petite",17,2,609,95458.84
"petite",18,2,625,94209.7
"petite",19,2,564,78453.46
"petite",20,2,607,83282.07
"petite",21,2,679,105175.5
"petite",22,2,585,80540.91
"petite",23,2,556,78017.2
"petite",24,2,554,80150.43
"petite",25,2,640,90167.19
"petite",26,2,666,101464.8
"petite",27,2,737,105200.3
"petite",28,2,639,90794.39
"petite",29,2,667,101280.2
"petite",30,2,641,91963.02
"petite",31,2,735,115139.5
"petite",32,2,595,79743.28
"petite",33,2,543,69190.16
"petite",34,2,614,79831.56
"petite",35,2,571,71599.86
"petite",36,2,562,71433.8
"petite",37,2,798,140767.1
"petite",38,2,639,93241.39
"petite",39,2,598,79671.48
"petite",40,2,586,80897.38
"petite",41,2,651,110740.2
"petite",42,2,597,78494.77
"petite",43,2,547,69695.87
"petite",44,2,526,65495.61
"petite",45,2,635,87599.03
"petite",46,2,744,118841.7
"petite",47,2,691,109476.8
"petite",48,2,614,93750.71
"petite",49,2,577,72900.32
"petite",50,2,672,98140.2
"petite",51,2,611,97475.72
"petite",52,2,661,101836.2
"petite",53,2,623,94398.85
"petite",54,2,661,88699.06
"petite",55,2,645,91432.74
"petite",56,2,621,84741.49
"petite",57,2,601,85031.13
"petite",58,2,640,110783.7
"petite",59,2,690,106877.8
"petite",60,2,594,85032
"petite",61,2,602,82622.78
"petite",62,2,667,105885.4
"petite",63,2,603,92233.54
"petite",64,2,570,72026.14
"petite",65,2,675,100440.4
"petite",66,2,599,79261.59
"petite",67,2,739,123393.6
"petite",68,2,593,82210.93
"petite",69,2,586,77257.64
"petite",70,2,584,83385.15
"petite",71,2,674,106771.1
"petite",72,2,632,105168.9
"petite",73,2,716,128868.4
"petite",74,2,673,109917
"petite",75,2,685,94367.28
"petite",76,2,623,88719.29
"petite",77,2,582,74932.29
"petite",78,2,600,87694.43
"petite",79,2,737,122474.1
"petite",80,2,620,88245.86
"petite",81,2,624,81367.38
"petite",82,2,605,94657.55
"petite",83,2,631,106967
"petite",84,2,602,77621.62
"petite",85,2,650,98070.64
"petite",86,2,603,86747.59
"petite",87,2,675,117379.6
"petite",88,2,614,99063.78
"petite",89,2,630,89724.51
"petite",90,2,724,116446.2
"petite",91,2,729,111994.2
"petite",92,2,636,91400.54
"petite",93,2,736,126059.1
"petite",94,2,629,92877.35
"petite",95,2,591,75234.24
"petite",96,2,736,112963.3
"petite",97,2,524,65645.87
"petite",98,2,535,74670.19
"petite",99,2,584,78356.68
"petite",100,2,608,91029.13
"petite",1,20,600,83338.64
"petite",2,20,514,57614.25
"petite",3,20,554,76513.38
"petite",4,20,572,84184.84
"petite",5,20,590,80135.86
"petite",6,20,581,75015.64
"petite",7,20,666,100074.6
"petite",8,20,619,83349.08
"petite",9,20,527,72698.25
"petite",10,20,650,94827.03
"petite",11,20,595,81919.88
"petite",12,20,612,78406.64
"petite",13,20,558,74809.71
"petite",14,20,492,60466.37
"petite",15,20,561,74113.48
"petite",16,20,652,106311.8
"petite",17,20,642,90050.97
"petite",18,20,576,79775.42
"petite",19,20,566,71786.64
"petite",20,20,573,73117.15
"petite",21,20,711,116417.8
"petite",22,20,592,84242.15
"petite",23,20,589,77421.72
"petite",24,20,641,96370.88
"petite",25,20,565,74872.3
"petite",26,20,524,64138.74
"petite",27,20,578,73912.29
"petite",28,20,614,85081.66
"petite",29,20,592,76981.68
"petite",30,20,655,91738.59
"petite",31,20,657,92430.21
"petite",32,20,602,81990.47
"petite",33,20,556,77328.73
"petite",34,20,569,81561.12
"petite",35,20,586,80293.43
"petite",36,20,604,78120.73
"petite",37,20,528,60779.4
"petite",38,20,627,93845.34
"petite",39,20,581,74443.85
"petite",40,20,622,86198.37
"petite",41,20,526,63094.47
"petite",42,20,608,80635.01
"petite",43,20,545,66295.13
"petite",44,20,673,104046.3
"petite",45,20,567,78653.58
"petite",46,20,582,75511.22
"petite",47,20,636,91147.83
"petite",48,20,582,83484.96
"petite",49,20,567,76165.19
"petite",50,20,564,75723.72
"petite",51,20,591,87049.01
"petite",52,20,555,80965.7
"petite",53,20,539,74658.77
"petite",54,20,524,68414.21
"petite",55,20,638,103983.4
"petite",56,20,591,72371.09
"petite",57,20,623,88463.75
"petite",58,20,567,78545.55
"petite",59,20,529,64030.56
"petite",60,20,643,92570.13
"petite",61,20,643,96145.51
"petite",62,20,546,69808.4
"petite",63,20,543,71158.93
"petite",64,20,587,82444.32
"petite",65,20,596,87896.03
"petite",66,20,637,94815.68
"petite",67,20,564,76984.77
"petite",68,20,620,96777.65
"petite",69,20,611,76140.37
"petite",70,20,605,82782.05
"petite",71,20,582,75806.36
"petite",72,20,609,85018.05
"petite",73,20,512,56270.42
"petite",74,20,675,101642.6
"petite",75,20,631,93670.58
"petite",76,20,650,108985.9
"petite",77,20,584,73101.72
"petite",78,20,613,91497.42
"petite",79,20,646,89922.31
"petite",80,20,580,84693.04
"petite",81,20,603,88626.07
"petite",82,20,573,77618.22
"petite",83,20,591,81182.36
"petite",84,20,593,81176.48
"petite",85,20,605,90845.48
"petite",86,20,559,76433.96
"petite",87,20,518,57212.27
"petite",88,20,602,81596.48
"petite",89,20,542,71173.94
"petite",90,20,660,91061.72
"petite",91,20,568,74358.79
"petite",92,20,645,90936.1
"petite",93,20,570,76071.55
"petite",94,20,570,70861.13
"petite",95,20,624,86059.8
"petite",96,20,573,73085.3
"petite",97,20,536,62190.46
"petite",98,20,598,84923.49
"petite",99,20,615,97493.47
"petite",100,20,555,69236.17
"petite",1,21,579,83019.58
"petite",2,21,558,82653.02
"petite",3,21,740,131395.9
"petite",4,21,613,89536.91
"petite",5,21,714,113679.3
"petite",6,21,611,90156.54
"petite",7,21,488,61088.67
"petite",8,21,585,77089.11
"petite",9,21,574,82438.55
"petite",10,21,534,66647.33
"petite",11,21,600,86775.85
"petite",12,21,623,98109.08
"petite",13,21,616,93529.17
"petite",14,21,598,80812.06
"petite",15,21,623,85747.16
"petite",16,21,713,112491.9
"petite",17,21,514,74310.79
"petite",18,21,627,89829.34
"petite",19,21,594,88300.68
"petite",20,21,585,76720
"petite",21,21,524,67518.15
"petite",22,21,624,99843.09
"petite",23,21,671,94819.41
"petite",24,21,623,82866.55
"petite",25,21,538,69176.98
"petite",26,21,612,78836.8
"petite",27,21,630,94461.27
"petite",28,21,644,85517.4
"petite",29,21,586,77223.65
"petite",30,21,623,91826.39
"petite",31,21,601,76874.91
"petite",32,21,578,73887.85
"petite",33,21,616,75206.96
"petite",34,21,613,84908.02
"petite",35,21,641,95595.4
"petite",36,21,635,95869.14
"petite",37,21,628,88781.27
"petite",38,21,598,74900.73
"petite",39,21,719,113817.1
"petite",40,21,627,101029.4
"petite",41,21,617,89752.25
"petite",42,21,580,79382.8
"petite",43,21,660,101102.6
"petite",44,21,516,64505.51
"petite",45,21,587,86713.77
"petite",46,21,584,88345.81
"petite",47,21,610,88052.68
"petite",48,21,620,85001.57
"petite",49,21,611,86453.7
"petite",50,21,624,88163.13
"petite",51,21,551,68667.69
"petite",52,21,626,84431.42
"petite",53,21,728,113387.4
"petite",54,21,553,69326.18
"petite",55,21,571,70164.23
"petite",56,21,588,86249.43
"petite",57,21,611,93260.39
"petite",58,21,611,89076.2
"petite",59,21,583,74216.92
"petite",60,21,582,83166.92
"petite",61,21,624,77331.27
"petite",62,21,663,99323.3
"petite",63,21,587,85854.44
"petite",64,21,624,100621.6
"petite",65,21,715,116766.6
"petite",66,21,629,88278.54
"petite",67,21,596,82961.26
"petite",68,21,686,117495.2
"petite",69,21,620,92509.33
"petite",70,21,542,63496.26
"petite",71,21,611,95452.41
"petite",72,21,632,92459.81
"petite",73,21,635,86237.55
"petite",74,21,705,105927.6
"petite",75,21,630,88023.52
"petite",76,21,622,89405.67
"petite",77,21,666,99265.88
"petite",78,21,610,82706.69
"petite",79,21,660,92671.34
"petite",80,21,610,97239.36
"petite",81,21,615,80481.63
"petite",82,21,627,92693.14
"petite",83,21,682,109503.9
"petite",84,21,597,84483.96
"petite",85,21,578,69512.73
"petite",86,21,585,76548.32
"petite",87,21,615,90166.61
"petite",88,21,587,80744.4
"petite",89,21,549,78615.56
"petite",90,21,550,74096.02
"petite",91,21,563,76567.52
"petite",92,21,719,123594.1
"petite",93,21,575,69918.5
"petite",94,21,630,106766.8
"petite",95,21,599,80221.41
"petite",96,21,663,90922.71
"petite",97,21,736,113577.2
"petite",98,21,620,100516.1
"petite",99,21,659,95915.92
"petite",100,21,621,92059.99
"petite",1,22,557,77567.15
"petite",2,22,570,79236.82
"petite",3,22,558,67580.39
"petite",4,22,576,79033.5
"petite",5,22,631,99324.06
"petite",6,22,649,108382.6
"petite",7,22,555,80617.51
"petite",8,22,586,79093.56
"petite",9,22,592,89839.15
"petite",10,22,542,61410.95
"petite",11,22,622,89246.82
"petite",12,22,548,61030.62
"petite",13,22,607,85271.68
"petite",14,22,579,81031.38
"petite",15,22,623,92591.39
"petite",16,22,570,83235.72
"petite",17,22,594,84143.08
"petite",18,22,696,102123.1
"petite",19,22,654,103846.5
"petite",20,22,677,107293.1
"petite",21,22,554,72465.21
"petite",22,22,575,76849.27
"petite",23,22,559,69676.58
"petite",24,22,523,72378.19
"petite",25,22,499,63634.06
"petite",26,22,577,73831.83
"petite",27,22,552,91677.95
"petite",28,22,579,82842.95
"petite",29,22,557,82797.34
"petite",30,22,678,100645.7
"petite",31,22,541,73614.19
"petite",32,22,654,101803.8
"petite",33,22,590,97494.8
"petite",34,22,603,91249.72
"petite",35,22,643,107360.5
"petite",36,22,592,83931.55
"petite",37,22,630,94094.23
"petite",38,22,627,95530.22
"petite",39,22,606,85569.26
"petite",40,22,564,78665.2
"petite",41,22,693,119514.2
"petite",42,22,522,73199.73
"petite",43,22,552,79512.18
"petite",44,22,574,79038.76
"petite",45,22,589,83892.05
"petite",46,22,552,76177.02
"petite",47,22,572,89973.25
"petite",48,22,696,112225.9
"petite",49,22,461,58182.06
"petite",50,22,593,79401.76
"petite",51,22,576,85257.06
"petite",52,22,646,95866.92
"petite",53,22,588,88417.81
"petite",54,22,550,72883.25
"petite",55,22,687,115695.6
"petite",56,22,551,69087.2
"petite",57,22,511,61884.3
"petite",58,22,569,83086.77
"petite",59,22,637,111288.8
"petite",60,22,573,87852.87
"petite",61,22,556,74961.1
"petite",62,22,633,98605.85
"petite",63,22,547,75691.17
"petite",64,22,697,111040.9
"petite",65,22,640,96732.84
"petite",66,22,617,87649.21
"petite",67,22,508,68527.6
"petite",68,22,568,69767.91
"petite",69,22,580,83584.97
"petite",70,22,592,93713.81
"petite",71,22,570,74959.69
"petite",72,22,655,95355.13
"petite",73,22,562,67044.86
"petite",74,22,594,92162.66
"petite",75,22,480,56245.24
"petite",76,22,586,85242.34
"petite",77,22,610,87934.24
"petite",78,22,569,81965.51
"petite",79,22,649,100467.6
"petite",80,22,560,73270.52
"petite",81,22,568,81826.11
"petite",82,22,547,67722.84
"petite",83,22,534,63106.82
"petite",84,22,522,72916.19
"petite",85,22,600,77591.58
"petite",86,22,528,63283.95
"petite",87,22,631,99772.95
"petite",88,22,517,58300.66
"petite",89,22,544,69579.4
"petite",90,22,615,88799.39
"petite",91,22,563,67164.83
"petite",92,22,592,86635.02
"petite",93,22,766,119642.2
"petite",94,22,514,58665.74
"petite",95,22,548,77869.97
"petite",96,22,597,91767.25
"petite",97,22,568,70620.72
"petite",98,22,544,76477.26
"petite",99,22,631,95523.68
"petite",100,22,558,75018.62
"petite",1,23,637,101718.3
"petite",2,23,625,90930.86
"petite",3,23,610,86538.15
"petite",4,23,606,96467.04
"petite",5,23,696,106648.8
"petite",6,23,650,103373.1
"petite",7,23,653,92131.62
"petite",8,23,597,89846.35
"petite",9,23,666,99975.57
"petite",10,23,609,91515.05
"petite",11,23,657,102100.1
"petite",12,23,599,83975.14
"petite",13,23,588,79484.98
"petite",14,23,695,111701.1
"petite",15,23,672,100051.9
"petite",16,23,575,85537.89
"petite",17,23,572,89190.57
"petite",18,23,596,79488.06
"petite",19,23,654,98304.32
"petite",20,23,711,110551.7
"petite",21,23,694,113984.3
"petite",22,23,534,58188.81
"petite",23,23,702,104123.5
"petite",24,23,634,98048.6
"petite",25,23,596,76475.01
"petite",26,23,642,101183.8
"petite",27,23,568,81394.48
"petite",28,23,592,78398.38
"petite",29,23,615,101005.3
"petite",30,23,707,98565.72
"petite",31,23,647,89744.46
"petite",32,23,700,99361.19
"petite",33,23,674,97235.82
"petite",34,23,635,97799.05
"petite",35,23,627,95607.32
"petite",36,23,628,85011.53
"petite",37,23,604,84333.38
"petite",38,23,530,71394.17
"petite",39,23,586,85792.74
"petite",40,23,529,70321.65
"petite",41,23,673,91094.07
"petite",42,23,513,71029.67
"petite",43,23,619,99650.41
"petite",44,23,697,106819.5
"petite",45,23,616,94971.56
"petite",46,23,592,76487.29
"petite",47,23,599,95592.08
"petite",48,23,597,80281.18
"petite",49,23,558,81754.56
"petite",50,23,689,104340.8
"petite",51,23,574,71209.28
"petite",52,23,634,103699.2
"petite",53,23,589,81767.84
"petite",54,23,575,86885.32
"petite",55,23,642,92244.28
"petite",56,23,565,85009.39
"petite",57,23,691,95218.54
"petite",58,23,657,92402.59
"petite",59,23,769,122945
"petite",60,23,603,83335
"petite",61,23,698,102030.5
"petite",62,23,618,93078.34
"petite",63,23,582,75546.77
"petite",64,23,546,89808.25
"petite",65,23,584,79763.71
"petite",66,23,651,97074.67
"petite",67,23,615,105353.8
"petite",68,23,661,100942.3
"petite",69,23,539,75330.33
"petite",70,23,604,83238.2
"petite",71,23,521,74582.48
"petite",72,23,652,89583.73
"petite",73,23,623,95978.6
"petite",74,23,632,97254.97
"petite",75,23,582,74439.7
"petite",76,23,682,105005.6
"petite",77,23,582,87470.51
"petite",78,23,640,94369.84
"petite",79,23,679,106001.1
"petite",80,23,599,86753.71
"petite",81,23,587,80066.91
"petite",82,23,644,111808.1
"petite",83,23,585,86899.96
"petite",84,23,606,86763.53
"petite",85,23,525,75491.51
"petite",86,23,646,94340.93
"petite",87,23,557,74823.19
"petite",88,23,538,72097.65
"petite",89,23,638,94537.5
"petite",90,23,608,87935.87
"petite",91,23,555,82596.15
"petite",92,23,665,93403.56
"petite",93,23,673,104446.7
"petite",94,23,608,95318.63
"petite",95,23,607,92809.8
"petite",96,23,574,73005.4
"petite",97,23,696,109119.6
"petite",98,23,587,76560.96
"petite",99,23,755,116376.6
"petite",100,23,568,80351.8
"petite",1,24,597,81929.89
"petite",2,24,582,79988.61
"petite",3,24,623,92308.45
"petite",4,24,599,86575.91
"petite",5,24,586,84204.33
"petite",6,24,637,92530.97
"petite",7,24,638,106042
"petite",8,24,579,86550.55
"petite",9,24,642,95113.04
"petite",10,24,616,98436.4
"petite",11,24,628,92390.37
"petite",12,24,571,79573.41
"petite",13,24,682,104728.7
"petite",14,24,608,88161.35
"petite",15,24,566,79247.16
"petite",16,24,631,107610.8
"petite",17,24,724,115096.9
"petite",18,24,636,107039.9
"petite",19,24,585,91412.09
"petite",20,24,529,74943.85
"petite",21,24,692,114622.7
"petite",22,24,548,80983.19
"petite",23,24,692,112668.8
"petite",24,24,701,114798.3
"petite",25,24,561,78141.91
"petite",26,24,524,80480.71
"petite",27,24,609,87182.22
"petite",28,24,606,97089.37
"petite",29,24,609,79058.62
"petite",30,24,604,89425.56
"petite",31,24,634,87863.7
"petite",32,24,592,82389.37
"petite",33,24,663,103355.3
"petite",34,24,776,133151.7
"petite",35,24,564,67189.81
"petite",36,24,579,81825.77
"petite",37,24,600,85136.66
"petite",38,24,642,106032.6
"petite",39,24,610,99917.24
"petite",40,24,703,110664.1
"petite",41,24,583,73437.4
"petite",42,24,595,81560.83
"petite",43,24,626,89419.2
"petite",44,24,600,89817.87
"petite",45,24,643,90689.56
"petite",46,24,754,140055.6
"petite",47,24,553,76489.06
"petite",48,24,662,98080.89
"petite",49,24,626,84563.86
"petite",50,24,597,95324.02
"petite",51,24,670,101922.2
"petite",52,24,602,91345
"petite",53,24,579,83206.34
"petite",54,24,716,114010.7
"petite",55,24,602,89579.69
"petite",56,24,581,74587.86
"petite",57,24,588,87707.86
"petite",58,24,526,72433.72
"petite",59,24,603,90818.47
"petite",60,24,474,48659.97
"petite",61,24,632,94279.43
"petite",62,24,563,89582.32
"petite",63,24,621,91929.96
"petite",64,24,654,94025.46
"petite",65,24,662,99197.62
"petite",66,24,631,86799.3
"petite",67,24,667,102285.6
"petite",68,24,747,121915.8
"petite",69,24,634,95004.54
"petite",70,24,563,78696.26
"petite",71,24,729,110561.9
"petite",72,24,597,97947.5
"petite",73,24,677,108272.2
"petite",74,24,718,134171.9
"petite",75,24,770,147261.8
"petite",76,24,688,117444.6
"petite",77,24,513,58130.17
"petite",78,24,694,114991.7
"petite",79,24,679,105549.7
"petite",80,24,592,84770.66
"petite",81,24,529,70719.72
"petite",82,24,668,102108.4
"petite",83,24,591,85973.9
"petite",84,24,685,107798.4
"petite",85,24,641,102888.2
"petite",86,24,565,73510.6
"petite",87,24,747,135745.8
"petite",88,24,598,81642.89
"petite",89,24,604,98874.88
"petite",90,24,588,77872.69
"petite",91,24,565,84445.74
"petite",92,24,672,98309.42
"petite",93,24,505,62944.77
"petite",94,24,582,89056.96
"petite",95,24,583,76350.71
"petite",96,24,532,72000.45
"petite",97,24,704,117098.6
"petite",98,24,598,79355.11
"petite",99,24,603,83657.14
"petite",100,24,657,98768.01
"petite",1,25,532,82980.54
"petite",2,25,696,114528
"petite",3,25,672,102375.8
"petite",4,25,694,110110.3
"petite",5,25,634,107727
"petite",6,25,602,86144.42
"petite",7,25,602,76504.56
"petite",8,25,740,113708.2
"petite",9,25,643,104660.7
"petite",10,25,618,96348.17
"petite",11,25,632,89678.25
"petite",12,25,713,123939.1
"petite",13,25,598,76912.7
"petite",14,25,622,85358.4
"petite",15,25,679,109087.5
"petite",16,25,681,95133.11
"petite",17,25,751,119798.4
"petite",18,25,643,96475.91
"petite",19,25,598,76213.18
"petite",20,25,712,107026.7
"petite",21,25,705,99745.7
"petite",22,25,657,102565
"petite",23,25,725,112544.4
"petite",24,25,620,88236.46
"petite",25,25,683,116848.1
"petite",26,25,735,115395.9
"petite",27,25,622,93487.93
"petite",28,25,633,94831.84
"petite",29,25,686,107669.6
"petite",30,25,738,117328.7
"petite",31,25,648,87673.86
"petite",32,25,739,123830.4
"petite",33,25,675,100274.2
"petite",34,25,716,131382.6
"petite",35,25,612,96088.32
"petite",36,25,584,86411.8
"petite",37,25,571,82160.34
"petite",38,25,573,74544.66
"petite",39,25,684,106989.5
"petite",40,25,603,92315.3
"petite",41,25,520,76624.98
"petite",42,25,624,94747.99
"petite",43,25,653,100696.9
"petite",44,25,693,111073.8
"petite",45,25,677,111665.6
"petite",46,25,564,70765.44
"petite",47,25,721,111004.7
"petite",48,25,691,100544.7
"petite",49,25,630,90313.96
"petite",50,25,690,113649.7
"petite",51,25,656,92352.36
"petite",52,25,609,96794.49
"petite",53,25,583,85195
"petite",54,25,671,118615.4
"petite",55,25,619,92560.72
"petite",56,25,692,109626.2
"petite",57,25,626,98993.69
"petite",58,25,518,61744.65
"petite",59,25,693,112106
"petite",60,25,715,105306.4
"petite",61,25,660,106556.8
"petite",62,25,659,102806
"petite",63,25,681,109635.6
"petite",64,25,622,106555
"petite",65,25,609,81032.13
"petite",66,25,621,95937.25
"petite",67,25,652,98605.74
"petite",68,25,649,102583.4
"petite",69,25,601,93092.78
"petite",70,25,683,111541.7
"petite",71,25,687,107046.3
"petite",72,25,682,106716
"petite",73,25,637,96440.44
"petite",74,25,593,84145.23
"petite",75,25,742,111898.4
"petite",76,25,643,97884.9
"petite",77,25,629,95245.03
"petite",78,25,657,94616.99
"petite",79,25,627,90725.85
"petite",80,25,604,84492.83
"petite",81,25,706,103283.4
"petite",82,25,631,86742.95
"petite",83,25,636,88959.98
"petite",84,25,584,91806.08
"petite",85,25,690,97405.32
"petite",86,25,632,100507
"petite",87,25,659,98521.96
"petite",88,25,543,79124.02
"petite",89,25,669,112702.4
"petite",90,25,604,99567.94
"petite",91,25,736,122812
"petite",92,25,661,107866.8
"petite",93,25,744,126496
"petite",94,25,679,98333.76
"petite",95,25,568,72783.65
"petite",96,25,673,104522.8
"petite",97,25,696,113289.2
"petite",98,25,634,96152.16
"petite",99,25,669,102487.7
"petite",100,25,546,73458.63
"petite",1,26,609,107087.4
"petite",2,26,632,89865.51
"petite",3,26,662,100418.2
"petite",4,26,604,90610.16
"petite",5,26,579,88880.5
"petite",6,26,652,99121.61
"petite",7,26,637,97099.02
"petite",8,26,516,61555.57
"petite",9,26,557,83383.02
"petite",10,26,631,92011.91
"petite",11,26,615,82383.53
"petite",12,26,611,85127.24
"petite",13,26,687,110707.8
"petite",14,26,719,122021.2
"petite",15,26,551,74300.25
"petite",16,26,573,75245.17
"petite",17,26,589,91902.37
"petite",18,26,723,128573.6
"petite",19,26,502,56377.53
"petite",20,26,595,93122.27
"petite",21,26,660,103159.9
"petite",22,26,653,104651.5
"petite",23,26,591,81062
"petite",24,26,604,89541.97
"petite",25,26,625,109831.4
"petite",26,26,613,82158.86
"petite",27,26,549,74479.07
"petite",28,26,541,82599.86
"petite",29,26,724,124330
"petite",30,26,612,96811.81
"petite",31,26,529,64245.05
"petite",32,26,688,103100
"petite",33,26,699,117189.5
"petite",34,26,607,101303.1
"petite",35,26,708,104469.3
"petite",36,26,627,94980.23
"petite",37,26,579,86372.32
"petite",38,26,682,107613.4
"petite",39,26,693,114303.7
"petite",40,26,703,119675.4
"petite",41,26,602,91117.33
"petite",42,26,662,109289
"petite",43,26,654,101703.1
"petite",44,26,635,91410.32
"petite",45,26,678,99196.17
"petite",46,26,599,85876.24
"petite",47,26,655,95520.04
"petite",48,26,642,90593.32
"petite",49,26,644,106844.4
"petite",50,26,635,97770.5
"petite",51,26,593,88917.78
"petite",52,26,609,84477.61
"petite",53,26,618,94465.83
"petite",54,26,611,91158.52
"petite",55,26,583,86606.74
"petite",56,26,592,80682.82
"petite",57,26,525,64639.7
"petite",58,26,616,98236.87
"petite",59,26,613,94578.53
"petite",60,26,552,72265.38
"petite",61,26,570,81474.27
"petite",62,26,583,86011.22
"petite",63,26,604,86232.02
"petite",64,26,577,72399.53
"petite",65,26,650,89681.6
"petite",66,26,676,105892.7
"petite",67,26,628,97109.49
"petite",68,26,712,105142.5
"petite",69,26,648,112955
"petite",70,26,591,82492.28
"petite",71,26,599,85118.43
"petite",72,26,574,76832.93
"petite",73,26,701,100747.1
"petite",74,26,613,90356.45
"petite",75,26,720,111715.4
"petite",76,26,584,84730.81
"petite",77,26,653,97498.83
"petite",78,26,569,77986.04
"petite",79,26,544,78730.91
"petite",80,26,690,105358.5
"petite",81,26,554,80549.82
"petite",82,26,614,88834.39
"petite",83,26,626,100808.8
"petite",84,26,635,101606.4
"petite",85,26,624,95295.82
"petite",86,26,644,86983.27
"petite",87,26,611,108291.7
"petite",88,26,641,89439.34
"petite",89,26,633,100827
"petite",90,26,659,90670.23
"petite",91,26,629,90633.18
"petite",92,26,555,72634.3
"petite",93,26,766,122321
"petite",94,26,718,132920.3
"petite",95,26,682,106791.2
"petite",96,26,647,105196.2
"petite",97,26,660,99661.54
"petite",98,26,643,89533.13
"petite",99,26,600,78437.87
"petite",100,26,599,80936.08
"petite",1,27,628,89118.91
"petite",2,27,535,72637.82
"petite",3,27,767,138259
"petite",4,27,628,97591.54
"petite",5,27,586,86868.94
"petite",6,27,552,84248.82
"petite",7,27,630,97977.59
"petite",8,27,584,89992.11
"petite",9,27,628,104095.2
"petite",10,27,685,105237.8
"petite",11,27,614,97048.02
"petite",12,27,631,90020.25
"petite",13,27,562,79710.26
"petite",14,27,727,115848.8
"petite",15,27,582,87118.34
"petite",16,27,483,66829.82
"petite",17,27,538,72167.32
"petite",18,27,615,88991.81
"petite",19,27,534,83764.29
"petite",20,27,728,135770.2
"petite",21,27,559,76789.24
"petite",22,27,666,107085.6
"petite",23,27,599,100423.6
"petite",24,27,609,97855.06
"petite",25,27,627,91542.95
"petite",26,27,605,86278.04
"petite",27,27,652,101043
"petite",28,27,614,97648.71
"petite",29,27,583,82174.78
"petite",30,27,594,80727.15
"petite",31,27,632,97186.95
"petite",32,27,633,84943.49
"petite",33,27,600,78560.52
"petite",34,27,620,90839.88
"petite",35,27,567,83762.17
"petite",36,27,659,97228.3
"petite",37,27,635,96276.6
"petite",38,27,605,89444.99
"petite",39,27,652,103747.9
"petite",40,27,586,79233.8
"petite",41,27,642,105515.7
"petite",42,27,589,87629.49
"petite",43,27,633,94699.91
"petite",44,27,558,77693.15
"petite",45,27,614,86667.38
"petite",46,27,571,85551.98
"petite",47,27,599,83668.16
"petite",48,27,763,139920.1
"petite",49,27,575,74427.83
"petite",50,27,571,90179.05
"petite",51,27,584,78911.38
"petite",52,27,656,102574.3
"petite",53,27,704,115872.9
"petite",54,27,644,105141.3
"petite",55,27,633,99243.5
"petite",56,27,688,119454.7
"petite",57,27,580,91951.92
"petite",58,27,593,85986.05
"petite",59,27,567,76001.83
"petite",60,27,694,122559.5
"petite",61,27,610,90676.85
"petite",62,27,566,91884.34
"petite",63,27,615,91494.71
"petite",64,27,589,96542.69
"petite",65,27,621,93101.37
"petite",66,27,577,90308.81
"petite",67,27,573,77015.81
"petite",68,27,563,85723.58
"petite",69,27,554,81616.91
"petite",70,27,596,76666.15
"petite",71,27,551,73576.03
"petite",72,27,608,91795.13
"petite",73,27,635,103760.3
"petite",74,27,586,90596.83
"petite",75,27,680,97054.09
"petite",76,27,621,87582.91
"petite",77,27,596,86109.96
"petite",78,27,685,111039.9
"petite",79,27,568,81546.18
"petite",80,27,567,82421.8
"petite",81,27,606,95148.16
"petite",82,27,611,91694.56
"petite",83,27,600,88753.05
"petite",84,27,551,79821.4
"petite",85,27,658,104054.4
"petite",86,27,628,100920.9
"petite",87,27,524,80084.78
"petite",88,27,590,89240.93
"petite",89,27,583,88829.26
"petite",90,27,569,77478.08
"petite",91,27,668,116750.2
"petite",92,27,553,83393.06
"petite",93,27,586,82910.52
"petite",94,27,561,75358.88
"petite",95,27,602,91338.15
"petite",96,27,570,92235.41
"petite",97,27,634,90800.07
"petite",98,27,588,91494.21
"petite",99,27,665,105281.1
"petite",100,27,730,111625.8
"petite",1,28,712,107440
"petite",2,28,510,58628.28
"petite",3,28,659,95429.25
"petite",4,28,746,142470.1
"petite",5,28,590,95163.21
"petite",6,28,607,97401.9
"petite",7,28,553,77817.57
"petite",8,28,621,98443.05
"petite",9,28,585,88770.32
"petite",10,28,537,75583.58
"petite",11,28,690,107690.7
"petite",12,28,601,82896.68
"petite",13,28,589,75118.67
"petite",14,28,571,86255.82
"petite",15,28,591,83160.17
"petite",16,28,590,81160.33
"petite",17,28,634,98471.87
"petite",18,28,642,113228.8
"petite",19,28,586,88157.95
"petite",20,28,725,128381.8
"petite",21,28,629,85295.27
"petite",22,28,619,93866.99
"petite",23,28,586,82838.54
"petite",24,28,623,85482.58
"petite",25,28,656,98841.82
"petite",26,28,634,102644.8
"petite",27,28,564,73231.1
"petite",28,28,524,57462.65
"petite",29,28,582,89860.73
"petite",30,28,629,98050.87
"petite",31,28,682,114258.5
"petite",32,28,627,89959.7
"petite",33,28,603,93260.75
"petite",34,28,582,80542.47
"petite",35,28,636,98573.47
"petite",36,28,625,90909.15
"petite",37,28,614,91826.43
"petite",38,28,526,80595.13
"petite",39,28,584,74999.39
"petite",40,28,570,78833.2
"petite",41,28,679,118299.2
"petite",42,28,539,73573.07
"petite",43,28,671,106714.1
"petite",44,28,580,78018.32
"petite",45,28,629,95012.02
"petite",46,28,543,74542.03
"petite",47,28,677,106596.2
"petite",48,28,620,90586.02
"petite",49,28,653,112880
"petite",50,28,577,87259.42
"petite",51,28,595,88038.88
"petite",52,28,600,92848.83
"petite",53,28,591,101552
"petite",54,28,691,107911.3
"petite",55,28,581,79436.53
"petite",56,28,619,89736.87
"petite",57,28,483,59026.77
"petite",58,28,726,122501.7
"petite",59,28,716,122220.9
"petite",60,28,611,86724.07
"petite",61,28,674,115218.3
"petite",62,28,657,98428.86
"petite",63,28,650,101349.8
"petite",64,28,580,79442.97
"petite",65,28,569,76976.66
"petite",66,28,608,88428.41
"petite",67,28,604,91274.5
"petite",68,28,592,90325.47
"petite",69,28,581,73315.86
"petite",70,28,630,95784.08
"petite",71,28,540,65423.8
"petite",72,28,684,109698.3
"petite",73,28,497,64793.81
"petite",74,28,607,76522.92
"petite",75,28,564,87688.35
"petite",76,28,713,125514.8
"petite",77,28,532,81711.8
"petite",78,28,584,82597.92
"petite",79,28,625,99247.28
"petite",80,28,627,88129.38
"petite",81,28,587,75865.99
"petite",82,28,500,70623.45
"petite",83,28,555,66288.48
"petite",84,28,619,87319.59
"petite",85,28,648,102239.5
"petite",86,28,684,112950.4
"petite",87,28,626,85749.33
"petite",88,28,641,104226.7
"petite",89,28,609,82000.94
"petite",90,28,555,72589.01
"petite",91,28,568,79714.27
"petite",92,28,653,111491.8
"petite",93,28,535,68875.36
"petite",94,28,587,73574.48
"petite",95,28,603,81096.86
"petite",96,28,540,69578.17
"petite",97,28,655,108153.1
"petite",98,28,560,82456.48
"petite",99,28,591,97076.94
"petite",100,28,628,85100.87
"petite",1,29,682,117348.7
"petite",2,29,630,82223.14
"petite",3,29,617,97910.91
"petite",4,29,585,82764.35
"petite",5,29,563,88713.91
"petite",6,29,596,92372.3
"petite",7,29,643,105154
"petite",8,29,628,89643.33
"petite",9,29,548,70609.75
"petite",10,29,549,71748.87
"petite",11,29,565,79613.31
"petite",12,29,642,85469.7
"petite",13,29,657,97848.78
"petite",14,29,653,90693.66
"petite",15,29,517,77083.26
"petite",16,29,564,73988.8
"petite",17,29,615,90684.45
"petite",18,29,620,97804.73
"petite",19,29,582,83744.7
"petite",20,29,476,62927.97
"petite",21,29,590,84384.82
"petite",22,29,610,87943.95
"petite",23,29,651,99638.31
"petite",24,29,590,87929.43
"petite",25,29,622,86781.53
"petite",26,29,563,74248.37
"petite",27,29,658,98356.47
"petite",28,29,570,82887.47
"petite",29,29,553,77080
"petite",30,29,576,71218.95
"petite",31,29,518,64628.78
"petite",32,29,584,86939.27
"petite",33,29,600,83161.01
"petite",34,29,687,121706.7
"petite",35,29,588,78694.64
"petite",36,29,584,86413.22
"petite",37,29,649,93458.2
"petite",38,29,576,71446.67
"petite",39,29,607,85636.36
"petite",40,29,639,86257.97
"petite",41,29,627,92664.28
"petite",42,29,616,87572.17
"petite",43,29,656,107604.5
"petite",44,29,553,77134.61
"petite",45,29,606,85647.35
"petite",46,29,575,84911.38
"petite",47,29,671,115825.9
"petite",48,29,610,98040.29
"petite",49,29,596,83694.01
"petite",50,29,593,78500.02
"petite",51,29,640,86555.47
"petite",52,29,649,92641.57
"petite",53,29,695,99598.24
"petite",54,29,641,97758.58
"petite",55,29,535,76088.82
"petite",56,29,596,87202.15
"petite",57,29,651,108211.3
"petite",58,29,598,83025.89
"petite",59,29,666,107109
"petite",60,29,641,104133.8
"petite",61,29,606,92375.36
"petite",62,29,576,74468.84
"petite",63,29,642,95802.51
"petite",64,29,585,73661.65
"petite",65,29,588,80896.34
"petite",66,29,632,94456.18
"petite",67,29,600,89094.41
"petite",68,29,569,73738.22
"petite",69,29,593,80077.73
"petite",70,29,658,103600.7
"petite",71,29,591,88749.43
"petite",72,29,608,92973.03
"petite",73,29,624,88393.05
"petite",74,29,630,90075.74
"petite",75,29,661,104928.2
"petite",76,29,593,77177.01
"petite",77,29,592,82350.92
"petite",78,29,556,86796.53
"petite",79,29,660,95009.27
"petite",80,29,672,102009.8
"petite",81,29,612,86507.77
"petite",82,29,593,93294.18
"petite",83,29,585,78312.48
"petite",84,29,619,84147.95
"petite",85,29,627,90788.86
"petite",86,29,554,76242.52
"petite",87,29,561,99745.87
"petite",88,29,570,79817.21
"petite",89,29,552,73629
"petite",90,29,587,83367.79
"petite",91,29,566,75179.19
"petite",92,29,628,88804.87
"petite",93,29,724,121989
"petite",94,29,727,123455.6
"petite",95,29,537,74436.78
"petite",96,29,622,93735.07
"petite",97,29,603,88703.53
"petite",98,29,563,80553.83
"petite",99,29,612,82559.73
"petite",100,29,649,96623.38
"petite",1,3,646,105279.9
"petite",2,3,655,98017.52
"petite",3,3,548,84773.19
"petite",4,3,647,103204.1
"petite",5,3,571,82148.81
"petite",6,3,620,85500.31
"petite",7,3,624,83023.32
"petite",8,3,554,81051.81
"petite",9,3,636,88196.75
"petite",10,3,544,73611.73
"petite",11,3,689,109689
"petite",12,3,627,103268
"petite",13,3,638,96648.08
"petite",14,3,669,100325.3
"petite",15,3,698,115727.4
"petite",16,3,671,104952.8
"petite",17,3,649,98749.29
"petite",18,3,640,101587.4
"petite",19,3,648,95893.57
"petite",20,3,495,59892.95
"petite",21,3,684,110596.7
"petite",22,3,635,94786.72
"petite",23,3,602,83080
"petite",24,3,748,115069.3
"petite",25,3,665,105596.4
"petite",26,3,592,86966.13
"petite",27,3,538,79707
"petite",28,3,568,76362.4
"petite",29,3,602,86871.93
"petite",30,3,580,74293.32
"petite",31,3,623,93180.94
"petite",32,3,631,106427.6
"petite",33,3,578,76507.43
"petite",34,3,532,77170.71
"petite",35,3,669,99675.43
"petite",36,3,650,98585.65
"petite",37,3,616,92172.38
"petite",38,3,591,93796
"petite",39,3,538,71288.74
"petite",40,3,605,86918.51
"petite",41,3,589,85419
"petite",42,3,631,90103.92
"petite",43,3,677,100669
"petite",44,3,675,98446.63
"petite",45,3,684,108016
"petite",46,3,685,116761.4
"petite",47,3,503,69400.04
"petite",48,3,602,89840.77
"petite",49,3,531,75871.22
"petite",50,3,565,79133.03
"petite",51,3,597,85134.05
"petite",52,3,660,103081.9
"petite",53,3,622,96415.21
"petite",54,3,621,100298.5
"petite",55,3,651,90998.26
"petite",56,3,564,76432.16
"petite",57,3,628,92915.99
"petite",58,3,492,63179.59
"petite",59,3,714,113519.7
"petite",60,3,573,75496.71
"petite",61,3,583,78092.84
"petite",62,3,637,99932.11
"petite",63,3,631,94179.13
"petite",64,3,658,87217.76
"petite",65,3,601,81913.7
"petite",66,3,664,102145.4
"petite",67,3,710,105912.8
"petite",68,3,598,81486.89
"petite",69,3,557,82002.85
"petite",70,3,620,91487.93
"petite",71,3,609,82664.02
"petite",72,3,570,74964.52
"petite",73,3,631,92163.21
"petite",74,3,659,108481.8
"petite",75,3,569,87215.18
"petite",76,3,564,87712.47
"petite",77,3,599,80030.01
"petite",78,3,638,94147.35
"petite",79,3,603,84787.5
"petite",80,3,632,91259.21
"petite",81,3,627,96291.1
"petite",82,3,557,80967.78
"petite",83,3,531,72513.03
"petite",84,3,626,86223.86
"petite",85,3,660,107391.8
"petite",86,3,522,69207.01
"petite",87,3,563,73328.18
"petite",88,3,680,107738.2
"petite",89,3,668,99314.17
"petite",90,3,618,92618.27
"petite",91,3,624,88622.28
"petite",92,3,650,93977.62
"petite",93,3,626,89858.21
"petite",94,3,608,88828.96
"petite",95,3,625,89342.68
"petite",96,3,643,89682.91
"petite",97,3,556,84944.05
"petite",98,3,590,82677.92
"petite",99,3,608,97388.83
"petite",100,3,645,87767.04
"petite",1,30,613,91201.94
"petite",2,30,676,107587.8
"petite",3,30,561,82305.18
"petite",4,30,691,99901.39
"petite",5,30,681,105654.3
"petite",6,30,625,91877.95
"petite",7,30,614,82043
"petite",8,30,484,56601.67
"petite",9,30,641,90512.91
"petite",10,30,661,100157.1
"petite",11,30,582,84930.8
"petite",12,30,691,118376.4
"petite",13,30,571,84574.19
"petite",14,30,562,72926
"petite",15,30,715,119997.1
"petite",16,30,619,76556.32
"petite",17,30,621,91064.36
"petite",18,30,584,75732.1
"petite",19,30,725,119701.2
"petite",20,30,613,87189.46
"petite",21,30,562,70660.04
"petite",22,30,584,73035.91
"petite",23,30,541,60729.28
"petite",24,30,638,98307.57
"petite",25,30,595,85255.67
"petite",26,30,588,82872.31
"petite",27,30,621,84137.68
"petite",28,30,558,83785.84
"petite",29,30,550,69487.36
"petite",30,30,734,135155.3
"petite",31,30,595,90278.51
"petite",32,30,641,102323.2
"petite",33,30,560,81575.29
"petite",34,30,615,84194.54
"petite",35,30,613,88714.98
"petite",36,30,615,91936.96
"petite",37,30,623,105488.4
"petite",38,30,612,84928.71
"petite",39,30,615,81433.62
"petite",40,30,560,76331.01
"petite",41,30,581,80436.16
"petite",42,30,601,87684.82
"petite",43,30,542,79116.98
"petite",44,30,576,80699.9
"petite",45,30,609,84244.85
"petite",46,30,538,72847.61
"petite",47,30,591,85776.37
"petite",48,30,556,69432.77
"petite",49,30,586,76296.91
"petite",50,30,638,94561.82
"petite",51,30,583,81862.16
"petite",52,30,540,69363.08
"petite",53,30,579,89138.09
"petite",54,30,659,86851.77
"petite",55,30,576,70126.66
"petite",56,30,613,88544.76
"petite",57,30,606,81768.89
"petite",58,30,566,77085.42
"petite",59,30,670,107011.2
"petite",60,30,610,96400.93
"petite",61,30,633,78817.86
"petite",62,30,650,90331.03
"petite",63,30,676,104786.2
"petite",64,30,670,106685.4
"petite",65,30,678,104050
"petite",66,30,571,71847.8
"petite",67,30,673,111344.3
"petite",68,30,672,109136.2
"petite",69,30,829,137388.1
"petite",70,30,775,127752.1
"petite",71,30,545,66276.98
"petite",72,30,594,92562.72
"petite",73,30,608,94053.36
"petite",74,30,585,78905.68
"petite",75,30,609,86716.85
"petite",76,30,607,84999.06
"petite",77,30,624,93638.02
"petite",78,30,511,70522.64
"petite",79,30,483,60540.13
"petite",80,30,719,140385
"petite",81,30,631,86745.83
"petite",82,30,592,72399.02
"petite",83,30,601,80527.24
"petite",84,30,656,92308.53
"petite",85,30,647,101266.2
"petite",86,30,540,70850.12
"petite",87,30,619,98711.39
"petite",88,30,776,123696.5
"petite",89,30,674,107993.5
"petite",90,30,567,88904.15
"petite",91,30,589,91121.2
"petite",92,30,673,112729.6
"petite",93,30,607,92639.81
"petite",94,30,584,75873.48
"petite",95,30,601,83964.54
"petite",96,30,588,75039.47
"petite",97,30,618,87116.1
"petite",98,30,620,80078.17
"petite",99,30,575,79483.42
"petite",100,30,640,90152.91
"petite",1,31,583,92948.24
"petite",2,31,500,59655.79
"petite",3,31,639,89829.5
"petite",4,31,614,91144.35
"petite",5,31,601,85056.41
"petite",6,31,575,80322.94
"petite",7,31,591,76883.27
"petite",8,31,628,90425.95
"petite",9,31,554,71486.18
"petite",10,31,582,76709.34
"petite",11,31,704,117662.7
"petite",12,31,577,80231.96
"petite",13,31,627,82035
"petite",14,31,617,92513.87
"petite",15,31,674,100733.7
"petite",16,31,569,78977.77
"petite",17,31,535,73989.79
"petite",18,31,578,83249.02
"petite",19,31,559,74152.26
"petite",20,31,686,107357.9
"petite",21,31,582,85443.16
"petite",22,31,624,84061.62
"petite",23,31,583,75541.18
"petite",24,31,564,79960.71
"petite",25,31,509,56504.74
"petite",26,31,614,90786.73
"petite",27,31,546,69379.73
"petite",28,31,542,72843.53
"petite",29,31,521,61190.15
"petite",30,31,552,80374.3
"petite",31,31,560,84223.48
"petite",32,31,549,67674.93
"petite",33,31,533,64846.05
"petite",34,31,678,109362.9
"petite",35,31,596,83982.45
"petite",36,31,630,86357.38
"petite",37,31,546,70068.37
"petite",38,31,578,84551.41
"petite",39,31,582,81235.82
"petite",40,31,604,92823.59
"petite",41,31,598,101059.2
"petite",42,31,589,78980.8
"petite",43,31,584,78365.73
"petite",44,31,618,87430.91
"petite",45,31,546,68856.16
"petite",46,31,585,85142.25
"petite",47,31,557,76550.3
"petite",48,31,609,87251.93
"petite",49,31,490,51990.81
"petite",50,31,574,85451.98
"petite",51,31,553,81653.06
"petite",52,31,566,72958.69
"petite",53,31,647,100722
"petite",54,31,606,78006.17
"petite",55,31,589,78482.95
"petite",56,31,605,80791.85
"petite",57,31,500,56159.35
"petite",58,31,518,61836.51
"petite",59,31,579,77273.72
"petite",60,31,617,99450.13
"petite",61,31,608,92437.49
"petite",62,31,560,74786.47
"petite",63,31,519,55221.99
"petite",64,31,544,73379.87
"petite",65,31,557,68743.84
"petite",66,31,584,78444.46
"petite",67,31,550,77733.49
"petite",68,31,613,93530.5
"petite",69,31,731,116402.8
"petite",70,31,580,86529.65
"petite",71,31,605,89253.42
"petite",72,31,550,62469.6
"petite",73,31,556,66422.8
"petite",74,31,604,84383.55
"petite",75,31,628,87481.81
"petite",76,31,555,95504.28
"petite",77,31,673,102446.4
"petite",78,31,577,80959.67
"petite",79,31,615,75356.58
"petite",80,31,584,77352.53
"petite",81,31,606,86281.79
"petite",82,31,617,93588.11
"petite",83,31,580,80380.33
"petite",84,31,557,73123.82
"petite",85,31,628,79940.71
"petite",86,31,583,88544.07
"petite",87,31,539,74767.56
"petite",88,31,540,58528.01
"petite",89,31,613,84877.76
"petite",90,31,576,78159.56
"petite",91,31,612,87220.91
"petite",92,31,663,95276.34
"petite",93,31,586,83741.39
"petite",94,31,571,86623.91
"petite",95,31,633,93292.62
"petite",96,31,649,98573.8
"petite",97,31,558,82452.28
"petite",98,31,557,78140.02
"petite",99,31,541,75293.14
"petite",100,31,633,98525.13
"petite",1,32,701,111572.5
"petite",2,32,570,79743.98
"petite",3,32,567,79220.55
"petite",4,32,628,103983.3
"petite",5,32,558,82347.44
"petite",6,32,611,91380.41
"petite",7,32,610,96333.1
"petite",8,32,737,119738.2
"petite",9,32,631,95954.25
"petite",10,32,533,74697.08
"petite",11,32,648,101812.1
"petite",12,32,658,107468.1
"petite",13,32,575,96459.32
"petite",14,32,601,92860.16
"petite",15,32,573,88191.59
"petite",16,32,573,81148.83
"petite",17,32,719,137362.1
"petite",18,32,680,116932.5
"petite",19,32,703,109905.4
"petite",20,32,628,103174.3
"petite",21,32,614,87329.11
"petite",22,32,616,87764.14
"petite",23,32,649,88075.01
"petite",24,32,614,93287.73
"petite",25,32,647,102451.8
"petite",26,32,656,98709.59
"petite",27,32,594,75495.07
"petite",28,32,719,121068.3
"petite",29,32,736,119412.3
"petite",30,32,660,95710.35
"petite",31,32,707,106308.3
"petite",32,32,775,134852.4
"petite",33,32,632,92688.15
"petite",34,32,783,132244.8
"petite",35,32,633,92751.81
"petite",36,32,655,95709.55
"petite",37,32,619,81319.52
"petite",38,32,532,74108.88
"petite",39,32,547,72962.89
"petite",40,32,700,119861.9
"petite",41,32,743,126904
"petite",42,32,722,116196.5
"petite",43,32,649,96221.77
"petite",44,32,575,81675.63
"petite",45,32,704,102051.4
"petite",46,32,650,108717.6
"petite",47,32,753,123202.2
"petite",48,32,649,95055.06
"petite",49,32,627,97145.12
"petite",50,32,555,79550.77
"petite",51,32,630,91523.37
"petite",52,32,751,120001.1
"petite",53,32,600,84447.25
"petite",54,32,610,88678.17
"petite",55,32,591,90018.5
"petite",56,32,651,104532.8
"petite",57,32,673,116219.6
"petite",58,32,730,122895
"petite",59,32,596,91031.72
"petite",60,32,570,82815.7
"petite",61,32,614,89059.48
"petite",62,32,683,108191.4
"petite",63,32,647,102960.8
"petite",64,32,643,102237
"petite",65,32,578,83681.71
"petite",66,32,638,87873.67
"petite",67,32,609,86502.93
"petite",68,32,636,97183.08
"petite",69,32,519,67572.57
"petite",70,32,541,80168.26
"petite",71,32,546,72181.94
"petite",72,32,589,82162.68
"petite",73,32,644,97371.32
"petite",74,32,655,106624.7
"petite",75,32,663,98520.76
"petite",76,32,572,76597.06
"petite",77,32,646,99513
"petite",78,32,513,58099.46
"petite",79,32,736,114037.6
"petite",80,32,561,72125.34
"petite",81,32,606,96291.18
"petite",82,32,676,105472.2
"petite",83,32,649,85929.5
"petite",84,32,670,110048.6
"petite",85,32,618,90152.58
"petite",86,32,750,142272.2
"petite",87,32,676,121638
"petite",88,32,584,71184.9
"petite",89,32,639,101558.2
"petite",90,32,667,109193.9
"petite",91,32,583,93004.43
"petite",92,32,645,104494.6
"petite",93,32,545,72438.68
"petite",94,32,615,94608.67
"petite",95,32,574,88145.49
"petite",96,32,617,84875.3
"petite",97,32,598,90967.13
"petite",98,32,597,85926.26
"petite",99,32,637,95826.31
"petite",100,32,706,109284
"petite",1,33,609,90135.95
"petite",2,33,601,85663.81
"petite",3,33,646,102915.9
"petite",4,33,627,96177.91
"petite",5,33,601,81722.19
"petite",6,33,580,82761.11
"petite",7,33,544,66110.57
"petite",8,33,623,80375.93
"petite",9,33,635,100987.6
"petite",10,33,540,72297.91
"petite",11,33,687,105443.9
"petite",12,33,655,107322.9
"petite",13,33,539,78806.48
"petite",14,33,533,61708
"petite",15,33,562,74204.61
"petite",16,33,599,79732.76
"petite",17,33,577,75584.81
"petite",18,33,567,74776.79
"petite",19,33,543,89038.59
"petite",20,33,598,75177.49
"petite",21,33,475,59833.29
"petite",22,33,611,86339.2
"petite",23,33,551,72911.1
"petite",24,33,650,102744
"petite",25,33,626,91024.27
"petite",26,33,713,106906.9
"petite",27,33,550,73762.68
"petite",28,33,736,106167.4
"petite",29,33,569,68900.18
"petite",30,33,567,76468.23
"petite",31,33,593,83842.22
"petite",32,33,614,84509.67
"petite",33,33,569,76044.35
"petite",34,33,505,66087.11
"petite",35,33,635,92098.5
"petite",36,33,479,65714.32
"petite",37,33,632,93208.37
"petite",38,33,553,75571.83
"petite",39,33,576,73232.16
"petite",40,33,612,86320.02
"petite",41,33,652,98468.85
"petite",42,33,624,96952.96
"petite",43,33,585,83852.41
"petite",44,33,577,82245.09
"petite",45,33,738,114698.5
"petite",46,33,569,77244.19
"petite",47,33,635,91124.69
"petite",48,33,529,71157.61
"petite",49,33,626,98470.84
"petite",50,33,598,84940.57
"petite",51,33,553,69474.41
"petite",52,33,594,84122.64
"petite",53,33,556,72636.51
"petite",54,33,611,92493.24
"petite",55,33,575,83095.08
"petite",56,33,553,78645.3
"petite",57,33,577,74173.63
"petite",58,33,518,65841.02
"petite",59,33,527,68552.88
"petite",60,33,545,66756.47
"petite",61,33,539,67291.73
"petite",62,33,553,72681.74
"petite",63,33,525,67112.87
"petite",64,33,613,89223.47
"petite",65,33,570,81082.46
"petite",66,33,536,69183.85
"petite",67,33,496,66608.41
"petite",68,33,526,75415.35
"petite",69,33,615,84447.56
"petite",70,33,603,87969.01
"petite",71,33,593,79915.97
"petite",72,33,605,98345.5
"petite",73,33,575,78817.09
"petite",74,33,542,71726.06
"petite",75,33,525,71656.07
"petite",76,33,576,80034.28
"petite",77,33,664,103047.9
"petite",78,33,591,81289.75
"petite",79,33,604,82351.84
"petite",80,33,602,85373.8
"petite",81,33,645,96109.09
"petite",82,33,583,80842.62
"petite",83,33,536,72300.02
"petite",84,33,649,97083.95
"petite",85,33,619,93893.52
"petite",86,33,656,105725
"petite",87,33,617,96025.63
"petite",88,33,572,78535.58
"petite",89,33,629,88705.19
"petite",90,33,621,95481.02
"petite",91,33,524,62995.31
"petite",92,33,544,74533.29
"petite",93,33,569,70695.08
"petite",94,33,612,101078
"petite",95,33,633,94592.85
"petite",96,33,551,68957.46
"petite",97,33,558,76275.56
"petite",98,33,540,87661.98
"petite",99,33,612,86868.24
"petite",100,33,625,89532.45
"petite",1,34,680,119166.9
"petite",2,34,564,79244.88
"petite",3,34,595,94739.05
"petite",4,34,584,83442.44
"petite",5,34,663,98711.56
"petite",6,34,609,91698.01
"petite",7,34,635,101675
"petite",8,34,560,73760.99
"petite",9,34,553,77316.85
"petite",10,34,576,92674.57
"petite",11,34,585,83250.52
"petite",12,34,520,53349.05
"petite",13,34,559,73831.95
"petite",14,34,646,105065.4
"petite",15,34,603,86870.04
"petite",16,34,637,117598.5
"petite",17,34,600,87792.95
"petite",18,34,635,100427.8
"petite",19,34,562,77510.92
"petite",20,34,669,119038.9
"petite",21,34,563,81768.25
"petite",22,34,643,95357.32
"petite",23,34,618,93197.36
"petite",24,34,609,96392.48
"petite",25,34,639,110478.5
"petite",26,34,531,68423.78
"petite",27,34,642,109303.4
"petite",28,34,709,116187.2
"petite",29,34,553,69975.13
"petite",30,34,670,116550.9
"petite",31,34,536,69143.12
"petite",32,34,486,66267.3
"petite",33,34,699,120538.7
"petite",34,34,541,73878.2
"petite",35,34,530,64589.78
"petite",36,34,520,64624.55
"petite",37,34,692,113484.3
"petite",38,34,560,79247.76
"petite",39,34,636,91624.32
"petite",40,34,568,75325.74
"petite",41,34,599,86977.45
"petite",42,34,510,61299.32
"petite",43,34,565,74840.03
"petite",44,34,592,83132.58
"petite",45,34,604,89776.87
"petite",46,34,587,80251.59
"petite",47,34,628,92666.78
"petite",48,34,566,82864.2
"petite",49,34,580,86185.05
"petite",50,34,580,91844.81
"petite",51,34,657,92626.57
"petite",52,34,571,90798.9
"petite",53,34,635,88045.94
"petite",54,34,563,78046.47
"petite",55,34,582,83615.44
"petite",56,34,511,61973.98
"petite",57,34,630,99290.58
"petite",58,34,645,106754.7
"petite",59,34,532,63908.06
"petite",60,34,610,88817.4
"petite",61,34,488,61123.36
"petite",62,34,656,96041.96
"petite",63,34,607,88507.51
"petite",64,34,532,71590.29
"petite",65,34,613,94796.39
"petite",66,34,635,96300.83
"petite",67,34,654,116492.9
"petite",68,34,577,86602.29
"petite",69,34,627,100703.7
"petite",70,34,628,90703.39
"petite",71,34,570,76507.22
"petite",72,34,573,92700.62
"petite",73,34,569,79121.83
"petite",74,34,596,83824.99
"petite",75,34,563,73082.97
"petite",76,34,601,87091.28
"petite",77,34,587,87480.86
"petite",78,34,574,95495.77
"petite",79,34,664,111177.9
"petite",80,34,544,73933.27
"petite",81,34,661,109563.9
"petite",82,34,552,73682.02
"petite",83,34,532,70390.76
"petite",84,34,580,85421.12
"petite",85,34,520,72447.51
"petite",86,34,641,110166.9
"petite",87,34,692,117942.4
"petite",88,34,550,75904.07
"petite",89,34,616,91838.36
"petite",90,34,623,103432
"petite",91,34,590,82540.28
"petite",92,34,662,101201.2
"petite",93,34,564,87882.15
"petite",94,34,645,107366.4
"petite",95,34,598,88295.91
"petite",96,34,576,82829.6
"petite",97,34,635,90200.13
"petite",98,34,659,112272
"petite",99,34,518,69538.01
"petite",100,34,701,118985.5
"petite",1,35,574,82303.58
"petite",2,35,728,136422.1
"petite",3,35,643,106262.7
"petite",4,35,573,75816.53
"petite",5,35,690,119887.2
"petite",6,35,661,115294.9
"petite",7,35,585,81064.23
"petite",8,35,611,89447.28
"petite",9,35,678,110830.3
"petite",10,35,634,92483.78
"petite",11,35,563,75650.6
"petite",12,35,594,91668.16
"petite",13,35,617,100153.2
"petite",14,35,605,85920.89
"petite",15,35,632,104078.7
"petite",16,35,637,112862.3
"petite",17,35,692,106147.3
"petite",18,35,588,81467.6
"petite",19,35,615,86844.33
"petite",20,35,524,72247.89
"petite",21,35,563,72064.27
"petite",22,35,655,104046.2
"petite",23,35,675,94086.25
"petite",24,35,646,110980.5
"petite",25,35,627,100700.8
"petite",26,35,584,89492.54
"petite",27,35,600,85190.77
"petite",28,35,587,83683.14
"petite",29,35,717,121234.6
"petite",30,35,650,106217.4
"petite",31,35,560,82352.66
"petite",32,35,645,95023.95
"petite",33,35,626,108439.8
"petite",34,35,652,100489.1
"petite",35,35,605,99463.74
"petite",36,35,631,98601.12
"petite",37,35,683,109478.2
"petite",38,35,616,103096.9
"petite",39,35,596,95982.62
"petite",40,35,687,107106.2
"petite",41,35,626,95551.14
"petite",42,35,630,91220.62
"petite",43,35,557,84673.76
"petite",44,35,611,96686.75
"petite",45,35,582,86710.69
"petite",46,35,532,67499.85
"petite",47,35,626,91456.94
"petite",48,35,553,75099.6
"petite",49,35,579,88104.8
"petite",50,35,555,77944.08
"petite",51,35,579,86894.59
"petite",52,35,641,97467.89
"petite",53,35,596,78706.68
"petite",54,35,753,147707.2
"petite",55,35,596,85646.87
"petite",56,35,594,88572.88
"petite",57,35,622,85095.11
"petite",58,35,573,81332.21
"petite",59,35,596,87552.37
"petite",60,35,675,110320.7
"petite",61,35,653,100910.3
"petite",62,35,568,71861.49
"petite",63,35,554,68924.64
"petite",64,35,647,101231.4
"petite",65,35,572,73637.41
"petite",66,35,683,113475.6
"petite",67,35,659,111427.5
"petite",68,35,638,100106.9
"petite",69,35,586,92527.04
"petite",70,35,613,92269.94
"petite",71,35,577,89469.58
"petite",72,35,543,74840.83
"petite",73,35,562,82697.76
"petite",74,35,629,111718.9
"petite",75,35,556,75632.98
"petite",76,35,615,92203.78
"petite",77,35,502,62414.81
"petite",78,35,620,86956.3
"petite",79,35,648,102282.3
"petite",80,35,682,120062.2
"petite",81,35,587,84986.41
"petite",82,35,542,79409.89
"petite",83,35,536,77235.54
"petite",84,35,646,103741.4
"petite",85,35,566,76677.15
"petite",86,35,558,84715.12
"petite",87,35,616,102824.3
"petite",88,35,531,71384.74
"petite",89,35,568,73422.39
"petite",90,35,614,89541.2
"petite",91,35,670,99941.59
"petite",92,35,642,105228.1
"petite",93,35,591,80479.05
"petite",94,35,570,80114.4
"petite",95,35,630,91975.66
"petite",96,35,586,85550.86
"petite",97,35,630,101018.9
"petite",98,35,651,99831.17
"petite",99,35,640,105338.8
"petite",100,35,614,91790.46
"petite",1,36,605,82616.47
"petite",2,36,554,76904.17
"petite",3,36,609,77375.34
"petite",4,36,634,93056.22
"petite",5,36,626,97448.35
"petite",6,36,729,113051.2
"petite",7,36,576,87660.22
"petite",8,36,612,84383.8
"petite",9,36,619,79688.35
"petite",10,36,596,84858.01
"petite",11,36,589,78340.09
"petite",12,36,573,83398.01
"petite",13,36,642,95254.48
"petite",14,36,625,84421.7
"petite",15,36,585,80698.73
"petite",16,36,727,111188.6
"petite",17,36,581,77945.22
"petite",18,36,606,92087.16
"petite",19,36,541,73250.17
"petite",20,36,609,79703.44
"petite",21,36,491,63659
"petite",22,36,603,84878.43
"petite",23,36,640,90853.5
"petite",24,36,626,95588.31
"petite",25,36,549,68231.24
"petite",26,36,611,78376.03
"petite",27,36,594,87754.84
"petite",28,36,663,104585.7
"petite",29,36,596,82744.64
"petite",30,36,598,81750.15
"petite",31,36,521,65361.97
"petite",32,36,553,71259.86
"petite",33,36,563,73788.74
"petite",34,36,590,95802.75
"petite",35,36,641,92117.79
"petite",36,36,542,71299.56
"petite",37,36,609,92711.22
"petite",38,36,710,102911.2
"petite",39,36,693,114891.1
"petite",40,36,604,84553.42
"petite",41,36,599,81535.21
"petite",42,36,683,107921
"petite",43,36,608,90038.47
"petite",44,36,631,88061.21
"petite",45,36,568,78750.2
"petite",46,36,631,86429.52
"petite",47,36,618,87030.16
"petite",48,36,677,105813.8
"petite",49,36,580,74707.66
"petite",50,36,593,77772.08
"petite",51,36,530,70508.12
"petite",52,36,532,67944.52
"petite",53,36,529,71287.57
"petite",54,36,550,78823.95
"petite",55,36,569,75765.53
"petite",56,36,616,88048.95
"petite",57,36,576,84544.8
"petite",58,36,588,81479.3
"petite",59,36,555,75163.75
"petite",60,36,606,82385.43
"petite",61,36,617,86817.74
"petite",62,36,572,86944.19
"petite",63,36,638,100005.6
"petite",64,36,658,93514.54
"petite",65,36,540,70905.81
"petite",66,36,636,92662.88
"petite",67,36,593,82104.53
"petite",68,36,557,83171.25
"petite",69,36,568,74021.39
"petite",70,36,578,83159.81
"petite",71,36,510,57196.41
"petite",72,36,632,88183.88
"petite",73,36,632,94729.89
"petite",74,36,594,82584.73
"petite",75,36,589,84449.99
"petite",76,36,623,88616.57
"petite",77,36,557,75321.07
"petite",78,36,546,75413.74
"petite",79,36,608,95870.91
"petite",80,36,535,64498.19
"petite",81,36,584,81651.19
"petite",82,36,532,67435.73
"petite",83,36,616,84034.53
"petite",84,36,526,62273.27
"petite",85,36,604,95465.68
"petite",86,36,614,87280.78
"petite",87,36,592,85147.19
"petite",88,36,572,87293.49
"petite",89,36,646,86105.05
"petite",90,36,600,75379.08
"petite",91,36,606,78820.69
"petite",92,36,618,88203.58
"petite",93,36,698,113789.5
"petite",94,36,552,81163.76
"petite",95,36,587,78662.63
"petite",96,36,635,103344.1
"petite",97,36,561,72093.46
"petite",98,36,656,104542.7
"petite",99,36,630,86310.6
"petite",100,36,629,83559.36
"petite",1,37,536,78773.1
"petite",2,37,602,93913.69
"petite",3,37,615,96579.38
"petite",4,37,627,103498.2
"petite",5,37,637,103697.3
"petite",6,37,688,113905.7
"petite",7,37,525,64869.93
"petite",8,37,608,89795.72
"petite",9,37,629,95793.22
"petite",10,37,608,92668.26
"petite",11,37,687,104336
"petite",12,37,566,75860.98
"petite",13,37,518,61239.4
"petite",14,37,589,97910.39
"petite",15,37,649,95427.93
"petite",16,37,760,122491.6
"petite",17,37,692,99713.56
"petite",18,37,593,95920.48
"petite",19,37,638,84919.36
"petite",20,37,689,105746.8
"petite",21,37,598,72704.5
"petite",22,37,573,76870.36
"petite",23,37,639,103053
"petite",24,37,645,99454.42
"petite",25,37,636,106502.4
"petite",26,37,614,101570.5
"petite",27,37,619,110172.3
"petite",28,37,505,71994.8
"petite",29,37,560,75465.47
"petite",30,37,593,81043.13
"petite",31,37,620,92306.62
"petite",32,37,649,97337.85
"petite",33,37,563,68044.71
"petite",34,37,587,84567.26
"petite",35,37,594,92433.1
"petite",36,37,677,107057.3
"petite",37,37,633,90353.56
"petite",38,37,538,80032.72
"petite",39,37,626,85965.03
"petite",40,37,643,97766.58
"petite",41,37,586,89393.4
"petite",42,37,565,74124.12
"petite",43,37,548,77084.21
"petite",44,37,617,93997.26
"petite",45,37,626,94169.87
"petite",46,37,679,105326.9
"petite",47,37,608,92518.73
"petite",48,37,624,100777.9
"petite",49,37,632,94172.61
"petite",50,37,617,87390.75
"petite",51,37,642,85264.98
"petite",52,37,596,79288.16
"petite",53,37,532,58499.11
"petite",54,37,689,108844.4
"petite",55,37,599,86506.67
"petite",56,37,573,75850.78
"petite",57,37,652,109931.1
"petite",58,37,602,85277.11
"petite",59,37,608,89946.15
"petite",60,37,616,92216.73
"petite",61,37,521,59334.21
"petite",62,37,579,76797.22
"petite",63,37,536,81678.69
"petite",64,37,572,80379.03
"petite",65,37,648,104729
"petite",66,37,629,94877.55
"petite",67,37,545,70338.72
"petite",68,37,599,82486.02
"petite",69,37,650,101701
"petite",70,37,630,88014.97
"petite",71,37,620,92577.73
"petite",72,37,595,82937.28
"petite",73,37,662,102818.5
"petite",74,37,541,75285.72
"petite",75,37,663,107347.8
"petite",76,37,611,90713.23
"petite",77,37,523,76878.36
"petite",78,37,624,98298.04
"petite",79,37,648,93183.85
"petite",80,37,616,89833.65
"petite",81,37,704,127230.2
"petite",82,37,660,93794.9
"petite",83,37,575,71507.79
"petite",84,37,578,81459.61
"petite",85,37,604,91002.07
"petite",86,37,558,70092.36
"petite",87,37,646,93709.32
"petite",88,37,578,82335.5
"petite",89,37,533,71863.17
"petite",90,37,449,50093.18
"petite",91,37,527,78740.78
"petite",92,37,610,88412.64
"petite",93,37,708,111778.5
"petite",94,37,690,114469.1
"petite",95,37,630,96398.67
"petite",96,37,602,77422.79
"petite",97,37,629,110961.4
"petite",98,37,582,91438.54
"petite",99,37,547,72948.8
"petite",100,37,628,93402.26
"petite",1,38,648,92734.86
"petite",2,38,548,72596.69
"petite",3,38,696,128233.9
"petite",4,38,664,109022.7
"petite",5,38,597,81138
"petite",6,38,628,101161.9
"petite",7,38,698,121832.9
"petite",8,38,597,103917.2
"petite",9,38,582,81465.5
"petite",10,38,664,114008.1
"petite",11,38,657,90690.09
"petite",12,38,707,120963.6
"petite",13,38,590,85202.81
"petite",14,38,622,83822.25
"petite",15,38,603,83992.8
"petite",16,38,552,75732.04
"petite",17,38,651,98102.32
"petite",18,38,717,134341.3
"petite",19,38,617,98939.76
"petite",20,38,586,75615.67
"petite",21,38,656,93140.97
"petite",22,38,632,90206.05
"petite",23,38,657,107138.7
"petite",24,38,633,94032.18
"petite",25,38,609,80804.6
"petite",26,38,651,109173.7
"petite",27,38,724,113089.7
"petite",28,38,663,101637.8
"petite",29,38,639,98954.84
"petite",30,38,650,99417.89
"petite",31,38,675,109569.9
"petite",32,38,582,83353.39
"petite",33,38,504,65848.32
"petite",34,38,644,103199.1
"petite",35,38,617,84359.91
"petite",36,38,571,84466.69
"petite",37,38,666,104275.2
"petite",38,38,614,94763.89
"petite",39,38,497,63922.32
"petite",40,38,626,91206.35
"petite",41,38,614,102008.9
"petite",42,38,585,82815.54
"petite",43,38,566,81465.17
"petite",44,38,805,139682.9
"petite",45,38,618,87766.42
"petite",46,38,531,79098.08
"petite",47,38,757,139812.5
"petite",48,38,659,100473.3
"petite",49,38,596,83140.94
"petite",50,38,674,113072
"petite",51,38,629,95338.94
"petite",52,38,606,86531.07
"petite",53,38,592,92230.51
"petite",54,38,541,73564.12
"petite",55,38,594,101140.5
"petite",56,38,617,102173
"petite",57,38,651,94368.16
"petite",58,38,605,82341.63
"petite",59,38,609,85649.55
"petite",60,38,627,98204.77
"petite",61,38,616,93610.71
"petite",62,38,672,101284.7
"petite",63,38,535,71106.12
"petite",64,38,749,142419.8
"petite",65,38,620,98883.1
"petite",66,38,681,103313.9
"petite",67,38,654,92541.83
"petite",68,38,547,73308.17
"petite",69,38,601,87529.16
"petite",70,38,595,78843.84
"petite",71,38,654,105565.8
"petite",72,38,666,106612
"petite",73,38,600,90474.96
"petite",74,38,642,99099.27
"petite",75,38,704,113022.2
"petite",76,38,621,93437.72
"petite",77,38,589,77762.97
"petite",78,38,710,113345.9
"petite",79,38,592,83385.98
"petite",80,38,548,80538.71
"petite",81,38,628,92291.75
"petite",82,38,653,102963.5
"petite",83,38,648,104956
"petite",84,38,570,74003.97
"petite",85,38,622,86314.78
"petite",86,38,618,96001.22
"petite",87,38,700,123871.3
"petite",88,38,563,81587.03
"petite",89,38,581,87117.17
"petite",90,38,742,133822.5
"petite",91,38,656,93662.42
"petite",92,38,595,84525.26
"petite",93,38,625,95450.85
"petite",94,38,514,63365.35
"petite",95,38,664,103647
"petite",96,38,550,69521.32
"petite",97,38,592,87648.28
"petite",98,38,595,91244.25
"petite",99,38,595,77910.25
"petite",100,38,553,75613.13
"petite",1,39,574,81287.38
"petite",2,39,741,115723.8
"petite",3,39,661,102340.5
"petite",4,39,569,82485.85
"petite",5,39,565,77895.4
"petite",6,39,596,82583.39
"petite",7,39,648,103042.9
"petite",8,39,546,69449.55
"petite",9,39,632,81413.06
"petite",10,39,557,74992.13
"petite",11,39,562,88456.87
"petite",12,39,583,77545.81
"petite",13,39,573,73597.32
"petite",14,39,641,96138.9
"petite",15,39,596,79805.73
"petite",16,39,566,73226.8
"petite",17,39,594,87943.53
"petite",18,39,610,90484.13
"petite",19,39,506,60021.29
"petite",20,39,633,93909.93
"petite",21,39,531,63751.64
"petite",22,39,640,98457.75
"petite",23,39,596,84552.36
"petite",24,39,656,105403.2
"petite",25,39,622,83473.41
"petite",26,39,579,72332.5
"petite",27,39,563,71175.41
"petite",28,39,654,104166
"petite",29,39,670,102345.3
"petite",30,39,620,92503.87
"petite",31,39,657,98041.38
"petite",32,39,650,96725.48
"petite",33,39,595,85090.7
"petite",34,39,553,75615.58
"petite",35,39,533,72740.55
"petite",36,39,529,60836.41
"petite",37,39,514,72377.88
"petite",38,39,636,95745.25
"petite",39,39,679,92057.45
"petite",40,39,679,101096.7
"petite",41,39,625,83373.92
"petite",42,39,639,84132.41
"petite",43,39,529,64356.38
"petite",44,39,575,75172.81
"petite",45,39,663,100317.8
"petite",46,39,583,78479.92
"petite",47,39,595,80793.25
"petite",48,39,667,99171.73
"petite",49,39,574,77624.52
"petite",50,39,622,94597.22
"petite",51,39,633,93393.6
"petite",52,39,518,64303.8
"petite",53,39,621,96653.57
"petite",54,39,673,101366.8
"petite",55,39,605,82932.05
"petite",56,39,577,74643.6
"petite",57,39,585,84589.38
"petite",58,39,573,73144.26
"petite",59,39,653,101094
"petite",60,39,703,120893.4
"petite",61,39,482,61108.36
"petite",62,39,599,94726.26
"petite",63,39,538,72320.58
"petite",64,39,523,69963.43
"petite",65,39,629,100144.4
"petite",66,39,695,97244.69
"petite",67,39,632,100406.9
"petite",68,39,574,77552.71
"petite",69,39,642,99305.85
"petite",70,39,617,90237.62
"petite",71,39,619,99365.76
"petite",72,39,562,72682.01
"petite",73,39,574,80276.81
"petite",74,39,651,89204.02
"petite",75,39,587,85225.1
"petite",76,39,573,79663.83
"petite",77,39,586,81974.47
"petite",78,39,587,76133.08
"petite",79,39,625,85388.68
"petite",80,39,669,97288.44
"petite",81,39,679,96895.77
"petite",82,39,681,120125.6
"petite",83,39,643,98850.13
"petite",84,39,544,75295.33
"petite",85,39,595,82419.57
"petite",86,39,636,91201.58
"petite",87,39,578,82771.22
"petite",88,39,583,67799.53
"petite",89,39,625,94080.77
"petite",90,39,720,116555.8
"petite",91,39,596,96865.79
"petite",92,39,589,80216.89
"petite",93,39,646,107339.1
"petite",94,39,651,91557.79
"petite",95,39,580,85733.5
"petite",96,39,580,88508.79
"petite",97,39,599,87136.58
"petite",98,39,575,81655.64
"petite",99,39,604,91250.9
"petite",100,39,651,105315.3
"petite",1,4,567,88707.49
"petite",2,4,492,65901.57
"petite",3,4,641,99503.42
"petite",4,4,711,110543.8
"petite",5,4,590,82709.82
"petite",6,4,591,78937.17
"petite",7,4,650,97299.25
"petite",8,4,610,87275.53
"petite",9,4,602,87324.79
"petite",10,4,652,95166.85
"petite",11,4,567,72555.55
"petite",12,4,614,92941.87
"petite",13,4,644,92672.88
"petite",14,4,639,85904.58
"petite",15,4,531,65844.64
"petite",16,4,721,122607.2
"petite",17,4,573,84711.76
"petite",18,4,545,70023.08
"petite",19,4,608,79968.91
"petite",20,4,643,90847.74
"petite",21,4,607,87558.13
"petite",22,4,563,85766.14
"petite",23,4,527,77009.64
"petite",24,4,638,83927.39
"petite",25,4,687,114670.6
"petite",26,4,657,99523.95
"petite",27,4,560,69043.09
"petite",28,4,654,98209.42
"petite",29,4,703,107278.5
"petite",30,4,649,104847.9
"petite",31,4,602,88813.91
"petite",32,4,634,94968.11
"petite",33,4,658,93354.51
"petite",34,4,592,86858.74
"petite",35,4,749,131665.1
"petite",36,4,573,89407.51
"petite",37,4,578,96166.01
"petite",38,4,689,107842.1
"petite",39,4,659,103120.3
"petite",40,4,650,99901.08
"petite",41,4,644,90681.95
"petite",42,4,678,101380.8
"petite",43,4,706,113485.1
"petite",44,4,543,69093.51
"petite",45,4,592,83059.63
"petite",46,4,568,70502.08
"petite",47,4,550,68325.29
"petite",48,4,670,98092.06
"petite",49,4,658,104837.7
"petite",50,4,599,80716.99
"petite",51,4,703,110102.7
"petite",52,4,607,86829.96
"petite",53,4,587,83205.53
"petite",54,4,556,72631.51
"petite",55,4,560,77212.13
"petite",56,4,570,73117.24
"petite",57,4,552,69192.99
"petite",58,4,697,114000.4
"petite",59,4,646,107020.9
"petite",60,4,588,78432.49
"petite",61,4,606,87267.47
"petite",62,4,637,93054.07
"petite",63,4,702,114112.4
"petite",64,4,584,79965.75
"petite",65,4,664,102782.3
"petite",66,4,598,85796.35
"petite",67,4,586,78240.38
"petite",68,4,625,99677.48
"petite",69,4,569,80374.15
"petite",70,4,572,77462.5
"petite",71,4,656,98800.89
"petite",72,4,654,102816.5
"petite",73,4,636,103219.9
"petite",74,4,578,82096.64
"petite",75,4,642,100608.1
"petite",76,4,646,101790.8
"petite",77,4,604,86089.48
"petite",78,4,590,79794.24
"petite",79,4,632,90340.35
"petite",80,4,616,94585.45
"petite",81,4,622,87780.67
"petite",82,4,582,72225.1
"petite",83,4,657,93711.34
"petite",84,4,561,76732
"petite",85,4,592,88503.11
"petite",86,4,651,98079.75
"petite",87,4,638,97556.58
"petite",88,4,611,95600.37
"petite",89,4,595,84765.54
"petite",90,4,666,97677.06
"petite",91,4,648,92757.72
"petite",92,4,665,95027.58
"petite",93,4,560,80029.53
"petite",94,4,581,77271.89
"petite",95,4,588,83156.03
"petite",96,4,618,84145.58
"petite",97,4,661,103673.2
"petite",98,4,656,106588.7
"petite",99,4,567,81132.17
"petite",100,4,608,87766.18
"petite",1,40,754,126866.3
"petite",2,40,648,97691.38
"petite",3,40,604,75157.29
"petite",4,40,569,74964.54
"petite",5,40,548,71166.11
"petite",6,40,625,97443.6
"petite",7,40,632,93984.17
"petite",8,40,620,96889.96
"petite",9,40,637,103547.4
"petite",10,40,597,85401.52
"petite",11,40,614,90802.87
"petite",12,40,589,85789.33
"petite",13,40,600,84579.39
"petite",14,40,623,93258.57
"petite",15,40,634,87815.95
"petite",16,40,550,71117.82
"petite",17,40,674,105087.2
"petite",18,40,643,95504.59
"petite",19,40,517,73401.91
"petite",20,40,535,61414.43
"petite",21,40,610,79152.56
"petite",22,40,637,91748.27
"petite",23,40,606,80265.25
"petite",24,40,595,82758.61
"petite",25,40,541,68350.91
"petite",26,40,540,72927.61
"petite",27,40,563,73223.04
"petite",28,40,689,121519.9
"petite",29,40,650,105133
"petite",30,40,626,84711.31
"petite",31,40,601,87177.52
"petite",32,40,648,96743.72
"petite",33,40,630,99525.63
"petite",34,40,664,116664.1
"petite",35,40,626,101902.3
"petite",36,40,746,123832.3
"petite",37,40,663,106550.6
"petite",38,40,631,94022.03
"petite",39,40,737,135649.6
"petite",40,40,564,82727.35
"petite",41,40,562,73523.48
"petite",42,40,598,81784.58
"petite",43,40,558,74345.42
"petite",44,40,635,91432.69
"petite",45,40,568,75773.25
"petite",46,40,724,120957.6
"petite",47,40,637,102027.9
"petite",48,40,553,72686.76
"petite",49,40,635,97053.4
"petite",50,40,713,117486.4
"petite",51,40,573,74904.36
"petite",52,40,700,116083.7
"petite",53,40,604,89103.31
"petite",54,40,643,96437.83
"petite",55,40,572,77334.39
"petite",56,40,664,106042
"petite",57,40,722,119239.7
"petite",58,40,604,90950.51
"petite",59,40,556,74084.94
"petite",60,40,624,86738.48
"petite",61,40,615,87680.56
"petite",62,40,553,69419.69
"petite",63,40,553,76627.56
"petite",64,40,542,62958.09
"petite",65,40,542,71984.03
"petite",66,40,666,116200.3
"petite",67,40,587,87248.61
"petite",68,40,492,56514.52
"petite",69,40,590,80996.92
"petite",70,40,621,89032.91
"petite",71,40,684,105722.4
"petite",72,40,580,81764.29
"petite",73,40,607,86911.23
"petite",74,40,566,71830.15
"petite",75,40,699,115828.5
"petite",76,40,620,96741.07
"petite",77,40,604,95697.15
"petite",78,40,627,87788.45
"petite",79,40,571,80231.37
"petite",80,40,717,123303
"petite",81,40,589,90157.63
"petite",82,40,641,97609.64
"petite",83,40,627,90536.85
"petite",84,40,685,116224.3
"petite",85,40,579,83032.79
"petite",86,40,555,74601.51
"petite",87,40,624,94074.64
"petite",88,40,556,75879.67
"petite",89,40,634,104848.7
"petite",90,40,777,133872.5
"petite",91,40,616,92418.67
"petite",92,40,605,79694.05
"petite",93,40,680,119757.1
"petite",94,40,527,62881.49
"petite",95,40,641,95204.81
"petite",96,40,647,97272.95
"petite",97,40,730,116657.9
"petite",98,40,664,107224.1
"petite",99,40,700,109451.3
"petite",100,40,595,85179.6
"petite",1,41,604,84558.06
"petite",2,41,581,77440.3
"petite",3,41,540,75461.26
"petite",4,41,552,75334.63
"petite",5,41,648,89710.37
"petite",6,41,582,76275.75
"petite",7,41,592,79733.8
"petite",8,41,571,83783.59
"petite",9,41,686,93670.21
"petite",10,41,627,93862.46
"petite",11,41,589,90401.77
"petite",12,41,545,72536.71
"petite",13,41,578,85729.75
"petite",14,41,530,62404.59
"petite",15,41,622,94908.96
"petite",16,41,538,67999.37
"petite",17,41,681,113849.8
"petite",18,41,569,74137.95
"petite",19,41,599,84728.12
"petite",20,41,547,82751.96
"petite",21,41,550,72196.19
"petite",22,41,627,96074.84
"petite",23,41,673,118574.9
"petite",24,41,594,96780.56
"petite",25,41,542,78996.4
"petite",26,41,563,81811.57
"petite",27,41,558,87719.84
"petite",28,41,546,68687.77
"petite",29,41,636,100891.7
"petite",30,41,684,103277.8
"petite",31,41,565,73243.12
"petite",32,41,580,69338.82
"petite",33,41,544,67990.64
"petite",34,41,606,91951.41
"petite",35,41,542,67829.9
"petite",36,41,476,64911.39
"petite",37,41,574,83956.31
"petite",38,41,683,101812.4
"petite",39,41,596,77254.91
"petite",40,41,552,77425.22
"petite",41,41,601,91120.18
"petite",42,41,572,74096.76
"petite",43,41,643,91600.33
"petite",44,41,591,82170.21
"petite",45,41,600,87770.28
"petite",46,41,592,86352.68
"petite",47,41,601,88157.58
"petite",48,41,603,90376.19
"petite",49,41,614,85340.04
"petite",50,41,642,93410.64
"petite",51,41,549,67533.56
"petite",52,41,651,99927.63
"petite",53,41,567,82334
"petite",54,41,639,92126.22
"petite",55,41,565,76550.61
"petite",56,41,551,74670.75
"petite",57,41,631,94281.81
"petite",58,41,632,94504.86
"petite",59,41,598,82031
"petite",60,41,620,92640.91
"petite",61,41,524,67896.82
"petite",62,41,601,84663.05
"petite",63,41,577,83227.29
"petite",64,41,612,90324.34
"petite",65,41,560,78463.76
"petite",66,41,506,63388.9
"petite",67,41,563,74789.57
"petite",68,41,579,77200.04
"petite",69,41,552,71087.98
"petite",70,41,642,94993.27
"petite",71,41,553,75020.96
"petite",72,41,551,68471.83
"petite",73,41,592,88653
"petite",74,41,577,80732.44
"petite",75,41,571,68796.95
"petite",76,41,648,94935.78
"petite",77,41,662,103267.1
"petite",78,41,671,109046.8
"petite",79,41,581,82499.57
"petite",80,41,653,93267.94
"petite",81,41,617,86415.43
"petite",82,41,660,103652.2
"petite",83,41,525,73300.67
"petite",84,41,548,61878.94
"petite",85,41,620,86149.37
"petite",86,41,599,83717.69
"petite",87,41,685,104989.7
"petite",88,41,550,70165.3
"petite",89,41,670,96577.65
"petite",90,41,594,84949.43
"petite",91,41,569,75528.76
"petite",92,41,551,76273.88
"petite",93,41,632,95092.42
"petite",94,41,566,73143.04
"petite",95,41,618,86044.14
"petite",96,41,566,74717.2
"petite",97,41,508,65886.95
"petite",98,41,608,92938.53
"petite",99,41,637,95704.09
"petite",100,41,617,81050.79
"petite",1,42,547,79029.19
"petite",2,42,559,78393.81
"petite",3,42,592,92399.98
"petite",4,42,552,72471.27
"petite",5,42,591,86492.71
"petite",6,42,544,80007.88
"petite",7,42,579,83098.77
"petite",8,42,614,91289.02
"petite",9,42,566,71665.74
"petite",10,42,551,80933.26
"petite",11,42,604,86537.13
"petite",12,42,583,70722.12
"petite",13,42,622,89170.86
"petite",14,42,598,81310.04
"petite",15,42,545,74158.18
"petite",16,42,643,101228.7
"petite",17,42,607,91522.94
"petite",18,42,538,72908.48
"petite",19,42,534,66951.09
"petite",20,42,594,92777.32
"petite",21,42,701,116665.8
"petite",22,42,739,123789.1
"petite",23,42,602,102055.5
"petite",24,42,655,97804.12
"petite",25,42,560,80845.98
"petite",26,42,700,105010.2
"petite",27,42,661,110200.6
"petite",28,42,518,67807.4
"petite",29,42,590,80616.49
"petite",30,42,736,125297.6
"petite",31,42,602,89344.8
"petite",32,42,681,98497.62
"petite",33,42,594,79030.16
"petite",34,42,661,106598.2
"petite",35,42,579,78390.88
"petite",36,42,598,90285.23
"petite",37,42,604,87487.33
"petite",38,42,725,122813.6
"petite",39,42,545,81348.76
"petite",40,42,699,114577.9
"petite",41,42,648,91334.78
"petite",42,42,660,95864.97
"petite",43,42,614,95189.87
"petite",44,42,573,76342.9
"petite",45,42,565,81278.44
"petite",46,42,596,86465.73
"petite",47,42,545,69968.43
"petite",48,42,538,78158.81
"petite",49,42,591,82289.27
"petite",50,42,613,83864.52
"petite",51,42,574,73272.06
"petite",52,42,597,87821.05
"petite",53,42,553,81934.41
"petite",54,42,584,85104.97
"petite",55,42,556,77413.77
"petite",56,42,480,61404.1
"petite",57,42,527,73613.91
"petite",58,42,693,98792.71
"petite",59,42,627,90893.72
"petite",60,42,644,92134.11
"petite",61,42,587,77327.31
"petite",62,42,661,98814.06
"petite",63,42,578,87729.15
"petite",64,42,556,73474.17
"petite",65,42,603,93226.22
"petite",66,42,598,79474.78
"petite",67,42,591,81402.42
"petite",68,42,558,92264.61
"petite",69,42,545,71427.11
"petite",70,42,570,80066.6
"petite",71,42,548,73707.63
"petite",72,42,592,90434.37
"petite",73,42,621,90807.56
"petite",74,42,592,81352.84
"petite",75,42,505,69167.25
"petite",76,42,649,109531.1
"petite",77,42,567,70503.51
"petite",78,42,643,92652.78
"petite",79,42,583,87415.43
"petite",80,42,592,81307.18
"petite",81,42,535,77148.88
"petite",82,42,647,101558.1
"petite",83,42,611,89876.22
"petite",84,42,615,92434.84
"petite",85,42,569,73034.82
"petite",86,42,583,102439.5
"petite",87,42,666,111399.2
"petite",88,42,556,64957.67
"petite",89,42,529,75045.92
"petite",90,42,567,73077.66
"petite",91,42,592,80410.56
"petite",92,42,683,104366.4
"petite",93,42,608,94556.53
"petite",94,42,547,63289.78
"petite",95,42,597,87978.28
"petite",96,42,550,79789.71
"petite",97,42,567,82434.94
"petite",98,42,551,72763.36
"petite",99,42,637,104403.2
"petite",100,42,625,95223.14
"petite",1,43,676,101050.1
"petite",2,43,625,102799.1
"petite",3,43,615,90620.52
"petite",4,43,607,85751.83
"petite",5,43,661,106715.3
"petite",6,43,627,89871.24
"petite",7,43,575,70605.09
"petite",8,43,589,81037.33
"petite",9,43,578,75944.17
"petite",10,43,603,90113.89
"petite",11,43,541,73956.2
"petite",12,43,602,72192.62
"petite",13,43,566,76300.53
"petite",14,43,532,67120.86
"petite",15,43,537,66919.01
"petite",16,43,600,79416.7
"petite",17,43,646,90364.05
"petite",18,43,602,89972.03
"petite",19,43,592,83142.97
"petite",20,43,498,64164.64
"petite",21,43,552,73212.16
"petite",22,43,574,74959.86
"petite",23,43,615,79399.7
"petite",24,43,623,95096.71
"petite",25,43,656,107741.3
"petite",26,43,640,90028.81
"petite",27,43,553,73759.73
"petite",28,43,645,89489.07
"petite",29,43,612,89463.4
"petite",30,43,578,77236.45
"petite",31,43,653,93982.59
"petite",32,43,616,76509.99
"petite",33,43,640,85135.29
"petite",34,43,581,80963.72
"petite",35,43,548,73856.2
"petite",36,43,534,67794.73
"petite",37,43,610,85195.14
"petite",38,43,558,76358.87
"petite",39,43,623,94895.99
"petite",40,43,557,73207.54
"petite",41,43,579,72529.45
"petite",42,43,577,85546.86
"petite",43,43,662,97433.39
"petite",44,43,621,81890.56
"petite",45,43,631,98927.58
"petite",46,43,608,85544.96
"petite",47,43,592,82261.77
"petite",48,43,666,100550.3
"petite",49,43,630,82693.99
"petite",50,43,581,85634.89
"petite",51,43,617,85012.45
"petite",52,43,580,79649.73
"petite",53,43,537,67794.59
"petite",54,43,526,70454.1
"petite",55,43,584,87152.34
"petite",56,43,532,62980.51
"petite",57,43,561,80166.8
"petite",58,43,554,68464.16
"petite",59,43,616,84725.82
"petite",60,43,670,90013.31
"petite",61,43,673,97218.3
"petite",62,43,666,94975.29
"petite",63,43,570,67433.17
"petite",64,43,547,75096.77
"petite",65,43,540,59221.66
"petite",66,43,622,85685.33
"petite",67,43,643,101033.6
"petite",68,43,608,88414.03
"petite",69,43,508,53709.92
"petite",70,43,587,85305.59
"petite",71,43,570,84255.05
"petite",72,43,621,86048.58
"petite",73,43,623,85898.9
"petite",74,43,637,96475.95
"petite",75,43,577,72816.61
"petite",76,43,611,82455.33
"petite",77,43,621,90817.1
"petite",78,43,643,98691.11
"petite",79,43,681,106547.9
"petite",80,43,523,59004.91
"petite",81,43,605,80167.78
"petite",82,43,583,72108.44
"petite",83,43,620,96287.53
"petite",84,43,597,76222.59
"petite",85,43,662,102473.2
"petite",86,43,651,101783.4
"petite",87,43,544,64847.43
"petite",88,43,581,80744.43
"petite",89,43,550,67171.22
"petite",90,43,541,78092.07
"petite",91,43,660,98912.28
"petite",92,43,622,85375.2
"petite",93,43,574,76125.15
"petite",94,43,661,110240.7
"petite",95,43,611,87630.44
"petite",96,43,612,83572.27
"petite",97,43,645,92906.75
"petite",98,43,624,83568.21
"petite",99,43,655,87532.88
"petite",100,43,555,66385.68
"petite",1,44,643,99525.87
"petite",2,44,678,107033.5
"petite",3,44,615,96811.28
"petite",4,44,658,104023.6
"petite",5,44,601,84804.15
"petite",6,44,649,113786
"petite",7,44,705,121350.8
"petite",8,44,605,95844.47
"petite",9,44,708,121070.7
"petite",10,44,610,89046.81
"petite",11,44,587,94289.87
"petite",12,44,550,68255.1
"petite",13,44,616,94678.16
"petite",14,44,610,95162.87
"petite",15,44,595,92820.4
"petite",16,44,567,79404.58
"petite",17,44,589,88379.4
"petite",18,44,597,85208.99
"petite",19,44,516,59346.97
"petite",20,44,609,92223.58
"petite",21,44,507,68819.41
"petite",22,44,633,110652.7
"petite",23,44,607,88569.01
"petite",24,44,571,90093.44
"petite",25,44,696,118656.9
"petite",26,44,495,56752.28
"petite",27,44,659,99635.97
"petite",28,44,689,110762.2
"petite",29,44,577,82746.42
"petite",30,44,647,90271.27
"petite",31,44,636,99839.91
"petite",32,44,596,74718.08
"petite",33,44,649,98318.09
"petite",34,44,629,96980.48
"petite",35,44,607,95578.6
"petite",36,44,727,133604.3
"petite",37,44,618,105511.1
"petite",38,44,624,117980.1
"petite",39,44,593,91333.26
"petite",40,44,627,90963.69
"petite",41,44,643,99995.42
"petite",42,44,719,120015.2
"petite",43,44,666,111544.2
"petite",44,44,638,108161.2
"petite",45,44,694,113012.1
"petite",46,44,590,97537.26
"petite",47,44,811,139101.5
"petite",48,44,621,89884.93
"petite",49,44,565,71395.62
"petite",50,44,613,91262.56
"petite",51,44,646,98195.2
"petite",52,44,588,77035.69
"petite",53,44,716,117921.8
"petite",54,44,561,78309.47
"petite",55,44,623,93204.27
"petite",56,44,694,116848
"petite",57,44,608,100324.3
"petite",58,44,715,110840.5
"petite",59,44,562,69673.77
"petite",60,44,725,133532.6
"petite",61,44,629,99472.96
"petite",62,44,550,76856.86
"petite",63,44,620,92916.33
"petite",64,44,546,71058.06
"petite",65,44,671,112901.9
"petite",66,44,709,117087.9
"petite",67,44,689,124142.2
"petite",68,44,700,108901.4
"petite",69,44,670,91384
"petite",70,44,734,132198.3
"petite",71,44,759,115097.5
"petite",72,44,714,117579.7
"petite",73,44,698,105442.4
"petite",74,44,591,95558.6
"petite",75,44,611,90380.44
"petite",76,44,623,107949
"petite",77,44,687,116698.2
"petite",78,44,577,73824.54
"petite",79,44,613,99016.89
"petite",80,44,605,82672.27
"petite",81,44,659,120153.2
"petite",82,44,669,98598.35
"petite",83,44,738,114256.3
"petite",84,44,635,95156.02
"petite",85,44,680,109177.3
"petite",86,44,646,103549.9
"petite",87,44,567,82987.05
"petite",88,44,762,129320.9
"petite",89,44,719,116980.4
"petite",90,44,587,84317.11
"petite",91,44,671,124002.3
"petite",92,44,632,102016.4
"petite",93,44,609,89898.78
"petite",94,44,675,103107.4
"petite",95,44,671,121966.5
"petite",96,44,604,102438.3
"petite",97,44,578,78034.4
"petite",98,44,612,92545.11
"petite",99,44,661,102288.4
"petite",100,44,763,134338.7
"petite",1,45,600,78241.86
"petite",2,45,644,100956.6
"petite",3,45,592,82678.13
"petite",4,45,661,101254
"petite",5,45,583,88409.78
"petite",6,45,661,99853.65
"petite",7,45,627,87371.78
"petite",8,45,581,75681.91
"petite",9,45,716,113222.3
"petite",10,45,619,89258.28
"petite",11,45,654,97136.28
"petite",12,45,691,105119
"petite",13,45,658,97876.54
"petite",14,45,520,63431.62
"petite",15,45,567,74017.81
"petite",16,45,659,97258.82
"petite",17,45,617,97082.21
"petite",18,45,600,79433.56
"petite",19,45,552,64663.03
"petite",20,45,673,106085
"petite",21,45,638,105040
"petite",22,45,690,113225.5
"petite",23,45,630,93088.49
"petite",24,45,608,87111.84
"petite",25,45,613,90601.96
"petite",26,45,610,80555.8
"petite",27,45,652,92776.08
"petite",28,45,598,94966.24
"petite",29,45,633,91020.84
"petite",30,45,630,92657.4
"petite",31,45,647,85487.7
"petite",32,45,708,116202.3
"petite",33,45,717,123831.4
"petite",34,45,566,79070.27
"petite",35,45,573,81625.4
"petite",36,45,556,79674.61
"petite",37,45,644,88909.34
"petite",38,45,625,101386.4
"petite",39,45,613,79402.16
"petite",40,45,602,88009.15
"petite",41,45,533,76139.04
"petite",42,45,623,90240.01
"petite",43,45,635,107754.9
"petite",44,45,695,109885
"petite",45,45,594,86840.06
"petite",46,45,682,105997.9
"petite",47,45,670,107885.6
"petite",48,45,565,68731.43
"petite",49,45,626,89008.81
"petite",50,45,588,81448.93
"petite",51,45,588,83327.05
"petite",52,45,639,105848
"petite",53,45,598,87938.96
"petite",54,45,541,64736.57
"petite",55,45,654,94805.65
"petite",56,45,564,84612.1
"petite",57,45,620,93058.88
"petite",58,45,632,97878.98
"petite",59,45,672,101091.7
"petite",60,45,629,95316.02
"petite",61,45,770,138518.1
"petite",62,45,560,72388.75
"petite",63,45,682,101053.6
"petite",64,45,556,71684
"petite",65,45,624,96940.55
"petite",66,45,662,91351.43
"petite",67,45,662,98408.08
"petite",68,45,556,76660.99
"petite",69,45,690,111012.1
"petite",70,45,676,96737.43
"petite",71,45,627,96023.15
"petite",72,45,616,90818.24
"petite",73,45,575,80970.48
"petite",74,45,563,70331.58
"petite",75,45,681,102955.8
"petite",76,45,658,99502.15
"petite",77,45,722,116163.2
"petite",78,45,638,86985.89
"petite",79,45,595,87337.43
"petite",80,45,599,77804.29
"petite",81,45,667,106348.6
"petite",82,45,587,88255.71
"petite",83,45,609,89235.26
"petite",84,45,662,102654.8
"petite",85,45,592,88079.83
"petite",86,45,687,94937.66
"petite",87,45,630,82381.01
"petite",88,45,588,92524.24
"petite",89,45,595,79928.82
"petite",90,45,670,101480.1
"petite",91,45,697,112519.7
"petite",92,45,564,71146.82
"petite",93,45,656,102538.8
"petite",94,45,584,89007.72
"petite",95,45,568,69352.23
"petite",96,45,701,116455.7
"petite",97,45,731,120083.5
"petite",98,45,670,110619.6
"petite",99,45,487,65282.06
"petite",100,45,675,92102.5
"petite",1,46,648,80868.95
"petite",2,46,597,83992.6
"petite",3,46,658,99753.65
"petite",4,46,591,93504.72
"petite",5,46,548,75122.74
"petite",6,46,622,81110.04
"petite",7,46,682,102911.2
"petite",8,46,548,72919.15
"petite",9,46,639,81252.87
"petite",10,46,596,84109.47
"petite",11,46,557,76466.84
"petite",12,46,589,87620
"petite",13,46,691,111147.1
"petite",14,46,713,118940.8
"petite",15,46,593,81763.48
"petite",16,46,624,96953.48
"petite",17,46,777,129709.5
"petite",18,46,720,108534.1
"petite",19,46,577,78482.46
"petite",20,46,561,80996.05
"petite",21,46,620,85839.5
"petite",22,46,717,111753.8
"petite",23,46,575,83668.31
"petite",24,46,627,95624.62
"petite",25,46,595,79349.95
"petite",26,46,632,100686.2
"petite",27,46,634,95663.3
"petite",28,46,656,94520.34
"petite",29,46,576,76809.68
"petite",30,46,625,101690.5
"petite",31,46,669,99426.72
"petite",32,46,576,86407.25
"petite",33,46,695,108002.6
"petite",34,46,615,95257.46
"petite",35,46,711,111366.9
"petite",36,46,633,93345.58
"petite",37,46,624,89504.26
"petite",38,46,612,88816.24
"petite",39,46,591,80206.67
"petite",40,46,598,77602.84
"petite",41,46,614,87800.33
"petite",42,46,726,125817
"petite",43,46,623,86121.22
"petite",44,46,669,105377
"petite",45,46,625,101011.4
"petite",46,46,603,94627.67
"petite",47,46,705,125708.7
"petite",48,46,662,96629.27
"petite",49,46,586,71739.07
"petite",50,46,612,94351.95
"petite",51,46,712,113930.1
"petite",52,46,653,102525.5
"petite",53,46,627,91275.74
"petite",54,46,653,100289.1
"petite",55,46,669,105537.4
"petite",56,46,628,94671.84
"petite",57,46,668,94519.69
"petite",58,46,597,79159.65
"petite",59,46,700,115297.3
"petite",60,46,639,101787.3
"petite",61,46,692,115615.7
"petite",62,46,623,94762.46
"petite",63,46,717,118606.6
"petite",64,46,509,64879.22
"petite",65,46,827,148971.9
"petite",66,46,661,105506.1
"petite",67,46,624,93894.6
"petite",68,46,628,94891.45
"petite",69,46,633,95029.95
"petite",70,46,653,96791.43
"petite",71,46,513,66271.35
"petite",72,46,633,96314.4
"petite",73,46,656,95336.35
"petite",74,46,691,120838.7
"petite",75,46,487,62894.5
"petite",76,46,553,79455.38
"petite",77,46,684,108334.6
"petite",78,46,714,108000.8
"petite",79,46,634,82849.65
"petite",80,46,548,75521.85
"petite",81,46,615,95226.12
"petite",82,46,612,93015.52
"petite",83,46,747,130330
"petite",84,46,599,70721.85
"petite",85,46,684,122245.3
"petite",86,46,585,76016.89
"petite",87,46,643,98586.39
"petite",88,46,578,77977.27
"petite",89,46,703,109298.3
"petite",90,46,785,130065.2
"petite",91,46,640,84712.48
"petite",92,46,657,95552.2
"petite",93,46,563,80275.58
"petite",94,46,629,90811.47
"petite",95,46,792,148952.4
"petite",96,46,764,141063.3
"petite",97,46,642,97918.03
"petite",98,46,614,92275.14
"petite",99,46,617,89307.32
"petite",100,46,671,105739
"petite",1,47,618,84645.59
"petite",2,47,720,114383.9
"petite",3,47,553,80118.13
"petite",4,47,576,82229.49
"petite",5,47,648,91667.17
"petite",6,47,520,68105.94
"petite",7,47,535,70660.19
"petite",8,47,601,85092.67
"petite",9,47,645,103943.8
"petite",10,47,597,74522.96
"petite",11,47,591,94444
"petite",12,47,662,102084.5
"petite",13,47,733,117784.1
"petite",14,47,624,98800.4
"petite",15,47,602,82216.12
"petite",16,47,651,91972.52
"petite",17,47,642,93524.45
"petite",18,47,586,86475.74
"petite",19,47,596,83771.81
"petite",20,47,623,93139.45
"petite",21,47,591,78583.36
"petite",22,47,631,90254.07
"petite",23,47,553,85531.18
"petite",24,47,653,100919.1
"petite",25,47,585,84850.56
"petite",26,47,638,103106.2
"petite",27,47,547,69911.62
"petite",28,47,601,84995.73
"petite",29,47,583,80004.56
"petite",30,47,511,60281.82
"petite",31,47,596,81434.57
"petite",32,47,689,119036
"petite",33,47,613,90301.05
"petite",34,47,555,69668.5
"petite",35,47,676,109669.3
"petite",36,47,694,107604.1
"petite",37,47,683,104792
"petite",38,47,577,84094.77
"petite",39,47,613,95729.59
"petite",40,47,582,88463.25
"petite",41,47,575,73579.81
"petite",42,47,569,86798.25
"petite",43,47,602,84511.06
"petite",44,47,590,81279.12
"petite",45,47,572,78228.16
"petite",46,47,541,76757.95
"petite",47,47,613,91338.23
"petite",48,47,592,79530.02
"petite",49,47,608,83640.83
"petite",50,47,599,83047.89
"petite",51,47,654,98721.03
"petite",52,47,543,72106.16
"petite",53,47,532,68935.67
"petite",54,47,639,87286.77
"petite",55,47,648,100584.2
"petite",56,47,743,130785.1
"petite",57,47,619,97204.11
"petite",58,47,629,104162.4
"petite",59,47,517,66412.27
"petite",60,47,602,87094.04
"petite",61,47,636,93230.38
"petite",62,47,648,92454.58
"petite",63,47,558,75815.2
"petite",64,47,621,87581.28
"petite",65,47,667,92849
"petite",66,47,610,89959.57
"petite",67,47,613,85229.17
"petite",68,47,626,88512.9
"petite",69,47,599,82310.92
"petite",70,47,591,77937.32
"petite",71,47,621,89500.54
"petite",72,47,602,76154.64
"petite",73,47,549,67158.06
"petite",74,47,531,66373.6
"petite",75,47,536,66381.22
"petite",76,47,627,96326.39
"petite",77,47,539,62183.67
"petite",78,47,601,91043.78
"petite",79,47,612,84541.95
"petite",80,47,591,80111.16
"petite",81,47,612,87954.01
"petite",82,47,612,81836.23
"petite",83,47,633,98962.25
"petite",84,47,579,85729.26
"petite",85,47,603,77733.26
"petite",86,47,616,89434.85
"petite",87,47,643,95637.81
"petite",88,47,599,88831.78
"petite",89,47,620,95693.12
"petite",90,47,624,91509.21
"petite",91,47,631,89411.19
"petite",92,47,585,78256.63
"petite",93,47,586,87731.05
"petite",94,47,604,76812.87
"petite",95,47,591,75324.13
"petite",96,47,540,68492.21
"petite",97,47,652,92096.37
"petite",98,47,630,104157.5
"petite",99,47,539,75191.9
"petite",100,47,493,61121.96
"petite",1,48,650,93588.43
"petite",2,48,621,91583.42
"petite",3,48,621,95075.83
"petite",4,48,637,95081.6
"petite",5,48,645,94492.76
"petite",6,48,656,94253.66
"petite",7,48,559,76461.28
"petite",8,48,564,75445
"petite",9,48,603,78936.56
"petite",10,48,595,91951.58
"petite",11,48,681,102828.7
"petite",12,48,463,64208.17
"petite",13,48,611,92350.74
"petite",14,48,662,95880.7
"petite",15,48,608,93606.28
"petite",16,48,632,105227.7
"petite",17,48,648,101858.7
"petite",18,48,606,92056.43
"petite",19,48,679,116065.1
"petite",20,48,612,91712.43
"petite",21,48,616,86697.23
"petite",22,48,710,117263.5
"petite",23,48,672,104985.6
"petite",24,48,567,77200.99
"petite",25,48,650,99052.18
"petite",26,48,565,92385.46
"petite",27,48,551,77149.69
"petite",28,48,571,83058.73
"petite",29,48,739,110468.5
"petite",30,48,611,84435.81
"petite",31,48,673,108053.9
"petite",32,48,619,93297.8
"petite",33,48,628,97137.91
"petite",34,48,611,96849.9
"petite",35,48,602,82615.77
"petite",36,48,699,99544.26
"petite",37,48,659,111937.8
"petite",38,48,676,100103.2
"petite",39,48,711,123829.2
"petite",40,48,595,93227.64
"petite",41,48,502,71098.87
"petite",42,48,712,102765.3
"petite",43,48,667,102366.6
"petite",44,48,579,68165.31
"petite",45,48,636,95505.12
"petite",46,48,645,97124.39
"petite",47,48,648,103497
"petite",48,48,568,89954.39
"petite",49,48,577,88995.41
"petite",50,48,631,82244.49
"petite",51,48,618,103035.8
"petite",52,48,611,91856.61
"petite",53,48,647,107802.7
"petite",54,48,692,107056.2
"petite",55,48,659,85631.8
"petite",56,48,592,82200.54
"petite",57,48,615,88121.79
"petite",58,48,527,51725.56
"petite",59,48,647,91485.32
"petite",60,48,626,97168.85
"petite",61,48,639,98531.15
"petite",62,48,584,82673.27
"petite",63,48,615,89854.95
"petite",64,48,583,82564.69
"petite",65,48,543,67463.06
"petite",66,48,571,75500.95
"petite",67,48,609,84421.8
"petite",68,48,668,93264.11
"petite",69,48,554,74682.29
"petite",70,48,520,57612.77
"petite",71,48,604,93758.23
"petite",72,48,617,86192.71
"petite",73,48,653,101077.7
"petite",74,48,661,103016.1
"petite",75,48,650,92110.42
"petite",76,48,555,73550.03
"petite",77,48,544,78070.45
"petite",78,48,616,80757.55
"petite",79,48,688,116587.7
"petite",80,48,605,95760.45
"petite",81,48,565,79782.09
"petite",82,48,624,88775.2
"petite",83,48,657,106998.8
"petite",84,48,578,81861.21
"petite",85,48,647,97496.78
"petite",86,48,592,94770.73
"petite",87,48,698,104311
"petite",88,48,585,84744.13
"petite",89,48,658,101960.1
"petite",90,48,903,166838.2
"petite",91,48,616,82149.95
"petite",92,48,590,75962.91
"petite",93,48,578,81431.16
"petite",94,48,627,96747.73
"petite",95,48,495,61402.68
"petite",96,48,614,84531.44
"petite",97,48,687,118575.7
"petite",98,48,609,83695.76
"petite",99,48,607,97949.55
"petite",100,48,636,106848
"petite",1,49,656,106030.8
"petite",2,49,639,94478.26
"petite",3,49,633,105987.8
"petite",4,49,565,71826.55
"petite",5,49,590,85328.16
"petite",6,49,609,82207.28
"petite",7,49,598,92162.15
"petite",8,49,593,94816.03
"petite",9,49,593,86777.91
"petite",10,49,700,124769.8
"petite",11,49,643,97311.31
"petite",12,49,618,92307.04
"petite",13,49,704,121263.5
"petite",14,49,637,89895.18
"petite",15,49,610,94111.9
"petite",16,49,666,103551.6
"petite",17,49,704,121903.9
"petite",18,49,632,105812.4
"petite",19,49,666,110139.1
"petite",20,49,558,80300.4
"petite",21,49,602,77261.52
"petite",22,49,574,79447.18
"petite",23,49,736,128141.7
"petite",24,49,614,95144.15
"petite",25,49,528,70227.01
"petite",26,49,569,75004.42
"petite",27,49,603,91450.39
"petite",28,49,563,68020.94
"petite",29,49,639,90626.64
"petite",30,49,629,96523.27
"petite",31,49,751,131861
"petite",32,49,650,96487.32
"petite",33,49,631,94483.72
"petite",34,49,664,101936.2
"petite",35,49,714,124792.4
"petite",36,49,709,128984.2
"petite",37,49,687,100633.9
"petite",38,49,692,116343.7
"petite",39,49,673,114439.4
"petite",40,49,665,101169.2
"petite",41,49,750,125888.5
"petite",42,49,522,67570.4
"petite",43,49,672,103717.8
"petite",44,49,578,68202.4
"petite",45,49,680,117622.9
"petite",46,49,679,123512.3
"petite",47,49,535,66142.5
"petite",48,49,615,98131.79
"petite",49,49,605,88905.69
"petite",50,49,715,115458.3
"petite",51,49,628,95292.42
"petite",52,49,676,111200
"petite",53,49,592,85262.48
"petite",54,49,620,82161.17
"petite",55,49,646,105301.4
"petite",56,49,623,96649.87
"petite",57,49,633,95217.79
"petite",58,49,604,86377.47
"petite",59,49,633,92963.78
"petite",60,49,693,125793.5
"petite",61,49,595,81117.33
"petite",62,49,546,72779.99
"petite",63,49,578,85888.88
"petite",64,49,657,97486.25
"petite",65,49,694,122758.3
"petite",66,49,607,97423.28
"petite",67,49,550,79091.86
"petite",68,49,639,115228.4
"petite",69,49,664,100001.6
"petite",70,49,669,101830.5
"petite",71,49,525,74007.22
"petite",72,49,626,105919.4
"petite",73,49,680,104122.1
"petite",74,49,612,93233.38
"petite",75,49,613,97780.78
"petite",76,49,672,117139.6
"petite",77,49,709,111382.7
"petite",78,49,695,117703.2
"petite",79,49,618,90180.09
"petite",80,49,689,109152.5
"petite",81,49,605,94388.53
"petite",82,49,608,84411.66
"petite",83,49,630,97748.88
"petite",84,49,611,97361.91
"petite",85,49,700,117235.4
"petite",86,49,619,91086.61
"petite",87,49,756,126103
"petite",88,49,721,128096.6
"petite",89,49,604,88275.66
"petite",90,49,570,77913.95
"petite",91,49,593,88549.78
"petite",92,49,668,93482.42
"petite",93,49,742,124288.7
"petite",94,49,593,86039.79
"petite",95,49,640,95569.08
"petite",96,49,679,121401.1
"petite",97,49,597,90758.61
"petite",98,49,641,94332.37
"petite",99,49,651,102180.6
"petite",100,49,636,96595.56
"petite",1,5,672,102000
"petite",2,5,680,95468.37
"petite",3,5,624,92167
"petite",4,5,516,58218.39
"petite",5,5,563,74884.43
"petite",6,5,644,110450.2
"petite",7,5,680,100298.8
"petite",8,5,598,100456.9
"petite",9,5,691,119985.5
"petite",10,5,556,79262.47
"petite",11,5,572,73137.09
"petite",12,5,629,96353.36
"petite",13,5,682,101153.3
"petite",14,5,738,117234
"petite",15,5,755,130514.8
"petite",16,5,623,86800.21
"petite",17,5,626,90189.62
"petite",18,5,683,107641.5
"petite",19,5,640,98258.54
"petite",20,5,645,90252.89
"petite",21,5,548,66178.01
"petite",22,5,604,80188.52
"petite",23,5,663,99014.12
"petite",24,5,636,98320.11
"petite",25,5,670,115162.9
"petite",26,5,647,95707.68
"petite",27,5,610,86477.71
"petite",28,5,681,106728.2
"petite",29,5,604,90263.72
"petite",30,5,669,102304.4
"petite",31,5,692,123430.8
"petite",32,5,606,86305.74
"petite",33,5,609,96237.06
"petite",34,5,707,114670.4
"petite",35,5,664,91575.19
"petite",36,5,705,108963.3
"petite",37,5,756,121211.2
"petite",38,5,657,89578.35
"petite",39,5,600,82515.89
"petite",40,5,619,97991.54
"petite",41,5,633,96999.45
"petite",42,5,701,106022.7
"petite",43,5,656,92813.16
"petite",44,5,565,77709.68
"petite",45,5,684,102773.2
"petite",46,5,572,85749.38
"petite",47,5,716,108236.6
"petite",48,5,638,96348.9
"petite",49,5,633,103686.9
"petite",50,5,602,88172.6
"petite",51,5,675,99785.26
"petite",52,5,628,95316.6
"petite",53,5,674,108528.2
"petite",54,5,642,90804.6
"petite",55,5,669,91989.27
"petite",56,5,692,106408.3
"petite",57,5,606,87081.04
"petite",58,5,689,106529.6
"petite",59,5,642,96903.69
"petite",60,5,572,83362.04
"petite",61,5,638,99097.82
"petite",62,5,618,95151.74
"petite",63,5,612,92995.79
"petite",64,5,603,93386.31
"petite",65,5,635,100732.7
"petite",66,5,721,112757.8
"petite",67,5,612,94818.88
"petite",68,5,670,110658.1
"petite",69,5,584,79426.41
"petite",70,5,672,110335.2
"petite",71,5,594,95246.81
"petite",72,5,666,101786.1
"petite",73,5,642,92093.48
"petite",74,5,608,83998.8
"petite",75,5,603,98749.15
"petite",76,5,648,90045.63
"petite",77,5,686,108736
"petite",78,5,660,94203.65
"petite",79,5,551,75158.45
"petite",80,5,651,97808.49
"petite",81,5,595,80624.22
"petite",82,5,622,98041.74
"petite",83,5,586,67493.51
"petite",84,5,622,96057.45
"petite",85,5,643,111595.3
"petite",86,5,623,95868.99
"petite",87,5,607,92080.57
"petite",88,5,743,121169.8
"petite",89,5,648,92990.17
"petite",90,5,526,66346.93
"petite",91,5,669,106442.9
"petite",92,5,602,89222.44
"petite",93,5,719,119052.3
"petite",94,5,664,93075.56
"petite",95,5,551,71217.05
"petite",96,5,672,106596
"petite",97,5,614,89492.4
"petite",98,5,539,72367.73
"petite",99,5,629,87153.8
"petite",100,5,590,84652.21
"petite",1,50,655,102873.2
"petite",2,50,595,76779.97
"petite",3,50,569,71051.88
"petite",4,50,632,86138.32
"petite",5,50,644,84551.26
"petite",6,50,577,73774.72
"petite",7,50,604,84458.22
"petite",8,50,604,94336.47
"petite",9,50,534,58267.47
"petite",10,50,570,66361.98
"petite",11,50,683,109759.2
"petite",12,50,613,91876.4
"petite",13,50,578,75546.74
"petite",14,50,618,83335
"petite",15,50,632,93679.69
"petite",16,50,580,75298.23
"petite",17,50,523,67115.41
"petite",18,50,599,85212.91
"petite",19,50,593,78315.05
"petite",20,50,591,81099.73
"petite",21,50,556,70732.65
"petite",22,50,538,78732.94
"petite",23,50,559,71882.5
"petite",24,50,575,67523.85
"petite",25,50,712,98792.17
"petite",26,50,574,76670.17
"petite",27,50,633,90492.83
"petite",28,50,546,59960.98
"petite",29,50,610,75309.7
"petite",30,50,577,77341.51
"petite",31,50,586,78326.99
"petite",32,50,561,71914.19
"petite",33,50,629,88414.88
"petite",34,50,606,85736.12
"petite",35,50,651,104129.5
"petite",36,50,559,64384.47
"petite",37,50,496,62729.13
"petite",38,50,556,68224.78
"petite",39,50,645,92923.46
"petite",40,50,532,66312.84
"petite",41,50,510,56338.8
"petite",42,50,729,107026.1
"petite",43,50,645,95064.25
"petite",44,50,633,87392.66
"petite",45,50,574,78223.52
"petite",46,50,655,90476.57
"petite",47,50,613,79748.87
"petite",48,50,573,69776.89
"petite",49,50,630,89628.27
"petite",50,50,629,86979.91
"petite",51,50,581,79553.97
"petite",52,50,620,88407.12
"petite",53,50,545,70778.39
"petite",54,50,618,90015.01
"petite",55,50,670,101835.1
"petite",56,50,712,108315.2
"petite",57,50,525,51951.59
"petite",58,50,573,70496.3
"petite",59,50,603,75430.58
"petite",60,50,578,72918.07
"petite",61,50,615,82055.83
"petite",62,50,521,64754.54
"petite",63,50,617,95767.8
"petite",64,50,599,81346.89
"petite",65,50,599,79124.49
"petite",66,50,629,95681.85
"petite",67,50,618,81998.41
"petite",68,50,546,70290.48
"petite",69,50,616,85601.5
"petite",70,50,592,90845.54
"petite",71,50,670,94913.01
"petite",72,50,554,69748.19
"petite",73,50,599,76150.79
"petite",74,50,653,96815.49
"petite",75,50,530,63910.55
"petite",76,50,576,73918.11
"petite",77,50,716,121099.2
"petite",78,50,579,75750.74
"petite",79,50,620,90497.62
"petite",80,50,479,60312.18
"petite",81,50,556,72919.34
"petite",82,50,521,68832.47
"petite",83,50,632,92027.04
"petite",84,50,623,83540.62
"petite",85,50,634,92697.58
"petite",86,50,595,76912.27
"petite",87,50,621,80418.14
"petite",88,50,658,80017.45
"petite",89,50,583,79081.11
"petite",90,50,702,118285.2
"petite",91,50,547,71742.24
"petite",92,50,649,91856.33
"petite",93,50,604,82725.87
"petite",94,50,682,102202.1
"petite",95,50,585,75044.71
"petite",96,50,612,79247.14
"petite",97,50,614,91799.51
"petite",98,50,628,91715.89
"petite",99,50,556,67022.82
"petite",100,50,620,87499.72
"petite",1,6,694,111593.6
"petite",2,6,617,90695.12
"petite",3,6,661,93618.58
"petite",4,6,702,117873.7
"petite",5,6,612,101849.4
"petite",6,6,649,106111.6
"petite",7,6,602,91336.58
"petite",8,6,688,109800
"petite",9,6,624,91783.97
"petite",10,6,571,75903.84
"petite",11,6,576,89394.96
"petite",12,6,698,106151.3
"petite",13,6,633,92621.67
"petite",14,6,646,100980.9
"petite",15,6,666,101709
"petite",16,6,608,90420.05
"petite",17,6,537,71573.71
"petite",18,6,609,91473.94
"petite",19,6,612,80182.04
"petite",20,6,596,87167.54
"petite",21,6,537,81899.17
"petite",22,6,592,87614.58
"petite",23,6,624,87357.74
"petite",24,6,569,74262.79
"petite",25,6,686,108023.1
"petite",26,6,521,66432.96
"petite",27,6,627,102257.7
"petite",28,6,620,86131.58
"petite",29,6,698,116495.4
"petite",30,6,752,125939.4
"petite",31,6,635,100693.6
"petite",32,6,662,97085.02
"petite",33,6,643,101718.6
"petite",34,6,538,75664.12
"petite",35,6,719,105453.3
"petite",36,6,612,84845.95
"petite",37,6,728,125717.5
"petite",38,6,563,80998.3
"petite",39,6,667,99296.07
"petite",40,6,638,97210
"petite",41,6,569,79374.69
"petite",42,6,679,105188
"petite",43,6,555,75440.09
"petite",44,6,594,85286.99
"petite",45,6,656,96174.04
"petite",46,6,679,108438.9
"petite",47,6,593,80484.63
"petite",48,6,624,91340.36
"petite",49,6,620,100689.5
"petite",50,6,573,76978.55
"petite",51,6,502,69620.35
"petite",52,6,651,91778.43
"petite",53,6,641,98393.55
"petite",54,6,736,113640.1
"petite",55,6,561,74546.84
"petite",56,6,524,59959.02
"petite",57,6,642,105739
"petite",58,6,647,89575.33
"petite",59,6,562,70406.36
"petite",60,6,579,92571
"petite",61,6,725,124319.9
"petite",62,6,627,97854.01
"petite",63,6,741,120161.5
"petite",64,6,587,78054.77
"petite",65,6,549,77649.2
"petite",66,6,617,103992.2
"petite",67,6,630,93822.98
"petite",68,6,637,101851.3
"petite",69,6,592,85659.34
"petite",70,6,579,82676.19
"petite",71,6,619,91600.49
"petite",72,6,552,81257.83
"petite",73,6,561,84524.23
"petite",74,6,515,71248.99
"petite",75,6,748,125440.9
"petite",76,6,653,109202.1
"petite",77,6,568,91111.37
"petite",78,6,649,99071.71
"petite",79,6,574,88044.76
"petite",80,6,664,104623.2
"petite",81,6,660,102408.3
"petite",82,6,658,89963.78
"petite",83,6,643,95794.55
"petite",84,6,625,100071.4
"petite",85,6,635,97141.71
"petite",86,6,595,92592.53
"petite",87,6,646,101471.8
"petite",88,6,616,77237.15
"petite",89,6,692,108433.6
"petite",90,6,648,93291.92
"petite",91,6,673,101949
"petite",92,6,551,87918.15
"petite",93,6,658,99982.43
"petite",94,6,670,106402.5
"petite",95,6,595,85727.45
"petite",96,6,625,95108.86
"petite",97,6,593,86858.3
"petite",98,6,595,87016.5
"petite",99,6,658,98127.59
"petite",100,6,566,87518.86
"petite",1,7,548,63316.4
"petite",2,7,625,94089.09
"petite",3,7,533,72194.84
"petite",4,7,698,115679.8
"petite",5,7,643,96433.58
"petite",6,7,526,63561.49
"petite",7,7,618,84895.71
"petite",8,7,603,87060.78
"petite",9,7,520,59034.39
"petite",10,7,619,95610.84
"petite",11,7,654,92494.1
"petite",12,7,540,72057.38
"petite",13,7,635,104809.7
"petite",14,7,612,93797.47
"petite",15,7,544,67302.3
"petite",16,7,536,67262.97
"petite",17,7,604,89372.64
"petite",18,7,551,83091.71
"petite",19,7,645,98832.75
"petite",20,7,633,97145.62
"petite",21,7,619,87321.09
"petite",22,7,536,72579.29
"petite",23,7,564,73642.44
"petite",24,7,713,107900.5
"petite",25,7,643,110360.7
"petite",26,7,526,66837.12
"petite",27,7,629,81397.33
"petite",28,7,570,81697.83
"petite",29,7,597,88689.79
"petite",30,7,603,92786.99
"petite",31,7,590,86079.32
"petite",32,7,644,91822.19
"petite",33,7,650,98088.29
"petite",34,7,630,88205.74
"petite",35,7,617,83444.57
"petite",36,7,544,68202.37
"petite",37,7,546,71416.5
"petite",38,7,630,96110.75
"petite",39,7,564,77528.45
"petite",40,7,590,78481.91
"petite",41,7,607,75297.35
"petite",42,7,623,91295.8
"petite",43,7,679,107361.2
"petite",44,7,582,87681.9
"petite",45,7,636,89874.62
"petite",46,7,504,61937.84
"petite",47,7,607,80187.44
"petite",48,7,717,104924.3
"petite",49,7,667,104103
"petite",50,7,527,70813.41
"petite",51,7,680,105185.2
"petite",52,7,727,118073.5
"petite",53,7,615,90237.45
"petite",54,7,624,89425.98
"petite",55,7,507,63943.18
"petite",56,7,604,86898.37
"petite",57,7,626,84777.86
"petite",58,7,553,78307.86
"petite",59,7,569,74784.46
"petite",60,7,572,71375.33
"petite",61,7,552,76249.14
"petite",62,7,595,87569.07
"petite",63,7,523,81631.59
"petite",64,7,617,90595.4
"petite",65,7,548,75171.68
"petite",66,7,560,83984.77
"petite",67,7,634,100217.1
"petite",68,7,600,80435.34
"petite",69,7,575,75321.56
"petite",70,7,587,80106.13
"petite",71,7,543,70118.67
"petite",72,7,576,81038.66
"petite",73,7,597,90533.09
"petite",74,7,616,91596.89
"petite",75,7,542,78397.19
"petite",76,7,586,88753.42
"petite",77,7,623,98953.75
"petite",78,7,585,89130.23
"petite",79,7,648,98245.57
"petite",80,7,563,67778.23
"petite",81,7,562,73856.16
"petite",82,7,602,90798.68
"petite",83,7,495,63967.67
"petite",84,7,522,66710.24
"petite",85,7,618,94504.26
"petite",86,7,603,70274.28
"petite",87,7,592,86822.23
"petite",88,7,612,82952.23
"petite",89,7,557,74048.09
"petite",90,7,608,83826.83
"petite",91,7,609,84149.7
"petite",92,7,598,86581.42
"petite",93,7,695,111531.8
"petite",94,7,558,80869.57
"petite",95,7,619,84686.69
"petite",96,7,713,99389.86
"petite",97,7,584,84347.94
"petite",98,7,627,94024.63
"petite",99,7,526,67586.89
"petite",100,7,565,80242.66
"petite",1,8,573,75880.42
"petite",2,8,578,80140.97
"petite",3,8,630,95996.96
"petite",4,8,603,86648.8
"petite",5,8,521,69836.91
"petite",6,8,659,96389.45
"petite",7,8,500,61275.88
"petite",8,8,504,64472.3
"petite",9,8,567,80783.43
"petite",10,8,622,79907.52
"petite",11,8,506,67465.76
"petite",12,8,558,82429.23
"petite",13,8,688,117668.7
"petite",14,8,567,72702.91
"petite",15,8,562,79282.93
"petite",16,8,579,71267.36
"petite",17,8,578,79138.92
"petite",18,8,498,66668.99
"petite",19,8,616,85097.53
"petite",20,8,671,106164.5
"petite",21,8,574,63109.16
"petite",22,8,541,79594.99
"petite",23,8,617,89989.18
"petite",24,8,602,83848.12
"petite",25,8,610,88191.2
"petite",26,8,547,79443.23
"petite",27,8,558,82158.33
"petite",28,8,593,83490.99
"petite",29,8,638,91788.66
"petite",30,8,508,59573.1
"petite",31,8,564,73668.97
"petite",32,8,625,82220.8
"petite",33,8,618,90448.76
"petite",34,8,548,75863.84
"petite",35,8,567,74872.08
"petite",36,8,620,105247.7
"petite",37,8,712,108269
"petite",38,8,597,80688.17
"petite",39,8,516,69330.01
"petite",40,8,729,119124.1
"petite",41,8,630,100889.1
"petite",42,8,589,83809.27
"petite",43,8,567,74190.56
"petite",44,8,593,89380.17
"petite",45,8,603,82238.09
"petite",46,8,573,82653.04
"petite",47,8,527,61823.14
"petite",48,8,627,92933.54
"petite",49,8,656,95104.88
"petite",50,8,535,72601.31
"petite",51,8,604,92276.29
"petite",52,8,673,94059.66
"petite",53,8,607,86982.89
"petite",54,8,551,74279.34
"petite",55,8,671,98742.34
"petite",56,8,553,70752.94
"petite",57,8,566,75202.94
"petite",58,8,634,87644.82
"petite",59,8,614,89973.91
"petite",60,8,696,94079.09
"petite",61,8,699,102249.3
"petite",62,8,559,67945.82
"petite",63,8,537,69235.07
"petite",64,8,592,82778.28
"petite",65,8,561,71190.69
"petite",66,8,679,104750.7
"petite",67,8,627,91881.73
"petite",68,8,575,76351.78
"petite",69,8,670,103950.1
"petite",70,8,616,84626.96
"petite",71,8,580,86300.49
"petite",72,8,600,74788.79
"petite",73,8,640,93864.99
"petite",74,8,568,74025.27
"petite",75,8,628,88852.96
"petite",76,8,564,72605.23
"petite",77,8,565,87127.17
"petite",78,8,546,69415.75
"petite",79,8,560,82645.67
"petite",80,8,583,81172.99
"petite",81,8,481,49882.84
"petite",82,8,502,56608.87
"petite",83,8,578,79389.45
"petite",84,8,635,96134.53
"petite",85,8,595,88285.28
"petite",86,8,545,70477.23
"petite",87,8,594,85724.82
"petite",88,8,575,92941.1
"petite",89,8,536,73200.42
"petite",90,8,583,82193.88
"petite",91,8,637,83998.82
"petite",92,8,597,79284.04
"petite",93,8,562,78914.02
"petite",94,8,620,84018.24
"petite",95,8,607,89094.79
"petite",96,8,578,78370.42
"petite",97,8,578,70599.3
"petite",98,8,538,65633.84
"petite",99,8,553,66463.54
"petite",100,8,562,82053.11
"petite",1,9,582,83684.69
"petite",2,9,668,97830.98
"petite",3,9,652,91510.43
"petite",4,9,652,94674.96
"petite",5,9,568,83180.44
"petite",6,9,549,76879.04
"petite",7,9,611,83051.47
"petite",8,9,640,97610.16
"petite",9,9,590,90897.44
"petite",10,9,608,84303.1
"petite",11,9,637,110906.2
"petite",12,9,620,102433.3
"petite",13,9,587,85896.13
"petite",14,9,733,115712.6
"petite",15,9,661,100388.5
"petite",16,9,521,75142.01
"petite",17,9,691,107687.9
"petite",18,9,620,90013.96
"petite",19,9,517,64750.99
"petite",20,9,638,97931.93
"petite",21,9,685,108093.1
"petite",22,9,729,118068.8
"petite",23,9,622,86089.06
"petite",24,9,596,93480.13
"petite",25,9,661,91714.24
"petite",26,9,693,103712.9
"petite",27,9,608,99732.04
"petite",28,9,720,121952.3
"petite",29,9,650,93780.39
"petite",30,9,587,81492.98
"petite",31,9,649,98069.8
"petite",32,9,572,85488.22
"petite",33,9,696,109652.2
"petite",34,9,677,112540.2
"petite",35,9,641,105231.3
"petite",36,9,703,119762.6
"petite",37,9,612,88127.63
"petite",38,9,536,70513.79
"petite",39,9,664,94383.03
"petite",40,9,662,124175.1
"petite",41,9,660,101168.8
"petite",42,9,575,76053.9
"petite",43,9,582,74831.45
"petite",44,9,548,76330.08
"petite",45,9,704,117226.2
"petite",46,9,660,109156.8
"petite",47,9,681,113901.7
"petite",48,9,689,104670.8
"petite",49,9,603,98457.71
"petite",50,9,704,136463.7
"petite",51,9,675,110528.9
"petite",52,9,695,102791.3
"petite",53,9,677,104035.9
"petite",54,9,622,97251.3
"petite",55,9,648,87062.51
"petite",56,9,676,115967.4
"petite",57,9,620,98267.67
"petite",58,9,552,81582.37
"petite",59,9,655,107694.7
"petite",60,9,655,113147.6
"petite",61,9,675,110579.7
"petite",62,9,529,70147.22
"petite",63,9,634,98598.38
"petite",64,9,646,97488.16
"petite",65,9,545,74940.7
"petite",66,9,647,91904.32
"petite",67,9,655,111015.9
"petite",68,9,535,73010.72
"petite",69,9,651,101980
"petite",70,9,614,80567.48
"petite",71,9,719,112748.1
"petite",72,9,693,113500.7
"petite",73,9,614,94580.39
"petite",74,9,654,95828.26
"petite",75,9,610,83252.12
"petite",76,9,762,132946.3
"petite",77,9,577,91661.91
"petite",78,9,644,105827.8
"petite",79,9,583,83006.49
"petite",80,9,629,93357.22
"petite",81,9,701,113665.1
"petite",82,9,609,93822.75
"petite",83,9,630,88022.34
"petite",84,9,701,113989.5
"petite",85,9,746,130696.3
"petite",86,9,736,136936
"petite",87,9,661,99289.38
"petite",88,9,594,81676.34
"petite",89,9,620,106736.5
"petite",90,9,552,79873.07
"petite",91,9,702,114076
"petite",92,9,643,97540.02
"petite",93,9,698,109766.9
"petite",94,9,733,110069.2
"petite",95,9,721,123479.2
"petite",96,9,692,101252.7
"petite",97,9,596,85903.16
"petite",98,9,513,64903.55
"petite",99,9,642,102281
"petite",100,9,693,128392.6
