"sim_number","generation","diameter","variation","diff_mean"
1,0,15,0,0
1,1,15,0,0
1,2,15,0,0
1,3,15,0,0
1,4,15,0,0
1,5,15,0,0
1,6,15,0,0
1,7,15,0,0
1,8,15,0,0
1,9,15,0,0
1,10,15,0,0
1,11,15,0,0
1,12,15,0,0
1,13,15,0,0
1,14,15,0,0
1,15,15,0,0
1,16,15,0,0
1,17,15,0,0
1,18,15,0,0
1,19,15,0,0
1,20,15,0,0
1,21,15,0,0
1,22,15,0,0
1,23,15,0,0
1,24,15,0,0
1,25,15,0,0
1,26,15,0,0
1,27,15,0,0
1,28,15,0,0
1,29,15,0,0
1,30,15,0,0
1,31,15,0,0
1,32,15,0,0
1,33,15,0,0
1,34,15,0,0
1,35,15,0,0
1,36,15,0,0
1,37,15,0,0
1,38,15,0,0
1,39,15,0,0
1,40,15,0,0
1,41,15,0,0
1,42,15,0,0
1,43,15,0,0
1,44,15,0,0
1,45,15,0,0
1,46,15,0,0
1,47,15,0,0
1,48,15,0,0
1,49,15,0,0
1,50,15,0,0
1,51,15,0,0
2,0,15,0,0
2,1,15,0,0
2,2,15,0,0
2,3,15,0,0
2,4,15,0,0
2,5,15,0,0
2,6,15,0,0
2,7,15,0,0
2,8,15,0,0
2,9,15,0,0
2,10,15,0,0
2,11,15,0,0
2,12,15,0,0
2,13,15,0,0
2,14,15,0,0
2,15,15,0,0
2,16,15,0,0
2,17,15,0,0
2,18,15,0,0
2,19,15,0,0
2,20,15,0,0
2,21,15,0,0
2,22,15,0,0
2,23,15,0,0
2,24,15,0,0
2,25,15,0,0
2,26,15,0,0
2,27,15,0,0
2,28,15,0,0
2,29,15,0,0
2,30,15,0,0
2,31,15,0,0
2,32,15,0,0
2,33,15,0,0
2,34,15,0,0
2,35,15,0,0
2,36,15,0,0
2,37,15,0,0
2,38,15,0,0
2,39,15,0,0
2,40,15,0,0
2,41,15,0,0
2,42,15,0,0
2,43,15,0,0
2,44,15,0,0
2,45,15,0,0
2,46,15,0,0
2,47,15,0,0
2,48,15,0,0
2,49,15,0,0
2,50,15,0,0
2,51,15,0,0
3,0,15,0,0
3,1,15,0,0
3,2,15,0,0
3,3,15,0,0
3,4,15,0,0
3,5,15,0,0
3,6,15,0,0
3,7,15,0,0
3,8,15,0,0
3,9,15,0,0
3,10,15,0,0
3,11,15,0,0
3,12,15,0,0
3,13,15,0,0
3,14,15,0,0
3,15,15,0,0
3,16,15,0,0
3,17,15,0,0
3,18,15,0,0
3,19,15,0,0
3,20,15,0,0
3,21,15,0,0
3,22,15,0,0
3,23,15,0,0
3,24,15,0,0
3,25,15,0,0
3,26,15,0,0
3,27,15,0,0
3,28,15,0,0
3,29,15,0,0
3,30,15,0,0
3,31,15,0,0
3,32,15,0,0
3,33,15,0,0
3,34,15,0,0
3,35,15,0,0
3,36,15,0,0
3,37,15,0,0
3,38,15,0,0
3,39,15,0,0
3,40,15,0,0
3,41,15,0,0
3,42,15,0,0
3,43,15,0,0
3,44,15,0,0
3,45,15,0,0
3,46,15,0,0
3,47,15,0,0
3,48,15,0,0
3,49,15,0,0
3,50,15,0,0
3,51,15,0,0
4,0,15,0,0
4,1,15,0,0
4,2,15,0,0
4,3,15,0,0
4,4,15,0,0
4,5,15,0,0
4,6,15,0,0
4,7,15,0,0
4,8,15,0,0
4,9,15,0,0
4,10,15,0,0
4,11,15,0,0
4,12,15,0,0
4,13,15,0,0
4,14,15,0,0
4,15,15,0,0
4,16,15,0,0
4,17,15,0,0
4,18,15,0,0
4,19,15,0,0
4,20,15,0,0
4,21,15,0,0
4,22,15,0,0
4,23,15,0,0
4,24,15,0,0
4,25,15,0,0
4,26,15,0,0
4,27,15,0,0
4,28,15,0,0
4,29,15,0,0
4,30,15,0,0
4,31,15,0,0
4,32,15,0,0
4,33,15,0,0
4,34,15,0,0
4,35,15,0,0
4,36,15,0,0
4,37,15,0,0
4,38,15,0,0
4,39,15,0,0
4,40,15,0,0
4,41,15,0,0
4,42,15,0,0
4,43,15,0,0
4,44,15,0,0
4,45,15,0,0
4,46,15,0,0
4,47,15,0,0
4,48,15,0,0
4,49,15,0,0
4,50,15,0,0
4,51,15,0,0
5,0,15,0,0
5,1,15,0,0
5,2,15,0,0
5,3,15,0,0
5,4,15,0,0
5,5,15,0,0
5,6,15,0,0
5,7,15,0,0
5,8,15,0,0
5,9,15,0,0
5,10,15,0,0
5,11,15,0,0
5,12,15,0,0
5,13,15,0,0
5,14,15,0,0
5,15,15,0,0
5,16,15,0,0
5,17,15,0,0
5,18,15,0,0
5,19,15,0,0
5,20,15,0,0
5,21,15,0,0
5,22,15,0,0
5,23,15,0,0
5,24,15,0,0
5,25,15,0,0
5,26,15,0,0
5,27,15,0,0
5,28,15,0,0
5,29,15,0,0
5,30,15,0,0
5,31,15,0,0
5,32,15,0,0
5,33,15,0,0
5,34,15,0,0
5,35,15,0,0
5,36,15,0,0
5,37,15,0,0
5,38,15,0,0
5,39,15,0,0
5,40,15,0,0
5,41,15,0,0
5,42,15,0,0
5,43,15,0,0
5,44,15,0,0
5,45,15,0,0
5,46,15,0,0
5,47,15,0,0
5,48,15,0,0
5,49,15,0,0
5,50,15,0,0
5,51,15,0,0
6,0,15,0,0
6,1,15,0,0
6,2,15,0,0
6,3,15,0,0
6,4,15,0,0
6,5,15,0,0
6,6,15,0,0
6,7,15,0,0
6,8,15,0,0
6,9,15,0,0
6,10,15,0,0
6,11,15,0,0
6,12,15,0,0
6,13,15,0,0
6,14,15,0,0
6,15,15,0,0
6,16,15,0,0
6,17,15,0,0
6,18,15,0,0
6,19,15,0,0
6,20,15,0,0
6,21,15,0,0
6,22,15,0,0
6,23,15,0,0
6,24,15,0,0
6,25,15,0,0
6,26,15,0,0
6,27,15,0,0
6,28,15,0,0
6,29,15,0,0
6,30,15,0,0
6,31,15,0,0
6,32,15,0,0
6,33,15,0,0
6,34,15,0,0
6,35,15,0,0
6,36,15,0,0
6,37,15,0,0
6,38,15,0,0
6,39,15,0,0
6,40,15,0,0
6,41,15,0,0
6,42,15,0,0
6,43,15,0,0
6,44,15,0,0
6,45,15,0,0
6,46,15,0,0
6,47,15,0,0
6,48,15,0,0
6,49,15,0,0
6,50,15,0,0
6,51,15,0,0
7,0,15,0,0
7,1,15,0,0
7,2,15,0,0
7,3,15,0,0
7,4,15,0,0
7,5,15,0,0
7,6,15,0,0
7,7,15,0,0
7,8,15,0,0
7,9,15,0,0
7,10,15,0,0
7,11,15,0,0
7,12,15,0,0
7,13,15,0,0
7,14,15,0,0
7,15,15,0,0
7,16,15,0,0
7,17,15,0,0
7,18,15,0,0
7,19,15,0,0
7,20,15,0,0
7,21,15,0,0
7,22,15,0,0
7,23,15,0,0
7,24,15,0,0
7,25,15,0,0
7,26,15,0,0
7,27,15,0,0
7,28,15,0,0
7,29,15,0,0
7,30,15,0,0
7,31,15,0,0
7,32,15,0,0
7,33,15,0,0
7,34,15,0,0
7,35,15,0,0
7,36,15,0,0
7,37,15,0,0
7,38,15,0,0
7,39,15,0,0
7,40,15,0,0
7,41,15,0,0
7,42,15,0,0
7,43,15,0,0
7,44,15,0,0
7,45,15,0,0
7,46,15,0,0
7,47,15,0,0
7,48,15,0,0
7,49,15,0,0
7,50,15,0,0
7,51,15,0,0
8,0,15,0,0
8,1,15,0,0
8,2,15,0,0
8,3,15,0,0
8,4,15,0,0
8,5,15,0,0
8,6,15,0,0
8,7,15,0,0
8,8,15,0,0
8,9,15,0,0
8,10,15,0,0
8,11,15,0,0
8,12,15,0,0
8,13,15,0,0
8,14,15,0,0
8,15,15,0,0
8,16,15,0,0
8,17,15,0,0
8,18,15,0,0
8,19,15,0,0
8,20,15,0,0
8,21,15,0,0
8,22,15,0,0
8,23,15,0,0
8,24,15,0,0
8,25,15,0,0
8,26,15,0,0
8,27,15,0,0
8,28,15,0,0
8,29,15,0,0
8,30,15,0,0
8,31,15,0,0
8,32,15,0,0
8,33,15,0,0
8,34,15,0,0
8,35,15,0,0
8,36,15,0,0
8,37,15,0,0
8,38,15,0,0
8,39,15,0,0
8,40,15,0,0
8,41,15,0,0
8,42,15,0,0
8,43,15,0,0
8,44,15,0,0
8,45,15,0,0
8,46,15,0,0
8,47,15,0,0
8,48,15,0,0
8,49,15,0,0
8,50,15,0,0
8,51,15,0,0
9,0,15,0,0
9,1,15,0,0
9,2,15,0,0
9,3,15,0,0
9,4,15,0,0
9,5,15,0,0
9,6,15,0,0
9,7,15,0,0
9,8,15,0,0
9,9,15,0,0
9,10,15,0,0
9,11,15,0,0
9,12,15,0,0
9,13,15,0,0
9,14,15,0,0
9,15,15,0,0
9,16,15,0,0
9,17,15,0,0
9,18,15,0,0
9,19,15,0,0
9,20,15,0,0
9,21,15,0,0
9,22,15,0,0
9,23,15,0,0
9,24,15,0,0
9,25,15,0,0
9,26,15,0,0
9,27,15,0,0
9,28,15,0,0
9,29,15,0,0
9,30,15,0,0
9,31,15,0,0
9,32,15,0,0
9,33,15,0,0
9,34,15,0,0
9,35,15,0,0
9,36,15,0,0
9,37,15,0,0
9,38,15,0,0
9,39,15,0,0
9,40,15,0,0
9,41,15,0,0
9,42,15,0,0
9,43,15,0,0
9,44,15,0,0
9,45,15,0,0
9,46,15,0,0
9,47,15,0,0
9,48,15,0,0
9,49,15,0,0
9,50,15,0,0
9,51,15,0,0
10,0,15,0,0
10,1,15,0,0
10,2,15,0,0
10,3,15,0,0
10,4,15,0,0
10,5,15,0,0
10,6,15,0,0
10,7,15,0,0
10,8,15,0,0
10,9,15,0,0
10,10,15,0,0
10,11,15,0,0
10,12,15,0,0
10,13,15,0,0
10,14,15,0,0
10,15,15,0,0
10,16,15,0,0
10,17,15,0,0
10,18,15,0,0
10,19,15,0,0
10,20,15,0,0
10,21,15,0,0
10,22,15,0,0
10,23,15,0,0
10,24,15,0,0
10,25,15,0,0
10,26,15,0,0
10,27,15,0,0
10,28,15,0,0
10,29,15,0,0
10,30,15,0,0
10,31,15,0,0
10,32,15,0,0
10,33,15,0,0
10,34,15,0,0
10,35,15,0,0
10,36,15,0,0
10,37,15,0,0
10,38,15,0,0
10,39,15,0,0
10,40,15,0,0
10,41,15,0,0
10,42,15,0,0
10,43,15,0,0
10,44,15,0,0
10,45,15,0,0
10,46,15,0,0
10,47,15,0,0
10,48,15,0,0
10,49,15,0,0
10,50,15,0,0
10,51,15,0,0
11,0,15,0,0
11,1,15,0,0
11,2,15,0,0
11,3,15,0,0
11,4,15,0,0
11,5,15,0,0
11,6,15,0,0
11,7,15,0,0
11,8,15,0,0
11,9,15,0,0
11,10,15,0,0
11,11,15,0,0
11,12,15,0,0
11,13,15,0,0
11,14,15,0,0
11,15,15,0,0
11,16,15,0,0
11,17,15,0,0
11,18,15,0,0
11,19,15,0,0
11,20,15,0,0
11,21,15,0,0
11,22,15,0,0
11,23,15,0,0
11,24,15,0,0
11,25,15,0,0
11,26,15,0,0
11,27,15,0,0
11,28,15,0,0
11,29,15,0,0
11,30,15,0,0
11,31,15,0,0
11,32,15,0,0
11,33,15,0,0
11,34,15,0,0
11,35,15,0,0
11,36,15,0,0
11,37,15,0,0
11,38,15,0,0
11,39,15,0,0
11,40,15,0,0
11,41,15,0,0
11,42,15,0,0
11,43,15,0,0
11,44,15,0,0
11,45,15,0,0
11,46,15,0,0
11,47,15,0,0
11,48,15,0,0
11,49,15,0,0
11,50,15,0,0
11,51,15,0,0
12,0,15,0,0
12,1,15,0,0
12,2,15,0,0
12,3,15,0,0
12,4,15,0,0
12,5,15,0,0
12,6,15,0,0
12,7,15,0,0
12,8,15,0,0
12,9,15,0,0
12,10,15,0,0
12,11,15,0,0
12,12,15,0,0
12,13,15,0,0
12,14,15,0,0
12,15,15,0,0
12,16,15,0,0
12,17,15,0,0
12,18,15,0,0
12,19,15,0,0
12,20,15,0,0
12,21,15,0,0
12,22,15,0,0
12,23,15,0,0
12,24,15,0,0
12,25,15,0,0
12,26,15,0,0
12,27,15,0,0
12,28,15,0,0
12,29,15,0,0
12,30,15,0,0
12,31,15,0,0
12,32,15,0,0
12,33,15,0,0
12,34,15,0,0
12,35,15,0,0
12,36,15,0,0
12,37,15,0,0
12,38,15,0,0
12,39,15,0,0
12,40,15,0,0
12,41,15,0,0
12,42,15,0,0
12,43,15,0,0
12,44,15,0,0
12,45,15,0,0
12,46,15,0,0
12,47,15,0,0
12,48,15,0,0
12,49,15,0,0
12,50,15,0,0
12,51,15,0,0
13,0,15,0,0
13,1,15,0,0
13,2,15,0,0
13,3,15,0,0
13,4,15,0,0
13,5,15,0,0
13,6,15,0,0
13,7,15,0,0
13,8,15,0,0
13,9,15,0,0
13,10,15,0,0
13,11,15,0,0
13,12,15,0,0
13,13,15,0,0
13,14,15,0,0
13,15,15,0,0
13,16,15,0,0
13,17,15,0,0
13,18,15,0,0
13,19,15,0,0
13,20,15,0,0
13,21,15,0,0
13,22,15,0,0
13,23,15,0,0
13,24,15,0,0
13,25,15,0,0
13,26,15,0,0
13,27,15,0,0
13,28,15,0,0
13,29,15,0,0
13,30,15,0,0
13,31,15,0,0
13,32,15,0,0
13,33,15,0,0
13,34,15,0,0
13,35,15,0,0
13,36,15,0,0
13,37,15,0,0
13,38,15,0,0
13,39,15,0,0
13,40,15,0,0
13,41,15,0,0
13,42,15,0,0
13,43,15,0,0
13,44,15,0,0
13,45,15,0,0
13,46,15,0,0
13,47,15,0,0
13,48,15,0,0
13,49,15,0,0
13,50,15,0,0
13,51,15,0,0
14,0,15,0,0
14,1,15,0,0
14,2,15,0,0
14,3,15,0,0
14,4,15,0,0
14,5,15,0,0
14,6,15,0,0
14,7,15,0,0
14,8,15,0,0
14,9,15,0,0
14,10,15,0,0
14,11,15,0,0
14,12,15,0,0
14,13,15,0,0
14,14,15,0,0
14,15,15,0,0
14,16,15,0,0
14,17,15,0,0
14,18,15,0,0
14,19,15,0,0
14,20,15,0,0
14,21,15,0,0
14,22,15,0,0
14,23,15,0,0
14,24,15,0,0
14,25,15,0,0
14,26,15,0,0
14,27,15,0,0
14,28,15,0,0
14,29,15,0,0
14,30,15,0,0
14,31,15,0,0
14,32,15,0,0
14,33,15,0,0
14,34,15,0,0
14,35,15,0,0
14,36,15,0,0
14,37,15,0,0
14,38,15,0,0
14,39,15,0,0
14,40,15,0,0
14,41,15,0,0
14,42,15,0,0
14,43,15,0,0
14,44,15,0,0
14,45,15,0,0
14,46,15,0,0
14,47,15,0,0
14,48,15,0,0
14,49,15,0,0
14,50,15,0,0
14,51,15,0,0
15,0,15,0,0
15,1,15,0,0
15,2,15,0,0
15,3,15,0,0
15,4,15,0,0
15,5,15,0,0
15,6,15,0,0
15,7,15,0,0
15,8,15,0,0
15,9,15,0,0
15,10,15,0,0
15,11,15,0,0
15,12,15,0,0
15,13,15,0,0
15,14,15,0,0
15,15,15,0,0
15,16,15,0,0
15,17,15,0,0
15,18,15,0,0
15,19,15,0,0
15,20,15,0,0
15,21,15,0,0
15,22,15,0,0
15,23,15,0,0
15,24,15,0,0
15,25,15,0,0
15,26,15,0,0
15,27,15,0,0
15,28,15,0,0
15,29,15,0,0
15,30,15,0,0
15,31,15,0,0
15,32,15,0,0
15,33,15,0,0
15,34,15,0,0
15,35,15,0,0
15,36,15,0,0
15,37,15,0,0
15,38,15,0,0
15,39,15,0,0
15,40,15,0,0
15,41,15,0,0
15,42,15,0,0
15,43,15,0,0
15,44,15,0,0
15,45,15,0,0
15,46,15,0,0
15,47,15,0,0
15,48,15,0,0
15,49,15,0,0
15,50,15,0,0
15,51,15,0,0
16,0,15,0,0
16,1,15,0,0
16,2,15,0,0
16,3,15,0,0
16,4,15,0,0
16,5,15,0,0
16,6,15,0,0
16,7,15,0,0
16,8,15,0,0
16,9,15,0,0
16,10,15,0,0
16,11,15,0,0
16,12,15,0,0
16,13,15,0,0
16,14,15,0,0
16,15,15,0,0
16,16,15,0,0
16,17,15,0,0
16,18,15,0,0
16,19,15,0,0
16,20,15,0,0
16,21,15,0,0
16,22,15,0,0
16,23,15,0,0
16,24,15,0,0
16,25,15,0,0
16,26,15,0,0
16,27,15,0,0
16,28,15,0,0
16,29,15,0,0
16,30,15,0,0
16,31,15,0,0
16,32,15,0,0
16,33,15,0,0
16,34,15,0,0
16,35,15,0,0
16,36,15,0,0
16,37,15,0,0
16,38,15,0,0
16,39,15,0,0
16,40,15,0,0
16,41,15,0,0
16,42,15,0,0
16,43,15,0,0
16,44,15,0,0
16,45,15,0,0
16,46,15,0,0
16,47,15,0,0
16,48,15,0,0
16,49,15,0,0
16,50,15,0,0
16,51,15,0,0
17,0,15,0,0
17,1,15,0,0
17,2,15,0,0
17,3,15,0,0
17,4,15,0,0
17,5,15,0,0
17,6,15,0,0
17,7,15,0,0
17,8,15,0,0
17,9,15,0,0
17,10,15,0,0
17,11,15,0,0
17,12,15,0,0
17,13,15,0,0
17,14,15,0,0
17,15,15,0,0
17,16,15,0,0
17,17,15,0,0
17,18,15,0,0
17,19,15,0,0
17,20,15,0,0
17,21,15,0,0
17,22,15,0,0
17,23,15,0,0
17,24,15,0,0
17,25,15,0,0
17,26,15,0,0
17,27,15,0,0
17,28,15,0,0
17,29,15,0,0
17,30,15,0,0
17,31,15,0,0
17,32,15,0,0
17,33,15,0,0
17,34,15,0,0
17,35,15,0,0
17,36,15,0,0
17,37,15,0,0
17,38,15,0,0
17,39,15,0,0
17,40,15,0,0
17,41,15,0,0
17,42,15,0,0
17,43,15,0,0
17,44,15,0,0
17,45,15,0,0
17,46,15,0,0
17,47,15,0,0
17,48,15,0,0
17,49,15,0,0
17,50,15,0,0
17,51,15,0,0
18,0,15,0,0
18,1,15,0,0
18,2,15,0,0
18,3,15,0,0
18,4,15,0,0
18,5,15,0,0
18,6,15,0,0
18,7,15,0,0
18,8,15,0,0
18,9,15,0,0
18,10,15,0,0
18,11,15,0,0
18,12,15,0,0
18,13,15,0,0
18,14,15,0,0
18,15,15,0,0
18,16,15,0,0
18,17,15,0,0
18,18,15,0,0
18,19,15,0,0
18,20,15,0,0
18,21,15,0,0
18,22,15,0,0
18,23,15,0,0
18,24,15,0,0
18,25,15,0,0
18,26,15,0,0
18,27,15,0,0
18,28,15,0,0
18,29,15,0,0
18,30,15,0,0
18,31,15,0,0
18,32,15,0,0
18,33,15,0,0
18,34,15,0,0
18,35,15,0,0
18,36,15,0,0
18,37,15,0,0
18,38,15,0,0
18,39,15,0,0
18,40,15,0,0
18,41,15,0,0
18,42,15,0,0
18,43,15,0,0
18,44,15,0,0
18,45,15,0,0
18,46,15,0,0
18,47,15,0,0
18,48,15,0,0
18,49,15,0,0
18,50,15,0,0
18,51,15,0,0
19,0,15,0,0
19,1,15,0,0
19,2,15,0,0
19,3,15,0,0
19,4,15,0,0
19,5,15,0,0
19,6,15,0,0
19,7,15,0,0
19,8,15,0,0
19,9,15,0,0
19,10,15,0,0
19,11,15,0,0
19,12,15,0,0
19,13,15,0,0
19,14,15,0,0
19,15,15,0,0
19,16,15,0,0
19,17,15,0,0
19,18,15,0,0
19,19,15,0,0
19,20,15,0,0
19,21,15,0,0
19,22,15,0,0
19,23,15,0,0
19,24,15,0,0
19,25,15,0,0
19,26,15,0,0
19,27,15,0,0
19,28,15,0,0
19,29,15,0,0
19,30,15,0,0
19,31,15,0,0
19,32,15,0,0
19,33,15,0,0
19,34,15,0,0
19,35,15,0,0
19,36,15,0,0
19,37,15,0,0
19,38,15,0,0
19,39,15,0,0
19,40,15,0,0
19,41,15,0,0
19,42,15,0,0
19,43,15,0,0
19,44,15,0,0
19,45,15,0,0
19,46,15,0,0
19,47,15,0,0
19,48,15,0,0
19,49,15,0,0
19,50,15,0,0
19,51,15,0,0
20,0,15,0,0
20,1,15,0,0
20,2,15,0,0
20,3,15,0,0
20,4,15,0,0
20,5,15,0,0
20,6,15,0,0
20,7,15,0,0
20,8,15,0,0
20,9,15,0,0
20,10,15,0,0
20,11,15,0,0
20,12,15,0,0
20,13,15,0,0
20,14,15,0,0
20,15,15,0,0
20,16,15,0,0
20,17,15,0,0
20,18,15,0,0
20,19,15,0,0
20,20,15,0,0
20,21,15,0,0
20,22,15,0,0
20,23,15,0,0
20,24,15,0,0
20,25,15,0,0
20,26,15,0,0
20,27,15,0,0
20,28,15,0,0
20,29,15,0,0
20,30,15,0,0
20,31,15,0,0
20,32,15,0,0
20,33,15,0,0
20,34,15,0,0
20,35,15,0,0
20,36,15,0,0
20,37,15,0,0
20,38,15,0,0
20,39,15,0,0
20,40,15,0,0
20,41,15,0,0
20,42,15,0,0
20,43,15,0,0
20,44,15,0,0
20,45,15,0,0
20,46,15,0,0
20,47,15,0,0
20,48,15,0,0
20,49,15,0,0
20,50,15,0,0
20,51,15,0,0
21,0,15,0,0
21,1,15,0,0
21,2,15,0,0
21,3,15,0,0
21,4,15,0,0
21,5,15,0,0
21,6,15,0,0
21,7,15,0,0
21,8,15,0,0
21,9,15,0,0
21,10,15,0,0
21,11,15,0,0
21,12,15,0,0
21,13,15,0,0
21,14,15,0,0
21,15,15,0,0
21,16,15,0,0
21,17,15,0,0
21,18,15,0,0
21,19,15,0,0
21,20,15,0,0
21,21,15,0,0
21,22,15,0,0
21,23,15,0,0
21,24,15,0,0
21,25,15,0,0
21,26,15,0,0
21,27,15,0,0
21,28,15,0,0
21,29,15,0,0
21,30,15,0,0
21,31,15,0,0
21,32,15,0,0
21,33,15,0,0
21,34,15,0,0
21,35,15,0,0
21,36,15,0,0
21,37,15,0,0
21,38,15,0,0
21,39,15,0,0
21,40,15,0,0
21,41,15,0,0
21,42,15,0,0
21,43,15,0,0
21,44,15,0,0
21,45,15,0,0
21,46,15,0,0
21,47,15,0,0
21,48,15,0,0
21,49,15,0,0
21,50,15,0,0
21,51,15,0,0
22,0,15,0,0
22,1,15,0,0
22,2,15,0,0
22,3,15,0,0
22,4,15,0,0
22,5,15,0,0
22,6,15,0,0
22,7,15,0,0
22,8,15,0,0
22,9,15,0,0
22,10,15,0,0
22,11,15,0,0
22,12,15,0,0
22,13,15,0,0
22,14,15,0,0
22,15,15,0,0
22,16,15,0,0
22,17,15,0,0
22,18,15,0,0
22,19,15,0,0
22,20,15,0,0
22,21,15,0,0
22,22,15,0,0
22,23,15,0,0
22,24,15,0,0
22,25,15,0,0
22,26,15,0,0
22,27,15,0,0
22,28,15,0,0
22,29,15,0,0
22,30,15,0,0
22,31,15,0,0
22,32,15,0,0
22,33,15,0,0
22,34,15,0,0
22,35,15,0,0
22,36,15,0,0
22,37,15,0,0
22,38,15,0,0
22,39,15,0,0
22,40,15,0,0
22,41,15,0,0
22,42,15,0,0
22,43,15,0,0
22,44,15,0,0
22,45,15,0,0
22,46,15,0,0
22,47,15,0,0
22,48,15,0,0
22,49,15,0,0
22,50,15,0,0
22,51,15,0,0
23,0,15,0,0
23,1,15,0,0
23,2,15,0,0
23,3,15,0,0
23,4,15,0,0
23,5,15,0,0
23,6,15,0,0
23,7,15,0,0
23,8,15,0,0
23,9,15,0,0
23,10,15,0,0
23,11,15,0,0
23,12,15,0,0
23,13,15,0,0
23,14,15,0,0
23,15,15,0,0
23,16,15,0,0
23,17,15,0,0
23,18,15,0,0
23,19,15,0,0
23,20,15,0,0
23,21,15,0,0
23,22,15,0,0
23,23,15,0,0
23,24,15,0,0
23,25,15,0,0
23,26,15,0,0
23,27,15,0,0
23,28,15,0,0
23,29,15,0,0
23,30,15,0,0
23,31,15,0,0
23,32,15,0,0
23,33,15,0,0
23,34,15,0,0
23,35,15,0,0
23,36,15,0,0
23,37,15,0,0
23,38,15,0,0
23,39,15,0,0
23,40,15,0,0
23,41,15,0,0
23,42,15,0,0
23,43,15,0,0
23,44,15,0,0
23,45,15,0,0
23,46,15,0,0
23,47,15,0,0
23,48,15,0,0
23,49,15,0,0
23,50,15,0,0
23,51,15,0,0
24,0,15,0,0
24,1,15,0,0
24,2,15,0,0
24,3,15,0,0
24,4,15,0,0
24,5,15,0,0
24,6,15,0,0
24,7,15,0,0
24,8,15,0,0
24,9,15,0,0
24,10,15,0,0
24,11,15,0,0
24,12,15,0,0
24,13,15,0,0
24,14,15,0,0
24,15,15,0,0
24,16,15,0,0
24,17,15,0,0
24,18,15,0,0
24,19,15,0,0
24,20,15,0,0
24,21,15,0,0
24,22,15,0,0
24,23,15,0,0
24,24,15,0,0
24,25,15,0,0
24,26,15,0,0
24,27,15,0,0
24,28,15,0,0
24,29,15,0,0
24,30,15,0,0
24,31,15,0,0
24,32,15,0,0
24,33,15,0,0
24,34,15,0,0
24,35,15,0,0
24,36,15,0,0
24,37,15,0,0
24,38,15,0,0
24,39,15,0,0
24,40,15,0,0
24,41,15,0,0
24,42,15,0,0
24,43,15,0,0
24,44,15,0,0
24,45,15,0,0
24,46,15,0,0
24,47,15,0,0
24,48,15,0,0
24,49,15,0,0
24,50,15,0,0
24,51,15,0,0
25,0,15,0,0
25,1,15,0,0
25,2,15,0,0
25,3,15,0,0
25,4,15,0,0
25,5,15,0,0
25,6,15,0,0
25,7,15,0,0
25,8,15,0,0
25,9,15,0,0
25,10,15,0,0
25,11,15,0,0
25,12,15,0,0
25,13,15,0,0
25,14,15,0,0
25,15,15,0,0
25,16,15,0,0
25,17,15,0,0
25,18,15,0,0
25,19,15,0,0
25,20,15,0,0
25,21,15,0,0
25,22,15,0,0
25,23,15,0,0
25,24,15,0,0
25,25,15,0,0
25,26,15,0,0
25,27,15,0,0
25,28,15,0,0
25,29,15,0,0
25,30,15,0,0
25,31,15,0,0
25,32,15,0,0
25,33,15,0,0
25,34,15,0,0
25,35,15,0,0
25,36,15,0,0
25,37,15,0,0
25,38,15,0,0
25,39,15,0,0
25,40,15,0,0
25,41,15,0,0
25,42,15,0,0
25,43,15,0,0
25,44,15,0,0
25,45,15,0,0
25,46,15,0,0
25,47,15,0,0
25,48,15,0,0
25,49,15,0,0
25,50,15,0,0
25,51,15,0,0
26,0,15,0,0
26,1,15,0,0
26,2,15,0,0
26,3,15,0,0
26,4,15,0,0
26,5,15,0,0
26,6,15,0,0
26,7,15,0,0
26,8,15,0,0
26,9,15,0,0
26,10,15,0,0
26,11,15,0,0
26,12,15,0,0
26,13,15,0,0
26,14,15,0,0
26,15,15,0,0
26,16,15,0,0
26,17,15,0,0
26,18,15,0,0
26,19,15,0,0
26,20,15,0,0
26,21,15,0,0
26,22,15,0,0
26,23,15,0,0
26,24,15,0,0
26,25,15,0,0
26,26,15,0,0
26,27,15,0,0
26,28,15,0,0
26,29,15,0,0
26,30,15,0,0
26,31,15,0,0
26,32,15,0,0
26,33,15,0,0
26,34,15,0,0
26,35,15,0,0
26,36,15,0,0
26,37,15,0,0
26,38,15,0,0
26,39,15,0,0
26,40,15,0,0
26,41,15,0,0
26,42,15,0,0
26,43,15,0,0
26,44,15,0,0
26,45,15,0,0
26,46,15,0,0
26,47,15,0,0
26,48,15,0,0
26,49,15,0,0
26,50,15,0,0
26,51,15,0,0
27,0,15,0,0
27,1,15,0,0
27,2,15,0,0
27,3,15,0,0
27,4,15,0,0
27,5,15,0,0
27,6,15,0,0
27,7,15,0,0
27,8,15,0,0
27,9,15,0,0
27,10,15,0,0
27,11,15,0,0
27,12,15,0,0
27,13,15,0,0
27,14,15,0,0
27,15,15,0,0
27,16,15,0,0
27,17,15,0,0
27,18,15,0,0
27,19,15,0,0
27,20,15,0,0
27,21,15,0,0
27,22,15,0,0
27,23,15,0,0
27,24,15,0,0
27,25,15,0,0
27,26,15,0,0
27,27,15,0,0
27,28,15,0,0
27,29,15,0,0
27,30,15,0,0
27,31,15,0,0
27,32,15,0,0
27,33,15,0,0
27,34,15,0,0
27,35,15,0,0
27,36,15,0,0
27,37,15,0,0
27,38,15,0,0
27,39,15,0,0
27,40,15,0,0
27,41,15,0,0
27,42,15,0,0
27,43,15,0,0
27,44,15,0,0
27,45,15,0,0
27,46,15,0,0
27,47,15,0,0
27,48,15,0,0
27,49,15,0,0
27,50,15,0,0
27,51,15,0,0
28,0,15,0,0
28,1,15,0,0
28,2,15,0,0
28,3,15,0,0
28,4,15,0,0
28,5,15,0,0
28,6,15,0,0
28,7,15,0,0
28,8,15,0,0
28,9,15,0,0
28,10,15,0,0
28,11,15,0,0
28,12,15,0,0
28,13,15,0,0
28,14,15,0,0
28,15,15,0,0
28,16,15,0,0
28,17,15,0,0
28,18,15,0,0
28,19,15,0,0
28,20,15,0,0
28,21,15,0,0
28,22,15,0,0
28,23,15,0,0
28,24,15,0,0
28,25,15,0,0
28,26,15,0,0
28,27,15,0,0
28,28,15,0,0
28,29,15,0,0
28,30,15,0,0
28,31,15,0,0
28,32,15,0,0
28,33,15,0,0
28,34,15,0,0
28,35,15,0,0
28,36,15,0,0
28,37,15,0,0
28,38,15,0,0
28,39,15,0,0
28,40,15,0,0
28,41,15,0,0
28,42,15,0,0
28,43,15,0,0
28,44,15,0,0
28,45,15,0,0
28,46,15,0,0
28,47,15,0,0
28,48,15,0,0
28,49,15,0,0
28,50,15,0,0
28,51,15,0,0
29,0,15,0,0
29,1,15,0,0
29,2,15,0,0
29,3,15,0,0
29,4,15,0,0
29,5,15,0,0
29,6,15,0,0
29,7,15,0,0
29,8,15,0,0
29,9,15,0,0
29,10,15,0,0
29,11,15,0,0
29,12,15,0,0
29,13,15,0,0
29,14,15,0,0
29,15,15,0,0
29,16,15,0,0
29,17,15,0,0
29,18,15,0,0
29,19,15,0,0
29,20,15,0,0
29,21,15,0,0
29,22,15,0,0
29,23,15,0,0
29,24,15,0,0
29,25,15,0,0
29,26,15,0,0
29,27,15,0,0
29,28,15,0,0
29,29,15,0,0
29,30,15,0,0
29,31,15,0,0
29,32,15,0,0
29,33,15,0,0
29,34,15,0,0
29,35,15,0,0
29,36,15,0,0
29,37,15,0,0
29,38,15,0,0
29,39,15,0,0
29,40,15,0,0
29,41,15,0,0
29,42,15,0,0
29,43,15,0,0
29,44,15,0,0
29,45,15,0,0
29,46,15,0,0
29,47,15,0,0
29,48,15,0,0
29,49,15,0,0
29,50,15,0,0
29,51,15,0,0
30,0,15,0,0
30,1,15,0,0
30,2,15,0,0
30,3,15,0,0
30,4,15,0,0
30,5,15,0,0
30,6,15,0,0
30,7,15,0,0
30,8,15,0,0
30,9,15,0,0
30,10,15,0,0
30,11,15,0,0
30,12,15,0,0
30,13,15,0,0
30,14,15,0,0
30,15,15,0,0
30,16,15,0,0
30,17,15,0,0
30,18,15,0,0
30,19,15,0,0
30,20,15,0,0
30,21,15,0,0
30,22,15,0,0
30,23,15,0,0
30,24,15,0,0
30,25,15,0,0
30,26,15,0,0
30,27,15,0,0
30,28,15,0,0
30,29,15,0,0
30,30,15,0,0
30,31,15,0,0
30,32,15,0,0
30,33,15,0,0
30,34,15,0,0
30,35,15,0,0
30,36,15,0,0
30,37,15,0,0
30,38,15,0,0
30,39,15,0,0
30,40,15,0,0
30,41,15,0,0
30,42,15,0,0
30,43,15,0,0
30,44,15,0,0
30,45,15,0,0
30,46,15,0,0
30,47,15,0,0
30,48,15,0,0
30,49,15,0,0
30,50,15,0,0
30,51,15,0,0
1,0,11,0,20
1,1,11,0,20
1,2,11,0,20
1,3,11,0,20
1,4,11,0,20
1,5,11,0,20
1,6,11,0,20
1,7,11,0,20
1,8,11,0,20
1,9,11,0,20
1,10,11,0,20
1,11,11,0,20
1,12,11,0,20
1,13,11,0,20
1,14,11,0,20
1,15,11,0,20
1,16,11,0,20
1,17,11,0,20
1,18,11,0,20
1,19,11,0,20
1,20,11,0,20
1,21,11,0,20
1,22,11,0,20
1,23,11,0,20
1,24,11,0,20
1,25,11,0,20
1,26,11,0,20
1,27,11,0,20
1,28,11,0,20
1,29,11,0,20
1,30,11,0,20
1,31,11,0,20
1,32,11,0,20
1,33,11,0,20
1,34,11,0,20
1,35,11,0,20
1,36,11,0,20
1,37,11,0,20
1,38,11,0,20
1,39,11,0,20
1,40,11,0,20
1,41,11,0,20
1,42,11,0,20
1,43,11,0,20
1,44,11,0,20
1,45,11,0,20
1,46,11,0,20
1,47,11,0,20
1,48,11,0,20
1,49,11,0,20
1,50,11,0,20
1,51,11,0,20
2,0,11,0,20
2,1,11,0,20
2,2,11,0,20
2,3,11,0,20
2,4,11,0,20
2,5,11,0,20
2,6,11,0,20
2,7,11,0,20
2,8,11,0,20
2,9,11,0,20
2,10,11,0,20
2,11,11,0,20
2,12,11,0,20
2,13,11,0,20
2,14,11,0,20
2,15,11,0,20
2,16,11,0,20
2,17,11,0,20
2,18,11,0,20
2,19,11,0,20
2,20,11,0,20
2,21,11,0,20
2,22,11,0,20
2,23,11,0,20
2,24,11,0,20
2,25,11,0,20
2,26,11,0,20
2,27,11,0,20
2,28,11,0,20
2,29,11,0,20
2,30,11,0,20
2,31,11,0,20
2,32,11,0,20
2,33,11,0,20
2,34,11,0,20
2,35,11,0,20
2,36,11,0,20
2,37,11,0,20
2,38,11,0,20
2,39,11,0,20
2,40,11,0,20
2,41,11,0,20
2,42,11,0,20
2,43,11,0,20
2,44,11,0,20
2,45,11,0,20
2,46,11,0,20
2,47,11,0,20
2,48,11,0,20
2,49,11,0,20
2,50,11,0,20
2,51,11,0,20
3,0,11,0,20
3,1,11,0,20
3,2,11,0,20
3,3,11,0,20
3,4,11,0,20
3,5,11,0,20
3,6,11,0,20
3,7,11,0,20
3,8,11,0,20
3,9,11,0,20
3,10,11,0,20
3,11,11,0,20
3,12,11,0,20
3,13,11,0,20
3,14,11,0,20
3,15,11,0,20
3,16,11,0,20
3,17,11,0,20
3,18,11,0,20
3,19,11,0,20
3,20,11,0,20
3,21,11,0,20
3,22,11,0,20
3,23,11,0,20
3,24,11,0,20
3,25,11,0,20
3,26,11,0,20
3,27,11,0,20
3,28,11,0,20
3,29,11,0,20
3,30,11,0,20
3,31,11,0,20
3,32,11,0,20
3,33,11,0,20
3,34,11,0,20
3,35,11,0,20
3,36,11,0,20
3,37,11,0,20
3,38,11,0,20
3,39,11,0,20
3,40,11,0,20
3,41,11,0,20
3,42,11,0,20
3,43,11,0,20
3,44,11,0,20
3,45,11,0,20
3,46,11,0,20
3,47,11,0,20
3,48,11,0,20
3,49,11,0,20
3,50,11,0,20
3,51,11,0,20
4,0,11,0,20
4,1,11,0,20
4,2,11,0,20
4,3,11,0,20
4,4,11,0,20
4,5,11,0,20
4,6,11,0,20
4,7,11,0,20
4,8,11,0,20
4,9,11,0,20
4,10,11,0,20
4,11,11,0,20
4,12,11,0,20
4,13,11,0,20
4,14,11,0,20
4,15,11,0,20
4,16,11,0,20
4,17,11,0,20
4,18,11,0,20
4,19,11,0,20
4,20,11,0,20
4,21,11,0,20
4,22,11,0,20
4,23,11,0,20
4,24,11,0,20
4,25,11,0,20
4,26,11,0,20
4,27,11,0,20
4,28,11,0,20
4,29,11,0,20
4,30,11,0,20
4,31,11,0,20
4,32,11,0,20
4,33,11,0,20
4,34,11,0,20
4,35,11,0,20
4,36,11,0,20
4,37,11,0,20
4,38,11,0,20
4,39,11,0,20
4,40,11,0,20
4,41,11,0,20
4,42,11,0,20
4,43,11,0,20
4,44,11,0,20
4,45,11,0,20
4,46,11,0,20
4,47,11,0,20
4,48,11,0,20
4,49,11,0,20
4,50,11,0,20
4,51,11,0,20
5,0,11,0,20
5,1,11,0,20
5,2,11,0,20
5,3,11,0,20
5,4,11,0,20
5,5,11,0,20
5,6,11,0,20
5,7,11,0,20
5,8,11,0,20
5,9,11,0,20
5,10,11,0,20
5,11,11,0,20
5,12,11,0,20
5,13,11,0,20
5,14,11,0,20
5,15,11,0,20
5,16,11,0,20
5,17,11,0,20
5,18,11,0,20
5,19,11,0,20
5,20,11,0,20
5,21,11,0,20
5,22,11,0,20
5,23,11,0,20
5,24,11,0,20
5,25,11,0,20
5,26,11,0,20
5,27,11,0,20
5,28,11,0,20
5,29,11,0,20
5,30,11,0,20
5,31,11,0,20
5,32,11,0,20
5,33,11,0,20
5,34,11,0,20
5,35,11,0,20
5,36,11,0,20
5,37,11,0,20
5,38,11,0,20
5,39,11,0,20
5,40,11,0,20
5,41,11,0,20
5,42,11,0,20
5,43,11,0,20
5,44,11,0,20
5,45,11,0,20
5,46,11,0,20
5,47,11,0,20
5,48,11,0,20
5,49,11,0,20
5,50,11,0,20
5,51,11,0,20
6,0,11,0,20
6,1,11,0,20
6,2,11,0,20
6,3,11,0,20
6,4,11,0,20
6,5,11,0,20
6,6,11,0,20
6,7,11,0,20
6,8,11,0,20
6,9,11,0,20
6,10,11,0,20
6,11,11,0,20
6,12,11,0,20
6,13,11,0,20
6,14,11,0,20
6,15,11,0,20
6,16,11,0,20
6,17,11,0,20
6,18,11,0,20
6,19,11,0,20
6,20,11,0,20
6,21,11,0,20
6,22,11,0,20
6,23,11,0,20
6,24,11,0,20
6,25,11,0,20
6,26,11,0,20
6,27,11,0,20
6,28,11,0,20
6,29,11,0,20
6,30,11,0,20
6,31,11,0,20
6,32,11,0,20
6,33,11,0,20
6,34,11,0,20
6,35,11,0,20
6,36,11,0,20
6,37,11,0,20
6,38,11,0,20
6,39,11,0,20
6,40,11,0,20
6,41,11,0,20
6,42,11,0,20
6,43,11,0,20
6,44,11,0,20
6,45,11,0,20
6,46,11,0,20
6,47,11,0,20
6,48,11,0,20
6,49,11,0,20
6,50,11,0,20
6,51,11,0,20
7,0,11,0,20
7,1,11,0,20
7,2,11,0,20
7,3,11,0,20
7,4,11,0,20
7,5,11,0,20
7,6,11,0,20
7,7,11,0,20
7,8,11,0,20
7,9,11,0,20
7,10,11,0,20
7,11,11,0,20
7,12,11,0,20
7,13,11,0,20
7,14,11,0,20
7,15,11,0,20
7,16,11,0,20
7,17,11,0,20
7,18,11,0,20
7,19,11,0,20
7,20,11,0,20
7,21,11,0,20
7,22,11,0,20
7,23,11,0,20
7,24,11,0,20
7,25,11,0,20
7,26,11,0,20
7,27,11,0,20
7,28,11,0,20
7,29,11,0,20
7,30,11,0,20
7,31,11,0,20
7,32,11,0,20
7,33,11,0,20
7,34,11,0,20
7,35,11,0,20
7,36,11,0,20
7,37,11,0,20
7,38,11,0,20
7,39,11,0,20
7,40,11,0,20
7,41,11,0,20
7,42,11,0,20
7,43,11,0,20
7,44,11,0,20
7,45,11,0,20
7,46,11,0,20
7,47,11,0,20
7,48,11,0,20
7,49,11,0,20
7,50,11,0,20
7,51,11,0,20
8,0,11,0,20
8,1,11,0,20
8,2,11,0,20
8,3,11,0,20
8,4,11,0,20
8,5,11,0,20
8,6,11,0,20
8,7,11,0,20
8,8,11,0,20
8,9,11,0,20
8,10,11,0,20
8,11,11,0,20
8,12,11,0,20
8,13,11,0,20
8,14,11,0,20
8,15,11,0,20
8,16,11,0,20
8,17,11,0,20
8,18,11,0,20
8,19,11,0,20
8,20,11,0,20
8,21,11,0,20
8,22,11,0,20
8,23,11,0,20
8,24,11,0,20
8,25,11,0,20
8,26,11,0,20
8,27,11,0,20
8,28,11,0,20
8,29,11,0,20
8,30,11,0,20
8,31,11,0,20
8,32,11,0,20
8,33,11,0,20
8,34,11,0,20
8,35,11,0,20
8,36,11,0,20
8,37,11,0,20
8,38,11,0,20
8,39,11,0,20
8,40,11,0,20
8,41,11,0,20
8,42,11,0,20
8,43,11,0,20
8,44,11,0,20
8,45,11,0,20
8,46,11,0,20
8,47,11,0,20
8,48,11,0,20
8,49,11,0,20
8,50,11,0,20
8,51,11,0,20
9,0,11,0,20
9,1,11,0,20
9,2,11,0,20
9,3,11,0,20
9,4,11,0,20
9,5,11,0,20
9,6,11,0,20
9,7,11,0,20
9,8,11,0,20
9,9,11,0,20
9,10,11,0,20
9,11,11,0,20
9,12,11,0,20
9,13,11,0,20
9,14,11,0,20
9,15,11,0,20
9,16,11,0,20
9,17,11,0,20
9,18,11,0,20
9,19,11,0,20
9,20,11,0,20
9,21,11,0,20
9,22,11,0,20
9,23,11,0,20
9,24,11,0,20
9,25,11,0,20
9,26,11,0,20
9,27,11,0,20
9,28,11,0,20
9,29,11,0,20
9,30,11,0,20
9,31,11,0,20
9,32,11,0,20
9,33,11,0,20
9,34,11,0,20
9,35,11,0,20
9,36,11,0,20
9,37,11,0,20
9,38,11,0,20
9,39,11,0,20
9,40,11,0,20
9,41,11,0,20
9,42,11,0,20
9,43,11,0,20
9,44,11,0,20
9,45,11,0,20
9,46,11,0,20
9,47,11,0,20
9,48,11,0,20
9,49,11,0,20
9,50,11,0,20
9,51,11,0,20
10,0,11,0,20
10,1,11,0,20
10,2,11,0,20
10,3,11,0,20
10,4,11,0,20
10,5,11,0,20
10,6,11,0,20
10,7,11,0,20
10,8,11,0,20
10,9,11,0,20
10,10,11,0,20
10,11,11,0,20
10,12,11,0,20
10,13,11,0,20
10,14,11,0,20
10,15,11,0,20
10,16,11,0,20
10,17,11,0,20
10,18,11,0,20
10,19,11,0,20
10,20,11,0,20
10,21,11,0,20
10,22,11,0,20
10,23,11,0,20
10,24,11,0,20
10,25,11,0,20
10,26,11,0,20
10,27,11,0,20
10,28,11,0,20
10,29,11,0,20
10,30,11,0,20
10,31,11,0,20
10,32,11,0,20
10,33,11,0,20
10,34,11,0,20
10,35,11,0,20
10,36,11,0,20
10,37,11,0,20
10,38,11,0,20
10,39,11,0,20
10,40,11,0,20
10,41,11,0,20
10,42,11,0,20
10,43,11,0,20
10,44,11,0,20
10,45,11,0,20
10,46,11,0,20
10,47,11,0,20
10,48,11,0,20
10,49,11,0,20
10,50,11,0,20
10,51,11,0,20
11,0,11,0,20
11,1,11,0,20
11,2,11,0,20
11,3,11,0,20
11,4,11,0,20
11,5,11,0,20
11,6,11,0,20
11,7,11,0,20
11,8,11,0,20
11,9,11,0,20
11,10,11,0,20
11,11,11,0,20
11,12,11,0,20
11,13,11,0,20
11,14,11,0,20
11,15,11,0,20
11,16,11,0,20
11,17,11,0,20
11,18,11,0,20
11,19,11,0,20
11,20,11,0,20
11,21,11,0,20
11,22,11,0,20
11,23,11,0,20
11,24,11,0,20
11,25,11,0,20
11,26,11,0,20
11,27,11,0,20
11,28,11,0,20
11,29,11,0,20
11,30,11,0,20
11,31,11,0,20
11,32,11,0,20
11,33,11,0,20
11,34,11,0,20
11,35,11,0,20
11,36,11,0,20
11,37,11,0,20
11,38,11,0,20
11,39,11,0,20
11,40,11,0,20
11,41,11,0,20
11,42,11,0,20
11,43,11,0,20
11,44,11,0,20
11,45,11,0,20
11,46,11,0,20
11,47,11,0,20
11,48,11,0,20
11,49,11,0,20
11,50,11,0,20
11,51,11,0,20
12,0,11,0,20
12,1,11,0,20
12,2,11,0,20
12,3,11,0,20
12,4,11,0,20
12,5,11,0,20
12,6,11,0,20
12,7,11,0,20
12,8,11,0,20
12,9,11,0,20
12,10,11,0,20
12,11,11,0,20
12,12,11,0,20
12,13,11,0,20
12,14,11,0,20
12,15,11,0,20
12,16,11,0,20
12,17,11,0,20
12,18,11,0,20
12,19,11,0,20
12,20,11,0,20
12,21,11,0,20
12,22,11,0,20
12,23,11,0,20
12,24,11,0,20
12,25,11,0,20
12,26,11,0,20
12,27,11,0,20
12,28,11,0,20
12,29,11,0,20
12,30,11,0,20
12,31,11,0,20
12,32,11,0,20
12,33,11,0,20
12,34,11,0,20
12,35,11,0,20
12,36,11,0,20
12,37,11,0,20
12,38,11,0,20
12,39,11,0,20
12,40,11,0,20
12,41,11,0,20
12,42,11,0,20
12,43,11,0,20
12,44,11,0,20
12,45,11,0,20
12,46,11,0,20
12,47,11,0,20
12,48,11,0,20
12,49,11,0,20
12,50,11,0,20
12,51,11,0,20
13,0,11,0,20
13,1,11,0,20
13,2,11,0,20
13,3,11,0,20
13,4,11,0,20
13,5,11,0,20
13,6,11,0,20
13,7,11,0,20
13,8,11,0,20
13,9,11,0,20
13,10,11,0,20
13,11,11,0,20
13,12,11,0,20
13,13,11,0,20
13,14,11,0,20
13,15,11,0,20
13,16,11,0,20
13,17,11,0,20
13,18,11,0,20
13,19,11,0,20
13,20,11,0,20
13,21,11,0,20
13,22,11,0,20
13,23,11,0,20
13,24,11,0,20
13,25,11,0,20
13,26,11,0,20
13,27,11,0,20
13,28,11,0,20
13,29,11,0,20
13,30,11,0,20
13,31,11,0,20
13,32,11,0,20
13,33,11,0,20
13,34,11,0,20
13,35,11,0,20
13,36,11,0,20
13,37,11,0,20
13,38,11,0,20
13,39,11,0,20
13,40,11,0,20
13,41,11,0,20
13,42,11,0,20
13,43,11,0,20
13,44,11,0,20
13,45,11,0,20
13,46,11,0,20
13,47,11,0,20
13,48,11,0,20
13,49,11,0,20
13,50,11,0,20
13,51,11,0,20
14,0,11,0,20
14,1,11,0,20
14,2,11,0,20
14,3,11,0,20
14,4,11,0,20
14,5,11,0,20
14,6,11,0,20
14,7,11,0,20
14,8,11,0,20
14,9,11,0,20
14,10,11,0,20
14,11,11,0,20
14,12,11,0,20
14,13,11,0,20
14,14,11,0,20
14,15,11,0,20
14,16,11,0,20
14,17,11,0,20
14,18,11,0,20
14,19,11,0,20
14,20,11,0,20
14,21,11,0,20
14,22,11,0,20
14,23,11,0,20
14,24,11,0,20
14,25,11,0,20
14,26,11,0,20
14,27,11,0,20
14,28,11,0,20
14,29,11,0,20
14,30,11,0,20
14,31,11,0,20
14,32,11,0,20
14,33,11,0,20
14,34,11,0,20
14,35,11,0,20
14,36,11,0,20
14,37,11,0,20
14,38,11,0,20
14,39,11,0,20
14,40,11,0,20
14,41,11,0,20
14,42,11,0,20
14,43,11,0,20
14,44,11,0,20
14,45,11,0,20
14,46,11,0,20
14,47,11,0,20
14,48,11,0,20
14,49,11,0,20
14,50,11,0,20
14,51,11,0,20
15,0,11,0,20
15,1,11,0,20
15,2,11,0,20
15,3,11,0,20
15,4,11,0,20
15,5,11,0,20
15,6,11,0,20
15,7,11,0,20
15,8,11,0,20
15,9,11,0,20
15,10,11,0,20
15,11,11,0,20
15,12,11,0,20
15,13,11,0,20
15,14,11,0,20
15,15,11,0,20
15,16,11,0,20
15,17,11,0,20
15,18,11,0,20
15,19,11,0,20
15,20,11,0,20
15,21,11,0,20
15,22,11,0,20
15,23,11,0,20
15,24,11,0,20
15,25,11,0,20
15,26,11,0,20
15,27,11,0,20
15,28,11,0,20
15,29,11,0,20
15,30,11,0,20
15,31,11,0,20
15,32,11,0,20
15,33,11,0,20
15,34,11,0,20
15,35,11,0,20
15,36,11,0,20
15,37,11,0,20
15,38,11,0,20
15,39,11,0,20
15,40,11,0,20
15,41,11,0,20
15,42,11,0,20
15,43,11,0,20
15,44,11,0,20
15,45,11,0,20
15,46,11,0,20
15,47,11,0,20
15,48,11,0,20
15,49,11,0,20
15,50,11,0,20
15,51,11,0,20
16,0,11,0,20
16,1,11,0,20
16,2,11,0,20
16,3,11,0,20
16,4,11,0,20
16,5,11,0,20
16,6,11,0,20
16,7,11,0,20
16,8,11,0,20
16,9,11,0,20
16,10,11,0,20
16,11,11,0,20
16,12,11,0,20
16,13,11,0,20
16,14,11,0,20
16,15,11,0,20
16,16,11,0,20
16,17,11,0,20
16,18,11,0,20
16,19,11,0,20
16,20,11,0,20
16,21,11,0,20
16,22,11,0,20
16,23,11,0,20
16,24,11,0,20
16,25,11,0,20
16,26,11,0,20
16,27,11,0,20
16,28,11,0,20
16,29,11,0,20
16,30,11,0,20
16,31,11,0,20
16,32,11,0,20
16,33,11,0,20
16,34,11,0,20
16,35,11,0,20
16,36,11,0,20
16,37,11,0,20
16,38,11,0,20
16,39,11,0,20
16,40,11,0,20
16,41,11,0,20
16,42,11,0,20
16,43,11,0,20
16,44,11,0,20
16,45,11,0,20
16,46,11,0,20
16,47,11,0,20
16,48,11,0,20
16,49,11,0,20
16,50,11,0,20
16,51,11,0,20
17,0,11,0,20
17,1,11,0,20
17,2,11,0,20
17,3,11,0,20
17,4,11,0,20
17,5,11,0,20
17,6,11,0,20
17,7,11,0,20
17,8,11,0,20
17,9,11,0,20
17,10,11,0,20
17,11,11,0,20
17,12,11,0,20
17,13,11,0,20
17,14,11,0,20
17,15,11,0,20
17,16,11,0,20
17,17,11,0,20
17,18,11,0,20
17,19,11,0,20
17,20,11,0,20
17,21,11,0,20
17,22,11,0,20
17,23,11,0,20
17,24,11,0,20
17,25,11,0,20
17,26,11,0,20
17,27,11,0,20
17,28,11,0,20
17,29,11,0,20
17,30,11,0,20
17,31,11,0,20
17,32,11,0,20
17,33,11,0,20
17,34,11,0,20
17,35,11,0,20
17,36,11,0,20
17,37,11,0,20
17,38,11,0,20
17,39,11,0,20
17,40,11,0,20
17,41,11,0,20
17,42,11,0,20
17,43,11,0,20
17,44,11,0,20
17,45,11,0,20
17,46,11,0,20
17,47,11,0,20
17,48,11,0,20
17,49,11,0,20
17,50,11,0,20
17,51,11,0,20
18,0,11,0,20
18,1,11,0,20
18,2,11,0,20
18,3,11,0,20
18,4,11,0,20
18,5,11,0,20
18,6,11,0,20
18,7,11,0,20
18,8,11,0,20
18,9,11,0,20
18,10,11,0,20
18,11,11,0,20
18,12,11,0,20
18,13,11,0,20
18,14,11,0,20
18,15,11,0,20
18,16,11,0,20
18,17,11,0,20
18,18,11,0,20
18,19,11,0,20
18,20,11,0,20
18,21,11,0,20
18,22,11,0,20
18,23,11,0,20
18,24,11,0,20
18,25,11,0,20
18,26,11,0,20
18,27,11,0,20
18,28,11,0,20
18,29,11,0,20
18,30,11,0,20
18,31,11,0,20
18,32,11,0,20
18,33,11,0,20
18,34,11,0,20
18,35,11,0,20
18,36,11,0,20
18,37,11,0,20
18,38,11,0,20
18,39,11,0,20
18,40,11,0,20
18,41,11,0,20
18,42,11,0,20
18,43,11,0,20
18,44,11,0,20
18,45,11,0,20
18,46,11,0,20
18,47,11,0,20
18,48,11,0,20
18,49,11,0,20
18,50,11,0,20
18,51,11,0,20
19,0,11,0,20
19,1,11,0,20
19,2,11,0,20
19,3,11,0,20
19,4,11,0,20
19,5,11,0,20
19,6,11,0,20
19,7,11,0,20
19,8,11,0,20
19,9,11,0,20
19,10,11,0,20
19,11,11,0,20
19,12,11,0,20
19,13,11,0,20
19,14,11,0,20
19,15,11,0,20
19,16,11,0,20
19,17,11,0,20
19,18,11,0,20
19,19,11,0,20
19,20,11,0,20
19,21,11,0,20
19,22,11,0,20
19,23,11,0,20
19,24,11,0,20
19,25,11,0,20
19,26,11,0,20
19,27,11,0,20
19,28,11,0,20
19,29,11,0,20
19,30,11,0,20
19,31,11,0,20
19,32,11,0,20
19,33,11,0,20
19,34,11,0,20
19,35,11,0,20
19,36,11,0,20
19,37,11,0,20
19,38,11,0,20
19,39,11,0,20
19,40,11,0,20
19,41,11,0,20
19,42,11,0,20
19,43,11,0,20
19,44,11,0,20
19,45,11,0,20
19,46,11,0,20
19,47,11,0,20
19,48,11,0,20
19,49,11,0,20
19,50,11,0,20
19,51,11,0,20
20,0,11,0,20
20,1,11,0,20
20,2,11,0,20
20,3,11,0,20
20,4,11,0,20
20,5,11,0,20
20,6,11,0,20
20,7,11,0,20
20,8,11,0,20
20,9,11,0,20
20,10,11,0,20
20,11,11,0,20
20,12,11,0,20
20,13,11,0,20
20,14,11,0,20
20,15,11,0,20
20,16,11,0,20
20,17,11,0,20
20,18,11,0,20
20,19,11,0,20
20,20,11,0,20
20,21,11,0,20
20,22,11,0,20
20,23,11,0,20
20,24,11,0,20
20,25,11,0,20
20,26,11,0,20
20,27,11,0,20
20,28,11,0,20
20,29,11,0,20
20,30,11,0,20
20,31,11,0,20
20,32,11,0,20
20,33,11,0,20
20,34,11,0,20
20,35,11,0,20
20,36,11,0,20
20,37,11,0,20
20,38,11,0,20
20,39,11,0,20
20,40,11,0,20
20,41,11,0,20
20,42,11,0,20
20,43,11,0,20
20,44,11,0,20
20,45,11,0,20
20,46,11,0,20
20,47,11,0,20
20,48,11,0,20
20,49,11,0,20
20,50,11,0,20
20,51,11,0,20
21,0,11,0,20
21,1,11,0,20
21,2,11,0,20
21,3,11,0,20
21,4,11,0,20
21,5,11,0,20
21,6,11,0,20
21,7,11,0,20
21,8,11,0,20
21,9,11,0,20
21,10,11,0,20
21,11,11,0,20
21,12,11,0,20
21,13,11,0,20
21,14,11,0,20
21,15,11,0,20
21,16,11,0,20
21,17,11,0,20
21,18,11,0,20
21,19,11,0,20
21,20,11,0,20
21,21,11,0,20
21,22,11,0,20
21,23,11,0,20
21,24,11,0,20
21,25,11,0,20
21,26,11,0,20
21,27,11,0,20
21,28,11,0,20
21,29,11,0,20
21,30,11,0,20
21,31,11,0,20
21,32,11,0,20
21,33,11,0,20
21,34,11,0,20
21,35,11,0,20
21,36,11,0,20
21,37,11,0,20
21,38,11,0,20
21,39,11,0,20
21,40,11,0,20
21,41,11,0,20
21,42,11,0,20
21,43,11,0,20
21,44,11,0,20
21,45,11,0,20
21,46,11,0,20
21,47,11,0,20
21,48,11,0,20
21,49,11,0,20
21,50,11,0,20
21,51,11,0,20
22,0,11,0,20
22,1,11,0,20
22,2,11,0,20
22,3,11,0,20
22,4,11,0,20
22,5,11,0,20
22,6,11,0,20
22,7,11,0,20
22,8,11,0,20
22,9,11,0,20
22,10,11,0,20
22,11,11,0,20
22,12,11,0,20
22,13,11,0,20
22,14,11,0,20
22,15,11,0,20
22,16,11,0,20
22,17,11,0,20
22,18,11,0,20
22,19,11,0,20
22,20,11,0,20
22,21,11,0,20
22,22,11,0,20
22,23,11,0,20
22,24,11,0,20
22,25,11,0,20
22,26,11,0,20
22,27,11,0,20
22,28,11,0,20
22,29,11,0,20
22,30,11,0,20
22,31,11,0,20
22,32,11,0,20
22,33,11,0,20
22,34,11,0,20
22,35,11,0,20
22,36,11,0,20
22,37,11,0,20
22,38,11,0,20
22,39,11,0,20
22,40,11,0,20
22,41,11,0,20
22,42,11,0,20
22,43,11,0,20
22,44,11,0,20
22,45,11,0,20
22,46,11,0,20
22,47,11,0,20
22,48,11,0,20
22,49,11,0,20
22,50,11,0,20
22,51,11,0,20
23,0,11,0,20
23,1,11,0,20
23,2,11,0,20
23,3,11,0,20
23,4,11,0,20
23,5,11,0,20
23,6,11,0,20
23,7,11,0,20
23,8,11,0,20
23,9,11,0,20
23,10,11,0,20
23,11,11,0,20
23,12,11,0,20
23,13,11,0,20
23,14,11,0,20
23,15,11,0,20
23,16,11,0,20
23,17,11,0,20
23,18,11,0,20
23,19,11,0,20
23,20,11,0,20
23,21,11,0,20
23,22,11,0,20
23,23,11,0,20
23,24,11,0,20
23,25,11,0,20
23,26,11,0,20
23,27,11,0,20
23,28,11,0,20
23,29,11,0,20
23,30,11,0,20
23,31,11,0,20
23,32,11,0,20
23,33,11,0,20
23,34,11,0,20
23,35,11,0,20
23,36,11,0,20
23,37,11,0,20
23,38,11,0,20
23,39,11,0,20
23,40,11,0,20
23,41,11,0,20
23,42,11,0,20
23,43,11,0,20
23,44,11,0,20
23,45,11,0,20
23,46,11,0,20
23,47,11,0,20
23,48,11,0,20
23,49,11,0,20
23,50,11,0,20
23,51,11,0,20
24,0,11,0,20
24,1,11,0,20
24,2,11,0,20
24,3,11,0,20
24,4,11,0,20
24,5,11,0,20
24,6,11,0,20
24,7,11,0,20
24,8,11,0,20
24,9,11,0,20
24,10,11,0,20
24,11,11,0,20
24,12,11,0,20
24,13,11,0,20
24,14,11,0,20
24,15,11,0,20
24,16,11,0,20
24,17,11,0,20
24,18,11,0,20
24,19,11,0,20
24,20,11,0,20
24,21,11,0,20
24,22,11,0,20
24,23,11,0,20
24,24,11,0,20
24,25,11,0,20
24,26,11,0,20
24,27,11,0,20
24,28,11,0,20
24,29,11,0,20
24,30,11,0,20
24,31,11,0,20
24,32,11,0,20
24,33,11,0,20
24,34,11,0,20
24,35,11,0,20
24,36,11,0,20
24,37,11,0,20
24,38,11,0,20
24,39,11,0,20
24,40,11,0,20
24,41,11,0,20
24,42,11,0,20
24,43,11,0,20
24,44,11,0,20
24,45,11,0,20
24,46,11,0,20
24,47,11,0,20
24,48,11,0,20
24,49,11,0,20
24,50,11,0,20
24,51,11,0,20
25,0,11,0,20
25,1,11,0,20
25,2,11,0,20
25,3,11,0,20
25,4,11,0,20
25,5,11,0,20
25,6,11,0,20
25,7,11,0,20
25,8,11,0,20
25,9,11,0,20
25,10,11,0,20
25,11,11,0,20
25,12,11,0,20
25,13,11,0,20
25,14,11,0,20
25,15,11,0,20
25,16,11,0,20
25,17,11,0,20
25,18,11,0,20
25,19,11,0,20
25,20,11,0,20
25,21,11,0,20
25,22,11,0,20
25,23,11,0,20
25,24,11,0,20
25,25,11,0,20
25,26,11,0,20
25,27,11,0,20
25,28,11,0,20
25,29,11,0,20
25,30,11,0,20
25,31,11,0,20
25,32,11,0,20
25,33,11,0,20
25,34,11,0,20
25,35,11,0,20
25,36,11,0,20
25,37,11,0,20
25,38,11,0,20
25,39,11,0,20
25,40,11,0,20
25,41,11,0,20
25,42,11,0,20
25,43,11,0,20
25,44,11,0,20
25,45,11,0,20
25,46,11,0,20
25,47,11,0,20
25,48,11,0,20
25,49,11,0,20
25,50,11,0,20
25,51,11,0,20
26,0,11,0,20
26,1,11,0,20
26,2,11,0,20
26,3,11,0,20
26,4,11,0,20
26,5,11,0,20
26,6,11,0,20
26,7,11,0,20
26,8,11,0,20
26,9,11,0,20
26,10,11,0,20
26,11,11,0,20
26,12,11,0,20
26,13,11,0,20
26,14,11,0,20
26,15,11,0,20
26,16,11,0,20
26,17,11,0,20
26,18,11,0,20
26,19,11,0,20
26,20,11,0,20
26,21,11,0,20
26,22,11,0,20
26,23,11,0,20
26,24,11,0,20
26,25,11,0,20
26,26,11,0,20
26,27,11,0,20
26,28,11,0,20
26,29,11,0,20
26,30,11,0,20
26,31,11,0,20
26,32,11,0,20
26,33,11,0,20
26,34,11,0,20
26,35,11,0,20
26,36,11,0,20
26,37,11,0,20
26,38,11,0,20
26,39,11,0,20
26,40,11,0,20
26,41,11,0,20
26,42,11,0,20
26,43,11,0,20
26,44,11,0,20
26,45,11,0,20
26,46,11,0,20
26,47,11,0,20
26,48,11,0,20
26,49,11,0,20
26,50,11,0,20
26,51,11,0,20
27,0,11,0,20
27,1,11,0,20
27,2,11,0,20
27,3,11,0,20
27,4,11,0,20
27,5,11,0,20
27,6,11,0,20
27,7,11,0,20
27,8,11,0,20
27,9,11,0,20
27,10,11,0,20
27,11,11,0,20
27,12,11,0,20
27,13,11,0,20
27,14,11,0,20
27,15,11,0,20
27,16,11,0,20
27,17,11,0,20
27,18,11,0,20
27,19,11,0,20
27,20,11,0,20
27,21,11,0,20
27,22,11,0,20
27,23,11,0,20
27,24,11,0,20
27,25,11,0,20
27,26,11,0,20
27,27,11,0,20
27,28,11,0,20
27,29,11,0,20
27,30,11,0,20
27,31,11,0,20
27,32,11,0,20
27,33,11,0,20
27,34,11,0,20
27,35,11,0,20
27,36,11,0,20
27,37,11,0,20
27,38,11,0,20
27,39,11,0,20
27,40,11,0,20
27,41,11,0,20
27,42,11,0,20
27,43,11,0,20
27,44,11,0,20
27,45,11,0,20
27,46,11,0,20
27,47,11,0,20
27,48,11,0,20
27,49,11,0,20
27,50,11,0,20
27,51,11,0,20
28,0,11,0,20
28,1,11,0,20
28,2,11,0,20
28,3,11,0,20
28,4,11,0,20
28,5,11,0,20
28,6,11,0,20
28,7,11,0,20
28,8,11,0,20
28,9,11,0,20
28,10,11,0,20
28,11,11,0,20
28,12,11,0,20
28,13,11,0,20
28,14,11,0,20
28,15,11,0,20
28,16,11,0,20
28,17,11,0,20
28,18,11,0,20
28,19,11,0,20
28,20,11,0,20
28,21,11,0,20
28,22,11,0,20
28,23,11,0,20
28,24,11,0,20
28,25,11,0,20
28,26,11,0,20
28,27,11,0,20
28,28,11,0,20
28,29,11,0,20
28,30,11,0,20
28,31,11,0,20
28,32,11,0,20
28,33,11,0,20
28,34,11,0,20
28,35,11,0,20
28,36,11,0,20
28,37,11,0,20
28,38,11,0,20
28,39,11,0,20
28,40,11,0,20
28,41,11,0,20
28,42,11,0,20
28,43,11,0,20
28,44,11,0,20
28,45,11,0,20
28,46,11,0,20
28,47,11,0,20
28,48,11,0,20
28,49,11,0,20
28,50,11,0,20
28,51,11,0,20
29,0,11,0,20
29,1,11,0,20
29,2,11,0,20
29,3,11,0,20
29,4,11,0,20
29,5,11,0,20
29,6,11,0,20
29,7,11,0,20
29,8,11,0,20
29,9,11,0,20
29,10,11,0,20
29,11,11,0,20
29,12,11,0,20
29,13,11,0,20
29,14,11,0,20
29,15,11,0,20
29,16,11,0,20
29,17,11,0,20
29,18,11,0,20
29,19,11,0,20
29,20,11,0,20
29,21,11,0,20
29,22,11,0,20
29,23,11,0,20
29,24,11,0,20
29,25,11,0,20
29,26,11,0,20
29,27,11,0,20
29,28,11,0,20
29,29,11,0,20
29,30,11,0,20
29,31,11,0,20
29,32,11,0,20
29,33,11,0,20
29,34,11,0,20
29,35,11,0,20
29,36,11,0,20
29,37,11,0,20
29,38,11,0,20
29,39,11,0,20
29,40,11,0,20
29,41,11,0,20
29,42,11,0,20
29,43,11,0,20
29,44,11,0,20
29,45,11,0,20
29,46,11,0,20
29,47,11,0,20
29,48,11,0,20
29,49,11,0,20
29,50,11,0,20
29,51,11,0,20
30,0,11,0,20
30,1,11,0,20
30,2,11,0,20
30,3,11,0,20
30,4,11,0,20
30,5,11,0,20
30,6,11,0,20
30,7,11,0,20
30,8,11,0,20
30,9,11,0,20
30,10,11,0,20
30,11,11,0,20
30,12,11,0,20
30,13,11,0,20
30,14,11,0,20
30,15,11,0,20
30,16,11,0,20
30,17,11,0,20
30,18,11,0,20
30,19,11,0,20
30,20,11,0,20
30,21,11,0,20
30,22,11,0,20
30,23,11,0,20
30,24,11,0,20
30,25,11,0,20
30,26,11,0,20
30,27,11,0,20
30,28,11,0,20
30,29,11,0,20
30,30,11,0,20
30,31,11,0,20
30,32,11,0,20
30,33,11,0,20
30,34,11,0,20
30,35,11,0,20
30,36,11,0,20
30,37,11,0,20
30,38,11,0,20
30,39,11,0,20
30,40,11,0,20
30,41,11,0,20
30,42,11,0,20
30,43,11,0,20
30,44,11,0,20
30,45,11,0,20
30,46,11,0,20
30,47,11,0,20
30,48,11,0,20
30,49,11,0,20
30,50,11,0,20
30,51,11,0,20
1,0,10,0,40
1,1,10,0,40
1,2,10,0,40
1,3,10,0,40
1,4,10,0,40
1,5,10,0,40
1,6,10,0,40
1,7,10,0,40
1,8,10,0,40
1,9,10,0,40
1,10,10,0,40
1,11,10,0,40
1,12,10,0,40
1,13,10,0,40
1,14,10,0,40
1,15,10,0,40
1,16,10,0,40
1,17,10,0,40
1,18,10,0,40
1,19,10,0,40
1,20,10,0,40
1,21,10,0,40
1,22,10,0,40
1,23,10,0,40
1,24,10,0,40
1,25,10,0,40
1,26,10,0,40
1,27,10,0,40
1,28,10,0,40
1,29,10,0,40
1,30,10,0,40
1,31,10,0,40
1,32,10,0,40
1,33,10,0,40
1,34,10,0,40
1,35,10,0,40
1,36,10,0,40
1,37,10,0,40
1,38,10,0,40
1,39,10,0,40
1,40,10,0,40
1,41,10,0,40
1,42,10,0,40
1,43,10,0,40
1,44,10,0,40
1,45,10,0,40
1,46,10,0,40
1,47,10,0,40
1,48,10,0,40
1,49,10,0,40
1,50,10,0,40
1,51,10,0,40
2,0,10,0,40
2,1,10,0,40
2,2,10,0,40
2,3,10,0,40
2,4,10,0,40
2,5,10,0,40
2,6,10,0,40
2,7,10,0,40
2,8,10,0,40
2,9,10,0,40
2,10,10,0,40
2,11,10,0,40
2,12,10,0,40
2,13,10,0,40
2,14,10,0,40
2,15,10,0,40
2,16,10,0,40
2,17,10,0,40
2,18,10,0,40
2,19,10,0,40
2,20,10,0,40
2,21,10,0,40
2,22,10,0,40
2,23,10,0,40
2,24,10,0,40
2,25,10,0,40
2,26,10,0,40
2,27,10,0,40
2,28,10,0,40
2,29,10,0,40
2,30,10,0,40
2,31,10,0,40
2,32,10,0,40
2,33,10,0,40
2,34,10,0,40
2,35,10,0,40
2,36,10,0,40
2,37,10,0,40
2,38,10,0,40
2,39,10,0,40
2,40,10,0,40
2,41,10,0,40
2,42,10,0,40
2,43,10,0,40
2,44,10,0,40
2,45,10,0,40
2,46,10,0,40
2,47,10,0,40
2,48,10,0,40
2,49,10,0,40
2,50,10,0,40
2,51,10,0,40
3,0,10,0,40
3,1,10,0,40
3,2,10,0,40
3,3,10,0,40
3,4,10,0,40
3,5,10,0,40
3,6,10,0,40
3,7,10,0,40
3,8,10,0,40
3,9,10,0,40
3,10,10,0,40
3,11,10,0,40
3,12,10,0,40
3,13,10,0,40
3,14,10,0,40
3,15,10,0,40
3,16,10,0,40
3,17,10,0,40
3,18,10,0,40
3,19,10,0,40
3,20,10,0,40
3,21,10,0,40
3,22,10,0,40
3,23,10,0,40
3,24,10,0,40
3,25,10,0,40
3,26,10,0,40
3,27,10,0,40
3,28,10,0,40
3,29,10,0,40
3,30,10,0,40
3,31,10,0,40
3,32,10,0,40
3,33,10,0,40
3,34,10,0,40
3,35,10,0,40
3,36,10,0,40
3,37,10,0,40
3,38,10,0,40
3,39,10,0,40
3,40,10,0,40
3,41,10,0,40
3,42,10,0,40
3,43,10,0,40
3,44,10,0,40
3,45,10,0,40
3,46,10,0,40
3,47,10,0,40
3,48,10,0,40
3,49,10,0,40
3,50,10,0,40
3,51,10,0,40
4,0,10,0,40
4,1,10,0,40
4,2,10,0,40
4,3,10,0,40
4,4,10,0,40
4,5,10,0,40
4,6,10,0,40
4,7,10,0,40
4,8,10,0,40
4,9,10,0,40
4,10,10,0,40
4,11,10,0,40
4,12,10,0,40
4,13,10,0,40
4,14,10,0,40
4,15,10,0,40
4,16,10,0,40
4,17,10,0,40
4,18,10,0,40
4,19,10,0,40
4,20,10,0,40
4,21,10,0,40
4,22,10,0,40
4,23,10,0,40
4,24,10,0,40
4,25,10,0,40
4,26,10,0,40
4,27,10,0,40
4,28,10,0,40
4,29,10,0,40
4,30,10,0,40
4,31,10,0,40
4,32,10,0,40
4,33,10,0,40
4,34,10,0,40
4,35,10,0,40
4,36,10,0,40
4,37,10,0,40
4,38,10,0,40
4,39,10,0,40
4,40,10,0,40
4,41,10,0,40
4,42,10,0,40
4,43,10,0,40
4,44,10,0,40
4,45,10,0,40
4,46,10,0,40
4,47,10,0,40
4,48,10,0,40
4,49,10,0,40
4,50,10,0,40
4,51,10,0,40
5,0,10,0,40
5,1,10,0,40
5,2,10,0,40
5,3,10,0,40
5,4,10,0,40
5,5,10,0,40
5,6,10,0,40
5,7,10,0,40
5,8,10,0,40
5,9,10,0,40
5,10,10,0,40
5,11,10,0,40
5,12,10,0,40
5,13,10,0,40
5,14,10,0,40
5,15,10,0,40
5,16,10,0,40
5,17,10,0,40
5,18,10,0,40
5,19,10,0,40
5,20,10,0,40
5,21,10,0,40
5,22,10,0,40
5,23,10,0,40
5,24,10,0,40
5,25,10,0,40
5,26,10,0,40
5,27,10,0,40
5,28,10,0,40
5,29,10,0,40
5,30,10,0,40
5,31,10,0,40
5,32,10,0,40
5,33,10,0,40
5,34,10,0,40
5,35,10,0,40
5,36,10,0,40
5,37,10,0,40
5,38,10,0,40
5,39,10,0,40
5,40,10,0,40
5,41,10,0,40
5,42,10,0,40
5,43,10,0,40
5,44,10,0,40
5,45,10,0,40
5,46,10,0,40
5,47,10,0,40
5,48,10,0,40
5,49,10,0,40
5,50,10,0,40
5,51,10,0,40
6,0,10,0,40
6,1,10,0,40
6,2,10,0,40
6,3,10,0,40
6,4,10,0,40
6,5,10,0,40
6,6,10,0,40
6,7,10,0,40
6,8,10,0,40
6,9,10,0,40
6,10,10,0,40
6,11,10,0,40
6,12,10,0,40
6,13,10,0,40
6,14,10,0,40
6,15,10,0,40
6,16,10,0,40
6,17,10,0,40
6,18,10,0,40
6,19,10,0,40
6,20,10,0,40
6,21,10,0,40
6,22,10,0,40
6,23,10,0,40
6,24,10,0,40
6,25,10,0,40
6,26,10,0,40
6,27,10,0,40
6,28,10,0,40
6,29,10,0,40
6,30,10,0,40
6,31,10,0,40
6,32,10,0,40
6,33,10,0,40
6,34,10,0,40
6,35,10,0,40
6,36,10,0,40
6,37,10,0,40
6,38,10,0,40
6,39,10,0,40
6,40,10,0,40
6,41,10,0,40
6,42,10,0,40
6,43,10,0,40
6,44,10,0,40
6,45,10,0,40
6,46,10,0,40
6,47,10,0,40
6,48,10,0,40
6,49,10,0,40
6,50,10,0,40
6,51,10,0,40
7,0,10,0,40
7,1,10,0,40
7,2,10,0,40
7,3,10,0,40
7,4,10,0,40
7,5,10,0,40
7,6,10,0,40
7,7,10,0,40
7,8,10,0,40
7,9,10,0,40
7,10,10,0,40
7,11,10,0,40
7,12,10,0,40
7,13,10,0,40
7,14,10,0,40
7,15,10,0,40
7,16,10,0,40
7,17,10,0,40
7,18,10,0,40
7,19,10,0,40
7,20,10,0,40
7,21,10,0,40
7,22,10,0,40
7,23,10,0,40
7,24,10,0,40
7,25,10,0,40
7,26,10,0,40
7,27,10,0,40
7,28,10,0,40
7,29,10,0,40
7,30,10,0,40
7,31,10,0,40
7,32,10,0,40
7,33,10,0,40
7,34,10,0,40
7,35,10,0,40
7,36,10,0,40
7,37,10,0,40
7,38,10,0,40
7,39,10,0,40
7,40,10,0,40
7,41,10,0,40
7,42,10,0,40
7,43,10,0,40
7,44,10,0,40
7,45,10,0,40
7,46,10,0,40
7,47,10,0,40
7,48,10,0,40
7,49,10,0,40
7,50,10,0,40
7,51,10,0,40
8,0,10,0,40
8,1,10,0,40
8,2,10,0,40
8,3,10,0,40
8,4,10,0,40
8,5,10,0,40
8,6,10,0,40
8,7,10,0,40
8,8,10,0,40
8,9,10,0,40
8,10,10,0,40
8,11,10,0,40
8,12,10,0,40
8,13,10,0,40
8,14,10,0,40
8,15,10,0,40
8,16,10,0,40
8,17,10,0,40
8,18,10,0,40
8,19,10,0,40
8,20,10,0,40
8,21,10,0,40
8,22,10,0,40
8,23,10,0,40
8,24,10,0,40
8,25,10,0,40
8,26,10,0,40
8,27,10,0,40
8,28,10,0,40
8,29,10,0,40
8,30,10,0,40
8,31,10,0,40
8,32,10,0,40
8,33,10,0,40
8,34,10,0,40
8,35,10,0,40
8,36,10,0,40
8,37,10,0,40
8,38,10,0,40
8,39,10,0,40
8,40,10,0,40
8,41,10,0,40
8,42,10,0,40
8,43,10,0,40
8,44,10,0,40
8,45,10,0,40
8,46,10,0,40
8,47,10,0,40
8,48,10,0,40
8,49,10,0,40
8,50,10,0,40
8,51,10,0,40
9,0,10,0,40
9,1,10,0,40
9,2,10,0,40
9,3,10,0,40
9,4,10,0,40
9,5,10,0,40
9,6,10,0,40
9,7,10,0,40
9,8,10,0,40
9,9,10,0,40
9,10,10,0,40
9,11,10,0,40
9,12,10,0,40
9,13,10,0,40
9,14,10,0,40
9,15,10,0,40
9,16,10,0,40
9,17,10,0,40
9,18,10,0,40
9,19,10,0,40
9,20,10,0,40
9,21,10,0,40
9,22,10,0,40
9,23,10,0,40
9,24,10,0,40
9,25,10,0,40
9,26,10,0,40
9,27,10,0,40
9,28,10,0,40
9,29,10,0,40
9,30,10,0,40
9,31,10,0,40
9,32,10,0,40
9,33,10,0,40
9,34,10,0,40
9,35,10,0,40
9,36,10,0,40
9,37,10,0,40
9,38,10,0,40
9,39,10,0,40
9,40,10,0,40
9,41,10,0,40
9,42,10,0,40
9,43,10,0,40
9,44,10,0,40
9,45,10,0,40
9,46,10,0,40
9,47,10,0,40
9,48,10,0,40
9,49,10,0,40
9,50,10,0,40
9,51,10,0,40
10,0,10,0,40
10,1,10,0,40
10,2,10,0,40
10,3,10,0,40
10,4,10,0,40
10,5,10,0,40
10,6,10,0,40
10,7,10,0,40
10,8,10,0,40
10,9,10,0,40
10,10,10,0,40
10,11,10,0,40
10,12,10,0,40
10,13,10,0,40
10,14,10,0,40
10,15,10,0,40
10,16,10,0,40
10,17,10,0,40
10,18,10,0,40
10,19,10,0,40
10,20,10,0,40
10,21,10,0,40
10,22,10,0,40
10,23,10,0,40
10,24,10,0,40
10,25,10,0,40
10,26,10,0,40
10,27,10,0,40
10,28,10,0,40
10,29,10,0,40
10,30,10,0,40
10,31,10,0,40
10,32,10,0,40
10,33,10,0,40
10,34,10,0,40
10,35,10,0,40
10,36,10,0,40
10,37,10,0,40
10,38,10,0,40
10,39,10,0,40
10,40,10,0,40
10,41,10,0,40
10,42,10,0,40
10,43,10,0,40
10,44,10,0,40
10,45,10,0,40
10,46,10,0,40
10,47,10,0,40
10,48,10,0,40
10,49,10,0,40
10,50,10,0,40
10,51,10,0,40
11,0,10,0,40
11,1,10,0,40
11,2,10,0,40
11,3,10,0,40
11,4,10,0,40
11,5,10,0,40
11,6,10,0,40
11,7,10,0,40
11,8,10,0,40
11,9,10,0,40
11,10,10,0,40
11,11,10,0,40
11,12,10,0,40
11,13,10,0,40
11,14,10,0,40
11,15,10,0,40
11,16,10,0,40
11,17,10,0,40
11,18,10,0,40
11,19,10,0,40
11,20,10,0,40
11,21,10,0,40
11,22,10,0,40
11,23,10,0,40
11,24,10,0,40
11,25,10,0,40
11,26,10,0,40
11,27,10,0,40
11,28,10,0,40
11,29,10,0,40
11,30,10,0,40
11,31,10,0,40
11,32,10,0,40
11,33,10,0,40
11,34,10,0,40
11,35,10,0,40
11,36,10,0,40
11,37,10,0,40
11,38,10,0,40
11,39,10,0,40
11,40,10,0,40
11,41,10,0,40
11,42,10,0,40
11,43,10,0,40
11,44,10,0,40
11,45,10,0,40
11,46,10,0,40
11,47,10,0,40
11,48,10,0,40
11,49,10,0,40
11,50,10,0,40
11,51,10,0,40
12,0,10,0,40
12,1,10,0,40
12,2,10,0,40
12,3,10,0,40
12,4,10,0,40
12,5,10,0,40
12,6,10,0,40
12,7,10,0,40
12,8,10,0,40
12,9,10,0,40
12,10,10,0,40
12,11,10,0,40
12,12,10,0,40
12,13,10,0,40
12,14,10,0,40
12,15,10,0,40
12,16,10,0,40
12,17,10,0,40
12,18,10,0,40
12,19,10,0,40
12,20,10,0,40
12,21,10,0,40
12,22,10,0,40
12,23,10,0,40
12,24,10,0,40
12,25,10,0,40
12,26,10,0,40
12,27,10,0,40
12,28,10,0,40
12,29,10,0,40
12,30,10,0,40
12,31,10,0,40
12,32,10,0,40
12,33,10,0,40
12,34,10,0,40
12,35,10,0,40
12,36,10,0,40
12,37,10,0,40
12,38,10,0,40
12,39,10,0,40
12,40,10,0,40
12,41,10,0,40
12,42,10,0,40
12,43,10,0,40
12,44,10,0,40
12,45,10,0,40
12,46,10,0,40
12,47,10,0,40
12,48,10,0,40
12,49,10,0,40
12,50,10,0,40
12,51,10,0,40
13,0,10,0,40
13,1,10,0,40
13,2,10,0,40
13,3,10,0,40
13,4,10,0,40
13,5,10,0,40
13,6,10,0,40
13,7,10,0,40
13,8,10,0,40
13,9,10,0,40
13,10,10,0,40
13,11,10,0,40
13,12,10,0,40
13,13,10,0,40
13,14,10,0,40
13,15,10,0,40
13,16,10,0,40
13,17,10,0,40
13,18,10,0,40
13,19,10,0,40
13,20,10,0,40
13,21,10,0,40
13,22,10,0,40
13,23,10,0,40
13,24,10,0,40
13,25,10,0,40
13,26,10,0,40
13,27,10,0,40
13,28,10,0,40
13,29,10,0,40
13,30,10,0,40
13,31,10,0,40
13,32,10,0,40
13,33,10,0,40
13,34,10,0,40
13,35,10,0,40
13,36,10,0,40
13,37,10,0,40
13,38,10,0,40
13,39,10,0,40
13,40,10,0,40
13,41,10,0,40
13,42,10,0,40
13,43,10,0,40
13,44,10,0,40
13,45,10,0,40
13,46,10,0,40
13,47,10,0,40
13,48,10,0,40
13,49,10,0,40
13,50,10,0,40
13,51,10,0,40
14,0,10,0,40
14,1,10,0,40
14,2,10,0,40
14,3,10,0,40
14,4,10,0,40
14,5,10,0,40
14,6,10,0,40
14,7,10,0,40
14,8,10,0,40
14,9,10,0,40
14,10,10,0,40
14,11,10,0,40
14,12,10,0,40
14,13,10,0,40
14,14,10,0,40
14,15,10,0,40
14,16,10,0,40
14,17,10,0,40
14,18,10,0,40
14,19,10,0,40
14,20,10,0,40
14,21,10,0,40
14,22,10,0,40
14,23,10,0,40
14,24,10,0,40
14,25,10,0,40
14,26,10,0,40
14,27,10,0,40
14,28,10,0,40
14,29,10,0,40
14,30,10,0,40
14,31,10,0,40
14,32,10,0,40
14,33,10,0,40
14,34,10,0,40
14,35,10,0,40
14,36,10,0,40
14,37,10,0,40
14,38,10,0,40
14,39,10,0,40
14,40,10,0,40
14,41,10,0,40
14,42,10,0,40
14,43,10,0,40
14,44,10,0,40
14,45,10,0,40
14,46,10,0,40
14,47,10,0,40
14,48,10,0,40
14,49,10,0,40
14,50,10,0,40
14,51,10,0,40
15,0,10,0,40
15,1,10,0,40
15,2,10,0,40
15,3,10,0,40
15,4,10,0,40
15,5,10,0,40
15,6,10,0,40
15,7,10,0,40
15,8,10,0,40
15,9,10,0,40
15,10,10,0,40
15,11,10,0,40
15,12,10,0,40
15,13,10,0,40
15,14,10,0,40
15,15,10,0,40
15,16,10,0,40
15,17,10,0,40
15,18,10,0,40
15,19,10,0,40
15,20,10,0,40
15,21,10,0,40
15,22,10,0,40
15,23,10,0,40
15,24,10,0,40
15,25,10,0,40
15,26,10,0,40
15,27,10,0,40
15,28,10,0,40
15,29,10,0,40
15,30,10,0,40
15,31,10,0,40
15,32,10,0,40
15,33,10,0,40
15,34,10,0,40
15,35,10,0,40
15,36,10,0,40
15,37,10,0,40
15,38,10,0,40
15,39,10,0,40
15,40,10,0,40
15,41,10,0,40
15,42,10,0,40
15,43,10,0,40
15,44,10,0,40
15,45,10,0,40
15,46,10,0,40
15,47,10,0,40
15,48,10,0,40
15,49,10,0,40
15,50,10,0,40
15,51,10,0,40
16,0,10,0,40
16,1,10,0,40
16,2,10,0,40
16,3,10,0,40
16,4,10,0,40
16,5,10,0,40
16,6,10,0,40
16,7,10,0,40
16,8,10,0,40
16,9,10,0,40
16,10,10,0,40
16,11,10,0,40
16,12,10,0,40
16,13,10,0,40
16,14,10,0,40
16,15,10,0,40
16,16,10,0,40
16,17,10,0,40
16,18,10,0,40
16,19,10,0,40
16,20,10,0,40
16,21,10,0,40
16,22,10,0,40
16,23,10,0,40
16,24,10,0,40
16,25,10,0,40
16,26,10,0,40
16,27,10,0,40
16,28,10,0,40
16,29,10,0,40
16,30,10,0,40
16,31,10,0,40
16,32,10,0,40
16,33,10,0,40
16,34,10,0,40
16,35,10,0,40
16,36,10,0,40
16,37,10,0,40
16,38,10,0,40
16,39,10,0,40
16,40,10,0,40
16,41,10,0,40
16,42,10,0,40
16,43,10,0,40
16,44,10,0,40
16,45,10,0,40
16,46,10,0,40
16,47,10,0,40
16,48,10,0,40
16,49,10,0,40
16,50,10,0,40
16,51,10,0,40
17,0,10,0,40
17,1,10,0,40
17,2,10,0,40
17,3,10,0,40
17,4,10,0,40
17,5,10,0,40
17,6,10,0,40
17,7,10,0,40
17,8,10,0,40
17,9,10,0,40
17,10,10,0,40
17,11,10,0,40
17,12,10,0,40
17,13,10,0,40
17,14,10,0,40
17,15,10,0,40
17,16,10,0,40
17,17,10,0,40
17,18,10,0,40
17,19,10,0,40
17,20,10,0,40
17,21,10,0,40
17,22,10,0,40
17,23,10,0,40
17,24,10,0,40
17,25,10,0,40
17,26,10,0,40
17,27,10,0,40
17,28,10,0,40
17,29,10,0,40
17,30,10,0,40
17,31,10,0,40
17,32,10,0,40
17,33,10,0,40
17,34,10,0,40
17,35,10,0,40
17,36,10,0,40
17,37,10,0,40
17,38,10,0,40
17,39,10,0,40
17,40,10,0,40
17,41,10,0,40
17,42,10,0,40
17,43,10,0,40
17,44,10,0,40
17,45,10,0,40
17,46,10,0,40
17,47,10,0,40
17,48,10,0,40
17,49,10,0,40
17,50,10,0,40
17,51,10,0,40
18,0,10,0,40
18,1,10,0,40
18,2,10,0,40
18,3,10,0,40
18,4,10,0,40
18,5,10,0,40
18,6,10,0,40
18,7,10,0,40
18,8,10,0,40
18,9,10,0,40
18,10,10,0,40
18,11,10,0,40
18,12,10,0,40
18,13,10,0,40
18,14,10,0,40
18,15,10,0,40
18,16,10,0,40
18,17,10,0,40
18,18,10,0,40
18,19,10,0,40
18,20,10,0,40
18,21,10,0,40
18,22,10,0,40
18,23,10,0,40
18,24,10,0,40
18,25,10,0,40
18,26,10,0,40
18,27,10,0,40
18,28,10,0,40
18,29,10,0,40
18,30,10,0,40
18,31,10,0,40
18,32,10,0,40
18,33,10,0,40
18,34,10,0,40
18,35,10,0,40
18,36,10,0,40
18,37,10,0,40
18,38,10,0,40
18,39,10,0,40
18,40,10,0,40
18,41,10,0,40
18,42,10,0,40
18,43,10,0,40
18,44,10,0,40
18,45,10,0,40
18,46,10,0,40
18,47,10,0,40
18,48,10,0,40
18,49,10,0,40
18,50,10,0,40
18,51,10,0,40
19,0,10,0,40
19,1,10,0,40
19,2,10,0,40
19,3,10,0,40
19,4,10,0,40
19,5,10,0,40
19,6,10,0,40
19,7,10,0,40
19,8,10,0,40
19,9,10,0,40
19,10,10,0,40
19,11,10,0,40
19,12,10,0,40
19,13,10,0,40
19,14,10,0,40
19,15,10,0,40
19,16,10,0,40
19,17,10,0,40
19,18,10,0,40
19,19,10,0,40
19,20,10,0,40
19,21,10,0,40
19,22,10,0,40
19,23,10,0,40
19,24,10,0,40
19,25,10,0,40
19,26,10,0,40
19,27,10,0,40
19,28,10,0,40
19,29,10,0,40
19,30,10,0,40
19,31,10,0,40
19,32,10,0,40
19,33,10,0,40
19,34,10,0,40
19,35,10,0,40
19,36,10,0,40
19,37,10,0,40
19,38,10,0,40
19,39,10,0,40
19,40,10,0,40
19,41,10,0,40
19,42,10,0,40
19,43,10,0,40
19,44,10,0,40
19,45,10,0,40
19,46,10,0,40
19,47,10,0,40
19,48,10,0,40
19,49,10,0,40
19,50,10,0,40
19,51,10,0,40
20,0,10,0,40
20,1,10,0,40
20,2,10,0,40
20,3,10,0,40
20,4,10,0,40
20,5,10,0,40
20,6,10,0,40
20,7,10,0,40
20,8,10,0,40
20,9,10,0,40
20,10,10,0,40
20,11,10,0,40
20,12,10,0,40
20,13,10,0,40
20,14,10,0,40
20,15,10,0,40
20,16,10,0,40
20,17,10,0,40
20,18,10,0,40
20,19,10,0,40
20,20,10,0,40
20,21,10,0,40
20,22,10,0,40
20,23,10,0,40
20,24,10,0,40
20,25,10,0,40
20,26,10,0,40
20,27,10,0,40
20,28,10,0,40
20,29,10,0,40
20,30,10,0,40
20,31,10,0,40
20,32,10,0,40
20,33,10,0,40
20,34,10,0,40
20,35,10,0,40
20,36,10,0,40
20,37,10,0,40
20,38,10,0,40
20,39,10,0,40
20,40,10,0,40
20,41,10,0,40
20,42,10,0,40
20,43,10,0,40
20,44,10,0,40
20,45,10,0,40
20,46,10,0,40
20,47,10,0,40
20,48,10,0,40
20,49,10,0,40
20,50,10,0,40
20,51,10,0,40
21,0,10,0,40
21,1,10,0,40
21,2,10,0,40
21,3,10,0,40
21,4,10,0,40
21,5,10,0,40
21,6,10,0,40
21,7,10,0,40
21,8,10,0,40
21,9,10,0,40
21,10,10,0,40
21,11,10,0,40
21,12,10,0,40
21,13,10,0,40
21,14,10,0,40
21,15,10,0,40
21,16,10,0,40
21,17,10,0,40
21,18,10,0,40
21,19,10,0,40
21,20,10,0,40
21,21,10,0,40
21,22,10,0,40
21,23,10,0,40
21,24,10,0,40
21,25,10,0,40
21,26,10,0,40
21,27,10,0,40
21,28,10,0,40
21,29,10,0,40
21,30,10,0,40
21,31,10,0,40
21,32,10,0,40
21,33,10,0,40
21,34,10,0,40
21,35,10,0,40
21,36,10,0,40
21,37,10,0,40
21,38,10,0,40
21,39,10,0,40
21,40,10,0,40
21,41,10,0,40
21,42,10,0,40
21,43,10,0,40
21,44,10,0,40
21,45,10,0,40
21,46,10,0,40
21,47,10,0,40
21,48,10,0,40
21,49,10,0,40
21,50,10,0,40
21,51,10,0,40
22,0,10,0,40
22,1,10,0,40
22,2,10,0,40
22,3,10,0,40
22,4,10,0,40
22,5,10,0,40
22,6,10,0,40
22,7,10,0,40
22,8,10,0,40
22,9,10,0,40
22,10,10,0,40
22,11,10,0,40
22,12,10,0,40
22,13,10,0,40
22,14,10,0,40
22,15,10,0,40
22,16,10,0,40
22,17,10,0,40
22,18,10,0,40
22,19,10,0,40
22,20,10,0,40
22,21,10,0,40
22,22,10,0,40
22,23,10,0,40
22,24,10,0,40
22,25,10,0,40
22,26,10,0,40
22,27,10,0,40
22,28,10,0,40
22,29,10,0,40
22,30,10,0,40
22,31,10,0,40
22,32,10,0,40
22,33,10,0,40
22,34,10,0,40
22,35,10,0,40
22,36,10,0,40
22,37,10,0,40
22,38,10,0,40
22,39,10,0,40
22,40,10,0,40
22,41,10,0,40
22,42,10,0,40
22,43,10,0,40
22,44,10,0,40
22,45,10,0,40
22,46,10,0,40
22,47,10,0,40
22,48,10,0,40
22,49,10,0,40
22,50,10,0,40
22,51,10,0,40
23,0,10,0,40
23,1,10,0,40
23,2,10,0,40
23,3,10,0,40
23,4,10,0,40
23,5,10,0,40
23,6,10,0,40
23,7,10,0,40
23,8,10,0,40
23,9,10,0,40
23,10,10,0,40
23,11,10,0,40
23,12,10,0,40
23,13,10,0,40
23,14,10,0,40
23,15,10,0,40
23,16,10,0,40
23,17,10,0,40
23,18,10,0,40
23,19,10,0,40
23,20,10,0,40
23,21,10,0,40
23,22,10,0,40
23,23,10,0,40
23,24,10,0,40
23,25,10,0,40
23,26,10,0,40
23,27,10,0,40
23,28,10,0,40
23,29,10,0,40
23,30,10,0,40
23,31,10,0,40
23,32,10,0,40
23,33,10,0,40
23,34,10,0,40
23,35,10,0,40
23,36,10,0,40
23,37,10,0,40
23,38,10,0,40
23,39,10,0,40
23,40,10,0,40
23,41,10,0,40
23,42,10,0,40
23,43,10,0,40
23,44,10,0,40
23,45,10,0,40
23,46,10,0,40
23,47,10,0,40
23,48,10,0,40
23,49,10,0,40
23,50,10,0,40
23,51,10,0,40
24,0,10,0,40
24,1,10,0,40
24,2,10,0,40
24,3,10,0,40
24,4,10,0,40
24,5,10,0,40
24,6,10,0,40
24,7,10,0,40
24,8,10,0,40
24,9,10,0,40
24,10,10,0,40
24,11,10,0,40
24,12,10,0,40
24,13,10,0,40
24,14,10,0,40
24,15,10,0,40
24,16,10,0,40
24,17,10,0,40
24,18,10,0,40
24,19,10,0,40
24,20,10,0,40
24,21,10,0,40
24,22,10,0,40
24,23,10,0,40
24,24,10,0,40
24,25,10,0,40
24,26,10,0,40
24,27,10,0,40
24,28,10,0,40
24,29,10,0,40
24,30,10,0,40
24,31,10,0,40
24,32,10,0,40
24,33,10,0,40
24,34,10,0,40
24,35,10,0,40
24,36,10,0,40
24,37,10,0,40
24,38,10,0,40
24,39,10,0,40
24,40,10,0,40
24,41,10,0,40
24,42,10,0,40
24,43,10,0,40
24,44,10,0,40
24,45,10,0,40
24,46,10,0,40
24,47,10,0,40
24,48,10,0,40
24,49,10,0,40
24,50,10,0,40
24,51,10,0,40
25,0,10,0,40
25,1,10,0,40
25,2,10,0,40
25,3,10,0,40
25,4,10,0,40
25,5,10,0,40
25,6,10,0,40
25,7,10,0,40
25,8,10,0,40
25,9,10,0,40
25,10,10,0,40
25,11,10,0,40
25,12,10,0,40
25,13,10,0,40
25,14,10,0,40
25,15,10,0,40
25,16,10,0,40
25,17,10,0,40
25,18,10,0,40
25,19,10,0,40
25,20,10,0,40
25,21,10,0,40
25,22,10,0,40
25,23,10,0,40
25,24,10,0,40
25,25,10,0,40
25,26,10,0,40
25,27,10,0,40
25,28,10,0,40
25,29,10,0,40
25,30,10,0,40
25,31,10,0,40
25,32,10,0,40
25,33,10,0,40
25,34,10,0,40
25,35,10,0,40
25,36,10,0,40
25,37,10,0,40
25,38,10,0,40
25,39,10,0,40
25,40,10,0,40
25,41,10,0,40
25,42,10,0,40
25,43,10,0,40
25,44,10,0,40
25,45,10,0,40
25,46,10,0,40
25,47,10,0,40
25,48,10,0,40
25,49,10,0,40
25,50,10,0,40
25,51,10,0,40
26,0,10,0,40
26,1,10,0,40
26,2,10,0,40
26,3,10,0,40
26,4,10,0,40
26,5,10,0,40
26,6,10,0,40
26,7,10,0,40
26,8,10,0,40
26,9,10,0,40
26,10,10,0,40
26,11,10,0,40
26,12,10,0,40
26,13,10,0,40
26,14,10,0,40
26,15,10,0,40
26,16,10,0,40
26,17,10,0,40
26,18,10,0,40
26,19,10,0,40
26,20,10,0,40
26,21,10,0,40
26,22,10,0,40
26,23,10,0,40
26,24,10,0,40
26,25,10,0,40
26,26,10,0,40
26,27,10,0,40
26,28,10,0,40
26,29,10,0,40
26,30,10,0,40
26,31,10,0,40
26,32,10,0,40
26,33,10,0,40
26,34,10,0,40
26,35,10,0,40
26,36,10,0,40
26,37,10,0,40
26,38,10,0,40
26,39,10,0,40
26,40,10,0,40
26,41,10,0,40
26,42,10,0,40
26,43,10,0,40
26,44,10,0,40
26,45,10,0,40
26,46,10,0,40
26,47,10,0,40
26,48,10,0,40
26,49,10,0,40
26,50,10,0,40
26,51,10,0,40
27,0,10,0,40
27,1,10,0,40
27,2,10,0,40
27,3,10,0,40
27,4,10,0,40
27,5,10,0,40
27,6,10,0,40
27,7,10,0,40
27,8,10,0,40
27,9,10,0,40
27,10,10,0,40
27,11,10,0,40
27,12,10,0,40
27,13,10,0,40
27,14,10,0,40
27,15,10,0,40
27,16,10,0,40
27,17,10,0,40
27,18,10,0,40
27,19,10,0,40
27,20,10,0,40
27,21,10,0,40
27,22,10,0,40
27,23,10,0,40
27,24,10,0,40
27,25,10,0,40
27,26,10,0,40
27,27,10,0,40
27,28,10,0,40
27,29,10,0,40
27,30,10,0,40
27,31,10,0,40
27,32,10,0,40
27,33,10,0,40
27,34,10,0,40
27,35,10,0,40
27,36,10,0,40
27,37,10,0,40
27,38,10,0,40
27,39,10,0,40
27,40,10,0,40
27,41,10,0,40
27,42,10,0,40
27,43,10,0,40
27,44,10,0,40
27,45,10,0,40
27,46,10,0,40
27,47,10,0,40
27,48,10,0,40
27,49,10,0,40
27,50,10,0,40
27,51,10,0,40
28,0,10,0,40
28,1,10,0,40
28,2,10,0,40
28,3,10,0,40
28,4,10,0,40
28,5,10,0,40
28,6,10,0,40
28,7,10,0,40
28,8,10,0,40
28,9,10,0,40
28,10,10,0,40
28,11,10,0,40
28,12,10,0,40
28,13,10,0,40
28,14,10,0,40
28,15,10,0,40
28,16,10,0,40
28,17,10,0,40
28,18,10,0,40
28,19,10,0,40
28,20,10,0,40
28,21,10,0,40
28,22,10,0,40
28,23,10,0,40
28,24,10,0,40
28,25,10,0,40
28,26,10,0,40
28,27,10,0,40
28,28,10,0,40
28,29,10,0,40
28,30,10,0,40
28,31,10,0,40
28,32,10,0,40
28,33,10,0,40
28,34,10,0,40
28,35,10,0,40
28,36,10,0,40
28,37,10,0,40
28,38,10,0,40
28,39,10,0,40
28,40,10,0,40
28,41,10,0,40
28,42,10,0,40
28,43,10,0,40
28,44,10,0,40
28,45,10,0,40
28,46,10,0,40
28,47,10,0,40
28,48,10,0,40
28,49,10,0,40
28,50,10,0,40
28,51,10,0,40
29,0,10,0,40
29,1,10,0,40
29,2,10,0,40
29,3,10,0,40
29,4,10,0,40
29,5,10,0,40
29,6,10,0,40
29,7,10,0,40
29,8,10,0,40
29,9,10,0,40
29,10,10,0,40
29,11,10,0,40
29,12,10,0,40
29,13,10,0,40
29,14,10,0,40
29,15,10,0,40
29,16,10,0,40
29,17,10,0,40
29,18,10,0,40
29,19,10,0,40
29,20,10,0,40
29,21,10,0,40
29,22,10,0,40
29,23,10,0,40
29,24,10,0,40
29,25,10,0,40
29,26,10,0,40
29,27,10,0,40
29,28,10,0,40
29,29,10,0,40
29,30,10,0,40
29,31,10,0,40
29,32,10,0,40
29,33,10,0,40
29,34,10,0,40
29,35,10,0,40
29,36,10,0,40
29,37,10,0,40
29,38,10,0,40
29,39,10,0,40
29,40,10,0,40
29,41,10,0,40
29,42,10,0,40
29,43,10,0,40
29,44,10,0,40
29,45,10,0,40
29,46,10,0,40
29,47,10,0,40
29,48,10,0,40
29,49,10,0,40
29,50,10,0,40
29,51,10,0,40
30,0,10,0,40
30,1,10,0,40
30,2,10,0,40
30,3,10,0,40
30,4,10,0,40
30,5,10,0,40
30,6,10,0,40
30,7,10,0,40
30,8,10,0,40
30,9,10,0,40
30,10,10,0,40
30,11,10,0,40
30,12,10,0,40
30,13,10,0,40
30,14,10,0,40
30,15,10,0,40
30,16,10,0,40
30,17,10,0,40
30,18,10,0,40
30,19,10,0,40
30,20,10,0,40
30,21,10,0,40
30,22,10,0,40
30,23,10,0,40
30,24,10,0,40
30,25,10,0,40
30,26,10,0,40
30,27,10,0,40
30,28,10,0,40
30,29,10,0,40
30,30,10,0,40
30,31,10,0,40
30,32,10,0,40
30,33,10,0,40
30,34,10,0,40
30,35,10,0,40
30,36,10,0,40
30,37,10,0,40
30,38,10,0,40
30,39,10,0,40
30,40,10,0,40
30,41,10,0,40
30,42,10,0,40
30,43,10,0,40
30,44,10,0,40
30,45,10,0,40
30,46,10,0,40
30,47,10,0,40
30,48,10,0,40
30,49,10,0,40
30,50,10,0,40
30,51,10,0,40
1,0,9,0,60
1,1,9,0,60
1,2,9,0,60
1,3,9,0,60
1,4,9,0,60
1,5,9,0,60
1,6,9,0,60
1,7,9,0,60
1,8,9,0,60
1,9,9,0,60
1,10,9,0,60
1,11,9,0,60
1,12,9,0,60
1,13,9,0,60
1,14,9,0,60
1,15,9,0,60
1,16,9,0,60
1,17,9,0,60
1,18,9,0,60
1,19,9,0,60
1,20,9,0,60
1,21,9,0,60
1,22,9,0,60
1,23,9,0,60
1,24,9,0,60
1,25,9,0,60
1,26,9,0,60
1,27,9,0,60
1,28,9,0,60
1,29,9,0,60
1,30,9,0,60
1,31,9,0,60
1,32,9,0,60
1,33,9,0,60
1,34,9,0,60
1,35,9,0,60
1,36,9,0,60
1,37,9,0,60
1,38,9,0,60
1,39,9,0,60
1,40,9,0,60
1,41,9,0,60
1,42,9,0,60
1,43,9,0,60
1,44,9,0,60
1,45,9,0,60
1,46,9,0,60
1,47,9,0,60
1,48,9,0,60
1,49,9,0,60
1,50,9,0,60
1,51,9,0,60
2,0,9,0,60
2,1,9,0,60
2,2,9,0,60
2,3,9,0,60
2,4,9,0,60
2,5,9,0,60
2,6,9,0,60
2,7,9,0,60
2,8,9,0,60
2,9,9,0,60
2,10,9,0,60
2,11,9,0,60
2,12,9,0,60
2,13,9,0,60
2,14,9,0,60
2,15,9,0,60
2,16,9,0,60
2,17,9,0,60
2,18,9,0,60
2,19,9,0,60
2,20,9,0,60
2,21,9,0,60
2,22,9,0,60
2,23,9,0,60
2,24,9,0,60
2,25,9,0,60
2,26,9,0,60
2,27,9,0,60
2,28,9,0,60
2,29,9,0,60
2,30,9,0,60
2,31,9,0,60
2,32,9,0,60
2,33,9,0,60
2,34,9,0,60
2,35,9,0,60
2,36,9,0,60
2,37,9,0,60
2,38,9,0,60
2,39,9,0,60
2,40,9,0,60
2,41,9,0,60
2,42,9,0,60
2,43,9,0,60
2,44,9,0,60
2,45,9,0,60
2,46,9,0,60
2,47,9,0,60
2,48,9,0,60
2,49,9,0,60
2,50,9,0,60
2,51,9,0,60
3,0,9,0,60
3,1,9,0,60
3,2,9,0,60
3,3,9,0,60
3,4,9,0,60
3,5,9,0,60
3,6,9,0,60
3,7,9,0,60
3,8,9,0,60
3,9,9,0,60
3,10,9,0,60
3,11,9,0,60
3,12,9,0,60
3,13,9,0,60
3,14,9,0,60
3,15,9,0,60
3,16,9,0,60
3,17,9,0,60
3,18,9,0,60
3,19,9,0,60
3,20,9,0,60
3,21,9,0,60
3,22,9,0,60
3,23,9,0,60
3,24,9,0,60
3,25,9,0,60
3,26,9,0,60
3,27,9,0,60
3,28,9,0,60
3,29,9,0,60
3,30,9,0,60
3,31,9,0,60
3,32,9,0,60
3,33,9,0,60
3,34,9,0,60
3,35,9,0,60
3,36,9,0,60
3,37,9,0,60
3,38,9,0,60
3,39,9,0,60
3,40,9,0,60
3,41,9,0,60
3,42,9,0,60
3,43,9,0,60
3,44,9,0,60
3,45,9,0,60
3,46,9,0,60
3,47,9,0,60
3,48,9,0,60
3,49,9,0,60
3,50,9,0,60
3,51,9,0,60
4,0,9,0,60
4,1,9,0,60
4,2,9,0,60
4,3,9,0,60
4,4,9,0,60
4,5,9,0,60
4,6,9,0,60
4,7,9,0,60
4,8,9,0,60
4,9,9,0,60
4,10,9,0,60
4,11,9,0,60
4,12,9,0,60
4,13,9,0,60
4,14,9,0,60
4,15,9,0,60
4,16,9,0,60
4,17,9,0,60
4,18,9,0,60
4,19,9,0,60
4,20,9,0,60
4,21,9,0,60
4,22,9,0,60
4,23,9,0,60
4,24,9,0,60
4,25,9,0,60
4,26,9,0,60
4,27,9,0,60
4,28,9,0,60
4,29,9,0,60
4,30,9,0,60
4,31,9,0,60
4,32,9,0,60
4,33,9,0,60
4,34,9,0,60
4,35,9,0,60
4,36,9,0,60
4,37,9,0,60
4,38,9,0,60
4,39,9,0,60
4,40,9,0,60
4,41,9,0,60
4,42,9,0,60
4,43,9,0,60
4,44,9,0,60
4,45,9,0,60
4,46,9,0,60
4,47,9,0,60
4,48,9,0,60
4,49,9,0,60
4,50,9,0,60
4,51,9,0,60
5,0,9,0,60
5,1,9,0,60
5,2,9,0,60
5,3,9,0,60
5,4,9,0,60
5,5,9,0,60
5,6,9,0,60
5,7,9,0,60
5,8,9,0,60
5,9,9,0,60
5,10,9,0,60
5,11,9,0,60
5,12,9,0,60
5,13,9,0,60
5,14,9,0,60
5,15,9,0,60
5,16,9,0,60
5,17,9,0,60
5,18,9,0,60
5,19,9,0,60
5,20,9,0,60
5,21,9,0,60
5,22,9,0,60
5,23,9,0,60
5,24,9,0,60
5,25,9,0,60
5,26,9,0,60
5,27,9,0,60
5,28,9,0,60
5,29,9,0,60
5,30,9,0,60
5,31,9,0,60
5,32,9,0,60
5,33,9,0,60
5,34,9,0,60
5,35,9,0,60
5,36,9,0,60
5,37,9,0,60
5,38,9,0,60
5,39,9,0,60
5,40,9,0,60
5,41,9,0,60
5,42,9,0,60
5,43,9,0,60
5,44,9,0,60
5,45,9,0,60
5,46,9,0,60
5,47,9,0,60
5,48,9,0,60
5,49,9,0,60
5,50,9,0,60
5,51,9,0,60
6,0,9,0,60
6,1,9,0,60
6,2,9,0,60
6,3,9,0,60
6,4,9,0,60
6,5,9,0,60
6,6,9,0,60
6,7,9,0,60
6,8,9,0,60
6,9,9,0,60
6,10,9,0,60
6,11,9,0,60
6,12,9,0,60
6,13,9,0,60
6,14,9,0,60
6,15,9,0,60
6,16,9,0,60
6,17,9,0,60
6,18,9,0,60
6,19,9,0,60
6,20,9,0,60
6,21,9,0,60
6,22,9,0,60
6,23,9,0,60
6,24,9,0,60
6,25,9,0,60
6,26,9,0,60
6,27,9,0,60
6,28,9,0,60
6,29,9,0,60
6,30,9,0,60
6,31,9,0,60
6,32,9,0,60
6,33,9,0,60
6,34,9,0,60
6,35,9,0,60
6,36,9,0,60
6,37,9,0,60
6,38,9,0,60
6,39,9,0,60
6,40,9,0,60
6,41,9,0,60
6,42,9,0,60
6,43,9,0,60
6,44,9,0,60
6,45,9,0,60
6,46,9,0,60
6,47,9,0,60
6,48,9,0,60
6,49,9,0,60
6,50,9,0,60
6,51,9,0,60
7,0,9,0,60
7,1,9,0,60
7,2,9,0,60
7,3,9,0,60
7,4,9,0,60
7,5,9,0,60
7,6,9,0,60
7,7,9,0,60
7,8,9,0,60
7,9,9,0,60
7,10,9,0,60
7,11,9,0,60
7,12,9,0,60
7,13,9,0,60
7,14,9,0,60
7,15,9,0,60
7,16,9,0,60
7,17,9,0,60
7,18,9,0,60
7,19,9,0,60
7,20,9,0,60
7,21,9,0,60
7,22,9,0,60
7,23,9,0,60
7,24,9,0,60
7,25,9,0,60
7,26,9,0,60
7,27,9,0,60
7,28,9,0,60
7,29,9,0,60
7,30,9,0,60
7,31,9,0,60
7,32,9,0,60
7,33,9,0,60
7,34,9,0,60
7,35,9,0,60
7,36,9,0,60
7,37,9,0,60
7,38,9,0,60
7,39,9,0,60
7,40,9,0,60
7,41,9,0,60
7,42,9,0,60
7,43,9,0,60
7,44,9,0,60
7,45,9,0,60
7,46,9,0,60
7,47,9,0,60
7,48,9,0,60
7,49,9,0,60
7,50,9,0,60
7,51,9,0,60
8,0,9,0,60
8,1,9,0,60
8,2,9,0,60
8,3,9,0,60
8,4,9,0,60
8,5,9,0,60
8,6,9,0,60
8,7,9,0,60
8,8,9,0,60
8,9,9,0,60
8,10,9,0,60
8,11,9,0,60
8,12,9,0,60
8,13,9,0,60
8,14,9,0,60
8,15,9,0,60
8,16,9,0,60
8,17,9,0,60
8,18,9,0,60
8,19,9,0,60
8,20,9,0,60
8,21,9,0,60
8,22,9,0,60
8,23,9,0,60
8,24,9,0,60
8,25,9,0,60
8,26,9,0,60
8,27,9,0,60
8,28,9,0,60
8,29,9,0,60
8,30,9,0,60
8,31,9,0,60
8,32,9,0,60
8,33,9,0,60
8,34,9,0,60
8,35,9,0,60
8,36,9,0,60
8,37,9,0,60
8,38,9,0,60
8,39,9,0,60
8,40,9,0,60
8,41,9,0,60
8,42,9,0,60
8,43,9,0,60
8,44,9,0,60
8,45,9,0,60
8,46,9,0,60
8,47,9,0,60
8,48,9,0,60
8,49,9,0,60
8,50,9,0,60
8,51,9,0,60
9,0,9,0,60
9,1,9,0,60
9,2,9,0,60
9,3,9,0,60
9,4,9,0,60
9,5,9,0,60
9,6,9,0,60
9,7,9,0,60
9,8,9,0,60
9,9,9,0,60
9,10,9,0,60
9,11,9,0,60
9,12,9,0,60
9,13,9,0,60
9,14,9,0,60
9,15,9,0,60
9,16,9,0,60
9,17,9,0,60
9,18,9,0,60
9,19,9,0,60
9,20,9,0,60
9,21,9,0,60
9,22,9,0,60
9,23,9,0,60
9,24,9,0,60
9,25,9,0,60
9,26,9,0,60
9,27,9,0,60
9,28,9,0,60
9,29,9,0,60
9,30,9,0,60
9,31,9,0,60
9,32,9,0,60
9,33,9,0,60
9,34,9,0,60
9,35,9,0,60
9,36,9,0,60
9,37,9,0,60
9,38,9,0,60
9,39,9,0,60
9,40,9,0,60
9,41,9,0,60
9,42,9,0,60
9,43,9,0,60
9,44,9,0,60
9,45,9,0,60
9,46,9,0,60
9,47,9,0,60
9,48,9,0,60
9,49,9,0,60
9,50,9,0,60
9,51,9,0,60
10,0,9,0,60
10,1,9,0,60
10,2,9,0,60
10,3,9,0,60
10,4,9,0,60
10,5,9,0,60
10,6,9,0,60
10,7,9,0,60
10,8,9,0,60
10,9,9,0,60
10,10,9,0,60
10,11,9,0,60
10,12,9,0,60
10,13,9,0,60
10,14,9,0,60
10,15,9,0,60
10,16,9,0,60
10,17,9,0,60
10,18,9,0,60
10,19,9,0,60
10,20,9,0,60
10,21,9,0,60
10,22,9,0,60
10,23,9,0,60
10,24,9,0,60
10,25,9,0,60
10,26,9,0,60
10,27,9,0,60
10,28,9,0,60
10,29,9,0,60
10,30,9,0,60
10,31,9,0,60
10,32,9,0,60
10,33,9,0,60
10,34,9,0,60
10,35,9,0,60
10,36,9,0,60
10,37,9,0,60
10,38,9,0,60
10,39,9,0,60
10,40,9,0,60
10,41,9,0,60
10,42,9,0,60
10,43,9,0,60
10,44,9,0,60
10,45,9,0,60
10,46,9,0,60
10,47,9,0,60
10,48,9,0,60
10,49,9,0,60
10,50,9,0,60
10,51,9,0,60
11,0,9,0,60
11,1,9,0,60
11,2,9,0,60
11,3,9,0,60
11,4,9,0,60
11,5,9,0,60
11,6,9,0,60
11,7,9,0,60
11,8,9,0,60
11,9,9,0,60
11,10,9,0,60
11,11,9,0,60
11,12,9,0,60
11,13,9,0,60
11,14,9,0,60
11,15,9,0,60
11,16,9,0,60
11,17,9,0,60
11,18,9,0,60
11,19,9,0,60
11,20,9,0,60
11,21,9,0,60
11,22,9,0,60
11,23,9,0,60
11,24,9,0,60
11,25,9,0,60
11,26,9,0,60
11,27,9,0,60
11,28,9,0,60
11,29,9,0,60
11,30,9,0,60
11,31,9,0,60
11,32,9,0,60
11,33,9,0,60
11,34,9,0,60
11,35,9,0,60
11,36,9,0,60
11,37,9,0,60
11,38,9,0,60
11,39,9,0,60
11,40,9,0,60
11,41,9,0,60
11,42,9,0,60
11,43,9,0,60
11,44,9,0,60
11,45,9,0,60
11,46,9,0,60
11,47,9,0,60
11,48,9,0,60
11,49,9,0,60
11,50,9,0,60
11,51,9,0,60
12,0,9,0,60
12,1,9,0,60
12,2,9,0,60
12,3,9,0,60
12,4,9,0,60
12,5,9,0,60
12,6,9,0,60
12,7,9,0,60
12,8,9,0,60
12,9,9,0,60
12,10,9,0,60
12,11,9,0,60
12,12,9,0,60
12,13,9,0,60
12,14,9,0,60
12,15,9,0,60
12,16,9,0,60
12,17,9,0,60
12,18,9,0,60
12,19,9,0,60
12,20,9,0,60
12,21,9,0,60
12,22,9,0,60
12,23,9,0,60
12,24,9,0,60
12,25,9,0,60
12,26,9,0,60
12,27,9,0,60
12,28,9,0,60
12,29,9,0,60
12,30,9,0,60
12,31,9,0,60
12,32,9,0,60
12,33,9,0,60
12,34,9,0,60
12,35,9,0,60
12,36,9,0,60
12,37,9,0,60
12,38,9,0,60
12,39,9,0,60
12,40,9,0,60
12,41,9,0,60
12,42,9,0,60
12,43,9,0,60
12,44,9,0,60
12,45,9,0,60
12,46,9,0,60
12,47,9,0,60
12,48,9,0,60
12,49,9,0,60
12,50,9,0,60
12,51,9,0,60
13,0,9,0,60
13,1,9,0,60
13,2,9,0,60
13,3,9,0,60
13,4,9,0,60
13,5,9,0,60
13,6,9,0,60
13,7,9,0,60
13,8,9,0,60
13,9,9,0,60
13,10,9,0,60
13,11,9,0,60
13,12,9,0,60
13,13,9,0,60
13,14,9,0,60
13,15,9,0,60
13,16,9,0,60
13,17,9,0,60
13,18,9,0,60
13,19,9,0,60
13,20,9,0,60
13,21,9,0,60
13,22,9,0,60
13,23,9,0,60
13,24,9,0,60
13,25,9,0,60
13,26,9,0,60
13,27,9,0,60
13,28,9,0,60
13,29,9,0,60
13,30,9,0,60
13,31,9,0,60
13,32,9,0,60
13,33,9,0,60
13,34,9,0,60
13,35,9,0,60
13,36,9,0,60
13,37,9,0,60
13,38,9,0,60
13,39,9,0,60
13,40,9,0,60
13,41,9,0,60
13,42,9,0,60
13,43,9,0,60
13,44,9,0,60
13,45,9,0,60
13,46,9,0,60
13,47,9,0,60
13,48,9,0,60
13,49,9,0,60
13,50,9,0,60
13,51,9,0,60
14,0,9,0,60
14,1,9,0,60
14,2,9,0,60
14,3,9,0,60
14,4,9,0,60
14,5,9,0,60
14,6,9,0,60
14,7,9,0,60
14,8,9,0,60
14,9,9,0,60
14,10,9,0,60
14,11,9,0,60
14,12,9,0,60
14,13,9,0,60
14,14,9,0,60
14,15,9,0,60
14,16,9,0,60
14,17,9,0,60
14,18,9,0,60
14,19,9,0,60
14,20,9,0,60
14,21,9,0,60
14,22,9,0,60
14,23,9,0,60
14,24,9,0,60
14,25,9,0,60
14,26,9,0,60
14,27,9,0,60
14,28,9,0,60
14,29,9,0,60
14,30,9,0,60
14,31,9,0,60
14,32,9,0,60
14,33,9,0,60
14,34,9,0,60
14,35,9,0,60
14,36,9,0,60
14,37,9,0,60
14,38,9,0,60
14,39,9,0,60
14,40,9,0,60
14,41,9,0,60
14,42,9,0,60
14,43,9,0,60
14,44,9,0,60
14,45,9,0,60
14,46,9,0,60
14,47,9,0,60
14,48,9,0,60
14,49,9,0,60
14,50,9,0,60
14,51,9,0,60
15,0,9,0,60
15,1,9,0,60
15,2,9,0,60
15,3,9,0,60
15,4,9,0,60
15,5,9,0,60
15,6,9,0,60
15,7,9,0,60
15,8,9,0,60
15,9,9,0,60
15,10,9,0,60
15,11,9,0,60
15,12,9,0,60
15,13,9,0,60
15,14,9,0,60
15,15,9,0,60
15,16,9,0,60
15,17,9,0,60
15,18,9,0,60
15,19,9,0,60
15,20,9,0,60
15,21,9,0,60
15,22,9,0,60
15,23,9,0,60
15,24,9,0,60
15,25,9,0,60
15,26,9,0,60
15,27,9,0,60
15,28,9,0,60
15,29,9,0,60
15,30,9,0,60
15,31,9,0,60
15,32,9,0,60
15,33,9,0,60
15,34,9,0,60
15,35,9,0,60
15,36,9,0,60
15,37,9,0,60
15,38,9,0,60
15,39,9,0,60
15,40,9,0,60
15,41,9,0,60
15,42,9,0,60
15,43,9,0,60
15,44,9,0,60
15,45,9,0,60
15,46,9,0,60
15,47,9,0,60
15,48,9,0,60
15,49,9,0,60
15,50,9,0,60
15,51,9,0,60
16,0,9,0,60
16,1,9,0,60
16,2,9,0,60
16,3,9,0,60
16,4,9,0,60
16,5,9,0,60
16,6,9,0,60
16,7,9,0,60
16,8,9,0,60
16,9,9,0,60
16,10,9,0,60
16,11,9,0,60
16,12,9,0,60
16,13,9,0,60
16,14,9,0,60
16,15,9,0,60
16,16,9,0,60
16,17,9,0,60
16,18,9,0,60
16,19,9,0,60
16,20,9,0,60
16,21,9,0,60
16,22,9,0,60
16,23,9,0,60
16,24,9,0,60
16,25,9,0,60
16,26,9,0,60
16,27,9,0,60
16,28,9,0,60
16,29,9,0,60
16,30,9,0,60
16,31,9,0,60
16,32,9,0,60
16,33,9,0,60
16,34,9,0,60
16,35,9,0,60
16,36,9,0,60
16,37,9,0,60
16,38,9,0,60
16,39,9,0,60
16,40,9,0,60
16,41,9,0,60
16,42,9,0,60
16,43,9,0,60
16,44,9,0,60
16,45,9,0,60
16,46,9,0,60
16,47,9,0,60
16,48,9,0,60
16,49,9,0,60
16,50,9,0,60
16,51,9,0,60
17,0,9,0,60
17,1,9,0,60
17,2,9,0,60
17,3,9,0,60
17,4,9,0,60
17,5,9,0,60
17,6,9,0,60
17,7,9,0,60
17,8,9,0,60
17,9,9,0,60
17,10,9,0,60
17,11,9,0,60
17,12,9,0,60
17,13,9,0,60
17,14,9,0,60
17,15,9,0,60
17,16,9,0,60
17,17,9,0,60
17,18,9,0,60
17,19,9,0,60
17,20,9,0,60
17,21,9,0,60
17,22,9,0,60
17,23,9,0,60
17,24,9,0,60
17,25,9,0,60
17,26,9,0,60
17,27,9,0,60
17,28,9,0,60
17,29,9,0,60
17,30,9,0,60
17,31,9,0,60
17,32,9,0,60
17,33,9,0,60
17,34,9,0,60
17,35,9,0,60
17,36,9,0,60
17,37,9,0,60
17,38,9,0,60
17,39,9,0,60
17,40,9,0,60
17,41,9,0,60
17,42,9,0,60
17,43,9,0,60
17,44,9,0,60
17,45,9,0,60
17,46,9,0,60
17,47,9,0,60
17,48,9,0,60
17,49,9,0,60
17,50,9,0,60
17,51,9,0,60
18,0,9,0,60
18,1,9,0,60
18,2,9,0,60
18,3,9,0,60
18,4,9,0,60
18,5,9,0,60
18,6,9,0,60
18,7,9,0,60
18,8,9,0,60
18,9,9,0,60
18,10,9,0,60
18,11,9,0,60
18,12,9,0,60
18,13,9,0,60
18,14,9,0,60
18,15,9,0,60
18,16,9,0,60
18,17,9,0,60
18,18,9,0,60
18,19,9,0,60
18,20,9,0,60
18,21,9,0,60
18,22,9,0,60
18,23,9,0,60
18,24,9,0,60
18,25,9,0,60
18,26,9,0,60
18,27,9,0,60
18,28,9,0,60
18,29,9,0,60
18,30,9,0,60
18,31,9,0,60
18,32,9,0,60
18,33,9,0,60
18,34,9,0,60
18,35,9,0,60
18,36,9,0,60
18,37,9,0,60
18,38,9,0,60
18,39,9,0,60
18,40,9,0,60
18,41,9,0,60
18,42,9,0,60
18,43,9,0,60
18,44,9,0,60
18,45,9,0,60
18,46,9,0,60
18,47,9,0,60
18,48,9,0,60
18,49,9,0,60
18,50,9,0,60
18,51,9,0,60
19,0,9,0,60
19,1,9,0,60
19,2,9,0,60
19,3,9,0,60
19,4,9,0,60
19,5,9,0,60
19,6,9,0,60
19,7,9,0,60
19,8,9,0,60
19,9,9,0,60
19,10,9,0,60
19,11,9,0,60
19,12,9,0,60
19,13,9,0,60
19,14,9,0,60
19,15,9,0,60
19,16,9,0,60
19,17,9,0,60
19,18,9,0,60
19,19,9,0,60
19,20,9,0,60
19,21,9,0,60
19,22,9,0,60
19,23,9,0,60
19,24,9,0,60
19,25,9,0,60
19,26,9,0,60
19,27,9,0,60
19,28,9,0,60
19,29,9,0,60
19,30,9,0,60
19,31,9,0,60
19,32,9,0,60
19,33,9,0,60
19,34,9,0,60
19,35,9,0,60
19,36,9,0,60
19,37,9,0,60
19,38,9,0,60
19,39,9,0,60
19,40,9,0,60
19,41,9,0,60
19,42,9,0,60
19,43,9,0,60
19,44,9,0,60
19,45,9,0,60
19,46,9,0,60
19,47,9,0,60
19,48,9,0,60
19,49,9,0,60
19,50,9,0,60
19,51,9,0,60
20,0,9,0,60
20,1,9,0,60
20,2,9,0,60
20,3,9,0,60
20,4,9,0,60
20,5,9,0,60
20,6,9,0,60
20,7,9,0,60
20,8,9,0,60
20,9,9,0,60
20,10,9,0,60
20,11,9,0,60
20,12,9,0,60
20,13,9,0,60
20,14,9,0,60
20,15,9,0,60
20,16,9,0,60
20,17,9,0,60
20,18,9,0,60
20,19,9,0,60
20,20,9,0,60
20,21,9,0,60
20,22,9,0,60
20,23,9,0,60
20,24,9,0,60
20,25,9,0,60
20,26,9,0,60
20,27,9,0,60
20,28,9,0,60
20,29,9,0,60
20,30,9,0,60
20,31,9,0,60
20,32,9,0,60
20,33,9,0,60
20,34,9,0,60
20,35,9,0,60
20,36,9,0,60
20,37,9,0,60
20,38,9,0,60
20,39,9,0,60
20,40,9,0,60
20,41,9,0,60
20,42,9,0,60
20,43,9,0,60
20,44,9,0,60
20,45,9,0,60
20,46,9,0,60
20,47,9,0,60
20,48,9,0,60
20,49,9,0,60
20,50,9,0,60
20,51,9,0,60
21,0,9,0,60
21,1,9,0,60
21,2,9,0,60
21,3,9,0,60
21,4,9,0,60
21,5,9,0,60
21,6,9,0,60
21,7,9,0,60
21,8,9,0,60
21,9,9,0,60
21,10,9,0,60
21,11,9,0,60
21,12,9,0,60
21,13,9,0,60
21,14,9,0,60
21,15,9,0,60
21,16,9,0,60
21,17,9,0,60
21,18,9,0,60
21,19,9,0,60
21,20,9,0,60
21,21,9,0,60
21,22,9,0,60
21,23,9,0,60
21,24,9,0,60
21,25,9,0,60
21,26,9,0,60
21,27,9,0,60
21,28,9,0,60
21,29,9,0,60
21,30,9,0,60
21,31,9,0,60
21,32,9,0,60
21,33,9,0,60
21,34,9,0,60
21,35,9,0,60
21,36,9,0,60
21,37,9,0,60
21,38,9,0,60
21,39,9,0,60
21,40,9,0,60
21,41,9,0,60
21,42,9,0,60
21,43,9,0,60
21,44,9,0,60
21,45,9,0,60
21,46,9,0,60
21,47,9,0,60
21,48,9,0,60
21,49,9,0,60
21,50,9,0,60
21,51,9,0,60
22,0,9,0,60
22,1,9,0,60
22,2,9,0,60
22,3,9,0,60
22,4,9,0,60
22,5,9,0,60
22,6,9,0,60
22,7,9,0,60
22,8,9,0,60
22,9,9,0,60
22,10,9,0,60
22,11,9,0,60
22,12,9,0,60
22,13,9,0,60
22,14,9,0,60
22,15,9,0,60
22,16,9,0,60
22,17,9,0,60
22,18,9,0,60
22,19,9,0,60
22,20,9,0,60
22,21,9,0,60
22,22,9,0,60
22,23,9,0,60
22,24,9,0,60
22,25,9,0,60
22,26,9,0,60
22,27,9,0,60
22,28,9,0,60
22,29,9,0,60
22,30,9,0,60
22,31,9,0,60
22,32,9,0,60
22,33,9,0,60
22,34,9,0,60
22,35,9,0,60
22,36,9,0,60
22,37,9,0,60
22,38,9,0,60
22,39,9,0,60
22,40,9,0,60
22,41,9,0,60
22,42,9,0,60
22,43,9,0,60
22,44,9,0,60
22,45,9,0,60
22,46,9,0,60
22,47,9,0,60
22,48,9,0,60
22,49,9,0,60
22,50,9,0,60
22,51,9,0,60
23,0,9,0,60
23,1,9,0,60
23,2,9,0,60
23,3,9,0,60
23,4,9,0,60
23,5,9,0,60
23,6,9,0,60
23,7,9,0,60
23,8,9,0,60
23,9,9,0,60
23,10,9,0,60
23,11,9,0,60
23,12,9,0,60
23,13,9,0,60
23,14,9,0,60
23,15,9,0,60
23,16,9,0,60
23,17,9,0,60
23,18,9,0,60
23,19,9,0,60
23,20,9,0,60
23,21,9,0,60
23,22,9,0,60
23,23,9,0,60
23,24,9,0,60
23,25,9,0,60
23,26,9,0,60
23,27,9,0,60
23,28,9,0,60
23,29,9,0,60
23,30,9,0,60
23,31,9,0,60
23,32,9,0,60
23,33,9,0,60
23,34,9,0,60
23,35,9,0,60
23,36,9,0,60
23,37,9,0,60
23,38,9,0,60
23,39,9,0,60
23,40,9,0,60
23,41,9,0,60
23,42,9,0,60
23,43,9,0,60
23,44,9,0,60
23,45,9,0,60
23,46,9,0,60
23,47,9,0,60
23,48,9,0,60
23,49,9,0,60
23,50,9,0,60
23,51,9,0,60
24,0,9,0,60
24,1,9,0,60
24,2,9,0,60
24,3,9,0,60
24,4,9,0,60
24,5,9,0,60
24,6,9,0,60
24,7,9,0,60
24,8,9,0,60
24,9,9,0,60
24,10,9,0,60
24,11,9,0,60
24,12,9,0,60
24,13,9,0,60
24,14,9,0,60
24,15,9,0,60
24,16,9,0,60
24,17,9,0,60
24,18,9,0,60
24,19,9,0,60
24,20,9,0,60
24,21,9,0,60
24,22,9,0,60
24,23,9,0,60
24,24,9,0,60
24,25,9,0,60
24,26,9,0,60
24,27,9,0,60
24,28,9,0,60
24,29,9,0,60
24,30,9,0,60
24,31,9,0,60
24,32,9,0,60
24,33,9,0,60
24,34,9,0,60
24,35,9,0,60
24,36,9,0,60
24,37,9,0,60
24,38,9,0,60
24,39,9,0,60
24,40,9,0,60
24,41,9,0,60
24,42,9,0,60
24,43,9,0,60
24,44,9,0,60
24,45,9,0,60
24,46,9,0,60
24,47,9,0,60
24,48,9,0,60
24,49,9,0,60
24,50,9,0,60
24,51,9,0,60
25,0,9,0,60
25,1,9,0,60
25,2,9,0,60
25,3,9,0,60
25,4,9,0,60
25,5,9,0,60
25,6,9,0,60
25,7,9,0,60
25,8,9,0,60
25,9,9,0,60
25,10,9,0,60
25,11,9,0,60
25,12,9,0,60
25,13,9,0,60
25,14,9,0,60
25,15,9,0,60
25,16,9,0,60
25,17,9,0,60
25,18,9,0,60
25,19,9,0,60
25,20,9,0,60
25,21,9,0,60
25,22,9,0,60
25,23,9,0,60
25,24,9,0,60
25,25,9,0,60
25,26,9,0,60
25,27,9,0,60
25,28,9,0,60
25,29,9,0,60
25,30,9,0,60
25,31,9,0,60
25,32,9,0,60
25,33,9,0,60
25,34,9,0,60
25,35,9,0,60
25,36,9,0,60
25,37,9,0,60
25,38,9,0,60
25,39,9,0,60
25,40,9,0,60
25,41,9,0,60
25,42,9,0,60
25,43,9,0,60
25,44,9,0,60
25,45,9,0,60
25,46,9,0,60
25,47,9,0,60
25,48,9,0,60
25,49,9,0,60
25,50,9,0,60
25,51,9,0,60
26,0,9,0,60
26,1,9,0,60
26,2,9,0,60
26,3,9,0,60
26,4,9,0,60
26,5,9,0,60
26,6,9,0,60
26,7,9,0,60
26,8,9,0,60
26,9,9,0,60
26,10,9,0,60
26,11,9,0,60
26,12,9,0,60
26,13,9,0,60
26,14,9,0,60
26,15,9,0,60
26,16,9,0,60
26,17,9,0,60
26,18,9,0,60
26,19,9,0,60
26,20,9,0,60
26,21,9,0,60
26,22,9,0,60
26,23,9,0,60
26,24,9,0,60
26,25,9,0,60
26,26,9,0,60
26,27,9,0,60
26,28,9,0,60
26,29,9,0,60
26,30,9,0,60
26,31,9,0,60
26,32,9,0,60
26,33,9,0,60
26,34,9,0,60
26,35,9,0,60
26,36,9,0,60
26,37,9,0,60
26,38,9,0,60
26,39,9,0,60
26,40,9,0,60
26,41,9,0,60
26,42,9,0,60
26,43,9,0,60
26,44,9,0,60
26,45,9,0,60
26,46,9,0,60
26,47,9,0,60
26,48,9,0,60
26,49,9,0,60
26,50,9,0,60
26,51,9,0,60
27,0,9,0,60
27,1,9,0,60
27,2,9,0,60
27,3,9,0,60
27,4,9,0,60
27,5,9,0,60
27,6,9,0,60
27,7,9,0,60
27,8,9,0,60
27,9,9,0,60
27,10,9,0,60
27,11,9,0,60
27,12,9,0,60
27,13,9,0,60
27,14,9,0,60
27,15,9,0,60
27,16,9,0,60
27,17,9,0,60
27,18,9,0,60
27,19,9,0,60
27,20,9,0,60
27,21,9,0,60
27,22,9,0,60
27,23,9,0,60
27,24,9,0,60
27,25,9,0,60
27,26,9,0,60
27,27,9,0,60
27,28,9,0,60
27,29,9,0,60
27,30,9,0,60
27,31,9,0,60
27,32,9,0,60
27,33,9,0,60
27,34,9,0,60
27,35,9,0,60
27,36,9,0,60
27,37,9,0,60
27,38,9,0,60
27,39,9,0,60
27,40,9,0,60
27,41,9,0,60
27,42,9,0,60
27,43,9,0,60
27,44,9,0,60
27,45,9,0,60
27,46,9,0,60
27,47,9,0,60
27,48,9,0,60
27,49,9,0,60
27,50,9,0,60
27,51,9,0,60
28,0,9,0,60
28,1,9,0,60
28,2,9,0,60
28,3,9,0,60
28,4,9,0,60
28,5,9,0,60
28,6,9,0,60
28,7,9,0,60
28,8,9,0,60
28,9,9,0,60
28,10,9,0,60
28,11,9,0,60
28,12,9,0,60
28,13,9,0,60
28,14,9,0,60
28,15,9,0,60
28,16,9,0,60
28,17,9,0,60
28,18,9,0,60
28,19,9,0,60
28,20,9,0,60
28,21,9,0,60
28,22,9,0,60
28,23,9,0,60
28,24,9,0,60
28,25,9,0,60
28,26,9,0,60
28,27,9,0,60
28,28,9,0,60
28,29,9,0,60
28,30,9,0,60
28,31,9,0,60
28,32,9,0,60
28,33,9,0,60
28,34,9,0,60
28,35,9,0,60
28,36,9,0,60
28,37,9,0,60
28,38,9,0,60
28,39,9,0,60
28,40,9,0,60
28,41,9,0,60
28,42,9,0,60
28,43,9,0,60
28,44,9,0,60
28,45,9,0,60
28,46,9,0,60
28,47,9,0,60
28,48,9,0,60
28,49,9,0,60
28,50,9,0,60
28,51,9,0,60
29,0,9,0,60
29,1,9,0,60
29,2,9,0,60
29,3,9,0,60
29,4,9,0,60
29,5,9,0,60
29,6,9,0,60
29,7,9,0,60
29,8,9,0,60
29,9,9,0,60
29,10,9,0,60
29,11,9,0,60
29,12,9,0,60
29,13,9,0,60
29,14,9,0,60
29,15,9,0,60
29,16,9,0,60
29,17,9,0,60
29,18,9,0,60
29,19,9,0,60
29,20,9,0,60
29,21,9,0,60
29,22,9,0,60
29,23,9,0,60
29,24,9,0,60
29,25,9,0,60
29,26,9,0,60
29,27,9,0,60
29,28,9,0,60
29,29,9,0,60
29,30,9,0,60
29,31,9,0,60
29,32,9,0,60
29,33,9,0,60
29,34,9,0,60
29,35,9,0,60
29,36,9,0,60
29,37,9,0,60
29,38,9,0,60
29,39,9,0,60
29,40,9,0,60
29,41,9,0,60
29,42,9,0,60
29,43,9,0,60
29,44,9,0,60
29,45,9,0,60
29,46,9,0,60
29,47,9,0,60
29,48,9,0,60
29,49,9,0,60
29,50,9,0,60
29,51,9,0,60
30,0,9,0,60
30,1,9,0,60
30,2,9,0,60
30,3,9,0,60
30,4,9,0,60
30,5,9,0,60
30,6,9,0,60
30,7,9,0,60
30,8,9,0,60
30,9,9,0,60
30,10,9,0,60
30,11,9,0,60
30,12,9,0,60
30,13,9,0,60
30,14,9,0,60
30,15,9,0,60
30,16,9,0,60
30,17,9,0,60
30,18,9,0,60
30,19,9,0,60
30,20,9,0,60
30,21,9,0,60
30,22,9,0,60
30,23,9,0,60
30,24,9,0,60
30,25,9,0,60
30,26,9,0,60
30,27,9,0,60
30,28,9,0,60
30,29,9,0,60
30,30,9,0,60
30,31,9,0,60
30,32,9,0,60
30,33,9,0,60
30,34,9,0,60
30,35,9,0,60
30,36,9,0,60
30,37,9,0,60
30,38,9,0,60
30,39,9,0,60
30,40,9,0,60
30,41,9,0,60
30,42,9,0,60
30,43,9,0,60
30,44,9,0,60
30,45,9,0,60
30,46,9,0,60
30,47,9,0,60
30,48,9,0,60
30,49,9,0,60
30,50,9,0,60
30,51,9,0,60
1,0,14,5,0
1,1,14,5,0
1,2,14,5,0
1,3,14,5,0
1,4,15,5,0
1,5,15,5,0
1,6,15,5,0
1,7,15,5,0
1,8,15,5,0
1,9,14,5,0
1,10,15,5,0
1,11,14,5,0
1,12,14,5,0
1,13,14,5,0
1,14,13,5,0
1,15,15,5,0
1,16,15,5,0
1,17,15,5,0
1,18,13,5,0
1,19,15,5,0
1,20,13,5,0
1,21,15,5,0
1,22,14,5,0
1,23,15,5,0
1,24,13,5,0
1,25,14,5,0
1,26,13,5,0
1,27,14,5,0
1,28,15,5,0
1,29,15,5,0
1,30,13,5,0
1,31,13,5,0
1,32,15,5,0
1,33,15,5,0
1,34,15,5,0
1,35,14,5,0
1,36,14,5,0
1,37,14,5,0
1,38,14,5,0
1,39,15,5,0
1,40,14,5,0
1,41,14,5,0
1,42,15,5,0
1,43,13,5,0
1,44,14,5,0
1,45,15,5,0
1,46,14,5,0
1,47,14,5,0
1,48,14,5,0
1,49,15,5,0
1,50,13,5,0
1,51,14,5,0
2,0,15,5,0
2,1,15,5,0
2,2,15,5,0
2,3,15,5,0
2,4,13,5,0
2,5,14,5,0
2,6,14,5,0
2,7,15,5,0
2,8,15,5,0
2,9,15,5,0
2,10,14,5,0
2,11,14,5,0
2,12,14,5,0
2,13,14,5,0
2,14,14,5,0
2,15,13,5,0
2,16,15,5,0
2,17,14,5,0
2,18,15,5,0
2,19,15,5,0
2,20,15,5,0
2,21,15,5,0
2,22,15,5,0
2,23,14,5,0
2,24,15,5,0
2,25,15,5,0
2,26,14,5,0
2,27,13,5,0
2,28,14,5,0
2,29,15,5,0
2,30,13,5,0
2,31,14,5,0
2,32,15,5,0
2,33,15,5,0
2,34,13,5,0
2,35,13,5,0
2,36,15,5,0
2,37,14,5,0
2,38,14,5,0
2,39,14,5,0
2,40,15,5,0
2,41,15,5,0
2,42,14,5,0
2,43,15,5,0
2,44,15,5,0
2,45,15,5,0
2,46,13,5,0
2,47,13,5,0
2,48,15,5,0
2,49,15,5,0
2,50,15,5,0
2,51,15,5,0
3,0,13,5,0
3,1,15,5,0
3,2,15,5,0
3,3,15,5,0
3,4,13,5,0
3,5,14,5,0
3,6,15,5,0
3,7,15,5,0
3,8,15,5,0
3,9,15,5,0
3,10,15,5,0
3,11,15,5,0
3,12,15,5,0
3,13,15,5,0
3,14,15,5,0
3,15,13,5,0
3,16,13,5,0
3,17,14,5,0
3,18,15,5,0
3,19,14,5,0
3,20,15,5,0
3,21,15,5,0
3,22,15,5,0
3,23,15,5,0
3,24,15,5,0
3,25,14,5,0
3,26,15,5,0
3,27,14,5,0
3,28,15,5,0
3,29,14,5,0
3,30,14,5,0
3,31,15,5,0
3,32,15,5,0
3,33,13,5,0
3,34,15,5,0
3,35,14,5,0
3,36,15,5,0
3,37,15,5,0
3,38,15,5,0
3,39,15,5,0
3,40,15,5,0
3,41,15,5,0
3,42,15,5,0
3,43,13,5,0
3,44,15,5,0
3,45,14,5,0
3,46,15,5,0
3,47,15,5,0
3,48,15,5,0
3,49,14,5,0
3,50,14,5,0
3,51,13,5,0
4,0,14,5,0
4,1,15,5,0
4,2,15,5,0
4,3,15,5,0
4,4,15,5,0
4,5,15,5,0
4,6,15,5,0
4,7,15,5,0
4,8,14,5,0
4,9,14,5,0
4,10,13,5,0
4,11,15,5,0
4,12,15,5,0
4,13,15,5,0
4,14,15,5,0
4,15,15,5,0
4,16,15,5,0
4,17,15,5,0
4,18,14,5,0
4,19,15,5,0
4,20,15,5,0
4,21,14,5,0
4,22,13,5,0
4,23,13,5,0
4,24,14,5,0
4,25,15,5,0
4,26,15,5,0
4,27,15,5,0
4,28,15,5,0
4,29,15,5,0
4,30,15,5,0
4,31,14,5,0
4,32,15,5,0
4,33,14,5,0
4,34,15,5,0
4,35,15,5,0
4,36,14,5,0
4,37,14,5,0
4,38,14,5,0
4,39,15,5,0
4,40,15,5,0
4,41,15,5,0
4,42,15,5,0
4,43,14,5,0
4,44,15,5,0
4,45,14,5,0
4,46,14,5,0
4,47,15,5,0
4,48,14,5,0
4,49,15,5,0
4,50,15,5,0
4,51,15,5,0
5,0,15,5,0
5,1,14,5,0
5,2,13,5,0
5,3,13,5,0
5,4,13,5,0
5,5,13,5,0
5,6,14,5,0
5,7,15,5,0
5,8,14,5,0
5,9,14,5,0
5,10,14,5,0
5,11,15,5,0
5,12,14,5,0
5,13,15,5,0
5,14,14,5,0
5,15,15,5,0
5,16,15,5,0
5,17,15,5,0
5,18,15,5,0
5,19,15,5,0
5,20,15,5,0
5,21,15,5,0
5,22,15,5,0
5,23,14,5,0
5,24,14,5,0
5,25,14,5,0
5,26,14,5,0
5,27,14,5,0
5,28,14,5,0
5,29,14,5,0
5,30,13,5,0
5,31,14,5,0
5,32,14,5,0
5,33,14,5,0
5,34,15,5,0
5,35,15,5,0
5,36,15,5,0
5,37,15,5,0
5,38,13,5,0
5,39,13,5,0
5,40,15,5,0
5,41,15,5,0
5,42,15,5,0
5,43,14,5,0
5,44,15,5,0
5,45,15,5,0
5,46,16,5,0
5,47,15,5,0
5,48,15,5,0
5,49,14,5,0
5,50,14,5,0
5,51,15,5,0
6,0,15,5,0
6,1,15,5,0
6,2,15,5,0
6,3,15,5,0
6,4,14,5,0
6,5,15,5,0
6,6,14,5,0
6,7,15,5,0
6,8,14,5,0
6,9,15,5,0
6,10,14,5,0
6,11,15,5,0
6,12,15,5,0
6,13,15,5,0
6,14,13,5,0
6,15,14,5,0
6,16,13,5,0
6,17,14,5,0
6,18,15,5,0
6,19,15,5,0
6,20,14,5,0
6,21,14,5,0
6,22,14,5,0
6,23,14,5,0
6,24,15,5,0
6,25,14,5,0
6,26,14,5,0
6,27,14,5,0
6,28,15,5,0
6,29,15,5,0
6,30,15,5,0
6,31,15,5,0
6,32,15,5,0
6,33,15,5,0
6,34,14,5,0
6,35,15,5,0
6,36,13,5,0
6,37,14,5,0
6,38,15,5,0
6,39,15,5,0
6,40,15,5,0
6,41,13,5,0
6,42,14,5,0
6,43,13,5,0
6,44,14,5,0
6,45,15,5,0
6,46,14,5,0
6,47,14,5,0
6,48,14,5,0
6,49,15,5,0
6,50,15,5,0
6,51,15,5,0
7,0,15,5,0
7,1,15,5,0
7,2,14,5,0
7,3,15,5,0
7,4,15,5,0
7,5,13,5,0
7,6,15,5,0
7,7,15,5,0
7,8,14,5,0
7,9,14,5,0
7,10,15,5,0
7,11,15,5,0
7,12,13,5,0
7,13,13,5,0
7,14,13,5,0
7,15,15,5,0
7,16,14,5,0
7,17,15,5,0
7,18,15,5,0
7,19,15,5,0
7,20,14,5,0
7,21,13,5,0
7,22,14,5,0
7,23,15,5,0
7,24,14,5,0
7,25,15,5,0
7,26,15,5,0
7,27,15,5,0
7,28,14,5,0
7,29,13,5,0
7,30,15,5,0
7,31,14,5,0
7,32,14,5,0
7,33,15,5,0
7,34,14,5,0
7,35,15,5,0
7,36,15,5,0
7,37,15,5,0
7,38,14,5,0
7,39,13,5,0
7,40,14,5,0
7,41,15,5,0
7,42,15,5,0
7,43,14,5,0
7,44,14,5,0
7,45,15,5,0
7,46,14,5,0
7,47,15,5,0
7,48,15,5,0
7,49,15,5,0
7,50,15,5,0
7,51,15,5,0
8,0,15,5,0
8,1,15,5,0
8,2,15,5,0
8,3,14,5,0
8,4,15,5,0
8,5,15,5,0
8,6,15,5,0
8,7,15,5,0
8,8,15,5,0
8,9,14,5,0
8,10,13,5,0
8,11,14,5,0
8,12,14,5,0
8,13,15,5,0
8,14,15,5,0
8,15,15,5,0
8,16,14,5,0
8,17,14,5,0
8,18,15,5,0
8,19,14,5,0
8,20,14,5,0
8,21,14,5,0
8,22,15,5,0
8,23,15,5,0
8,24,15,5,0
8,25,14,5,0
8,26,15,5,0
8,27,15,5,0
8,28,15,5,0
8,29,15,5,0
8,30,15,5,0
8,31,13,5,0
8,32,14,5,0
8,33,15,5,0
8,34,14,5,0
8,35,15,5,0
8,36,14,5,0
8,37,15,5,0
8,38,14,5,0
8,39,14,5,0
8,40,13,5,0
8,41,14,5,0
8,42,15,5,0
8,43,15,5,0
8,44,15,5,0
8,45,15,5,0
8,46,15,5,0
8,47,14,5,0
8,48,15,5,0
8,49,13,5,0
8,50,13,5,0
8,51,15,5,0
9,0,15,5,0
9,1,15,5,0
9,2,15,5,0
9,3,15,5,0
9,4,15,5,0
9,5,15,5,0
9,6,15,5,0
9,7,15,5,0
9,8,13,5,0
9,9,15,5,0
9,10,15,5,0
9,11,14,5,0
9,12,15,5,0
9,13,14,5,0
9,14,14,5,0
9,15,15,5,0
9,16,15,5,0
9,17,14,5,0
9,18,13,5,0
9,19,15,5,0
9,20,15,5,0
9,21,15,5,0
9,22,14,5,0
9,23,15,5,0
9,24,13,5,0
9,25,13,5,0
9,26,14,5,0
9,27,15,5,0
9,28,15,5,0
9,29,15,5,0
9,30,15,5,0
9,31,14,5,0
9,32,14,5,0
9,33,13,5,0
9,34,14,5,0
9,35,13,5,0
9,36,15,5,0
9,37,15,5,0
9,38,15,5,0
9,39,15,5,0
9,40,15,5,0
9,41,14,5,0
9,42,15,5,0
9,43,13,5,0
9,44,14,5,0
9,45,14,5,0
9,46,15,5,0
9,47,15,5,0
9,48,13,5,0
9,49,15,5,0
9,50,14,5,0
9,51,15,5,0
10,0,15,5,0
10,1,15,5,0
10,2,15,5,0
10,3,14,5,0
10,4,14,5,0
10,5,14,5,0
10,6,15,5,0
10,7,15,5,0
10,8,14,5,0
10,9,14,5,0
10,10,15,5,0
10,11,14,5,0
10,12,14,5,0
10,13,13,5,0
10,14,14,5,0
10,15,15,5,0
10,16,16,5,0
10,17,15,5,0
10,18,15,5,0
10,19,15,5,0
10,20,15,5,0
10,21,15,5,0
10,22,14,5,0
10,23,14,5,0
10,24,14,5,0
10,25,14,5,0
10,26,14,5,0
10,27,14,5,0
10,28,14,5,0
10,29,15,5,0
10,30,14,5,0
10,31,14,5,0
10,32,15,5,0
10,33,14,5,0
10,34,13,5,0
10,35,13,5,0
10,36,14,5,0
10,37,13,5,0
10,38,14,5,0
10,39,15,5,0
10,40,13,5,0
10,41,13,5,0
10,42,14,5,0
10,43,14,5,0
10,44,14,5,0
10,45,15,5,0
10,46,15,5,0
10,47,15,5,0
10,48,14,5,0
10,49,15,5,0
10,50,14,5,0
10,51,15,5,0
11,0,15,5,0
11,1,15,5,0
11,2,14,5,0
11,3,13,5,0
11,4,14,5,0
11,5,14,5,0
11,6,14,5,0
11,7,14,5,0
11,8,13,5,0
11,9,14,5,0
11,10,13,5,0
11,11,15,5,0
11,12,15,5,0
11,13,15,5,0
11,14,14,5,0
11,15,15,5,0
11,16,15,5,0
11,17,15,5,0
11,18,14,5,0
11,19,14,5,0
11,20,13,5,0
11,21,13,5,0
11,22,15,5,0
11,23,15,5,0
11,24,15,5,0
11,25,15,5,0
11,26,15,5,0
11,27,15,5,0
11,28,15,5,0
11,29,15,5,0
11,30,15,5,0
11,31,15,5,0
11,32,15,5,0
11,33,14,5,0
11,34,15,5,0
11,35,15,5,0
11,36,15,5,0
11,37,15,5,0
11,38,14,5,0
11,39,14,5,0
11,40,15,5,0
11,41,15,5,0
11,42,14,5,0
11,43,14,5,0
11,44,15,5,0
11,45,16,5,0
11,46,15,5,0
11,47,15,5,0
11,48,15,5,0
11,49,13,5,0
11,50,14,5,0
11,51,14,5,0
12,0,15,5,0
12,1,15,5,0
12,2,14,5,0
12,3,14,5,0
12,4,15,5,0
12,5,15,5,0
12,6,15,5,0
12,7,15,5,0
12,8,14,5,0
12,9,14,5,0
12,10,15,5,0
12,11,15,5,0
12,12,15,5,0
12,13,15,5,0
12,14,15,5,0
12,15,15,5,0
12,16,14,5,0
12,17,14,5,0
12,18,13,5,0
12,19,13,5,0
12,20,14,5,0
12,21,14,5,0
12,22,14,5,0
12,23,14,5,0
12,24,14,5,0
12,25,15,5,0
12,26,15,5,0
12,27,15,5,0
12,28,15,5,0
12,29,15,5,0
12,30,14,5,0
12,31,15,5,0
12,32,15,5,0
12,33,14,5,0
12,34,13,5,0
12,35,14,5,0
12,36,14,5,0
12,37,15,5,0
12,38,15,5,0
12,39,15,5,0
12,40,13,5,0
12,41,14,5,0
12,42,14,5,0
12,43,15,5,0
12,44,15,5,0
12,45,15,5,0
12,46,15,5,0
12,47,15,5,0
12,48,15,5,0
12,49,14,5,0
12,50,13,5,0
12,51,15,5,0
13,0,14,5,0
13,1,14,5,0
13,2,14,5,0
13,3,15,5,0
13,4,15,5,0
13,5,14,5,0
13,6,14,5,0
13,7,15,5,0
13,8,15,5,0
13,9,15,5,0
13,10,13,5,0
13,11,13,5,0
13,12,14,5,0
13,13,14,5,0
13,14,15,5,0
13,15,14,5,0
13,16,15,5,0
13,17,14,5,0
13,18,14,5,0
13,19,15,5,0
13,20,15,5,0
13,21,15,5,0
13,22,15,5,0
13,23,14,5,0
13,24,14,5,0
13,25,14,5,0
13,26,15,5,0
13,27,15,5,0
13,28,14,5,0
13,29,14,5,0
13,30,15,5,0
13,31,15,5,0
13,32,14,5,0
13,33,15,5,0
13,34,14,5,0
13,35,13,5,0
13,36,13,5,0
13,37,15,5,0
13,38,15,5,0
13,39,15,5,0
13,40,14,5,0
13,41,14,5,0
13,42,15,5,0
13,43,15,5,0
13,44,15,5,0
13,45,15,5,0
13,46,15,5,0
13,47,14,5,0
13,48,15,5,0
13,49,15,5,0
13,50,14,5,0
13,51,13,5,0
14,0,15,5,0
14,1,14,5,0
14,2,13,5,0
14,3,15,5,0
14,4,14,5,0
14,5,14,5,0
14,6,15,5,0
14,7,15,5,0
14,8,15,5,0
14,9,14,5,0
14,10,14,5,0
14,11,14,5,0
14,12,13,5,0
14,13,13,5,0
14,14,14,5,0
14,15,14,5,0
14,16,15,5,0
14,17,15,5,0
14,18,15,5,0
14,19,14,5,0
14,20,14,5,0
14,21,15,5,0
14,22,15,5,0
14,23,15,5,0
14,24,15,5,0
14,25,15,5,0
14,26,14,5,0
14,27,15,5,0
14,28,14,5,0
14,29,14,5,0
14,30,13,5,0
14,31,13,5,0
14,32,13,5,0
14,33,14,5,0
14,34,14,5,0
14,35,15,5,0
14,36,15,5,0
14,37,15,5,0
14,38,15,5,0
14,39,15,5,0
14,40,15,5,0
14,41,15,5,0
14,42,15,5,0
14,43,14,5,0
14,44,13,5,0
14,45,13,5,0
14,46,14,5,0
14,47,13,5,0
14,48,14,5,0
14,49,15,5,0
14,50,15,5,0
14,51,13,5,0
15,0,15,5,0
15,1,14,5,0
15,2,13,5,0
15,3,14,5,0
15,4,15,5,0
15,5,15,5,0
15,6,15,5,0
15,7,15,5,0
15,8,15,5,0
15,9,14,5,0
15,10,14,5,0
15,11,14,5,0
15,12,15,5,0
15,13,15,5,0
15,14,15,5,0
15,15,15,5,0
15,16,15,5,0
15,17,15,5,0
15,18,14,5,0
15,19,13,5,0
15,20,15,5,0
15,21,13,5,0
15,22,15,5,0
15,23,15,5,0
15,24,13,5,0
15,25,14,5,0
15,26,14,5,0
15,27,14,5,0
15,28,13,5,0
15,29,14,5,0
15,30,14,5,0
15,31,15,5,0
15,32,14,5,0
15,33,14,5,0
15,34,14,5,0
15,35,14,5,0
15,36,15,5,0
15,37,15,5,0
15,38,13,5,0
15,39,13,5,0
15,40,14,5,0
15,41,14,5,0
15,42,14,5,0
15,43,15,5,0
15,44,15,5,0
15,45,15,5,0
15,46,15,5,0
15,47,15,5,0
15,48,15,5,0
15,49,15,5,0
15,50,15,5,0
15,51,15,5,0
16,0,14,5,0
16,1,15,5,0
16,2,14,5,0
16,3,13,5,0
16,4,15,5,0
16,5,15,5,0
16,6,14,5,0
16,7,14,5,0
16,8,14,5,0
16,9,14,5,0
16,10,13,5,0
16,11,13,5,0
16,12,14,5,0
16,13,14,5,0
16,14,15,5,0
16,15,15,5,0
16,16,13,5,0
16,17,14,5,0
16,18,15,5,0
16,19,15,5,0
16,20,14,5,0
16,21,15,5,0
16,22,14,5,0
16,23,13,5,0
16,24,14,5,0
16,25,15,5,0
16,26,15,5,0
16,27,15,5,0
16,28,13,5,0
16,29,15,5,0
16,30,15,5,0
16,31,15,5,0
16,32,13,5,0
16,33,14,5,0
16,34,15,5,0
16,35,13,5,0
16,36,13,5,0
16,37,13,5,0
16,38,14,5,0
16,39,15,5,0
16,40,15,5,0
16,41,14,5,0
16,42,14,5,0
16,43,15,5,0
16,44,13,5,0
16,45,14,5,0
16,46,14,5,0
16,47,15,5,0
16,48,14,5,0
16,49,15,5,0
16,50,14,5,0
16,51,14,5,0
17,0,15,5,0
17,1,15,5,0
17,2,15,5,0
17,3,14,5,0
17,4,14,5,0
17,5,15,5,0
17,6,15,5,0
17,7,14,5,0
17,8,14,5,0
17,9,15,5,0
17,10,14,5,0
17,11,14,5,0
17,12,15,5,0
17,13,15,5,0
17,14,15,5,0
17,15,14,5,0
17,16,14,5,0
17,17,15,5,0
17,18,14,5,0
17,19,15,5,0
17,20,15,5,0
17,21,15,5,0
17,22,14,5,0
17,23,15,5,0
17,24,15,5,0
17,25,15,5,0
17,26,15,5,0
17,27,14,5,0
17,28,15,5,0
17,29,13,5,0
17,30,13,5,0
17,31,15,5,0
17,32,15,5,0
17,33,15,5,0
17,34,15,5,0
17,35,14,5,0
17,36,14,5,0
17,37,15,5,0
17,38,15,5,0
17,39,13,5,0
17,40,14,5,0
17,41,13,5,0
17,42,14,5,0
17,43,15,5,0
17,44,15,5,0
17,45,15,5,0
17,46,15,5,0
17,47,15,5,0
17,48,14,5,0
17,49,15,5,0
17,50,15,5,0
17,51,15,5,0
18,0,15,5,0
18,1,15,5,0
18,2,15,5,0
18,3,14,5,0
18,4,15,5,0
18,5,15,5,0
18,6,15,5,0
18,7,14,5,0
18,8,14,5,0
18,9,15,5,0
18,10,15,5,0
18,11,15,5,0
18,12,13,5,0
18,13,14,5,0
18,14,15,5,0
18,15,14,5,0
18,16,15,5,0
18,17,13,5,0
18,18,15,5,0
18,19,15,5,0
18,20,15,5,0
18,21,15,5,0
18,22,15,5,0
18,23,14,5,0
18,24,15,5,0
18,25,15,5,0
18,26,14,5,0
18,27,15,5,0
18,28,14,5,0
18,29,15,5,0
18,30,15,5,0
18,31,15,5,0
18,32,15,5,0
18,33,15,5,0
18,34,14,5,0
18,35,14,5,0
18,36,13,5,0
18,37,14,5,0
18,38,15,5,0
18,39,15,5,0
18,40,13,5,0
18,41,13,5,0
18,42,15,5,0
18,43,13,5,0
18,44,15,5,0
18,45,14,5,0
18,46,16,5,0
18,47,16,5,0
18,48,16,5,0
18,49,15,5,0
18,50,15,5,0
18,51,13,5,0
19,0,15,5,0
19,1,15,5,0
19,2,14,5,0
19,3,14,5,0
19,4,13,5,0
19,5,15,5,0
19,6,15,5,0
19,7,15,5,0
19,8,15,5,0
19,9,15,5,0
19,10,15,5,0
19,11,15,5,0
19,12,13,5,0
19,13,13,5,0
19,14,13,5,0
19,15,14,5,0
19,16,15,5,0
19,17,15,5,0
19,18,14,5,0
19,19,15,5,0
19,20,15,5,0
19,21,14,5,0
19,22,14,5,0
19,23,14,5,0
19,24,14,5,0
19,25,15,5,0
19,26,15,5,0
19,27,15,5,0
19,28,14,5,0
19,29,14,5,0
19,30,13,5,0
19,31,15,5,0
19,32,15,5,0
19,33,13,5,0
19,34,15,5,0
19,35,14,5,0
19,36,15,5,0
19,37,15,5,0
19,38,15,5,0
19,39,15,5,0
19,40,15,5,0
19,41,15,5,0
19,42,15,5,0
19,43,14,5,0
19,44,15,5,0
19,45,15,5,0
19,46,15,5,0
19,47,15,5,0
19,48,14,5,0
19,49,15,5,0
19,50,15,5,0
19,51,15,5,0
20,0,15,5,0
20,1,13,5,0
20,2,15,5,0
20,3,15,5,0
20,4,15,5,0
20,5,13,5,0
20,6,13,5,0
20,7,14,5,0
20,8,15,5,0
20,9,13,5,0
20,10,13,5,0
20,11,15,5,0
20,12,15,5,0
20,13,14,5,0
20,14,15,5,0
20,15,14,5,0
20,16,15,5,0
20,17,15,5,0
20,18,15,5,0
20,19,14,5,0
20,20,13,5,0
20,21,14,5,0
20,22,14,5,0
20,23,14,5,0
20,24,14,5,0
20,25,14,5,0
20,26,14,5,0
20,27,15,5,0
20,28,15,5,0
20,29,15,5,0
20,30,15,5,0
20,31,14,5,0
20,32,13,5,0
20,33,14,5,0
20,34,15,5,0
20,35,14,5,0
20,36,13,5,0
20,37,13,5,0
20,38,14,5,0
20,39,13,5,0
20,40,13,5,0
20,41,13,5,0
20,42,15,5,0
20,43,14,5,0
20,44,15,5,0
20,45,14,5,0
20,46,15,5,0
20,47,15,5,0
20,48,13,5,0
20,49,14,5,0
20,50,14,5,0
20,51,14,5,0
21,0,15,5,0
21,1,15,5,0
21,2,14,5,0
21,3,14,5,0
21,4,14,5,0
21,5,13,5,0
21,6,14,5,0
21,7,15,5,0
21,8,15,5,0
21,9,15,5,0
21,10,14,5,0
21,11,14,5,0
21,12,14,5,0
21,13,14,5,0
21,14,13,5,0
21,15,14,5,0
21,16,13,5,0
21,17,13,5,0
21,18,14,5,0
21,19,13,5,0
21,20,14,5,0
21,21,15,5,0
21,22,15,5,0
21,23,14,5,0
21,24,15,5,0
21,25,15,5,0
21,26,15,5,0
21,27,14,5,0
21,28,15,5,0
21,29,14,5,0
21,30,15,5,0
21,31,15,5,0
21,32,15,5,0
21,33,14,5,0
21,34,13,5,0
21,35,13,5,0
21,36,13,5,0
21,37,15,5,0
21,38,15,5,0
21,39,15,5,0
21,40,14,5,0
21,41,13,5,0
21,42,13,5,0
21,43,13,5,0
21,44,14,5,0
21,45,15,5,0
21,46,15,5,0
21,47,14,5,0
21,48,13,5,0
21,49,14,5,0
21,50,15,5,0
21,51,15,5,0
22,0,15,5,0
22,1,14,5,0
22,2,15,5,0
22,3,14,5,0
22,4,14,5,0
22,5,15,5,0
22,6,14,5,0
22,7,14,5,0
22,8,15,5,0
22,9,14,5,0
22,10,15,5,0
22,11,13,5,0
22,12,15,5,0
22,13,15,5,0
22,14,15,5,0
22,15,14,5,0
22,16,15,5,0
22,17,13,5,0
22,18,14,5,0
22,19,13,5,0
22,20,14,5,0
22,21,13,5,0
22,22,15,5,0
22,23,15,5,0
22,24,14,5,0
22,25,14,5,0
22,26,14,5,0
22,27,14,5,0
22,28,15,5,0
22,29,15,5,0
22,30,14,5,0
22,31,15,5,0
22,32,14,5,0
22,33,14,5,0
22,34,13,5,0
22,35,13,5,0
22,36,13,5,0
22,37,13,5,0
22,38,13,5,0
22,39,13,5,0
22,40,14,5,0
22,41,15,5,0
22,42,14,5,0
22,43,13,5,0
22,44,14,5,0
22,45,15,5,0
22,46,14,5,0
22,47,15,5,0
22,48,15,5,0
22,49,15,5,0
22,50,15,5,0
22,51,15,5,0
23,0,14,5,0
23,1,15,5,0
23,2,15,5,0
23,3,13,5,0
23,4,13,5,0
23,5,15,5,0
23,6,15,5,0
23,7,14,5,0
23,8,15,5,0
23,9,15,5,0
23,10,15,5,0
23,11,15,5,0
23,12,15,5,0
23,13,15,5,0
23,14,15,5,0
23,15,14,5,0
23,16,14,5,0
23,17,15,5,0
23,18,14,5,0
23,19,15,5,0
23,20,15,5,0
23,21,14,5,0
23,22,15,5,0
23,23,15,5,0
23,24,15,5,0
23,25,15,5,0
23,26,15,5,0
23,27,15,5,0
23,28,15,5,0
23,29,15,5,0
23,30,15,5,0
23,31,15,5,0
23,32,15,5,0
23,33,15,5,0
23,34,14,5,0
23,35,13,5,0
23,36,14,5,0
23,37,15,5,0
23,38,15,5,0
23,39,15,5,0
23,40,15,5,0
23,41,14,5,0
23,42,15,5,0
23,43,13,5,0
23,44,14,5,0
23,45,15,5,0
23,46,14,5,0
23,47,14,5,0
23,48,14,5,0
23,49,15,5,0
23,50,14,5,0
23,51,14,5,0
24,0,14,5,0
24,1,13,5,0
24,2,14,5,0
24,3,15,5,0
24,4,15,5,0
24,5,15,5,0
24,6,13,5,0
24,7,14,5,0
24,8,13,5,0
24,9,14,5,0
24,10,15,5,0
24,11,14,5,0
24,12,14,5,0
24,13,13,5,0
24,14,14,5,0
24,15,14,5,0
24,16,15,5,0
24,17,15,5,0
24,18,15,5,0
24,19,15,5,0
24,20,15,5,0
24,21,14,5,0
24,22,14,5,0
24,23,15,5,0
24,24,15,5,0
24,25,14,5,0
24,26,15,5,0
24,27,15,5,0
24,28,15,5,0
24,29,14,5,0
24,30,13,5,0
24,31,13,5,0
24,32,15,5,0
24,33,15,5,0
24,34,15,5,0
24,35,15,5,0
24,36,15,5,0
24,37,14,5,0
24,38,13,5,0
24,39,14,5,0
24,40,15,5,0
24,41,13,5,0
24,42,15,5,0
24,43,15,5,0
24,44,15,5,0
24,45,15,5,0
24,46,15,5,0
24,47,15,5,0
24,48,15,5,0
24,49,15,5,0
24,50,15,5,0
24,51,15,5,0
25,0,15,5,0
25,1,15,5,0
25,2,15,5,0
25,3,14,5,0
25,4,14,5,0
25,5,14,5,0
25,6,15,5,0
25,7,15,5,0
25,8,15,5,0
25,9,15,5,0
25,10,15,5,0
25,11,14,5,0
25,12,14,5,0
25,13,13,5,0
25,14,15,5,0
25,15,15,5,0
25,16,15,5,0
25,17,13,5,0
25,18,14,5,0
25,19,14,5,0
25,20,15,5,0
25,21,15,5,0
25,22,15,5,0
25,23,14,5,0
25,24,15,5,0
25,25,15,5,0
25,26,14,5,0
25,27,15,5,0
25,28,15,5,0
25,29,15,5,0
25,30,14,5,0
25,31,15,5,0
25,32,14,5,0
25,33,14,5,0
25,34,14,5,0
25,35,14,5,0
25,36,14,5,0
25,37,15,5,0
25,38,15,5,0
25,39,15,5,0
25,40,15,5,0
25,41,15,5,0
25,42,15,5,0
25,43,14,5,0
25,44,13,5,0
25,45,13,5,0
25,46,15,5,0
25,47,14,5,0
25,48,15,5,0
25,49,15,5,0
25,50,15,5,0
25,51,13,5,0
26,0,15,5,0
26,1,15,5,0
26,2,15,5,0
26,3,14,5,0
26,4,13,5,0
26,5,14,5,0
26,6,15,5,0
26,7,15,5,0
26,8,15,5,0
26,9,15,5,0
26,10,15,5,0
26,11,15,5,0
26,12,15,5,0
26,13,15,5,0
26,14,15,5,0
26,15,15,5,0
26,16,15,5,0
26,17,14,5,0
26,18,14,5,0
26,19,14,5,0
26,20,14,5,0
26,21,14,5,0
26,22,14,5,0
26,23,13,5,0
26,24,14,5,0
26,25,15,5,0
26,26,15,5,0
26,27,14,5,0
26,28,15,5,0
26,29,14,5,0
26,30,14,5,0
26,31,14,5,0
26,32,14,5,0
26,33,13,5,0
26,34,15,5,0
26,35,15,5,0
26,36,14,5,0
26,37,15,5,0
26,38,14,5,0
26,39,14,5,0
26,40,15,5,0
26,41,15,5,0
26,42,13,5,0
26,43,14,5,0
26,44,14,5,0
26,45,15,5,0
26,46,14,5,0
26,47,15,5,0
26,48,13,5,0
26,49,13,5,0
26,50,14,5,0
26,51,14,5,0
27,0,14,5,0
27,1,14,5,0
27,2,13,5,0
27,3,13,5,0
27,4,13,5,0
27,5,14,5,0
27,6,15,5,0
27,7,14,5,0
27,8,14,5,0
27,9,14,5,0
27,10,14,5,0
27,11,13,5,0
27,12,13,5,0
27,13,14,5,0
27,14,13,5,0
27,15,15,5,0
27,16,15,5,0
27,17,15,5,0
27,18,15,5,0
27,19,13,5,0
27,20,13,5,0
27,21,13,5,0
27,22,13,5,0
27,23,15,5,0
27,24,15,5,0
27,25,14,5,0
27,26,14,5,0
27,27,14,5,0
27,28,14,5,0
27,29,15,5,0
27,30,14,5,0
27,31,13,5,0
27,32,14,5,0
27,33,14,5,0
27,34,15,5,0
27,35,15,5,0
27,36,15,5,0
27,37,15,5,0
27,38,15,5,0
27,39,14,5,0
27,40,13,5,0
27,41,13,5,0
27,42,14,5,0
27,43,15,5,0
27,44,15,5,0
27,45,15,5,0
27,46,14,5,0
27,47,14,5,0
27,48,15,5,0
27,49,14,5,0
27,50,13,5,0
27,51,14,5,0
28,0,15,5,0
28,1,13,5,0
28,2,14,5,0
28,3,14,5,0
28,4,14,5,0
28,5,15,5,0
28,6,15,5,0
28,7,14,5,0
28,8,15,5,0
28,9,15,5,0
28,10,15,5,0
28,11,14,5,0
28,12,13,5,0
28,13,14,5,0
28,14,14,5,0
28,15,14,5,0
28,16,13,5,0
28,17,13,5,0
28,18,14,5,0
28,19,15,5,0
28,20,13,5,0
28,21,13,5,0
28,22,15,5,0
28,23,14,5,0
28,24,15,5,0
28,25,15,5,0
28,26,14,5,0
28,27,13,5,0
28,28,14,5,0
28,29,15,5,0
28,30,15,5,0
28,31,14,5,0
28,32,14,5,0
28,33,15,5,0
28,34,14,5,0
28,35,15,5,0
28,36,14,5,0
28,37,14,5,0
28,38,14,5,0
28,39,14,5,0
28,40,14,5,0
28,41,14,5,0
28,42,14,5,0
28,43,15,5,0
28,44,15,5,0
28,45,15,5,0
28,46,14,5,0
28,47,15,5,0
28,48,15,5,0
28,49,13,5,0
28,50,13,5,0
28,51,15,5,0
29,0,14,5,0
29,1,15,5,0
29,2,14,5,0
29,3,13,5,0
29,4,14,5,0
29,5,13,5,0
29,6,13,5,0
29,7,14,5,0
29,8,14,5,0
29,9,13,5,0
29,10,13,5,0
29,11,14,5,0
29,12,15,5,0
29,13,15,5,0
29,14,15,5,0
29,15,15,5,0
29,16,15,5,0
29,17,15,5,0
29,18,15,5,0
29,19,15,5,0
29,20,15,5,0
29,21,15,5,0
29,22,14,5,0
29,23,15,5,0
29,24,13,5,0
29,25,15,5,0
29,26,15,5,0
29,27,13,5,0
29,28,13,5,0
29,29,14,5,0
29,30,15,5,0
29,31,15,5,0
29,32,15,5,0
29,33,15,5,0
29,34,14,5,0
29,35,13,5,0
29,36,14,5,0
29,37,13,5,0
29,38,15,5,0
29,39,15,5,0
29,40,14,5,0
29,41,13,5,0
29,42,15,5,0
29,43,14,5,0
29,44,14,5,0
29,45,15,5,0
29,46,15,5,0
29,47,13,5,0
29,48,14,5,0
29,49,13,5,0
29,50,14,5,0
29,51,13,5,0
30,0,15,5,0
30,1,15,5,0
30,2,15,5,0
30,3,15,5,0
30,4,14,5,0
30,5,15,5,0
30,6,15,5,0
30,7,15,5,0
30,8,15,5,0
30,9,15,5,0
30,10,14,5,0
30,11,15,5,0
30,12,14,5,0
30,13,15,5,0
30,14,14,5,0
30,15,13,5,0
30,16,14,5,0
30,17,13,5,0
30,18,14,5,0
30,19,14,5,0
30,20,15,5,0
30,21,15,5,0
30,22,14,5,0
30,23,13,5,0
30,24,15,5,0
30,25,14,5,0
30,26,14,5,0
30,27,14,5,0
30,28,13,5,0
30,29,13,5,0
30,30,13,5,0
30,31,13,5,0
30,32,14,5,0
30,33,15,5,0
30,34,13,5,0
30,35,13,5,0
30,36,13,5,0
30,37,15,5,0
30,38,15,5,0
30,39,15,5,0
30,40,15,5,0
30,41,15,5,0
30,42,14,5,0
30,43,15,5,0
30,44,15,5,0
30,45,15,5,0
30,46,15,5,0
30,47,15,5,0
30,48,15,5,0
30,49,15,5,0
30,50,15,5,0
30,51,15,5,0
1,0,11,5,20
1,1,11,5,20
1,2,11,5,20
1,3,12,5,20
1,4,11,5,20
1,5,11,5,20
1,6,11,5,20
1,7,12,5,20
1,8,11,5,20
1,9,11,5,20
1,10,11,5,20
1,11,11,5,20
1,12,11,5,20
1,13,11,5,20
1,14,11,5,20
1,15,11,5,20
1,16,11,5,20
1,17,12,5,20
1,18,12,5,20
1,19,11,5,20
1,20,11,5,20
1,21,12,5,20
1,22,11,5,20
1,23,11,5,20
1,24,11,5,20
1,25,11,5,20
1,26,11,5,20
1,27,11,5,20
1,28,11,5,20
1,29,12,5,20
1,30,11,5,20
1,31,11,5,20
1,32,11,5,20
1,33,12,5,20
1,34,11,5,20
1,35,12,5,20
1,36,11,5,20
1,37,11,5,20
1,38,12,5,20
1,39,11,5,20
1,40,11,5,20
1,41,11,5,20
1,42,12,5,20
1,43,11,5,20
1,44,12,5,20
1,45,12,5,20
1,46,12,5,20
1,47,11,5,20
1,48,11,5,20
1,49,11,5,20
1,50,11,5,20
1,51,11,5,20
2,0,11,5,20
2,1,11,5,20
2,2,11,5,20
2,3,11,5,20
2,4,11,5,20
2,5,11,5,20
2,6,11,5,20
2,7,11,5,20
2,8,11,5,20
2,9,11,5,20
2,10,11,5,20
2,11,11,5,20
2,12,11,5,20
2,13,11,5,20
2,14,11,5,20
2,15,11,5,20
2,16,12,5,20
2,17,11,5,20
2,18,11,5,20
2,19,11,5,20
2,20,11,5,20
2,21,11,5,20
2,22,11,5,20
2,23,11,5,20
2,24,11,5,20
2,25,11,5,20
2,26,12,5,20
2,27,11,5,20
2,28,12,5,20
2,29,11,5,20
2,30,11,5,20
2,31,12,5,20
2,32,12,5,20
2,33,11,5,20
2,34,11,5,20
2,35,11,5,20
2,36,12,5,20
2,37,12,5,20
2,38,11,5,20
2,39,11,5,20
2,40,11,5,20
2,41,11,5,20
2,42,11,5,20
2,43,11,5,20
2,44,11,5,20
2,45,12,5,20
2,46,11,5,20
2,47,11,5,20
2,48,12,5,20
2,49,11,5,20
2,50,11,5,20
2,51,11,5,20
3,0,11,5,20
3,1,11,5,20
3,2,11,5,20
3,3,11,5,20
3,4,11,5,20
3,5,11,5,20
3,6,11,5,20
3,7,11,5,20
3,8,11,5,20
3,9,12,5,20
3,10,12,5,20
3,11,12,5,20
3,12,11,5,20
3,13,11,5,20
3,14,11,5,20
3,15,11,5,20
3,16,12,5,20
3,17,11,5,20
3,18,11,5,20
3,19,12,5,20
3,20,12,5,20
3,21,12,5,20
3,22,11,5,20
3,23,11,5,20
3,24,11,5,20
3,25,12,5,20
3,26,11,5,20
3,27,11,5,20
3,28,11,5,20
3,29,11,5,20
3,30,12,5,20
3,31,11,5,20
3,32,11,5,20
3,33,11,5,20
3,34,12,5,20
3,35,11,5,20
3,36,11,5,20
3,37,11,5,20
3,38,11,5,20
3,39,11,5,20
3,40,11,5,20
3,41,11,5,20
3,42,11,5,20
3,43,11,5,20
3,44,11,5,20
3,45,12,5,20
3,46,11,5,20
3,47,11,5,20
3,48,12,5,20
3,49,11,5,20
3,50,12,5,20
3,51,11,5,20
4,0,11,5,20
4,1,11,5,20
4,2,11,5,20
4,3,11,5,20
4,4,11,5,20
4,5,11,5,20
4,6,11,5,20
4,7,11,5,20
4,8,11,5,20
4,9,11,5,20
4,10,11,5,20
4,11,11,5,20
4,12,12,5,20
4,13,11,5,20
4,14,12,5,20
4,15,12,5,20
4,16,11,5,20
4,17,11,5,20
4,18,11,5,20
4,19,11,5,20
4,20,11,5,20
4,21,11,5,20
4,22,12,5,20
4,23,11,5,20
4,24,11,5,20
4,25,11,5,20
4,26,11,5,20
4,27,11,5,20
4,28,11,5,20
4,29,11,5,20
4,30,11,5,20
4,31,12,5,20
4,32,11,5,20
4,33,11,5,20
4,34,11,5,20
4,35,11,5,20
4,36,11,5,20
4,37,11,5,20
4,38,11,5,20
4,39,12,5,20
4,40,11,5,20
4,41,11,5,20
4,42,11,5,20
4,43,11,5,20
4,44,11,5,20
4,45,11,5,20
4,46,11,5,20
4,47,11,5,20
4,48,11,5,20
4,49,11,5,20
4,50,11,5,20
4,51,11,5,20
5,0,11,5,20
5,1,11,5,20
5,2,11,5,20
5,3,11,5,20
5,4,11,5,20
5,5,11,5,20
5,6,11,5,20
5,7,11,5,20
5,8,11,5,20
5,9,11,5,20
5,10,11,5,20
5,11,12,5,20
5,12,11,5,20
5,13,11,5,20
5,14,11,5,20
5,15,11,5,20
5,16,12,5,20
5,17,11,5,20
5,18,11,5,20
5,19,11,5,20
5,20,11,5,20
5,21,11,5,20
5,22,11,5,20
5,23,12,5,20
5,24,11,5,20
5,25,11,5,20
5,26,11,5,20
5,27,11,5,20
5,28,11,5,20
5,29,12,5,20
5,30,11,5,20
5,31,11,5,20
5,32,11,5,20
5,33,11,5,20
5,34,11,5,20
5,35,12,5,20
5,36,11,5,20
5,37,11,5,20
5,38,12,5,20
5,39,11,5,20
5,40,12,5,20
5,41,11,5,20
5,42,12,5,20
5,43,11,5,20
5,44,11,5,20
5,45,11,5,20
5,46,11,5,20
5,47,11,5,20
5,48,11,5,20
5,49,12,5,20
5,50,11,5,20
5,51,11,5,20
6,0,12,5,20
6,1,11,5,20
6,2,11,5,20
6,3,11,5,20
6,4,11,5,20
6,5,11,5,20
6,6,12,5,20
6,7,11,5,20
6,8,12,5,20
6,9,12,5,20
6,10,11,5,20
6,11,11,5,20
6,12,11,5,20
6,13,11,5,20
6,14,11,5,20
6,15,11,5,20
6,16,11,5,20
6,17,11,5,20
6,18,11,5,20
6,19,12,5,20
6,20,11,5,20
6,21,11,5,20
6,22,11,5,20
6,23,11,5,20
6,24,11,5,20
6,25,13,5,20
6,26,11,5,20
6,27,11,5,20
6,28,11,5,20
6,29,11,5,20
6,30,11,5,20
6,31,11,5,20
6,32,11,5,20
6,33,12,5,20
6,34,11,5,20
6,35,11,5,20
6,36,11,5,20
6,37,12,5,20
6,38,13,5,20
6,39,12,5,20
6,40,11,5,20
6,41,11,5,20
6,42,11,5,20
6,43,11,5,20
6,44,11,5,20
6,45,11,5,20
6,46,11,5,20
6,47,11,5,20
6,48,12,5,20
6,49,11,5,20
6,50,11,5,20
6,51,11,5,20
7,0,11,5,20
7,1,11,5,20
7,2,12,5,20
7,3,11,5,20
7,4,11,5,20
7,5,11,5,20
7,6,11,5,20
7,7,11,5,20
7,8,11,5,20
7,9,11,5,20
7,10,11,5,20
7,11,11,5,20
7,12,11,5,20
7,13,11,5,20
7,14,11,5,20
7,15,12,5,20
7,16,11,5,20
7,17,11,5,20
7,18,11,5,20
7,19,11,5,20
7,20,11,5,20
7,21,12,5,20
7,22,11,5,20
7,23,12,5,20
7,24,11,5,20
7,25,11,5,20
7,26,11,5,20
7,27,11,5,20
7,28,11,5,20
7,29,11,5,20
7,30,11,5,20
7,31,11,5,20
7,32,11,5,20
7,33,12,5,20
7,34,11,5,20
7,35,11,5,20
7,36,11,5,20
7,37,12,5,20
7,38,11,5,20
7,39,11,5,20
7,40,12,5,20
7,41,11,5,20
7,42,11,5,20
7,43,11,5,20
7,44,11,5,20
7,45,12,5,20
7,46,11,5,20
7,47,11,5,20
7,48,11,5,20
7,49,11,5,20
7,50,12,5,20
7,51,11,5,20
8,0,11,5,20
8,1,11,5,20
8,2,11,5,20
8,3,11,5,20
8,4,11,5,20
8,5,11,5,20
8,6,11,5,20
8,7,11,5,20
8,8,11,5,20
8,9,11,5,20
8,10,11,5,20
8,11,11,5,20
8,12,11,5,20
8,13,11,5,20
8,14,11,5,20
8,15,12,5,20
8,16,11,5,20
8,17,11,5,20
8,18,11,5,20
8,19,11,5,20
8,20,11,5,20
8,21,11,5,20
8,22,11,5,20
8,23,12,5,20
8,24,11,5,20
8,25,11,5,20
8,26,11,5,20
8,27,12,5,20
8,28,12,5,20
8,29,11,5,20
8,30,12,5,20
8,31,11,5,20
8,32,12,5,20
8,33,11,5,20
8,34,11,5,20
8,35,11,5,20
8,36,11,5,20
8,37,11,5,20
8,38,11,5,20
8,39,11,5,20
8,40,11,5,20
8,41,11,5,20
8,42,11,5,20
8,43,11,5,20
8,44,11,5,20
8,45,11,5,20
8,46,12,5,20
8,47,11,5,20
8,48,11,5,20
8,49,11,5,20
8,50,12,5,20
8,51,11,5,20
9,0,11,5,20
9,1,11,5,20
9,2,11,5,20
9,3,11,5,20
9,4,11,5,20
9,5,11,5,20
9,6,11,5,20
9,7,11,5,20
9,8,11,5,20
9,9,11,5,20
9,10,12,5,20
9,11,11,5,20
9,12,11,5,20
9,13,11,5,20
9,14,11,5,20
9,15,11,5,20
9,16,11,5,20
9,17,11,5,20
9,18,11,5,20
9,19,11,5,20
9,20,11,5,20
9,21,11,5,20
9,22,11,5,20
9,23,11,5,20
9,24,11,5,20
9,25,12,5,20
9,26,11,5,20
9,27,11,5,20
9,28,11,5,20
9,29,11,5,20
9,30,11,5,20
9,31,11,5,20
9,32,12,5,20
9,33,11,5,20
9,34,11,5,20
9,35,11,5,20
9,36,12,5,20
9,37,11,5,20
9,38,11,5,20
9,39,12,5,20
9,40,11,5,20
9,41,11,5,20
9,42,11,5,20
9,43,13,5,20
9,44,12,5,20
9,45,11,5,20
9,46,11,5,20
9,47,11,5,20
9,48,11,5,20
9,49,11,5,20
9,50,11,5,20
9,51,12,5,20
10,0,11,5,20
10,1,11,5,20
10,2,11,5,20
10,3,11,5,20
10,4,11,5,20
10,5,11,5,20
10,6,12,5,20
10,7,11,5,20
10,8,11,5,20
10,9,11,5,20
10,10,11,5,20
10,11,11,5,20
10,12,12,5,20
10,13,11,5,20
10,14,11,5,20
10,15,11,5,20
10,16,11,5,20
10,17,12,5,20
10,18,11,5,20
10,19,11,5,20
10,20,12,5,20
10,21,11,5,20
10,22,11,5,20
10,23,12,5,20
10,24,12,5,20
10,25,12,5,20
10,26,11,5,20
10,27,11,5,20
10,28,11,5,20
10,29,11,5,20
10,30,11,5,20
10,31,12,5,20
10,32,11,5,20
10,33,12,5,20
10,34,11,5,20
10,35,11,5,20
10,36,11,5,20
10,37,11,5,20
10,38,11,5,20
10,39,11,5,20
10,40,12,5,20
10,41,12,5,20
10,42,11,5,20
10,43,12,5,20
10,44,11,5,20
10,45,11,5,20
10,46,11,5,20
10,47,11,5,20
10,48,12,5,20
10,49,11,5,20
10,50,12,5,20
10,51,11,5,20
11,0,11,5,20
11,1,11,5,20
11,2,11,5,20
11,3,11,5,20
11,4,11,5,20
11,5,11,5,20
11,6,11,5,20
11,7,11,5,20
11,8,11,5,20
11,9,11,5,20
11,10,11,5,20
11,11,11,5,20
11,12,11,5,20
11,13,12,5,20
11,14,11,5,20
11,15,11,5,20
11,16,11,5,20
11,17,11,5,20
11,18,11,5,20
11,19,11,5,20
11,20,12,5,20
11,21,11,5,20
11,22,12,5,20
11,23,11,5,20
11,24,11,5,20
11,25,11,5,20
11,26,11,5,20
11,27,12,5,20
11,28,11,5,20
11,29,12,5,20
11,30,13,5,20
11,31,11,5,20
11,32,11,5,20
11,33,11,5,20
11,34,12,5,20
11,35,11,5,20
11,36,11,5,20
11,37,11,5,20
11,38,11,5,20
11,39,11,5,20
11,40,11,5,20
11,41,11,5,20
11,42,11,5,20
11,43,11,5,20
11,44,11,5,20
11,45,11,5,20
11,46,11,5,20
11,47,11,5,20
11,48,12,5,20
11,49,11,5,20
11,50,11,5,20
11,51,11,5,20
12,0,11,5,20
12,1,11,5,20
12,2,11,5,20
12,3,11,5,20
12,4,11,5,20
12,5,11,5,20
12,6,12,5,20
12,7,11,5,20
12,8,11,5,20
12,9,11,5,20
12,10,12,5,20
12,11,12,5,20
12,12,11,5,20
12,13,11,5,20
12,14,11,5,20
12,15,12,5,20
12,16,11,5,20
12,17,12,5,20
12,18,12,5,20
12,19,11,5,20
12,20,11,5,20
12,21,11,5,20
12,22,11,5,20
12,23,11,5,20
12,24,11,5,20
12,25,11,5,20
12,26,11,5,20
12,27,11,5,20
12,28,11,5,20
12,29,11,5,20
12,30,11,5,20
12,31,11,5,20
12,32,11,5,20
12,33,11,5,20
12,34,11,5,20
12,35,11,5,20
12,36,12,5,20
12,37,11,5,20
12,38,11,5,20
12,39,11,5,20
12,40,12,5,20
12,41,11,5,20
12,42,11,5,20
12,43,11,5,20
12,44,11,5,20
12,45,11,5,20
12,46,11,5,20
12,47,11,5,20
12,48,11,5,20
12,49,11,5,20
12,50,11,5,20
12,51,12,5,20
13,0,11,5,20
13,1,12,5,20
13,2,11,5,20
13,3,11,5,20
13,4,11,5,20
13,5,11,5,20
13,6,10,5,20
13,7,10,5,20
13,8,10,5,20
13,9,12,5,20
13,10,11,5,20
13,11,11,5,20
13,12,12,5,20
13,13,11,5,20
13,14,12,5,20
13,15,11,5,20
13,16,11,5,20
13,17,12,5,20
13,18,11,5,20
13,19,12,5,20
13,20,11,5,20
13,21,11,5,20
13,22,12,5,20
13,23,11,5,20
13,24,11,5,20
13,25,11,5,20
13,26,11,5,20
13,27,11,5,20
13,28,11,5,20
13,29,11,5,20
13,30,11,5,20
13,31,11,5,20
13,32,11,5,20
13,33,11,5,20
13,34,11,5,20
13,35,11,5,20
13,36,11,5,20
13,37,11,5,20
13,38,11,5,20
13,39,11,5,20
13,40,11,5,20
13,41,11,5,20
13,42,12,5,20
13,43,11,5,20
13,44,11,5,20
13,45,12,5,20
13,46,11,5,20
13,47,11,5,20
13,48,11,5,20
13,49,11,5,20
13,50,12,5,20
13,51,11,5,20
14,0,11,5,20
14,1,12,5,20
14,2,11,5,20
14,3,11,5,20
14,4,11,5,20
14,5,11,5,20
14,6,11,5,20
14,7,11,5,20
14,8,12,5,20
14,9,11,5,20
14,10,11,5,20
14,11,11,5,20
14,12,11,5,20
14,13,11,5,20
14,14,11,5,20
14,15,11,5,20
14,16,11,5,20
14,17,11,5,20
14,18,11,5,20
14,19,12,5,20
14,20,11,5,20
14,21,11,5,20
14,22,11,5,20
14,23,11,5,20
14,24,11,5,20
14,25,11,5,20
14,26,11,5,20
14,27,11,5,20
14,28,11,5,20
14,29,11,5,20
14,30,11,5,20
14,31,12,5,20
14,32,11,5,20
14,33,12,5,20
14,34,11,5,20
14,35,11,5,20
14,36,12,5,20
14,37,11,5,20
14,38,11,5,20
14,39,11,5,20
14,40,11,5,20
14,41,11,5,20
14,42,11,5,20
14,43,11,5,20
14,44,11,5,20
14,45,11,5,20
14,46,11,5,20
14,47,11,5,20
14,48,11,5,20
14,49,11,5,20
14,50,12,5,20
14,51,11,5,20
15,0,11,5,20
15,1,11,5,20
15,2,11,5,20
15,3,11,5,20
15,4,11,5,20
15,5,12,5,20
15,6,10,5,20
15,7,12,5,20
15,8,11,5,20
15,9,11,5,20
15,10,11,5,20
15,11,11,5,20
15,12,12,5,20
15,13,12,5,20
15,14,11,5,20
15,15,11,5,20
15,16,11,5,20
15,17,11,5,20
15,18,11,5,20
15,19,11,5,20
15,20,11,5,20
15,21,12,5,20
15,22,11,5,20
15,23,11,5,20
15,24,12,5,20
15,25,11,5,20
15,26,11,5,20
15,27,12,5,20
15,28,11,5,20
15,29,11,5,20
15,30,12,5,20
15,31,11,5,20
15,32,11,5,20
15,33,11,5,20
15,34,11,5,20
15,35,11,5,20
15,36,11,5,20
15,37,12,5,20
15,38,12,5,20
15,39,11,5,20
15,40,11,5,20
15,41,11,5,20
15,42,11,5,20
15,43,11,5,20
15,44,11,5,20
15,45,11,5,20
15,46,11,5,20
15,47,11,5,20
15,48,11,5,20
15,49,11,5,20
15,50,11,5,20
15,51,11,5,20
16,0,11,5,20
16,1,12,5,20
16,2,11,5,20
16,3,11,5,20
16,4,11,5,20
16,5,11,5,20
16,6,11,5,20
16,7,11,5,20
16,8,11,5,20
16,9,11,5,20
16,10,11,5,20
16,11,11,5,20
16,12,11,5,20
16,13,11,5,20
16,14,11,5,20
16,15,11,5,20
16,16,11,5,20
16,17,11,5,20
16,18,11,5,20
16,19,12,5,20
16,20,11,5,20
16,21,11,5,20
16,22,11,5,20
16,23,11,5,20
16,24,12,5,20
16,25,12,5,20
16,26,12,5,20
16,27,12,5,20
16,28,11,5,20
16,29,11,5,20
16,30,11,5,20
16,31,11,5,20
16,32,12,5,20
16,33,11,5,20
16,34,10,5,20
16,35,11,5,20
16,36,12,5,20
16,37,11,5,20
16,38,11,5,20
16,39,11,5,20
16,40,11,5,20
16,41,11,5,20
16,42,12,5,20
16,43,12,5,20
16,44,11,5,20
16,45,11,5,20
16,46,11,5,20
16,47,11,5,20
16,48,11,5,20
16,49,11,5,20
16,50,11,5,20
16,51,11,5,20
17,0,11,5,20
17,1,11,5,20
17,2,11,5,20
17,3,11,5,20
17,4,11,5,20
17,5,11,5,20
17,6,11,5,20
17,7,13,5,20
17,8,12,5,20
17,9,11,5,20
17,10,11,5,20
17,11,11,5,20
17,12,11,5,20
17,13,11,5,20
17,14,12,5,20
17,15,11,5,20
17,16,11,5,20
17,17,11,5,20
17,18,11,5,20
17,19,11,5,20
17,20,12,5,20
17,21,11,5,20
17,22,11,5,20
17,23,11,5,20
17,24,11,5,20
17,25,11,5,20
17,26,11,5,20
17,27,11,5,20
17,28,11,5,20
17,29,11,5,20
17,30,12,5,20
17,31,11,5,20
17,32,11,5,20
17,33,11,5,20
17,34,11,5,20
17,35,11,5,20
17,36,12,5,20
17,37,11,5,20
17,38,11,5,20
17,39,11,5,20
17,40,11,5,20
17,41,11,5,20
17,42,11,5,20
17,43,11,5,20
17,44,11,5,20
17,45,11,5,20
17,46,11,5,20
17,47,12,5,20
17,48,11,5,20
17,49,12,5,20
17,50,11,5,20
17,51,11,5,20
18,0,11,5,20
18,1,11,5,20
18,2,11,5,20
18,3,11,5,20
18,4,11,5,20
18,5,11,5,20
18,6,11,5,20
18,7,11,5,20
18,8,11,5,20
18,9,12,5,20
18,10,11,5,20
18,11,12,5,20
18,12,11,5,20
18,13,11,5,20
18,14,11,5,20
18,15,11,5,20
18,16,11,5,20
18,17,11,5,20
18,18,11,5,20
18,19,11,5,20
18,20,11,5,20
18,21,11,5,20
18,22,11,5,20
18,23,11,5,20
18,24,12,5,20
18,25,11,5,20
18,26,11,5,20
18,27,12,5,20
18,28,11,5,20
18,29,12,5,20
18,30,11,5,20
18,31,11,5,20
18,32,11,5,20
18,33,11,5,20
18,34,11,5,20
18,35,11,5,20
18,36,11,5,20
18,37,11,5,20
18,38,11,5,20
18,39,11,5,20
18,40,11,5,20
18,41,11,5,20
18,42,11,5,20
18,43,11,5,20
18,44,11,5,20
18,45,11,5,20
18,46,11,5,20
18,47,11,5,20
18,48,11,5,20
18,49,11,5,20
18,50,11,5,20
18,51,11,5,20
19,0,11,5,20
19,1,11,5,20
19,2,12,5,20
19,3,11,5,20
19,4,11,5,20
19,5,11,5,20
19,6,11,5,20
19,7,11,5,20
19,8,11,5,20
19,9,11,5,20
19,10,11,5,20
19,11,12,5,20
19,12,12,5,20
19,13,11,5,20
19,14,11,5,20
19,15,11,5,20
19,16,11,5,20
19,17,11,5,20
19,18,11,5,20
19,19,11,5,20
19,20,12,5,20
19,21,11,5,20
19,22,12,5,20
19,23,11,5,20
19,24,12,5,20
19,25,11,5,20
19,26,11,5,20
19,27,11,5,20
19,28,12,5,20
19,29,11,5,20
19,30,12,5,20
19,31,11,5,20
19,32,11,5,20
19,33,11,5,20
19,34,11,5,20
19,35,11,5,20
19,36,11,5,20
19,37,11,5,20
19,38,11,5,20
19,39,11,5,20
19,40,12,5,20
19,41,11,5,20
19,42,11,5,20
19,43,11,5,20
19,44,11,5,20
19,45,11,5,20
19,46,11,5,20
19,47,11,5,20
19,48,11,5,20
19,49,11,5,20
19,50,11,5,20
19,51,11,5,20
20,0,11,5,20
20,1,11,5,20
20,2,11,5,20
20,3,12,5,20
20,4,11,5,20
20,5,11,5,20
20,6,11,5,20
20,7,11,5,20
20,8,11,5,20
20,9,11,5,20
20,10,11,5,20
20,11,12,5,20
20,12,11,5,20
20,13,11,5,20
20,14,11,5,20
20,15,11,5,20
20,16,11,5,20
20,17,11,5,20
20,18,11,5,20
20,19,12,5,20
20,20,11,5,20
20,21,11,5,20
20,22,12,5,20
20,23,11,5,20
20,24,11,5,20
20,25,11,5,20
20,26,11,5,20
20,27,11,5,20
20,28,11,5,20
20,29,11,5,20
20,30,11,5,20
20,31,12,5,20
20,32,11,5,20
20,33,11,5,20
20,34,11,5,20
20,35,11,5,20
20,36,12,5,20
20,37,11,5,20
20,38,11,5,20
20,39,11,5,20
20,40,11,5,20
20,41,11,5,20
20,42,11,5,20
20,43,11,5,20
20,44,11,5,20
20,45,11,5,20
20,46,12,5,20
20,47,11,5,20
20,48,11,5,20
20,49,12,5,20
20,50,12,5,20
20,51,11,5,20
21,0,12,5,20
21,1,11,5,20
21,2,11,5,20
21,3,11,5,20
21,4,11,5,20
21,5,11,5,20
21,6,11,5,20
21,7,12,5,20
21,8,11,5,20
21,9,11,5,20
21,10,11,5,20
21,11,11,5,20
21,12,11,5,20
21,13,11,5,20
21,14,12,5,20
21,15,11,5,20
21,16,11,5,20
21,17,11,5,20
21,18,11,5,20
21,19,11,5,20
21,20,11,5,20
21,21,11,5,20
21,22,11,5,20
21,23,12,5,20
21,24,11,5,20
21,25,11,5,20
21,26,11,5,20
21,27,11,5,20
21,28,12,5,20
21,29,11,5,20
21,30,12,5,20
21,31,11,5,20
21,32,11,5,20
21,33,11,5,20
21,34,11,5,20
21,35,11,5,20
21,36,11,5,20
21,37,11,5,20
21,38,12,5,20
21,39,11,5,20
21,40,11,5,20
21,41,11,5,20
21,42,11,5,20
21,43,12,5,20
21,44,11,5,20
21,45,11,5,20
21,46,11,5,20
21,47,11,5,20
21,48,11,5,20
21,49,11,5,20
21,50,11,5,20
21,51,12,5,20
22,0,11,5,20
22,1,11,5,20
22,2,11,5,20
22,3,11,5,20
22,4,11,5,20
22,5,11,5,20
22,6,11,5,20
22,7,11,5,20
22,8,12,5,20
22,9,11,5,20
22,10,11,5,20
22,11,12,5,20
22,12,13,5,20
22,13,11,5,20
22,14,11,5,20
22,15,12,5,20
22,16,11,5,20
22,17,11,5,20
22,18,11,5,20
22,19,11,5,20
22,20,12,5,20
22,21,11,5,20
22,22,11,5,20
22,23,11,5,20
22,24,11,5,20
22,25,12,5,20
22,26,11,5,20
22,27,11,5,20
22,28,11,5,20
22,29,11,5,20
22,30,11,5,20
22,31,13,5,20
22,32,11,5,20
22,33,11,5,20
22,34,11,5,20
22,35,11,5,20
22,36,11,5,20
22,37,11,5,20
22,38,12,5,20
22,39,11,5,20
22,40,13,5,20
22,41,11,5,20
22,42,12,5,20
22,43,10,5,20
22,44,11,5,20
22,45,11,5,20
22,46,11,5,20
22,47,11,5,20
22,48,11,5,20
22,49,11,5,20
22,50,11,5,20
22,51,11,5,20
23,0,11,5,20
23,1,11,5,20
23,2,12,5,20
23,3,11,5,20
23,4,11,5,20
23,5,11,5,20
23,6,11,5,20
23,7,12,5,20
23,8,11,5,20
23,9,11,5,20
23,10,12,5,20
23,11,11,5,20
23,12,11,5,20
23,13,11,5,20
23,14,11,5,20
23,15,11,5,20
23,16,11,5,20
23,17,11,5,20
23,18,11,5,20
23,19,12,5,20
23,20,11,5,20
23,21,11,5,20
23,22,11,5,20
23,23,11,5,20
23,24,11,5,20
23,25,11,5,20
23,26,11,5,20
23,27,12,5,20
23,28,11,5,20
23,29,11,5,20
23,30,11,5,20
23,31,12,5,20
23,32,11,5,20
23,33,11,5,20
23,34,12,5,20
23,35,11,5,20
23,36,11,5,20
23,37,11,5,20
23,38,11,5,20
23,39,11,5,20
23,40,11,5,20
23,41,11,5,20
23,42,12,5,20
23,43,11,5,20
23,44,11,5,20
23,45,11,5,20
23,46,12,5,20
23,47,11,5,20
23,48,11,5,20
23,49,12,5,20
23,50,11,5,20
23,51,11,5,20
24,0,11,5,20
24,1,11,5,20
24,2,11,5,20
24,3,12,5,20
24,4,11,5,20
24,5,11,5,20
24,6,11,5,20
24,7,11,5,20
24,8,11,5,20
24,9,11,5,20
24,10,11,5,20
24,11,11,5,20
24,12,11,5,20
24,13,12,5,20
24,14,11,5,20
24,15,11,5,20
24,16,11,5,20
24,17,11,5,20
24,18,11,5,20
24,19,11,5,20
24,20,11,5,20
24,21,11,5,20
24,22,11,5,20
24,23,11,5,20
24,24,12,5,20
24,25,11,5,20
24,26,11,5,20
24,27,11,5,20
24,28,11,5,20
24,29,11,5,20
24,30,12,5,20
24,31,11,5,20
24,32,12,5,20
24,33,11,5,20
24,34,12,5,20
24,35,12,5,20
24,36,12,5,20
24,37,11,5,20
24,38,11,5,20
24,39,11,5,20
24,40,11,5,20
24,41,11,5,20
24,42,11,5,20
24,43,11,5,20
24,44,10,5,20
24,45,11,5,20
24,46,11,5,20
24,47,11,5,20
24,48,12,5,20
24,49,11,5,20
24,50,11,5,20
24,51,11,5,20
25,0,11,5,20
25,1,11,5,20
25,2,11,5,20
25,3,11,5,20
25,4,12,5,20
25,5,11,5,20
25,6,11,5,20
25,7,11,5,20
25,8,11,5,20
25,9,11,5,20
25,10,12,5,20
25,11,11,5,20
25,12,11,5,20
25,13,11,5,20
25,14,11,5,20
25,15,11,5,20
25,16,11,5,20
25,17,11,5,20
25,18,11,5,20
25,19,11,5,20
25,20,11,5,20
25,21,11,5,20
25,22,12,5,20
25,23,11,5,20
25,24,11,5,20
25,25,11,5,20
25,26,11,5,20
25,27,11,5,20
25,28,11,5,20
25,29,11,5,20
25,30,11,5,20
25,31,11,5,20
25,32,12,5,20
25,33,11,5,20
25,34,11,5,20
25,35,11,5,20
25,36,11,5,20
25,37,11,5,20
25,38,11,5,20
25,39,12,5,20
25,40,11,5,20
25,41,11,5,20
25,42,12,5,20
25,43,11,5,20
25,44,12,5,20
25,45,11,5,20
25,46,11,5,20
25,47,11,5,20
25,48,13,5,20
25,49,11,5,20
25,50,13,5,20
25,51,12,5,20
26,0,12,5,20
26,1,12,5,20
26,2,12,5,20
26,3,11,5,20
26,4,11,5,20
26,5,11,5,20
26,6,11,5,20
26,7,12,5,20
26,8,11,5,20
26,9,11,5,20
26,10,11,5,20
26,11,11,5,20
26,12,11,5,20
26,13,11,5,20
26,14,11,5,20
26,15,11,5,20
26,16,11,5,20
26,17,11,5,20
26,18,11,5,20
26,19,11,5,20
26,20,11,5,20
26,21,11,5,20
26,22,12,5,20
26,23,11,5,20
26,24,12,5,20
26,25,11,5,20
26,26,11,5,20
26,27,11,5,20
26,28,12,5,20
26,29,11,5,20
26,30,11,5,20
26,31,11,5,20
26,32,11,5,20
26,33,11,5,20
26,34,11,5,20
26,35,11,5,20
26,36,11,5,20
26,37,11,5,20
26,38,11,5,20
26,39,11,5,20
26,40,11,5,20
26,41,11,5,20
26,42,11,5,20
26,43,11,5,20
26,44,11,5,20
26,45,12,5,20
26,46,11,5,20
26,47,11,5,20
26,48,11,5,20
26,49,11,5,20
26,50,11,5,20
26,51,11,5,20
27,0,12,5,20
27,1,11,5,20
27,2,11,5,20
27,3,11,5,20
27,4,12,5,20
27,5,11,5,20
27,6,12,5,20
27,7,11,5,20
27,8,11,5,20
27,9,11,5,20
27,10,11,5,20
27,11,11,5,20
27,12,11,5,20
27,13,11,5,20
27,14,11,5,20
27,15,11,5,20
27,16,12,5,20
27,17,11,5,20
27,18,11,5,20
27,19,11,5,20
27,20,11,5,20
27,21,11,5,20
27,22,11,5,20
27,23,11,5,20
27,24,12,5,20
27,25,11,5,20
27,26,11,5,20
27,27,11,5,20
27,28,11,5,20
27,29,11,5,20
27,30,11,5,20
27,31,11,5,20
27,32,11,5,20
27,33,12,5,20
27,34,11,5,20
27,35,11,5,20
27,36,11,5,20
27,37,11,5,20
27,38,11,5,20
27,39,12,5,20
27,40,11,5,20
27,41,12,5,20
27,42,11,5,20
27,43,11,5,20
27,44,11,5,20
27,45,11,5,20
27,46,11,5,20
27,47,12,5,20
27,48,11,5,20
27,49,12,5,20
27,50,12,5,20
27,51,11,5,20
28,0,11,5,20
28,1,11,5,20
28,2,11,5,20
28,3,11,5,20
28,4,11,5,20
28,5,11,5,20
28,6,11,5,20
28,7,11,5,20
28,8,11,5,20
28,9,11,5,20
28,10,11,5,20
28,11,11,5,20
28,12,11,5,20
28,13,11,5,20
28,14,11,5,20
28,15,11,5,20
28,16,11,5,20
28,17,11,5,20
28,18,11,5,20
28,19,11,5,20
28,20,12,5,20
28,21,12,5,20
28,22,11,5,20
28,23,12,5,20
28,24,11,5,20
28,25,11,5,20
28,26,12,5,20
28,27,11,5,20
28,28,11,5,20
28,29,11,5,20
28,30,11,5,20
28,31,11,5,20
28,32,12,5,20
28,33,12,5,20
28,34,11,5,20
28,35,11,5,20
28,36,11,5,20
28,37,11,5,20
28,38,11,5,20
28,39,12,5,20
28,40,11,5,20
28,41,11,5,20
28,42,11,5,20
28,43,11,5,20
28,44,11,5,20
28,45,11,5,20
28,46,11,5,20
28,47,11,5,20
28,48,11,5,20
28,49,11,5,20
28,50,11,5,20
28,51,11,5,20
29,0,11,5,20
29,1,11,5,20
29,2,11,5,20
29,3,11,5,20
29,4,12,5,20
29,5,11,5,20
29,6,11,5,20
29,7,12,5,20
29,8,11,5,20
29,9,12,5,20
29,10,12,5,20
29,11,12,5,20
29,12,11,5,20
29,13,11,5,20
29,14,11,5,20
29,15,11,5,20
29,16,11,5,20
29,17,11,5,20
29,18,11,5,20
29,19,12,5,20
29,20,11,5,20
29,21,11,5,20
29,22,11,5,20
29,23,11,5,20
29,24,11,5,20
29,25,11,5,20
29,26,11,5,20
29,27,12,5,20
29,28,11,5,20
29,29,11,5,20
29,30,11,5,20
29,31,11,5,20
29,32,11,5,20
29,33,11,5,20
29,34,11,5,20
29,35,11,5,20
29,36,11,5,20
29,37,11,5,20
29,38,12,5,20
29,39,11,5,20
29,40,11,5,20
29,41,11,5,20
29,42,11,5,20
29,43,11,5,20
29,44,11,5,20
29,45,11,5,20
29,46,11,5,20
29,47,11,5,20
29,48,11,5,20
29,49,11,5,20
29,50,12,5,20
29,51,12,5,20
30,0,11,5,20
30,1,11,5,20
30,2,11,5,20
30,3,11,5,20
30,4,11,5,20
30,5,11,5,20
30,6,11,5,20
30,7,11,5,20
30,8,12,5,20
30,9,11,5,20
30,10,11,5,20
30,11,12,5,20
30,12,11,5,20
30,13,11,5,20
30,14,12,5,20
30,15,11,5,20
30,16,12,5,20
30,17,11,5,20
30,18,11,5,20
30,19,11,5,20
30,20,11,5,20
30,21,11,5,20
30,22,11,5,20
30,23,12,5,20
30,24,11,5,20
30,25,11,5,20
30,26,11,5,20
30,27,11,5,20
30,28,11,5,20
30,29,11,5,20
30,30,11,5,20
30,31,12,5,20
30,32,11,5,20
30,33,11,5,20
30,34,12,5,20
30,35,12,5,20
30,36,11,5,20
30,37,11,5,20
30,38,11,5,20
30,39,11,5,20
30,40,12,5,20
30,41,12,5,20
30,42,11,5,20
30,43,11,5,20
30,44,11,5,20
30,45,11,5,20
30,46,11,5,20
30,47,11,5,20
30,48,12,5,20
30,49,11,5,20
30,50,11,5,20
30,51,11,5,20
1,0,10,5,40
1,1,9,5,40
1,2,9,5,40
1,3,9,5,40
1,4,9,5,40
1,5,9,5,40
1,6,10,5,40
1,7,9,5,40
1,8,10,5,40
1,9,9,5,40
1,10,10,5,40
1,11,9,5,40
1,12,9,5,40
1,13,9,5,40
1,14,10,5,40
1,15,9,5,40
1,16,9,5,40
1,17,10,5,40
1,18,9,5,40
1,19,10,5,40
1,20,9,5,40
1,21,10,5,40
1,22,9,5,40
1,23,9,5,40
1,24,10,5,40
1,25,9,5,40
1,26,9,5,40
1,27,9,5,40
1,28,9,5,40
1,29,10,5,40
1,30,9,5,40
1,31,9,5,40
1,32,9,5,40
1,33,10,5,40
1,34,10,5,40
1,35,9,5,40
1,36,10,5,40
1,37,10,5,40
1,38,9,5,40
1,39,10,5,40
1,40,10,5,40
1,41,11,5,40
1,42,9,5,40
1,43,10,5,40
1,44,10,5,40
1,45,10,5,40
1,46,9,5,40
1,47,10,5,40
1,48,10,5,40
1,49,9,5,40
1,50,10,5,40
1,51,9,5,40
2,0,10,5,40
2,1,9,5,40
2,2,10,5,40
2,3,10,5,40
2,4,10,5,40
2,5,10,5,40
2,6,10,5,40
2,7,10,5,40
2,8,9,5,40
2,9,9,5,40
2,10,10,5,40
2,11,10,5,40
2,12,9,5,40
2,13,10,5,40
2,14,10,5,40
2,15,10,5,40
2,16,9,5,40
2,17,9,5,40
2,18,10,5,40
2,19,9,5,40
2,20,9,5,40
2,21,10,5,40
2,22,10,5,40
2,23,10,5,40
2,24,10,5,40
2,25,9,5,40
2,26,10,5,40
2,27,10,5,40
2,28,9,5,40
2,29,10,5,40
2,30,10,5,40
2,31,11,5,40
2,32,9,5,40
2,33,9,5,40
2,34,9,5,40
2,35,10,5,40
2,36,10,5,40
2,37,10,5,40
2,38,10,5,40
2,39,9,5,40
2,40,10,5,40
2,41,9,5,40
2,42,10,5,40
2,43,10,5,40
2,44,9,5,40
2,45,10,5,40
2,46,10,5,40
2,47,9,5,40
2,48,10,5,40
2,49,9,5,40
2,50,10,5,40
2,51,10,5,40
3,0,9,5,40
3,1,9,5,40
3,2,9,5,40
3,3,10,5,40
3,4,10,5,40
3,5,9,5,40
3,6,10,5,40
3,7,9,5,40
3,8,9,5,40
3,9,11,5,40
3,10,9,5,40
3,11,10,5,40
3,12,10,5,40
3,13,9,5,40
3,14,9,5,40
3,15,9,5,40
3,16,9,5,40
3,17,10,5,40
3,18,9,5,40
3,19,10,5,40
3,20,9,5,40
3,21,10,5,40
3,22,10,5,40
3,23,9,5,40
3,24,10,5,40
3,25,10,5,40
3,26,9,5,40
3,27,10,5,40
3,28,9,5,40
3,29,10,5,40
3,30,10,5,40
3,31,9,5,40
3,32,9,5,40
3,33,10,5,40
3,34,9,5,40
3,35,10,5,40
3,36,9,5,40
3,37,9,5,40
3,38,10,5,40
3,39,10,5,40
3,40,10,5,40
3,41,9,5,40
3,42,10,5,40
3,43,9,5,40
3,44,10,5,40
3,45,10,5,40
3,46,10,5,40
3,47,9,5,40
3,48,10,5,40
3,49,10,5,40
3,50,9,5,40
3,51,10,5,40
4,0,10,5,40
4,1,10,5,40
4,2,10,5,40
4,3,9,5,40
4,4,9,5,40
4,5,10,5,40
4,6,10,5,40
4,7,10,5,40
4,8,10,5,40
4,9,9,5,40
4,10,9,5,40
4,11,9,5,40
4,12,10,5,40
4,13,10,5,40
4,14,9,5,40
4,15,10,5,40
4,16,9,5,40
4,17,9,5,40
4,18,10,5,40
4,19,9,5,40
4,20,10,5,40
4,21,11,5,40
4,22,10,5,40
4,23,9,5,40
4,24,10,5,40
4,25,10,5,40
4,26,10,5,40
4,27,9,5,40
4,28,10,5,40
4,29,10,5,40
4,30,9,5,40
4,31,10,5,40
4,32,10,5,40
4,33,9,5,40
4,34,10,5,40
4,35,10,5,40
4,36,9,5,40
4,37,10,5,40
4,38,9,5,40
4,39,10,5,40
4,40,9,5,40
4,41,10,5,40
4,42,10,5,40
4,43,10,5,40
4,44,10,5,40
4,45,9,5,40
4,46,10,5,40
4,47,10,5,40
4,48,9,5,40
4,49,10,5,40
4,50,10,5,40
4,51,10,5,40
5,0,9,5,40
5,1,10,5,40
5,2,9,5,40
5,3,9,5,40
5,4,9,5,40
5,5,10,5,40
5,6,10,5,40
5,7,10,5,40
5,8,9,5,40
5,9,10,5,40
5,10,9,5,40
5,11,10,5,40
5,12,9,5,40
5,13,9,5,40
5,14,9,5,40
5,15,10,5,40
5,16,9,5,40
5,17,9,5,40
5,18,9,5,40
5,19,10,5,40
5,20,10,5,40
5,21,9,5,40
5,22,10,5,40
5,23,9,5,40
5,24,9,5,40
5,25,9,5,40
5,26,9,5,40
5,27,10,5,40
5,28,9,5,40
5,29,9,5,40
5,30,9,5,40
5,31,10,5,40
5,32,10,5,40
5,33,10,5,40
5,34,9,5,40
5,35,9,5,40
5,36,9,5,40
5,37,10,5,40
5,38,9,5,40
5,39,9,5,40
5,40,9,5,40
5,41,10,5,40
5,42,9,5,40
5,43,10,5,40
5,44,9,5,40
5,45,10,5,40
5,46,9,5,40
5,47,10,5,40
5,48,10,5,40
5,49,9,5,40
5,50,9,5,40
5,51,10,5,40
6,0,9,5,40
6,1,9,5,40
6,2,9,5,40
6,3,10,5,40
6,4,10,5,40
6,5,10,5,40
6,6,9,5,40
6,7,10,5,40
6,8,10,5,40
6,9,10,5,40
6,10,10,5,40
6,11,10,5,40
6,12,9,5,40
6,13,9,5,40
6,14,9,5,40
6,15,9,5,40
6,16,10,5,40
6,17,9,5,40
6,18,10,5,40
6,19,9,5,40
6,20,9,5,40
6,21,10,5,40
6,22,9,5,40
6,23,10,5,40
6,24,9,5,40
6,25,10,5,40
6,26,10,5,40
6,27,10,5,40
6,28,10,5,40
6,29,10,5,40
6,30,11,5,40
6,31,10,5,40
6,32,9,5,40
6,33,10,5,40
6,34,9,5,40
6,35,9,5,40
6,36,10,5,40
6,37,10,5,40
6,38,10,5,40
6,39,9,5,40
6,40,9,5,40
6,41,10,5,40
6,42,10,5,40
6,43,11,5,40
6,44,9,5,40
6,45,9,5,40
6,46,10,5,40
6,47,9,5,40
6,48,10,5,40
6,49,9,5,40
6,50,9,5,40
6,51,9,5,40
7,0,10,5,40
7,1,9,5,40
7,2,9,5,40
7,3,10,5,40
7,4,9,5,40
7,5,10,5,40
7,6,10,5,40
7,7,9,5,40
7,8,9,5,40
7,9,10,5,40
7,10,10,5,40
7,11,9,5,40
7,12,10,5,40
7,13,10,5,40
7,14,9,5,40
7,15,10,5,40
7,16,9,5,40
7,17,10,5,40
7,18,9,5,40
7,19,9,5,40
7,20,10,5,40
7,21,9,5,40
7,22,10,5,40
7,23,9,5,40
7,24,9,5,40
7,25,9,5,40
7,26,10,5,40
7,27,9,5,40
7,28,10,5,40
7,29,10,5,40
7,30,10,5,40
7,31,10,5,40
7,32,10,5,40
7,33,9,5,40
7,34,10,5,40
7,35,10,5,40
7,36,10,5,40
7,37,9,5,40
7,38,10,5,40
7,39,10,5,40
7,40,10,5,40
7,41,9,5,40
7,42,9,5,40
7,43,9,5,40
7,44,10,5,40
7,45,10,5,40
7,46,10,5,40
7,47,9,5,40
7,48,10,5,40
7,49,9,5,40
7,50,9,5,40
7,51,9,5,40
8,0,9,5,40
8,1,9,5,40
8,2,10,5,40
8,3,9,5,40
8,4,9,5,40
8,5,10,5,40
8,6,9,5,40
8,7,9,5,40
8,8,10,5,40
8,9,9,5,40
8,10,9,5,40
8,11,9,5,40
8,12,9,5,40
8,13,9,5,40
8,14,9,5,40
8,15,10,5,40
8,16,9,5,40
8,17,9,5,40
8,18,9,5,40
8,19,10,5,40
8,20,10,5,40
8,21,10,5,40
8,22,9,5,40
8,23,9,5,40
8,24,9,5,40
8,25,10,5,40
8,26,9,5,40
8,27,10,5,40
8,28,10,5,40
8,29,9,5,40
8,30,10,5,40
8,31,9,5,40
8,32,10,5,40
8,33,10,5,40
8,34,9,5,40
8,35,10,5,40
8,36,9,5,40
8,37,10,5,40
8,38,10,5,40
8,39,10,5,40
8,40,10,5,40
8,41,9,5,40
8,42,10,5,40
8,43,10,5,40
8,44,9,5,40
8,45,9,5,40
8,46,10,5,40
8,47,10,5,40
8,48,9,5,40
8,49,10,5,40
8,50,10,5,40
8,51,9,5,40
9,0,9,5,40
9,1,9,5,40
9,2,10,5,40
9,3,9,5,40
9,4,10,5,40
9,5,9,5,40
9,6,10,5,40
9,7,9,5,40
9,8,9,5,40
9,9,10,5,40
9,10,9,5,40
9,11,10,5,40
9,12,10,5,40
9,13,10,5,40
9,14,10,5,40
9,15,10,5,40
9,16,10,5,40
9,17,9,5,40
9,18,9,5,40
9,19,9,5,40
9,20,9,5,40
9,21,9,5,40
9,22,10,5,40
9,23,10,5,40
9,24,9,5,40
9,25,9,5,40
9,26,10,5,40
9,27,10,5,40
9,28,9,5,40
9,29,9,5,40
9,30,10,5,40
9,31,9,5,40
9,32,9,5,40
9,33,10,5,40
9,34,9,5,40
9,35,10,5,40
9,36,9,5,40
9,37,9,5,40
9,38,9,5,40
9,39,10,5,40
9,40,10,5,40
9,41,10,5,40
9,42,9,5,40
9,43,10,5,40
9,44,10,5,40
9,45,9,5,40
9,46,9,5,40
9,47,10,5,40
9,48,9,5,40
9,49,9,5,40
9,50,10,5,40
9,51,10,5,40
10,0,9,5,40
10,1,10,5,40
10,2,9,5,40
10,3,9,5,40
10,4,9,5,40
10,5,9,5,40
10,6,10,5,40
10,7,9,5,40
10,8,10,5,40
10,9,10,5,40
10,10,9,5,40
10,11,9,5,40
10,12,9,5,40
10,13,10,5,40
10,14,10,5,40
10,15,10,5,40
10,16,10,5,40
10,17,10,5,40
10,18,9,5,40
10,19,10,5,40
10,20,10,5,40
10,21,9,5,40
10,22,10,5,40
10,23,10,5,40
10,24,9,5,40
10,25,10,5,40
10,26,9,5,40
10,27,9,5,40
10,28,9,5,40
10,29,10,5,40
10,30,9,5,40
10,31,10,5,40
10,32,10,5,40
10,33,9,5,40
10,34,9,5,40
10,35,9,5,40
10,36,9,5,40
10,37,9,5,40
10,38,10,5,40
10,39,9,5,40
10,40,10,5,40
10,41,10,5,40
10,42,9,5,40
10,43,10,5,40
10,44,10,5,40
10,45,9,5,40
10,46,10,5,40
10,47,9,5,40
10,48,10,5,40
10,49,10,5,40
10,50,9,5,40
10,51,10,5,40
11,0,9,5,40
11,1,9,5,40
11,2,10,5,40
11,3,9,5,40
11,4,10,5,40
11,5,10,5,40
11,6,9,5,40
11,7,10,5,40
11,8,10,5,40
11,9,9,5,40
11,10,10,5,40
11,11,10,5,40
11,12,9,5,40
11,13,10,5,40
11,14,10,5,40
11,15,9,5,40
11,16,10,5,40
11,17,9,5,40
11,18,10,5,40
11,19,10,5,40
11,20,9,5,40
11,21,10,5,40
11,22,10,5,40
11,23,9,5,40
11,24,9,5,40
11,25,9,5,40
11,26,10,5,40
11,27,9,5,40
11,28,9,5,40
11,29,9,5,40
11,30,10,5,40
11,31,9,5,40
11,32,9,5,40
11,33,9,5,40
11,34,9,5,40
11,35,9,5,40
11,36,10,5,40
11,37,9,5,40
11,38,9,5,40
11,39,9,5,40
11,40,9,5,40
11,41,10,5,40
11,42,10,5,40
11,43,10,5,40
11,44,10,5,40
11,45,10,5,40
11,46,9,5,40
11,47,9,5,40
11,48,9,5,40
11,49,9,5,40
11,50,9,5,40
11,51,9,5,40
12,0,9,5,40
12,1,10,5,40
12,2,10,5,40
12,3,9,5,40
12,4,10,5,40
12,5,9,5,40
12,6,9,5,40
12,7,9,5,40
12,8,10,5,40
12,9,10,5,40
12,10,9,5,40
12,11,9,5,40
12,12,9,5,40
12,13,9,5,40
12,14,9,5,40
12,15,9,5,40
12,16,9,5,40
12,17,9,5,40
12,18,10,5,40
12,19,9,5,40
12,20,10,5,40
12,21,10,5,40
12,22,10,5,40
12,23,10,5,40
12,24,9,5,40
12,25,9,5,40
12,26,10,5,40
12,27,10,5,40
12,28,11,5,40
12,29,9,5,40
12,30,9,5,40
12,31,11,5,40
12,32,10,5,40
12,33,9,5,40
12,34,10,5,40
12,35,9,5,40
12,36,9,5,40
12,37,9,5,40
12,38,9,5,40
12,39,10,5,40
12,40,9,5,40
12,41,10,5,40
12,42,9,5,40
12,43,10,5,40
12,44,10,5,40
12,45,10,5,40
12,46,9,5,40
12,47,10,5,40
12,48,10,5,40
12,49,9,5,40
12,50,9,5,40
12,51,10,5,40
13,0,10,5,40
13,1,9,5,40
13,2,10,5,40
13,3,10,5,40
13,4,9,5,40
13,5,9,5,40
13,6,10,5,40
13,7,9,5,40
13,8,10,5,40
13,9,10,5,40
13,10,10,5,40
13,11,9,5,40
13,12,10,5,40
13,13,11,5,40
13,14,9,5,40
13,15,10,5,40
13,16,9,5,40
13,17,9,5,40
13,18,10,5,40
13,19,9,5,40
13,20,9,5,40
13,21,10,5,40
13,22,10,5,40
13,23,9,5,40
13,24,10,5,40
13,25,9,5,40
13,26,10,5,40
13,27,9,5,40
13,28,10,5,40
13,29,9,5,40
13,30,10,5,40
13,31,9,5,40
13,32,10,5,40
13,33,10,5,40
13,34,10,5,40
13,35,9,5,40
13,36,10,5,40
13,37,10,5,40
13,38,9,5,40
13,39,10,5,40
13,40,10,5,40
13,41,9,5,40
13,42,9,5,40
13,43,9,5,40
13,44,9,5,40
13,45,9,5,40
13,46,10,5,40
13,47,9,5,40
13,48,9,5,40
13,49,9,5,40
13,50,10,5,40
13,51,10,5,40
14,0,9,5,40
14,1,9,5,40
14,2,10,5,40
14,3,9,5,40
14,4,9,5,40
14,5,10,5,40
14,6,10,5,40
14,7,10,5,40
14,8,10,5,40
14,9,10,5,40
14,10,9,5,40
14,11,9,5,40
14,12,9,5,40
14,13,9,5,40
14,14,10,5,40
14,15,10,5,40
14,16,9,5,40
14,17,9,5,40
14,18,10,5,40
14,19,9,5,40
14,20,9,5,40
14,21,10,5,40
14,22,10,5,40
14,23,9,5,40
14,24,10,5,40
14,25,9,5,40
14,26,9,5,40
14,27,9,5,40
14,28,10,5,40
14,29,9,5,40
14,30,9,5,40
14,31,10,5,40
14,32,9,5,40
14,33,9,5,40
14,34,10,5,40
14,35,9,5,40
14,36,10,5,40
14,37,10,5,40
14,38,10,5,40
14,39,9,5,40
14,40,10,5,40
14,41,10,5,40
14,42,10,5,40
14,43,9,5,40
14,44,10,5,40
14,45,9,5,40
14,46,9,5,40
14,47,9,5,40
14,48,10,5,40
14,49,10,5,40
14,50,10,5,40
14,51,9,5,40
15,0,10,5,40
15,1,10,5,40
15,2,10,5,40
15,3,9,5,40
15,4,9,5,40
15,5,10,5,40
15,6,10,5,40
15,7,9,5,40
15,8,9,5,40
15,9,10,5,40
15,10,9,5,40
15,11,10,5,40
15,12,10,5,40
15,13,10,5,40
15,14,10,5,40
15,15,10,5,40
15,16,9,5,40
15,17,9,5,40
15,18,10,5,40
15,19,9,5,40
15,20,10,5,40
15,21,9,5,40
15,22,9,5,40
15,23,10,5,40
15,24,10,5,40
15,25,10,5,40
15,26,10,5,40
15,27,9,5,40
15,28,9,5,40
15,29,9,5,40
15,30,9,5,40
15,31,10,5,40
15,32,9,5,40
15,33,10,5,40
15,34,9,5,40
15,35,10,5,40
15,36,9,5,40
15,37,10,5,40
15,38,9,5,40
15,39,9,5,40
15,40,10,5,40
15,41,9,5,40
15,42,9,5,40
15,43,9,5,40
15,44,9,5,40
15,45,9,5,40
15,46,9,5,40
15,47,9,5,40
15,48,9,5,40
15,49,9,5,40
15,50,10,5,40
15,51,10,5,40
16,0,9,5,40
16,1,9,5,40
16,2,10,5,40
16,3,9,5,40
16,4,10,5,40
16,5,9,5,40
16,6,10,5,40
16,7,10,5,40
16,8,9,5,40
16,9,9,5,40
16,10,10,5,40
16,11,9,5,40
16,12,10,5,40
16,13,9,5,40
16,14,9,5,40
16,15,9,5,40
16,16,10,5,40
16,17,9,5,40
16,18,10,5,40
16,19,10,5,40
16,20,10,5,40
16,21,10,5,40
16,22,10,5,40
16,23,10,5,40
16,24,9,5,40
16,25,9,5,40
16,26,9,5,40
16,27,9,5,40
16,28,9,5,40
16,29,9,5,40
16,30,9,5,40
16,31,10,5,40
16,32,10,5,40
16,33,10,5,40
16,34,9,5,40
16,35,10,5,40
16,36,10,5,40
16,37,9,5,40
16,38,10,5,40
16,39,9,5,40
16,40,9,5,40
16,41,10,5,40
16,42,10,5,40
16,43,10,5,40
16,44,9,5,40
16,45,9,5,40
16,46,10,5,40
16,47,10,5,40
16,48,9,5,40
16,49,9,5,40
16,50,9,5,40
16,51,10,5,40
17,0,9,5,40
17,1,10,5,40
17,2,9,5,40
17,3,10,5,40
17,4,9,5,40
17,5,10,5,40
17,6,9,5,40
17,7,9,5,40
17,8,10,5,40
17,9,9,5,40
17,10,9,5,40
17,11,10,5,40
17,12,9,5,40
17,13,10,5,40
17,14,9,5,40
17,15,9,5,40
17,16,10,5,40
17,17,9,5,40
17,18,10,5,40
17,19,9,5,40
17,20,9,5,40
17,21,9,5,40
17,22,10,5,40
17,23,9,5,40
17,24,10,5,40
17,25,10,5,40
17,26,9,5,40
17,27,10,5,40
17,28,9,5,40
17,29,9,5,40
17,30,10,5,40
17,31,9,5,40
17,32,9,5,40
17,33,9,5,40
17,34,9,5,40
17,35,9,5,40
17,36,10,5,40
17,37,9,5,40
17,38,9,5,40
17,39,9,5,40
17,40,9,5,40
17,41,10,5,40
17,42,9,5,40
17,43,9,5,40
17,44,10,5,40
17,45,10,5,40
17,46,10,5,40
17,47,9,5,40
17,48,9,5,40
17,49,10,5,40
17,50,9,5,40
17,51,9,5,40
18,0,10,5,40
18,1,10,5,40
18,2,10,5,40
18,3,10,5,40
18,4,10,5,40
18,5,11,5,40
18,6,10,5,40
18,7,9,5,40
18,8,10,5,40
18,9,10,5,40
18,10,9,5,40
18,11,9,5,40
18,12,9,5,40
18,13,9,5,40
18,14,9,5,40
18,15,9,5,40
18,16,10,5,40
18,17,10,5,40
18,18,9,5,40
18,19,9,5,40
18,20,9,5,40
18,21,9,5,40
18,22,9,5,40
18,23,9,5,40
18,24,9,5,40
18,25,10,5,40
18,26,10,5,40
18,27,10,5,40
18,28,10,5,40
18,29,10,5,40
18,30,9,5,40
18,31,9,5,40
18,32,10,5,40
18,33,9,5,40
18,34,10,5,40
18,35,10,5,40
18,36,9,5,40
18,37,10,5,40
18,38,10,5,40
18,39,10,5,40
18,40,9,5,40
18,41,10,5,40
18,42,10,5,40
18,43,10,5,40
18,44,10,5,40
18,45,10,5,40
18,46,9,5,40
18,47,10,5,40
18,48,10,5,40
18,49,10,5,40
18,50,9,5,40
18,51,9,5,40
19,0,10,5,40
19,1,11,5,40
19,2,10,5,40
19,3,9,5,40
19,4,10,5,40
19,5,9,5,40
19,6,10,5,40
19,7,9,5,40
19,8,10,5,40
19,9,9,5,40
19,10,9,5,40
19,11,9,5,40
19,12,9,5,40
19,13,10,5,40
19,14,9,5,40
19,15,9,5,40
19,16,10,5,40
19,17,10,5,40
19,18,10,5,40
19,19,11,5,40
19,20,11,5,40
19,21,10,5,40
19,22,10,5,40
19,23,10,5,40
19,24,9,5,40
19,25,9,5,40
19,26,10,5,40
19,27,10,5,40
19,28,10,5,40
19,29,10,5,40
19,30,9,5,40
19,31,9,5,40
19,32,9,5,40
19,33,10,5,40
19,34,10,5,40
19,35,9,5,40
19,36,10,5,40
19,37,10,5,40
19,38,9,5,40
19,39,10,5,40
19,40,11,5,40
19,41,10,5,40
19,42,10,5,40
19,43,9,5,40
19,44,10,5,40
19,45,10,5,40
19,46,9,5,40
19,47,10,5,40
19,48,9,5,40
19,49,9,5,40
19,50,9,5,40
19,51,10,5,40
20,0,10,5,40
20,1,10,5,40
20,2,10,5,40
20,3,10,5,40
20,4,9,5,40
20,5,9,5,40
20,6,10,5,40
20,7,10,5,40
20,8,10,5,40
20,9,9,5,40
20,10,10,5,40
20,11,9,5,40
20,12,9,5,40
20,13,9,5,40
20,14,10,5,40
20,15,9,5,40
20,16,10,5,40
20,17,10,5,40
20,18,10,5,40
20,19,9,5,40
20,20,10,5,40
20,21,9,5,40
20,22,9,5,40
20,23,9,5,40
20,24,9,5,40
20,25,10,5,40
20,26,9,5,40
20,27,9,5,40
20,28,10,5,40
20,29,10,5,40
20,30,10,5,40
20,31,9,5,40
20,32,10,5,40
20,33,11,5,40
20,34,10,5,40
20,35,10,5,40
20,36,9,5,40
20,37,9,5,40
20,38,9,5,40
20,39,10,5,40
20,40,9,5,40
20,41,10,5,40
20,42,10,5,40
20,43,10,5,40
20,44,9,5,40
20,45,10,5,40
20,46,9,5,40
20,47,10,5,40
20,48,10,5,40
20,49,10,5,40
20,50,9,5,40
20,51,9,5,40
21,0,10,5,40
21,1,10,5,40
21,2,9,5,40
21,3,9,5,40
21,4,9,5,40
21,5,9,5,40
21,6,10,5,40
21,7,9,5,40
21,8,9,5,40
21,9,10,5,40
21,10,9,5,40
21,11,9,5,40
21,12,9,5,40
21,13,10,5,40
21,14,10,5,40
21,15,10,5,40
21,16,10,5,40
21,17,9,5,40
21,18,10,5,40
21,19,10,5,40
21,20,10,5,40
21,21,9,5,40
21,22,9,5,40
21,23,10,5,40
21,24,9,5,40
21,25,10,5,40
21,26,10,5,40
21,27,10,5,40
21,28,11,5,40
21,29,9,5,40
21,30,9,5,40
21,31,10,5,40
21,32,9,5,40
21,33,10,5,40
21,34,9,5,40
21,35,10,5,40
21,36,10,5,40
21,37,9,5,40
21,38,10,5,40
21,39,10,5,40
21,40,9,5,40
21,41,9,5,40
21,42,9,5,40
21,43,10,5,40
21,44,9,5,40
21,45,10,5,40
21,46,9,5,40
21,47,9,5,40
21,48,9,5,40
21,49,9,5,40
21,50,9,5,40
21,51,9,5,40
22,0,9,5,40
22,1,10,5,40
22,2,9,5,40
22,3,10,5,40
22,4,10,5,40
22,5,10,5,40
22,6,10,5,40
22,7,10,5,40
22,8,10,5,40
22,9,9,5,40
22,10,10,5,40
22,11,9,5,40
22,12,9,5,40
22,13,10,5,40
22,14,10,5,40
22,15,10,5,40
22,16,9,5,40
22,17,9,5,40
22,18,10,5,40
22,19,9,5,40
22,20,10,5,40
22,21,10,5,40
22,22,9,5,40
22,23,10,5,40
22,24,10,5,40
22,25,9,5,40
22,26,10,5,40
22,27,9,5,40
22,28,9,5,40
22,29,9,5,40
22,30,9,5,40
22,31,10,5,40
22,32,9,5,40
22,33,9,5,40
22,34,9,5,40
22,35,10,5,40
22,36,10,5,40
22,37,9,5,40
22,38,9,5,40
22,39,9,5,40
22,40,10,5,40
22,41,11,5,40
22,42,9,5,40
22,43,10,5,40
22,44,9,5,40
22,45,9,5,40
22,46,10,5,40
22,47,10,5,40
22,48,10,5,40
22,49,9,5,40
22,50,10,5,40
22,51,10,5,40
23,0,9,5,40
23,1,9,5,40
23,2,9,5,40
23,3,9,5,40
23,4,10,5,40
23,5,9,5,40
23,6,9,5,40
23,7,9,5,40
23,8,9,5,40
23,9,9,5,40
23,10,9,5,40
23,11,10,5,40
23,12,9,5,40
23,13,10,5,40
23,14,10,5,40
23,15,9,5,40
23,16,10,5,40
23,17,9,5,40
23,18,10,5,40
23,19,10,5,40
23,20,9,5,40
23,21,10,5,40
23,22,9,5,40
23,23,10,5,40
23,24,10,5,40
23,25,10,5,40
23,26,10,5,40
23,27,9,5,40
23,28,10,5,40
23,29,9,5,40
23,30,9,5,40
23,31,9,5,40
23,32,9,5,40
23,33,10,5,40
23,34,9,5,40
23,35,10,5,40
23,36,10,5,40
23,37,9,5,40
23,38,10,5,40
23,39,9,5,40
23,40,10,5,40
23,41,9,5,40
23,42,9,5,40
23,43,10,5,40
23,44,9,5,40
23,45,10,5,40
23,46,9,5,40
23,47,9,5,40
23,48,10,5,40
23,49,10,5,40
23,50,10,5,40
23,51,9,5,40
24,0,9,5,40
24,1,10,5,40
24,2,9,5,40
24,3,9,5,40
24,4,9,5,40
24,5,10,5,40
24,6,9,5,40
24,7,9,5,40
24,8,9,5,40
24,9,10,5,40
24,10,9,5,40
24,11,9,5,40
24,12,10,5,40
24,13,9,5,40
24,14,9,5,40
24,15,10,5,40
24,16,9,5,40
24,17,10,5,40
24,18,10,5,40
24,19,10,5,40
24,20,10,5,40
24,21,10,5,40
24,22,10,5,40
24,23,9,5,40
24,24,9,5,40
24,25,10,5,40
24,26,10,5,40
24,27,9,5,40
24,28,9,5,40
24,29,9,5,40
24,30,10,5,40
24,31,10,5,40
24,32,10,5,40
24,33,9,5,40
24,34,10,5,40
24,35,10,5,40
24,36,9,5,40
24,37,9,5,40
24,38,10,5,40
24,39,10,5,40
24,40,9,5,40
24,41,10,5,40
24,42,10,5,40
24,43,10,5,40
24,44,9,5,40
24,45,9,5,40
24,46,9,5,40
24,47,9,5,40
24,48,10,5,40
24,49,9,5,40
24,50,9,5,40
24,51,9,5,40
25,0,10,5,40
25,1,10,5,40
25,2,9,5,40
25,3,10,5,40
25,4,9,5,40
25,5,10,5,40
25,6,9,5,40
25,7,10,5,40
25,8,9,5,40
25,9,10,5,40
25,10,9,5,40
25,11,9,5,40
25,12,9,5,40
25,13,9,5,40
25,14,9,5,40
25,15,9,5,40
25,16,10,5,40
25,17,9,5,40
25,18,9,5,40
25,19,10,5,40
25,20,9,5,40
25,21,10,5,40
25,22,10,5,40
25,23,9,5,40
25,24,9,5,40
25,25,9,5,40
25,26,9,5,40
25,27,9,5,40
25,28,10,5,40
25,29,9,5,40
25,30,10,5,40
25,31,9,5,40
25,32,9,5,40
25,33,10,5,40
25,34,10,5,40
25,35,9,5,40
25,36,9,5,40
25,37,9,5,40
25,38,9,5,40
25,39,9,5,40
25,40,10,5,40
25,41,10,5,40
25,42,10,5,40
25,43,9,5,40
25,44,10,5,40
25,45,10,5,40
25,46,9,5,40
25,47,10,5,40
25,48,9,5,40
25,49,10,5,40
25,50,10,5,40
25,51,10,5,40
26,0,10,5,40
26,1,10,5,40
26,2,10,5,40
26,3,9,5,40
26,4,10,5,40
26,5,10,5,40
26,6,9,5,40
26,7,10,5,40
26,8,9,5,40
26,9,10,5,40
26,10,10,5,40
26,11,9,5,40
26,12,10,5,40
26,13,10,5,40
26,14,9,5,40
26,15,9,5,40
26,16,10,5,40
26,17,10,5,40
26,18,10,5,40
26,19,10,5,40
26,20,10,5,40
26,21,10,5,40
26,22,9,5,40
26,23,9,5,40
26,24,10,5,40
26,25,10,5,40
26,26,9,5,40
26,27,9,5,40
26,28,9,5,40
26,29,9,5,40
26,30,10,5,40
26,31,9,5,40
26,32,10,5,40
26,33,9,5,40
26,34,9,5,40
26,35,10,5,40
26,36,9,5,40
26,37,9,5,40
26,38,9,5,40
26,39,9,5,40
26,40,10,5,40
26,41,10,5,40
26,42,10,5,40
26,43,9,5,40
26,44,10,5,40
26,45,10,5,40
26,46,9,5,40
26,47,10,5,40
26,48,9,5,40
26,49,9,5,40
26,50,10,5,40
26,51,10,5,40
27,0,9,5,40
27,1,9,5,40
27,2,10,5,40
27,3,9,5,40
27,4,10,5,40
27,5,10,5,40
27,6,9,5,40
27,7,9,5,40
27,8,9,5,40
27,9,10,5,40
27,10,9,5,40
27,11,9,5,40
27,12,10,5,40
27,13,10,5,40
27,14,10,5,40
27,15,10,5,40
27,16,9,5,40
27,17,9,5,40
27,18,10,5,40
27,19,9,5,40
27,20,10,5,40
27,21,10,5,40
27,22,10,5,40
27,23,10,5,40
27,24,9,5,40
27,25,9,5,40
27,26,10,5,40
27,27,9,5,40
27,28,9,5,40
27,29,10,5,40
27,30,9,5,40
27,31,10,5,40
27,32,10,5,40
27,33,10,5,40
27,34,10,5,40
27,35,9,5,40
27,36,10,5,40
27,37,10,5,40
27,38,10,5,40
27,39,10,5,40
27,40,9,5,40
27,41,9,5,40
27,42,10,5,40
27,43,10,5,40
27,44,9,5,40
27,45,10,5,40
27,46,9,5,40
27,47,9,5,40
27,48,10,5,40
27,49,9,5,40
27,50,10,5,40
27,51,9,5,40
28,0,10,5,40
28,1,9,5,40
28,2,9,5,40
28,3,9,5,40
28,4,9,5,40
28,5,9,5,40
28,6,10,5,40
28,7,9,5,40
28,8,10,5,40
28,9,10,5,40
28,10,10,5,40
28,11,9,5,40
28,12,9,5,40
28,13,9,5,40
28,14,10,5,40
28,15,10,5,40
28,16,10,5,40
28,17,9,5,40
28,18,10,5,40
28,19,10,5,40
28,20,10,5,40
28,21,10,5,40
28,22,10,5,40
28,23,9,5,40
28,24,9,5,40
28,25,10,5,40
28,26,9,5,40
28,27,9,5,40
28,28,10,5,40
28,29,9,5,40
28,30,9,5,40
28,31,10,5,40
28,32,10,5,40
28,33,9,5,40
28,34,9,5,40
28,35,9,5,40
28,36,10,5,40
28,37,9,5,40
28,38,9,5,40
28,39,10,5,40
28,40,10,5,40
28,41,9,5,40
28,42,10,5,40
28,43,10,5,40
28,44,10,5,40
28,45,9,5,40
28,46,10,5,40
28,47,9,5,40
28,48,10,5,40
28,49,9,5,40
28,50,9,5,40
28,51,9,5,40
29,0,10,5,40
29,1,9,5,40
29,2,9,5,40
29,3,9,5,40
29,4,9,5,40
29,5,9,5,40
29,6,10,5,40
29,7,9,5,40
29,8,9,5,40
29,9,10,5,40
29,10,10,5,40
29,11,9,5,40
29,12,10,5,40
29,13,9,5,40
29,14,9,5,40
29,15,9,5,40
29,16,9,5,40
29,17,9,5,40
29,18,9,5,40
29,19,9,5,40
29,20,11,5,40
29,21,10,5,40
29,22,9,5,40
29,23,10,5,40
29,24,9,5,40
29,25,10,5,40
29,26,9,5,40
29,27,9,5,40
29,28,9,5,40
29,29,10,5,40
29,30,10,5,40
29,31,10,5,40
29,32,10,5,40
29,33,9,5,40
29,34,9,5,40
29,35,10,5,40
29,36,9,5,40
29,37,10,5,40
29,38,9,5,40
29,39,9,5,40
29,40,9,5,40
29,41,9,5,40
29,42,10,5,40
29,43,11,5,40
29,44,10,5,40
29,45,9,5,40
29,46,9,5,40
29,47,10,5,40
29,48,9,5,40
29,49,10,5,40
29,50,10,5,40
29,51,9,5,40
30,0,10,5,40
30,1,9,5,40
30,2,9,5,40
30,3,10,5,40
30,4,10,5,40
30,5,9,5,40
30,6,9,5,40
30,7,9,5,40
30,8,9,5,40
30,9,10,5,40
30,10,10,5,40
30,11,10,5,40
30,12,9,5,40
30,13,9,5,40
30,14,10,5,40
30,15,10,5,40
30,16,9,5,40
30,17,10,5,40
30,18,9,5,40
30,19,8,5,40
30,20,9,5,40
30,21,9,5,40
30,22,10,5,40
30,23,11,5,40
30,24,9,5,40
30,25,9,5,40
30,26,9,5,40
30,27,9,5,40
30,28,9,5,40
30,29,10,5,40
30,30,9,5,40
30,31,10,5,40
30,32,10,5,40
30,33,9,5,40
30,34,9,5,40
30,35,9,5,40
30,36,10,5,40
30,37,10,5,40
30,38,9,5,40
30,39,9,5,40
30,40,10,5,40
30,41,10,5,40
30,42,9,5,40
30,43,10,5,40
30,44,10,5,40
30,45,10,5,40
30,46,10,5,40
30,47,9,5,40
30,48,10,5,40
30,49,10,5,40
30,50,10,5,40
30,51,10,5,40
1,0,8,5,60
1,1,9,5,60
1,2,8,5,60
1,3,9,5,60
1,4,9,5,60
1,5,9,5,60
1,6,8,5,60
1,7,8,5,60
1,8,8,5,60
1,9,9,5,60
1,10,9,5,60
1,11,8,5,60
1,12,8,5,60
1,13,8,5,60
1,14,8,5,60
1,15,7,5,60
1,16,8,5,60
1,17,8,5,60
1,18,9,5,60
1,19,8,5,60
1,20,8,5,60
1,21,8,5,60
1,22,9,5,60
1,23,8,5,60
1,24,9,5,60
1,25,8,5,60
1,26,8,5,60
1,27,8,5,60
1,28,8,5,60
1,29,8,5,60
1,30,9,5,60
1,31,9,5,60
1,32,9,5,60
1,33,8,5,60
1,34,9,5,60
1,35,9,5,60
1,36,8,5,60
1,37,8,5,60
1,38,8,5,60
1,39,9,5,60
1,40,9,5,60
1,41,9,5,60
1,42,8,5,60
1,43,8,5,60
1,44,8,5,60
1,45,9,5,60
1,46,9,5,60
1,47,8,5,60
1,48,8,5,60
1,49,8,5,60
1,50,9,5,60
1,51,9,5,60
2,0,9,5,60
2,1,8,5,60
2,2,9,5,60
2,3,9,5,60
2,4,9,5,60
2,5,9,5,60
2,6,9,5,60
2,7,9,5,60
2,8,9,5,60
2,9,8,5,60
2,10,8,5,60
2,11,8,5,60
2,12,9,5,60
2,13,8,5,60
2,14,8,5,60
2,15,7,5,60
2,16,8,5,60
2,17,8,5,60
2,18,8,5,60
2,19,9,5,60
2,20,9,5,60
2,21,8,5,60
2,22,8,5,60
2,23,9,5,60
2,24,8,5,60
2,25,8,5,60
2,26,8,5,60
2,27,8,5,60
2,28,8,5,60
2,29,9,5,60
2,30,8,5,60
2,31,8,5,60
2,32,8,5,60
2,33,8,5,60
2,34,8,5,60
2,35,9,5,60
2,36,8,5,60
2,37,9,5,60
2,38,9,5,60
2,39,9,5,60
2,40,7,5,60
2,41,8,5,60
2,42,8,5,60
2,43,8,5,60
2,44,8,5,60
2,45,8,5,60
2,46,8,5,60
2,47,9,5,60
2,48,8,5,60
2,49,8,5,60
2,50,8,5,60
2,51,8,5,60
3,0,9,5,60
3,1,8,5,60
3,2,8,5,60
3,3,9,5,60
3,4,9,5,60
3,5,8,5,60
3,6,8,5,60
3,7,8,5,60
3,8,8,5,60
3,9,8,5,60
3,10,8,5,60
3,11,8,5,60
3,12,8,5,60
3,13,8,5,60
3,14,8,5,60
3,15,8,5,60
3,16,8,5,60
3,17,8,5,60
3,18,8,5,60
3,19,8,5,60
3,20,8,5,60
3,21,8,5,60
3,22,9,5,60
3,23,9,5,60
3,24,9,5,60
3,25,9,5,60
3,26,8,5,60
3,27,8,5,60
3,28,8,5,60
3,29,8,5,60
3,30,8,5,60
3,31,8,5,60
3,32,8,5,60
3,33,8,5,60
3,34,8,5,60
3,35,9,5,60
3,36,9,5,60
3,37,9,5,60
3,38,9,5,60
3,39,9,5,60
3,40,8,5,60
3,41,8,5,60
3,42,8,5,60
3,43,9,5,60
3,44,8,5,60
3,45,8,5,60
3,46,8,5,60
3,47,8,5,60
3,48,8,5,60
3,49,8,5,60
3,50,9,5,60
3,51,8,5,60
4,0,9,5,60
4,1,9,5,60
4,2,8,5,60
4,3,9,5,60
4,4,8,5,60
4,5,9,5,60
4,6,8,5,60
4,7,8,5,60
4,8,8,5,60
4,9,8,5,60
4,10,8,5,60
4,11,8,5,60
4,12,9,5,60
4,13,8,5,60
4,14,8,5,60
4,15,8,5,60
4,16,8,5,60
4,17,9,5,60
4,18,8,5,60
4,19,9,5,60
4,20,9,5,60
4,21,9,5,60
4,22,9,5,60
4,23,9,5,60
4,24,9,5,60
4,25,9,5,60
4,26,9,5,60
4,27,9,5,60
4,28,9,5,60
4,29,8,5,60
4,30,8,5,60
4,31,8,5,60
4,32,8,5,60
4,33,9,5,60
4,34,8,5,60
4,35,9,5,60
4,36,8,5,60
4,37,8,5,60
4,38,8,5,60
4,39,8,5,60
4,40,8,5,60
4,41,8,5,60
4,42,8,5,60
4,43,8,5,60
4,44,8,5,60
4,45,8,5,60
4,46,9,5,60
4,47,8,5,60
4,48,8,5,60
4,49,9,5,60
4,50,9,5,60
4,51,8,5,60
5,0,9,5,60
5,1,8,5,60
5,2,8,5,60
5,3,8,5,60
5,4,8,5,60
5,5,9,5,60
5,6,8,5,60
5,7,8,5,60
5,8,8,5,60
5,9,9,5,60
5,10,8,5,60
5,11,8,5,60
5,12,8,5,60
5,13,8,5,60
5,14,8,5,60
5,15,8,5,60
5,16,9,5,60
5,17,8,5,60
5,18,8,5,60
5,19,8,5,60
5,20,8,5,60
5,21,8,5,60
5,22,8,5,60
5,23,8,5,60
5,24,8,5,60
5,25,9,5,60
5,26,8,5,60
5,27,8,5,60
5,28,9,5,60
5,29,8,5,60
5,30,8,5,60
5,31,9,5,60
5,32,9,5,60
5,33,8,5,60
5,34,8,5,60
5,35,9,5,60
5,36,9,5,60
5,37,9,5,60
5,38,8,5,60
5,39,8,5,60
5,40,9,5,60
5,41,8,5,60
5,42,8,5,60
5,43,8,5,60
5,44,8,5,60
5,45,8,5,60
5,46,8,5,60
5,47,8,5,60
5,48,8,5,60
5,49,9,5,60
5,50,9,5,60
5,51,9,5,60
6,0,9,5,60
6,1,9,5,60
6,2,8,5,60
6,3,9,5,60
6,4,9,5,60
6,5,8,5,60
6,6,8,5,60
6,7,8,5,60
6,8,8,5,60
6,9,8,5,60
6,10,8,5,60
6,11,8,5,60
6,12,8,5,60
6,13,8,5,60
6,14,8,5,60
6,15,8,5,60
6,16,8,5,60
6,17,8,5,60
6,18,8,5,60
6,19,8,5,60
6,20,9,5,60
6,21,9,5,60
6,22,9,5,60
6,23,8,5,60
6,24,9,5,60
6,25,9,5,60
6,26,9,5,60
6,27,9,5,60
6,28,9,5,60
6,29,9,5,60
6,30,8,5,60
6,31,8,5,60
6,32,8,5,60
6,33,8,5,60
6,34,8,5,60
6,35,9,5,60
6,36,9,5,60
6,37,9,5,60
6,38,9,5,60
6,39,8,5,60
6,40,8,5,60
6,41,8,5,60
6,42,8,5,60
6,43,9,5,60
6,44,8,5,60
6,45,8,5,60
6,46,8,5,60
6,47,9,5,60
6,48,9,5,60
6,49,9,5,60
6,50,8,5,60
6,51,8,5,60
7,0,9,5,60
7,1,9,5,60
7,2,8,5,60
7,3,9,5,60
7,4,8,5,60
7,5,8,5,60
7,6,9,5,60
7,7,9,5,60
7,8,9,5,60
7,9,8,5,60
7,10,9,5,60
7,11,9,5,60
7,12,9,5,60
7,13,8,5,60
7,14,8,5,60
7,15,9,5,60
7,16,8,5,60
7,17,8,5,60
7,18,8,5,60
7,19,9,5,60
7,20,9,5,60
7,21,9,5,60
7,22,9,5,60
7,23,8,5,60
7,24,8,5,60
7,25,8,5,60
7,26,9,5,60
7,27,9,5,60
7,28,8,5,60
7,29,9,5,60
7,30,8,5,60
7,31,9,5,60
7,32,8,5,60
7,33,8,5,60
7,34,8,5,60
7,35,8,5,60
7,36,8,5,60
7,37,8,5,60
7,38,8,5,60
7,39,9,5,60
7,40,9,5,60
7,41,8,5,60
7,42,9,5,60
7,43,9,5,60
7,44,8,5,60
7,45,8,5,60
7,46,8,5,60
7,47,8,5,60
7,48,8,5,60
7,49,8,5,60
7,50,8,5,60
7,51,8,5,60
8,0,8,5,60
8,1,8,5,60
8,2,8,5,60
8,3,9,5,60
8,4,8,5,60
8,5,8,5,60
8,6,8,5,60
8,7,8,5,60
8,8,9,5,60
8,9,8,5,60
8,10,8,5,60
8,11,8,5,60
8,12,8,5,60
8,13,8,5,60
8,14,8,5,60
8,15,8,5,60
8,16,9,5,60
8,17,9,5,60
8,18,9,5,60
8,19,9,5,60
8,20,8,5,60
8,21,8,5,60
8,22,9,5,60
8,23,9,5,60
8,24,8,5,60
8,25,9,5,60
8,26,8,5,60
8,27,9,5,60
8,28,8,5,60
8,29,8,5,60
8,30,9,5,60
8,31,7,5,60
8,32,9,5,60
8,33,9,5,60
8,34,8,5,60
8,35,8,5,60
8,36,8,5,60
8,37,8,5,60
8,38,8,5,60
8,39,9,5,60
8,40,8,5,60
8,41,8,5,60
8,42,9,5,60
8,43,8,5,60
8,44,9,5,60
8,45,9,5,60
8,46,9,5,60
8,47,9,5,60
8,48,8,5,60
8,49,8,5,60
8,50,8,5,60
8,51,9,5,60
9,0,8,5,60
9,1,8,5,60
9,2,8,5,60
9,3,8,5,60
9,4,8,5,60
9,5,8,5,60
9,6,8,5,60
9,7,8,5,60
9,8,9,5,60
9,9,8,5,60
9,10,9,5,60
9,11,8,5,60
9,12,8,5,60
9,13,8,5,60
9,14,8,5,60
9,15,8,5,60
9,16,9,5,60
9,17,9,5,60
9,18,8,5,60
9,19,9,5,60
9,20,9,5,60
9,21,8,5,60
9,22,9,5,60
9,23,8,5,60
9,24,9,5,60
9,25,8,5,60
9,26,8,5,60
9,27,8,5,60
9,28,8,5,60
9,29,8,5,60
9,30,8,5,60
9,31,8,5,60
9,32,8,5,60
9,33,8,5,60
9,34,9,5,60
9,35,8,5,60
9,36,9,5,60
9,37,8,5,60
9,38,8,5,60
9,39,8,5,60
9,40,8,5,60
9,41,8,5,60
9,42,8,5,60
9,43,8,5,60
9,44,8,5,60
9,45,8,5,60
9,46,8,5,60
9,47,9,5,60
9,48,8,5,60
9,49,8,5,60
9,50,8,5,60
9,51,8,5,60
10,0,8,5,60
10,1,8,5,60
10,2,8,5,60
10,3,9,5,60
10,4,9,5,60
10,5,8,5,60
10,6,8,5,60
10,7,8,5,60
10,8,8,5,60
10,9,8,5,60
10,10,8,5,60
10,11,8,5,60
10,12,8,5,60
10,13,8,5,60
10,14,8,5,60
10,15,8,5,60
10,16,9,5,60
10,17,9,5,60
10,18,8,5,60
10,19,8,5,60
10,20,9,5,60
10,21,8,5,60
10,22,8,5,60
10,23,8,5,60
10,24,8,5,60
10,25,8,5,60
10,26,9,5,60
10,27,8,5,60
10,28,8,5,60
10,29,8,5,60
10,30,8,5,60
10,31,8,5,60
10,32,8,5,60
10,33,8,5,60
10,34,8,5,60
10,35,8,5,60
10,36,8,5,60
10,37,8,5,60
10,38,9,5,60
10,39,8,5,60
10,40,9,5,60
10,41,9,5,60
10,42,8,5,60
10,43,9,5,60
10,44,8,5,60
10,45,8,5,60
10,46,8,5,60
10,47,9,5,60
10,48,9,5,60
10,49,8,5,60
10,50,8,5,60
10,51,7,5,60
11,0,8,5,60
11,1,8,5,60
11,2,8,5,60
11,3,8,5,60
11,4,8,5,60
11,5,8,5,60
11,6,8,5,60
11,7,9,5,60
11,8,8,5,60
11,9,9,5,60
11,10,9,5,60
11,11,9,5,60
11,12,9,5,60
11,13,8,5,60
11,14,8,5,60
11,15,8,5,60
11,16,8,5,60
11,17,8,5,60
11,18,8,5,60
11,19,8,5,60
11,20,9,5,60
11,21,9,5,60
11,22,8,5,60
11,23,8,5,60
11,24,8,5,60
11,25,8,5,60
11,26,8,5,60
11,27,9,5,60
11,28,8,5,60
11,29,9,5,60
11,30,8,5,60
11,31,8,5,60
11,32,8,5,60
11,33,9,5,60
11,34,8,5,60
11,35,8,5,60
11,36,8,5,60
11,37,8,5,60
11,38,9,5,60
11,39,9,5,60
11,40,9,5,60
11,41,9,5,60
11,42,8,5,60
11,43,8,5,60
11,44,8,5,60
11,45,8,5,60
11,46,8,5,60
11,47,8,5,60
11,48,8,5,60
11,49,9,5,60
11,50,9,5,60
11,51,8,5,60
12,0,9,5,60
12,1,8,5,60
12,2,8,5,60
12,3,9,5,60
12,4,8,5,60
12,5,8,5,60
12,6,8,5,60
12,7,9,5,60
12,8,9,5,60
12,9,9,5,60
12,10,10,5,60
12,11,8,5,60
12,12,9,5,60
12,13,9,5,60
12,14,8,5,60
12,15,8,5,60
12,16,8,5,60
12,17,8,5,60
12,18,8,5,60
12,19,8,5,60
12,20,8,5,60
12,21,8,5,60
12,22,8,5,60
12,23,8,5,60
12,24,8,5,60
12,25,9,5,60
12,26,8,5,60
12,27,8,5,60
12,28,9,5,60
12,29,8,5,60
12,30,8,5,60
12,31,8,5,60
12,32,9,5,60
12,33,8,5,60
12,34,8,5,60
12,35,8,5,60
12,36,8,5,60
12,37,8,5,60
12,38,8,5,60
12,39,8,5,60
12,40,8,5,60
12,41,8,5,60
12,42,8,5,60
12,43,8,5,60
12,44,9,5,60
12,45,8,5,60
12,46,8,5,60
12,47,8,5,60
12,48,8,5,60
12,49,8,5,60
12,50,8,5,60
12,51,9,5,60
13,0,8,5,60
13,1,8,5,60
13,2,8,5,60
13,3,8,5,60
13,4,8,5,60
13,5,8,5,60
13,6,8,5,60
13,7,8,5,60
13,8,8,5,60
13,9,8,5,60
13,10,8,5,60
13,11,8,5,60
13,12,8,5,60
13,13,8,5,60
13,14,8,5,60
13,15,9,5,60
13,16,9,5,60
13,17,9,5,60
13,18,8,5,60
13,19,8,5,60
13,20,9,5,60
13,21,8,5,60
13,22,8,5,60
13,23,8,5,60
13,24,8,5,60
13,25,9,5,60
13,26,8,5,60
13,27,8,5,60
13,28,8,5,60
13,29,8,5,60
13,30,8,5,60
13,31,9,5,60
13,32,9,5,60
13,33,8,5,60
13,34,8,5,60
13,35,8,5,60
13,36,8,5,60
13,37,9,5,60
13,38,9,5,60
13,39,9,5,60
13,40,9,5,60
13,41,9,5,60
13,42,9,5,60
13,43,8,5,60
13,44,8,5,60
13,45,8,5,60
13,46,8,5,60
13,47,8,5,60
13,48,7,5,60
13,49,9,5,60
13,50,9,5,60
13,51,8,5,60
14,0,9,5,60
14,1,9,5,60
14,2,9,5,60
14,3,9,5,60
14,4,8,5,60
14,5,8,5,60
14,6,8,5,60
14,7,8,5,60
14,8,8,5,60
14,9,8,5,60
14,10,8,5,60
14,11,8,5,60
14,12,8,5,60
14,13,8,5,60
14,14,9,5,60
14,15,8,5,60
14,16,8,5,60
14,17,8,5,60
14,18,8,5,60
14,19,8,5,60
14,20,8,5,60
14,21,8,5,60
14,22,8,5,60
14,23,8,5,60
14,24,9,5,60
14,25,9,5,60
14,26,8,5,60
14,27,9,5,60
14,28,9,5,60
14,29,8,5,60
14,30,8,5,60
14,31,8,5,60
14,32,8,5,60
14,33,8,5,60
14,34,8,5,60
14,35,9,5,60
14,36,9,5,60
14,37,8,5,60
14,38,8,5,60
14,39,8,5,60
14,40,8,5,60
14,41,7,5,60
14,42,8,5,60
14,43,8,5,60
14,44,8,5,60
14,45,8,5,60
14,46,8,5,60
14,47,9,5,60
14,48,9,5,60
14,49,9,5,60
14,50,9,5,60
14,51,8,5,60
15,0,8,5,60
15,1,8,5,60
15,2,9,5,60
15,3,9,5,60
15,4,9,5,60
15,5,9,5,60
15,6,9,5,60
15,7,8,5,60
15,8,9,5,60
15,9,8,5,60
15,10,9,5,60
15,11,8,5,60
15,12,8,5,60
15,13,8,5,60
15,14,8,5,60
15,15,9,5,60
15,16,9,5,60
15,17,8,5,60
15,18,9,5,60
15,19,8,5,60
15,20,8,5,60
15,21,8,5,60
15,22,8,5,60
15,23,8,5,60
15,24,8,5,60
15,25,8,5,60
15,26,8,5,60
15,27,9,5,60
15,28,7,5,60
15,29,8,5,60
15,30,8,5,60
15,31,8,5,60
15,32,8,5,60
15,33,8,5,60
15,34,8,5,60
15,35,8,5,60
15,36,8,5,60
15,37,8,5,60
15,38,8,5,60
15,39,8,5,60
15,40,8,5,60
15,41,9,5,60
15,42,8,5,60
15,43,9,5,60
15,44,8,5,60
15,45,8,5,60
15,46,8,5,60
15,47,8,5,60
15,48,8,5,60
15,49,8,5,60
15,50,8,5,60
15,51,8,5,60
16,0,8,5,60
16,1,9,5,60
16,2,8,5,60
16,3,8,5,60
16,4,8,5,60
16,5,8,5,60
16,6,8,5,60
16,7,8,5,60
16,8,8,5,60
16,9,8,5,60
16,10,8,5,60
16,11,8,5,60
16,12,8,5,60
16,13,8,5,60
16,14,8,5,60
16,15,8,5,60
16,16,8,5,60
16,17,8,5,60
16,18,9,5,60
16,19,9,5,60
16,20,8,5,60
16,21,9,5,60
16,22,8,5,60
16,23,9,5,60
16,24,8,5,60
16,25,8,5,60
16,26,9,5,60
16,27,9,5,60
16,28,8,5,60
16,29,9,5,60
16,30,9,5,60
16,31,8,5,60
16,32,8,5,60
16,33,8,5,60
16,34,9,5,60
16,35,9,5,60
16,36,8,5,60
16,37,9,5,60
16,38,8,5,60
16,39,8,5,60
16,40,8,5,60
16,41,9,5,60
16,42,8,5,60
16,43,9,5,60
16,44,9,5,60
16,45,8,5,60
16,46,8,5,60
16,47,8,5,60
16,48,9,5,60
16,49,9,5,60
16,50,8,5,60
16,51,9,5,60
17,0,9,5,60
17,1,8,5,60
17,2,8,5,60
17,3,8,5,60
17,4,8,5,60
17,5,9,5,60
17,6,9,5,60
17,7,9,5,60
17,8,8,5,60
17,9,8,5,60
17,10,8,5,60
17,11,8,5,60
17,12,8,5,60
17,13,8,5,60
17,14,8,5,60
17,15,8,5,60
17,16,8,5,60
17,17,8,5,60
17,18,8,5,60
17,19,8,5,60
17,20,8,5,60
17,21,9,5,60
17,22,8,5,60
17,23,8,5,60
17,24,9,5,60
17,25,8,5,60
17,26,8,5,60
17,27,9,5,60
17,28,9,5,60
17,29,9,5,60
17,30,8,5,60
17,31,8,5,60
17,32,8,5,60
17,33,8,5,60
17,34,8,5,60
17,35,8,5,60
17,36,9,5,60
17,37,8,5,60
17,38,8,5,60
17,39,8,5,60
17,40,8,5,60
17,41,8,5,60
17,42,8,5,60
17,43,8,5,60
17,44,8,5,60
17,45,9,5,60
17,46,8,5,60
17,47,8,5,60
17,48,9,5,60
17,49,8,5,60
17,50,8,5,60
17,51,8,5,60
18,0,8,5,60
18,1,9,5,60
18,2,8,5,60
18,3,9,5,60
18,4,8,5,60
18,5,9,5,60
18,6,8,5,60
18,7,8,5,60
18,8,8,5,60
18,9,8,5,60
18,10,8,5,60
18,11,9,5,60
18,12,9,5,60
18,13,8,5,60
18,14,9,5,60
18,15,8,5,60
18,16,8,5,60
18,17,8,5,60
18,18,9,5,60
18,19,8,5,60
18,20,8,5,60
18,21,8,5,60
18,22,8,5,60
18,23,8,5,60
18,24,8,5,60
18,25,8,5,60
18,26,8,5,60
18,27,8,5,60
18,28,8,5,60
18,29,8,5,60
18,30,8,5,60
18,31,8,5,60
18,32,8,5,60
18,33,8,5,60
18,34,8,5,60
18,35,8,5,60
18,36,8,5,60
18,37,8,5,60
18,38,8,5,60
18,39,8,5,60
18,40,8,5,60
18,41,9,5,60
18,42,9,5,60
18,43,9,5,60
18,44,9,5,60
18,45,8,5,60
18,46,8,5,60
18,47,8,5,60
18,48,9,5,60
18,49,9,5,60
18,50,8,5,60
18,51,8,5,60
19,0,8,5,60
19,1,8,5,60
19,2,9,5,60
19,3,8,5,60
19,4,9,5,60
19,5,9,5,60
19,6,8,5,60
19,7,9,5,60
19,8,8,5,60
19,9,8,5,60
19,10,8,5,60
19,11,9,5,60
19,12,8,5,60
19,13,8,5,60
19,14,8,5,60
19,15,8,5,60
19,16,8,5,60
19,17,8,5,60
19,18,8,5,60
19,19,8,5,60
19,20,9,5,60
19,21,8,5,60
19,22,8,5,60
19,23,9,5,60
19,24,9,5,60
19,25,8,5,60
19,26,8,5,60
19,27,8,5,60
19,28,8,5,60
19,29,9,5,60
19,30,8,5,60
19,31,8,5,60
19,32,8,5,60
19,33,9,5,60
19,34,8,5,60
19,35,8,5,60
19,36,9,5,60
19,37,9,5,60
19,38,9,5,60
19,39,9,5,60
19,40,9,5,60
19,41,9,5,60
19,42,8,5,60
19,43,8,5,60
19,44,8,5,60
19,45,9,5,60
19,46,9,5,60
19,47,8,5,60
19,48,9,5,60
19,49,9,5,60
19,50,8,5,60
19,51,8,5,60
20,0,8,5,60
20,1,8,5,60
20,2,8,5,60
20,3,9,5,60
20,4,8,5,60
20,5,8,5,60
20,6,8,5,60
20,7,8,5,60
20,8,9,5,60
20,9,8,5,60
20,10,8,5,60
20,11,9,5,60
20,12,9,5,60
20,13,9,5,60
20,14,8,5,60
20,15,8,5,60
20,16,8,5,60
20,17,8,5,60
20,18,8,5,60
20,19,8,5,60
20,20,9,5,60
20,21,9,5,60
20,22,9,5,60
20,23,8,5,60
20,24,8,5,60
20,25,8,5,60
20,26,8,5,60
20,27,8,5,60
20,28,8,5,60
20,29,8,5,60
20,30,8,5,60
20,31,8,5,60
20,32,8,5,60
20,33,8,5,60
20,34,8,5,60
20,35,8,5,60
20,36,8,5,60
20,37,8,5,60
20,38,9,5,60
20,39,8,5,60
20,40,9,5,60
20,41,8,5,60
20,42,8,5,60
20,43,8,5,60
20,44,8,5,60
20,45,8,5,60
20,46,8,5,60
20,47,8,5,60
20,48,8,5,60
20,49,9,5,60
20,50,9,5,60
20,51,9,5,60
21,0,8,5,60
21,1,8,5,60
21,2,8,5,60
21,3,8,5,60
21,4,8,5,60
21,5,8,5,60
21,6,8,5,60
21,7,8,5,60
21,8,8,5,60
21,9,8,5,60
21,10,9,5,60
21,11,8,5,60
21,12,8,5,60
21,13,8,5,60
21,14,9,5,60
21,15,8,5,60
21,16,9,5,60
21,17,8,5,60
21,18,9,5,60
21,19,8,5,60
21,20,8,5,60
21,21,8,5,60
21,22,8,5,60
21,23,9,5,60
21,24,8,5,60
21,25,8,5,60
21,26,9,5,60
21,27,9,5,60
21,28,8,5,60
21,29,8,5,60
21,30,8,5,60
21,31,9,5,60
21,32,8,5,60
21,33,8,5,60
21,34,8,5,60
21,35,8,5,60
21,36,8,5,60
21,37,9,5,60
21,38,8,5,60
21,39,8,5,60
21,40,9,5,60
21,41,9,5,60
21,42,9,5,60
21,43,9,5,60
21,44,9,5,60
21,45,8,5,60
21,46,8,5,60
21,47,8,5,60
21,48,8,5,60
21,49,9,5,60
21,50,8,5,60
21,51,9,5,60
22,0,8,5,60
22,1,8,5,60
22,2,8,5,60
22,3,8,5,60
22,4,8,5,60
22,5,9,5,60
22,6,9,5,60
22,7,9,5,60
22,8,8,5,60
22,9,8,5,60
22,10,8,5,60
22,11,8,5,60
22,12,8,5,60
22,13,8,5,60
22,14,8,5,60
22,15,8,5,60
22,16,9,5,60
22,17,8,5,60
22,18,8,5,60
22,19,8,5,60
22,20,8,5,60
22,21,8,5,60
22,22,9,5,60
22,23,9,5,60
22,24,9,5,60
22,25,9,5,60
22,26,8,5,60
22,27,8,5,60
22,28,8,5,60
22,29,8,5,60
22,30,8,5,60
22,31,9,5,60
22,32,9,5,60
22,33,9,5,60
22,34,9,5,60
22,35,9,5,60
22,36,9,5,60
22,37,9,5,60
22,38,9,5,60
22,39,8,5,60
22,40,9,5,60
22,41,9,5,60
22,42,8,5,60
22,43,8,5,60
22,44,8,5,60
22,45,8,5,60
22,46,9,5,60
22,47,8,5,60
22,48,8,5,60
22,49,8,5,60
22,50,8,5,60
22,51,8,5,60
23,0,8,5,60
23,1,9,5,60
23,2,8,5,60
23,3,8,5,60
23,4,8,5,60
23,5,8,5,60
23,6,8,5,60
23,7,8,5,60
23,8,8,5,60
23,9,9,5,60
23,10,9,5,60
23,11,8,5,60
23,12,9,5,60
23,13,8,5,60
23,14,8,5,60
23,15,8,5,60
23,16,8,5,60
23,17,9,5,60
23,18,8,5,60
23,19,8,5,60
23,20,8,5,60
23,21,8,5,60
23,22,8,5,60
23,23,8,5,60
23,24,9,5,60
23,25,8,5,60
23,26,8,5,60
23,27,8,5,60
23,28,9,5,60
23,29,8,5,60
23,30,9,5,60
23,31,8,5,60
23,32,8,5,60
23,33,8,5,60
23,34,8,5,60
23,35,8,5,60
23,36,9,5,60
23,37,8,5,60
23,38,9,5,60
23,39,9,5,60
23,40,8,5,60
23,41,8,5,60
23,42,7,5,60
23,43,8,5,60
23,44,8,5,60
23,45,8,5,60
23,46,9,5,60
23,47,7,5,60
23,48,8,5,60
23,49,8,5,60
23,50,8,5,60
23,51,8,5,60
24,0,9,5,60
24,1,9,5,60
24,2,9,5,60
24,3,9,5,60
24,4,9,5,60
24,5,9,5,60
24,6,8,5,60
24,7,8,5,60
24,8,8,5,60
24,9,8,5,60
24,10,8,5,60
24,11,8,5,60
24,12,8,5,60
24,13,8,5,60
24,14,9,5,60
24,15,9,5,60
24,16,9,5,60
24,17,9,5,60
24,18,9,5,60
24,19,8,5,60
24,20,8,5,60
24,21,8,5,60
24,22,8,5,60
24,23,8,5,60
24,24,9,5,60
24,25,9,5,60
24,26,9,5,60
24,27,8,5,60
24,28,8,5,60
24,29,8,5,60
24,30,9,5,60
24,31,9,5,60
24,32,8,5,60
24,33,8,5,60
24,34,8,5,60
24,35,8,5,60
24,36,7,5,60
24,37,8,5,60
24,38,8,5,60
24,39,8,5,60
24,40,8,5,60
24,41,8,5,60
24,42,8,5,60
24,43,8,5,60
24,44,8,5,60
24,45,9,5,60
24,46,9,5,60
24,47,8,5,60
24,48,8,5,60
24,49,8,5,60
24,50,8,5,60
24,51,9,5,60
25,0,8,5,60
25,1,8,5,60
25,2,8,5,60
25,3,8,5,60
25,4,8,5,60
25,5,8,5,60
25,6,8,5,60
25,7,8,5,60
25,8,8,5,60
25,9,8,5,60
25,10,8,5,60
25,11,8,5,60
25,12,8,5,60
25,13,9,5,60
25,14,9,5,60
25,15,8,5,60
25,16,8,5,60
25,17,8,5,60
25,18,8,5,60
25,19,8,5,60
25,20,8,5,60
25,21,8,5,60
25,22,8,5,60
25,23,9,5,60
25,24,8,5,60
25,25,8,5,60
25,26,9,5,60
25,27,8,5,60
25,28,8,5,60
25,29,8,5,60
25,30,8,5,60
25,31,8,5,60
25,32,8,5,60
25,33,8,5,60
25,34,8,5,60
25,35,8,5,60
25,36,8,5,60
25,37,8,5,60
25,38,8,5,60
25,39,8,5,60
25,40,8,5,60
25,41,9,5,60
25,42,9,5,60
25,43,8,5,60
25,44,8,5,60
25,45,9,5,60
25,46,8,5,60
25,47,9,5,60
25,48,9,5,60
25,49,9,5,60
25,50,9,5,60
25,51,8,5,60
26,0,9,5,60
26,1,8,5,60
26,2,8,5,60
26,3,9,5,60
26,4,8,5,60
26,5,8,5,60
26,6,8,5,60
26,7,8,5,60
26,8,8,5,60
26,9,8,5,60
26,10,9,5,60
26,11,9,5,60
26,12,9,5,60
26,13,8,5,60
26,14,9,5,60
26,15,8,5,60
26,16,8,5,60
26,17,8,5,60
26,18,8,5,60
26,19,8,5,60
26,20,8,5,60
26,21,9,5,60
26,22,9,5,60
26,23,8,5,60
26,24,8,5,60
26,25,8,5,60
26,26,8,5,60
26,27,9,5,60
26,28,8,5,60
26,29,8,5,60
26,30,8,5,60
26,31,9,5,60
26,32,9,5,60
26,33,8,5,60
26,34,7,5,60
26,35,8,5,60
26,36,9,5,60
26,37,9,5,60
26,38,9,5,60
26,39,8,5,60
26,40,8,5,60
26,41,9,5,60
26,42,9,5,60
26,43,8,5,60
26,44,9,5,60
26,45,8,5,60
26,46,8,5,60
26,47,9,5,60
26,48,8,5,60
26,49,9,5,60
26,50,9,5,60
26,51,8,5,60
27,0,8,5,60
27,1,8,5,60
27,2,8,5,60
27,3,8,5,60
27,4,8,5,60
27,5,8,5,60
27,6,9,5,60
27,7,8,5,60
27,8,8,5,60
27,9,8,5,60
27,10,8,5,60
27,11,8,5,60
27,12,8,5,60
27,13,8,5,60
27,14,8,5,60
27,15,8,5,60
27,16,9,5,60
27,17,8,5,60
27,18,8,5,60
27,19,8,5,60
27,20,9,5,60
27,21,9,5,60
27,22,8,5,60
27,23,8,5,60
27,24,8,5,60
27,25,9,5,60
27,26,8,5,60
27,27,8,5,60
27,28,8,5,60
27,29,8,5,60
27,30,8,5,60
27,31,8,5,60
27,32,8,5,60
27,33,8,5,60
27,34,8,5,60
27,35,9,5,60
27,36,8,5,60
27,37,8,5,60
27,38,8,5,60
27,39,8,5,60
27,40,8,5,60
27,41,8,5,60
27,42,8,5,60
27,43,8,5,60
27,44,8,5,60
27,45,9,5,60
27,46,8,5,60
27,47,9,5,60
27,48,8,5,60
27,49,8,5,60
27,50,8,5,60
27,51,9,5,60
28,0,8,5,60
28,1,8,5,60
28,2,8,5,60
28,3,8,5,60
28,4,9,5,60
28,5,9,5,60
28,6,8,5,60
28,7,9,5,60
28,8,9,5,60
28,9,9,5,60
28,10,8,5,60
28,11,8,5,60
28,12,8,5,60
28,13,8,5,60
28,14,9,5,60
28,15,9,5,60
28,16,9,5,60
28,17,9,5,60
28,18,8,5,60
28,19,9,5,60
28,20,8,5,60
28,21,8,5,60
28,22,8,5,60
28,23,8,5,60
28,24,8,5,60
28,25,8,5,60
28,26,8,5,60
28,27,8,5,60
28,28,8,5,60
28,29,8,5,60
28,30,8,5,60
28,31,9,5,60
28,32,9,5,60
28,33,8,5,60
28,34,8,5,60
28,35,8,5,60
28,36,8,5,60
28,37,9,5,60
28,38,8,5,60
28,39,8,5,60
28,40,9,5,60
28,41,9,5,60
28,42,9,5,60
28,43,8,5,60
28,44,8,5,60
28,45,8,5,60
28,46,9,5,60
28,47,8,5,60
28,48,8,5,60
28,49,8,5,60
28,50,9,5,60
28,51,8,5,60
29,0,9,5,60
29,1,9,5,60
29,2,9,5,60
29,3,9,5,60
29,4,9,5,60
29,5,8,5,60
29,6,9,5,60
29,7,8,5,60
29,8,8,5,60
29,9,8,5,60
29,10,8,5,60
29,11,8,5,60
29,12,8,5,60
29,13,8,5,60
29,14,9,5,60
29,15,8,5,60
29,16,8,5,60
29,17,8,5,60
29,18,8,5,60
29,19,9,5,60
29,20,9,5,60
29,21,9,5,60
29,22,9,5,60
29,23,9,5,60
29,24,8,5,60
29,25,9,5,60
29,26,9,5,60
29,27,9,5,60
29,28,8,5,60
29,29,9,5,60
29,30,8,5,60
29,31,8,5,60
29,32,8,5,60
29,33,8,5,60
29,34,9,5,60
29,35,9,5,60
29,36,8,5,60
29,37,8,5,60
29,38,9,5,60
29,39,8,5,60
29,40,8,5,60
29,41,9,5,60
29,42,8,5,60
29,43,9,5,60
29,44,8,5,60
29,45,8,5,60
29,46,8,5,60
29,47,8,5,60
29,48,9,5,60
29,49,9,5,60
29,50,8,5,60
29,51,8,5,60
30,0,8,5,60
30,1,9,5,60
30,2,9,5,60
30,3,8,5,60
30,4,9,5,60
30,5,9,5,60
30,6,9,5,60
30,7,9,5,60
30,8,9,5,60
30,9,8,5,60
30,10,8,5,60
30,11,9,5,60
30,12,9,5,60
30,13,9,5,60
30,14,9,5,60
30,15,8,5,60
30,16,8,5,60
30,17,8,5,60
30,18,7,5,60
30,19,9,5,60
30,20,9,5,60
30,21,8,5,60
30,22,8,5,60
30,23,9,5,60
30,24,8,5,60
30,25,9,5,60
30,26,8,5,60
30,27,8,5,60
30,28,8,5,60
30,29,8,5,60
30,30,8,5,60
30,31,8,5,60
30,32,9,5,60
30,33,8,5,60
30,34,9,5,60
30,35,8,5,60
30,36,8,5,60
30,37,8,5,60
30,38,8,5,60
30,39,8,5,60
30,40,8,5,60
30,41,9,5,60
30,42,9,5,60
30,43,8,5,60
30,44,8,5,60
30,45,8,5,60
30,46,8,5,60
30,47,8,5,60
30,48,8,5,60
30,49,8,5,60
30,50,9,5,60
30,51,9,5,60
1,0,13,10,0
1,1,15,10,0
1,2,14,10,0
1,3,14,10,0
1,4,14,10,0
1,5,13,10,0
1,6,15,10,0
1,7,14,10,0
1,8,14,10,0
1,9,16,10,0
1,10,14,10,0
1,11,14,10,0
1,12,14,10,0
1,13,14,10,0
1,14,13,10,0
1,15,13,10,0
1,16,15,10,0
1,17,14,10,0
1,18,14,10,0
1,19,13,10,0
1,20,14,10,0
1,21,15,10,0
1,22,15,10,0
1,23,15,10,0
1,24,13,10,0
1,25,14,10,0
1,26,15,10,0
1,27,15,10,0
1,28,13,10,0
1,29,15,10,0
1,30,16,10,0
1,31,15,10,0
1,32,14,10,0
1,33,13,10,0
1,34,14,10,0
1,35,16,10,0
1,36,16,10,0
1,37,16,10,0
1,38,17,10,0
1,39,15,10,0
1,40,15,10,0
1,41,14,10,0
1,42,15,10,0
1,43,14,10,0
1,44,15,10,0
1,45,15,10,0
1,46,15,10,0
1,47,14,10,0
1,48,15,10,0
1,49,14,10,0
1,50,15,10,0
1,51,14,10,0
2,0,13,10,0
2,1,15,10,0
2,2,14,10,0
2,3,14,10,0
2,4,16,10,0
2,5,15,10,0
2,6,15,10,0
2,7,14,10,0
2,8,15,10,0
2,9,15,10,0
2,10,14,10,0
2,11,14,10,0
2,12,15,10,0
2,13,13,10,0
2,14,14,10,0
2,15,14,10,0
2,16,16,10,0
2,17,15,10,0
2,18,14,10,0
2,19,15,10,0
2,20,14,10,0
2,21,15,10,0
2,22,15,10,0
2,23,14,10,0
2,24,14,10,0
2,25,15,10,0
2,26,14,10,0
2,27,15,10,0
2,28,16,10,0
2,29,15,10,0
2,30,13,10,0
2,31,14,10,0
2,32,14,10,0
2,33,13,10,0
2,34,14,10,0
2,35,13,10,0
2,36,14,10,0
2,37,14,10,0
2,38,14,10,0
2,39,14,10,0
2,40,14,10,0
2,41,14,10,0
2,42,14,10,0
2,43,12,10,0
2,44,12,10,0
2,45,14,10,0
2,46,16,10,0
2,47,15,10,0
2,48,15,10,0
2,49,14,10,0
2,50,15,10,0
2,51,15,10,0
3,0,14,10,0
3,1,14,10,0
3,2,14,10,0
3,3,14,10,0
3,4,15,10,0
3,5,15,10,0
3,6,14,10,0
3,7,16,10,0
3,8,14,10,0
3,9,14,10,0
3,10,15,10,0
3,11,15,10,0
3,12,16,10,0
3,13,15,10,0
3,14,15,10,0
3,15,15,10,0
3,16,16,10,0
3,17,16,10,0
3,18,16,10,0
3,19,14,10,0
3,20,15,10,0
3,21,15,10,0
3,22,15,10,0
3,23,14,10,0
3,24,13,10,0
3,25,13,10,0
3,26,14,10,0
3,27,15,10,0
3,28,16,10,0
3,29,16,10,0
3,30,14,10,0
3,31,15,10,0
3,32,13,10,0
3,33,13,10,0
3,34,14,10,0
3,35,14,10,0
3,36,14,10,0
3,37,15,10,0
3,38,14,10,0
3,39,14,10,0
3,40,13,10,0
3,41,14,10,0
3,42,15,10,0
3,43,15,10,0
3,44,14,10,0
3,45,15,10,0
3,46,14,10,0
3,47,15,10,0
3,48,16,10,0
3,49,16,10,0
3,50,16,10,0
3,51,15,10,0
4,0,15,10,0
4,1,15,10,0
4,2,15,10,0
4,3,15,10,0
4,4,15,10,0
4,5,14,10,0
4,6,14,10,0
4,7,13,10,0
4,8,16,10,0
4,9,15,10,0
4,10,16,10,0
4,11,15,10,0
4,12,14,10,0
4,13,14,10,0
4,14,16,10,0
4,15,15,10,0
4,16,15,10,0
4,17,15,10,0
4,18,14,10,0
4,19,15,10,0
4,20,15,10,0
4,21,14,10,0
4,22,14,10,0
4,23,15,10,0
4,24,14,10,0
4,25,15,10,0
4,26,13,10,0
4,27,14,10,0
4,28,14,10,0
4,29,16,10,0
4,30,15,10,0
4,31,15,10,0
4,32,14,10,0
4,33,14,10,0
4,34,14,10,0
4,35,15,10,0
4,36,14,10,0
4,37,15,10,0
4,38,14,10,0
4,39,16,10,0
4,40,15,10,0
4,41,15,10,0
4,42,17,10,0
4,43,16,10,0
4,44,15,10,0
4,45,15,10,0
4,46,15,10,0
4,47,15,10,0
4,48,14,10,0
4,49,14,10,0
4,50,15,10,0
4,51,15,10,0
5,0,16,10,0
5,1,15,10,0
5,2,14,10,0
5,3,14,10,0
5,4,14,10,0
5,5,15,10,0
5,6,15,10,0
5,7,15,10,0
5,8,12,10,0
5,9,14,10,0
5,10,15,10,0
5,11,14,10,0
5,12,12,10,0
5,13,14,10,0
5,14,14,10,0
5,15,14,10,0
5,16,14,10,0
5,17,15,10,0
5,18,13,10,0
5,19,13,10,0
5,20,15,10,0
5,21,15,10,0
5,22,14,10,0
5,23,14,10,0
5,24,13,10,0
5,25,13,10,0
5,26,15,10,0
5,27,15,10,0
5,28,15,10,0
5,29,13,10,0
5,30,13,10,0
5,31,15,10,0
5,32,15,10,0
5,33,14,10,0
5,34,14,10,0
5,35,15,10,0
5,36,14,10,0
5,37,13,10,0
5,38,15,10,0
5,39,15,10,0
5,40,14,10,0
5,41,16,10,0
5,42,15,10,0
5,43,16,10,0
5,44,15,10,0
5,45,14,10,0
5,46,14,10,0
5,47,14,10,0
5,48,14,10,0
5,49,13,10,0
5,50,13,10,0
5,51,15,10,0
6,0,13,10,0
6,1,13,10,0
6,2,15,10,0
6,3,15,10,0
6,4,15,10,0
6,5,15,10,0
6,6,15,10,0
6,7,14,10,0
6,8,13,10,0
6,9,15,10,0
6,10,16,10,0
6,11,13,10,0
6,12,13,10,0
6,13,14,10,0
6,14,14,10,0
6,15,14,10,0
6,16,14,10,0
6,17,14,10,0
6,18,15,10,0
6,19,15,10,0
6,20,14,10,0
6,21,15,10,0
6,22,14,10,0
6,23,13,10,0
6,24,15,10,0
6,25,16,10,0
6,26,14,10,0
6,27,15,10,0
6,28,15,10,0
6,29,17,10,0
6,30,16,10,0
6,31,14,10,0
6,32,14,10,0
6,33,15,10,0
6,34,14,10,0
6,35,15,10,0
6,36,15,10,0
6,37,16,10,0
6,38,15,10,0
6,39,16,10,0
6,40,16,10,0
6,41,15,10,0
6,42,15,10,0
6,43,14,10,0
6,44,14,10,0
6,45,13,10,0
6,46,13,10,0
6,47,15,10,0
6,48,13,10,0
6,49,14,10,0
6,50,14,10,0
6,51,14,10,0
7,0,14,10,0
7,1,14,10,0
7,2,13,10,0
7,3,13,10,0
7,4,13,10,0
7,5,15,10,0
7,6,14,10,0
7,7,15,10,0
7,8,15,10,0
7,9,14,10,0
7,10,13,10,0
7,11,13,10,0
7,12,15,10,0
7,13,14,10,0
7,14,13,10,0
7,15,13,10,0
7,16,14,10,0
7,17,15,10,0
7,18,13,10,0
7,19,12,10,0
7,20,13,10,0
7,21,12,10,0
7,22,15,10,0
7,23,13,10,0
7,24,15,10,0
7,25,14,10,0
7,26,14,10,0
7,27,15,10,0
7,28,14,10,0
7,29,13,10,0
7,30,15,10,0
7,31,14,10,0
7,32,15,10,0
7,33,15,10,0
7,34,15,10,0
7,35,16,10,0
7,36,14,10,0
7,37,17,10,0
7,38,16,10,0
7,39,16,10,0
7,40,14,10,0
7,41,14,10,0
7,42,14,10,0
7,43,13,10,0
7,44,14,10,0
7,45,15,10,0
7,46,14,10,0
7,47,15,10,0
7,48,16,10,0
7,49,15,10,0
7,50,16,10,0
7,51,15,10,0
8,0,15,10,0
8,1,15,10,0
8,2,15,10,0
8,3,15,10,0
8,4,14,10,0
8,5,15,10,0
8,6,15,10,0
8,7,15,10,0
8,8,14,10,0
8,9,14,10,0
8,10,14,10,0
8,11,14,10,0
8,12,13,10,0
8,13,13,10,0
8,14,13,10,0
8,15,15,10,0
8,16,14,10,0
8,17,14,10,0
8,18,14,10,0
8,19,13,10,0
8,20,14,10,0
8,21,14,10,0
8,22,14,10,0
8,23,14,10,0
8,24,15,10,0
8,25,15,10,0
8,26,14,10,0
8,27,14,10,0
8,28,14,10,0
8,29,16,10,0
8,30,14,10,0
8,31,14,10,0
8,32,14,10,0
8,33,13,10,0
8,34,13,10,0
8,35,15,10,0
8,36,15,10,0
8,37,15,10,0
8,38,14,10,0
8,39,16,10,0
8,40,16,10,0
8,41,13,10,0
8,42,14,10,0
8,43,15,10,0
8,44,16,10,0
8,45,15,10,0
8,46,14,10,0
8,47,15,10,0
8,48,15,10,0
8,49,15,10,0
8,50,15,10,0
8,51,14,10,0
9,0,15,10,0
9,1,13,10,0
9,2,14,10,0
9,3,15,10,0
9,4,14,10,0
9,5,15,10,0
9,6,15,10,0
9,7,15,10,0
9,8,15,10,0
9,9,14,10,0
9,10,13,10,0
9,11,15,10,0
9,12,16,10,0
9,13,16,10,0
9,14,15,10,0
9,15,15,10,0
9,16,15,10,0
9,17,16,10,0
9,18,15,10,0
9,19,17,10,0
9,20,16,10,0
9,21,15,10,0
9,22,14,10,0
9,23,14,10,0
9,24,14,10,0
9,25,13,10,0
9,26,14,10,0
9,27,15,10,0
9,28,15,10,0
9,29,15,10,0
9,30,13,10,0
9,31,15,10,0
9,32,13,10,0
9,33,13,10,0
9,34,14,10,0
9,35,13,10,0
9,36,16,10,0
9,37,15,10,0
9,38,16,10,0
9,39,14,10,0
9,40,14,10,0
9,41,14,10,0
9,42,13,10,0
9,43,15,10,0
9,44,14,10,0
9,45,14,10,0
9,46,15,10,0
9,47,15,10,0
9,48,14,10,0
9,49,14,10,0
9,50,13,10,0
9,51,13,10,0
10,0,14,10,0
10,1,14,10,0
10,2,14,10,0
10,3,16,10,0
10,4,16,10,0
10,5,14,10,0
10,6,14,10,0
10,7,15,10,0
10,8,15,10,0
10,9,14,10,0
10,10,15,10,0
10,11,15,10,0
10,12,14,10,0
10,13,14,10,0
10,14,15,10,0
10,15,14,10,0
10,16,15,10,0
10,17,15,10,0
10,18,14,10,0
10,19,14,10,0
10,20,15,10,0
10,21,14,10,0
10,22,14,10,0
10,23,13,10,0
10,24,13,10,0
10,25,15,10,0
10,26,15,10,0
10,27,15,10,0
10,28,15,10,0
10,29,16,10,0
10,30,14,10,0
10,31,15,10,0
10,32,14,10,0
10,33,14,10,0
10,34,13,10,0
10,35,15,10,0
10,36,14,10,0
10,37,15,10,0
10,38,15,10,0
10,39,15,10,0
10,40,15,10,0
10,41,15,10,0
10,42,16,10,0
10,43,14,10,0
10,44,15,10,0
10,45,15,10,0
10,46,16,10,0
10,47,15,10,0
10,48,15,10,0
10,49,15,10,0
10,50,15,10,0
10,51,15,10,0
11,0,15,10,0
11,1,15,10,0
11,2,14,10,0
11,3,15,10,0
11,4,15,10,0
11,5,15,10,0
11,6,14,10,0
11,7,15,10,0
11,8,15,10,0
11,9,15,10,0
11,10,15,10,0
11,11,16,10,0
11,12,15,10,0
11,13,15,10,0
11,14,15,10,0
11,15,13,10,0
11,16,14,10,0
11,17,14,10,0
11,18,15,10,0
11,19,15,10,0
11,20,14,10,0
11,21,14,10,0
11,22,15,10,0
11,23,16,10,0
11,24,14,10,0
11,25,13,10,0
11,26,14,10,0
11,27,13,10,0
11,28,14,10,0
11,29,16,10,0
11,30,16,10,0
11,31,15,10,0
11,32,14,10,0
11,33,15,10,0
11,34,14,10,0
11,35,15,10,0
11,36,16,10,0
11,37,16,10,0
11,38,16,10,0
11,39,14,10,0
11,40,15,10,0
11,41,15,10,0
11,42,15,10,0
11,43,15,10,0
11,44,14,10,0
11,45,16,10,0
11,46,16,10,0
11,47,15,10,0
11,48,17,10,0
11,49,16,10,0
11,50,15,10,0
11,51,15,10,0
12,0,15,10,0
12,1,13,10,0
12,2,14,10,0
12,3,15,10,0
12,4,16,10,0
12,5,15,10,0
12,6,14,10,0
12,7,13,10,0
12,8,13,10,0
12,9,14,10,0
12,10,14,10,0
12,11,15,10,0
12,12,15,10,0
12,13,15,10,0
12,14,15,10,0
12,15,16,10,0
12,16,15,10,0
12,17,15,10,0
12,18,14,10,0
12,19,14,10,0
12,20,15,10,0
12,21,15,10,0
12,22,14,10,0
12,23,15,10,0
12,24,15,10,0
12,25,15,10,0
12,26,15,10,0
12,27,14,10,0
12,28,15,10,0
12,29,14,10,0
12,30,15,10,0
12,31,14,10,0
12,32,13,10,0
12,33,13,10,0
12,34,15,10,0
12,35,13,10,0
12,36,15,10,0
12,37,14,10,0
12,38,15,10,0
12,39,16,10,0
12,40,13,10,0
12,41,13,10,0
12,42,14,10,0
12,43,13,10,0
12,44,14,10,0
12,45,15,10,0
12,46,15,10,0
12,47,13,10,0
12,48,13,10,0
12,49,15,10,0
12,50,15,10,0
12,51,14,10,0
13,0,16,10,0
13,1,14,10,0
13,2,15,10,0
13,3,15,10,0
13,4,15,10,0
13,5,15,10,0
13,6,15,10,0
13,7,14,10,0
13,8,15,10,0
13,9,14,10,0
13,10,13,10,0
13,11,13,10,0
13,12,13,10,0
13,13,11,10,0
13,14,13,10,0
13,15,15,10,0
13,16,15,10,0
13,17,15,10,0
13,18,15,10,0
13,19,16,10,0
13,20,16,10,0
13,21,15,10,0
13,22,15,10,0
13,23,14,10,0
13,24,14,10,0
13,25,15,10,0
13,26,15,10,0
13,27,16,10,0
13,28,15,10,0
13,29,15,10,0
13,30,15,10,0
13,31,13,10,0
13,32,15,10,0
13,33,16,10,0
13,34,15,10,0
13,35,15,10,0
13,36,14,10,0
13,37,13,10,0
13,38,14,10,0
13,39,15,10,0
13,40,15,10,0
13,41,13,10,0
13,42,14,10,0
13,43,14,10,0
13,44,14,10,0
13,45,14,10,0
13,46,16,10,0
13,47,15,10,0
13,48,14,10,0
13,49,13,10,0
13,50,15,10,0
13,51,15,10,0
14,0,15,10,0
14,1,15,10,0
14,2,13,10,0
14,3,14,10,0
14,4,15,10,0
14,5,14,10,0
14,6,15,10,0
14,7,15,10,0
14,8,16,10,0
14,9,15,10,0
14,10,14,10,0
14,11,15,10,0
14,12,15,10,0
14,13,14,10,0
14,14,15,10,0
14,15,14,10,0
14,16,14,10,0
14,17,14,10,0
14,18,15,10,0
14,19,15,10,0
14,20,15,10,0
14,21,16,10,0
14,22,15,10,0
14,23,15,10,0
14,24,14,10,0
14,25,15,10,0
14,26,15,10,0
14,27,15,10,0
14,28,16,10,0
14,29,15,10,0
14,30,15,10,0
14,31,14,10,0
14,32,14,10,0
14,33,14,10,0
14,34,14,10,0
14,35,15,10,0
14,36,15,10,0
14,37,14,10,0
14,38,15,10,0
14,39,15,10,0
14,40,13,10,0
14,41,13,10,0
14,42,13,10,0
14,43,14,10,0
14,44,15,10,0
14,45,14,10,0
14,46,14,10,0
14,47,13,10,0
14,48,13,10,0
14,49,13,10,0
14,50,16,10,0
14,51,15,10,0
15,0,15,10,0
15,1,15,10,0
15,2,15,10,0
15,3,14,10,0
15,4,13,10,0
15,5,16,10,0
15,6,17,10,0
15,7,16,10,0
15,8,16,10,0
15,9,14,10,0
15,10,15,10,0
15,11,15,10,0
15,12,15,10,0
15,13,14,10,0
15,14,14,10,0
15,15,15,10,0
15,16,15,10,0
15,17,15,10,0
15,18,15,10,0
15,19,16,10,0
15,20,16,10,0
15,21,16,10,0
15,22,15,10,0
15,23,14,10,0
15,24,13,10,0
15,25,13,10,0
15,26,14,10,0
15,27,15,10,0
15,28,15,10,0
15,29,14,10,0
15,30,14,10,0
15,31,14,10,0
15,32,14,10,0
15,33,14,10,0
15,34,14,10,0
15,35,15,10,0
15,36,15,10,0
15,37,13,10,0
15,38,13,10,0
15,39,13,10,0
15,40,15,10,0
15,41,13,10,0
15,42,13,10,0
15,43,14,10,0
15,44,13,10,0
15,45,13,10,0
15,46,13,10,0
15,47,13,10,0
15,48,14,10,0
15,49,13,10,0
15,50,14,10,0
15,51,13,10,0
16,0,16,10,0
16,1,13,10,0
16,2,13,10,0
16,3,14,10,0
16,4,15,10,0
16,5,14,10,0
16,6,15,10,0
16,7,14,10,0
16,8,15,10,0
16,9,15,10,0
16,10,15,10,0
16,11,14,10,0
16,12,13,10,0
16,13,13,10,0
16,14,16,10,0
16,15,15,10,0
16,16,14,10,0
16,17,14,10,0
16,18,14,10,0
16,19,15,10,0
16,20,14,10,0
16,21,14,10,0
16,22,13,10,0
16,23,15,10,0
16,24,15,10,0
16,25,15,10,0
16,26,14,10,0
16,27,14,10,0
16,28,14,10,0
16,29,16,10,0
16,30,14,10,0
16,31,15,10,0
16,32,15,10,0
16,33,15,10,0
16,34,15,10,0
16,35,15,10,0
16,36,15,10,0
16,37,14,10,0
16,38,13,10,0
16,39,14,10,0
16,40,15,10,0
16,41,15,10,0
16,42,15,10,0
16,43,15,10,0
16,44,14,10,0
16,45,15,10,0
16,46,16,10,0
16,47,15,10,0
16,48,14,10,0
16,49,16,10,0
16,50,16,10,0
16,51,15,10,0
17,0,16,10,0
17,1,15,10,0
17,2,15,10,0
17,3,15,10,0
17,4,14,10,0
17,5,14,10,0
17,6,13,10,0
17,7,14,10,0
17,8,15,10,0
17,9,15,10,0
17,10,16,10,0
17,11,15,10,0
17,12,15,10,0
17,13,14,10,0
17,14,15,10,0
17,15,14,10,0
17,16,15,10,0
17,17,14,10,0
17,18,14,10,0
17,19,14,10,0
17,20,14,10,0
17,21,14,10,0
17,22,15,10,0
17,23,13,10,0
17,24,13,10,0
17,25,13,10,0
17,26,13,10,0
17,27,13,10,0
17,28,14,10,0
17,29,15,10,0
17,30,16,10,0
17,31,15,10,0
17,32,15,10,0
17,33,14,10,0
17,34,15,10,0
17,35,14,10,0
17,36,13,10,0
17,37,14,10,0
17,38,15,10,0
17,39,14,10,0
17,40,15,10,0
17,41,13,10,0
17,42,14,10,0
17,43,14,10,0
17,44,15,10,0
17,45,15,10,0
17,46,15,10,0
17,47,14,10,0
17,48,13,10,0
17,49,15,10,0
17,50,15,10,0
17,51,16,10,0
18,0,15,10,0
18,1,14,10,0
18,2,16,10,0
18,3,15,10,0
18,4,14,10,0
18,5,15,10,0
18,6,15,10,0
18,7,14,10,0
18,8,15,10,0
18,9,15,10,0
18,10,15,10,0
18,11,16,10,0
18,12,15,10,0
18,13,15,10,0
18,14,15,10,0
18,15,15,10,0
18,16,14,10,0
18,17,13,10,0
18,18,16,10,0
18,19,15,10,0
18,20,15,10,0
18,21,15,10,0
18,22,15,10,0
18,23,15,10,0
18,24,15,10,0
18,25,15,10,0
18,26,15,10,0
18,27,14,10,0
18,28,14,10,0
18,29,16,10,0
18,30,16,10,0
18,31,15,10,0
18,32,13,10,0
18,33,13,10,0
18,34,15,10,0
18,35,14,10,0
18,36,13,10,0
18,37,14,10,0
18,38,14,10,0
18,39,14,10,0
18,40,14,10,0
18,41,15,10,0
18,42,15,10,0
18,43,14,10,0
18,44,15,10,0
18,45,15,10,0
18,46,14,10,0
18,47,14,10,0
18,48,15,10,0
18,49,15,10,0
18,50,15,10,0
18,51,14,10,0
19,0,13,10,0
19,1,14,10,0
19,2,16,10,0
19,3,16,10,0
19,4,14,10,0
19,5,16,10,0
19,6,14,10,0
19,7,15,10,0
19,8,16,10,0
19,9,15,10,0
19,10,15,10,0
19,11,15,10,0
19,12,14,10,0
19,13,14,10,0
19,14,14,10,0
19,15,15,10,0
19,16,15,10,0
19,17,13,10,0
19,18,13,10,0
19,19,13,10,0
19,20,15,10,0
19,21,15,10,0
19,22,14,10,0
19,23,14,10,0
19,24,13,10,0
19,25,13,10,0
19,26,16,10,0
19,27,14,10,0
19,28,16,10,0
19,29,15,10,0
19,30,16,10,0
19,31,15,10,0
19,32,15,10,0
19,33,15,10,0
19,34,15,10,0
19,35,13,10,0
19,36,13,10,0
19,37,14,10,0
19,38,13,10,0
19,39,15,10,0
19,40,13,10,0
19,41,16,10,0
19,42,15,10,0
19,43,13,10,0
19,44,14,10,0
19,45,15,10,0
19,46,15,10,0
19,47,14,10,0
19,48,13,10,0
19,49,12,10,0
19,50,13,10,0
19,51,13,10,0
20,0,15,10,0
20,1,15,10,0
20,2,14,10,0
20,3,14,10,0
20,4,15,10,0
20,5,15,10,0
20,6,15,10,0
20,7,14,10,0
20,8,15,10,0
20,9,15,10,0
20,10,15,10,0
20,11,14,10,0
20,12,15,10,0
20,13,13,10,0
20,14,13,10,0
20,15,13,10,0
20,16,14,10,0
20,17,15,10,0
20,18,14,10,0
20,19,15,10,0
20,20,14,10,0
20,21,15,10,0
20,22,13,10,0
20,23,13,10,0
20,24,14,10,0
20,25,13,10,0
20,26,13,10,0
20,27,15,10,0
20,28,15,10,0
20,29,15,10,0
20,30,14,10,0
20,31,15,10,0
20,32,15,10,0
20,33,14,10,0
20,34,14,10,0
20,35,15,10,0
20,36,15,10,0
20,37,14,10,0
20,38,14,10,0
20,39,14,10,0
20,40,14,10,0
20,41,13,10,0
20,42,13,10,0
20,43,13,10,0
20,44,14,10,0
20,45,14,10,0
20,46,13,10,0
20,47,13,10,0
20,48,15,10,0
20,49,13,10,0
20,50,14,10,0
20,51,15,10,0
21,0,15,10,0
21,1,15,10,0
21,2,15,10,0
21,3,15,10,0
21,4,15,10,0
21,5,15,10,0
21,6,17,10,0
21,7,16,10,0
21,8,15,10,0
21,9,12,10,0
21,10,14,10,0
21,11,13,10,0
21,12,14,10,0
21,13,13,10,0
21,14,15,10,0
21,15,13,10,0
21,16,15,10,0
21,17,15,10,0
21,18,15,10,0
21,19,13,10,0
21,20,13,10,0
21,21,14,10,0
21,22,12,10,0
21,23,15,10,0
21,24,14,10,0
21,25,15,10,0
21,26,14,10,0
21,27,15,10,0
21,28,15,10,0
21,29,14,10,0
21,30,15,10,0
21,31,15,10,0
21,32,13,10,0
21,33,14,10,0
21,34,14,10,0
21,35,14,10,0
21,36,14,10,0
21,37,14,10,0
21,38,16,10,0
21,39,15,10,0
21,40,14,10,0
21,41,14,10,0
21,42,14,10,0
21,43,13,10,0
21,44,15,10,0
21,45,15,10,0
21,46,13,10,0
21,47,13,10,0
21,48,14,10,0
21,49,14,10,0
21,50,13,10,0
21,51,13,10,0
22,0,15,10,0
22,1,15,10,0
22,2,14,10,0
22,3,12,10,0
22,4,12,10,0
22,5,14,10,0
22,6,15,10,0
22,7,15,10,0
22,8,13,10,0
22,9,13,10,0
22,10,13,10,0
22,11,13,10,0
22,12,13,10,0
22,13,15,10,0
22,14,15,10,0
22,15,16,10,0
22,16,15,10,0
22,17,15,10,0
22,18,14,10,0
22,19,15,10,0
22,20,14,10,0
22,21,13,10,0
22,22,15,10,0
22,23,15,10,0
22,24,14,10,0
22,25,16,10,0
22,26,15,10,0
22,27,15,10,0
22,28,14,10,0
22,29,14,10,0
22,30,15,10,0
22,31,15,10,0
22,32,15,10,0
22,33,14,10,0
22,34,14,10,0
22,35,14,10,0
22,36,13,10,0
22,37,15,10,0
22,38,15,10,0
22,39,15,10,0
22,40,15,10,0
22,41,13,10,0
22,42,14,10,0
22,43,14,10,0
22,44,14,10,0
22,45,14,10,0
22,46,15,10,0
22,47,15,10,0
22,48,14,10,0
22,49,14,10,0
22,50,13,10,0
22,51,14,10,0
23,0,13,10,0
23,1,13,10,0
23,2,14,10,0
23,3,14,10,0
23,4,13,10,0
23,5,13,10,0
23,6,13,10,0
23,7,13,10,0
23,8,13,10,0
23,9,14,10,0
23,10,15,10,0
23,11,15,10,0
23,12,14,10,0
23,13,15,10,0
23,14,16,10,0
23,15,14,10,0
23,16,14,10,0
23,17,13,10,0
23,18,14,10,0
23,19,13,10,0
23,20,14,10,0
23,21,15,10,0
23,22,15,10,0
23,23,14,10,0
23,24,13,10,0
23,25,15,10,0
23,26,14,10,0
23,27,13,10,0
23,28,14,10,0
23,29,13,10,0
23,30,13,10,0
23,31,14,10,0
23,32,15,10,0
23,33,14,10,0
23,34,15,10,0
23,35,15,10,0
23,36,16,10,0
23,37,15,10,0
23,38,15,10,0
23,39,17,10,0
23,40,16,10,0
23,41,14,10,0
23,42,14,10,0
23,43,14,10,0
23,44,15,10,0
23,45,14,10,0
23,46,13,10,0
23,47,15,10,0
23,48,16,10,0
23,49,14,10,0
23,50,13,10,0
23,51,14,10,0
24,0,15,10,0
24,1,15,10,0
24,2,15,10,0
24,3,13,10,0
24,4,15,10,0
24,5,13,10,0
24,6,15,10,0
24,7,15,10,0
24,8,13,10,0
24,9,14,10,0
24,10,14,10,0
24,11,14,10,0
24,12,15,10,0
24,13,15,10,0
24,14,15,10,0
24,15,14,10,0
24,16,15,10,0
24,17,13,10,0
24,18,14,10,0
24,19,15,10,0
24,20,14,10,0
24,21,14,10,0
24,22,14,10,0
24,23,14,10,0
24,24,14,10,0
24,25,15,10,0
24,26,14,10,0
24,27,14,10,0
24,28,14,10,0
24,29,14,10,0
24,30,14,10,0
24,31,13,10,0
24,32,14,10,0
24,33,15,10,0
24,34,15,10,0
24,35,16,10,0
24,36,15,10,0
24,37,15,10,0
24,38,13,10,0
24,39,15,10,0
24,40,15,10,0
24,41,17,10,0
24,42,15,10,0
24,43,14,10,0
24,44,15,10,0
24,45,15,10,0
24,46,15,10,0
24,47,15,10,0
24,48,15,10,0
24,49,14,10,0
24,50,13,10,0
24,51,14,10,0
25,0,13,10,0
25,1,14,10,0
25,2,14,10,0
25,3,14,10,0
25,4,13,10,0
25,5,14,10,0
25,6,15,10,0
25,7,15,10,0
25,8,14,10,0
25,9,13,10,0
25,10,15,10,0
25,11,15,10,0
25,12,15,10,0
25,13,14,10,0
25,14,15,10,0
25,15,16,10,0
25,16,16,10,0
25,17,16,10,0
25,18,15,10,0
25,19,15,10,0
25,20,14,10,0
25,21,14,10,0
25,22,16,10,0
25,23,14,10,0
25,24,15,10,0
25,25,14,10,0
25,26,13,10,0
25,27,14,10,0
25,28,14,10,0
25,29,14,10,0
25,30,15,10,0
25,31,14,10,0
25,32,15,10,0
25,33,14,10,0
25,34,15,10,0
25,35,15,10,0
25,36,15,10,0
25,37,15,10,0
25,38,15,10,0
25,39,15,10,0
25,40,15,10,0
25,41,15,10,0
25,42,15,10,0
25,43,14,10,0
25,44,13,10,0
25,45,14,10,0
25,46,15,10,0
25,47,15,10,0
25,48,16,10,0
25,49,14,10,0
25,50,15,10,0
25,51,14,10,0
26,0,15,10,0
26,1,16,10,0
26,2,14,10,0
26,3,15,10,0
26,4,16,10,0
26,5,15,10,0
26,6,14,10,0
26,7,13,10,0
26,8,13,10,0
26,9,13,10,0
26,10,15,10,0
26,11,13,10,0
26,12,14,10,0
26,13,14,10,0
26,14,14,10,0
26,15,15,10,0
26,16,14,10,0
26,17,15,10,0
26,18,14,10,0
26,19,14,10,0
26,20,13,10,0
26,21,15,10,0
26,22,15,10,0
26,23,16,10,0
26,24,15,10,0
26,25,15,10,0
26,26,15,10,0
26,27,14,10,0
26,28,13,10,0
26,29,13,10,0
26,30,15,10,0
26,31,14,10,0
26,32,14,10,0
26,33,15,10,0
26,34,15,10,0
26,35,15,10,0
26,36,15,10,0
26,37,15,10,0
26,38,14,10,0
26,39,14,10,0
26,40,14,10,0
26,41,16,10,0
26,42,16,10,0
26,43,15,10,0
26,44,14,10,0
26,45,13,10,0
26,46,14,10,0
26,47,13,10,0
26,48,14,10,0
26,49,14,10,0
26,50,14,10,0
26,51,15,10,0
27,0,14,10,0
27,1,14,10,0
27,2,15,10,0
27,3,14,10,0
27,4,15,10,0
27,5,15,10,0
27,6,15,10,0
27,7,15,10,0
27,8,15,10,0
27,9,14,10,0
27,10,14,10,0
27,11,15,10,0
27,12,14,10,0
27,13,15,10,0
27,14,15,10,0
27,15,16,10,0
27,16,14,10,0
27,17,13,10,0
27,18,14,10,0
27,19,15,10,0
27,20,14,10,0
27,21,15,10,0
27,22,13,10,0
27,23,13,10,0
27,24,14,10,0
27,25,14,10,0
27,26,14,10,0
27,27,14,10,0
27,28,15,10,0
27,29,15,10,0
27,30,14,10,0
27,31,13,10,0
27,32,15,10,0
27,33,15,10,0
27,34,15,10,0
27,35,15,10,0
27,36,14,10,0
27,37,15,10,0
27,38,14,10,0
27,39,13,10,0
27,40,14,10,0
27,41,13,10,0
27,42,16,10,0
27,43,15,10,0
27,44,16,10,0
27,45,14,10,0
27,46,15,10,0
27,47,14,10,0
27,48,16,10,0
27,49,17,10,0
27,50,15,10,0
27,51,17,10,0
28,0,15,10,0
28,1,13,10,0
28,2,15,10,0
28,3,13,10,0
28,4,15,10,0
28,5,13,10,0
28,6,13,10,0
28,7,14,10,0
28,8,14,10,0
28,9,14,10,0
28,10,15,10,0
28,11,14,10,0
28,12,14,10,0
28,13,15,10,0
28,14,16,10,0
28,15,16,10,0
28,16,15,10,0
28,17,14,10,0
28,18,15,10,0
28,19,16,10,0
28,20,14,10,0
28,21,15,10,0
28,22,14,10,0
28,23,13,10,0
28,24,15,10,0
28,25,15,10,0
28,26,13,10,0
28,27,14,10,0
28,28,15,10,0
28,29,14,10,0
28,30,14,10,0
28,31,16,10,0
28,32,16,10,0
28,33,14,10,0
28,34,15,10,0
28,35,15,10,0
28,36,15,10,0
28,37,15,10,0
28,38,14,10,0
28,39,14,10,0
28,40,13,10,0
28,41,14,10,0
28,42,13,10,0
28,43,13,10,0
28,44,13,10,0
28,45,13,10,0
28,46,14,10,0
28,47,14,10,0
28,48,15,10,0
28,49,16,10,0
28,50,16,10,0
28,51,15,10,0
29,0,15,10,0
29,1,15,10,0
29,2,14,10,0
29,3,14,10,0
29,4,16,10,0
29,5,17,10,0
29,6,15,10,0
29,7,16,10,0
29,8,15,10,0
29,9,15,10,0
29,10,14,10,0
29,11,14,10,0
29,12,15,10,0
29,13,15,10,0
29,14,14,10,0
29,15,15,10,0
29,16,15,10,0
29,17,15,10,0
29,18,14,10,0
29,19,15,10,0
29,20,14,10,0
29,21,15,10,0
29,22,14,10,0
29,23,15,10,0
29,24,15,10,0
29,25,15,10,0
29,26,15,10,0
29,27,14,10,0
29,28,15,10,0
29,29,16,10,0
29,30,14,10,0
29,31,15,10,0
29,32,13,10,0
29,33,14,10,0
29,34,15,10,0
29,35,15,10,0
29,36,14,10,0
29,37,14,10,0
29,38,14,10,0
29,39,13,10,0
29,40,14,10,0
29,41,15,10,0
29,42,13,10,0
29,43,14,10,0
29,44,15,10,0
29,45,14,10,0
29,46,14,10,0
29,47,14,10,0
29,48,14,10,0
29,49,14,10,0
29,50,14,10,0
29,51,14,10,0
30,0,15,10,0
30,1,16,10,0
30,2,14,10,0
30,3,15,10,0
30,4,13,10,0
30,5,13,10,0
30,6,13,10,0
30,7,16,10,0
30,8,14,10,0
30,9,14,10,0
30,10,15,10,0
30,11,15,10,0
30,12,15,10,0
30,13,14,10,0
30,14,13,10,0
30,15,15,10,0
30,16,15,10,0
30,17,15,10,0
30,18,14,10,0
30,19,14,10,0
30,20,13,10,0
30,21,14,10,0
30,22,14,10,0
30,23,13,10,0
30,24,15,10,0
30,25,15,10,0
30,26,15,10,0
30,27,15,10,0
30,28,13,10,0
30,29,15,10,0
30,30,13,10,0
30,31,14,10,0
30,32,14,10,0
30,33,14,10,0
30,34,14,10,0
30,35,15,10,0
30,36,14,10,0
30,37,14,10,0
30,38,14,10,0
30,39,14,10,0
30,40,15,10,0
30,41,15,10,0
30,42,15,10,0
30,43,15,10,0
30,44,15,10,0
30,45,15,10,0
30,46,16,10,0
30,47,16,10,0
30,48,15,10,0
30,49,15,10,0
30,50,15,10,0
30,51,15,10,0
1,0,11,10,20
1,1,11,10,20
1,2,11,10,20
1,3,11,10,20
1,4,10,10,20
1,5,11,10,20
1,6,10,10,20
1,7,11,10,20
1,8,12,10,20
1,9,10,10,20
1,10,11,10,20
1,11,12,10,20
1,12,11,10,20
1,13,11,10,20
1,14,11,10,20
1,15,9,10,20
1,16,11,10,20
1,17,11,10,20
1,18,12,10,20
1,19,12,10,20
1,20,11,10,20
1,21,11,10,20
1,22,13,10,20
1,23,11,10,20
1,24,12,10,20
1,25,12,10,20
1,26,11,10,20
1,27,11,10,20
1,28,11,10,20
1,29,12,10,20
1,30,12,10,20
1,31,11,10,20
1,32,11,10,20
1,33,11,10,20
1,34,11,10,20
1,35,11,10,20
1,36,12,10,20
1,37,13,10,20
1,38,11,10,20
1,39,12,10,20
1,40,13,10,20
1,41,11,10,20
1,42,10,10,20
1,43,11,10,20
1,44,11,10,20
1,45,12,10,20
1,46,11,10,20
1,47,12,10,20
1,48,12,10,20
1,49,11,10,20
1,50,13,10,20
1,51,12,10,20
2,0,12,10,20
2,1,12,10,20
2,2,11,10,20
2,3,11,10,20
2,4,11,10,20
2,5,12,10,20
2,6,11,10,20
2,7,10,10,20
2,8,11,10,20
2,9,11,10,20
2,10,10,10,20
2,11,11,10,20
2,12,11,10,20
2,13,9,10,20
2,14,10,10,20
2,15,11,10,20
2,16,12,10,20
2,17,11,10,20
2,18,10,10,20
2,19,11,10,20
2,20,11,10,20
2,21,11,10,20
2,22,11,10,20
2,23,11,10,20
2,24,10,10,20
2,25,11,10,20
2,26,12,10,20
2,27,12,10,20
2,28,12,10,20
2,29,12,10,20
2,30,11,10,20
2,31,12,10,20
2,32,13,10,20
2,33,11,10,20
2,34,12,10,20
2,35,12,10,20
2,36,11,10,20
2,37,10,10,20
2,38,12,10,20
2,39,11,10,20
2,40,10,10,20
2,41,10,10,20
2,42,11,10,20
2,43,12,10,20
2,44,11,10,20
2,45,11,10,20
2,46,12,10,20
2,47,12,10,20
2,48,12,10,20
2,49,11,10,20
2,50,12,10,20
2,51,11,10,20
3,0,11,10,20
3,1,11,10,20
3,2,11,10,20
3,3,11,10,20
3,4,11,10,20
3,5,12,10,20
3,6,11,10,20
3,7,11,10,20
3,8,13,10,20
3,9,12,10,20
3,10,13,10,20
3,11,13,10,20
3,12,13,10,20
3,13,12,10,20
3,14,10,10,20
3,15,13,10,20
3,16,11,10,20
3,17,11,10,20
3,18,13,10,20
3,19,11,10,20
3,20,11,10,20
3,21,12,10,20
3,22,11,10,20
3,23,12,10,20
3,24,11,10,20
3,25,11,10,20
3,26,11,10,20
3,27,11,10,20
3,28,12,10,20
3,29,11,10,20
3,30,12,10,20
3,31,11,10,20
3,32,11,10,20
3,33,11,10,20
3,34,11,10,20
3,35,11,10,20
3,36,11,10,20
3,37,13,10,20
3,38,11,10,20
3,39,11,10,20
3,40,12,10,20
3,41,14,10,20
3,42,13,10,20
3,43,11,10,20
3,44,11,10,20
3,45,12,10,20
3,46,11,10,20
3,47,12,10,20
3,48,12,10,20
3,49,12,10,20
3,50,13,10,20
3,51,13,10,20
4,0,11,10,20
4,1,12,10,20
4,2,12,10,20
4,3,11,10,20
4,4,11,10,20
4,5,14,10,20
4,6,11,10,20
4,7,12,10,20
4,8,12,10,20
4,9,11,10,20
4,10,12,10,20
4,11,11,10,20
4,12,11,10,20
4,13,11,10,20
4,14,12,10,20
4,15,12,10,20
4,16,11,10,20
4,17,12,10,20
4,18,12,10,20
4,19,11,10,20
4,20,12,10,20
4,21,11,10,20
4,22,12,10,20
4,23,12,10,20
4,24,11,10,20
4,25,11,10,20
4,26,11,10,20
4,27,11,10,20
4,28,10,10,20
4,29,10,10,20
4,30,11,10,20
4,31,13,10,20
4,32,13,10,20
4,33,11,10,20
4,34,11,10,20
4,35,12,10,20
4,36,11,10,20
4,37,12,10,20
4,38,11,10,20
4,39,11,10,20
4,40,12,10,20
4,41,11,10,20
4,42,11,10,20
4,43,12,10,20
4,44,12,10,20
4,45,12,10,20
4,46,12,10,20
4,47,11,10,20
4,48,12,10,20
4,49,11,10,20
4,50,10,10,20
4,51,11,10,20
5,0,11,10,20
5,1,12,10,20
5,2,12,10,20
5,3,11,10,20
5,4,11,10,20
5,5,12,10,20
5,6,11,10,20
5,7,12,10,20
5,8,10,10,20
5,9,11,10,20
5,10,12,10,20
5,11,11,10,20
5,12,12,10,20
5,13,12,10,20
5,14,12,10,20
5,15,11,10,20
5,16,10,10,20
5,17,11,10,20
5,18,11,10,20
5,19,12,10,20
5,20,11,10,20
5,21,12,10,20
5,22,11,10,20
5,23,12,10,20
5,24,11,10,20
5,25,11,10,20
5,26,12,10,20
5,27,10,10,20
5,28,11,10,20
5,29,11,10,20
5,30,9,10,20
5,31,10,10,20
5,32,11,10,20
5,33,9,10,20
5,34,12,10,20
5,35,11,10,20
5,36,11,10,20
5,37,11,10,20
5,38,11,10,20
5,39,12,10,20
5,40,11,10,20
5,41,12,10,20
5,42,11,10,20
5,43,11,10,20
5,44,11,10,20
5,45,12,10,20
5,46,11,10,20
5,47,11,10,20
5,48,11,10,20
5,49,11,10,20
5,50,11,10,20
5,51,11,10,20
6,0,11,10,20
6,1,12,10,20
6,2,11,10,20
6,3,13,10,20
6,4,11,10,20
6,5,11,10,20
6,6,10,10,20
6,7,11,10,20
6,8,11,10,20
6,9,12,10,20
6,10,12,10,20
6,11,13,10,20
6,12,12,10,20
6,13,10,10,20
6,14,10,10,20
6,15,12,10,20
6,16,12,10,20
6,17,12,10,20
6,18,11,10,20
6,19,10,10,20
6,20,11,10,20
6,21,12,10,20
6,22,13,10,20
6,23,13,10,20
6,24,13,10,20
6,25,11,10,20
6,26,12,10,20
6,27,13,10,20
6,28,11,10,20
6,29,10,10,20
6,30,11,10,20
6,31,13,10,20
6,32,11,10,20
6,33,12,10,20
6,34,12,10,20
6,35,11,10,20
6,36,11,10,20
6,37,11,10,20
6,38,12,10,20
6,39,12,10,20
6,40,11,10,20
6,41,11,10,20
6,42,11,10,20
6,43,11,10,20
6,44,11,10,20
6,45,13,10,20
6,46,11,10,20
6,47,11,10,20
6,48,11,10,20
6,49,10,10,20
6,50,11,10,20
6,51,11,10,20
7,0,12,10,20
7,1,12,10,20
7,2,12,10,20
7,3,11,10,20
7,4,12,10,20
7,5,11,10,20
7,6,12,10,20
7,7,12,10,20
7,8,11,10,20
7,9,11,10,20
7,10,11,10,20
7,11,13,10,20
7,12,10,10,20
7,13,10,10,20
7,14,10,10,20
7,15,10,10,20
7,16,11,10,20
7,17,12,10,20
7,18,12,10,20
7,19,13,10,20
7,20,13,10,20
7,21,14,10,20
7,22,12,10,20
7,23,12,10,20
7,24,12,10,20
7,25,11,10,20
7,26,11,10,20
7,27,11,10,20
7,28,12,10,20
7,29,11,10,20
7,30,11,10,20
7,31,11,10,20
7,32,11,10,20
7,33,12,10,20
7,34,12,10,20
7,35,11,10,20
7,36,11,10,20
7,37,12,10,20
7,38,11,10,20
7,39,11,10,20
7,40,11,10,20
7,41,9,10,20
7,42,12,10,20
7,43,10,10,20
7,44,12,10,20
7,45,12,10,20
7,46,12,10,20
7,47,12,10,20
7,48,11,10,20
7,49,11,10,20
7,50,11,10,20
7,51,11,10,20
8,0,11,10,20
8,1,12,10,20
8,2,12,10,20
8,3,10,10,20
8,4,11,10,20
8,5,11,10,20
8,6,11,10,20
8,7,12,10,20
8,8,10,10,20
8,9,11,10,20
8,10,12,10,20
8,11,11,10,20
8,12,11,10,20
8,13,11,10,20
8,14,12,10,20
8,15,12,10,20
8,16,13,10,20
8,17,11,10,20
8,18,12,10,20
8,19,12,10,20
8,20,10,10,20
8,21,10,10,20
8,22,10,10,20
8,23,11,10,20
8,24,11,10,20
8,25,12,10,20
8,26,12,10,20
8,27,12,10,20
8,28,10,10,20
8,29,11,10,20
8,30,12,10,20
8,31,13,10,20
8,32,12,10,20
8,33,11,10,20
8,34,11,10,20
8,35,11,10,20
8,36,11,10,20
8,37,11,10,20
8,38,10,10,20
8,39,11,10,20
8,40,12,10,20
8,41,11,10,20
8,42,11,10,20
8,43,12,10,20
8,44,11,10,20
8,45,11,10,20
8,46,11,10,20
8,47,11,10,20
8,48,11,10,20
8,49,11,10,20
8,50,10,10,20
8,51,13,10,20
9,0,11,10,20
9,1,11,10,20
9,2,12,10,20
9,3,13,10,20
9,4,12,10,20
9,5,11,10,20
9,6,13,10,20
9,7,12,10,20
9,8,12,10,20
9,9,13,10,20
9,10,11,10,20
9,11,11,10,20
9,12,11,10,20
9,13,11,10,20
9,14,11,10,20
9,15,11,10,20
9,16,11,10,20
9,17,12,10,20
9,18,12,10,20
9,19,11,10,20
9,20,12,10,20
9,21,12,10,20
9,22,12,10,20
9,23,11,10,20
9,24,12,10,20
9,25,12,10,20
9,26,11,10,20
9,27,11,10,20
9,28,12,10,20
9,29,11,10,20
9,30,11,10,20
9,31,11,10,20
9,32,12,10,20
9,33,11,10,20
9,34,11,10,20
9,35,11,10,20
9,36,11,10,20
9,37,11,10,20
9,38,12,10,20
9,39,12,10,20
9,40,13,10,20
9,41,11,10,20
9,42,11,10,20
9,43,11,10,20
9,44,11,10,20
9,45,13,10,20
9,46,11,10,20
9,47,11,10,20
9,48,12,10,20
9,49,11,10,20
9,50,11,10,20
9,51,11,10,20
10,0,11,10,20
10,1,11,10,20
10,2,11,10,20
10,3,11,10,20
10,4,10,10,20
10,5,11,10,20
10,6,11,10,20
10,7,11,10,20
10,8,11,10,20
10,9,12,10,20
10,10,11,10,20
10,11,11,10,20
10,12,13,10,20
10,13,12,10,20
10,14,11,10,20
10,15,12,10,20
10,16,12,10,20
10,17,12,10,20
10,18,12,10,20
10,19,12,10,20
10,20,10,10,20
10,21,12,10,20
10,22,12,10,20
10,23,11,10,20
10,24,13,10,20
10,25,12,10,20
10,26,12,10,20
10,27,11,10,20
10,28,11,10,20
10,29,12,10,20
10,30,13,10,20
10,31,13,10,20
10,32,11,10,20
10,33,11,10,20
10,34,10,10,20
10,35,10,10,20
10,36,12,10,20
10,37,13,10,20
10,38,12,10,20
10,39,12,10,20
10,40,11,10,20
10,41,11,10,20
10,42,13,10,20
10,43,11,10,20
10,44,12,10,20
10,45,12,10,20
10,46,12,10,20
10,47,11,10,20
10,48,11,10,20
10,49,11,10,20
10,50,10,10,20
10,51,11,10,20
11,0,11,10,20
11,1,11,10,20
11,2,11,10,20
11,3,11,10,20
11,4,11,10,20
11,5,12,10,20
11,6,11,10,20
11,7,13,10,20
11,8,11,10,20
11,9,12,10,20
11,10,12,10,20
11,11,10,10,20
11,12,11,10,20
11,13,12,10,20
11,14,11,10,20
11,15,11,10,20
11,16,11,10,20
11,17,11,10,20
11,18,11,10,20
11,19,12,10,20
11,20,11,10,20
11,21,12,10,20
11,22,11,10,20
11,23,10,10,20
11,24,10,10,20
11,25,10,10,20
11,26,12,10,20
11,27,11,10,20
11,28,11,10,20
11,29,11,10,20
11,30,11,10,20
11,31,12,10,20
11,32,12,10,20
11,33,11,10,20
11,34,11,10,20
11,35,12,10,20
11,36,13,10,20
11,37,12,10,20
11,38,11,10,20
11,39,11,10,20
11,40,12,10,20
11,41,11,10,20
11,42,11,10,20
11,43,11,10,20
11,44,12,10,20
11,45,12,10,20
11,46,13,10,20
11,47,12,10,20
11,48,12,10,20
11,49,10,10,20
11,50,12,10,20
11,51,11,10,20
12,0,12,10,20
12,1,11,10,20
12,2,11,10,20
12,3,10,10,20
12,4,11,10,20
12,5,11,10,20
12,6,10,10,20
12,7,11,10,20
12,8,11,10,20
12,9,11,10,20
12,10,11,10,20
12,11,9,10,20
12,12,9,10,20
12,13,10,10,20
12,14,11,10,20
12,15,11,10,20
12,16,11,10,20
12,17,12,10,20
12,18,13,10,20
12,19,12,10,20
12,20,11,10,20
12,21,12,10,20
12,22,12,10,20
12,23,11,10,20
12,24,11,10,20
12,25,11,10,20
12,26,12,10,20
12,27,10,10,20
12,28,11,10,20
12,29,11,10,20
12,30,12,10,20
12,31,11,10,20
12,32,12,10,20
12,33,11,10,20
12,34,11,10,20
12,35,12,10,20
12,36,10,10,20
12,37,11,10,20
12,38,12,10,20
12,39,11,10,20
12,40,10,10,20
12,41,12,10,20
12,42,11,10,20
12,43,11,10,20
12,44,10,10,20
12,45,12,10,20
12,46,11,10,20
12,47,12,10,20
12,48,12,10,20
12,49,13,10,20
12,50,12,10,20
12,51,11,10,20
13,0,12,10,20
13,1,13,10,20
13,2,11,10,20
13,3,12,10,20
13,4,12,10,20
13,5,11,10,20
13,6,12,10,20
13,7,11,10,20
13,8,12,10,20
13,9,12,10,20
13,10,11,10,20
13,11,13,10,20
13,12,10,10,20
13,13,12,10,20
13,14,11,10,20
13,15,11,10,20
13,16,11,10,20
13,17,10,10,20
13,18,11,10,20
13,19,11,10,20
13,20,12,10,20
13,21,11,10,20
13,22,12,10,20
13,23,11,10,20
13,24,11,10,20
13,25,12,10,20
13,26,11,10,20
13,27,11,10,20
13,28,12,10,20
13,29,12,10,20
13,30,11,10,20
13,31,11,10,20
13,32,12,10,20
13,33,12,10,20
13,34,11,10,20
13,35,11,10,20
13,36,10,10,20
13,37,12,10,20
13,38,11,10,20
13,39,12,10,20
13,40,11,10,20
13,41,11,10,20
13,42,11,10,20
13,43,14,10,20
13,44,13,10,20
13,45,11,10,20
13,46,11,10,20
13,47,12,10,20
13,48,11,10,20
13,49,13,10,20
13,50,12,10,20
13,51,12,10,20
14,0,11,10,20
14,1,11,10,20
14,2,9,10,20
14,3,10,10,20
14,4,12,10,20
14,5,11,10,20
14,6,12,10,20
14,7,13,10,20
14,8,12,10,20
14,9,11,10,20
14,10,11,10,20
14,11,10,10,20
14,12,12,10,20
14,13,11,10,20
14,14,12,10,20
14,15,10,10,20
14,16,11,10,20
14,17,11,10,20
14,18,12,10,20
14,19,11,10,20
14,20,11,10,20
14,21,11,10,20
14,22,11,10,20
14,23,13,10,20
14,24,12,10,20
14,25,11,10,20
14,26,12,10,20
14,27,12,10,20
14,28,10,10,20
14,29,11,10,20
14,30,11,10,20
14,31,11,10,20
14,32,11,10,20
14,33,11,10,20
14,34,13,10,20
14,35,10,10,20
14,36,11,10,20
14,37,12,10,20
14,38,11,10,20
14,39,11,10,20
14,40,14,10,20
14,41,13,10,20
14,42,11,10,20
14,43,11,10,20
14,44,12,10,20
14,45,12,10,20
14,46,11,10,20
14,47,13,10,20
14,48,12,10,20
14,49,12,10,20
14,50,11,10,20
14,51,10,10,20
15,0,12,10,20
15,1,13,10,20
15,2,13,10,20
15,3,12,10,20
15,4,11,10,20
15,5,11,10,20
15,6,11,10,20
15,7,11,10,20
15,8,12,10,20
15,9,12,10,20
15,10,11,10,20
15,11,12,10,20
15,12,11,10,20
15,13,13,10,20
15,14,12,10,20
15,15,13,10,20
15,16,11,10,20
15,17,11,10,20
15,18,12,10,20
15,19,11,10,20
15,20,10,10,20
15,21,11,10,20
15,22,10,10,20
15,23,12,10,20
15,24,10,10,20
15,25,10,10,20
15,26,12,10,20
15,27,12,10,20
15,28,11,10,20
15,29,12,10,20
15,30,11,10,20
15,31,10,10,20
15,32,12,10,20
15,33,11,10,20
15,34,11,10,20
15,35,12,10,20
15,36,11,10,20
15,37,12,10,20
15,38,12,10,20
15,39,13,10,20
15,40,12,10,20
15,41,12,10,20
15,42,12,10,20
15,43,12,10,20
15,44,12,10,20
15,45,11,10,20
15,46,12,10,20
15,47,11,10,20
15,48,11,10,20
15,49,12,10,20
15,50,11,10,20
15,51,12,10,20
16,0,11,10,20
16,1,11,10,20
16,2,11,10,20
16,3,11,10,20
16,4,10,10,20
16,5,11,10,20
16,6,11,10,20
16,7,10,10,20
16,8,12,10,20
16,9,11,10,20
16,10,11,10,20
16,11,11,10,20
16,12,11,10,20
16,13,12,10,20
16,14,12,10,20
16,15,13,10,20
16,16,12,10,20
16,17,11,10,20
16,18,12,10,20
16,19,11,10,20
16,20,11,10,20
16,21,11,10,20
16,22,11,10,20
16,23,12,10,20
16,24,13,10,20
16,25,12,10,20
16,26,11,10,20
16,27,12,10,20
16,28,11,10,20
16,29,11,10,20
16,30,11,10,20
16,31,10,10,20
16,32,10,10,20
16,33,11,10,20
16,34,10,10,20
16,35,10,10,20
16,36,10,10,20
16,37,11,10,20
16,38,11,10,20
16,39,12,10,20
16,40,12,10,20
16,41,13,10,20
16,42,12,10,20
16,43,12,10,20
16,44,11,10,20
16,45,12,10,20
16,46,11,10,20
16,47,11,10,20
16,48,12,10,20
16,49,11,10,20
16,50,11,10,20
16,51,10,10,20
17,0,11,10,20
17,1,10,10,20
17,2,10,10,20
17,3,11,10,20
17,4,12,10,20
17,5,12,10,20
17,6,11,10,20
17,7,11,10,20
17,8,12,10,20
17,9,11,10,20
17,10,11,10,20
17,11,12,10,20
17,12,11,10,20
17,13,10,10,20
17,14,11,10,20
17,15,11,10,20
17,16,11,10,20
17,17,12,10,20
17,18,11,10,20
17,19,10,10,20
17,20,11,10,20
17,21,11,10,20
17,22,10,10,20
17,23,12,10,20
17,24,12,10,20
17,25,12,10,20
17,26,12,10,20
17,27,11,10,20
17,28,11,10,20
17,29,11,10,20
17,30,12,10,20
17,31,11,10,20
17,32,12,10,20
17,33,12,10,20
17,34,11,10,20
17,35,11,10,20
17,36,11,10,20
17,37,11,10,20
17,38,12,10,20
17,39,12,10,20
17,40,11,10,20
17,41,11,10,20
17,42,12,10,20
17,43,11,10,20
17,44,11,10,20
17,45,12,10,20
17,46,11,10,20
17,47,11,10,20
17,48,10,10,20
17,49,10,10,20
17,50,11,10,20
17,51,12,10,20
18,0,10,10,20
18,1,12,10,20
18,2,11,10,20
18,3,11,10,20
18,4,11,10,20
18,5,11,10,20
18,6,12,10,20
18,7,12,10,20
18,8,11,10,20
18,9,12,10,20
18,10,14,10,20
18,11,12,10,20
18,12,13,10,20
18,13,11,10,20
18,14,12,10,20
18,15,11,10,20
18,16,11,10,20
18,17,11,10,20
18,18,10,10,20
18,19,11,10,20
18,20,11,10,20
18,21,11,10,20
18,22,11,10,20
18,23,12,10,20
18,24,11,10,20
18,25,11,10,20
18,26,12,10,20
18,27,11,10,20
18,28,11,10,20
18,29,10,10,20
18,30,10,10,20
18,31,10,10,20
18,32,10,10,20
18,33,12,10,20
18,34,11,10,20
18,35,11,10,20
18,36,11,10,20
18,37,10,10,20
18,38,11,10,20
18,39,11,10,20
18,40,12,10,20
18,41,11,10,20
18,42,11,10,20
18,43,11,10,20
18,44,12,10,20
18,45,12,10,20
18,46,13,10,20
18,47,11,10,20
18,48,12,10,20
18,49,12,10,20
18,50,12,10,20
18,51,12,10,20
19,0,10,10,20
19,1,10,10,20
19,2,11,10,20
19,3,11,10,20
19,4,12,10,20
19,5,11,10,20
19,6,11,10,20
19,7,11,10,20
19,8,11,10,20
19,9,11,10,20
19,10,11,10,20
19,11,12,10,20
19,12,13,10,20
19,13,13,10,20
19,14,12,10,20
19,15,13,10,20
19,16,11,10,20
19,17,11,10,20
19,18,12,10,20
19,19,11,10,20
19,20,12,10,20
19,21,11,10,20
19,22,12,10,20
19,23,12,10,20
19,24,13,10,20
19,25,12,10,20
19,26,11,10,20
19,27,11,10,20
19,28,11,10,20
19,29,10,10,20
19,30,11,10,20
19,31,11,10,20
19,32,12,10,20
19,33,11,10,20
19,34,11,10,20
19,35,10,10,20
19,36,11,10,20
19,37,10,10,20
19,38,11,10,20
19,39,12,10,20
19,40,11,10,20
19,41,12,10,20
19,42,12,10,20
19,43,12,10,20
19,44,11,10,20
19,45,13,10,20
19,46,11,10,20
19,47,13,10,20
19,48,11,10,20
19,49,11,10,20
19,50,11,10,20
19,51,10,10,20
20,0,10,10,20
20,1,10,10,20
20,2,11,10,20
20,3,11,10,20
20,4,12,10,20
20,5,13,10,20
20,6,11,10,20
20,7,12,10,20
20,8,10,10,20
20,9,10,10,20
20,10,11,10,20
20,11,11,10,20
20,12,12,10,20
20,13,12,10,20
20,14,12,10,20
20,15,12,10,20
20,16,13,10,20
20,17,13,10,20
20,18,11,10,20
20,19,11,10,20
20,20,11,10,20
20,21,10,10,20
20,22,10,10,20
20,23,11,10,20
20,24,12,10,20
20,25,11,10,20
20,26,11,10,20
20,27,11,10,20
20,28,11,10,20
20,29,10,10,20
20,30,11,10,20
20,31,10,10,20
20,32,11,10,20
20,33,11,10,20
20,34,11,10,20
20,35,12,10,20
20,36,11,10,20
20,37,11,10,20
20,38,11,10,20
20,39,11,10,20
20,40,12,10,20
20,41,11,10,20
20,42,10,10,20
20,43,11,10,20
20,44,12,10,20
20,45,11,10,20
20,46,11,10,20
20,47,12,10,20
20,48,11,10,20
20,49,12,10,20
20,50,11,10,20
20,51,12,10,20
21,0,11,10,20
21,1,11,10,20
21,2,12,10,20
21,3,12,10,20
21,4,13,10,20
21,5,13,10,20
21,6,11,10,20
21,7,10,10,20
21,8,11,10,20
21,9,11,10,20
21,10,10,10,20
21,11,12,10,20
21,12,12,10,20
21,13,11,10,20
21,14,11,10,20
21,15,11,10,20
21,16,11,10,20
21,17,12,10,20
21,18,12,10,20
21,19,11,10,20
21,20,11,10,20
21,21,11,10,20
21,22,11,10,20
21,23,11,10,20
21,24,11,10,20
21,25,13,10,20
21,26,12,10,20
21,27,11,10,20
21,28,11,10,20
21,29,11,10,20
21,30,12,10,20
21,31,13,10,20
21,32,12,10,20
21,33,11,10,20
21,34,11,10,20
21,35,11,10,20
21,36,11,10,20
21,37,11,10,20
21,38,10,10,20
21,39,10,10,20
21,40,11,10,20
21,41,11,10,20
21,42,11,10,20
21,43,12,10,20
21,44,12,10,20
21,45,12,10,20
21,46,11,10,20
21,47,13,10,20
21,48,12,10,20
21,49,13,10,20
21,50,11,10,20
21,51,12,10,20
22,0,12,10,20
22,1,12,10,20
22,2,13,10,20
22,3,11,10,20
22,4,10,10,20
22,5,11,10,20
22,6,11,10,20
22,7,11,10,20
22,8,11,10,20
22,9,11,10,20
22,10,11,10,20
22,11,13,10,20
22,12,11,10,20
22,13,11,10,20
22,14,12,10,20
22,15,11,10,20
22,16,10,10,20
22,17,11,10,20
22,18,12,10,20
22,19,12,10,20
22,20,11,10,20
22,21,11,10,20
22,22,12,10,20
22,23,11,10,20
22,24,11,10,20
22,25,12,10,20
22,26,11,10,20
22,27,10,10,20
22,28,11,10,20
22,29,12,10,20
22,30,12,10,20
22,31,12,10,20
22,32,12,10,20
22,33,11,10,20
22,34,12,10,20
22,35,11,10,20
22,36,12,10,20
22,37,12,10,20
22,38,12,10,20
22,39,10,10,20
22,40,11,10,20
22,41,11,10,20
22,42,11,10,20
22,43,12,10,20
22,44,11,10,20
22,45,12,10,20
22,46,12,10,20
22,47,11,10,20
22,48,12,10,20
22,49,11,10,20
22,50,10,10,20
22,51,10,10,20
23,0,11,10,20
23,1,11,10,20
23,2,12,10,20
23,3,11,10,20
23,4,11,10,20
23,5,10,10,20
23,6,12,10,20
23,7,11,10,20
23,8,12,10,20
23,9,11,10,20
23,10,11,10,20
23,11,12,10,20
23,12,11,10,20
23,13,11,10,20
23,14,12,10,20
23,15,12,10,20
23,16,12,10,20
23,17,11,10,20
23,18,12,10,20
23,19,11,10,20
23,20,13,10,20
23,21,13,10,20
23,22,12,10,20
23,23,12,10,20
23,24,12,10,20
23,25,12,10,20
23,26,11,10,20
23,27,11,10,20
23,28,12,10,20
23,29,11,10,20
23,30,11,10,20
23,31,11,10,20
23,32,11,10,20
23,33,13,10,20
23,34,12,10,20
23,35,11,10,20
23,36,12,10,20
23,37,12,10,20
23,38,11,10,20
23,39,11,10,20
23,40,11,10,20
23,41,11,10,20
23,42,11,10,20
23,43,11,10,20
23,44,11,10,20
23,45,11,10,20
23,46,12,10,20
23,47,13,10,20
23,48,11,10,20
23,49,12,10,20
23,50,11,10,20
23,51,12,10,20
24,0,11,10,20
24,1,12,10,20
24,2,13,10,20
24,3,11,10,20
24,4,11,10,20
24,5,13,10,20
24,6,11,10,20
24,7,10,10,20
24,8,11,10,20
24,9,11,10,20
24,10,12,10,20
24,11,11,10,20
24,12,10,10,20
24,13,11,10,20
24,14,11,10,20
24,15,12,10,20
24,16,12,10,20
24,17,11,10,20
24,18,11,10,20
24,19,11,10,20
24,20,11,10,20
24,21,11,10,20
24,22,12,10,20
24,23,12,10,20
24,24,13,10,20
24,25,11,10,20
24,26,11,10,20
24,27,10,10,20
24,28,11,10,20
24,29,11,10,20
24,30,12,10,20
24,31,11,10,20
24,32,12,10,20
24,33,12,10,20
24,34,11,10,20
24,35,12,10,20
24,36,11,10,20
24,37,12,10,20
24,38,13,10,20
24,39,11,10,20
24,40,13,10,20
24,41,11,10,20
24,42,10,10,20
24,43,11,10,20
24,44,13,10,20
24,45,12,10,20
24,46,11,10,20
24,47,12,10,20
24,48,11,10,20
24,49,12,10,20
24,50,11,10,20
24,51,11,10,20
25,0,11,10,20
25,1,11,10,20
25,2,11,10,20
25,3,12,10,20
25,4,12,10,20
25,5,12,10,20
25,6,13,10,20
25,7,12,10,20
25,8,11,10,20
25,9,11,10,20
25,10,11,10,20
25,11,12,10,20
25,12,11,10,20
25,13,11,10,20
25,14,11,10,20
25,15,10,10,20
25,16,11,10,20
25,17,11,10,20
25,18,10,10,20
25,19,11,10,20
25,20,12,10,20
25,21,13,10,20
25,22,11,10,20
25,23,9,10,20
25,24,11,10,20
25,25,11,10,20
25,26,11,10,20
25,27,13,10,20
25,28,12,10,20
25,29,11,10,20
25,30,11,10,20
25,31,12,10,20
25,32,11,10,20
25,33,10,10,20
25,34,12,10,20
25,35,11,10,20
25,36,12,10,20
25,37,11,10,20
25,38,11,10,20
25,39,11,10,20
25,40,12,10,20
25,41,11,10,20
25,42,11,10,20
25,43,11,10,20
25,44,11,10,20
25,45,11,10,20
25,46,11,10,20
25,47,12,10,20
25,48,11,10,20
25,49,11,10,20
25,50,11,10,20
25,51,11,10,20
26,0,12,10,20
26,1,13,10,20
26,2,12,10,20
26,3,13,10,20
26,4,11,10,20
26,5,11,10,20
26,6,10,10,20
26,7,12,10,20
26,8,12,10,20
26,9,11,10,20
26,10,13,10,20
26,11,13,10,20
26,12,12,10,20
26,13,12,10,20
26,14,12,10,20
26,15,12,10,20
26,16,11,10,20
26,17,11,10,20
26,18,11,10,20
26,19,12,10,20
26,20,12,10,20
26,21,11,10,20
26,22,13,10,20
26,23,13,10,20
26,24,11,10,20
26,25,11,10,20
26,26,11,10,20
26,27,12,10,20
26,28,11,10,20
26,29,11,10,20
26,30,12,10,20
26,31,12,10,20
26,32,13,10,20
26,33,12,10,20
26,34,12,10,20
26,35,11,10,20
26,36,11,10,20
26,37,11,10,20
26,38,10,10,20
26,39,12,10,20
26,40,11,10,20
26,41,11,10,20
26,42,11,10,20
26,43,12,10,20
26,44,12,10,20
26,45,12,10,20
26,46,13,10,20
26,47,11,10,20
26,48,14,10,20
26,49,11,10,20
26,50,11,10,20
26,51,11,10,20
27,0,12,10,20
27,1,12,10,20
27,2,13,10,20
27,3,11,10,20
27,4,12,10,20
27,5,13,10,20
27,6,13,10,20
27,7,12,10,20
27,8,12,10,20
27,9,11,10,20
27,10,11,10,20
27,11,12,10,20
27,12,11,10,20
27,13,11,10,20
27,14,11,10,20
27,15,13,10,20
27,16,13,10,20
27,17,10,10,20
27,18,11,10,20
27,19,13,10,20
27,20,13,10,20
27,21,11,10,20
27,22,11,10,20
27,23,10,10,20
27,24,11,10,20
27,25,13,10,20
27,26,11,10,20
27,27,11,10,20
27,28,11,10,20
27,29,12,10,20
27,30,11,10,20
27,31,11,10,20
27,32,11,10,20
27,33,11,10,20
27,34,12,10,20
27,35,13,10,20
27,36,13,10,20
27,37,13,10,20
27,38,11,10,20
27,39,12,10,20
27,40,11,10,20
27,41,12,10,20
27,42,11,10,20
27,43,11,10,20
27,44,10,10,20
27,45,11,10,20
27,46,11,10,20
27,47,11,10,20
27,48,9,10,20
27,49,10,10,20
27,50,11,10,20
27,51,11,10,20
28,0,11,10,20
28,1,11,10,20
28,2,12,10,20
28,3,12,10,20
28,4,11,10,20
28,5,11,10,20
28,6,11,10,20
28,7,12,10,20
28,8,12,10,20
28,9,11,10,20
28,10,12,10,20
28,11,11,10,20
28,12,12,10,20
28,13,11,10,20
28,14,12,10,20
28,15,12,10,20
28,16,11,10,20
28,17,12,10,20
28,18,11,10,20
28,19,11,10,20
28,20,12,10,20
28,21,12,10,20
28,22,12,10,20
28,23,11,10,20
28,24,13,10,20
28,25,12,10,20
28,26,11,10,20
28,27,11,10,20
28,28,10,10,20
28,29,11,10,20
28,30,12,10,20
28,31,12,10,20
28,32,12,10,20
28,33,11,10,20
28,34,11,10,20
28,35,11,10,20
28,36,11,10,20
28,37,11,10,20
28,38,11,10,20
28,39,12,10,20
28,40,11,10,20
28,41,12,10,20
28,42,11,10,20
28,43,12,10,20
28,44,11,10,20
28,45,13,10,20
28,46,11,10,20
28,47,12,10,20
28,48,12,10,20
28,49,11,10,20
28,50,12,10,20
28,51,13,10,20
29,0,11,10,20
29,1,11,10,20
29,2,12,10,20
29,3,12,10,20
29,4,11,10,20
29,5,10,10,20
29,6,10,10,20
29,7,12,10,20
29,8,12,10,20
29,9,13,10,20
29,10,11,10,20
29,11,11,10,20
29,12,11,10,20
29,13,13,10,20
29,14,13,10,20
29,15,12,10,20
29,16,12,10,20
29,17,11,10,20
29,18,11,10,20
29,19,12,10,20
29,20,11,10,20
29,21,12,10,20
29,22,11,10,20
29,23,11,10,20
29,24,11,10,20
29,25,11,10,20
29,26,12,10,20
29,27,11,10,20
29,28,12,10,20
29,29,12,10,20
29,30,12,10,20
29,31,13,10,20
29,32,13,10,20
29,33,11,10,20
29,34,12,10,20
29,35,13,10,20
29,36,11,10,20
29,37,11,10,20
29,38,11,10,20
29,39,11,10,20
29,40,12,10,20
29,41,13,10,20
29,42,11,10,20
29,43,11,10,20
29,44,10,10,20
29,45,11,10,20
29,46,12,10,20
29,47,12,10,20
29,48,11,10,20
29,49,12,10,20
29,50,12,10,20
29,51,11,10,20
30,0,12,10,20
30,1,11,10,20
30,2,13,10,20
30,3,11,10,20
30,4,11,10,20
30,5,11,10,20
30,6,11,10,20
30,7,10,10,20
30,8,11,10,20
30,9,11,10,20
30,10,11,10,20
30,11,13,10,20
30,12,12,10,20
30,13,11,10,20
30,14,12,10,20
30,15,13,10,20
30,16,13,10,20
30,17,11,10,20
30,18,11,10,20
30,19,14,10,20
30,20,12,10,20
30,21,11,10,20
30,22,10,10,20
30,23,11,10,20
30,24,11,10,20
30,25,12,10,20
30,26,9,10,20
30,27,11,10,20
30,28,11,10,20
30,29,11,10,20
30,30,11,10,20
30,31,12,10,20
30,32,11,10,20
30,33,11,10,20
30,34,11,10,20
30,35,11,10,20
30,36,10,10,20
30,37,11,10,20
30,38,10,10,20
30,39,11,10,20
30,40,11,10,20
30,41,12,10,20
30,42,11,10,20
30,43,11,10,20
30,44,11,10,20
30,45,11,10,20
30,46,11,10,20
30,47,11,10,20
30,48,9,10,20
30,49,10,10,20
30,50,11,10,20
30,51,12,10,20
1,0,10,10,40
1,1,9,10,40
1,2,9,10,40
1,3,9,10,40
1,4,10,10,40
1,5,9,10,40
1,6,10,10,40
1,7,9,10,40
1,8,9,10,40
1,9,11,10,40
1,10,10,10,40
1,11,10,10,40
1,12,9,10,40
1,13,9,10,40
1,14,9,10,40
1,15,9,10,40
1,16,8,10,40
1,17,8,10,40
1,18,10,10,40
1,19,11,10,40
1,20,9,10,40
1,21,10,10,40
1,22,9,10,40
1,23,9,10,40
1,24,10,10,40
1,25,9,10,40
1,26,10,10,40
1,27,9,10,40
1,28,9,10,40
1,29,9,10,40
1,30,9,10,40
1,31,9,10,40
1,32,8,10,40
1,33,9,10,40
1,34,9,10,40
1,35,9,10,40
1,36,10,10,40
1,37,10,10,40
1,38,10,10,40
1,39,10,10,40
1,40,9,10,40
1,41,9,10,40
1,42,10,10,40
1,43,9,10,40
1,44,10,10,40
1,45,10,10,40
1,46,9,10,40
1,47,8,10,40
1,48,10,10,40
1,49,9,10,40
1,50,10,10,40
1,51,10,10,40
2,0,9,10,40
2,1,9,10,40
2,2,10,10,40
2,3,10,10,40
2,4,9,10,40
2,5,9,10,40
2,6,9,10,40
2,7,8,10,40
2,8,10,10,40
2,9,10,10,40
2,10,10,10,40
2,11,10,10,40
2,12,9,10,40
2,13,10,10,40
2,14,10,10,40
2,15,10,10,40
2,16,10,10,40
2,17,10,10,40
2,18,10,10,40
2,19,11,10,40
2,20,11,10,40
2,21,11,10,40
2,22,11,10,40
2,23,11,10,40
2,24,10,10,40
2,25,9,10,40
2,26,10,10,40
2,27,10,10,40
2,28,9,10,40
2,29,9,10,40
2,30,10,10,40
2,31,10,10,40
2,32,9,10,40
2,33,10,10,40
2,34,9,10,40
2,35,10,10,40
2,36,10,10,40
2,37,9,10,40
2,38,10,10,40
2,39,9,10,40
2,40,10,10,40
2,41,9,10,40
2,42,9,10,40
2,43,10,10,40
2,44,9,10,40
2,45,10,10,40
2,46,10,10,40
2,47,10,10,40
2,48,10,10,40
2,49,10,10,40
2,50,11,10,40
2,51,9,10,40
3,0,9,10,40
3,1,10,10,40
3,2,10,10,40
3,3,9,10,40
3,4,9,10,40
3,5,10,10,40
3,6,10,10,40
3,7,9,10,40
3,8,9,10,40
3,9,10,10,40
3,10,10,10,40
3,11,9,10,40
3,12,9,10,40
3,13,10,10,40
3,14,9,10,40
3,15,9,10,40
3,16,9,10,40
3,17,9,10,40
3,18,10,10,40
3,19,9,10,40
3,20,9,10,40
3,21,10,10,40
3,22,10,10,40
3,23,11,10,40
3,24,9,10,40
3,25,10,10,40
3,26,10,10,40
3,27,9,10,40
3,28,8,10,40
3,29,9,10,40
3,30,9,10,40
3,31,9,10,40
3,32,9,10,40
3,33,10,10,40
3,34,10,10,40
3,35,9,10,40
3,36,9,10,40
3,37,8,10,40
3,38,9,10,40
3,39,9,10,40
3,40,9,10,40
3,41,9,10,40
3,42,10,10,40
3,43,9,10,40
3,44,10,10,40
3,45,10,10,40
3,46,10,10,40
3,47,9,10,40
3,48,10,10,40
3,49,9,10,40
3,50,9,10,40
3,51,10,10,40
4,0,9,10,40
4,1,9,10,40
4,2,9,10,40
4,3,9,10,40
4,4,9,10,40
4,5,9,10,40
4,6,9,10,40
4,7,10,10,40
4,8,10,10,40
4,9,9,10,40
4,10,9,10,40
4,11,10,10,40
4,12,9,10,40
4,13,9,10,40
4,14,9,10,40
4,15,9,10,40
4,16,10,10,40
4,17,10,10,40
4,18,9,10,40
4,19,10,10,40
4,20,10,10,40
4,21,9,10,40
4,22,9,10,40
4,23,9,10,40
4,24,10,10,40
4,25,10,10,40
4,26,9,10,40
4,27,10,10,40
4,28,11,10,40
4,29,10,10,40
4,30,9,10,40
4,31,9,10,40
4,32,9,10,40
4,33,10,10,40
4,34,10,10,40
4,35,9,10,40
4,36,10,10,40
4,37,10,10,40
4,38,11,10,40
4,39,10,10,40
4,40,9,10,40
4,41,8,10,40
4,42,8,10,40
4,43,9,10,40
4,44,9,10,40
4,45,9,10,40
4,46,10,10,40
4,47,9,10,40
4,48,10,10,40
4,49,9,10,40
4,50,9,10,40
4,51,9,10,40
5,0,10,10,40
5,1,9,10,40
5,2,10,10,40
5,3,9,10,40
5,4,9,10,40
5,5,9,10,40
5,6,10,10,40
5,7,9,10,40
5,8,11,10,40
5,9,10,10,40
5,10,10,10,40
5,11,9,10,40
5,12,10,10,40
5,13,10,10,40
5,14,9,10,40
5,15,10,10,40
5,16,9,10,40
5,17,9,10,40
5,18,10,10,40
5,19,9,10,40
5,20,9,10,40
5,21,10,10,40
5,22,10,10,40
5,23,9,10,40
5,24,9,10,40
5,25,8,10,40
5,26,10,10,40
5,27,9,10,40
5,28,9,10,40
5,29,9,10,40
5,30,9,10,40
5,31,9,10,40
5,32,10,10,40
5,33,9,10,40
5,34,9,10,40
5,35,10,10,40
5,36,10,10,40
5,37,11,10,40
5,38,10,10,40
5,39,10,10,40
5,40,9,10,40
5,41,9,10,40
5,42,10,10,40
5,43,9,10,40
5,44,10,10,40
5,45,10,10,40
5,46,10,10,40
5,47,9,10,40
5,48,9,10,40
5,49,10,10,40
5,50,11,10,40
5,51,9,10,40
6,0,10,10,40
6,1,9,10,40
6,2,9,10,40
6,3,9,10,40
6,4,10,10,40
6,5,9,10,40
6,6,10,10,40
6,7,9,10,40
6,8,9,10,40
6,9,9,10,40
6,10,9,10,40
6,11,10,10,40
6,12,9,10,40
6,13,9,10,40
6,14,10,10,40
6,15,10,10,40
6,16,10,10,40
6,17,9,10,40
6,18,10,10,40
6,19,9,10,40
6,20,10,10,40
6,21,9,10,40
6,22,9,10,40
6,23,10,10,40
6,24,9,10,40
6,25,10,10,40
6,26,10,10,40
6,27,11,10,40
6,28,11,10,40
6,29,9,10,40
6,30,9,10,40
6,31,9,10,40
6,32,9,10,40
6,33,9,10,40
6,34,9,10,40
6,35,8,10,40
6,36,8,10,40
6,37,10,10,40
6,38,9,10,40
6,39,9,10,40
6,40,9,10,40
6,41,10,10,40
6,42,9,10,40
6,43,9,10,40
6,44,10,10,40
6,45,9,10,40
6,46,10,10,40
6,47,9,10,40
6,48,10,10,40
6,49,10,10,40
6,50,10,10,40
6,51,9,10,40
7,0,11,10,40
7,1,10,10,40
7,2,11,10,40
7,3,9,10,40
7,4,9,10,40
7,5,9,10,40
7,6,9,10,40
7,7,8,10,40
7,8,10,10,40
7,9,9,10,40
7,10,10,10,40
7,11,9,10,40
7,12,10,10,40
7,13,11,10,40
7,14,11,10,40
7,15,10,10,40
7,16,9,10,40
7,17,10,10,40
7,18,9,10,40
7,19,8,10,40
7,20,9,10,40
7,21,9,10,40
7,22,11,10,40
7,23,10,10,40
7,24,10,10,40
7,25,10,10,40
7,26,9,10,40
7,27,10,10,40
7,28,10,10,40
7,29,11,10,40
7,30,9,10,40
7,31,9,10,40
7,32,11,10,40
7,33,10,10,40
7,34,10,10,40
7,35,10,10,40
7,36,10,10,40
7,37,10,10,40
7,38,11,10,40
7,39,10,10,40
7,40,10,10,40
7,41,9,10,40
7,42,10,10,40
7,43,9,10,40
7,44,9,10,40
7,45,10,10,40
7,46,9,10,40
7,47,10,10,40
7,48,9,10,40
7,49,8,10,40
7,50,10,10,40
7,51,10,10,40
8,0,10,10,40
8,1,9,10,40
8,2,9,10,40
8,3,9,10,40
8,4,10,10,40
8,5,9,10,40
8,6,10,10,40
8,7,10,10,40
8,8,10,10,40
8,9,10,10,40
8,10,9,10,40
8,11,9,10,40
8,12,8,10,40
8,13,9,10,40
8,14,10,10,40
8,15,10,10,40
8,16,10,10,40
8,17,9,10,40
8,18,11,10,40
8,19,9,10,40
8,20,9,10,40
8,21,9,10,40
8,22,10,10,40
8,23,9,10,40
8,24,8,10,40
8,25,9,10,40
8,26,11,10,40
8,27,10,10,40
8,28,9,10,40
8,29,9,10,40
8,30,9,10,40
8,31,9,10,40
8,32,10,10,40
8,33,9,10,40
8,34,9,10,40
8,35,11,10,40
8,36,10,10,40
8,37,9,10,40
8,38,10,10,40
8,39,9,10,40
8,40,9,10,40
8,41,8,10,40
8,42,9,10,40
8,43,10,10,40
8,44,9,10,40
8,45,9,10,40
8,46,9,10,40
8,47,10,10,40
8,48,9,10,40
8,49,10,10,40
8,50,9,10,40
8,51,9,10,40
9,0,10,10,40
9,1,9,10,40
9,2,10,10,40
9,3,10,10,40
9,4,9,10,40
9,5,9,10,40
9,6,10,10,40
9,7,9,10,40
9,8,9,10,40
9,9,10,10,40
9,10,9,10,40
9,11,10,10,40
9,12,10,10,40
9,13,11,10,40
9,14,10,10,40
9,15,9,10,40
9,16,10,10,40
9,17,10,10,40
9,18,10,10,40
9,19,10,10,40
9,20,9,10,40
9,21,10,10,40
9,22,9,10,40
9,23,9,10,40
9,24,10,10,40
9,25,10,10,40
9,26,10,10,40
9,27,10,10,40
9,28,10,10,40
9,29,8,10,40
9,30,10,10,40
9,31,9,10,40
9,32,10,10,40
9,33,10,10,40
9,34,10,10,40
9,35,9,10,40
9,36,10,10,40
9,37,9,10,40
9,38,9,10,40
9,39,10,10,40
9,40,10,10,40
9,41,9,10,40
9,42,9,10,40
9,43,10,10,40
9,44,10,10,40
9,45,9,10,40
9,46,10,10,40
9,47,9,10,40
9,48,10,10,40
9,49,9,10,40
9,50,9,10,40
9,51,10,10,40
10,0,9,10,40
10,1,10,10,40
10,2,9,10,40
10,3,9,10,40
10,4,9,10,40
10,5,10,10,40
10,6,10,10,40
10,7,9,10,40
10,8,9,10,40
10,9,9,10,40
10,10,10,10,40
10,11,10,10,40
10,12,9,10,40
10,13,9,10,40
10,14,9,10,40
10,15,9,10,40
10,16,9,10,40
10,17,10,10,40
10,18,9,10,40
10,19,9,10,40
10,20,9,10,40
10,21,10,10,40
10,22,9,10,40
10,23,9,10,40
10,24,9,10,40
10,25,10,10,40
10,26,10,10,40
10,27,10,10,40
10,28,9,10,40
10,29,9,10,40
10,30,9,10,40
10,31,10,10,40
10,32,9,10,40
10,33,9,10,40
10,34,10,10,40
10,35,9,10,40
10,36,11,10,40
10,37,11,10,40
10,38,10,10,40
10,39,11,10,40
10,40,9,10,40
10,41,9,10,40
10,42,10,10,40
10,43,10,10,40
10,44,11,10,40
10,45,10,10,40
10,46,9,10,40
10,47,9,10,40
10,48,9,10,40
10,49,10,10,40
10,50,10,10,40
10,51,9,10,40
11,0,9,10,40
11,1,9,10,40
11,2,9,10,40
11,3,10,10,40
11,4,9,10,40
11,5,10,10,40
11,6,11,10,40
11,7,10,10,40
11,8,10,10,40
11,9,9,10,40
11,10,9,10,40
11,11,8,10,40
11,12,11,10,40
11,13,9,10,40
11,14,9,10,40
11,15,8,10,40
11,16,9,10,40
11,17,10,10,40
11,18,9,10,40
11,19,10,10,40
11,20,11,10,40
11,21,10,10,40
11,22,10,10,40
11,23,9,10,40
11,24,10,10,40
11,25,10,10,40
11,26,11,10,40
11,27,10,10,40
11,28,10,10,40
11,29,10,10,40
11,30,9,10,40
11,31,9,10,40
11,32,10,10,40
11,33,9,10,40
11,34,10,10,40
11,35,10,10,40
11,36,10,10,40
11,37,9,10,40
11,38,10,10,40
11,39,9,10,40
11,40,10,10,40
11,41,10,10,40
11,42,9,10,40
11,43,9,10,40
11,44,10,10,40
11,45,10,10,40
11,46,10,10,40
11,47,9,10,40
11,48,10,10,40
11,49,9,10,40
11,50,10,10,40
11,51,9,10,40
12,0,10,10,40
12,1,9,10,40
12,2,9,10,40
12,3,10,10,40
12,4,10,10,40
12,5,10,10,40
12,6,10,10,40
12,7,10,10,40
12,8,9,10,40
12,9,9,10,40
12,10,9,10,40
12,11,10,10,40
12,12,9,10,40
12,13,10,10,40
12,14,10,10,40
12,15,9,10,40
12,16,10,10,40
12,17,11,10,40
12,18,11,10,40
12,19,9,10,40
12,20,10,10,40
12,21,11,10,40
12,22,10,10,40
12,23,10,10,40
12,24,10,10,40
12,25,10,10,40
12,26,10,10,40
12,27,10,10,40
12,28,10,10,40
12,29,10,10,40
12,30,10,10,40
12,31,10,10,40
12,32,10,10,40
12,33,9,10,40
12,34,9,10,40
12,35,10,10,40
12,36,8,10,40
12,37,8,10,40
12,38,9,10,40
12,39,10,10,40
12,40,9,10,40
12,41,9,10,40
12,42,9,10,40
12,43,10,10,40
12,44,10,10,40
12,45,10,10,40
12,46,10,10,40
12,47,10,10,40
12,48,10,10,40
12,49,10,10,40
12,50,10,10,40
12,51,9,10,40
13,0,8,10,40
13,1,9,10,40
13,2,10,10,40
13,3,10,10,40
13,4,10,10,40
13,5,9,10,40
13,6,10,10,40
13,7,9,10,40
13,8,9,10,40
13,9,9,10,40
13,10,10,10,40
13,11,10,10,40
13,12,9,10,40
13,13,9,10,40
13,14,10,10,40
13,15,10,10,40
13,16,9,10,40
13,17,10,10,40
13,18,9,10,40
13,19,10,10,40
13,20,9,10,40
13,21,9,10,40
13,22,10,10,40
13,23,10,10,40
13,24,10,10,40
13,25,10,10,40
13,26,9,10,40
13,27,10,10,40
13,28,10,10,40
13,29,10,10,40
13,30,10,10,40
13,31,12,10,40
13,32,11,10,40
13,33,10,10,40
13,34,10,10,40
13,35,10,10,40
13,36,9,10,40
13,37,9,10,40
13,38,10,10,40
13,39,10,10,40
13,40,8,10,40
13,41,10,10,40
13,42,10,10,40
13,43,10,10,40
13,44,9,10,40
13,45,11,10,40
13,46,11,10,40
13,47,10,10,40
13,48,9,10,40
13,49,10,10,40
13,50,9,10,40
13,51,10,10,40
14,0,9,10,40
14,1,9,10,40
14,2,9,10,40
14,3,8,10,40
14,4,10,10,40
14,5,11,10,40
14,6,10,10,40
14,7,9,10,40
14,8,9,10,40
14,9,9,10,40
14,10,9,10,40
14,11,10,10,40
14,12,10,10,40
14,13,10,10,40
14,14,9,10,40
14,15,10,10,40
14,16,9,10,40
14,17,9,10,40
14,18,9,10,40
14,19,8,10,40
14,20,10,10,40
14,21,10,10,40
14,22,9,10,40
14,23,10,10,40
14,24,9,10,40
14,25,9,10,40
14,26,9,10,40
14,27,9,10,40
14,28,10,10,40
14,29,9,10,40
14,30,9,10,40
14,31,10,10,40
14,32,11,10,40
14,33,10,10,40
14,34,9,10,40
14,35,9,10,40
14,36,10,10,40
14,37,10,10,40
14,38,9,10,40
14,39,10,10,40
14,40,10,10,40
14,41,11,10,40
14,42,10,10,40
14,43,9,10,40
14,44,9,10,40
14,45,9,10,40
14,46,10,10,40
14,47,10,10,40
14,48,9,10,40
14,49,10,10,40
14,50,10,10,40
14,51,10,10,40
15,0,10,10,40
15,1,9,10,40
15,2,9,10,40
15,3,10,10,40
15,4,9,10,40
15,5,9,10,40
15,6,10,10,40
15,7,11,10,40
15,8,10,10,40
15,9,9,10,40
15,10,9,10,40
15,11,10,10,40
15,12,10,10,40
15,13,9,10,40
15,14,9,10,40
15,15,10,10,40
15,16,9,10,40
15,17,10,10,40
15,18,10,10,40
15,19,10,10,40
15,20,10,10,40
15,21,10,10,40
15,22,10,10,40
15,23,10,10,40
15,24,9,10,40
15,25,9,10,40
15,26,9,10,40
15,27,10,10,40
15,28,10,10,40
15,29,10,10,40
15,30,9,10,40
15,31,11,10,40
15,32,10,10,40
15,33,9,10,40
15,34,10,10,40
15,35,11,10,40
15,36,10,10,40
15,37,9,10,40
15,38,10,10,40
15,39,10,10,40
15,40,10,10,40
15,41,10,10,40
15,42,9,10,40
15,43,9,10,40
15,44,9,10,40
15,45,9,10,40
15,46,9,10,40
15,47,9,10,40
15,48,9,10,40
15,49,10,10,40
15,50,10,10,40
15,51,10,10,40
16,0,10,10,40
16,1,9,10,40
16,2,10,10,40
16,3,9,10,40
16,4,9,10,40
16,5,10,10,40
16,6,10,10,40
16,7,11,10,40
16,8,10,10,40
16,9,9,10,40
16,10,8,10,40
16,11,9,10,40
16,12,11,10,40
16,13,9,10,40
16,14,10,10,40
16,15,9,10,40
16,16,9,10,40
16,17,9,10,40
16,18,9,10,40
16,19,9,10,40
16,20,10,10,40
16,21,9,10,40
16,22,9,10,40
16,23,9,10,40
16,24,9,10,40
16,25,10,10,40
16,26,10,10,40
16,27,9,10,40
16,28,9,10,40
16,29,9,10,40
16,30,10,10,40
16,31,11,10,40
16,32,9,10,40
16,33,9,10,40
16,34,10,10,40
16,35,9,10,40
16,36,11,10,40
16,37,10,10,40
16,38,11,10,40
16,39,10,10,40
16,40,10,10,40
16,41,10,10,40
16,42,10,10,40
16,43,9,10,40
16,44,9,10,40
16,45,10,10,40
16,46,10,10,40
16,47,10,10,40
16,48,10,10,40
16,49,10,10,40
16,50,9,10,40
16,51,9,10,40
17,0,9,10,40
17,1,9,10,40
17,2,10,10,40
17,3,9,10,40
17,4,10,10,40
17,5,9,10,40
17,6,8,10,40
17,7,9,10,40
17,8,9,10,40
17,9,9,10,40
17,10,10,10,40
17,11,11,10,40
17,12,11,10,40
17,13,11,10,40
17,14,10,10,40
17,15,10,10,40
17,16,10,10,40
17,17,10,10,40
17,18,10,10,40
17,19,9,10,40
17,20,9,10,40
17,21,10,10,40
17,22,10,10,40
17,23,11,10,40
17,24,10,10,40
17,25,10,10,40
17,26,9,10,40
17,27,9,10,40
17,28,10,10,40
17,29,10,10,40
17,30,10,10,40
17,31,10,10,40
17,32,9,10,40
17,33,9,10,40
17,34,10,10,40
17,35,9,10,40
17,36,9,10,40
17,37,10,10,40
17,38,9,10,40
17,39,10,10,40
17,40,11,10,40
17,41,9,10,40
17,42,10,10,40
17,43,10,10,40
17,44,9,10,40
17,45,9,10,40
17,46,10,10,40
17,47,9,10,40
17,48,10,10,40
17,49,9,10,40
17,50,9,10,40
17,51,9,10,40
18,0,9,10,40
18,1,9,10,40
18,2,10,10,40
18,3,10,10,40
18,4,10,10,40
18,5,9,10,40
18,6,10,10,40
18,7,11,10,40
18,8,9,10,40
18,9,10,10,40
18,10,10,10,40
18,11,11,10,40
18,12,9,10,40
18,13,10,10,40
18,14,11,10,40
18,15,10,10,40
18,16,9,10,40
18,17,9,10,40
18,18,10,10,40
18,19,10,10,40
18,20,9,10,40
18,21,10,10,40
18,22,9,10,40
18,23,9,10,40
18,24,10,10,40
18,25,9,10,40
18,26,9,10,40
18,27,10,10,40
18,28,10,10,40
18,29,10,10,40
18,30,10,10,40
18,31,11,10,40
18,32,9,10,40
18,33,10,10,40
18,34,9,10,40
18,35,9,10,40
18,36,9,10,40
18,37,9,10,40
18,38,9,10,40
18,39,10,10,40
18,40,9,10,40
18,41,9,10,40
18,42,10,10,40
18,43,9,10,40
18,44,10,10,40
18,45,9,10,40
18,46,9,10,40
18,47,10,10,40
18,48,11,10,40
18,49,11,10,40
18,50,10,10,40
18,51,9,10,40
19,0,10,10,40
19,1,9,10,40
19,2,10,10,40
19,3,10,10,40
19,4,9,10,40
19,5,10,10,40
19,6,9,10,40
19,7,10,10,40
19,8,10,10,40
19,9,10,10,40
19,10,9,10,40
19,11,10,10,40
19,12,9,10,40
19,13,10,10,40
19,14,10,10,40
19,15,10,10,40
19,16,9,10,40
19,17,9,10,40
19,18,9,10,40
19,19,10,10,40
19,20,9,10,40
19,21,10,10,40
19,22,10,10,40
19,23,9,10,40
19,24,9,10,40
19,25,10,10,40
19,26,10,10,40
19,27,9,10,40
19,28,9,10,40
19,29,9,10,40
19,30,10,10,40
19,31,10,10,40
19,32,9,10,40
19,33,10,10,40
19,34,11,10,40
19,35,10,10,40
19,36,10,10,40
19,37,11,10,40
19,38,11,10,40
19,39,10,10,40
19,40,9,10,40
19,41,9,10,40
19,42,9,10,40
19,43,10,10,40
19,44,10,10,40
19,45,9,10,40
19,46,9,10,40
19,47,10,10,40
19,48,10,10,40
19,49,9,10,40
19,50,9,10,40
19,51,9,10,40
20,0,10,10,40
20,1,9,10,40
20,2,11,10,40
20,3,10,10,40
20,4,10,10,40
20,5,9,10,40
20,6,9,10,40
20,7,9,10,40
20,8,10,10,40
20,9,10,10,40
20,10,10,10,40
20,11,10,10,40
20,12,9,10,40
20,13,9,10,40
20,14,9,10,40
20,15,10,10,40
20,16,9,10,40
20,17,9,10,40
20,18,9,10,40
20,19,9,10,40
20,20,9,10,40
20,21,9,10,40
20,22,9,10,40
20,23,9,10,40
20,24,10,10,40
20,25,9,10,40
20,26,9,10,40
20,27,10,10,40
20,28,10,10,40
20,29,10,10,40
20,30,9,10,40
20,31,9,10,40
20,32,10,10,40
20,33,9,10,40
20,34,9,10,40
20,35,10,10,40
20,36,10,10,40
20,37,9,10,40
20,38,10,10,40
20,39,10,10,40
20,40,10,10,40
20,41,9,10,40
20,42,9,10,40
20,43,10,10,40
20,44,11,10,40
20,45,11,10,40
20,46,10,10,40
20,47,9,10,40
20,48,8,10,40
20,49,8,10,40
20,50,10,10,40
20,51,9,10,40
21,0,9,10,40
21,1,10,10,40
21,2,10,10,40
21,3,9,10,40
21,4,8,10,40
21,5,10,10,40
21,6,9,10,40
21,7,9,10,40
21,8,9,10,40
21,9,9,10,40
21,10,10,10,40
21,11,11,10,40
21,12,9,10,40
21,13,9,10,40
21,14,10,10,40
21,15,11,10,40
21,16,9,10,40
21,17,10,10,40
21,18,9,10,40
21,19,9,10,40
21,20,9,10,40
21,21,10,10,40
21,22,9,10,40
21,23,10,10,40
21,24,9,10,40
21,25,10,10,40
21,26,9,10,40
21,27,9,10,40
21,28,9,10,40
21,29,9,10,40
21,30,9,10,40
21,31,10,10,40
21,32,10,10,40
21,33,9,10,40
21,34,10,10,40
21,35,9,10,40
21,36,9,10,40
21,37,9,10,40
21,38,9,10,40
21,39,9,10,40
21,40,9,10,40
21,41,10,10,40
21,42,9,10,40
21,43,9,10,40
21,44,10,10,40
21,45,9,10,40
21,46,10,10,40
21,47,9,10,40
21,48,10,10,40
21,49,9,10,40
21,50,10,10,40
21,51,11,10,40
22,0,9,10,40
22,1,9,10,40
22,2,10,10,40
22,3,9,10,40
22,4,9,10,40
22,5,9,10,40
22,6,9,10,40
22,7,8,10,40
22,8,9,10,40
22,9,9,10,40
22,10,10,10,40
22,11,9,10,40
22,12,9,10,40
22,13,9,10,40
22,14,10,10,40
22,15,10,10,40
22,16,9,10,40
22,17,10,10,40
22,18,9,10,40
22,19,9,10,40
22,20,9,10,40
22,21,9,10,40
22,22,9,10,40
22,23,9,10,40
22,24,10,10,40
22,25,9,10,40
22,26,10,10,40
22,27,9,10,40
22,28,9,10,40
22,29,9,10,40
22,30,9,10,40
22,31,10,10,40
22,32,10,10,40
22,33,9,10,40
22,34,10,10,40
22,35,9,10,40
22,36,9,10,40
22,37,10,10,40
22,38,10,10,40
22,39,10,10,40
22,40,10,10,40
22,41,11,10,40
22,42,10,10,40
22,43,10,10,40
22,44,11,10,40
22,45,11,10,40
22,46,10,10,40
22,47,10,10,40
22,48,9,10,40
22,49,10,10,40
22,50,10,10,40
22,51,11,10,40
23,0,9,10,40
23,1,9,10,40
23,2,9,10,40
23,3,9,10,40
23,4,9,10,40
23,5,10,10,40
23,6,9,10,40
23,7,10,10,40
23,8,9,10,40
23,9,10,10,40
23,10,10,10,40
23,11,9,10,40
23,12,9,10,40
23,13,8,10,40
23,14,9,10,40
23,15,11,10,40
23,16,9,10,40
23,17,9,10,40
23,18,10,10,40
23,19,11,10,40
23,20,9,10,40
23,21,10,10,40
23,22,10,10,40
23,23,9,10,40
23,24,9,10,40
23,25,10,10,40
23,26,10,10,40
23,27,10,10,40
23,28,9,10,40
23,29,10,10,40
23,30,9,10,40
23,31,9,10,40
23,32,8,10,40
23,33,10,10,40
23,34,9,10,40
23,35,10,10,40
23,36,10,10,40
23,37,11,10,40
23,38,9,10,40
23,39,10,10,40
23,40,11,10,40
23,41,11,10,40
23,42,9,10,40
23,43,9,10,40
23,44,10,10,40
23,45,9,10,40
23,46,9,10,40
23,47,10,10,40
23,48,9,10,40
23,49,10,10,40
23,50,10,10,40
23,51,9,10,40
24,0,11,10,40
24,1,9,10,40
24,2,9,10,40
24,3,9,10,40
24,4,10,10,40
24,5,9,10,40
24,6,9,10,40
24,7,9,10,40
24,8,9,10,40
24,9,10,10,40
24,10,9,10,40
24,11,10,10,40
24,12,9,10,40
24,13,10,10,40
24,14,9,10,40
24,15,10,10,40
24,16,10,10,40
24,17,11,10,40
24,18,9,10,40
24,19,9,10,40
24,20,9,10,40
24,21,9,10,40
24,22,10,10,40
24,23,9,10,40
24,24,10,10,40
24,25,9,10,40
24,26,9,10,40
24,27,9,10,40
24,28,9,10,40
24,29,10,10,40
24,30,10,10,40
24,31,10,10,40
24,32,9,10,40
24,33,10,10,40
24,34,10,10,40
24,35,10,10,40
24,36,9,10,40
24,37,10,10,40
24,38,10,10,40
24,39,9,10,40
24,40,9,10,40
24,41,10,10,40
24,42,10,10,40
24,43,10,10,40
24,44,9,10,40
24,45,10,10,40
24,46,10,10,40
24,47,10,10,40
24,48,11,10,40
24,49,10,10,40
24,50,10,10,40
24,51,9,10,40
25,0,10,10,40
25,1,10,10,40
25,2,10,10,40
25,3,9,10,40
25,4,10,10,40
25,5,10,10,40
25,6,10,10,40
25,7,10,10,40
25,8,10,10,40
25,9,11,10,40
25,10,10,10,40
25,11,9,10,40
25,12,10,10,40
25,13,10,10,40
25,14,9,10,40
25,15,9,10,40
25,16,9,10,40
25,17,10,10,40
25,18,9,10,40
25,19,9,10,40
25,20,9,10,40
25,21,9,10,40
25,22,9,10,40
25,23,9,10,40
25,24,10,10,40
25,25,9,10,40
25,26,9,10,40
25,27,9,10,40
25,28,8,10,40
25,29,9,10,40
25,30,8,10,40
25,31,10,10,40
25,32,9,10,40
25,33,10,10,40
25,34,9,10,40
25,35,9,10,40
25,36,9,10,40
25,37,9,10,40
25,38,10,10,40
25,39,10,10,40
25,40,10,10,40
25,41,10,10,40
25,42,10,10,40
25,43,11,10,40
25,44,11,10,40
25,45,9,10,40
25,46,10,10,40
25,47,9,10,40
25,48,10,10,40
25,49,9,10,40
25,50,9,10,40
25,51,10,10,40
26,0,10,10,40
26,1,10,10,40
26,2,10,10,40
26,3,10,10,40
26,4,9,10,40
26,5,9,10,40
26,6,9,10,40
26,7,10,10,40
26,8,10,10,40
26,9,10,10,40
26,10,10,10,40
26,11,9,10,40
26,12,9,10,40
26,13,10,10,40
26,14,11,10,40
26,15,9,10,40
26,16,9,10,40
26,17,10,10,40
26,18,11,10,40
26,19,9,10,40
26,20,10,10,40
26,21,10,10,40
26,22,10,10,40
26,23,9,10,40
26,24,10,10,40
26,25,9,10,40
26,26,9,10,40
26,27,9,10,40
26,28,9,10,40
26,29,9,10,40
26,30,10,10,40
26,31,9,10,40
26,32,8,10,40
26,33,10,10,40
26,34,11,10,40
26,35,10,10,40
26,36,10,10,40
26,37,10,10,40
26,38,10,10,40
26,39,11,10,40
26,40,11,10,40
26,41,11,10,40
26,42,11,10,40
26,43,9,10,40
26,44,9,10,40
26,45,10,10,40
26,46,9,10,40
26,47,10,10,40
26,48,8,10,40
26,49,10,10,40
26,50,10,10,40
26,51,10,10,40
27,0,9,10,40
27,1,9,10,40
27,2,9,10,40
27,3,9,10,40
27,4,10,10,40
27,5,10,10,40
27,6,9,10,40
27,7,10,10,40
27,8,9,10,40
27,9,8,10,40
27,10,9,10,40
27,11,9,10,40
27,12,10,10,40
27,13,9,10,40
27,14,9,10,40
27,15,9,10,40
27,16,10,10,40
27,17,10,10,40
27,18,9,10,40
27,19,9,10,40
27,20,10,10,40
27,21,9,10,40
27,22,9,10,40
27,23,10,10,40
27,24,10,10,40
27,25,9,10,40
27,26,10,10,40
27,27,9,10,40
27,28,10,10,40
27,29,9,10,40
27,30,9,10,40
27,31,10,10,40
27,32,10,10,40
27,33,9,10,40
27,34,10,10,40
27,35,9,10,40
27,36,9,10,40
27,37,11,10,40
27,38,10,10,40
27,39,8,10,40
27,40,8,10,40
27,41,10,10,40
27,42,10,10,40
27,43,9,10,40
27,44,9,10,40
27,45,10,10,40
27,46,9,10,40
27,47,9,10,40
27,48,10,10,40
27,49,9,10,40
27,50,11,10,40
27,51,10,10,40
28,0,10,10,40
28,1,11,10,40
28,2,12,10,40
28,3,11,10,40
28,4,10,10,40
28,5,9,10,40
28,6,9,10,40
28,7,9,10,40
28,8,9,10,40
28,9,8,10,40
28,10,9,10,40
28,11,9,10,40
28,12,9,10,40
28,13,9,10,40
28,14,10,10,40
28,15,11,10,40
28,16,10,10,40
28,17,10,10,40
28,18,9,10,40
28,19,10,10,40
28,20,10,10,40
28,21,10,10,40
28,22,9,10,40
28,23,9,10,40
28,24,10,10,40
28,25,9,10,40
28,26,9,10,40
28,27,10,10,40
28,28,9,10,40
28,29,10,10,40
28,30,10,10,40
28,31,10,10,40
28,32,10,10,40
28,33,9,10,40
28,34,9,10,40
28,35,10,10,40
28,36,9,10,40
28,37,10,10,40
28,38,9,10,40
28,39,10,10,40
28,40,10,10,40
28,41,10,10,40
28,42,9,10,40
28,43,10,10,40
28,44,10,10,40
28,45,10,10,40
28,46,9,10,40
28,47,10,10,40
28,48,9,10,40
28,49,9,10,40
28,50,10,10,40
28,51,9,10,40
29,0,11,10,40
29,1,11,10,40
29,2,9,10,40
29,3,10,10,40
29,4,11,10,40
29,5,9,10,40
29,6,9,10,40
29,7,9,10,40
29,8,10,10,40
29,9,9,10,40
29,10,10,10,40
29,11,10,10,40
29,12,9,10,40
29,13,11,10,40
29,14,10,10,40
29,15,9,10,40
29,16,10,10,40
29,17,10,10,40
29,18,10,10,40
29,19,8,10,40
29,20,10,10,40
29,21,9,10,40
29,22,10,10,40
29,23,9,10,40
29,24,10,10,40
29,25,11,10,40
29,26,9,10,40
29,27,8,10,40
29,28,9,10,40
29,29,9,10,40
29,30,9,10,40
29,31,9,10,40
29,32,10,10,40
29,33,10,10,40
29,34,9,10,40
29,35,9,10,40
29,36,10,10,40
29,37,10,10,40
29,38,10,10,40
29,39,10,10,40
29,40,9,10,40
29,41,10,10,40
29,42,9,10,40
29,43,10,10,40
29,44,9,10,40
29,45,9,10,40
29,46,10,10,40
29,47,9,10,40
29,48,8,10,40
29,49,10,10,40
29,50,11,10,40
29,51,10,10,40
30,0,10,10,40
30,1,9,10,40
30,2,9,10,40
30,3,10,10,40
30,4,9,10,40
30,5,9,10,40
30,6,9,10,40
30,7,10,10,40
30,8,9,10,40
30,9,10,10,40
30,10,10,10,40
30,11,9,10,40
30,12,9,10,40
30,13,9,10,40
30,14,10,10,40
30,15,9,10,40
30,16,9,10,40
30,17,11,10,40
30,18,11,10,40
30,19,10,10,40
30,20,9,10,40
30,21,9,10,40
30,22,9,10,40
30,23,8,10,40
30,24,8,10,40
30,25,9,10,40
30,26,9,10,40
30,27,9,10,40
30,28,9,10,40
30,29,9,10,40
30,30,10,10,40
30,31,10,10,40
30,32,11,10,40
30,33,9,10,40
30,34,10,10,40
30,35,9,10,40
30,36,9,10,40
30,37,9,10,40
30,38,10,10,40
30,39,10,10,40
30,40,10,10,40
30,41,9,10,40
30,42,9,10,40
30,43,9,10,40
30,44,9,10,40
30,45,9,10,40
30,46,9,10,40
30,47,10,10,40
30,48,9,10,40
30,49,9,10,40
30,50,10,10,40
30,51,10,10,40
1,0,8,10,60
1,1,9,10,60
1,2,8,10,60
1,3,9,10,60
1,4,8,10,60
1,5,8,10,60
1,6,7,10,60
1,7,8,10,60
1,8,7,10,60
1,9,8,10,60
1,10,9,10,60
1,11,9,10,60
1,12,9,10,60
1,13,8,10,60
1,14,8,10,60
1,15,8,10,60
1,16,9,10,60
1,17,9,10,60
1,18,9,10,60
1,19,9,10,60
1,20,8,10,60
1,21,8,10,60
1,22,8,10,60
1,23,8,10,60
1,24,8,10,60
1,25,9,10,60
1,26,8,10,60
1,27,8,10,60
1,28,8,10,60
1,29,8,10,60
1,30,9,10,60
1,31,9,10,60
1,32,9,10,60
1,33,7,10,60
1,34,8,10,60
1,35,8,10,60
1,36,8,10,60
1,37,8,10,60
1,38,9,10,60
1,39,7,10,60
1,40,8,10,60
1,41,8,10,60
1,42,8,10,60
1,43,8,10,60
1,44,9,10,60
1,45,9,10,60
1,46,8,10,60
1,47,9,10,60
1,48,8,10,60
1,49,8,10,60
1,50,9,10,60
1,51,8,10,60
2,0,8,10,60
2,1,8,10,60
2,2,10,10,60
2,3,9,10,60
2,4,9,10,60
2,5,8,10,60
2,6,8,10,60
2,7,9,10,60
2,8,8,10,60
2,9,8,10,60
2,10,8,10,60
2,11,8,10,60
2,12,9,10,60
2,13,8,10,60
2,14,9,10,60
2,15,8,10,60
2,16,9,10,60
2,17,8,10,60
2,18,8,10,60
2,19,8,10,60
2,20,8,10,60
2,21,7,10,60
2,22,8,10,60
2,23,9,10,60
2,24,9,10,60
2,25,9,10,60
2,26,9,10,60
2,27,7,10,60
2,28,9,10,60
2,29,9,10,60
2,30,9,10,60
2,31,9,10,60
2,32,8,10,60
2,33,8,10,60
2,34,8,10,60
2,35,8,10,60
2,36,9,10,60
2,37,9,10,60
2,38,8,10,60
2,39,9,10,60
2,40,9,10,60
2,41,9,10,60
2,42,9,10,60
2,43,8,10,60
2,44,7,10,60
2,45,8,10,60
2,46,8,10,60
2,47,8,10,60
2,48,8,10,60
2,49,8,10,60
2,50,7,10,60
2,51,8,10,60
3,0,7,10,60
3,1,8,10,60
3,2,8,10,60
3,3,7,10,60
3,4,8,10,60
3,5,8,10,60
3,6,7,10,60
3,7,7,10,60
3,8,8,10,60
3,9,8,10,60
3,10,9,10,60
3,11,9,10,60
3,12,9,10,60
3,13,9,10,60
3,14,8,10,60
3,15,8,10,60
3,16,9,10,60
3,17,8,10,60
3,18,8,10,60
3,19,8,10,60
3,20,9,10,60
3,21,9,10,60
3,22,9,10,60
3,23,10,10,60
3,24,9,10,60
3,25,9,10,60
3,26,9,10,60
3,27,9,10,60
3,28,8,10,60
3,29,9,10,60
3,30,10,10,60
3,31,9,10,60
3,32,9,10,60
3,33,8,10,60
3,34,8,10,60
3,35,8,10,60
3,36,8,10,60
3,37,9,10,60
3,38,8,10,60
3,39,8,10,60
3,40,9,10,60
3,41,9,10,60
3,42,8,10,60
3,43,8,10,60
3,44,8,10,60
3,45,8,10,60
3,46,9,10,60
3,47,8,10,60
3,48,8,10,60
3,49,8,10,60
3,50,8,10,60
3,51,9,10,60
4,0,8,10,60
4,1,8,10,60
4,2,9,10,60
4,3,8,10,60
4,4,9,10,60
4,5,9,10,60
4,6,8,10,60
4,7,8,10,60
4,8,9,10,60
4,9,7,10,60
4,10,8,10,60
4,11,8,10,60
4,12,8,10,60
4,13,8,10,60
4,14,8,10,60
4,15,8,10,60
4,16,8,10,60
4,17,8,10,60
4,18,8,10,60
4,19,8,10,60
4,20,9,10,60
4,21,8,10,60
4,22,8,10,60
4,23,8,10,60
4,24,9,10,60
4,25,8,10,60
4,26,9,10,60
4,27,8,10,60
4,28,9,10,60
4,29,8,10,60
4,30,9,10,60
4,31,7,10,60
4,32,8,10,60
4,33,8,10,60
4,34,10,10,60
4,35,8,10,60
4,36,9,10,60
4,37,9,10,60
4,38,8,10,60
4,39,9,10,60
4,40,9,10,60
4,41,9,10,60
4,42,7,10,60
4,43,8,10,60
4,44,8,10,60
4,45,8,10,60
4,46,9,10,60
4,47,8,10,60
4,48,7,10,60
4,49,8,10,60
4,50,8,10,60
4,51,8,10,60
5,0,9,10,60
5,1,9,10,60
5,2,8,10,60
5,3,10,10,60
5,4,9,10,60
5,5,9,10,60
5,6,8,10,60
5,7,8,10,60
5,8,8,10,60
5,9,8,10,60
5,10,8,10,60
5,11,8,10,60
5,12,8,10,60
5,13,8,10,60
5,14,8,10,60
5,15,8,10,60
5,16,8,10,60
5,17,8,10,60
5,18,9,10,60
5,19,9,10,60
5,20,9,10,60
5,21,8,10,60
5,22,8,10,60
5,23,8,10,60
5,24,9,10,60
5,25,9,10,60
5,26,9,10,60
5,27,9,10,60
5,28,9,10,60
5,29,9,10,60
5,30,8,10,60
5,31,8,10,60
5,32,8,10,60
5,33,8,10,60
5,34,8,10,60
5,35,9,10,60
5,36,9,10,60
5,37,9,10,60
5,38,8,10,60
5,39,8,10,60
5,40,8,10,60
5,41,9,10,60
5,42,8,10,60
5,43,8,10,60
5,44,8,10,60
5,45,8,10,60
5,46,9,10,60
5,47,9,10,60
5,48,8,10,60
5,49,8,10,60
5,50,9,10,60
5,51,9,10,60
6,0,8,10,60
6,1,8,10,60
6,2,8,10,60
6,3,7,10,60
6,4,8,10,60
6,5,9,10,60
6,6,9,10,60
6,7,9,10,60
6,8,9,10,60
6,9,8,10,60
6,10,8,10,60
6,11,8,10,60
6,12,9,10,60
6,13,8,10,60
6,14,8,10,60
6,15,9,10,60
6,16,8,10,60
6,17,9,10,60
6,18,9,10,60
6,19,8,10,60
6,20,8,10,60
6,21,8,10,60
6,22,8,10,60
6,23,8,10,60
6,24,9,10,60
6,25,8,10,60
6,26,8,10,60
6,27,8,10,60
6,28,8,10,60
6,29,8,10,60
6,30,9,10,60
6,31,8,10,60
6,32,9,10,60
6,33,9,10,60
6,34,9,10,60
6,35,9,10,60
6,36,9,10,60
6,37,9,10,60
6,38,8,10,60
6,39,9,10,60
6,40,8,10,60
6,41,7,10,60
6,42,8,10,60
6,43,8,10,60
6,44,8,10,60
6,45,7,10,60
6,46,7,10,60
6,47,8,10,60
6,48,8,10,60
6,49,8,10,60
6,50,9,10,60
6,51,9,10,60
7,0,8,10,60
7,1,8,10,60
7,2,7,10,60
7,3,7,10,60
7,4,8,10,60
7,5,8,10,60
7,6,8,10,60
7,7,8,10,60
7,8,7,10,60
7,9,8,10,60
7,10,9,10,60
7,11,9,10,60
7,12,7,10,60
7,13,8,10,60
7,14,8,10,60
7,15,8,10,60
7,16,8,10,60
7,17,8,10,60
7,18,8,10,60
7,19,9,10,60
7,20,8,10,60
7,21,9,10,60
7,22,8,10,60
7,23,8,10,60
7,24,7,10,60
7,25,8,10,60
7,26,8,10,60
7,27,9,10,60
7,28,9,10,60
7,29,9,10,60
7,30,9,10,60
7,31,8,10,60
7,32,7,10,60
7,33,8,10,60
7,34,8,10,60
7,35,9,10,60
7,36,8,10,60
7,37,8,10,60
7,38,9,10,60
7,39,9,10,60
7,40,8,10,60
7,41,8,10,60
7,42,9,10,60
7,43,9,10,60
7,44,9,10,60
7,45,8,10,60
7,46,8,10,60
7,47,9,10,60
7,48,8,10,60
7,49,8,10,60
7,50,7,10,60
7,51,8,10,60
8,0,8,10,60
8,1,8,10,60
8,2,9,10,60
8,3,10,10,60
8,4,8,10,60
8,5,8,10,60
8,6,8,10,60
8,7,9,10,60
8,8,9,10,60
8,9,9,10,60
8,10,8,10,60
8,11,8,10,60
8,12,9,10,60
8,13,9,10,60
8,14,9,10,60
8,15,8,10,60
8,16,8,10,60
8,17,8,10,60
8,18,8,10,60
8,19,8,10,60
8,20,8,10,60
8,21,9,10,60
8,22,9,10,60
8,23,9,10,60
8,24,8,10,60
8,25,8,10,60
8,26,8,10,60
8,27,8,10,60
8,28,9,10,60
8,29,9,10,60
8,30,8,10,60
8,31,8,10,60
8,32,8,10,60
8,33,8,10,60
8,34,10,10,60
8,35,9,10,60
8,36,8,10,60
8,37,8,10,60
8,38,8,10,60
8,39,8,10,60
8,40,8,10,60
8,41,9,10,60
8,42,8,10,60
8,43,8,10,60
8,44,9,10,60
8,45,9,10,60
8,46,8,10,60
8,47,9,10,60
8,48,9,10,60
8,49,9,10,60
8,50,8,10,60
8,51,8,10,60
9,0,10,10,60
9,1,9,10,60
9,2,9,10,60
9,3,8,10,60
9,4,8,10,60
9,5,8,10,60
9,6,8,10,60
9,7,9,10,60
9,8,8,10,60
9,9,8,10,60
9,10,9,10,60
9,11,9,10,60
9,12,8,10,60
9,13,8,10,60
9,14,8,10,60
9,15,9,10,60
9,16,9,10,60
9,17,8,10,60
9,18,7,10,60
9,19,8,10,60
9,20,8,10,60
9,21,8,10,60
9,22,9,10,60
9,23,8,10,60
9,24,9,10,60
9,25,8,10,60
9,26,8,10,60
9,27,8,10,60
9,28,8,10,60
9,29,8,10,60
9,30,8,10,60
9,31,8,10,60
9,32,9,10,60
9,33,8,10,60
9,34,7,10,60
9,35,7,10,60
9,36,8,10,60
9,37,9,10,60
9,38,9,10,60
9,39,8,10,60
9,40,9,10,60
9,41,9,10,60
9,42,9,10,60
9,43,9,10,60
9,44,9,10,60
9,45,9,10,60
9,46,9,10,60
9,47,9,10,60
9,48,8,10,60
9,49,8,10,60
9,50,8,10,60
9,51,8,10,60
10,0,9,10,60
10,1,8,10,60
10,2,8,10,60
10,3,8,10,60
10,4,8,10,60
10,5,8,10,60
10,6,7,10,60
10,7,8,10,60
10,8,8,10,60
10,9,8,10,60
10,10,9,10,60
10,11,9,10,60
10,12,9,10,60
10,13,8,10,60
10,14,8,10,60
10,15,9,10,60
10,16,8,10,60
10,17,8,10,60
10,18,8,10,60
10,19,8,10,60
10,20,8,10,60
10,21,8,10,60
10,22,8,10,60
10,23,8,10,60
10,24,8,10,60
10,25,8,10,60
10,26,8,10,60
10,27,8,10,60
10,28,8,10,60
10,29,8,10,60
10,30,8,10,60
10,31,9,10,60
10,32,7,10,60
10,33,7,10,60
10,34,8,10,60
10,35,9,10,60
10,36,9,10,60
10,37,9,10,60
10,38,9,10,60
10,39,9,10,60
10,40,9,10,60
10,41,9,10,60
10,42,9,10,60
10,43,7,10,60
10,44,8,10,60
10,45,8,10,60
10,46,8,10,60
10,47,8,10,60
10,48,8,10,60
10,49,9,10,60
10,50,10,10,60
10,51,9,10,60
11,0,8,10,60
11,1,8,10,60
11,2,9,10,60
11,3,10,10,60
11,4,9,10,60
11,5,9,10,60
11,6,8,10,60
11,7,8,10,60
11,8,8,10,60
11,9,8,10,60
11,10,8,10,60
11,11,9,10,60
11,12,8,10,60
11,13,8,10,60
11,14,9,10,60
11,15,7,10,60
11,16,8,10,60
11,17,8,10,60
11,18,8,10,60
11,19,8,10,60
11,20,8,10,60
11,21,7,10,60
11,22,8,10,60
11,23,9,10,60
11,24,9,10,60
11,25,8,10,60
11,26,8,10,60
11,27,10,10,60
11,28,9,10,60
11,29,8,10,60
11,30,8,10,60
11,31,8,10,60
11,32,8,10,60
11,33,8,10,60
11,34,8,10,60
11,35,9,10,60
11,36,8,10,60
11,37,8,10,60
11,38,8,10,60
11,39,7,10,60
11,40,8,10,60
11,41,9,10,60
11,42,8,10,60
11,43,8,10,60
11,44,9,10,60
11,45,8,10,60
11,46,9,10,60
11,47,9,10,60
11,48,9,10,60
11,49,8,10,60
11,50,9,10,60
11,51,8,10,60
12,0,8,10,60
12,1,8,10,60
12,2,9,10,60
12,3,9,10,60
12,4,9,10,60
12,5,9,10,60
12,6,8,10,60
12,7,8,10,60
12,8,8,10,60
12,9,8,10,60
12,10,10,10,60
12,11,9,10,60
12,12,9,10,60
12,13,8,10,60
12,14,9,10,60
12,15,9,10,60
12,16,8,10,60
12,17,8,10,60
12,18,8,10,60
12,19,8,10,60
12,20,8,10,60
12,21,8,10,60
12,22,8,10,60
12,23,8,10,60
12,24,9,10,60
12,25,9,10,60
12,26,8,10,60
12,27,8,10,60
12,28,8,10,60
12,29,8,10,60
12,30,8,10,60
12,31,8,10,60
12,32,10,10,60
12,33,8,10,60
12,34,8,10,60
12,35,7,10,60
12,36,8,10,60
12,37,8,10,60
12,38,9,10,60
12,39,9,10,60
12,40,10,10,60
12,41,8,10,60
12,42,7,10,60
12,43,8,10,60
12,44,9,10,60
12,45,8,10,60
12,46,8,10,60
12,47,8,10,60
12,48,8,10,60
12,49,8,10,60
12,50,8,10,60
12,51,8,10,60
13,0,8,10,60
13,1,8,10,60
13,2,8,10,60
13,3,9,10,60
13,4,8,10,60
13,5,9,10,60
13,6,8,10,60
13,7,8,10,60
13,8,8,10,60
13,9,8,10,60
13,10,9,10,60
13,11,7,10,60
13,12,8,10,60
13,13,8,10,60
13,14,8,10,60
13,15,8,10,60
13,16,9,10,60
13,17,8,10,60
13,18,8,10,60
13,19,9,10,60
13,20,8,10,60
13,21,8,10,60
13,22,7,10,60
13,23,8,10,60
13,24,8,10,60
13,25,7,10,60
13,26,9,10,60
13,27,8,10,60
13,28,8,10,60
13,29,9,10,60
13,30,10,10,60
13,31,9,10,60
13,32,9,10,60
13,33,9,10,60
13,34,7,10,60
13,35,9,10,60
13,36,10,10,60
13,37,9,10,60
13,38,7,10,60
13,39,7,10,60
13,40,8,10,60
13,41,8,10,60
13,42,9,10,60
13,43,8,10,60
13,44,8,10,60
13,45,9,10,60
13,46,8,10,60
13,47,8,10,60
13,48,8,10,60
13,49,8,10,60
13,50,8,10,60
13,51,9,10,60
14,0,8,10,60
14,1,8,10,60
14,2,10,10,60
14,3,9,10,60
14,4,8,10,60
14,5,8,10,60
14,6,9,10,60
14,7,9,10,60
14,8,8,10,60
14,9,8,10,60
14,10,9,10,60
14,11,8,10,60
14,12,8,10,60
14,13,8,10,60
14,14,8,10,60
14,15,7,10,60
14,16,8,10,60
14,17,8,10,60
14,18,7,10,60
14,19,8,10,60
14,20,8,10,60
14,21,8,10,60
14,22,9,10,60
14,23,9,10,60
14,24,8,10,60
14,25,8,10,60
14,26,8,10,60
14,27,8,10,60
14,28,8,10,60
14,29,9,10,60
14,30,8,10,60
14,31,8,10,60
14,32,7,10,60
14,33,8,10,60
14,34,9,10,60
14,35,9,10,60
14,36,7,10,60
14,37,9,10,60
14,38,9,10,60
14,39,9,10,60
14,40,9,10,60
14,41,8,10,60
14,42,7,10,60
14,43,7,10,60
14,44,7,10,60
14,45,8,10,60
14,46,8,10,60
14,47,7,10,60
14,48,8,10,60
14,49,8,10,60
14,50,9,10,60
14,51,8,10,60
15,0,7,10,60
15,1,8,10,60
15,2,8,10,60
15,3,8,10,60
15,4,7,10,60
15,5,8,10,60
15,6,9,10,60
15,7,8,10,60
15,8,8,10,60
15,9,8,10,60
15,10,8,10,60
15,11,8,10,60
15,12,8,10,60
15,13,8,10,60
15,14,8,10,60
15,15,8,10,60
15,16,8,10,60
15,17,8,10,60
15,18,8,10,60
15,19,9,10,60
15,20,8,10,60
15,21,8,10,60
15,22,8,10,60
15,23,8,10,60
15,24,8,10,60
15,25,9,10,60
15,26,8,10,60
15,27,8,10,60
15,28,8,10,60
15,29,8,10,60
15,30,8,10,60
15,31,8,10,60
15,32,7,10,60
15,33,9,10,60
15,34,9,10,60
15,35,8,10,60
15,36,8,10,60
15,37,8,10,60
15,38,9,10,60
15,39,8,10,60
15,40,10,10,60
15,41,9,10,60
15,42,8,10,60
15,43,8,10,60
15,44,8,10,60
15,45,8,10,60
15,46,7,10,60
15,47,8,10,60
15,48,8,10,60
15,49,8,10,60
15,50,8,10,60
15,51,8,10,60
16,0,7,10,60
16,1,8,10,60
16,2,8,10,60
16,3,9,10,60
16,4,9,10,60
16,5,9,10,60
16,6,9,10,60
16,7,8,10,60
16,8,8,10,60
16,9,7,10,60
16,10,9,10,60
16,11,9,10,60
16,12,8,10,60
16,13,8,10,60
16,14,9,10,60
16,15,8,10,60
16,16,9,10,60
16,17,8,10,60
16,18,9,10,60
16,19,9,10,60
16,20,8,10,60
16,21,8,10,60
16,22,9,10,60
16,23,9,10,60
16,24,10,10,60
16,25,10,10,60
16,26,10,10,60
16,27,8,10,60
16,28,8,10,60
16,29,8,10,60
16,30,9,10,60
16,31,8,10,60
16,32,7,10,60
16,33,8,10,60
16,34,8,10,60
16,35,8,10,60
16,36,8,10,60
16,37,8,10,60
16,38,7,10,60
16,39,8,10,60
16,40,7,10,60
16,41,8,10,60
16,42,9,10,60
16,43,8,10,60
16,44,9,10,60
16,45,8,10,60
16,46,8,10,60
16,47,8,10,60
16,48,8,10,60
16,49,9,10,60
16,50,10,10,60
16,51,9,10,60
17,0,8,10,60
17,1,7,10,60
17,2,7,10,60
17,3,8,10,60
17,4,8,10,60
17,5,8,10,60
17,6,8,10,60
17,7,8,10,60
17,8,8,10,60
17,9,10,10,60
17,10,9,10,60
17,11,8,10,60
17,12,8,10,60
17,13,8,10,60
17,14,9,10,60
17,15,9,10,60
17,16,8,10,60
17,17,9,10,60
17,18,8,10,60
17,19,7,10,60
17,20,8,10,60
17,21,8,10,60
17,22,9,10,60
17,23,8,10,60
17,24,7,10,60
17,25,9,10,60
17,26,8,10,60
17,27,9,10,60
17,28,8,10,60
17,29,8,10,60
17,30,7,10,60
17,31,8,10,60
17,32,8,10,60
17,33,9,10,60
17,34,9,10,60
17,35,9,10,60
17,36,9,10,60
17,37,9,10,60
17,38,9,10,60
17,39,9,10,60
17,40,9,10,60
17,41,8,10,60
17,42,9,10,60
17,43,8,10,60
17,44,9,10,60
17,45,10,10,60
17,46,9,10,60
17,47,9,10,60
17,48,7,10,60
17,49,7,10,60
17,50,9,10,60
17,51,9,10,60
18,0,8,10,60
18,1,9,10,60
18,2,8,10,60
18,3,8,10,60
18,4,8,10,60
18,5,9,10,60
18,6,9,10,60
18,7,8,10,60
18,8,8,10,60
18,9,8,10,60
18,10,7,10,60
18,11,8,10,60
18,12,8,10,60
18,13,8,10,60
18,14,8,10,60
18,15,8,10,60
18,16,8,10,60
18,17,9,10,60
18,18,9,10,60
18,19,9,10,60
18,20,9,10,60
18,21,9,10,60
18,22,8,10,60
18,23,9,10,60
18,24,7,10,60
18,25,8,10,60
18,26,8,10,60
18,27,9,10,60
18,28,8,10,60
18,29,9,10,60
18,30,7,10,60
18,31,7,10,60
18,32,8,10,60
18,33,8,10,60
18,34,9,10,60
18,35,10,10,60
18,36,9,10,60
18,37,9,10,60
18,38,9,10,60
18,39,8,10,60
18,40,8,10,60
18,41,9,10,60
18,42,8,10,60
18,43,8,10,60
18,44,8,10,60
18,45,8,10,60
18,46,8,10,60
18,47,9,10,60
18,48,8,10,60
18,49,9,10,60
18,50,8,10,60
18,51,8,10,60
19,0,9,10,60
19,1,7,10,60
19,2,8,10,60
19,3,8,10,60
19,4,8,10,60
19,5,8,10,60
19,6,9,10,60
19,7,9,10,60
19,8,9,10,60
19,9,8,10,60
19,10,7,10,60
19,11,8,10,60
19,12,8,10,60
19,13,9,10,60
19,14,8,10,60
19,15,8,10,60
19,16,8,10,60
19,17,8,10,60
19,18,8,10,60
19,19,8,10,60
19,20,8,10,60
19,21,8,10,60
19,22,8,10,60
19,23,8,10,60
19,24,8,10,60
19,25,8,10,60
19,26,8,10,60
19,27,8,10,60
19,28,8,10,60
19,29,8,10,60
19,30,8,10,60
19,31,9,10,60
19,32,7,10,60
19,33,8,10,60
19,34,8,10,60
19,35,9,10,60
19,36,8,10,60
19,37,8,10,60
19,38,8,10,60
19,39,8,10,60
19,40,9,10,60
19,41,9,10,60
19,42,8,10,60
19,43,8,10,60
19,44,8,10,60
19,45,8,10,60
19,46,8,10,60
19,47,10,10,60
19,48,9,10,60
19,49,8,10,60
19,50,8,10,60
19,51,9,10,60
20,0,9,10,60
20,1,8,10,60
20,2,9,10,60
20,3,8,10,60
20,4,8,10,60
20,5,8,10,60
20,6,9,10,60
20,7,10,10,60
20,8,9,10,60
20,9,8,10,60
20,10,9,10,60
20,11,9,10,60
20,12,8,10,60
20,13,8,10,60
20,14,7,10,60
20,15,8,10,60
20,16,8,10,60
20,17,8,10,60
20,18,9,10,60
20,19,9,10,60
20,20,9,10,60
20,21,9,10,60
20,22,8,10,60
20,23,8,10,60
20,24,8,10,60
20,25,8,10,60
20,26,9,10,60
20,27,8,10,60
20,28,7,10,60
20,29,8,10,60
20,30,8,10,60
20,31,8,10,60
20,32,8,10,60
20,33,8,10,60
20,34,9,10,60
20,35,9,10,60
20,36,9,10,60
20,37,9,10,60
20,38,9,10,60
20,39,9,10,60
20,40,9,10,60
20,41,9,10,60
20,42,8,10,60
20,43,9,10,60
20,44,8,10,60
20,45,9,10,60
20,46,8,10,60
20,47,8,10,60
20,48,8,10,60
20,49,8,10,60
20,50,9,10,60
20,51,8,10,60
21,0,8,10,60
21,1,8,10,60
21,2,8,10,60
21,3,8,10,60
21,4,9,10,60
21,5,9,10,60
21,6,8,10,60
21,7,8,10,60
21,8,9,10,60
21,9,8,10,60
21,10,9,10,60
21,11,9,10,60
21,12,8,10,60
21,13,8,10,60
21,14,8,10,60
21,15,8,10,60
21,16,8,10,60
21,17,8,10,60
21,18,7,10,60
21,19,8,10,60
21,20,8,10,60
21,21,8,10,60
21,22,8,10,60
21,23,10,10,60
21,24,8,10,60
21,25,8,10,60
21,26,8,10,60
21,27,9,10,60
21,28,9,10,60
21,29,9,10,60
21,30,9,10,60
21,31,8,10,60
21,32,8,10,60
21,33,9,10,60
21,34,8,10,60
21,35,8,10,60
21,36,8,10,60
21,37,8,10,60
21,38,9,10,60
21,39,9,10,60
21,40,8,10,60
21,41,8,10,60
21,42,8,10,60
21,43,9,10,60
21,44,9,10,60
21,45,8,10,60
21,46,8,10,60
21,47,8,10,60
21,48,8,10,60
21,49,8,10,60
21,50,8,10,60
21,51,8,10,60
22,0,7,10,60
22,1,9,10,60
22,2,9,10,60
22,3,9,10,60
22,4,7,10,60
22,5,8,10,60
22,6,8,10,60
22,7,8,10,60
22,8,9,10,60
22,9,9,10,60
22,10,8,10,60
22,11,8,10,60
22,12,9,10,60
22,13,9,10,60
22,14,9,10,60
22,15,8,10,60
22,16,7,10,60
22,17,8,10,60
22,18,9,10,60
22,19,8,10,60
22,20,7,10,60
22,21,8,10,60
22,22,8,10,60
22,23,8,10,60
22,24,9,10,60
22,25,8,10,60
22,26,8,10,60
22,27,8,10,60
22,28,8,10,60
22,29,8,10,60
22,30,8,10,60
22,31,9,10,60
22,32,9,10,60
22,33,9,10,60
22,34,9,10,60
22,35,9,10,60
22,36,7,10,60
22,37,8,10,60
22,38,8,10,60
22,39,8,10,60
22,40,8,10,60
22,41,8,10,60
22,42,8,10,60
22,43,7,10,60
22,44,8,10,60
22,45,9,10,60
22,46,8,10,60
22,47,8,10,60
22,48,8,10,60
22,49,8,10,60
22,50,8,10,60
22,51,9,10,60
23,0,8,10,60
23,1,8,10,60
23,2,8,10,60
23,3,8,10,60
23,4,8,10,60
23,5,8,10,60
23,6,10,10,60
23,7,9,10,60
23,8,8,10,60
23,9,8,10,60
23,10,8,10,60
23,11,8,10,60
23,12,8,10,60
23,13,8,10,60
23,14,9,10,60
23,15,8,10,60
23,16,8,10,60
23,17,8,10,60
23,18,8,10,60
23,19,9,10,60
23,20,9,10,60
23,21,9,10,60
23,22,8,10,60
23,23,7,10,60
23,24,8,10,60
23,25,8,10,60
23,26,8,10,60
23,27,8,10,60
23,28,9,10,60
23,29,8,10,60
23,30,8,10,60
23,31,8,10,60
23,32,8,10,60
23,33,9,10,60
23,34,9,10,60
23,35,8,10,60
23,36,8,10,60
23,37,8,10,60
23,38,8,10,60
23,39,8,10,60
23,40,8,10,60
23,41,8,10,60
23,42,9,10,60
23,43,9,10,60
23,44,9,10,60
23,45,8,10,60
23,46,8,10,60
23,47,8,10,60
23,48,9,10,60
23,49,9,10,60
23,50,8,10,60
23,51,9,10,60
24,0,8,10,60
24,1,8,10,60
24,2,9,10,60
24,3,9,10,60
24,4,8,10,60
24,5,7,10,60
24,6,8,10,60
24,7,8,10,60
24,8,8,10,60
24,9,8,10,60
24,10,9,10,60
24,11,8,10,60
24,12,9,10,60
24,13,9,10,60
24,14,8,10,60
24,15,8,10,60
24,16,8,10,60
24,17,9,10,60
24,18,9,10,60
24,19,9,10,60
24,20,8,10,60
24,21,10,10,60
24,22,9,10,60
24,23,8,10,60
24,24,9,10,60
24,25,9,10,60
24,26,9,10,60
24,27,8,10,60
24,28,9,10,60
24,29,9,10,60
24,30,8,10,60
24,31,8,10,60
24,32,9,10,60
24,33,8,10,60
24,34,8,10,60
24,35,9,10,60
24,36,9,10,60
24,37,9,10,60
24,38,9,10,60
24,39,9,10,60
24,40,10,10,60
24,41,9,10,60
24,42,9,10,60
24,43,8,10,60
24,44,8,10,60
24,45,8,10,60
24,46,7,10,60
24,47,8,10,60
24,48,8,10,60
24,49,7,10,60
24,50,8,10,60
24,51,8,10,60
25,0,8,10,60
25,1,8,10,60
25,2,9,10,60
25,3,9,10,60
25,4,8,10,60
25,5,8,10,60
25,6,9,10,60
25,7,8,10,60
25,8,9,10,60
25,9,8,10,60
25,10,9,10,60
25,11,9,10,60
25,12,8,10,60
25,13,7,10,60
25,14,8,10,60
25,15,8,10,60
25,16,8,10,60
25,17,8,10,60
25,18,9,10,60
25,19,8,10,60
25,20,7,10,60
25,21,8,10,60
25,22,9,10,60
25,23,10,10,60
25,24,9,10,60
25,25,8,10,60
25,26,8,10,60
25,27,7,10,60
25,28,7,10,60
25,29,8,10,60
25,30,8,10,60
25,31,8,10,60
25,32,8,10,60
25,33,8,10,60
25,34,8,10,60
25,35,7,10,60
25,36,8,10,60
25,37,8,10,60
25,38,10,10,60
25,39,9,10,60
25,40,9,10,60
25,41,9,10,60
25,42,9,10,60
25,43,8,10,60
25,44,8,10,60
25,45,8,10,60
25,46,8,10,60
25,47,7,10,60
25,48,8,10,60
25,49,9,10,60
25,50,9,10,60
25,51,8,10,60
26,0,9,10,60
26,1,8,10,60
26,2,8,10,60
26,3,9,10,60
26,4,8,10,60
26,5,8,10,60
26,6,8,10,60
26,7,9,10,60
26,8,8,10,60
26,9,8,10,60
26,10,8,10,60
26,11,9,10,60
26,12,9,10,60
26,13,8,10,60
26,14,8,10,60
26,15,8,10,60
26,16,8,10,60
26,17,8,10,60
26,18,8,10,60
26,19,8,10,60
26,20,8,10,60
26,21,8,10,60
26,22,8,10,60
26,23,9,10,60
26,24,8,10,60
26,25,8,10,60
26,26,8,10,60
26,27,8,10,60
26,28,8,10,60
26,29,8,10,60
26,30,8,10,60
26,31,9,10,60
26,32,8,10,60
26,33,8,10,60
26,34,8,10,60
26,35,8,10,60
26,36,8,10,60
26,37,10,10,60
26,38,9,10,60
26,39,9,10,60
26,40,9,10,60
26,41,8,10,60
26,42,9,10,60
26,43,10,10,60
26,44,9,10,60
26,45,9,10,60
26,46,9,10,60
26,47,8,10,60
26,48,8,10,60
26,49,9,10,60
26,50,8,10,60
26,51,8,10,60
27,0,9,10,60
27,1,9,10,60
27,2,9,10,60
27,3,8,10,60
27,4,10,10,60
27,5,9,10,60
27,6,9,10,60
27,7,10,10,60
27,8,9,10,60
27,9,8,10,60
27,10,9,10,60
27,11,9,10,60
27,12,8,10,60
27,13,8,10,60
27,14,8,10,60
27,15,8,10,60
27,16,8,10,60
27,17,7,10,60
27,18,8,10,60
27,19,9,10,60
27,20,8,10,60
27,21,7,10,60
27,22,7,10,60
27,23,8,10,60
27,24,8,10,60
27,25,9,10,60
27,26,8,10,60
27,27,8,10,60
27,28,8,10,60
27,29,8,10,60
27,30,8,10,60
27,31,8,10,60
27,32,8,10,60
27,33,8,10,60
27,34,9,10,60
27,35,7,10,60
27,36,8,10,60
27,37,8,10,60
27,38,8,10,60
27,39,8,10,60
27,40,7,10,60
27,41,8,10,60
27,42,8,10,60
27,43,8,10,60
27,44,8,10,60
27,45,8,10,60
27,46,9,10,60
27,47,8,10,60
27,48,8,10,60
27,49,8,10,60
27,50,8,10,60
27,51,9,10,60
28,0,8,10,60
28,1,9,10,60
28,2,9,10,60
28,3,9,10,60
28,4,8,10,60
28,5,8,10,60
28,6,8,10,60
28,7,8,10,60
28,8,8,10,60
28,9,8,10,60
28,10,9,10,60
28,11,9,10,60
28,12,8,10,60
28,13,8,10,60
28,14,9,10,60
28,15,8,10,60
28,16,9,10,60
28,17,9,10,60
28,18,8,10,60
28,19,9,10,60
28,20,8,10,60
28,21,8,10,60
28,22,9,10,60
28,23,8,10,60
28,24,9,10,60
28,25,9,10,60
28,26,9,10,60
28,27,9,10,60
28,28,8,10,60
28,29,8,10,60
28,30,8,10,60
28,31,8,10,60
28,32,8,10,60
28,33,9,10,60
28,34,7,10,60
28,35,8,10,60
28,36,9,10,60
28,37,9,10,60
28,38,7,10,60
28,39,8,10,60
28,40,8,10,60
28,41,10,10,60
28,42,9,10,60
28,43,9,10,60
28,44,8,10,60
28,45,8,10,60
28,46,9,10,60
28,47,9,10,60
28,48,9,10,60
28,49,8,10,60
28,50,8,10,60
28,51,9,10,60
29,0,8,10,60
29,1,8,10,60
29,2,7,10,60
29,3,7,10,60
29,4,8,10,60
29,5,8,10,60
29,6,8,10,60
29,7,10,10,60
29,8,9,10,60
29,9,8,10,60
29,10,10,10,60
29,11,9,10,60
29,12,9,10,60
29,13,8,10,60
29,14,7,10,60
29,15,8,10,60
29,16,8,10,60
29,17,8,10,60
29,18,8,10,60
29,19,8,10,60
29,20,9,10,60
29,21,9,10,60
29,22,9,10,60
29,23,8,10,60
29,24,8,10,60
29,25,8,10,60
29,26,9,10,60
29,27,8,10,60
29,28,8,10,60
29,29,8,10,60
29,30,8,10,60
29,31,8,10,60
29,32,8,10,60
29,33,8,10,60
29,34,8,10,60
29,35,8,10,60
29,36,8,10,60
29,37,8,10,60
29,38,8,10,60
29,39,8,10,60
29,40,8,10,60
29,41,7,10,60
29,42,8,10,60
29,43,8,10,60
29,44,8,10,60
29,45,10,10,60
29,46,9,10,60
29,47,8,10,60
29,48,8,10,60
29,49,8,10,60
29,50,9,10,60
29,51,9,10,60
30,0,8,10,60
30,1,9,10,60
30,2,9,10,60
30,3,8,10,60
30,4,8,10,60
30,5,8,10,60
30,6,9,10,60
30,7,8,10,60
30,8,8,10,60
30,9,9,10,60
30,10,10,10,60
30,11,9,10,60
30,12,9,10,60
30,13,9,10,60
30,14,9,10,60
30,15,9,10,60
30,16,8,10,60
30,17,8,10,60
30,18,8,10,60
30,19,8,10,60
30,20,9,10,60
30,21,8,10,60
30,22,7,10,60
30,23,9,10,60
30,24,9,10,60
30,25,8,10,60
30,26,8,10,60
30,27,8,10,60
30,28,7,10,60
30,29,6,10,60
30,30,8,10,60
30,31,8,10,60
30,32,8,10,60
30,33,8,10,60
30,34,8,10,60
30,35,10,10,60
30,36,9,10,60
30,37,8,10,60
30,38,9,10,60
30,39,9,10,60
30,40,8,10,60
30,41,8,10,60
30,42,8,10,60
30,43,9,10,60
30,44,9,10,60
30,45,8,10,60
30,46,9,10,60
30,47,8,10,60
30,48,7,10,60
30,49,8,10,60
30,50,8,10,60
30,51,8,10,60
1,0,16,15,0
1,1,16,15,0
1,2,16,15,0
1,3,17,15,0
1,4,16,15,0
1,5,16,15,0
1,6,13,15,0
1,7,12,15,0
1,8,12,15,0
1,9,14,15,0
1,10,15,15,0
1,11,16,15,0
1,12,17,15,0
1,13,13,15,0
1,14,14,15,0
1,15,15,15,0
1,16,17,15,0
1,17,16,15,0
1,18,17,15,0
1,19,15,15,0
1,20,15,15,0
1,21,15,15,0
1,22,16,15,0
1,23,13,15,0
1,24,14,15,0
1,25,14,15,0
1,26,14,15,0
1,27,15,15,0
1,28,15,15,0
1,29,14,15,0
1,30,14,15,0
1,31,17,15,0
1,32,15,15,0
1,33,17,15,0
1,34,15,15,0
1,35,16,15,0
1,36,15,15,0
1,37,14,15,0
1,38,14,15,0
1,39,14,15,0
1,40,14,15,0
1,41,13,15,0
1,42,14,15,0
1,43,14,15,0
1,44,15,15,0
1,45,16,15,0
1,46,15,15,0
1,47,15,15,0
1,48,15,15,0
1,49,13,15,0
1,50,15,15,0
1,51,17,15,0
2,0,14,15,0
2,1,12,15,0
2,2,15,15,0
2,3,16,15,0
2,4,15,15,0
2,5,15,15,0
2,6,14,15,0
2,7,15,15,0
2,8,14,15,0
2,9,14,15,0
2,10,15,15,0
2,11,15,15,0
2,12,12,15,0
2,13,14,15,0
2,14,18,15,0
2,15,16,15,0
2,16,15,15,0
2,17,16,15,0
2,18,14,15,0
2,19,15,15,0
2,20,14,15,0
2,21,16,15,0
2,22,16,15,0
2,23,13,15,0
2,24,15,15,0
2,25,15,15,0
2,26,14,15,0
2,27,14,15,0
2,28,16,15,0
2,29,14,15,0
2,30,13,15,0
2,31,14,15,0
2,32,14,15,0
2,33,15,15,0
2,34,16,15,0
2,35,15,15,0
2,36,15,15,0
2,37,16,15,0
2,38,16,15,0
2,39,16,15,0
2,40,15,15,0
2,41,14,15,0
2,42,16,15,0
2,43,15,15,0
2,44,14,15,0
2,45,14,15,0
2,46,16,15,0
2,47,15,15,0
2,48,14,15,0
2,49,15,15,0
2,50,16,15,0
2,51,16,15,0
3,0,15,15,0
3,1,14,15,0
3,2,15,15,0
3,3,15,15,0
3,4,16,15,0
3,5,16,15,0
3,6,14,15,0
3,7,14,15,0
3,8,14,15,0
3,9,14,15,0
3,10,13,15,0
3,11,13,15,0
3,12,13,15,0
3,13,16,15,0
3,14,16,15,0
3,15,16,15,0
3,16,16,15,0
3,17,15,15,0
3,18,14,15,0
3,19,13,15,0
3,20,14,15,0
3,21,15,15,0
3,22,14,15,0
3,23,13,15,0
3,24,14,15,0
3,25,15,15,0
3,26,15,15,0
3,27,16,15,0
3,28,15,15,0
3,29,15,15,0
3,30,16,15,0
3,31,16,15,0
3,32,14,15,0
3,33,13,15,0
3,34,13,15,0
3,35,11,15,0
3,36,14,15,0
3,37,14,15,0
3,38,14,15,0
3,39,14,15,0
3,40,15,15,0
3,41,15,15,0
3,42,15,15,0
3,43,16,15,0
3,44,14,15,0
3,45,15,15,0
3,46,14,15,0
3,47,14,15,0
3,48,14,15,0
3,49,14,15,0
3,50,14,15,0
3,51,15,15,0
4,0,16,15,0
4,1,15,15,0
4,2,15,15,0
4,3,15,15,0
4,4,14,15,0
4,5,15,15,0
4,6,14,15,0
4,7,14,15,0
4,8,14,15,0
4,9,16,15,0
4,10,19,15,0
4,11,16,15,0
4,12,17,15,0
4,13,15,15,0
4,14,14,15,0
4,15,14,15,0
4,16,13,15,0
4,17,14,15,0
4,18,13,15,0
4,19,14,15,0
4,20,16,15,0
4,21,17,15,0
4,22,14,15,0
4,23,15,15,0
4,24,13,15,0
4,25,14,15,0
4,26,14,15,0
4,27,16,15,0
4,28,15,15,0
4,29,15,15,0
4,30,15,15,0
4,31,16,15,0
4,32,15,15,0
4,33,14,15,0
4,34,15,15,0
4,35,14,15,0
4,36,15,15,0
4,37,16,15,0
4,38,16,15,0
4,39,16,15,0
4,40,15,15,0
4,41,13,15,0
4,42,14,15,0
4,43,14,15,0
4,44,15,15,0
4,45,14,15,0
4,46,14,15,0
4,47,15,15,0
4,48,15,15,0
4,49,15,15,0
4,50,15,15,0
4,51,16,15,0
5,0,13,15,0
5,1,13,15,0
5,2,13,15,0
5,3,14,15,0
5,4,16,15,0
5,5,18,15,0
5,6,17,15,0
5,7,16,15,0
5,8,16,15,0
5,9,15,15,0
5,10,16,15,0
5,11,15,15,0
5,12,17,15,0
5,13,15,15,0
5,14,15,15,0
5,15,14,15,0
5,16,13,15,0
5,17,15,15,0
5,18,14,15,0
5,19,16,15,0
5,20,14,15,0
5,21,13,15,0
5,22,13,15,0
5,23,15,15,0
5,24,16,15,0
5,25,14,15,0
5,26,15,15,0
5,27,13,15,0
5,28,15,15,0
5,29,17,15,0
5,30,15,15,0
5,31,13,15,0
5,32,15,15,0
5,33,14,15,0
5,34,14,15,0
5,35,14,15,0
5,36,14,15,0
5,37,13,15,0
5,38,12,15,0
5,39,13,15,0
5,40,12,15,0
5,41,14,15,0
5,42,15,15,0
5,43,13,15,0
5,44,15,15,0
5,45,15,15,0
5,46,15,15,0
5,47,15,15,0
5,48,15,15,0
5,49,14,15,0
5,50,13,15,0
5,51,15,15,0
6,0,16,15,0
6,1,15,15,0
6,2,14,15,0
6,3,15,15,0
6,4,15,15,0
6,5,15,15,0
6,6,15,15,0
6,7,16,15,0
6,8,15,15,0
6,9,14,15,0
6,10,13,15,0
6,11,12,15,0
6,12,13,15,0
6,13,13,15,0
6,14,14,15,0
6,15,15,15,0
6,16,16,15,0
6,17,13,15,0
6,18,15,15,0
6,19,14,15,0
6,20,14,15,0
6,21,14,15,0
6,22,14,15,0
6,23,13,15,0
6,24,14,15,0
6,25,14,15,0
6,26,13,15,0
6,27,15,15,0
6,28,15,15,0
6,29,16,15,0
6,30,14,15,0
6,31,13,15,0
6,32,13,15,0
6,33,13,15,0
6,34,14,15,0
6,35,15,15,0
6,36,15,15,0
6,37,13,15,0
6,38,15,15,0
6,39,14,15,0
6,40,13,15,0
6,41,15,15,0
6,42,15,15,0
6,43,14,15,0
6,44,14,15,0
6,45,12,15,0
6,46,14,15,0
6,47,14,15,0
6,48,15,15,0
6,49,15,15,0
6,50,14,15,0
6,51,14,15,0
7,0,14,15,0
7,1,13,15,0
7,2,15,15,0
7,3,15,15,0
7,4,14,15,0
7,5,16,15,0
7,6,16,15,0
7,7,15,15,0
7,8,16,15,0
7,9,13,15,0
7,10,13,15,0
7,11,14,15,0
7,12,13,15,0
7,13,14,15,0
7,14,14,15,0
7,15,14,15,0
7,16,15,15,0
7,17,15,15,0
7,18,13,15,0
7,19,15,15,0
7,20,17,15,0
7,21,17,15,0
7,22,16,15,0
7,23,13,15,0
7,24,14,15,0
7,25,15,15,0
7,26,14,15,0
7,27,15,15,0
7,28,15,15,0
7,29,16,15,0
7,30,18,15,0
7,31,16,15,0
7,32,16,15,0
7,33,15,15,0
7,34,16,15,0
7,35,17,15,0
7,36,15,15,0
7,37,15,15,0
7,38,14,15,0
7,39,14,15,0
7,40,11,15,0
7,41,13,15,0
7,42,13,15,0
7,43,14,15,0
7,44,14,15,0
7,45,13,15,0
7,46,15,15,0
7,47,15,15,0
7,48,15,15,0
7,49,15,15,0
7,50,15,15,0
7,51,16,15,0
8,0,16,15,0
8,1,15,15,0
8,2,13,15,0
8,3,13,15,0
8,4,15,15,0
8,5,15,15,0
8,6,13,15,0
8,7,14,15,0
8,8,15,15,0
8,9,15,15,0
8,10,17,15,0
8,11,16,15,0
8,12,14,15,0
8,13,14,15,0
8,14,14,15,0
8,15,13,15,0
8,16,13,15,0
8,17,15,15,0
8,18,14,15,0
8,19,16,15,0
8,20,17,15,0
8,21,13,15,0
8,22,14,15,0
8,23,14,15,0
8,24,14,15,0
8,25,15,15,0
8,26,14,15,0
8,27,14,15,0
8,28,14,15,0
8,29,15,15,0
8,30,15,15,0
8,31,15,15,0
8,32,16,15,0
8,33,14,15,0
8,34,15,15,0
8,35,15,15,0
8,36,15,15,0
8,37,15,15,0
8,38,14,15,0
8,39,15,15,0
8,40,14,15,0
8,41,15,15,0
8,42,15,15,0
8,43,16,15,0
8,44,15,15,0
8,45,15,15,0
8,46,15,15,0
8,47,16,15,0
8,48,16,15,0
8,49,15,15,0
8,50,15,15,0
8,51,15,15,0
9,0,12,15,0
9,1,15,15,0
9,2,17,15,0
9,3,17,15,0
9,4,16,15,0
9,5,15,15,0
9,6,14,15,0
9,7,13,15,0
9,8,15,15,0
9,9,14,15,0
9,10,13,15,0
9,11,13,15,0
9,12,12,15,0
9,13,12,15,0
9,14,12,15,0
9,15,14,15,0
9,16,14,15,0
9,17,14,15,0
9,18,15,15,0
9,19,14,15,0
9,20,17,15,0
9,21,15,15,0
9,22,15,15,0
9,23,13,15,0
9,24,13,15,0
9,25,13,15,0
9,26,14,15,0
9,27,14,15,0
9,28,16,15,0
9,29,15,15,0
9,30,15,15,0
9,31,12,15,0
9,32,11,15,0
9,33,14,15,0
9,34,13,15,0
9,35,13,15,0
9,36,14,15,0
9,37,15,15,0
9,38,15,15,0
9,39,14,15,0
9,40,12,15,0
9,41,13,15,0
9,42,13,15,0
9,43,13,15,0
9,44,13,15,0
9,45,14,15,0
9,46,14,15,0
9,47,13,15,0
9,48,13,15,0
9,49,16,15,0
9,50,16,15,0
9,51,15,15,0
10,0,15,15,0
10,1,13,15,0
10,2,16,15,0
10,3,15,15,0
10,4,12,15,0
10,5,14,15,0
10,6,14,15,0
10,7,14,15,0
10,8,14,15,0
10,9,14,15,0
10,10,13,15,0
10,11,15,15,0
10,12,17,15,0
10,13,15,15,0
10,14,15,15,0
10,15,15,15,0
10,16,14,15,0
10,17,17,15,0
10,18,18,15,0
10,19,14,15,0
10,20,13,15,0
10,21,15,15,0
10,22,14,15,0
10,23,14,15,0
10,24,15,15,0
10,25,15,15,0
10,26,15,15,0
10,27,12,15,0
10,28,13,15,0
10,29,15,15,0
10,30,15,15,0
10,31,14,15,0
10,32,15,15,0
10,33,15,15,0
10,34,13,15,0
10,35,14,15,0
10,36,14,15,0
10,37,14,15,0
10,38,14,15,0
10,39,16,15,0
10,40,17,15,0
10,41,15,15,0
10,42,14,15,0
10,43,15,15,0
10,44,16,15,0
10,45,14,15,0
10,46,14,15,0
10,47,15,15,0
10,48,13,15,0
10,49,13,15,0
10,50,16,15,0
10,51,16,15,0
11,0,16,15,0
11,1,16,15,0
11,2,17,15,0
11,3,14,15,0
11,4,13,15,0
11,5,15,15,0
11,6,15,15,0
11,7,14,15,0
11,8,14,15,0
11,9,13,15,0
11,10,13,15,0
11,11,13,15,0
11,12,14,15,0
11,13,15,15,0
11,14,14,15,0
11,15,15,15,0
11,16,13,15,0
11,17,15,15,0
11,18,15,15,0
11,19,14,15,0
11,20,14,15,0
11,21,15,15,0
11,22,14,15,0
11,23,14,15,0
11,24,16,15,0
11,25,15,15,0
11,26,15,15,0
11,27,15,15,0
11,28,16,15,0
11,29,17,15,0
11,30,16,15,0
11,31,14,15,0
11,32,13,15,0
11,33,14,15,0
11,34,16,15,0
11,35,16,15,0
11,36,17,15,0
11,37,15,15,0
11,38,15,15,0
11,39,15,15,0
11,40,15,15,0
11,41,14,15,0
11,42,14,15,0
11,43,15,15,0
11,44,16,15,0
11,45,16,15,0
11,46,16,15,0
11,47,13,15,0
11,48,14,15,0
11,49,15,15,0
11,50,15,15,0
11,51,14,15,0
12,0,16,15,0
12,1,16,15,0
12,2,15,15,0
12,3,16,15,0
12,4,14,15,0
12,5,14,15,0
12,6,15,15,0
12,7,15,15,0
12,8,15,15,0
12,9,14,15,0
12,10,15,15,0
12,11,16,15,0
12,12,16,15,0
12,13,16,15,0
12,14,15,15,0
12,15,15,15,0
12,16,14,15,0
12,17,15,15,0
12,18,15,15,0
12,19,15,15,0
12,20,16,15,0
12,21,16,15,0
12,22,14,15,0
12,23,15,15,0
12,24,15,15,0
12,25,15,15,0
12,26,14,15,0
12,27,14,15,0
12,28,16,15,0
12,29,15,15,0
12,30,13,15,0
12,31,16,15,0
12,32,14,15,0
12,33,14,15,0
12,34,15,15,0
12,35,13,15,0
12,36,16,15,0
12,37,14,15,0
12,38,15,15,0
12,39,17,15,0
12,40,16,15,0
12,41,16,15,0
12,42,16,15,0
12,43,16,15,0
12,44,16,15,0
12,45,15,15,0
12,46,14,15,0
12,47,15,15,0
12,48,14,15,0
12,49,17,15,0
12,50,16,15,0
12,51,16,15,0
13,0,15,15,0
13,1,15,15,0
13,2,13,15,0
13,3,14,15,0
13,4,13,15,0
13,5,13,15,0
13,6,14,15,0
13,7,15,15,0
13,8,16,15,0
13,9,15,15,0
13,10,16,15,0
13,11,14,15,0
13,12,15,15,0
13,13,15,15,0
13,14,16,15,0
13,15,13,15,0
13,16,15,15,0
13,17,14,15,0
13,18,13,15,0
13,19,15,15,0
13,20,14,15,0
13,21,13,15,0
13,22,16,15,0
13,23,17,15,0
13,24,18,15,0
13,25,18,15,0
13,26,17,15,0
13,27,13,15,0
13,28,15,15,0
13,29,14,15,0
13,30,13,15,0
13,31,13,15,0
13,32,15,15,0
13,33,15,15,0
13,34,14,15,0
13,35,13,15,0
13,36,12,15,0
13,37,13,15,0
13,38,14,15,0
13,39,13,15,0
13,40,14,15,0
13,41,13,15,0
13,42,13,15,0
13,43,13,15,0
13,44,14,15,0
13,45,15,15,0
13,46,15,15,0
13,47,14,15,0
13,48,13,15,0
13,49,15,15,0
13,50,15,15,0
13,51,16,15,0
14,0,15,15,0
14,1,17,15,0
14,2,14,15,0
14,3,13,15,0
14,4,15,15,0
14,5,14,15,0
14,6,15,15,0
14,7,15,15,0
14,8,15,15,0
14,9,15,15,0
14,10,15,15,0
14,11,15,15,0
14,12,15,15,0
14,13,15,15,0
14,14,13,15,0
14,15,15,15,0
14,16,16,15,0
14,17,15,15,0
14,18,14,15,0
14,19,13,15,0
14,20,12,15,0
14,21,15,15,0
14,22,16,15,0
14,23,16,15,0
14,24,13,15,0
14,25,13,15,0
14,26,14,15,0
14,27,13,15,0
14,28,13,15,0
14,29,15,15,0
14,30,16,15,0
14,31,15,15,0
14,32,13,15,0
14,33,15,15,0
14,34,16,15,0
14,35,15,15,0
14,36,16,15,0
14,37,15,15,0
14,38,16,15,0
14,39,14,15,0
14,40,15,15,0
14,41,15,15,0
14,42,16,15,0
14,43,14,15,0
14,44,14,15,0
14,45,15,15,0
14,46,13,15,0
14,47,14,15,0
14,48,14,15,0
14,49,13,15,0
14,50,15,15,0
14,51,18,15,0
15,0,13,15,0
15,1,13,15,0
15,2,14,15,0
15,3,14,15,0
15,4,15,15,0
15,5,15,15,0
15,6,14,15,0
15,7,13,15,0
15,8,13,15,0
15,9,14,15,0
15,10,15,15,0
15,11,14,15,0
15,12,16,15,0
15,13,15,15,0
15,14,15,15,0
15,15,15,15,0
15,16,15,15,0
15,17,16,15,0
15,18,16,15,0
15,19,15,15,0
15,20,14,15,0
15,21,16,15,0
15,22,14,15,0
15,23,15,15,0
15,24,15,15,0
15,25,14,15,0
15,26,13,15,0
15,27,14,15,0
15,28,12,15,0
15,29,14,15,0
15,30,15,15,0
15,31,13,15,0
15,32,15,15,0
15,33,13,15,0
15,34,15,15,0
15,35,14,15,0
15,36,15,15,0
15,37,14,15,0
15,38,13,15,0
15,39,14,15,0
15,40,15,15,0
15,41,16,15,0
15,42,15,15,0
15,43,14,15,0
15,44,16,15,0
15,45,15,15,0
15,46,16,15,0
15,47,15,15,0
15,48,15,15,0
15,49,16,15,0
15,50,14,15,0
15,51,16,15,0
16,0,13,15,0
16,1,14,15,0
16,2,13,15,0
16,3,12,15,0
16,4,13,15,0
16,5,12,15,0
16,6,15,15,0
16,7,15,15,0
16,8,13,15,0
16,9,15,15,0
16,10,15,15,0
16,11,14,15,0
16,12,15,15,0
16,13,16,15,0
16,14,15,15,0
16,15,17,15,0
16,16,17,15,0
16,17,16,15,0
16,18,16,15,0
16,19,17,15,0
16,20,15,15,0
16,21,16,15,0
16,22,14,15,0
16,23,16,15,0
16,24,15,15,0
16,25,14,15,0
16,26,13,15,0
16,27,16,15,0
16,28,15,15,0
16,29,16,15,0
16,30,16,15,0
16,31,17,15,0
16,32,14,15,0
16,33,14,15,0
16,34,15,15,0
16,35,15,15,0
16,36,16,15,0
16,37,15,15,0
16,38,13,15,0
16,39,15,15,0
16,40,14,15,0
16,41,15,15,0
16,42,13,15,0
16,43,15,15,0
16,44,13,15,0
16,45,16,15,0
16,46,16,15,0
16,47,15,15,0
16,48,14,15,0
16,49,17,15,0
16,50,15,15,0
16,51,15,15,0
17,0,15,15,0
17,1,15,15,0
17,2,16,15,0
17,3,17,15,0
17,4,15,15,0
17,5,15,15,0
17,6,15,15,0
17,7,15,15,0
17,8,16,15,0
17,9,16,15,0
17,10,15,15,0
17,11,15,15,0
17,12,17,15,0
17,13,15,15,0
17,14,15,15,0
17,15,14,15,0
17,16,15,15,0
17,17,15,15,0
17,18,17,15,0
17,19,17,15,0
17,20,16,15,0
17,21,16,15,0
17,22,16,15,0
17,23,16,15,0
17,24,16,15,0
17,25,13,15,0
17,26,15,15,0
17,27,14,15,0
17,28,13,15,0
17,29,14,15,0
17,30,16,15,0
17,31,15,15,0
17,32,17,15,0
17,33,16,15,0
17,34,14,15,0
17,35,13,15,0
17,36,14,15,0
17,37,14,15,0
17,38,12,15,0
17,39,14,15,0
17,40,15,15,0
17,41,15,15,0
17,42,15,15,0
17,43,16,15,0
17,44,14,15,0
17,45,18,15,0
17,46,16,15,0
17,47,15,15,0
17,48,15,15,0
17,49,15,15,0
17,50,17,15,0
17,51,14,15,0
18,0,14,15,0
18,1,14,15,0
18,2,14,15,0
18,3,14,15,0
18,4,14,15,0
18,5,16,15,0
18,6,14,15,0
18,7,14,15,0
18,8,13,15,0
18,9,14,15,0
18,10,14,15,0
18,11,16,15,0
18,12,15,15,0
18,13,15,15,0
18,14,17,15,0
18,15,14,15,0
18,16,15,15,0
18,17,14,15,0
18,18,15,15,0
18,19,15,15,0
18,20,15,15,0
18,21,14,15,0
18,22,14,15,0
18,23,15,15,0
18,24,15,15,0
18,25,16,15,0
18,26,16,15,0
18,27,17,15,0
18,28,14,15,0
18,29,14,15,0
18,30,13,15,0
18,31,15,15,0
18,32,13,15,0
18,33,14,15,0
18,34,15,15,0
18,35,16,15,0
18,36,15,15,0
18,37,14,15,0
18,38,13,15,0
18,39,15,15,0
18,40,14,15,0
18,41,15,15,0
18,42,15,15,0
18,43,14,15,0
18,44,14,15,0
18,45,13,15,0
18,46,13,15,0
18,47,13,15,0
18,48,16,15,0
18,49,14,15,0
18,50,13,15,0
18,51,15,15,0
19,0,14,15,0
19,1,16,15,0
19,2,14,15,0
19,3,15,15,0
19,4,16,15,0
19,5,15,15,0
19,6,16,15,0
19,7,16,15,0
19,8,16,15,0
19,9,14,15,0
19,10,15,15,0
19,11,15,15,0
19,12,14,15,0
19,13,14,15,0
19,14,15,15,0
19,15,15,15,0
19,16,13,15,0
19,17,15,15,0
19,18,15,15,0
19,19,14,15,0
19,20,14,15,0
19,21,14,15,0
19,22,13,15,0
19,23,14,15,0
19,24,14,15,0
19,25,14,15,0
19,26,13,15,0
19,27,13,15,0
19,28,13,15,0
19,29,16,15,0
19,30,15,15,0
19,31,16,15,0
19,32,14,15,0
19,33,14,15,0
19,34,15,15,0
19,35,16,15,0
19,36,14,15,0
19,37,15,15,0
19,38,15,15,0
19,39,14,15,0
19,40,14,15,0
19,41,15,15,0
19,42,15,15,0
19,43,16,15,0
19,44,15,15,0
19,45,14,15,0
19,46,14,15,0
19,47,14,15,0
19,48,13,15,0
19,49,14,15,0
19,50,15,15,0
19,51,13,15,0
20,0,15,15,0
20,1,15,15,0
20,2,15,15,0
20,3,14,15,0
20,4,15,15,0
20,5,16,15,0
20,6,16,15,0
20,7,15,15,0
20,8,17,15,0
20,9,13,15,0
20,10,15,15,0
20,11,16,15,0
20,12,16,15,0
20,13,16,15,0
20,14,15,15,0
20,15,14,15,0
20,16,14,15,0
20,17,15,15,0
20,18,15,15,0
20,19,14,15,0
20,20,13,15,0
20,21,15,15,0
20,22,15,15,0
20,23,14,15,0
20,24,16,15,0
20,25,14,15,0
20,26,15,15,0
20,27,17,15,0
20,28,18,15,0
20,29,16,15,0
20,30,15,15,0
20,31,14,15,0
20,32,14,15,0
20,33,14,15,0
20,34,13,15,0
20,35,14,15,0
20,36,16,15,0
20,37,15,15,0
20,38,14,15,0
20,39,13,15,0
20,40,11,15,0
20,41,13,15,0
20,42,12,15,0
20,43,14,15,0
20,44,13,15,0
20,45,14,15,0
20,46,14,15,0
20,47,14,15,0
20,48,15,15,0
20,49,16,15,0
20,50,18,15,0
20,51,18,15,0
21,0,14,15,0
21,1,15,15,0
21,2,14,15,0
21,3,16,15,0
21,4,15,15,0
21,5,13,15,0
21,6,13,15,0
21,7,14,15,0
21,8,13,15,0
21,9,14,15,0
21,10,15,15,0
21,11,14,15,0
21,12,15,15,0
21,13,15,15,0
21,14,13,15,0
21,15,14,15,0
21,16,15,15,0
21,17,15,15,0
21,18,15,15,0
21,19,15,15,0
21,20,15,15,0
21,21,15,15,0
21,22,15,15,0
21,23,15,15,0
21,24,16,15,0
21,25,14,15,0
21,26,13,15,0
21,27,13,15,0
21,28,14,15,0
21,29,15,15,0
21,30,15,15,0
21,31,16,15,0
21,32,15,15,0
21,33,14,15,0
21,34,15,15,0
21,35,13,15,0
21,36,13,15,0
21,37,15,15,0
21,38,15,15,0
21,39,15,15,0
21,40,16,15,0
21,41,18,15,0
21,42,16,15,0
21,43,14,15,0
21,44,14,15,0
21,45,13,15,0
21,46,14,15,0
21,47,16,15,0
21,48,15,15,0
21,49,15,15,0
21,50,15,15,0
21,51,14,15,0
22,0,15,15,0
22,1,14,15,0
22,2,13,15,0
22,3,15,15,0
22,4,13,15,0
22,5,13,15,0
22,6,14,15,0
22,7,13,15,0
22,8,14,15,0
22,9,12,15,0
22,10,13,15,0
22,11,15,15,0
22,12,16,15,0
22,13,17,15,0
22,14,17,15,0
22,15,17,15,0
22,16,17,15,0
22,17,17,15,0
22,18,15,15,0
22,19,15,15,0
22,20,15,15,0
22,21,14,15,0
22,22,13,15,0
22,23,14,15,0
22,24,14,15,0
22,25,14,15,0
22,26,13,15,0
22,27,14,15,0
22,28,15,15,0
22,29,16,15,0
22,30,15,15,0
22,31,15,15,0
22,32,14,15,0
22,33,16,15,0
22,34,16,15,0
22,35,15,15,0
22,36,15,15,0
22,37,15,15,0
22,38,15,15,0
22,39,16,15,0
22,40,15,15,0
22,41,14,15,0
22,42,16,15,0
22,43,15,15,0
22,44,15,15,0
22,45,14,15,0
22,46,15,15,0
22,47,15,15,0
22,48,15,15,0
22,49,16,15,0
22,50,18,15,0
22,51,16,15,0
23,0,13,15,0
23,1,16,15,0
23,2,14,15,0
23,3,13,15,0
23,4,13,15,0
23,5,13,15,0
23,6,13,15,0
23,7,14,15,0
23,8,13,15,0
23,9,15,15,0
23,10,15,15,0
23,11,15,15,0
23,12,14,15,0
23,13,14,15,0
23,14,15,15,0
23,15,15,15,0
23,16,13,15,0
23,17,13,15,0
23,18,14,15,0
23,19,15,15,0
23,20,12,15,0
23,21,13,15,0
23,22,13,15,0
23,23,16,15,0
23,24,16,15,0
23,25,14,15,0
23,26,15,15,0
23,27,13,15,0
23,28,13,15,0
23,29,13,15,0
23,30,14,15,0
23,31,16,15,0
23,32,17,15,0
23,33,15,15,0
23,34,15,15,0
23,35,15,15,0
23,36,14,15,0
23,37,14,15,0
23,38,14,15,0
23,39,15,15,0
23,40,13,15,0
23,41,15,15,0
23,42,15,15,0
23,43,16,15,0
23,44,16,15,0
23,45,15,15,0
23,46,14,15,0
23,47,16,15,0
23,48,14,15,0
23,49,12,15,0
23,50,15,15,0
23,51,16,15,0
24,0,15,15,0
24,1,14,15,0
24,2,14,15,0
24,3,15,15,0
24,4,15,15,0
24,5,16,15,0
24,6,17,15,0
24,7,14,15,0
24,8,15,15,0
24,9,13,15,0
24,10,15,15,0
24,11,15,15,0
24,12,15,15,0
24,13,15,15,0
24,14,16,15,0
24,15,16,15,0
24,16,14,15,0
24,17,15,15,0
24,18,14,15,0
24,19,16,15,0
24,20,15,15,0
24,21,15,15,0
24,22,15,15,0
24,23,16,15,0
24,24,13,15,0
24,25,15,15,0
24,26,15,15,0
24,27,14,15,0
24,28,14,15,0
24,29,16,15,0
24,30,16,15,0
24,31,13,15,0
24,32,14,15,0
24,33,13,15,0
24,34,18,15,0
24,35,16,15,0
24,36,15,15,0
24,37,15,15,0
24,38,15,15,0
24,39,13,15,0
24,40,15,15,0
24,41,14,15,0
24,42,13,15,0
24,43,15,15,0
24,44,15,15,0
24,45,14,15,0
24,46,14,15,0
24,47,16,15,0
24,48,17,15,0
24,49,15,15,0
24,50,15,15,0
24,51,15,15,0
25,0,14,15,0
25,1,12,15,0
25,2,14,15,0
25,3,13,15,0
25,4,14,15,0
25,5,13,15,0
25,6,15,15,0
25,7,16,15,0
25,8,14,15,0
25,9,15,15,0
25,10,16,15,0
25,11,14,15,0
25,12,14,15,0
25,13,14,15,0
25,14,16,15,0
25,15,17,15,0
25,16,15,15,0
25,17,12,15,0
25,18,16,15,0
25,19,16,15,0
25,20,15,15,0
25,21,15,15,0
25,22,17,15,0
25,23,16,15,0
25,24,15,15,0
25,25,15,15,0
25,26,16,15,0
25,27,15,15,0
25,28,15,15,0
25,29,14,15,0
25,30,17,15,0
25,31,16,15,0
25,32,14,15,0
25,33,14,15,0
25,34,13,15,0
25,35,14,15,0
25,36,16,15,0
25,37,15,15,0
25,38,15,15,0
25,39,14,15,0
25,40,14,15,0
25,41,14,15,0
25,42,15,15,0
25,43,15,15,0
25,44,14,15,0
25,45,13,15,0
25,46,16,15,0
25,47,17,15,0
25,48,16,15,0
25,49,14,15,0
25,50,14,15,0
25,51,15,15,0
26,0,15,15,0
26,1,13,15,0
26,2,14,15,0
26,3,15,15,0
26,4,16,15,0
26,5,15,15,0
26,6,15,15,0
26,7,15,15,0
26,8,15,15,0
26,9,14,15,0
26,10,15,15,0
26,11,15,15,0
26,12,15,15,0
26,13,14,15,0
26,14,15,15,0
26,15,15,15,0
26,16,15,15,0
26,17,15,15,0
26,18,15,15,0
26,19,16,15,0
26,20,17,15,0
26,21,14,15,0
26,22,15,15,0
26,23,17,15,0
26,24,17,15,0
26,25,16,15,0
26,26,15,15,0
26,27,14,15,0
26,28,15,15,0
26,29,15,15,0
26,30,13,15,0
26,31,13,15,0
26,32,15,15,0
26,33,15,15,0
26,34,16,15,0
26,35,17,15,0
26,36,17,15,0
26,37,14,15,0
26,38,14,15,0
26,39,16,15,0
26,40,14,15,0
26,41,14,15,0
26,42,13,15,0
26,43,15,15,0
26,44,15,15,0
26,45,16,15,0
26,46,16,15,0
26,47,15,15,0
26,48,16,15,0
26,49,17,15,0
26,50,17,15,0
26,51,16,15,0
27,0,15,15,0
27,1,15,15,0
27,2,15,15,0
27,3,13,15,0
27,4,14,15,0
27,5,13,15,0
27,6,15,15,0
27,7,15,15,0
27,8,15,15,0
27,9,15,15,0
27,10,17,15,0
27,11,14,15,0
27,12,16,15,0
27,13,15,15,0
27,14,15,15,0
27,15,16,15,0
27,16,16,15,0
27,17,15,15,0
27,18,16,15,0
27,19,13,15,0
27,20,13,15,0
27,21,15,15,0
27,22,13,15,0
27,23,14,15,0
27,24,15,15,0
27,25,13,15,0
27,26,13,15,0
27,27,14,15,0
27,28,13,15,0
27,29,12,15,0
27,30,17,15,0
27,31,15,15,0
27,32,15,15,0
27,33,16,15,0
27,34,16,15,0
27,35,16,15,0
27,36,16,15,0
27,37,14,15,0
27,38,16,15,0
27,39,16,15,0
27,40,16,15,0
27,41,14,15,0
27,42,13,15,0
27,43,13,15,0
27,44,14,15,0
27,45,14,15,0
27,46,15,15,0
27,47,15,15,0
27,48,15,15,0
27,49,15,15,0
27,50,15,15,0
27,51,16,15,0
28,0,14,15,0
28,1,15,15,0
28,2,14,15,0
28,3,14,15,0
28,4,14,15,0
28,5,14,15,0
28,6,15,15,0
28,7,14,15,0
28,8,15,15,0
28,9,16,15,0
28,10,16,15,0
28,11,15,15,0
28,12,13,15,0
28,13,13,15,0
28,14,14,15,0
28,15,15,15,0
28,16,14,15,0
28,17,15,15,0
28,18,16,15,0
28,19,16,15,0
28,20,15,15,0
28,21,14,15,0
28,22,15,15,0
28,23,15,15,0
28,24,15,15,0
28,25,14,15,0
28,26,14,15,0
28,27,14,15,0
28,28,15,15,0
28,29,16,15,0
28,30,15,15,0
28,31,16,15,0
28,32,14,15,0
28,33,14,15,0
28,34,14,15,0
28,35,14,15,0
28,36,14,15,0
28,37,13,15,0
28,38,15,15,0
28,39,15,15,0
28,40,14,15,0
28,41,14,15,0
28,42,14,15,0
28,43,16,15,0
28,44,15,15,0
28,45,15,15,0
28,46,15,15,0
28,47,16,15,0
28,48,15,15,0
28,49,16,15,0
28,50,15,15,0
28,51,14,15,0
29,0,15,15,0
29,1,15,15,0
29,2,15,15,0
29,3,15,15,0
29,4,15,15,0
29,5,15,15,0
29,6,14,15,0
29,7,15,15,0
29,8,17,15,0
29,9,14,15,0
29,10,16,15,0
29,11,16,15,0
29,12,13,15,0
29,13,14,15,0
29,14,16,15,0
29,15,13,15,0
29,16,15,15,0
29,17,16,15,0
29,18,13,15,0
29,19,15,15,0
29,20,14,15,0
29,21,16,15,0
29,22,14,15,0
29,23,14,15,0
29,24,14,15,0
29,25,15,15,0
29,26,15,15,0
29,27,14,15,0
29,28,13,15,0
29,29,14,15,0
29,30,15,15,0
29,31,15,15,0
29,32,15,15,0
29,33,13,15,0
29,34,15,15,0
29,35,14,15,0
29,36,14,15,0
29,37,15,15,0
29,38,15,15,0
29,39,16,15,0
29,40,15,15,0
29,41,15,15,0
29,42,15,15,0
29,43,15,15,0
29,44,15,15,0
29,45,14,15,0
29,46,14,15,0
29,47,16,15,0
29,48,13,15,0
29,49,13,15,0
29,50,14,15,0
29,51,16,15,0
30,0,14,15,0
30,1,14,15,0
30,2,13,15,0
30,3,14,15,0
30,4,13,15,0
30,5,14,15,0
30,6,13,15,0
30,7,12,15,0
30,8,14,15,0
30,9,15,15,0
30,10,14,15,0
30,11,14,15,0
30,12,14,15,0
30,13,14,15,0
30,14,14,15,0
30,15,14,15,0
30,16,15,15,0
30,17,16,15,0
30,18,16,15,0
30,19,14,15,0
30,20,16,15,0
30,21,14,15,0
30,22,13,15,0
30,23,13,15,0
30,24,15,15,0
30,25,16,15,0
30,26,15,15,0
30,27,14,15,0
30,28,14,15,0
30,29,17,15,0
30,30,17,15,0
30,31,15,15,0
30,32,14,15,0
30,33,13,15,0
30,34,13,15,0
30,35,15,15,0
30,36,14,15,0
30,37,14,15,0
30,38,13,15,0
30,39,15,15,0
30,40,15,15,0
30,41,16,15,0
30,42,13,15,0
30,43,14,15,0
30,44,15,15,0
30,45,17,15,0
30,46,15,15,0
30,47,17,15,0
30,48,16,15,0
30,49,16,15,0
30,50,14,15,0
30,51,13,15,0
1,0,11,15,20
1,1,12,15,20
1,2,12,15,20
1,3,11,15,20
1,4,11,15,20
1,5,13,15,20
1,6,11,15,20
1,7,11,15,20
1,8,11,15,20
1,9,11,15,20
1,10,12,15,20
1,11,12,15,20
1,12,11,15,20
1,13,13,15,20
1,14,13,15,20
1,15,11,15,20
1,16,12,15,20
1,17,10,15,20
1,18,11,15,20
1,19,11,15,20
1,20,10,15,20
1,21,11,15,20
1,22,10,15,20
1,23,11,15,20
1,24,11,15,20
1,25,12,15,20
1,26,12,15,20
1,27,11,15,20
1,28,11,15,20
1,29,12,15,20
1,30,11,15,20
1,31,10,15,20
1,32,11,15,20
1,33,11,15,20
1,34,11,15,20
1,35,11,15,20
1,36,12,15,20
1,37,11,15,20
1,38,12,15,20
1,39,12,15,20
1,40,11,15,20
1,41,11,15,20
1,42,12,15,20
1,43,12,15,20
1,44,12,15,20
1,45,10,15,20
1,46,11,15,20
1,47,12,15,20
1,48,11,15,20
1,49,12,15,20
1,50,11,15,20
1,51,12,15,20
2,0,13,15,20
2,1,13,15,20
2,2,12,15,20
2,3,12,15,20
2,4,13,15,20
2,5,12,15,20
2,6,13,15,20
2,7,12,15,20
2,8,12,15,20
2,9,11,15,20
2,10,11,15,20
2,11,11,15,20
2,12,12,15,20
2,13,11,15,20
2,14,11,15,20
2,15,12,15,20
2,16,10,15,20
2,17,11,15,20
2,18,11,15,20
2,19,11,15,20
2,20,12,15,20
2,21,11,15,20
2,22,10,15,20
2,23,12,15,20
2,24,12,15,20
2,25,13,15,20
2,26,11,15,20
2,27,11,15,20
2,28,10,15,20
2,29,11,15,20
2,30,12,15,20
2,31,12,15,20
2,32,14,15,20
2,33,11,15,20
2,34,12,15,20
2,35,11,15,20
2,36,12,15,20
2,37,10,15,20
2,38,12,15,20
2,39,12,15,20
2,40,11,15,20
2,41,11,15,20
2,42,11,15,20
2,43,13,15,20
2,44,12,15,20
2,45,11,15,20
2,46,11,15,20
2,47,11,15,20
2,48,11,15,20
2,49,11,15,20
2,50,11,15,20
2,51,12,15,20
3,0,10,15,20
3,1,12,15,20
3,2,11,15,20
3,3,12,15,20
3,4,12,15,20
3,5,12,15,20
3,6,10,15,20
3,7,11,15,20
3,8,11,15,20
3,9,10,15,20
3,10,13,15,20
3,11,12,15,20
3,12,12,15,20
3,13,12,15,20
3,14,11,15,20
3,15,12,15,20
3,16,11,15,20
3,17,10,15,20
3,18,11,15,20
3,19,9,15,20
3,20,11,15,20
3,21,13,15,20
3,22,12,15,20
3,23,13,15,20
3,24,11,15,20
3,25,12,15,20
3,26,12,15,20
3,27,13,15,20
3,28,11,15,20
3,29,11,15,20
3,30,12,15,20
3,31,12,15,20
3,32,13,15,20
3,33,13,15,20
3,34,13,15,20
3,35,13,15,20
3,36,12,15,20
3,37,12,15,20
3,38,12,15,20
3,39,12,15,20
3,40,11,15,20
3,41,11,15,20
3,42,10,15,20
3,43,11,15,20
3,44,10,15,20
3,45,12,15,20
3,46,12,15,20
3,47,13,15,20
3,48,13,15,20
3,49,11,15,20
3,50,13,15,20
3,51,12,15,20
4,0,13,15,20
4,1,11,15,20
4,2,11,15,20
4,3,11,15,20
4,4,12,15,20
4,5,12,15,20
4,6,11,15,20
4,7,12,15,20
4,8,13,15,20
4,9,13,15,20
4,10,12,15,20
4,11,11,15,20
4,12,13,15,20
4,13,13,15,20
4,14,12,15,20
4,15,11,15,20
4,16,11,15,20
4,17,11,15,20
4,18,12,15,20
4,19,12,15,20
4,20,12,15,20
4,21,11,15,20
4,22,13,15,20
4,23,11,15,20
4,24,11,15,20
4,25,11,15,20
4,26,11,15,20
4,27,12,15,20
4,28,13,15,20
4,29,11,15,20
4,30,11,15,20
4,31,11,15,20
4,32,11,15,20
4,33,11,15,20
4,34,11,15,20
4,35,11,15,20
4,36,13,15,20
4,37,11,15,20
4,38,13,15,20
4,39,13,15,20
4,40,12,15,20
4,41,11,15,20
4,42,10,15,20
4,43,11,15,20
4,44,11,15,20
4,45,11,15,20
4,46,12,15,20
4,47,12,15,20
4,48,12,15,20
4,49,13,15,20
4,50,13,15,20
4,51,11,15,20
5,0,12,15,20
5,1,13,15,20
5,2,13,15,20
5,3,12,15,20
5,4,13,15,20
5,5,10,15,20
5,6,11,15,20
5,7,9,15,20
5,8,11,15,20
5,9,12,15,20
5,10,11,15,20
5,11,12,15,20
5,12,12,15,20
5,13,11,15,20
5,14,12,15,20
5,15,11,15,20
5,16,11,15,20
5,17,11,15,20
5,18,13,15,20
5,19,12,15,20
5,20,11,15,20
5,21,12,15,20
5,22,12,15,20
5,23,12,15,20
5,24,11,15,20
5,25,11,15,20
5,26,13,15,20
5,27,12,15,20
5,28,13,15,20
5,29,12,15,20
5,30,10,15,20
5,31,12,15,20
5,32,12,15,20
5,33,13,15,20
5,34,13,15,20
5,35,12,15,20
5,36,12,15,20
5,37,12,15,20
5,38,11,15,20
5,39,11,15,20
5,40,11,15,20
5,41,13,15,20
5,42,13,15,20
5,43,13,15,20
5,44,10,15,20
5,45,10,15,20
5,46,13,15,20
5,47,12,15,20
5,48,11,15,20
5,49,10,15,20
5,50,11,15,20
5,51,12,15,20
6,0,13,15,20
6,1,11,15,20
6,2,12,15,20
6,3,13,15,20
6,4,12,15,20
6,5,13,15,20
6,6,12,15,20
6,7,11,15,20
6,8,11,15,20
6,9,12,15,20
6,10,11,15,20
6,11,12,15,20
6,12,12,15,20
6,13,12,15,20
6,14,11,15,20
6,15,11,15,20
6,16,11,15,20
6,17,12,15,20
6,18,11,15,20
6,19,12,15,20
6,20,12,15,20
6,21,12,15,20
6,22,12,15,20
6,23,12,15,20
6,24,11,15,20
6,25,11,15,20
6,26,12,15,20
6,27,12,15,20
6,28,10,15,20
6,29,12,15,20
6,30,12,15,20
6,31,12,15,20
6,32,11,15,20
6,33,12,15,20
6,34,12,15,20
6,35,12,15,20
6,36,12,15,20
6,37,12,15,20
6,38,10,15,20
6,39,9,15,20
6,40,9,15,20
6,41,9,15,20
6,42,11,15,20
6,43,11,15,20
6,44,12,15,20
6,45,10,15,20
6,46,11,15,20
6,47,12,15,20
6,48,12,15,20
6,49,10,15,20
6,50,10,15,20
6,51,11,15,20
7,0,10,15,20
7,1,9,15,20
7,2,10,15,20
7,3,10,15,20
7,4,10,15,20
7,5,13,15,20
7,6,13,15,20
7,7,12,15,20
7,8,13,15,20
7,9,13,15,20
7,10,11,15,20
7,11,10,15,20
7,12,10,15,20
7,13,12,15,20
7,14,11,15,20
7,15,10,15,20
7,16,10,15,20
7,17,11,15,20
7,18,11,15,20
7,19,12,15,20
7,20,13,15,20
7,21,13,15,20
7,22,13,15,20
7,23,12,15,20
7,24,11,15,20
7,25,11,15,20
7,26,12,15,20
7,27,11,15,20
7,28,12,15,20
7,29,12,15,20
7,30,12,15,20
7,31,12,15,20
7,32,12,15,20
7,33,13,15,20
7,34,11,15,20
7,35,12,15,20
7,36,12,15,20
7,37,11,15,20
7,38,12,15,20
7,39,13,15,20
7,40,13,15,20
7,41,10,15,20
7,42,11,15,20
7,43,11,15,20
7,44,10,15,20
7,45,12,15,20
7,46,11,15,20
7,47,11,15,20
7,48,11,15,20
7,49,10,15,20
7,50,11,15,20
7,51,12,15,20
8,0,13,15,20
8,1,12,15,20
8,2,11,15,20
8,3,11,15,20
8,4,11,15,20
8,5,12,15,20
8,6,12,15,20
8,7,10,15,20
8,8,10,15,20
8,9,11,15,20
8,10,12,15,20
8,11,11,15,20
8,12,12,15,20
8,13,11,15,20
8,14,12,15,20
8,15,11,15,20
8,16,11,15,20
8,17,12,15,20
8,18,12,15,20
8,19,12,15,20
8,20,11,15,20
8,21,11,15,20
8,22,12,15,20
8,23,11,15,20
8,24,11,15,20
8,25,12,15,20
8,26,12,15,20
8,27,12,15,20
8,28,11,15,20
8,29,12,15,20
8,30,13,15,20
8,31,11,15,20
8,32,12,15,20
8,33,11,15,20
8,34,13,15,20
8,35,11,15,20
8,36,12,15,20
8,37,11,15,20
8,38,12,15,20
8,39,11,15,20
8,40,12,15,20
8,41,11,15,20
8,42,12,15,20
8,43,12,15,20
8,44,11,15,20
8,45,12,15,20
8,46,12,15,20
8,47,11,15,20
8,48,11,15,20
8,49,11,15,20
8,50,12,15,20
8,51,13,15,20
9,0,10,15,20
9,1,11,15,20
9,2,11,15,20
9,3,13,15,20
9,4,11,15,20
9,5,10,15,20
9,6,9,15,20
9,7,10,15,20
9,8,12,15,20
9,9,12,15,20
9,10,12,15,20
9,11,10,15,20
9,12,11,15,20
9,13,11,15,20
9,14,11,15,20
9,15,12,15,20
9,16,11,15,20
9,17,13,15,20
9,18,11,15,20
9,19,11,15,20
9,20,11,15,20
9,21,12,15,20
9,22,11,15,20
9,23,12,15,20
9,24,13,15,20
9,25,13,15,20
9,26,11,15,20
9,27,11,15,20
9,28,10,15,20
9,29,10,15,20
9,30,11,15,20
9,31,12,15,20
9,32,12,15,20
9,33,13,15,20
9,34,12,15,20
9,35,12,15,20
9,36,12,15,20
9,37,13,15,20
9,38,11,15,20
9,39,13,15,20
9,40,13,15,20
9,41,12,15,20
9,42,13,15,20
9,43,11,15,20
9,44,11,15,20
9,45,11,15,20
9,46,12,15,20
9,47,10,15,20
9,48,12,15,20
9,49,12,15,20
9,50,12,15,20
9,51,11,15,20
10,0,10,15,20
10,1,12,15,20
10,2,12,15,20
10,3,11,15,20
10,4,9,15,20
10,5,10,15,20
10,6,11,15,20
10,7,11,15,20
10,8,13,15,20
10,9,11,15,20
10,10,13,15,20
10,11,13,15,20
10,12,12,15,20
10,13,11,15,20
10,14,10,15,20
10,15,10,15,20
10,16,11,15,20
10,17,9,15,20
10,18,10,15,20
10,19,10,15,20
10,20,11,15,20
10,21,10,15,20
10,22,10,15,20
10,23,13,15,20
10,24,11,15,20
10,25,11,15,20
10,26,11,15,20
10,27,11,15,20
10,28,10,15,20
10,29,12,15,20
10,30,11,15,20
10,31,13,15,20
10,32,12,15,20
10,33,12,15,20
10,34,12,15,20
10,35,11,15,20
10,36,11,15,20
10,37,10,15,20
10,38,10,15,20
10,39,12,15,20
10,40,11,15,20
10,41,11,15,20
10,42,12,15,20
10,43,12,15,20
10,44,12,15,20
10,45,11,15,20
10,46,10,15,20
10,47,11,15,20
10,48,11,15,20
10,49,11,15,20
10,50,10,15,20
10,51,11,15,20
11,0,12,15,20
11,1,11,15,20
11,2,12,15,20
11,3,12,15,20
11,4,11,15,20
11,5,11,15,20
11,6,12,15,20
11,7,12,15,20
11,8,13,15,20
11,9,11,15,20
11,10,13,15,20
11,11,12,15,20
11,12,11,15,20
11,13,12,15,20
11,14,12,15,20
11,15,12,15,20
11,16,11,15,20
11,17,11,15,20
11,18,10,15,20
11,19,11,15,20
11,20,12,15,20
11,21,12,15,20
11,22,11,15,20
11,23,12,15,20
11,24,10,15,20
11,25,12,15,20
11,26,13,15,20
11,27,13,15,20
11,28,12,15,20
11,29,12,15,20
11,30,11,15,20
11,31,12,15,20
11,32,12,15,20
11,33,13,15,20
11,34,12,15,20
11,35,13,15,20
11,36,11,15,20
11,37,11,15,20
11,38,10,15,20
11,39,11,15,20
11,40,12,15,20
11,41,12,15,20
11,42,11,15,20
11,43,12,15,20
11,44,11,15,20
11,45,11,15,20
11,46,11,15,20
11,47,12,15,20
11,48,12,15,20
11,49,11,15,20
11,50,11,15,20
11,51,11,15,20
12,0,11,15,20
12,1,11,15,20
12,2,12,15,20
12,3,13,15,20
12,4,12,15,20
12,5,14,15,20
12,6,13,15,20
12,7,12,15,20
12,8,13,15,20
12,9,11,15,20
12,10,11,15,20
12,11,11,15,20
12,12,12,15,20
12,13,10,15,20
12,14,11,15,20
12,15,11,15,20
12,16,11,15,20
12,17,11,15,20
12,18,11,15,20
12,19,12,15,20
12,20,11,15,20
12,21,11,15,20
12,22,11,15,20
12,23,12,15,20
12,24,11,15,20
12,25,10,15,20
12,26,11,15,20
12,27,11,15,20
12,28,12,15,20
12,29,11,15,20
12,30,12,15,20
12,31,11,15,20
12,32,11,15,20
12,33,11,15,20
12,34,12,15,20
12,35,10,15,20
12,36,12,15,20
12,37,11,15,20
12,38,11,15,20
12,39,11,15,20
12,40,12,15,20
12,41,11,15,20
12,42,10,15,20
12,43,11,15,20
12,44,11,15,20
12,45,12,15,20
12,46,12,15,20
12,47,13,15,20
12,48,13,15,20
12,49,12,15,20
12,50,11,15,20
12,51,12,15,20
13,0,11,15,20
13,1,10,15,20
13,2,11,15,20
13,3,13,15,20
13,4,12,15,20
13,5,12,15,20
13,6,13,15,20
13,7,11,15,20
13,8,10,15,20
13,9,10,15,20
13,10,9,15,20
13,11,10,15,20
13,12,12,15,20
13,13,12,15,20
13,14,13,15,20
13,15,14,15,20
13,16,12,15,20
13,17,11,15,20
13,18,12,15,20
13,19,13,15,20
13,20,12,15,20
13,21,12,15,20
13,22,13,15,20
13,23,13,15,20
13,24,14,15,20
13,25,12,15,20
13,26,11,15,20
13,27,12,15,20
13,28,11,15,20
13,29,11,15,20
13,30,12,15,20
13,31,12,15,20
13,32,11,15,20
13,33,12,15,20
13,34,11,15,20
13,35,11,15,20
13,36,11,15,20
13,37,12,15,20
13,38,11,15,20
13,39,11,15,20
13,40,13,15,20
13,41,12,15,20
13,42,12,15,20
13,43,12,15,20
13,44,13,15,20
13,45,12,15,20
13,46,11,15,20
13,47,11,15,20
13,48,11,15,20
13,49,11,15,20
13,50,11,15,20
13,51,12,15,20
14,0,12,15,20
14,1,11,15,20
14,2,10,15,20
14,3,11,15,20
14,4,12,15,20
14,5,12,15,20
14,6,11,15,20
14,7,11,15,20
14,8,12,15,20
14,9,12,15,20
14,10,12,15,20
14,11,13,15,20
14,12,13,15,20
14,13,12,15,20
14,14,12,15,20
14,15,11,15,20
14,16,11,15,20
14,17,12,15,20
14,18,11,15,20
14,19,11,15,20
14,20,12,15,20
14,21,11,15,20
14,22,11,15,20
14,23,11,15,20
14,24,12,15,20
14,25,11,15,20
14,26,11,15,20
14,27,10,15,20
14,28,12,15,20
14,29,10,15,20
14,30,10,15,20
14,31,11,15,20
14,32,12,15,20
14,33,13,15,20
14,34,13,15,20
14,35,12,15,20
14,36,12,15,20
14,37,12,15,20
14,38,12,15,20
14,39,11,15,20
14,40,12,15,20
14,41,13,15,20
14,42,11,15,20
14,43,11,15,20
14,44,11,15,20
14,45,10,15,20
14,46,12,15,20
14,47,12,15,20
14,48,13,15,20
14,49,11,15,20
14,50,12,15,20
14,51,12,15,20
15,0,12,15,20
15,1,13,15,20
15,2,11,15,20
15,3,11,15,20
15,4,12,15,20
15,5,10,15,20
15,6,11,15,20
15,7,10,15,20
15,8,12,15,20
15,9,11,15,20
15,10,10,15,20
15,11,11,15,20
15,12,11,15,20
15,13,12,15,20
15,14,11,15,20
15,15,11,15,20
15,16,12,15,20
15,17,11,15,20
15,18,12,15,20
15,19,13,15,20
15,20,12,15,20
15,21,10,15,20
15,22,11,15,20
15,23,11,15,20
15,24,11,15,20
15,25,12,15,20
15,26,12,15,20
15,27,12,15,20
15,28,11,15,20
15,29,12,15,20
15,30,11,15,20
15,31,10,15,20
15,32,11,15,20
15,33,12,15,20
15,34,11,15,20
15,35,12,15,20
15,36,11,15,20
15,37,11,15,20
15,38,10,15,20
15,39,10,15,20
15,40,11,15,20
15,41,13,15,20
15,42,12,15,20
15,43,13,15,20
15,44,13,15,20
15,45,12,15,20
15,46,12,15,20
15,47,13,15,20
15,48,12,15,20
15,49,11,15,20
15,50,11,15,20
15,51,11,15,20
16,0,12,15,20
16,1,12,15,20
16,2,11,15,20
16,3,11,15,20
16,4,11,15,20
16,5,12,15,20
16,6,11,15,20
16,7,12,15,20
16,8,11,15,20
16,9,10,15,20
16,10,11,15,20
16,11,13,15,20
16,12,12,15,20
16,13,15,15,20
16,14,12,15,20
16,15,11,15,20
16,16,13,15,20
16,17,13,15,20
16,18,13,15,20
16,19,11,15,20
16,20,11,15,20
16,21,12,15,20
16,22,12,15,20
16,23,12,15,20
16,24,10,15,20
16,25,12,15,20
16,26,11,15,20
16,27,11,15,20
16,28,10,15,20
16,29,11,15,20
16,30,13,15,20
16,31,13,15,20
16,32,11,15,20
16,33,11,15,20
16,34,12,15,20
16,35,12,15,20
16,36,11,15,20
16,37,11,15,20
16,38,11,15,20
16,39,11,15,20
16,40,11,15,20
16,41,11,15,20
16,42,11,15,20
16,43,11,15,20
16,44,11,15,20
16,45,11,15,20
16,46,11,15,20
16,47,11,15,20
16,48,11,15,20
16,49,12,15,20
16,50,12,15,20
16,51,12,15,20
17,0,11,15,20
17,1,11,15,20
17,2,12,15,20
17,3,12,15,20
17,4,11,15,20
17,5,11,15,20
17,6,12,15,20
17,7,11,15,20
17,8,12,15,20
17,9,11,15,20
17,10,11,15,20
17,11,11,15,20
17,12,13,15,20
17,13,11,15,20
17,14,12,15,20
17,15,12,15,20
17,16,11,15,20
17,17,11,15,20
17,18,11,15,20
17,19,11,15,20
17,20,12,15,20
17,21,13,15,20
17,22,12,15,20
17,23,13,15,20
17,24,11,15,20
17,25,12,15,20
17,26,12,15,20
17,27,14,15,20
17,28,12,15,20
17,29,11,15,20
17,30,11,15,20
17,31,10,15,20
17,32,11,15,20
17,33,11,15,20
17,34,12,15,20
17,35,12,15,20
17,36,9,15,20
17,37,10,15,20
17,38,12,15,20
17,39,11,15,20
17,40,12,15,20
17,41,13,15,20
17,42,13,15,20
17,43,12,15,20
17,44,13,15,20
17,45,12,15,20
17,46,13,15,20
17,47,13,15,20
17,48,13,15,20
17,49,12,15,20
17,50,13,15,20
17,51,13,15,20
18,0,11,15,20
18,1,11,15,20
18,2,11,15,20
18,3,12,15,20
18,4,10,15,20
18,5,10,15,20
18,6,11,15,20
18,7,12,15,20
18,8,13,15,20
18,9,13,15,20
18,10,12,15,20
18,11,12,15,20
18,12,11,15,20
18,13,13,15,20
18,14,13,15,20
18,15,12,15,20
18,16,12,15,20
18,17,11,15,20
18,18,11,15,20
18,19,11,15,20
18,20,10,15,20
18,21,9,15,20
18,22,11,15,20
18,23,10,15,20
18,24,10,15,20
18,25,11,15,20
18,26,11,15,20
18,27,11,15,20
18,28,13,15,20
18,29,11,15,20
18,30,11,15,20
18,31,11,15,20
18,32,11,15,20
18,33,10,15,20
18,34,12,15,20
18,35,14,15,20
18,36,12,15,20
18,37,12,15,20
18,38,12,15,20
18,39,12,15,20
18,40,11,15,20
18,41,12,15,20
18,42,11,15,20
18,43,10,15,20
18,44,13,15,20
18,45,12,15,20
18,46,12,15,20
18,47,13,15,20
18,48,11,15,20
18,49,12,15,20
18,50,11,15,20
18,51,12,15,20
19,0,11,15,20
19,1,11,15,20
19,2,11,15,20
19,3,11,15,20
19,4,12,15,20
19,5,13,15,20
19,6,13,15,20
19,7,15,15,20
19,8,11,15,20
19,9,11,15,20
19,10,11,15,20
19,11,11,15,20
19,12,11,15,20
19,13,11,15,20
19,14,11,15,20
19,15,12,15,20
19,16,11,15,20
19,17,14,15,20
19,18,12,15,20
19,19,12,15,20
19,20,11,15,20
19,21,11,15,20
19,22,10,15,20
19,23,10,15,20
19,24,10,15,20
19,25,10,15,20
19,26,10,15,20
19,27,10,15,20
19,28,11,15,20
19,29,11,15,20
19,30,10,15,20
19,31,12,15,20
19,32,10,15,20
19,33,11,15,20
19,34,11,15,20
19,35,12,15,20
19,36,12,15,20
19,37,11,15,20
19,38,12,15,20
19,39,13,15,20
19,40,12,15,20
19,41,13,15,20
19,42,13,15,20
19,43,12,15,20
19,44,10,15,20
19,45,10,15,20
19,46,11,15,20
19,47,12,15,20
19,48,12,15,20
19,49,9,15,20
19,50,10,15,20
19,51,12,15,20
20,0,13,15,20
20,1,11,15,20
20,2,11,15,20
20,3,11,15,20
20,4,11,15,20
20,5,13,15,20
20,6,13,15,20
20,7,12,15,20
20,8,13,15,20
20,9,12,15,20
20,10,12,15,20
20,11,11,15,20
20,12,13,15,20
20,13,12,15,20
20,14,11,15,20
20,15,11,15,20
20,16,11,15,20
20,17,11,15,20
20,18,11,15,20
20,19,10,15,20
20,20,10,15,20
20,21,12,15,20
20,22,11,15,20
20,23,10,15,20
20,24,11,15,20
20,25,13,15,20
20,26,11,15,20
20,27,12,15,20
20,28,12,15,20
20,29,11,15,20
20,30,11,15,20
20,31,11,15,20
20,32,10,15,20
20,33,10,15,20
20,34,10,15,20
20,35,10,15,20
20,36,10,15,20
20,37,11,15,20
20,38,12,15,20
20,39,10,15,20
20,40,11,15,20
20,41,10,15,20
20,42,10,15,20
20,43,11,15,20
20,44,10,15,20
20,45,11,15,20
20,46,10,15,20
20,47,11,15,20
20,48,13,15,20
20,49,12,15,20
20,50,11,15,20
20,51,11,15,20
21,0,12,15,20
21,1,11,15,20
21,2,11,15,20
21,3,11,15,20
21,4,10,15,20
21,5,10,15,20
21,6,12,15,20
21,7,12,15,20
21,8,12,15,20
21,9,11,15,20
21,10,10,15,20
21,11,11,15,20
21,12,9,15,20
21,13,11,15,20
21,14,11,15,20
21,15,10,15,20
21,16,10,15,20
21,17,9,15,20
21,18,10,15,20
21,19,11,15,20
21,20,12,15,20
21,21,13,15,20
21,22,12,15,20
21,23,12,15,20
21,24,12,15,20
21,25,13,15,20
21,26,12,15,20
21,27,13,15,20
21,28,12,15,20
21,29,10,15,20
21,30,13,15,20
21,31,11,15,20
21,32,10,15,20
21,33,11,15,20
21,34,11,15,20
21,35,13,15,20
21,36,12,15,20
21,37,12,15,20
21,38,12,15,20
21,39,12,15,20
21,40,11,15,20
21,41,12,15,20
21,42,13,15,20
21,43,12,15,20
21,44,13,15,20
21,45,12,15,20
21,46,12,15,20
21,47,13,15,20
21,48,13,15,20
21,49,13,15,20
21,50,14,15,20
21,51,14,15,20
22,0,12,15,20
22,1,12,15,20
22,2,10,15,20
22,3,12,15,20
22,4,12,15,20
22,5,10,15,20
22,6,11,15,20
22,7,12,15,20
22,8,11,15,20
22,9,12,15,20
22,10,10,15,20
22,11,11,15,20
22,12,11,15,20
22,13,11,15,20
22,14,12,15,20
22,15,11,15,20
22,16,11,15,20
22,17,12,15,20
22,18,11,15,20
22,19,12,15,20
22,20,12,15,20
22,21,12,15,20
22,22,13,15,20
22,23,11,15,20
22,24,11,15,20
22,25,13,15,20
22,26,13,15,20
22,27,13,15,20
22,28,12,15,20
22,29,12,15,20
22,30,12,15,20
22,31,13,15,20
22,32,13,15,20
22,33,12,15,20
22,34,13,15,20
22,35,13,15,20
22,36,12,15,20
22,37,13,15,20
22,38,13,15,20
22,39,12,15,20
22,40,13,15,20
22,41,12,15,20
22,42,13,15,20
22,43,11,15,20
22,44,11,15,20
22,45,11,15,20
22,46,11,15,20
22,47,11,15,20
22,48,11,15,20
22,49,12,15,20
22,50,13,15,20
22,51,13,15,20
23,0,13,15,20
23,1,13,15,20
23,2,12,15,20
23,3,10,15,20
23,4,12,15,20
23,5,13,15,20
23,6,12,15,20
23,7,11,15,20
23,8,12,15,20
23,9,12,15,20
23,10,13,15,20
23,11,12,15,20
23,12,12,15,20
23,13,12,15,20
23,14,13,15,20
23,15,12,15,20
23,16,12,15,20
23,17,11,15,20
23,18,13,15,20
23,19,12,15,20
23,20,12,15,20
23,21,13,15,20
23,22,11,15,20
23,23,12,15,20
23,24,10,15,20
23,25,12,15,20
23,26,12,15,20
23,27,11,15,20
23,28,10,15,20
23,29,11,15,20
23,30,11,15,20
23,31,12,15,20
23,32,12,15,20
23,33,12,15,20
23,34,10,15,20
23,35,11,15,20
23,36,12,15,20
23,37,11,15,20
23,38,13,15,20
23,39,13,15,20
23,40,11,15,20
23,41,10,15,20
23,42,12,15,20
23,43,12,15,20
23,44,11,15,20
23,45,11,15,20
23,46,11,15,20
23,47,10,15,20
23,48,10,15,20
23,49,11,15,20
23,50,12,15,20
23,51,12,15,20
24,0,12,15,20
24,1,12,15,20
24,2,11,15,20
24,3,12,15,20
24,4,12,15,20
24,5,12,15,20
24,6,12,15,20
24,7,11,15,20
24,8,11,15,20
24,9,11,15,20
24,10,12,15,20
24,11,12,15,20
24,12,12,15,20
24,13,12,15,20
24,14,12,15,20
24,15,12,15,20
24,16,12,15,20
24,17,12,15,20
24,18,11,15,20
24,19,12,15,20
24,20,11,15,20
24,21,11,15,20
24,22,12,15,20
24,23,11,15,20
24,24,11,15,20
24,25,10,15,20
24,26,13,15,20
24,27,11,15,20
24,28,10,15,20
24,29,10,15,20
24,30,10,15,20
24,31,11,15,20
24,32,12,15,20
24,33,11,15,20
24,34,11,15,20
24,35,14,15,20
24,36,12,15,20
24,37,13,15,20
24,38,12,15,20
24,39,12,15,20
24,40,11,15,20
24,41,12,15,20
24,42,11,15,20
24,43,10,15,20
24,44,9,15,20
24,45,11,15,20
24,46,10,15,20
24,47,10,15,20
24,48,13,15,20
24,49,12,15,20
24,50,11,15,20
24,51,12,15,20
25,0,12,15,20
25,1,11,15,20
25,2,10,15,20
25,3,11,15,20
25,4,12,15,20
25,5,12,15,20
25,6,10,15,20
25,7,12,15,20
25,8,11,15,20
25,9,11,15,20
25,10,13,15,20
25,11,12,15,20
25,12,12,15,20
25,13,12,15,20
25,14,13,15,20
25,15,11,15,20
25,16,12,15,20
25,17,13,15,20
25,18,13,15,20
25,19,11,15,20
25,20,10,15,20
25,21,12,15,20
25,22,11,15,20
25,23,12,15,20
25,24,13,15,20
25,25,11,15,20
25,26,14,15,20
25,27,11,15,20
25,28,13,15,20
25,29,12,15,20
25,30,12,15,20
25,31,10,15,20
25,32,11,15,20
25,33,11,15,20
25,34,10,15,20
25,35,12,15,20
25,36,12,15,20
25,37,10,15,20
25,38,11,15,20
25,39,11,15,20
25,40,11,15,20
25,41,13,15,20
25,42,13,15,20
25,43,10,15,20
25,44,10,15,20
25,45,11,15,20
25,46,11,15,20
25,47,12,15,20
25,48,12,15,20
25,49,13,15,20
25,50,11,15,20
25,51,11,15,20
26,0,12,15,20
26,1,13,15,20
26,2,12,15,20
26,3,13,15,20
26,4,12,15,20
26,5,11,15,20
26,6,10,15,20
26,7,11,15,20
26,8,10,15,20
26,9,12,15,20
26,10,13,15,20
26,11,13,15,20
26,12,13,15,20
26,13,11,15,20
26,14,13,15,20
26,15,12,15,20
26,16,12,15,20
26,17,12,15,20
26,18,12,15,20
26,19,11,15,20
26,20,11,15,20
26,21,9,15,20
26,22,11,15,20
26,23,12,15,20
26,24,12,15,20
26,25,11,15,20
26,26,12,15,20
26,27,12,15,20
26,28,9,15,20
26,29,12,15,20
26,30,13,15,20
26,31,12,15,20
26,32,12,15,20
26,33,10,15,20
26,34,11,15,20
26,35,10,15,20
26,36,10,15,20
26,37,12,15,20
26,38,12,15,20
26,39,12,15,20
26,40,11,15,20
26,41,12,15,20
26,42,11,15,20
26,43,11,15,20
26,44,12,15,20
26,45,13,15,20
26,46,11,15,20
26,47,11,15,20
26,48,12,15,20
26,49,12,15,20
26,50,12,15,20
26,51,12,15,20
27,0,10,15,20
27,1,11,15,20
27,2,12,15,20
27,3,11,15,20
27,4,11,15,20
27,5,11,15,20
27,6,13,15,20
27,7,11,15,20
27,8,12,15,20
27,9,12,15,20
27,10,12,15,20
27,11,12,15,20
27,12,11,15,20
27,13,13,15,20
27,14,12,15,20
27,15,12,15,20
27,16,11,15,20
27,17,12,15,20
27,18,12,15,20
27,19,13,15,20
27,20,12,15,20
27,21,11,15,20
27,22,12,15,20
27,23,12,15,20
27,24,11,15,20
27,25,12,15,20
27,26,13,15,20
27,27,11,15,20
27,28,11,15,20
27,29,11,15,20
27,30,11,15,20
27,31,13,15,20
27,32,12,15,20
27,33,12,15,20
27,34,11,15,20
27,35,11,15,20
27,36,11,15,20
27,37,11,15,20
27,38,12,15,20
27,39,12,15,20
27,40,13,15,20
27,41,12,15,20
27,42,13,15,20
27,43,11,15,20
27,44,12,15,20
27,45,12,15,20
27,46,11,15,20
27,47,11,15,20
27,48,11,15,20
27,49,11,15,20
27,50,11,15,20
27,51,12,15,20
28,0,12,15,20
28,1,11,15,20
28,2,11,15,20
28,3,11,15,20
28,4,9,15,20
28,5,10,15,20
28,6,10,15,20
28,7,12,15,20
28,8,13,15,20
28,9,11,15,20
28,10,10,15,20
28,11,11,15,20
28,12,12,15,20
28,13,11,15,20
28,14,11,15,20
28,15,11,15,20
28,16,12,15,20
28,17,12,15,20
28,18,13,15,20
28,19,11,15,20
28,20,13,15,20
28,21,11,15,20
28,22,12,15,20
28,23,13,15,20
28,24,11,15,20
28,25,11,15,20
28,26,11,15,20
28,27,12,15,20
28,28,11,15,20
28,29,12,15,20
28,30,12,15,20
28,31,11,15,20
28,32,13,15,20
28,33,13,15,20
28,34,12,15,20
28,35,11,15,20
28,36,11,15,20
28,37,10,15,20
28,38,12,15,20
28,39,12,15,20
28,40,12,15,20
28,41,12,15,20
28,42,12,15,20
28,43,14,15,20
28,44,13,15,20
28,45,11,15,20
28,46,10,15,20
28,47,11,15,20
28,48,12,15,20
28,49,11,15,20
28,50,12,15,20
28,51,11,15,20
29,0,12,15,20
29,1,12,15,20
29,2,11,15,20
29,3,11,15,20
29,4,11,15,20
29,5,11,15,20
29,6,12,15,20
29,7,11,15,20
29,8,12,15,20
29,9,14,15,20
29,10,12,15,20
29,11,12,15,20
29,12,12,15,20
29,13,13,15,20
29,14,13,15,20
29,15,12,15,20
29,16,12,15,20
29,17,13,15,20
29,18,12,15,20
29,19,13,15,20
29,20,13,15,20
29,21,12,15,20
29,22,11,15,20
29,23,14,15,20
29,24,13,15,20
29,25,12,15,20
29,26,11,15,20
29,27,11,15,20
29,28,11,15,20
29,29,11,15,20
29,30,11,15,20
29,31,11,15,20
29,32,12,15,20
29,33,13,15,20
29,34,13,15,20
29,35,11,15,20
29,36,12,15,20
29,37,12,15,20
29,38,12,15,20
29,39,11,15,20
29,40,12,15,20
29,41,11,15,20
29,42,14,15,20
29,43,12,15,20
29,44,11,15,20
29,45,11,15,20
29,46,12,15,20
29,47,12,15,20
29,48,12,15,20
29,49,12,15,20
29,50,13,15,20
29,51,12,15,20
30,0,11,15,20
30,1,10,15,20
30,2,11,15,20
30,3,10,15,20
30,4,11,15,20
30,5,13,15,20
30,6,12,15,20
30,7,12,15,20
30,8,11,15,20
30,9,12,15,20
30,10,11,15,20
30,11,11,15,20
30,12,13,15,20
30,13,12,15,20
30,14,13,15,20
30,15,11,15,20
30,16,11,15,20
30,17,13,15,20
30,18,11,15,20
30,19,11,15,20
30,20,12,15,20
30,21,11,15,20
30,22,12,15,20
30,23,13,15,20
30,24,13,15,20
30,25,12,15,20
30,26,11,15,20
30,27,12,15,20
30,28,12,15,20
30,29,12,15,20
30,30,13,15,20
30,31,15,15,20
30,32,11,15,20
30,33,12,15,20
30,34,13,15,20
30,35,13,15,20
30,36,13,15,20
30,37,13,15,20
30,38,10,15,20
30,39,9,15,20
30,40,11,15,20
30,41,11,15,20
30,42,13,15,20
30,43,13,15,20
30,44,11,15,20
30,45,11,15,20
30,46,12,15,20
30,47,10,15,20
30,48,10,15,20
30,49,10,15,20
30,50,12,15,20
30,51,13,15,20
1,0,9,15,40
1,1,10,15,40
1,2,9,15,40
1,3,9,15,40
1,4,8,15,40
1,5,10,15,40
1,6,10,15,40
1,7,9,15,40
1,8,9,15,40
1,9,9,15,40
1,10,10,15,40
1,11,9,15,40
1,12,9,15,40
1,13,9,15,40
1,14,9,15,40
1,15,9,15,40
1,16,9,15,40
1,17,10,15,40
1,18,8,15,40
1,19,8,15,40
1,20,10,15,40
1,21,10,15,40
1,22,10,15,40
1,23,9,15,40
1,24,11,15,40
1,25,11,15,40
1,26,11,15,40
1,27,9,15,40
1,28,10,15,40
1,29,10,15,40
1,30,11,15,40
1,31,10,15,40
1,32,9,15,40
1,33,10,15,40
1,34,11,15,40
1,35,9,15,40
1,36,11,15,40
1,37,9,15,40
1,38,9,15,40
1,39,9,15,40
1,40,10,15,40
1,41,9,15,40
1,42,9,15,40
1,43,9,15,40
1,44,10,15,40
1,45,9,15,40
1,46,10,15,40
1,47,9,15,40
1,48,10,15,40
1,49,10,15,40
1,50,9,15,40
1,51,10,15,40
2,0,11,15,40
2,1,10,15,40
2,2,9,15,40
2,3,10,15,40
2,4,9,15,40
2,5,11,15,40
2,6,11,15,40
2,7,10,15,40
2,8,10,15,40
2,9,9,15,40
2,10,9,15,40
2,11,10,15,40
2,12,11,15,40
2,13,11,15,40
2,14,11,15,40
2,15,11,15,40
2,16,9,15,40
2,17,10,15,40
2,18,10,15,40
2,19,10,15,40
2,20,9,15,40
2,21,10,15,40
2,22,10,15,40
2,23,11,15,40
2,24,11,15,40
2,25,12,15,40
2,26,10,15,40
2,27,11,15,40
2,28,9,15,40
2,29,10,15,40
2,30,11,15,40
2,31,11,15,40
2,32,11,15,40
2,33,10,15,40
2,34,9,15,40
2,35,9,15,40
2,36,10,15,40
2,37,9,15,40
2,38,10,15,40
2,39,10,15,40
2,40,10,15,40
2,41,9,15,40
2,42,9,15,40
2,43,11,15,40
2,44,10,15,40
2,45,10,15,40
2,46,9,15,40
2,47,9,15,40
2,48,11,15,40
2,49,10,15,40
2,50,9,15,40
2,51,10,15,40
3,0,11,15,40
3,1,10,15,40
3,2,11,15,40
3,3,11,15,40
3,4,10,15,40
3,5,9,15,40
3,6,11,15,40
3,7,12,15,40
3,8,10,15,40
3,9,11,15,40
3,10,11,15,40
3,11,10,15,40
3,12,8,15,40
3,13,8,15,40
3,14,9,15,40
3,15,9,15,40
3,16,10,15,40
3,17,10,15,40
3,18,11,15,40
3,19,10,15,40
3,20,10,15,40
3,21,10,15,40
3,22,10,15,40
3,23,11,15,40
3,24,9,15,40
3,25,10,15,40
3,26,9,15,40
3,27,10,15,40
3,28,9,15,40
3,29,11,15,40
3,30,8,15,40
3,31,9,15,40
3,32,8,15,40
3,33,8,15,40
3,34,10,15,40
3,35,9,15,40
3,36,11,15,40
3,37,10,15,40
3,38,10,15,40
3,39,9,15,40
3,40,10,15,40
3,41,10,15,40
3,42,10,15,40
3,43,10,15,40
3,44,10,15,40
3,45,10,15,40
3,46,11,15,40
3,47,9,15,40
3,48,10,15,40
3,49,10,15,40
3,50,9,15,40
3,51,9,15,40
4,0,10,15,40
4,1,9,15,40
4,2,9,15,40
4,3,10,15,40
4,4,10,15,40
4,5,9,15,40
4,6,10,15,40
4,7,9,15,40
4,8,10,15,40
4,9,10,15,40
4,10,10,15,40
4,11,9,15,40
4,12,10,15,40
4,13,10,15,40
4,14,10,15,40
4,15,11,15,40
4,16,10,15,40
4,17,8,15,40
4,18,10,15,40
4,19,9,15,40
4,20,10,15,40
4,21,10,15,40
4,22,10,15,40
4,23,9,15,40
4,24,10,15,40
4,25,8,15,40
4,26,9,15,40
4,27,10,15,40
4,28,10,15,40
4,29,11,15,40
4,30,11,15,40
4,31,12,15,40
4,32,11,15,40
4,33,8,15,40
4,34,9,15,40
4,35,10,15,40
4,36,10,15,40
4,37,9,15,40
4,38,9,15,40
4,39,10,15,40
4,40,10,15,40
4,41,9,15,40
4,42,10,15,40
4,43,9,15,40
4,44,10,15,40
4,45,10,15,40
4,46,11,15,40
4,47,11,15,40
4,48,10,15,40
4,49,10,15,40
4,50,10,15,40
4,51,9,15,40
5,0,9,15,40
5,1,9,15,40
5,2,10,15,40
5,3,10,15,40
5,4,9,15,40
5,5,10,15,40
5,6,9,15,40
5,7,8,15,40
5,8,8,15,40
5,9,8,15,40
5,10,11,15,40
5,11,9,15,40
5,12,8,15,40
5,13,8,15,40
5,14,9,15,40
5,15,10,15,40
5,16,11,15,40
5,17,10,15,40
5,18,9,15,40
5,19,9,15,40
5,20,10,15,40
5,21,9,15,40
5,22,8,15,40
5,23,9,15,40
5,24,9,15,40
5,25,8,15,40
5,26,9,15,40
5,27,9,15,40
5,28,9,15,40
5,29,8,15,40
5,30,10,15,40
5,31,9,15,40
5,32,9,15,40
5,33,10,15,40
5,34,10,15,40
5,35,9,15,40
5,36,9,15,40
5,37,10,15,40
5,38,9,15,40
5,39,9,15,40
5,40,9,15,40
5,41,10,15,40
5,42,11,15,40
5,43,10,15,40
5,44,11,15,40
5,45,10,15,40
5,46,10,15,40
5,47,10,15,40
5,48,9,15,40
5,49,9,15,40
5,50,9,15,40
5,51,8,15,40
6,0,11,15,40
6,1,10,15,40
6,2,9,15,40
6,3,9,15,40
6,4,9,15,40
6,5,10,15,40
6,6,10,15,40
6,7,10,15,40
6,8,8,15,40
6,9,9,15,40
6,10,10,15,40
6,11,9,15,40
6,12,10,15,40
6,13,11,15,40
6,14,9,15,40
6,15,9,15,40
6,16,11,15,40
6,17,10,15,40
6,18,9,15,40
6,19,9,15,40
6,20,11,15,40
6,21,10,15,40
6,22,10,15,40
6,23,10,15,40
6,24,10,15,40
6,25,11,15,40
6,26,10,15,40
6,27,10,15,40
6,28,10,15,40
6,29,9,15,40
6,30,9,15,40
6,31,9,15,40
6,32,10,15,40
6,33,10,15,40
6,34,10,15,40
6,35,9,15,40
6,36,10,15,40
6,37,9,15,40
6,38,9,15,40
6,39,9,15,40
6,40,10,15,40
6,41,10,15,40
6,42,10,15,40
6,43,10,15,40
6,44,10,15,40
6,45,10,15,40
6,46,10,15,40
6,47,9,15,40
6,48,9,15,40
6,49,10,15,40
6,50,11,15,40
6,51,9,15,40
7,0,11,15,40
7,1,9,15,40
7,2,8,15,40
7,3,9,15,40
7,4,9,15,40
7,5,10,15,40
7,6,9,15,40
7,7,9,15,40
7,8,10,15,40
7,9,10,15,40
7,10,9,15,40
7,11,9,15,40
7,12,9,15,40
7,13,10,15,40
7,14,10,15,40
7,15,11,15,40
7,16,11,15,40
7,17,9,15,40
7,18,9,15,40
7,19,10,15,40
7,20,10,15,40
7,21,9,15,40
7,22,10,15,40
7,23,9,15,40
7,24,10,15,40
7,25,10,15,40
7,26,11,15,40
7,27,9,15,40
7,28,9,15,40
7,29,10,15,40
7,30,9,15,40
7,31,10,15,40
7,32,9,15,40
7,33,9,15,40
7,34,10,15,40
7,35,11,15,40
7,36,10,15,40
7,37,10,15,40
7,38,10,15,40
7,39,11,15,40
7,40,10,15,40
7,41,10,15,40
7,42,9,15,40
7,43,10,15,40
7,44,11,15,40
7,45,10,15,40
7,46,11,15,40
7,47,10,15,40
7,48,9,15,40
7,49,9,15,40
7,50,11,15,40
7,51,11,15,40
8,0,10,15,40
8,1,10,15,40
8,2,9,15,40
8,3,10,15,40
8,4,10,15,40
8,5,12,15,40
8,6,10,15,40
8,7,8,15,40
8,8,8,15,40
8,9,9,15,40
8,10,9,15,40
8,11,9,15,40
8,12,10,15,40
8,13,10,15,40
8,14,9,15,40
8,15,9,15,40
8,16,10,15,40
8,17,10,15,40
8,18,11,15,40
8,19,11,15,40
8,20,10,15,40
8,21,10,15,40
8,22,10,15,40
8,23,11,15,40
8,24,11,15,40
8,25,11,15,40
8,26,9,15,40
8,27,9,15,40
8,28,9,15,40
8,29,8,15,40
8,30,8,15,40
8,31,9,15,40
8,32,10,15,40
8,33,10,15,40
8,34,9,15,40
8,35,10,15,40
8,36,9,15,40
8,37,9,15,40
8,38,9,15,40
8,39,9,15,40
8,40,8,15,40
8,41,8,15,40
8,42,10,15,40
8,43,9,15,40
8,44,8,15,40
8,45,10,15,40
8,46,10,15,40
8,47,10,15,40
8,48,10,15,40
8,49,10,15,40
8,50,9,15,40
8,51,10,15,40
9,0,10,15,40
9,1,11,15,40
9,2,11,15,40
9,3,10,15,40
9,4,9,15,40
9,5,9,15,40
9,6,9,15,40
9,7,10,15,40
9,8,11,15,40
9,9,9,15,40
9,10,10,15,40
9,11,11,15,40
9,12,11,15,40
9,13,10,15,40
9,14,9,15,40
9,15,10,15,40
9,16,10,15,40
9,17,10,15,40
9,18,9,15,40
9,19,10,15,40
9,20,11,15,40
9,21,11,15,40
9,22,11,15,40
9,23,8,15,40
9,24,9,15,40
9,25,10,15,40
9,26,10,15,40
9,27,10,15,40
9,28,11,15,40
9,29,11,15,40
9,30,9,15,40
9,31,9,15,40
9,32,8,15,40
9,33,10,15,40
9,34,10,15,40
9,35,9,15,40
9,36,10,15,40
9,37,12,15,40
9,38,10,15,40
9,39,10,15,40
9,40,8,15,40
9,41,9,15,40
9,42,9,15,40
9,43,9,15,40
9,44,8,15,40
9,45,8,15,40
9,46,9,15,40
9,47,9,15,40
9,48,10,15,40
9,49,9,15,40
9,50,9,15,40
9,51,10,15,40
10,0,10,15,40
10,1,11,15,40
10,2,9,15,40
10,3,9,15,40
10,4,10,15,40
10,5,10,15,40
10,6,9,15,40
10,7,9,15,40
10,8,10,15,40
10,9,10,15,40
10,10,11,15,40
10,11,9,15,40
10,12,10,15,40
10,13,8,15,40
10,14,9,15,40
10,15,10,15,40
10,16,10,15,40
10,17,10,15,40
10,18,9,15,40
10,19,9,15,40
10,20,10,15,40
10,21,10,15,40
10,22,10,15,40
10,23,10,15,40
10,24,10,15,40
10,25,9,15,40
10,26,10,15,40
10,27,10,15,40
10,28,9,15,40
10,29,9,15,40
10,30,9,15,40
10,31,9,15,40
10,32,11,15,40
10,33,10,15,40
10,34,10,15,40
10,35,11,15,40
10,36,12,15,40
10,37,10,15,40
10,38,10,15,40
10,39,9,15,40
10,40,10,15,40
10,41,12,15,40
10,42,11,15,40
10,43,11,15,40
10,44,11,15,40
10,45,11,15,40
10,46,11,15,40
10,47,9,15,40
10,48,9,15,40
10,49,10,15,40
10,50,10,15,40
10,51,10,15,40
11,0,10,15,40
11,1,11,15,40
11,2,11,15,40
11,3,10,15,40
11,4,10,15,40
11,5,10,15,40
11,6,10,15,40
11,7,9,15,40
11,8,9,15,40
11,9,10,15,40
11,10,9,15,40
11,11,10,15,40
11,12,10,15,40
11,13,13,15,40
11,14,10,15,40
11,15,10,15,40
11,16,11,15,40
11,17,10,15,40
11,18,10,15,40
11,19,9,15,40
11,20,10,15,40
11,21,10,15,40
11,22,10,15,40
11,23,10,15,40
11,24,11,15,40
11,25,11,15,40
11,26,10,15,40
11,27,8,15,40
11,28,9,15,40
11,29,9,15,40
11,30,11,15,40
11,31,10,15,40
11,32,10,15,40
11,33,9,15,40
11,34,10,15,40
11,35,9,15,40
11,36,11,15,40
11,37,11,15,40
11,38,10,15,40
11,39,9,15,40
11,40,9,15,40
11,41,10,15,40
11,42,10,15,40
11,43,10,15,40
11,44,10,15,40
11,45,11,15,40
11,46,7,15,40
11,47,8,15,40
11,48,8,15,40
11,49,9,15,40
11,50,9,15,40
11,51,9,15,40
12,0,10,15,40
12,1,11,15,40
12,2,11,15,40
12,3,10,15,40
12,4,11,15,40
12,5,10,15,40
12,6,10,15,40
12,7,10,15,40
12,8,9,15,40
12,9,10,15,40
12,10,10,15,40
12,11,9,15,40
12,12,9,15,40
12,13,10,15,40
12,14,9,15,40
12,15,9,15,40
12,16,9,15,40
12,17,10,15,40
12,18,10,15,40
12,19,10,15,40
12,20,9,15,40
12,21,10,15,40
12,22,10,15,40
12,23,9,15,40
12,24,9,15,40
12,25,9,15,40
12,26,10,15,40
12,27,10,15,40
12,28,9,15,40
12,29,9,15,40
12,30,8,15,40
12,31,10,15,40
12,32,9,15,40
12,33,10,15,40
12,34,10,15,40
12,35,11,15,40
12,36,11,15,40
12,37,10,15,40
12,38,9,15,40
12,39,9,15,40
12,40,10,15,40
12,41,11,15,40
12,42,11,15,40
12,43,11,15,40
12,44,10,15,40
12,45,9,15,40
12,46,10,15,40
12,47,10,15,40
12,48,10,15,40
12,49,10,15,40
12,50,9,15,40
12,51,10,15,40
13,0,11,15,40
13,1,9,15,40
13,2,9,15,40
13,3,10,15,40
13,4,11,15,40
13,5,10,15,40
13,6,10,15,40
13,7,10,15,40
13,8,9,15,40
13,9,9,15,40
13,10,9,15,40
13,11,9,15,40
13,12,9,15,40
13,13,9,15,40
13,14,8,15,40
13,15,8,15,40
13,16,10,15,40
13,17,9,15,40
13,18,10,15,40
13,19,7,15,40
13,20,9,15,40
13,21,9,15,40
13,22,9,15,40
13,23,10,15,40
13,24,10,15,40
13,25,12,15,40
13,26,11,15,40
13,27,9,15,40
13,28,10,15,40
13,29,11,15,40
13,30,11,15,40
13,31,11,15,40
13,32,11,15,40
13,33,10,15,40
13,34,11,15,40
13,35,11,15,40
13,36,11,15,40
13,37,9,15,40
13,38,9,15,40
13,39,9,15,40
13,40,10,15,40
13,41,10,15,40
13,42,9,15,40
13,43,10,15,40
13,44,9,15,40
13,45,12,15,40
13,46,12,15,40
13,47,11,15,40
13,48,11,15,40
13,49,11,15,40
13,50,10,15,40
13,51,10,15,40
14,0,10,15,40
14,1,10,15,40
14,2,11,15,40
14,3,12,15,40
14,4,10,15,40
14,5,10,15,40
14,6,11,15,40
14,7,10,15,40
14,8,10,15,40
14,9,9,15,40
14,10,11,15,40
14,11,9,15,40
14,12,9,15,40
14,13,9,15,40
14,14,9,15,40
14,15,9,15,40
14,16,8,15,40
14,17,9,15,40
14,18,9,15,40
14,19,11,15,40
14,20,12,15,40
14,21,10,15,40
14,22,10,15,40
14,23,9,15,40
14,24,9,15,40
14,25,9,15,40
14,26,10,15,40
14,27,9,15,40
14,28,8,15,40
14,29,10,15,40
14,30,11,15,40
14,31,10,15,40
14,32,10,15,40
14,33,10,15,40
14,34,10,15,40
14,35,10,15,40
14,36,11,15,40
14,37,11,15,40
14,38,10,15,40
14,39,11,15,40
14,40,10,15,40
14,41,10,15,40
14,42,9,15,40
14,43,10,15,40
14,44,9,15,40
14,45,9,15,40
14,46,10,15,40
14,47,10,15,40
14,48,10,15,40
14,49,10,15,40
14,50,8,15,40
14,51,9,15,40
15,0,10,15,40
15,1,9,15,40
15,2,10,15,40
15,3,9,15,40
15,4,8,15,40
15,5,10,15,40
15,6,9,15,40
15,7,10,15,40
15,8,10,15,40
15,9,9,15,40
15,10,8,15,40
15,11,9,15,40
15,12,10,15,40
15,13,10,15,40
15,14,9,15,40
15,15,9,15,40
15,16,10,15,40
15,17,10,15,40
15,18,9,15,40
15,19,11,15,40
15,20,8,15,40
15,21,9,15,40
15,22,8,15,40
15,23,9,15,40
15,24,9,15,40
15,25,11,15,40
15,26,10,15,40
15,27,10,15,40
15,28,9,15,40
15,29,10,15,40
15,30,11,15,40
15,31,10,15,40
15,32,10,15,40
15,33,10,15,40
15,34,10,15,40
15,35,10,15,40
15,36,9,15,40
15,37,10,15,40
15,38,11,15,40
15,39,10,15,40
15,40,9,15,40
15,41,9,15,40
15,42,9,15,40
15,43,9,15,40
15,44,9,15,40
15,45,11,15,40
15,46,10,15,40
15,47,9,15,40
15,48,9,15,40
15,49,10,15,40
15,50,10,15,40
15,51,11,15,40
16,0,10,15,40
16,1,11,15,40
16,2,10,15,40
16,3,10,15,40
16,4,10,15,40
16,5,10,15,40
16,6,10,15,40
16,7,10,15,40
16,8,9,15,40
16,9,10,15,40
16,10,9,15,40
16,11,10,15,40
16,12,10,15,40
16,13,9,15,40
16,14,11,15,40
16,15,9,15,40
16,16,10,15,40
16,17,10,15,40
16,18,11,15,40
16,19,11,15,40
16,20,9,15,40
16,21,9,15,40
16,22,10,15,40
16,23,9,15,40
16,24,9,15,40
16,25,10,15,40
16,26,9,15,40
16,27,10,15,40
16,28,8,15,40
16,29,9,15,40
16,30,8,15,40
16,31,11,15,40
16,32,8,15,40
16,33,10,15,40
16,34,9,15,40
16,35,9,15,40
16,36,9,15,40
16,37,10,15,40
16,38,10,15,40
16,39,9,15,40
16,40,11,15,40
16,41,10,15,40
16,42,10,15,40
16,43,10,15,40
16,44,9,15,40
16,45,9,15,40
16,46,9,15,40
16,47,10,15,40
16,48,10,15,40
16,49,10,15,40
16,50,11,15,40
16,51,11,15,40
17,0,10,15,40
17,1,10,15,40
17,2,9,15,40
17,3,9,15,40
17,4,10,15,40
17,5,9,15,40
17,6,10,15,40
17,7,10,15,40
17,8,9,15,40
17,9,10,15,40
17,10,11,15,40
17,11,11,15,40
17,12,11,15,40
17,13,9,15,40
17,14,10,15,40
17,15,9,15,40
17,16,9,15,40
17,17,10,15,40
17,18,10,15,40
17,19,9,15,40
17,20,10,15,40
17,21,10,15,40
17,22,9,15,40
17,23,10,15,40
17,24,10,15,40
17,25,9,15,40
17,26,10,15,40
17,27,10,15,40
17,28,10,15,40
17,29,10,15,40
17,30,10,15,40
17,31,10,15,40
17,32,9,15,40
17,33,9,15,40
17,34,10,15,40
17,35,10,15,40
17,36,10,15,40
17,37,10,15,40
17,38,10,15,40
17,39,10,15,40
17,40,10,15,40
17,41,9,15,40
17,42,10,15,40
17,43,11,15,40
17,44,9,15,40
17,45,10,15,40
17,46,11,15,40
17,47,11,15,40
17,48,11,15,40
17,49,12,15,40
17,50,9,15,40
17,51,10,15,40
18,0,10,15,40
18,1,10,15,40
18,2,10,15,40
18,3,10,15,40
18,4,8,15,40
18,5,8,15,40
18,6,9,15,40
18,7,10,15,40
18,8,11,15,40
18,9,10,15,40
18,10,9,15,40
18,11,8,15,40
18,12,9,15,40
18,13,9,15,40
18,14,11,15,40
18,15,10,15,40
18,16,11,15,40
18,17,10,15,40
18,18,10,15,40
18,19,9,15,40
18,20,10,15,40
18,21,9,15,40
18,22,9,15,40
18,23,10,15,40
18,24,10,15,40
18,25,10,15,40
18,26,11,15,40
18,27,11,15,40
18,28,11,15,40
18,29,10,15,40
18,30,11,15,40
18,31,11,15,40
18,32,10,15,40
18,33,10,15,40
18,34,9,15,40
18,35,10,15,40
18,36,11,15,40
18,37,12,15,40
18,38,11,15,40
18,39,10,15,40
18,40,11,15,40
18,41,10,15,40
18,42,9,15,40
18,43,10,15,40
18,44,12,15,40
18,45,11,15,40
18,46,11,15,40
18,47,11,15,40
18,48,11,15,40
18,49,10,15,40
18,50,11,15,40
18,51,11,15,40
19,0,11,15,40
19,1,9,15,40
19,2,8,15,40
19,3,8,15,40
19,4,10,15,40
19,5,10,15,40
19,6,9,15,40
19,7,10,15,40
19,8,10,15,40
19,9,8,15,40
19,10,9,15,40
19,11,10,15,40
19,12,11,15,40
19,13,10,15,40
19,14,11,15,40
19,15,10,15,40
19,16,10,15,40
19,17,9,15,40
19,18,10,15,40
19,19,10,15,40
19,20,11,15,40
19,21,10,15,40
19,22,10,15,40
19,23,10,15,40
19,24,9,15,40
19,25,10,15,40
19,26,11,15,40
19,27,10,15,40
19,28,9,15,40
19,29,10,15,40
19,30,9,15,40
19,31,10,15,40
19,32,10,15,40
19,33,10,15,40
19,34,10,15,40
19,35,9,15,40
19,36,9,15,40
19,37,9,15,40
19,38,10,15,40
19,39,11,15,40
19,40,10,15,40
19,41,9,15,40
19,42,10,15,40
19,43,9,15,40
19,44,8,15,40
19,45,10,15,40
19,46,10,15,40
19,47,9,15,40
19,48,9,15,40
19,49,9,15,40
19,50,10,15,40
19,51,10,15,40
20,0,9,15,40
20,1,10,15,40
20,2,10,15,40
20,3,10,15,40
20,4,9,15,40
20,5,9,15,40
20,6,12,15,40
20,7,10,15,40
20,8,10,15,40
20,9,11,15,40
20,10,10,15,40
20,11,9,15,40
20,12,9,15,40
20,13,9,15,40
20,14,10,15,40
20,15,9,15,40
20,16,9,15,40
20,17,10,15,40
20,18,11,15,40
20,19,9,15,40
20,20,10,15,40
20,21,10,15,40
20,22,10,15,40
20,23,8,15,40
20,24,9,15,40
20,25,10,15,40
20,26,10,15,40
20,27,9,15,40
20,28,10,15,40
20,29,11,15,40
20,30,11,15,40
20,31,10,15,40
20,32,10,15,40
20,33,9,15,40
20,34,9,15,40
20,35,10,15,40
20,36,10,15,40
20,37,10,15,40
20,38,10,15,40
20,39,10,15,40
20,40,9,15,40
20,41,10,15,40
20,42,9,15,40
20,43,9,15,40
20,44,10,15,40
20,45,10,15,40
20,46,10,15,40
20,47,10,15,40
20,48,10,15,40
20,49,11,15,40
20,50,11,15,40
20,51,10,15,40
21,0,10,15,40
21,1,9,15,40
21,2,10,15,40
21,3,9,15,40
21,4,9,15,40
21,5,10,15,40
21,6,10,15,40
21,7,10,15,40
21,8,9,15,40
21,9,10,15,40
21,10,10,15,40
21,11,9,15,40
21,12,10,15,40
21,13,8,15,40
21,14,10,15,40
21,15,9,15,40
21,16,9,15,40
21,17,7,15,40
21,18,9,15,40
21,19,9,15,40
21,20,8,15,40
21,21,9,15,40
21,22,10,15,40
21,23,10,15,40
21,24,10,15,40
21,25,9,15,40
21,26,10,15,40
21,27,9,15,40
21,28,10,15,40
21,29,9,15,40
21,30,10,15,40
21,31,9,15,40
21,32,10,15,40
21,33,9,15,40
21,34,10,15,40
21,35,10,15,40
21,36,11,15,40
21,37,10,15,40
21,38,9,15,40
21,39,10,15,40
21,40,10,15,40
21,41,9,15,40
21,42,9,15,40
21,43,10,15,40
21,44,11,15,40
21,45,11,15,40
21,46,9,15,40
21,47,10,15,40
21,48,12,15,40
21,49,11,15,40
21,50,11,15,40
21,51,9,15,40
22,0,9,15,40
22,1,10,15,40
22,2,10,15,40
22,3,10,15,40
22,4,10,15,40
22,5,10,15,40
22,6,9,15,40
22,7,9,15,40
22,8,10,15,40
22,9,9,15,40
22,10,10,15,40
22,11,10,15,40
22,12,10,15,40
22,13,8,15,40
22,14,10,15,40
22,15,11,15,40
22,16,9,15,40
22,17,10,15,40
22,18,11,15,40
22,19,9,15,40
22,20,9,15,40
22,21,9,15,40
22,22,10,15,40
22,23,9,15,40
22,24,9,15,40
22,25,9,15,40
22,26,10,15,40
22,27,10,15,40
22,28,12,15,40
22,29,12,15,40
22,30,10,15,40
22,31,9,15,40
22,32,9,15,40
22,33,10,15,40
22,34,9,15,40
22,35,10,15,40
22,36,9,15,40
22,37,10,15,40
22,38,9,15,40
22,39,10,15,40
22,40,9,15,40
22,41,9,15,40
22,42,9,15,40
22,43,10,15,40
22,44,10,15,40
22,45,11,15,40
22,46,10,15,40
22,47,9,15,40
22,48,10,15,40
22,49,11,15,40
22,50,10,15,40
22,51,8,15,40
23,0,10,15,40
23,1,10,15,40
23,2,9,15,40
23,3,10,15,40
23,4,9,15,40
23,5,10,15,40
23,6,10,15,40
23,7,10,15,40
23,8,9,15,40
23,9,10,15,40
23,10,10,15,40
23,11,10,15,40
23,12,9,15,40
23,13,11,15,40
23,14,9,15,40
23,15,10,15,40
23,16,9,15,40
23,17,10,15,40
23,18,10,15,40
23,19,10,15,40
23,20,10,15,40
23,21,11,15,40
23,22,11,15,40
23,23,12,15,40
23,24,10,15,40
23,25,10,15,40
23,26,10,15,40
23,27,10,15,40
23,28,9,15,40
23,29,10,15,40
23,30,10,15,40
23,31,11,15,40
23,32,10,15,40
23,33,9,15,40
23,34,10,15,40
23,35,11,15,40
23,36,12,15,40
23,37,12,15,40
23,38,12,15,40
23,39,11,15,40
23,40,10,15,40
23,41,9,15,40
23,42,9,15,40
23,43,9,15,40
23,44,9,15,40
23,45,10,15,40
23,46,9,15,40
23,47,9,15,40
23,48,10,15,40
23,49,10,15,40
23,50,12,15,40
23,51,9,15,40
24,0,9,15,40
24,1,9,15,40
24,2,10,15,40
24,3,8,15,40
24,4,9,15,40
24,5,10,15,40
24,6,9,15,40
24,7,10,15,40
24,8,9,15,40
24,9,10,15,40
24,10,10,15,40
24,11,9,15,40
24,12,9,15,40
24,13,9,15,40
24,14,9,15,40
24,15,9,15,40
24,16,9,15,40
24,17,10,15,40
24,18,10,15,40
24,19,10,15,40
24,20,10,15,40
24,21,8,15,40
24,22,10,15,40
24,23,9,15,40
24,24,9,15,40
24,25,9,15,40
24,26,10,15,40
24,27,11,15,40
24,28,9,15,40
24,29,10,15,40
24,30,9,15,40
24,31,8,15,40
24,32,8,15,40
24,33,8,15,40
24,34,10,15,40
24,35,9,15,40
24,36,9,15,40
24,37,9,15,40
24,38,8,15,40
24,39,11,15,40
24,40,11,15,40
24,41,11,15,40
24,42,12,15,40
24,43,11,15,40
24,44,7,15,40
24,45,9,15,40
24,46,10,15,40
24,47,11,15,40
24,48,10,15,40
24,49,10,15,40
24,50,9,15,40
24,51,11,15,40
25,0,9,15,40
25,1,8,15,40
25,2,9,15,40
25,3,9,15,40
25,4,9,15,40
25,5,10,15,40
25,6,10,15,40
25,7,9,15,40
25,8,8,15,40
25,9,9,15,40
25,10,10,15,40
25,11,10,15,40
25,12,10,15,40
25,13,11,15,40
25,14,12,15,40
25,15,10,15,40
25,16,10,15,40
25,17,11,15,40
25,18,10,15,40
25,19,9,15,40
25,20,9,15,40
25,21,8,15,40
25,22,8,15,40
25,23,9,15,40
25,24,9,15,40
25,25,9,15,40
25,26,9,15,40
25,27,9,15,40
25,28,11,15,40
25,29,11,15,40
25,30,10,15,40
25,31,10,15,40
25,32,8,15,40
25,33,10,15,40
25,34,9,15,40
25,35,9,15,40
25,36,10,15,40
25,37,10,15,40
25,38,10,15,40
25,39,11,15,40
25,40,9,15,40
25,41,9,15,40
25,42,10,15,40
25,43,10,15,40
25,44,9,15,40
25,45,9,15,40
25,46,10,15,40
25,47,9,15,40
25,48,9,15,40
25,49,10,15,40
25,50,9,15,40
25,51,10,15,40
26,0,11,15,40
26,1,10,15,40
26,2,10,15,40
26,3,9,15,40
26,4,10,15,40
26,5,9,15,40
26,6,10,15,40
26,7,10,15,40
26,8,10,15,40
26,9,9,15,40
26,10,10,15,40
26,11,10,15,40
26,12,10,15,40
26,13,10,15,40
26,14,10,15,40
26,15,11,15,40
26,16,9,15,40
26,17,10,15,40
26,18,10,15,40
26,19,9,15,40
26,20,10,15,40
26,21,11,15,40
26,22,10,15,40
26,23,10,15,40
26,24,8,15,40
26,25,10,15,40
26,26,11,15,40
26,27,9,15,40
26,28,9,15,40
26,29,9,15,40
26,30,10,15,40
26,31,9,15,40
26,32,9,15,40
26,33,9,15,40
26,34,9,15,40
26,35,9,15,40
26,36,10,15,40
26,37,10,15,40
26,38,11,15,40
26,39,10,15,40
26,40,9,15,40
26,41,11,15,40
26,42,11,15,40
26,43,12,15,40
26,44,11,15,40
26,45,11,15,40
26,46,11,15,40
26,47,10,15,40
26,48,11,15,40
26,49,11,15,40
26,50,9,15,40
26,51,10,15,40
27,0,9,15,40
27,1,9,15,40
27,2,10,15,40
27,3,9,15,40
27,4,9,15,40
27,5,10,15,40
27,6,9,15,40
27,7,9,15,40
27,8,10,15,40
27,9,9,15,40
27,10,10,15,40
27,11,11,15,40
27,12,12,15,40
27,13,10,15,40
27,14,10,15,40
27,15,11,15,40
27,16,11,15,40
27,17,10,15,40
27,18,11,15,40
27,19,8,15,40
27,20,8,15,40
27,21,9,15,40
27,22,11,15,40
27,23,10,15,40
27,24,11,15,40
27,25,10,15,40
27,26,10,15,40
27,27,8,15,40
27,28,8,15,40
27,29,8,15,40
27,30,10,15,40
27,31,11,15,40
27,32,11,15,40
27,33,12,15,40
27,34,10,15,40
27,35,10,15,40
27,36,9,15,40
27,37,9,15,40
27,38,10,15,40
27,39,9,15,40
27,40,11,15,40
27,41,11,15,40
27,42,9,15,40
27,43,10,15,40
27,44,10,15,40
27,45,11,15,40
27,46,10,15,40
27,47,11,15,40
27,48,9,15,40
27,49,9,15,40
27,50,9,15,40
27,51,9,15,40
28,0,8,15,40
28,1,9,15,40
28,2,10,15,40
28,3,9,15,40
28,4,9,15,40
28,5,10,15,40
28,6,11,15,40
28,7,10,15,40
28,8,11,15,40
28,9,10,15,40
28,10,9,15,40
28,11,9,15,40
28,12,10,15,40
28,13,9,15,40
28,14,11,15,40
28,15,10,15,40
28,16,10,15,40
28,17,9,15,40
28,18,8,15,40
28,19,8,15,40
28,20,10,15,40
28,21,9,15,40
28,22,10,15,40
28,23,11,15,40
28,24,10,15,40
28,25,9,15,40
28,26,8,15,40
28,27,10,15,40
28,28,10,15,40
28,29,10,15,40
28,30,10,15,40
28,31,11,15,40
28,32,11,15,40
28,33,11,15,40
28,34,10,15,40
28,35,10,15,40
28,36,10,15,40
28,37,10,15,40
28,38,10,15,40
28,39,12,15,40
28,40,10,15,40
28,41,11,15,40
28,42,11,15,40
28,43,9,15,40
28,44,9,15,40
28,45,9,15,40
28,46,11,15,40
28,47,9,15,40
28,48,9,15,40
28,49,9,15,40
28,50,9,15,40
28,51,10,15,40
29,0,10,15,40
29,1,12,15,40
29,2,9,15,40
29,3,8,15,40
29,4,10,15,40
29,5,9,15,40
29,6,11,15,40
29,7,11,15,40
29,8,10,15,40
29,9,10,15,40
29,10,10,15,40
29,11,9,15,40
29,12,9,15,40
29,13,9,15,40
29,14,9,15,40
29,15,9,15,40
29,16,8,15,40
29,17,9,15,40
29,18,9,15,40
29,19,9,15,40
29,20,11,15,40
29,21,8,15,40
29,22,9,15,40
29,23,8,15,40
29,24,9,15,40
29,25,8,15,40
29,26,9,15,40
29,27,10,15,40
29,28,11,15,40
29,29,10,15,40
29,30,10,15,40
29,31,10,15,40
29,32,10,15,40
29,33,9,15,40
29,34,10,15,40
29,35,10,15,40
29,36,9,15,40
29,37,9,15,40
29,38,10,15,40
29,39,10,15,40
29,40,8,15,40
29,41,9,15,40
29,42,10,15,40
29,43,9,15,40
29,44,10,15,40
29,45,10,15,40
29,46,10,15,40
29,47,10,15,40
29,48,11,15,40
29,49,10,15,40
29,50,10,15,40
29,51,9,15,40
30,0,9,15,40
30,1,10,15,40
30,2,10,15,40
30,3,9,15,40
30,4,8,15,40
30,5,9,15,40
30,6,8,15,40
30,7,8,15,40
30,8,11,15,40
30,9,9,15,40
30,10,10,15,40
30,11,10,15,40
30,12,10,15,40
30,13,9,15,40
30,14,9,15,40
30,15,10,15,40
30,16,10,15,40
30,17,10,15,40
30,18,10,15,40
30,19,12,15,40
30,20,10,15,40
30,21,11,15,40
30,22,11,15,40
30,23,12,15,40
30,24,10,15,40
30,25,10,15,40
30,26,9,15,40
30,27,10,15,40
30,28,9,15,40
30,29,9,15,40
30,30,9,15,40
30,31,9,15,40
30,32,10,15,40
30,33,9,15,40
30,34,10,15,40
30,35,9,15,40
30,36,9,15,40
30,37,9,15,40
30,38,10,15,40
30,39,10,15,40
30,40,9,15,40
30,41,10,15,40
30,42,9,15,40
30,43,9,15,40
30,44,9,15,40
30,45,10,15,40
30,46,10,15,40
30,47,12,15,40
30,48,12,15,40
30,49,11,15,40
30,50,11,15,40
30,51,11,15,40
1,0,8,15,60
1,1,10,15,60
1,2,9,15,60
1,3,9,15,60
1,4,7,15,60
1,5,8,15,60
1,6,9,15,60
1,7,7,15,60
1,8,7,15,60
1,9,7,15,60
1,10,8,15,60
1,11,9,15,60
1,12,8,15,60
1,13,8,15,60
1,14,10,15,60
1,15,10,15,60
1,16,9,15,60
1,17,8,15,60
1,18,7,15,60
1,19,8,15,60
1,20,9,15,60
1,21,9,15,60
1,22,9,15,60
1,23,9,15,60
1,24,9,15,60
1,25,9,15,60
1,26,10,15,60
1,27,8,15,60
1,28,7,15,60
1,29,8,15,60
1,30,10,15,60
1,31,9,15,60
1,32,9,15,60
1,33,8,15,60
1,34,10,15,60
1,35,10,15,60
1,36,10,15,60
1,37,10,15,60
1,38,9,15,60
1,39,9,15,60
1,40,9,15,60
1,41,10,15,60
1,42,8,15,60
1,43,8,15,60
1,44,10,15,60
1,45,8,15,60
1,46,7,15,60
1,47,8,15,60
1,48,7,15,60
1,49,9,15,60
1,50,9,15,60
1,51,7,15,60
2,0,8,15,60
2,1,9,15,60
2,2,9,15,60
2,3,9,15,60
2,4,9,15,60
2,5,8,15,60
2,6,7,15,60
2,7,6,15,60
2,8,8,15,60
2,9,8,15,60
2,10,9,15,60
2,11,9,15,60
2,12,9,15,60
2,13,9,15,60
2,14,8,15,60
2,15,8,15,60
2,16,8,15,60
2,17,9,15,60
2,18,8,15,60
2,19,9,15,60
2,20,8,15,60
2,21,10,15,60
2,22,9,15,60
2,23,8,15,60
2,24,8,15,60
2,25,9,15,60
2,26,9,15,60
2,27,9,15,60
2,28,8,15,60
2,29,10,15,60
2,30,10,15,60
2,31,9,15,60
2,32,10,15,60
2,33,8,15,60
2,34,8,15,60
2,35,9,15,60
2,36,9,15,60
2,37,9,15,60
2,38,10,15,60
2,39,9,15,60
2,40,9,15,60
2,41,9,15,60
2,42,8,15,60
2,43,8,15,60
2,44,10,15,60
2,45,8,15,60
2,46,7,15,60
2,47,8,15,60
2,48,9,15,60
2,49,9,15,60
2,50,9,15,60
2,51,9,15,60
3,0,8,15,60
3,1,9,15,60
3,2,8,15,60
3,3,9,15,60
3,4,9,15,60
3,5,9,15,60
3,6,9,15,60
3,7,7,15,60
3,8,8,15,60
3,9,8,15,60
3,10,9,15,60
3,11,8,15,60
3,12,8,15,60
3,13,8,15,60
3,14,8,15,60
3,15,9,15,60
3,16,9,15,60
3,17,10,15,60
3,18,10,15,60
3,19,8,15,60
3,20,8,15,60
3,21,8,15,60
3,22,8,15,60
3,23,7,15,60
3,24,8,15,60
3,25,9,15,60
3,26,10,15,60
3,27,9,15,60
3,28,9,15,60
3,29,9,15,60
3,30,8,15,60
3,31,10,15,60
3,32,9,15,60
3,33,8,15,60
3,34,9,15,60
3,35,9,15,60
3,36,9,15,60
3,37,8,15,60
3,38,9,15,60
3,39,9,15,60
3,40,9,15,60
3,41,9,15,60
3,42,9,15,60
3,43,9,15,60
3,44,10,15,60
3,45,9,15,60
3,46,9,15,60
3,47,8,15,60
3,48,9,15,60
3,49,9,15,60
3,50,9,15,60
3,51,10,15,60
4,0,8,15,60
4,1,9,15,60
4,2,8,15,60
4,3,10,15,60
4,4,9,15,60
4,5,10,15,60
4,6,8,15,60
4,7,7,15,60
4,8,8,15,60
4,9,8,15,60
4,10,8,15,60
4,11,8,15,60
4,12,10,15,60
4,13,9,15,60
4,14,8,15,60
4,15,9,15,60
4,16,8,15,60
4,17,9,15,60
4,18,8,15,60
4,19,9,15,60
4,20,8,15,60
4,21,9,15,60
4,22,8,15,60
4,23,9,15,60
4,24,9,15,60
4,25,8,15,60
4,26,9,15,60
4,27,8,15,60
4,28,8,15,60
4,29,8,15,60
4,30,7,15,60
4,31,8,15,60
4,32,8,15,60
4,33,8,15,60
4,34,9,15,60
4,35,9,15,60
4,36,10,15,60
4,37,9,15,60
4,38,9,15,60
4,39,8,15,60
4,40,10,15,60
4,41,9,15,60
4,42,9,15,60
4,43,9,15,60
4,44,8,15,60
4,45,8,15,60
4,46,9,15,60
4,47,9,15,60
4,48,9,15,60
4,49,9,15,60
4,50,9,15,60
4,51,9,15,60
5,0,9,15,60
5,1,9,15,60
5,2,8,15,60
5,3,8,15,60
5,4,9,15,60
5,5,9,15,60
5,6,10,15,60
5,7,9,15,60
5,8,9,15,60
5,9,7,15,60
5,10,9,15,60
5,11,9,15,60
5,12,7,15,60
5,13,8,15,60
5,14,8,15,60
5,15,9,15,60
5,16,10,15,60
5,17,7,15,60
5,18,9,15,60
5,19,9,15,60
5,20,7,15,60
5,21,8,15,60
5,22,9,15,60
5,23,9,15,60
5,24,9,15,60
5,25,7,15,60
5,26,8,15,60
5,27,8,15,60
5,28,9,15,60
5,29,7,15,60
5,30,7,15,60
5,31,9,15,60
5,32,8,15,60
5,33,7,15,60
5,34,8,15,60
5,35,8,15,60
5,36,8,15,60
5,37,9,15,60
5,38,9,15,60
5,39,9,15,60
5,40,8,15,60
5,41,9,15,60
5,42,9,15,60
5,43,8,15,60
5,44,9,15,60
5,45,8,15,60
5,46,8,15,60
5,47,8,15,60
5,48,8,15,60
5,49,9,15,60
5,50,8,15,60
5,51,8,15,60
6,0,8,15,60
6,1,7,15,60
6,2,8,15,60
6,3,9,15,60
6,4,9,15,60
6,5,9,15,60
6,6,9,15,60
6,7,9,15,60
6,8,8,15,60
6,9,7,15,60
6,10,9,15,60
6,11,9,15,60
6,12,8,15,60
6,13,8,15,60
6,14,8,15,60
6,15,8,15,60
6,16,9,15,60
6,17,9,15,60
6,18,8,15,60
6,19,8,15,60
6,20,8,15,60
6,21,9,15,60
6,22,7,15,60
6,23,7,15,60
6,24,8,15,60
6,25,8,15,60
6,26,8,15,60
6,27,8,15,60
6,28,9,15,60
6,29,8,15,60
6,30,9,15,60
6,31,9,15,60
6,32,8,15,60
6,33,10,15,60
6,34,9,15,60
6,35,9,15,60
6,36,9,15,60
6,37,8,15,60
6,38,8,15,60
6,39,10,15,60
6,40,9,15,60
6,41,9,15,60
6,42,8,15,60
6,43,8,15,60
6,44,7,15,60
6,45,10,15,60
6,46,9,15,60
6,47,8,15,60
6,48,8,15,60
6,49,8,15,60
6,50,9,15,60
6,51,9,15,60
7,0,9,15,60
7,1,8,15,60
7,2,8,15,60
7,3,8,15,60
7,4,8,15,60
7,5,9,15,60
7,6,8,15,60
7,7,8,15,60
7,8,7,15,60
7,9,9,15,60
7,10,9,15,60
7,11,8,15,60
7,12,8,15,60
7,13,9,15,60
7,14,8,15,60
7,15,8,15,60
7,16,7,15,60
7,17,9,15,60
7,18,8,15,60
7,19,7,15,60
7,20,9,15,60
7,21,10,15,60
7,22,10,15,60
7,23,8,15,60
7,24,9,15,60
7,25,9,15,60
7,26,9,15,60
7,27,9,15,60
7,28,8,15,60
7,29,9,15,60
7,30,9,15,60
7,31,8,15,60
7,32,9,15,60
7,33,9,15,60
7,34,9,15,60
7,35,9,15,60
7,36,8,15,60
7,37,8,15,60
7,38,9,15,60
7,39,9,15,60
7,40,8,15,60
7,41,8,15,60
7,42,9,15,60
7,43,9,15,60
7,44,8,15,60
7,45,8,15,60
7,46,8,15,60
7,47,8,15,60
7,48,7,15,60
7,49,8,15,60
7,50,8,15,60
7,51,9,15,60
8,0,9,15,60
8,1,9,15,60
8,2,9,15,60
8,3,9,15,60
8,4,8,15,60
8,5,8,15,60
8,6,9,15,60
8,7,8,15,60
8,8,8,15,60
8,9,8,15,60
8,10,10,15,60
8,11,9,15,60
8,12,8,15,60
8,13,8,15,60
8,14,7,15,60
8,15,8,15,60
8,16,9,15,60
8,17,8,15,60
8,18,9,15,60
8,19,9,15,60
8,20,9,15,60
8,21,9,15,60
8,22,8,15,60
8,23,9,15,60
8,24,10,15,60
8,25,9,15,60
8,26,9,15,60
8,27,9,15,60
8,28,8,15,60
8,29,9,15,60
8,30,8,15,60
8,31,8,15,60
8,32,9,15,60
8,33,9,15,60
8,34,9,15,60
8,35,9,15,60
8,36,9,15,60
8,37,9,15,60
8,38,9,15,60
8,39,9,15,60
8,40,8,15,60
8,41,9,15,60
8,42,9,15,60
8,43,9,15,60
8,44,9,15,60
8,45,8,15,60
8,46,9,15,60
8,47,9,15,60
8,48,9,15,60
8,49,7,15,60
8,50,8,15,60
8,51,8,15,60
9,0,7,15,60
9,1,8,15,60
9,2,8,15,60
9,3,8,15,60
9,4,9,15,60
9,5,10,15,60
9,6,9,15,60
9,7,9,15,60
9,8,10,15,60
9,9,10,15,60
9,10,9,15,60
9,11,8,15,60
9,12,9,15,60
9,13,9,15,60
9,14,9,15,60
9,15,9,15,60
9,16,9,15,60
9,17,10,15,60
9,18,9,15,60
9,19,9,15,60
9,20,9,15,60
9,21,9,15,60
9,22,9,15,60
9,23,8,15,60
9,24,8,15,60
9,25,7,15,60
9,26,8,15,60
9,27,8,15,60
9,28,8,15,60
9,29,7,15,60
9,30,8,15,60
9,31,8,15,60
9,32,9,15,60
9,33,7,15,60
9,34,8,15,60
9,35,9,15,60
9,36,9,15,60
9,37,8,15,60
9,38,8,15,60
9,39,9,15,60
9,40,7,15,60
9,41,8,15,60
9,42,8,15,60
9,43,10,15,60
9,44,8,15,60
9,45,8,15,60
9,46,9,15,60
9,47,8,15,60
9,48,10,15,60
9,49,9,15,60
9,50,9,15,60
9,51,9,15,60
10,0,9,15,60
10,1,9,15,60
10,2,9,15,60
10,3,9,15,60
10,4,8,15,60
10,5,8,15,60
10,6,8,15,60
10,7,8,15,60
10,8,9,15,60
10,9,8,15,60
10,10,9,15,60
10,11,9,15,60
10,12,9,15,60
10,13,8,15,60
10,14,9,15,60
10,15,9,15,60
10,16,10,15,60
10,17,10,15,60
10,18,10,15,60
10,19,9,15,60
10,20,7,15,60
10,21,8,15,60
10,22,7,15,60
10,23,8,15,60
10,24,8,15,60
10,25,9,15,60
10,26,8,15,60
10,27,9,15,60
10,28,9,15,60
10,29,8,15,60
10,30,9,15,60
10,31,10,15,60
10,32,9,15,60
10,33,8,15,60
10,34,7,15,60
10,35,8,15,60
10,36,8,15,60
10,37,8,15,60
10,38,8,15,60
10,39,8,15,60
10,40,8,15,60
10,41,9,15,60
10,42,8,15,60
10,43,8,15,60
10,44,8,15,60
10,45,10,15,60
10,46,9,15,60
10,47,9,15,60
10,48,10,15,60
10,49,9,15,60
10,50,8,15,60
10,51,9,15,60
11,0,10,15,60
11,1,9,15,60
11,2,9,15,60
11,3,9,15,60
11,4,8,15,60
11,5,9,15,60
11,6,9,15,60
11,7,8,15,60
11,8,8,15,60
11,9,8,15,60
11,10,8,15,60
11,11,9,15,60
11,12,7,15,60
11,13,8,15,60
11,14,8,15,60
11,15,9,15,60
11,16,9,15,60
11,17,8,15,60
11,18,8,15,60
11,19,9,15,60
11,20,8,15,60
11,21,8,15,60
11,22,8,15,60
11,23,9,15,60
11,24,9,15,60
11,25,9,15,60
11,26,9,15,60
11,27,8,15,60
11,28,7,15,60
11,29,8,15,60
11,30,9,15,60
11,31,8,15,60
11,32,9,15,60
11,33,11,15,60
11,34,9,15,60
11,35,9,15,60
11,36,7,15,60
11,37,8,15,60
11,38,8,15,60
11,39,9,15,60
11,40,9,15,60
11,41,10,15,60
11,42,9,15,60
11,43,8,15,60
11,44,9,15,60
11,45,8,15,60
11,46,8,15,60
11,47,8,15,60
11,48,9,15,60
11,49,8,15,60
11,50,8,15,60
11,51,7,15,60
12,0,9,15,60
12,1,9,15,60
12,2,8,15,60
12,3,10,15,60
12,4,8,15,60
12,5,8,15,60
12,6,8,15,60
12,7,9,15,60
12,8,9,15,60
12,9,8,15,60
12,10,8,15,60
12,11,9,15,60
12,12,8,15,60
12,13,9,15,60
12,14,8,15,60
12,15,8,15,60
12,16,9,15,60
12,17,7,15,60
12,18,8,15,60
12,19,8,15,60
12,20,7,15,60
12,21,8,15,60
12,22,8,15,60
12,23,8,15,60
12,24,8,15,60
12,25,8,15,60
12,26,9,15,60
12,27,9,15,60
12,28,8,15,60
12,29,9,15,60
12,30,9,15,60
12,31,9,15,60
12,32,8,15,60
12,33,9,15,60
12,34,8,15,60
12,35,8,15,60
12,36,7,15,60
12,37,9,15,60
12,38,10,15,60
12,39,9,15,60
12,40,9,15,60
12,41,7,15,60
12,42,8,15,60
12,43,7,15,60
12,44,8,15,60
12,45,8,15,60
12,46,9,15,60
12,47,8,15,60
12,48,8,15,60
12,49,9,15,60
12,50,10,15,60
12,51,9,15,60
13,0,9,15,60
13,1,10,15,60
13,2,9,15,60
13,3,9,15,60
13,4,9,15,60
13,5,8,15,60
13,6,9,15,60
13,7,8,15,60
13,8,8,15,60
13,9,8,15,60
13,10,8,15,60
13,11,9,15,60
13,12,9,15,60
13,13,8,15,60
13,14,10,15,60
13,15,10,15,60
13,16,10,15,60
13,17,9,15,60
13,18,8,15,60
13,19,10,15,60
13,20,10,15,60
13,21,9,15,60
13,22,8,15,60
13,23,7,15,60
13,24,8,15,60
13,25,8,15,60
13,26,9,15,60
13,27,9,15,60
13,28,9,15,60
13,29,10,15,60
13,30,9,15,60
13,31,9,15,60
13,32,8,15,60
13,33,8,15,60
13,34,8,15,60
13,35,7,15,60
13,36,9,15,60
13,37,9,15,60
13,38,9,15,60
13,39,9,15,60
13,40,10,15,60
13,41,9,15,60
13,42,10,15,60
13,43,9,15,60
13,44,9,15,60
13,45,9,15,60
13,46,9,15,60
13,47,8,15,60
13,48,9,15,60
13,49,9,15,60
13,50,9,15,60
13,51,9,15,60
14,0,10,15,60
14,1,9,15,60
14,2,7,15,60
14,3,7,15,60
14,4,8,15,60
14,5,8,15,60
14,6,9,15,60
14,7,9,15,60
14,8,9,15,60
14,9,9,15,60
14,10,8,15,60
14,11,9,15,60
14,12,9,15,60
14,13,9,15,60
14,14,8,15,60
14,15,8,15,60
14,16,8,15,60
14,17,9,15,60
14,18,8,15,60
14,19,9,15,60
14,20,9,15,60
14,21,9,15,60
14,22,8,15,60
14,23,8,15,60
14,24,8,15,60
14,25,8,15,60
14,26,8,15,60
14,27,8,15,60
14,28,7,15,60
14,29,9,15,60
14,30,9,15,60
14,31,9,15,60
14,32,9,15,60
14,33,9,15,60
14,34,7,15,60
14,35,8,15,60
14,36,10,15,60
14,37,9,15,60
14,38,9,15,60
14,39,8,15,60
14,40,9,15,60
14,41,9,15,60
14,42,8,15,60
14,43,8,15,60
14,44,8,15,60
14,45,8,15,60
14,46,9,15,60
14,47,7,15,60
14,48,8,15,60
14,49,9,15,60
14,50,9,15,60
14,51,10,15,60
15,0,8,15,60
15,1,8,15,60
15,2,8,15,60
15,3,8,15,60
15,4,8,15,60
15,5,7,15,60
15,6,8,15,60
15,7,8,15,60
15,8,9,15,60
15,9,9,15,60
15,10,7,15,60
15,11,8,15,60
15,12,8,15,60
15,13,7,15,60
15,14,9,15,60
15,15,9,15,60
15,16,9,15,60
15,17,9,15,60
15,18,10,15,60
15,19,10,15,60
15,20,9,15,60
15,21,9,15,60
15,22,10,15,60
15,23,10,15,60
15,24,9,15,60
15,25,8,15,60
15,26,8,15,60
15,27,8,15,60
15,28,9,15,60
15,29,8,15,60
15,30,8,15,60
15,31,9,15,60
15,32,10,15,60
15,33,9,15,60
15,34,9,15,60
15,35,9,15,60
15,36,9,15,60
15,37,8,15,60
15,38,9,15,60
15,39,8,15,60
15,40,8,15,60
15,41,9,15,60
15,42,8,15,60
15,43,7,15,60
15,44,9,15,60
15,45,9,15,60
15,46,8,15,60
15,47,8,15,60
15,48,8,15,60
15,49,9,15,60
15,50,7,15,60
15,51,8,15,60
16,0,8,15,60
16,1,8,15,60
16,2,8,15,60
16,3,9,15,60
16,4,9,15,60
16,5,9,15,60
16,6,9,15,60
16,7,10,15,60
16,8,10,15,60
16,9,9,15,60
16,10,9,15,60
16,11,7,15,60
16,12,8,15,60
16,13,9,15,60
16,14,9,15,60
16,15,10,15,60
16,16,8,15,60
16,17,10,15,60
16,18,8,15,60
16,19,10,15,60
16,20,9,15,60
16,21,10,15,60
16,22,9,15,60
16,23,7,15,60
16,24,8,15,60
16,25,9,15,60
16,26,9,15,60
16,27,8,15,60
16,28,8,15,60
16,29,9,15,60
16,30,10,15,60
16,31,9,15,60
16,32,9,15,60
16,33,8,15,60
16,34,8,15,60
16,35,8,15,60
16,36,9,15,60
16,37,9,15,60
16,38,7,15,60
16,39,9,15,60
16,40,9,15,60
16,41,8,15,60
16,42,8,15,60
16,43,8,15,60
16,44,9,15,60
16,45,9,15,60
16,46,9,15,60
16,47,9,15,60
16,48,8,15,60
16,49,10,15,60
16,50,9,15,60
16,51,9,15,60
17,0,9,15,60
17,1,9,15,60
17,2,9,15,60
17,3,8,15,60
17,4,9,15,60
17,5,8,15,60
17,6,8,15,60
17,7,8,15,60
17,8,9,15,60
17,9,8,15,60
17,10,10,15,60
17,11,9,15,60
17,12,7,15,60
17,13,9,15,60
17,14,8,15,60
17,15,9,15,60
17,16,8,15,60
17,17,8,15,60
17,18,9,15,60
17,19,8,15,60
17,20,9,15,60
17,21,8,15,60
17,22,9,15,60
17,23,9,15,60
17,24,8,15,60
17,25,7,15,60
17,26,8,15,60
17,27,10,15,60
17,28,10,15,60
17,29,10,15,60
17,30,10,15,60
17,31,9,15,60
17,32,9,15,60
17,33,9,15,60
17,34,8,15,60
17,35,8,15,60
17,36,9,15,60
17,37,9,15,60
17,38,9,15,60
17,39,8,15,60
17,40,10,15,60
17,41,9,15,60
17,42,8,15,60
17,43,8,15,60
17,44,8,15,60
17,45,8,15,60
17,46,8,15,60
17,47,8,15,60
17,48,8,15,60
17,49,8,15,60
17,50,9,15,60
17,51,8,15,60
18,0,8,15,60
18,1,8,15,60
18,2,9,15,60
18,3,9,15,60
18,4,8,15,60
18,5,10,15,60
18,6,9,15,60
18,7,8,15,60
18,8,8,15,60
18,9,8,15,60
18,10,9,15,60
18,11,8,15,60
18,12,8,15,60
18,13,8,15,60
18,14,9,15,60
18,15,9,15,60
18,16,8,15,60
18,17,9,15,60
18,18,9,15,60
18,19,9,15,60
18,20,8,15,60
18,21,10,15,60
18,22,10,15,60
18,23,9,15,60
18,24,9,15,60
18,25,10,15,60
18,26,10,15,60
18,27,8,15,60
18,28,8,15,60
18,29,10,15,60
18,30,10,15,60
18,31,11,15,60
18,32,10,15,60
18,33,8,15,60
18,34,8,15,60
18,35,8,15,60
18,36,8,15,60
18,37,8,15,60
18,38,8,15,60
18,39,8,15,60
18,40,8,15,60
18,41,8,15,60
18,42,8,15,60
18,43,10,15,60
18,44,8,15,60
18,45,7,15,60
18,46,8,15,60
18,47,9,15,60
18,48,9,15,60
18,49,9,15,60
18,50,9,15,60
18,51,9,15,60
19,0,8,15,60
19,1,10,15,60
19,2,8,15,60
19,3,9,15,60
19,4,8,15,60
19,5,8,15,60
19,6,8,15,60
19,7,8,15,60
19,8,9,15,60
19,9,9,15,60
19,10,9,15,60
19,11,8,15,60
19,12,9,15,60
19,13,8,15,60
19,14,8,15,60
19,15,8,15,60
19,16,8,15,60
19,17,7,15,60
19,18,6,15,60
19,19,8,15,60
19,20,7,15,60
19,21,8,15,60
19,22,10,15,60
19,23,10,15,60
19,24,8,15,60
19,25,8,15,60
19,26,8,15,60
19,27,8,15,60
19,28,8,15,60
19,29,10,15,60
19,30,9,15,60
19,31,8,15,60
19,32,8,15,60
19,33,9,15,60
19,34,9,15,60
19,35,9,15,60
19,36,9,15,60
19,37,9,15,60
19,38,8,15,60
19,39,8,15,60
19,40,8,15,60
19,41,8,15,60
19,42,10,15,60
19,43,7,15,60
19,44,8,15,60
19,45,8,15,60
19,46,10,15,60
19,47,8,15,60
19,48,8,15,60
19,49,6,15,60
19,50,8,15,60
19,51,8,15,60
20,0,9,15,60
20,1,8,15,60
20,2,8,15,60
20,3,9,15,60
20,4,8,15,60
20,5,7,15,60
20,6,8,15,60
20,7,10,15,60
20,8,9,15,60
20,9,9,15,60
20,10,9,15,60
20,11,8,15,60
20,12,7,15,60
20,13,9,15,60
20,14,8,15,60
20,15,8,15,60
20,16,9,15,60
20,17,8,15,60
20,18,8,15,60
20,19,9,15,60
20,20,8,15,60
20,21,8,15,60
20,22,8,15,60
20,23,8,15,60
20,24,9,15,60
20,25,8,15,60
20,26,8,15,60
20,27,8,15,60
20,28,9,15,60
20,29,8,15,60
20,30,9,15,60
20,31,7,15,60
20,32,9,15,60
20,33,9,15,60
20,34,9,15,60
20,35,8,15,60
20,36,8,15,60
20,37,9,15,60
20,38,9,15,60
20,39,9,15,60
20,40,8,15,60
20,41,8,15,60
20,42,9,15,60
20,43,8,15,60
20,44,8,15,60
20,45,7,15,60
20,46,8,15,60
20,47,8,15,60
20,48,10,15,60
20,49,10,15,60
20,50,9,15,60
20,51,8,15,60
21,0,9,15,60
21,1,9,15,60
21,2,7,15,60
21,3,8,15,60
21,4,8,15,60
21,5,9,15,60
21,6,9,15,60
21,7,9,15,60
21,8,9,15,60
21,9,9,15,60
21,10,9,15,60
21,11,8,15,60
21,12,9,15,60
21,13,8,15,60
21,14,9,15,60
21,15,9,15,60
21,16,8,15,60
21,17,9,15,60
21,18,9,15,60
21,19,7,15,60
21,20,8,15,60
21,21,7,15,60
21,22,8,15,60
21,23,9,15,60
21,24,8,15,60
21,25,8,15,60
21,26,8,15,60
21,27,9,15,60
21,28,8,15,60
21,29,10,15,60
21,30,9,15,60
21,31,9,15,60
21,32,9,15,60
21,33,8,15,60
21,34,10,15,60
21,35,9,15,60
21,36,8,15,60
21,37,9,15,60
21,38,9,15,60
21,39,8,15,60
21,40,9,15,60
21,41,8,15,60
21,42,9,15,60
21,43,8,15,60
21,44,9,15,60
21,45,8,15,60
21,46,9,15,60
21,47,8,15,60
21,48,8,15,60
21,49,10,15,60
21,50,9,15,60
21,51,8,15,60
22,0,9,15,60
22,1,9,15,60
22,2,10,15,60
22,3,10,15,60
22,4,9,15,60
22,5,8,15,60
22,6,8,15,60
22,7,8,15,60
22,8,9,15,60
22,9,7,15,60
22,10,8,15,60
22,11,8,15,60
22,12,9,15,60
22,13,8,15,60
22,14,9,15,60
22,15,10,15,60
22,16,10,15,60
22,17,9,15,60
22,18,8,15,60
22,19,9,15,60
22,20,9,15,60
22,21,9,15,60
22,22,10,15,60
22,23,9,15,60
22,24,7,15,60
22,25,7,15,60
22,26,7,15,60
22,27,8,15,60
22,28,8,15,60
22,29,7,15,60
22,30,8,15,60
22,31,8,15,60
22,32,8,15,60
22,33,9,15,60
22,34,9,15,60
22,35,8,15,60
22,36,9,15,60
22,37,8,15,60
22,38,8,15,60
22,39,7,15,60
22,40,9,15,60
22,41,9,15,60
22,42,9,15,60
22,43,9,15,60
22,44,9,15,60
22,45,8,15,60
22,46,8,15,60
22,47,8,15,60
22,48,8,15,60
22,49,8,15,60
22,50,9,15,60
22,51,9,15,60
23,0,8,15,60
23,1,8,15,60
23,2,9,15,60
23,3,9,15,60
23,4,7,15,60
23,5,8,15,60
23,6,8,15,60
23,7,9,15,60
23,8,10,15,60
23,9,9,15,60
23,10,9,15,60
23,11,9,15,60
23,12,9,15,60
23,13,9,15,60
23,14,9,15,60
23,15,7,15,60
23,16,8,15,60
23,17,8,15,60
23,18,9,15,60
23,19,9,15,60
23,20,7,15,60
23,21,8,15,60
23,22,7,15,60
23,23,8,15,60
23,24,8,15,60
23,25,9,15,60
23,26,9,15,60
23,27,9,15,60
23,28,9,15,60
23,29,8,15,60
23,30,9,15,60
23,31,9,15,60
23,32,10,15,60
23,33,8,15,60
23,34,8,15,60
23,35,7,15,60
23,36,8,15,60
23,37,9,15,60
23,38,10,15,60
23,39,8,15,60
23,40,8,15,60
23,41,9,15,60
23,42,8,15,60
23,43,9,15,60
23,44,8,15,60
23,45,8,15,60
23,46,8,15,60
23,47,8,15,60
23,48,8,15,60
23,49,10,15,60
23,50,9,15,60
23,51,8,15,60
24,0,9,15,60
24,1,10,15,60
24,2,10,15,60
24,3,10,15,60
24,4,9,15,60
24,5,7,15,60
24,6,7,15,60
24,7,8,15,60
24,8,9,15,60
24,9,9,15,60
24,10,10,15,60
24,11,9,15,60
24,12,9,15,60
24,13,9,15,60
24,14,9,15,60
24,15,9,15,60
24,16,8,15,60
24,17,8,15,60
24,18,7,15,60
24,19,8,15,60
24,20,7,15,60
24,21,8,15,60
24,22,9,15,60
24,23,8,15,60
24,24,8,15,60
24,25,8,15,60
24,26,9,15,60
24,27,9,15,60
24,28,9,15,60
24,29,8,15,60
24,30,8,15,60
24,31,8,15,60
24,32,8,15,60
24,33,8,15,60
24,34,8,15,60
24,35,9,15,60
24,36,8,15,60
24,37,8,15,60
24,38,8,15,60
24,39,8,15,60
24,40,8,15,60
24,41,9,15,60
24,42,8,15,60
24,43,9,15,60
24,44,9,15,60
24,45,7,15,60
24,46,8,15,60
24,47,9,15,60
24,48,10,15,60
24,49,8,15,60
24,50,10,15,60
24,51,9,15,60
25,0,8,15,60
25,1,8,15,60
25,2,9,15,60
25,3,8,15,60
25,4,9,15,60
25,5,8,15,60
25,6,9,15,60
25,7,9,15,60
25,8,10,15,60
25,9,8,15,60
25,10,9,15,60
25,11,8,15,60
25,12,9,15,60
25,13,9,15,60
25,14,9,15,60
25,15,8,15,60
25,16,9,15,60
25,17,9,15,60
25,18,9,15,60
25,19,8,15,60
25,20,9,15,60
25,21,9,15,60
25,22,9,15,60
25,23,10,15,60
25,24,9,15,60
25,25,9,15,60
25,26,9,15,60
25,27,9,15,60
25,28,8,15,60
25,29,8,15,60
25,30,9,15,60
25,31,10,15,60
25,32,9,15,60
25,33,8,15,60
25,34,7,15,60
25,35,7,15,60
25,36,8,15,60
25,37,8,15,60
25,38,7,15,60
25,39,9,15,60
25,40,8,15,60
25,41,8,15,60
25,42,9,15,60
25,43,8,15,60
25,44,8,15,60
25,45,9,15,60
25,46,9,15,60
25,47,7,15,60
25,48,8,15,60
25,49,8,15,60
25,50,9,15,60
25,51,10,15,60
26,0,9,15,60
26,1,9,15,60
26,2,7,15,60
26,3,7,15,60
26,4,8,15,60
26,5,8,15,60
26,6,9,15,60
26,7,9,15,60
26,8,9,15,60
26,9,8,15,60
26,10,8,15,60
26,11,8,15,60
26,12,8,15,60
26,13,9,15,60
26,14,8,15,60
26,15,9,15,60
26,16,8,15,60
26,17,9,15,60
26,18,8,15,60
26,19,9,15,60
26,20,8,15,60
26,21,11,15,60
26,22,9,15,60
26,23,9,15,60
26,24,7,15,60
26,25,8,15,60
26,26,8,15,60
26,27,8,15,60
26,28,9,15,60
26,29,8,15,60
26,30,8,15,60
26,31,9,15,60
26,32,9,15,60
26,33,8,15,60
26,34,9,15,60
26,35,9,15,60
26,36,9,15,60
26,37,9,15,60
26,38,9,15,60
26,39,9,15,60
26,40,8,15,60
26,41,8,15,60
26,42,9,15,60
26,43,8,15,60
26,44,9,15,60
26,45,9,15,60
26,46,9,15,60
26,47,11,15,60
26,48,7,15,60
26,49,8,15,60
26,50,7,15,60
26,51,8,15,60
27,0,8,15,60
27,1,9,15,60
27,2,8,15,60
27,3,8,15,60
27,4,9,15,60
27,5,9,15,60
27,6,9,15,60
27,7,10,15,60
27,8,9,15,60
27,9,9,15,60
27,10,9,15,60
27,11,9,15,60
27,12,9,15,60
27,13,8,15,60
27,14,7,15,60
27,15,8,15,60
27,16,8,15,60
27,17,8,15,60
27,18,7,15,60
27,19,8,15,60
27,20,8,15,60
27,21,8,15,60
27,22,8,15,60
27,23,10,15,60
27,24,9,15,60
27,25,10,15,60
27,26,9,15,60
27,27,9,15,60
27,28,8,15,60
27,29,10,15,60
27,30,9,15,60
27,31,9,15,60
27,32,7,15,60
27,33,8,15,60
27,34,9,15,60
27,35,9,15,60
27,36,9,15,60
27,37,8,15,60
27,38,8,15,60
27,39,8,15,60
27,40,8,15,60
27,41,8,15,60
27,42,9,15,60
27,43,8,15,60
27,44,9,15,60
27,45,8,15,60
27,46,9,15,60
27,47,9,15,60
27,48,9,15,60
27,49,9,15,60
27,50,9,15,60
27,51,7,15,60
28,0,9,15,60
28,1,8,15,60
28,2,8,15,60
28,3,7,15,60
28,4,8,15,60
28,5,8,15,60
28,6,9,15,60
28,7,9,15,60
28,8,10,15,60
28,9,9,15,60
28,10,9,15,60
28,11,8,15,60
28,12,7,15,60
28,13,8,15,60
28,14,8,15,60
28,15,9,15,60
28,16,8,15,60
28,17,9,15,60
28,18,9,15,60
28,19,8,15,60
28,20,8,15,60
28,21,9,15,60
28,22,8,15,60
28,23,9,15,60
28,24,8,15,60
28,25,9,15,60
28,26,9,15,60
28,27,7,15,60
28,28,8,15,60
28,29,9,15,60
28,30,8,15,60
28,31,10,15,60
28,32,8,15,60
28,33,8,15,60
28,34,9,15,60
28,35,9,15,60
28,36,9,15,60
28,37,9,15,60
28,38,9,15,60
28,39,8,15,60
28,40,8,15,60
28,41,8,15,60
28,42,9,15,60
28,43,8,15,60
28,44,9,15,60
28,45,9,15,60
28,46,9,15,60
28,47,9,15,60
28,48,9,15,60
28,49,8,15,60
28,50,8,15,60
28,51,8,15,60
29,0,10,15,60
29,1,9,15,60
29,2,9,15,60
29,3,9,15,60
29,4,10,15,60
29,5,8,15,60
29,6,8,15,60
29,7,9,15,60
29,8,8,15,60
29,9,8,15,60
29,10,8,15,60
29,11,8,15,60
29,12,8,15,60
29,13,8,15,60
29,14,9,15,60
29,15,10,15,60
29,16,9,15,60
29,17,9,15,60
29,18,7,15,60
29,19,8,15,60
29,20,8,15,60
29,21,8,15,60
29,22,8,15,60
29,23,9,15,60
29,24,8,15,60
29,25,8,15,60
29,26,10,15,60
29,27,9,15,60
29,28,9,15,60
29,29,11,15,60
29,30,9,15,60
29,31,9,15,60
29,32,8,15,60
29,33,8,15,60
29,34,9,15,60
29,35,9,15,60
29,36,8,15,60
29,37,9,15,60
29,38,9,15,60
29,39,8,15,60
29,40,10,15,60
29,41,8,15,60
29,42,8,15,60
29,43,8,15,60
29,44,9,15,60
29,45,9,15,60
29,46,8,15,60
29,47,6,15,60
29,48,8,15,60
29,49,8,15,60
29,50,9,15,60
29,51,9,15,60
30,0,9,15,60
30,1,9,15,60
30,2,9,15,60
30,3,8,15,60
30,4,8,15,60
30,5,8,15,60
30,6,8,15,60
30,7,8,15,60
30,8,9,15,60
30,9,9,15,60
30,10,9,15,60
30,11,8,15,60
30,12,9,15,60
30,13,8,15,60
30,14,9,15,60
30,15,7,15,60
30,16,8,15,60
30,17,8,15,60
30,18,7,15,60
30,19,7,15,60
30,20,9,15,60
30,21,9,15,60
30,22,9,15,60
30,23,10,15,60
30,24,10,15,60
30,25,10,15,60
30,26,8,15,60
30,27,8,15,60
30,28,8,15,60
30,29,8,15,60
30,30,9,15,60
30,31,10,15,60
30,32,10,15,60
30,33,8,15,60
30,34,9,15,60
30,35,8,15,60
30,36,9,15,60
30,37,8,15,60
30,38,8,15,60
30,39,8,15,60
30,40,9,15,60
30,41,8,15,60
30,42,8,15,60
30,43,8,15,60
30,44,8,15,60
30,45,7,15,60
30,46,8,15,60
30,47,8,15,60
30,48,8,15,60
30,49,8,15,60
30,50,8,15,60
30,51,8,15,60
