"sim_number","transfer","time","strain1","strain2","clusters_pop1_b","clusters_pop2_b","cells_pop1_b","cells_pop2_b","total_clusters_b","total_cells_b","clusters_pop1_a","clusters_pop2_a","cells_pop1_a","cells_pop2_a","total_clusters_a","total_cells_a","carr_cap"
38,1,755,"petite","second",1,1,144,89,2,233,52,32,5128,5123,84,10251,"10k"
8,1,730,"petite","second",1,1,61,161,2,222,19,53,1992,8090,72,10082,"10k"
39,1,750,"petite","second",1,1,120,106,2,226,44,40,4254,5860,84,10114,"10k"
23,1,760,"petite","second",1,1,79,118,2,197,32,45,3097,6977,77,10074,"10k"
5,1,775,"petite","second",1,1,81,101,2,182,31,42,3313,6770,73,10083,"10k"
16,1,735,"petite","second",1,1,88,140,2,228,29,48,3003,7175,77,10178,"10k"
35,1,700,"petite","second",1,1,83,192,2,275,25,46,2264,7908,71,10172,"10k"
35,2,660,"petite","second",1,1,81,247,2,328,19,56,1934,8333,75,10267,"10k"
35,3,625,"petite","second",1,1,82,297,2,379,17,54,1650,8539,71,10189,"10k"
14,1,735,"petite","second",1,1,95,133,2,228,29,49,3190,6932,78,10122,"10k"
14,2,770,"petite","second",1,1,59,118,2,177,25,47,2559,7534,72,10093,"10k"
14,3,690,"petite","second",1,1,84,203,2,287,20,46,2284,7791,66,10075,"10k"
3,1,630,"petite","second",1,1,142,264,2,406,28,48,2763,7434,76,10197,"10k"
3,2,670,"petite","second",1,1,70,233,2,303,18,49,1871,8214,67,10085,"10k"
36,1,705,"petite","second",1,1,116,153,2,269,35,44,3391,6609,79,10000,"10k"
19,1,725,"petite","second",1,1,141,115,2,256,45,37,4333,5890,82,10223,"10k"
4,1,725,"petite","second",1,1,109,139,2,248,38,44,3423,6825,82,10248,"10k"
4,2,770,"petite","second",1,1,84,113,2,197,32,51,3485,6796,83,10281,"10k"
1,1,720,"petite","second",1,1,135,128,2,263,42,37,4070,6148,79,10218,"10k"
34,1,775,"petite","second",1,1,154,62,2,216,64,26,6108,4089,90,10197,"10k"
34,2,635,"petite","second",1,1,94,281,2,375,20,51,1957,8137,71,10094,"10k"
28,1,695,"petite","second",1,1,113,166,2,279,33,47,3023,7108,80,10131,"10k"
15,1,755,"petite","second",1,1,97,112,2,209,34,45,3642,6583,79,10225,"10k"
21,1,660,"petite","second",1,1,65,254,2,319,16,49,1447,8654,65,10101,"10k"
25,1,755,"petite","second",2,1,122,96,3,218,40,35,4498,5714,75,10212,"10k"
25,2,765,"petite","second",1,1,113,87,2,200,47,36,4694,5408,83,10102,"10k"
31,1,830,"petite","second",1,1,100,56,2,156,55,32,5168,5044,87,10212,"10k"
12,1,680,"petite","second",1,1,77,218,2,295,20,57,1909,8203,77,10112,"10k"
9,1,705,"petite","second",1,1,103,161,2,264,34,47,3019,7055,81,10074,"10k"
29,1,820,"petite","second",1,1,82,69,2,151,43,31,4276,5884,74,10160,"10k"
45,1,755,"petite","second",1,1,88,121,2,209,33,47,3355,6955,80,10310,"10k"
37,1,740,"petite","second",1,1,123,112,2,235,45,38,4279,5813,83,10092,"10k"
42,1,715,"petite","second",1,1,159,118,2,277,49,34,4747,5474,83,10221,"10k"
22,1,725,"petite","second",1,1,152,107,2,259,41,37,4701,5444,78,10145,"10k"
18,1,755,"petite","second",1,1,104,106,2,210,41,39,3675,6475,80,10150,"10k"
41,1,650,"petite","second",1,1,173,195,2,368,39,43,3752,6351,82,10103,"10k"
41,2,705,"petite","second",1,1,89,171,2,260,28,43,2778,7382,71,10160,"10k"
41,3,825,"petite","second",1,1,70,71,2,141,40,40,4029,6112,80,10141,"10k"
40,1,705,"petite","second",1,1,132,153,2,285,38,45,3657,6523,83,10180,"10k"
6,1,655,"petite","second",1,1,75,262,2,337,17,50,1613,8648,67,10261,"10k"
46,1,795,"petite","second",2,1,100,77,3,177,43,33,4460,5615,76,10075,"10k"
43,1,815,"petite","second",1,1,94,67,2,161,51,34,4669,5587,85,10256,"10k"
44,1,785,"petite","second",1,1,135,71,2,206,53,29,5547,4706,82,10253,"10k"
2,1,820,"petite","second",1,1,99,59,2,158,56,34,5034,5160,90,10194,"10k"
48,1,770,"petite","second",1,1,108,94,2,202,41,42,4358,5926,83,10284,"10k"
10,1,690,"petite","second",1,1,52,214,2,266,13,57,1467,8668,70,10135,"10k"
10,2,765,"petite","second",1,1,119,84,2,203,52,35,4950,5176,87,10126,"10k"
32,1,635,"petite","second",1,1,129,264,2,393,24,49,2509,7567,73,10076,"10k"
7,1,755,"petite","second",1,1,57,140,2,197,21,41,1914,8360,62,10274,"10k"
33,1,730,"petite","second",1,1,112,128,2,240,35,40,3687,6459,75,10146,"10k"
30,1,705,"petite","second",1,1,146,143,2,289,39,41,3976,6209,80,10185,"10k"
27,1,670,"petite","second",1,1,122,198,2,320,29,50,2872,7159,79,10031,"10k"
47,1,655,"petite","second",1,1,186,188,2,374,41,44,4107,6138,85,10245,"10k"
49,1,860,"petite","second",1,1,69,58,2,127,44,39,4335,5904,83,10239,"10k"
24,1,805,"petite","second",1,1,108,63,2,171,50,37,5161,4997,87,10158,"10k"
20,1,670,"petite","second",1,1,78,229,2,307,19,53,1870,8328,72,10198,"10k"
26,1,690,"petite","second",1,1,70,210,2,280,20,53,1835,8310,73,10145,"10k"
17,1,760,"petite","second",1,1,148,79,2,227,52,30,5452,4619,82,10071,"10k"
11,1,690,"petite","second",1,1,79,203,2,282,22,48,2075,7957,70,10032,"10k"
50,1,775,"petite","second",1,1,96,101,2,197,42,36,3967,6334,78,10301,"10k"
50,2,670,"petite","second",1,1,73,237,2,310,19,53,1885,8407,72,10292,"10k"
13,1,740,"petite","second",1,1,94,129,2,223,34,48,3243,6765,82,10008,"10k"
38,1,870,"petite","second",5,3,531,566,8,1097,359,445,35442,64683,804,100125,"100k"
38,2,865,"petite","second",3,5,292,734,8,1026,199,528,20590,80607,727,101197,"100k"
38,3,860,"petite","second",3,5,250,799,8,1049,169,580,16793,85503,749,102296,"100k"
38,4,840,"petite","second",2,6,137,969,8,1106,87,603,8348,92944,690,101292,"100k"
38,5,845,"petite","second",1,7,67,1002,8,1069,42,649,4475,98178,691,102653,"100k"
8,1,880,"petite","second",6,4,519,518,10,1037,376,422,36678,63347,798,100025,"100k"
39,1,875,"petite","second",5,3,600,514,8,1114,428,397,40675,60051,825,100726,"100k"
39,2,870,"petite","second",5,5,497,580,10,1077,364,443,35978,66828,807,102806,"100k"
39,3,875,"petite","second",4,4,369,651,8,1020,264,502,27062,75372,766,102434,"100k"
39,4,855,"petite","second",1,8,102,921,9,1023,71,637,6761,95493,708,102254,"100k"
23,1,865,"petite","second",5,4,552,600,9,1152,372,438,35746,66998,810,102744,"100k"
23,2,885,"petite","second",5,3,615,435,8,1050,482,346,47700,53064,828,100764,"100k"
23,3,860,"petite","second",3,6,244,787,9,1031,165,555,16439,84501,720,100940,"100k"
23,4,870,"petite","second",5,4,459,594,9,1053,354,428,33612,67806,782,101418,"100k"
23,5,850,"petite","second",3,4,404,751,7,1155,269,474,26176,75045,743,101221,"100k"
23,6,840,"petite","second",2,5,158,948,7,1106,99,583,9716,90856,682,100572,"100k"
5,1,890,"petite","second",4,3,502,520,7,1022,366,417,37021,65575,783,102596,"100k"
5,2,875,"petite","second",5,4,503,551,9,1054,377,429,36864,63491,806,100355,"100k"
5,3,875,"petite","second",4,3,393,619,7,1012,297,473,28610,72381,770,100991,"100k"
5,4,835,"petite","second",1,6,153,1011,7,1164,96,576,9262,92626,672,101888,"100k"
16,1,875,"petite","second",6,5,591,551,11,1142,410,409,39951,62650,819,102601,"100k"
16,2,850,"petite","second",1,6,59,946,7,1005,38,633,3773,96490,671,100263,"100k"
35,1,850,"petite","second",7,5,542,673,12,1215,348,434,32745,67518,782,100263,"100k"
35,2,885,"petite","second",5,3,570,478,8,1048,445,378,44162,58482,823,102644,"100k"
35,3,855,"petite","second",4,4,294,794,8,1088,197,542,19835,81500,739,101335,"100k"
35,4,850,"petite","second",1,7,61,981,8,1042,40,644,4022,98131,684,102153,"100k"
14,1,880,"petite","second",6,4,516,549,10,1065,371,437,36535,65354,808,101889,"100k"
14,2,830,"petite","second",1,8,138,1026,9,1164,84,605,7841,92159,689,100000,"100k"
14,3,840,"petite","second",1,6,117,976,7,1093,76,596,7400,92741,672,100141,"100k"
14,4,840,"petite","second",1,5,108,1010,6,1118,64,637,6573,95806,701,102379,"100k"
14,5,855,"petite","second",2,4,234,852,6,1086,151,579,15150,87596,730,102746,"100k"
14,6,850,"petite","second",2,5,245,853,7,1098,163,545,15800,85323,708,101123,"100k"
14,7,860,"petite","second",1,4,141,872,5,1013,100,596,9347,92088,696,101435,"100k"
14,8,845,"petite","second",1,9,75,979,10,1054,50,646,4700,97173,696,101873,"100k"
3,1,865,"petite","second",6,3,574,590,9,1164,373,420,37364,64908,793,102272,"100k"
3,2,845,"petite","second",4,6,414,761,10,1175,262,484,26347,73967,746,100314,"100k"
3,3,845,"petite","second",2,7,188,913,9,1101,120,595,11826,89158,715,100984,"100k"
3,4,865,"petite","second",3,4,325,702,7,1027,238,511,22629,77394,749,100023,"100k"
3,5,850,"petite","second",2,6,154,907,8,1061,105,601,9899,91575,706,101474,"100k"
3,6,845,"petite","second",1,5,109,985,6,1094,71,628,6916,95670,699,102586,"100k"
3,7,840,"petite","second",1,5,133,973,6,1106,82,626,8120,92908,708,101028,"100k"
36,1,870,"petite","second",7,3,603,538,10,1141,419,397,40134,60654,816,100788,"100k"
36,2,855,"petite","second",3,5,270,805,8,1075,182,554,17985,83565,736,101550,"100k"
36,3,850,"petite","second",2,4,297,807,6,1104,206,527,19524,81147,733,100671,"100k"
36,4,860,"petite","second",4,7,332,737,11,1069,227,531,22691,79656,758,102347,"100k"
36,5,860,"petite","second",1,5,164,844,6,1008,109,591,11365,89628,700,100993,"100k"
19,1,870,"petite","second",6,3,573,550,9,1123,399,424,37875,62751,823,100626,"100k"
19,2,855,"petite","second",4,6,287,784,10,1071,196,537,19480,80566,733,100046,"100k"
19,3,870,"petite","second",3,5,293,711,8,1004,204,530,20943,79745,734,100688,"100k"
4,1,865,"petite","second",5,4,533,606,9,1139,351,435,34868,65879,786,100747,"100k"
4,2,835,"petite","second",2,7,128,1004,9,1132,80,606,7974,93578,686,101552,"100k"
4,3,835,"petite","second",3,6,268,926,9,1194,163,542,16518,84072,705,100590,"100k"
1,1,865,"petite","second",6,5,547,598,11,1145,388,428,36619,65359,816,101978,"100k"
1,2,865,"petite","second",3,7,288,742,10,1030,201,539,19755,80749,740,100504,"100k"
1,3,860,"petite","second",3,7,166,858,10,1024,104,599,11293,90720,703,102013,"100k"
34,1,870,"petite","second",7,3,593,537,10,1130,424,392,40460,61198,816,101658,"100k"
34,2,900,"petite","second",8,3,680,333,11,1013,578,294,57969,44439,872,102408,"100k"
34,3,915,"petite","second",8,1,925,110,9,1035,861,111,83884,16918,972,100802,"100k"
34,4,870,"petite","second",5,2,563,537,7,1100,411,400,39785,60614,811,100399,"100k"
34,5,855,"petite","second",2,6,167,889,8,1056,115,597,10947,91938,712,102885,"100k"
34,6,855,"petite","second",1,7,105,916,8,1021,69,618,6758,95206,687,101964,"100k"
28,1,865,"petite","second",6,4,547,602,10,1149,371,427,35528,65914,798,101442,"100k"
28,2,850,"petite","second",1,5,70,955,6,1025,47,635,4549,96963,682,101512,"100k"
15,1,870,"petite","second",6,3,550,570,9,1120,366,427,36195,65002,793,101197,"100k"
15,2,850,"petite","second",1,4,39,961,5,1000,25,628,2524,97621,653,100145,"100k"
21,1,830,"petite","second",6,4,575,777,10,1352,313,464,31143,70688,777,101831,"100k"
21,2,840,"petite","second",3,7,184,940,10,1124,108,574,11152,89742,682,100894,"100k"
25,1,855,"petite","second",5,4,570,636,9,1206,353,438,35000,66336,791,101336,"100k"
25,2,875,"petite","second",4,4,425,604,8,1029,316,468,31308,69799,784,101107,"100k"
25,3,860,"petite","second",2,5,213,805,7,1018,153,562,14850,85243,715,100093,"100k"
25,4,830,"petite","second",1,6,93,1046,7,1139,58,632,5550,94778,690,100328,"100k"
31,1,860,"petite","second",5,4,645,579,9,1224,427,409,40742,61473,836,102215,"100k"
31,2,835,"petite","second",1,7,117,1016,8,1133,71,618,6921,93892,689,100813,"100k"
12,1,885,"petite","second",5,3,565,511,8,1076,421,394,40420,62195,815,102615,"100k"
12,2,865,"petite","second",4,5,320,725,9,1045,236,528,22961,79716,764,102677,"100k"
12,3,845,"petite","second",2,6,243,882,8,1125,153,563,15257,86057,716,101314,"100k"
9,1,860,"petite","second",4,4,552,615,8,1167,345,445,34439,66193,790,100632,"100k"
9,2,855,"petite","second",3,5,298,795,8,1093,208,552,19695,82936,760,102631,"100k"
9,3,850,"petite","second",1,6,56,964,7,1020,37,638,3484,97726,675,101210,"100k"
29,1,880,"petite","second",5,3,546,525,8,1071,387,396,37834,62211,783,100045,"100k"
29,2,855,"petite","second",4,5,367,741,9,1108,246,493,24460,76823,739,101283,"100k"
29,3,845,"petite","second",3,3,216,904,6,1120,133,586,13530,87768,719,101298,"100k"
45,1,860,"petite","second",5,4,603,596,9,1199,386,430,38070,63095,816,101165,"100k"
45,2,860,"petite","second",2,4,429,674,6,1103,298,485,29244,72258,783,101502,"100k"
45,3,885,"petite","second",4,6,491,529,10,1020,383,415,37060,64475,798,101535,"100k"
45,4,875,"petite","second",6,4,529,531,10,1060,408,404,39053,61054,812,100107,"100k"
45,5,825,"petite","second",2,6,127,1080,8,1207,69,622,7047,93376,691,100423,"100k"
37,1,845,"petite","second",4,5,608,678,9,1286,371,432,35556,65792,803,101348,"100k"
37,2,880,"petite","second",3,4,436,579,7,1015,334,457,32680,69230,791,101910,"100k"
37,3,855,"petite","second",2,7,189,857,9,1046,128,579,12310,88000,707,100310,"100k"
37,4,815,"petite","second",2,6,197,1088,8,1285,105,579,10708,89827,684,100535,"100k"
37,5,865,"petite","second",2,6,200,809,8,1009,136,571,13989,88672,707,102661,"100k"
37,6,820,"petite","second",1,6,102,1150,7,1252,59,622,5738,96714,681,102452,"100k"
42,1,875,"petite","second",7,3,584,520,10,1104,406,405,39991,60121,811,100112,"100k"
42,2,820,"petite","second",3,4,264,1016,7,1280,146,564,14875,86986,710,101861,"100k"
42,3,850,"petite","second",3,6,298,813,9,1111,200,509,19084,81420,709,100504,"100k"
22,1,850,"petite","second",5,3,540,666,8,1206,343,444,32230,68020,787,100250,"100k"
22,2,850,"petite","second",1,8,145,913,9,1058,100,598,9412,91789,698,101201,"100k"
22,3,850,"petite","second",1,5,73,956,6,1029,43,615,4606,95777,658,100383,"100k"
22,4,850,"petite","second",1,8,154,922,9,1076,102,615,9599,93182,717,102781,"100k"
22,5,835,"petite","second",2,6,181,981,8,1162,103,592,10923,91199,695,102122,"100k"
22,6,855,"petite","second",1,7,152,886,8,1038,104,579,10238,90994,683,101232,"100k"
22,7,840,"petite","second",2,6,183,966,8,1149,109,579,11389,91270,688,102659,"100k"
22,8,825,"petite","second",1,7,106,1098,8,1204,60,638,6093,95866,698,101959,"100k"
22,9,855,"petite","second",1,6,63,950,7,1013,40,650,4129,98613,690,102742,"100k"
22,10,830,"petite","second",1,7,110,1063,8,1173,64,625,6450,94590,689,101040,"100k"
18,1,880,"petite","second",7,3,578,520,10,1098,416,413,40000,62708,829,102708,"100k"
18,2,860,"petite","second",2,6,219,799,8,1018,159,562,14947,86312,721,101259,"100k"
18,3,845,"petite","second",2,5,269,856,7,1125,167,564,16752,84410,731,101162,"100k"
18,4,855,"petite","second",3,7,245,829,10,1074,168,566,16407,85896,734,102303,"100k"
18,5,835,"petite","second",2,7,129,1003,9,1132,72,606,7799,92367,678,100166,"100k"
41,1,840,"petite","second",8,4,564,731,12,1295,331,453,32164,69712,784,101876,"100k"
41,2,880,"petite","second",6,3,611,483,9,1094,460,362,46202,56393,822,102595,"100k"
41,3,880,"petite","second",8,2,743,371,10,1114,584,283,56322,44790,867,101112,"100k"
41,4,880,"petite","second",7,2,750,362,9,1112,576,277,56385,43767,853,100152,"100k"
41,5,865,"petite","second",6,5,539,574,11,1113,376,419,38278,62673,795,100951,"100k"
41,6,845,"petite","second",2,5,157,954,7,1111,105,617,9977,92686,722,102663,"100k"
40,1,875,"petite","second",5,3,596,518,8,1114,417,398,40921,60778,815,101699,"100k"
40,2,830,"petite","second",4,5,191,1010,9,1201,119,599,11215,89991,718,101206,"100k"
40,3,845,"petite","second",1,5,89,987,6,1076,56,625,5685,95981,681,101666,"100k"
40,4,855,"petite","second",3,4,453,663,7,1116,298,456,29541,70556,754,100097,"100k"
40,5,880,"petite","second",5,2,698,402,7,1100,533,319,52917,48837,852,101754,"100k"
40,6,865,"petite","second",2,4,315,722,6,1037,225,521,21871,79996,746,101867,"100k"
40,7,845,"petite","second",3,5,368,812,8,1180,234,505,23530,77426,739,100956,"100k"
40,8,835,"petite","second",1,7,55,1050,8,1105,34,642,3150,97088,676,100238,"100k"
40,9,850,"petite","second",1,8,120,932,9,1052,77,585,7644,92849,662,100493,"100k"
40,10,845,"petite","second",1,5,72,1003,6,1075,42,655,4473,97849,697,102322,"100k"
40,11,850,"petite","second",1,6,110,950,7,1060,70,616,7110,94295,686,101405,"100k"
6,1,880,"petite","second",4,3,540,533,7,1073,387,415,37496,62958,802,100454,"100k"
6,2,870,"petite","second",5,5,429,615,10,1044,311,448,30972,70619,759,101591,"100k"
6,3,840,"petite","second",3,4,315,870,7,1185,207,528,19320,82520,735,101840,"100k"
6,4,830,"petite","second",2,7,99,1073,9,1172,60,631,5779,95952,691,101731,"100k"
46,1,870,"petite","second",3,3,536,565,6,1101,362,434,35960,64927,796,100887,"100k"
46,2,860,"petite","second",3,4,486,622,7,1108,330,440,33188,66851,770,100039,"100k"
46,3,890,"petite","second",6,3,756,322,9,1078,609,277,60753,40753,886,101506,"100k"
46,4,900,"petite","second",9,2,805,255,11,1060,687,211,66909,34924,898,101833,"100k"
46,5,840,"petite","second",6,3,555,724,9,1279,350,465,33880,68129,815,102009,"100k"
43,1,875,"petite","second",7,3,554,562,10,1116,377,433,37030,65598,810,102628,"100k"
43,2,855,"petite","second",3,5,348,730,8,1078,241,510,23058,77348,751,100406,"100k"
43,3,840,"petite","second",1,6,133,989,7,1122,86,638,8128,94478,724,102606,"100k"
44,1,850,"petite","second",5,3,580,659,8,1239,353,447,35141,65466,800,100607,"100k"
2,1,870,"petite","second",6,5,551,568,11,1119,346,424,36431,64293,770,100724,"100k"
2,2,855,"petite","second",2,5,315,768,7,1083,217,526,21064,79406,743,100470,"100k"
2,3,860,"petite","second",1,6,150,864,7,1014,110,599,10094,92567,709,102661,"100k"
48,1,865,"petite","second",5,3,514,604,8,1118,360,454,33926,66333,814,100259,"100k"
48,2,860,"petite","second",3,5,329,751,8,1080,232,514,22931,78968,746,101899,"100k"
48,3,850,"petite","second",1,7,43,990,8,1033,29,645,2717,98519,674,101236,"100k"
10,1,885,"petite","second",7,3,545,509,10,1054,410,409,39933,62106,819,102039,"100k"
10,2,860,"petite","second",3,5,237,804,8,1041,174,563,16284,85023,737,101307,"100k"
32,1,875,"petite","second",7,3,565,545,10,1110,380,412,37464,62547,792,100011,"100k"
32,2,905,"petite","second",7,3,713,304,10,1017,623,267,61369,41194,890,102563,"100k"
32,3,915,"petite","second",7,2,835,166,9,1001,759,168,75474,24604,927,100078,"100k"
32,4,890,"petite","second",7,2,696,357,9,1053,566,295,55237,45144,861,100381,"100k"
32,5,875,"petite","second",5,2,604,491,7,1095,450,367,44883,56984,817,101867,"100k"
32,6,860,"petite","second",2,4,264,785,6,1049,186,543,17797,83406,729,101203,"100k"
32,7,830,"petite","second",1,4,174,1027,5,1201,102,599,10222,92500,701,102722,"100k"
32,8,845,"petite","second",1,6,173,933,7,1106,111,582,10933,91157,693,102090,"100k"
7,1,865,"petite","second",6,3,572,587,9,1159,367,422,37074,64699,789,101773,"100k"
7,2,820,"petite","second",1,5,89,1113,6,1202,49,641,4938,95406,690,100344,"100k"
7,3,835,"petite","second",1,6,130,1013,7,1143,79,616,7747,94460,695,102207,"100k"
33,1,850,"petite","second",8,4,574,670,12,1244,354,459,34815,67616,813,102431,"100k"
33,2,830,"petite","second",1,7,57,1077,8,1134,32,633,3275,96881,665,100156,"100k"
30,1,865,"petite","second",5,6,583,567,11,1150,381,410,38099,62756,791,100855,"100k"
30,2,870,"petite","second",4,4,371,656,8,1027,264,501,26753,75035,765,101788,"100k"
30,3,885,"petite","second",6,2,689,390,8,1079,528,319,53437,47835,847,101272,"100k"
30,4,870,"petite","second",5,2,581,525,7,1106,401,387,41834,59630,788,101464,"100k"
30,5,860,"petite","second",3,6,321,740,9,1061,231,515,22170,78112,746,100282,"100k"
30,6,855,"petite","second",1,7,73,941,8,1014,51,652,4785,97113,703,101898,"100k"
27,1,875,"petite","second",5,3,576,532,8,1108,395,423,39074,62737,818,101811,"100k"
27,2,870,"petite","second",5,5,614,490,10,1104,452,369,44447,55772,821,100219,"100k"
27,3,870,"petite","second",3,5,342,696,8,1038,250,499,25282,77417,749,102699,"100k"
27,4,860,"petite","second",2,6,306,740,8,1046,211,514,20819,79247,725,100066,"100k"
27,5,840,"petite","second",1,8,44,1013,9,1057,34,673,2894,97816,707,100710,"100k"
47,1,875,"petite","second",6,2,568,548,8,1116,384,413,38575,62956,797,101531,"100k"
47,2,850,"petite","second",2,6,184,887,8,1071,120,588,11869,88783,708,100652,"100k"
49,1,825,"petite","second",5,4,542,817,9,1359,284,459,29225,71087,743,100312,"100k"
49,2,870,"petite","second",3,4,382,661,7,1043,282,497,27208,74980,779,102188,"100k"
49,3,855,"petite","second",4,5,465,668,9,1133,312,472,30660,70306,784,100966,"100k"
49,4,870,"petite","second",5,4,714,445,9,1159,511,328,51678,50539,839,102217,"100k"
49,5,860,"petite","second",4,3,498,633,7,1131,347,430,33632,67565,777,101197,"100k"
49,6,855,"petite","second",4,5,427,713,9,1140,271,494,27766,75042,765,102808,"100k"
49,7,855,"petite","second",4,3,343,750,7,1093,229,501,23190,77876,730,101066,"100k"
49,8,865,"petite","second",2,6,274,771,8,1045,200,534,18870,83917,734,102787,"100k"
49,9,880,"petite","second",4,3,502,538,7,1040,391,415,38599,64074,806,102673,"100k"
49,10,875,"petite","second",5,4,462,576,9,1038,334,447,34194,65911,781,100105,"100k"
49,11,875,"petite","second",4,4,362,649,8,1011,273,493,26961,75296,766,102257,"100k"
49,12,845,"petite","second",2,5,166,930,7,1096,102,594,10420,90862,696,101282,"100k"
49,13,850,"petite","second",1,5,119,931,6,1050,74,610,7408,94100,684,101508,"100k"
49,14,830,"petite","second",1,4,78,1062,5,1140,47,621,4571,95655,668,100226,"100k"
24,1,870,"petite","second",5,6,523,606,11,1129,356,455,33550,67745,811,101295,"100k"
24,2,865,"petite","second",4,4,435,646,8,1081,305,463,30254,70376,768,100630,"100k"
24,3,865,"petite","second",6,3,698,489,9,1187,491,353,48361,53309,844,101670,"100k"
24,4,855,"petite","second",3,7,277,793,10,1070,184,540,18384,82798,724,101182,"100k"
24,5,840,"petite","second",1,7,101,997,8,1098,70,628,6554,94844,698,101398,"100k"
20,1,855,"petite","second",6,4,531,673,10,1204,338,462,32978,69628,800,102606,"100k"
20,2,855,"petite","second",2,5,309,781,7,1090,201,529,20334,80507,730,100841,"100k"
26,1,845,"petite","second",7,3,569,709,10,1278,345,444,32962,69169,789,102131,"100k"
26,2,845,"petite","second",3,4,333,798,7,1131,208,502,20961,79156,710,100117,"100k"
26,3,860,"petite","second",3,6,367,718,9,1085,246,488,24824,75688,734,100512,"100k"
26,4,860,"petite","second",4,5,381,693,9,1074,260,493,26066,74422,753,100488,"100k"
26,5,880,"petite","second",5,3,499,527,8,1026,374,431,37910,62704,805,100614,"100k"
26,6,855,"petite","second",3,4,306,766,7,1072,201,524,20474,79695,725,100169,"100k"
26,7,865,"petite","second",3,4,337,697,7,1034,236,511,23552,77791,747,101343,"100k"
26,8,855,"petite","second",1,9,102,925,10,1027,65,647,6594,96090,712,102684,"100k"
17,1,865,"petite","second",5,5,541,603,10,1144,362,435,35821,65835,797,101656,"100k"
17,2,850,"petite","second",3,4,258,831,7,1089,164,546,16584,83523,710,100107,"100k"
17,3,815,"petite","second",2,7,193,1107,9,1300,97,601,10421,89716,698,100137,"100k"
11,1,875,"petite","second",6,3,580,528,9,1108,389,410,39121,62412,799,101533,"100k"
11,2,860,"petite","second",3,6,204,813,9,1017,145,583,13844,87931,728,101775,"100k"
11,3,825,"petite","second",1,8,83,1110,9,1193,49,626,4843,96529,675,101372,"100k"
50,1,810,"petite","second",6,3,518,946,9,1464,261,507,25391,75439,768,100830,"100k"
13,1,865,"petite","second",6,4,671,522,10,1193,456,376,44274,56660,832,100934,"100k"
13,2,850,"petite","second",4,4,453,707,8,1160,295,460,29603,70745,755,100348,"100k"
13,3,860,"petite","second",1,5,174,827,6,1001,114,575,11641,88928,689,100569,"100k"
13,4,835,"petite","second",1,7,113,1032,8,1145,72,640,6786,95395,712,102181,"100k"
38,1,890,"petite","second",53,34,5004,5028,87,10032,3774,4169,368368,637802,7943,1006170,"1mill"
38,2,870,"petite","second",30,44,3015,7100,74,10115,2166,5291,214737,803574,7457,1018311,"1mill"
38,3,865,"petite","second",19,54,1861,8173,73,10034,1319,5878,130368,897112,7197,1027480,"1mill"
38,4,855,"petite","second",10,54,842,9197,64,10039,556,6302,55718,954873,6858,1010591,"1mill"
38,5,855,"petite","second",3,65,301,9706,68,10007,202,6649,20095,1008065,6851,1028160,"1mill"
38,6,850,"petite","second",2,57,143,9916,59,10059,88,6627,9302,1001607,6715,1010909,"1mill"
8,1,890,"petite","second",51,33,5071,5094,84,10165,3816,4264,374832,646711,8080,1021543,"1mill"
8,2,870,"petite","second",31,44,3248,6761,75,10009,2369,5060,235153,767133,7429,1002286,"1mill"
8,3,860,"petite","second",16,57,1729,8385,73,10114,1200,5882,119178,896400,7082,1015578,"1mill"
8,4,850,"petite","second",6,60,605,9580,66,10185,380,6339,38429,967095,6719,1005524,"1mill"
8,5,850,"petite","second",3,62,283,9839,65,10122,180,6471,18102,990540,6651,1008642,"1mill"
8,6,850,"petite","second",1,65,161,10017,66,10178,100,6556,10165,1006280,6656,1016445,"1mill"
8,7,855,"petite","second",2,60,263,9757,62,10020,173,6604,17487,1006932,6777,1024419,"1mill"
8,8,850,"petite","second",1,54,65,9935,55,10000,49,6579,4442,1001291,6628,1005733,"1mill"
8,9,850,"petite","second",1,64,141,9921,65,10062,86,6565,8849,997480,6651,1006329,"1mill"
8,10,850,"petite","second",3,64,235,9820,67,10055,145,6529,15573,992365,6674,1007938,"1mill"
39,1,890,"petite","second",52,32,5101,5160,84,10261,3853,4289,375056,652134,8142,1027190,"1mill"
39,2,870,"petite","second",26,47,2602,7417,73,10019,1876,5502,186046,839637,7378,1025683,"1mill"
39,3,860,"petite","second",20,50,1784,8346,70,10130,1226,5816,121266,890616,7042,1011882,"1mill"
39,4,860,"petite","second",14,52,1431,8653,66,10084,963,6033,97179,925782,6996,1022961,"1mill"
39,5,855,"petite","second",8,54,909,9247,62,10156,610,6257,60924,959494,6867,1020418,"1mill"
39,6,850,"petite","second",2,59,261,9927,61,10188,171,6541,17092,997676,6712,1014768,"1mill"
39,7,850,"petite","second",2,63,183,9872,65,10055,118,6474,11998,995381,6592,1007379,"1mill"
23,1,885,"petite","second",53,36,5109,5144,89,10253,3776,4171,368874,636078,7947,1004952,"1mill"
23,2,875,"petite","second",26,45,3265,6740,71,10005,2431,5083,240842,781837,7514,1022679,"1mill"
23,3,860,"petite","second",16,43,1817,8210,59,10027,1234,5701,124258,875833,6935,1000091,"1mill"
23,4,855,"petite","second",7,53,680,9407,60,10087,457,6417,44671,975522,6874,1020193,"1mill"
23,5,850,"petite","second",4,57,426,9751,61,10177,268,6396,27257,983355,6664,1010612,"1mill"
23,6,850,"petite","second",1,62,118,9917,63,10035,81,6534,7666,1000165,6615,1007831,"1mill"
5,1,885,"petite","second",50,30,5020,5191,80,10211,3676,4178,362233,639631,7854,1001864,"1mill"
5,2,870,"petite","second",26,38,2874,7191,64,10065,2086,5280,206780,812449,7366,1019229,"1mill"
5,3,860,"petite","second",19,53,1984,8123,72,10107,1378,5724,134911,870152,7102,1005063,"1mill"
5,4,860,"petite","second",12,54,1443,8614,66,10057,992,6018,99051,919869,7010,1018920,"1mill"
5,5,850,"petite","second",4,56,517,9552,60,10069,332,6326,33190,969418,6658,1002608,"1mill"
5,6,850,"petite","second",1,60,69,10087,61,10156,47,6675,4626,1018710,6722,1023336,"1mill"
16,1,890,"petite","second",55,32,5061,5010,87,10071,3833,4198,371924,638834,8031,1010758,"1mill"
16,2,870,"petite","second",28,41,3252,6861,69,10113,2316,5106,231207,777909,7422,1009116,"1mill"
16,3,855,"petite","second",8,57,774,9262,65,10036,497,6342,50599,965314,6839,1015913,"1mill"
16,4,850,"petite","second",5,68,443,9724,73,10167,295,6403,29130,979768,6698,1008898,"1mill"
16,5,850,"petite","second",3,58,340,9697,61,10037,210,6331,22325,978362,6541,1000687,"1mill"
16,6,850,"petite","second",1,62,266,9787,63,10053,174,6448,17314,984866,6622,1002180,"1mill"
35,1,890,"petite","second",50,34,5033,5034,84,10067,3798,4141,371836,636513,7939,1008349,"1mill"
35,2,870,"petite","second",31,40,3008,7014,71,10022,2207,5179,214720,790868,7386,1005588,"1mill"
35,3,855,"petite","second",11,47,1123,9046,58,10169,744,6188,74356,940603,6932,1014959,"1mill"
35,4,855,"petite","second",5,60,505,9514,65,10019,352,6539,33695,988988,6891,1022683,"1mill"
35,5,855,"petite","second",4,64,447,9566,68,10013,303,6550,29957,997135,6853,1027092,"1mill"
14,1,890,"petite","second",53,35,5030,5092,88,10122,3760,4301,372121,646140,8061,1018261,"1mill"
14,2,870,"petite","second",28,43,2806,7251,71,10057,2045,5385,201681,820455,7430,1022136,"1mill"
14,3,855,"petite","second",11,54,1189,9035,65,10224,781,6218,78769,941123,6999,1019892,"1mill"
14,4,850,"petite","second",4,56,517,9700,60,10217,343,6387,34001,977582,6730,1011583,"1mill"
14,5,850,"petite","second",5,63,314,9774,68,10088,206,6461,20247,981849,6667,1002096,"1mill"
14,6,850,"petite","second",1,59,47,10021,60,10068,31,6706,3020,1011152,6737,1014172,"1mill"
3,1,885,"petite","second",50,33,5009,5157,83,10166,3684,4177,360950,640180,7861,1001130,"1mill"
3,2,870,"petite","second",28,42,3214,6909,70,10123,2315,5143,231801,780900,7458,1012701,"1mill"
3,3,855,"petite","second",13,56,1291,8832,69,10123,874,5955,86459,915039,6829,1001498,"1mill"
3,4,855,"petite","second",9,52,1274,8891,61,10165,842,6041,84974,919600,6883,1004574,"1mill"
3,5,855,"petite","second",6,59,691,9319,65,10010,464,6249,45751,962914,6713,1008665,"1mill"
3,6,850,"petite","second",1,58,67,10084,59,10151,42,6613,4339,1015641,6655,1019980,"1mill"
36,1,885,"petite","second",51,34,5004,5284,85,10288,3676,4291,360233,649476,7967,1009709,"1mill"
36,2,870,"petite","second",29,42,2903,7157,71,10060,2144,5281,209457,807968,7425,1017425,"1mill"
36,3,860,"petite","second",13,50,1272,8753,63,10025,885,6085,87450,931552,6970,1019002,"1mill"
36,4,850,"petite","second",3,60,353,9760,63,10113,225,6477,22797,984472,6702,1007269,"1mill"
19,1,890,"petite","second",50,36,5103,5056,86,10159,3885,4159,379506,639873,8044,1019379,"1mill"
19,2,875,"petite","second",31,36,3316,6709,67,10025,2469,5152,244506,783542,7621,1028048,"1mill"
19,3,860,"petite","second",12,55,1334,8684,67,10018,915,6144,91095,928829,7059,1019924,"1mill"
19,4,850,"petite","second",3,61,270,9879,64,10149,179,6441,17438,993375,6620,1010813,"1mill"
4,1,890,"petite","second",50,32,5077,5006,82,10083,3880,4190,374589,635329,8070,1009918,"1mill"
4,2,870,"petite","second",31,47,3170,6892,78,10062,2297,5174,227708,782531,7471,1010239,"1mill"
4,3,860,"petite","second",15,50,1731,8465,65,10196,1182,5956,117357,905819,7138,1023176,"1mill"
4,4,860,"petite","second",10,52,1389,8646,62,10035,965,6072,95288,922148,7037,1017436,"1mill"
4,5,855,"petite","second",7,58,816,9253,65,10069,546,6367,53986,960794,6913,1014780,"1mill"
4,6,855,"petite","second",4,56,466,9552,60,10018,299,6472,30752,991916,6771,1022668,"1mill"
4,7,850,"petite","second",2,58,210,9817,60,10027,138,6435,13577,992717,6573,1006294,"1mill"
4,8,850,"petite","second",1,65,126,9955,66,10081,75,6557,8037,1002121,6632,1010158,"1mill"
4,9,850,"petite","second",2,60,243,9879,62,10122,166,6571,15649,995865,6737,1011514,"1mill"
4,10,850,"petite","second",2,67,118,9937,69,10055,77,6583,7498,1005768,6660,1013266,"1mill"
1,1,890,"petite","second",48,39,5019,5073,87,10092,3798,4201,372160,641376,7999,1013536,"1mill"
1,2,870,"petite","second",29,41,3220,6859,70,10079,2383,5044,232419,774412,7427,1006831,"1mill"
1,3,860,"petite","second",20,50,1939,8141,70,10080,1348,5704,132344,868464,7052,1000808,"1mill"
1,4,860,"petite","second",15,51,1611,8499,66,10110,1144,5932,109569,907351,7076,1016920,"1mill"
1,5,855,"petite","second",7,57,682,9401,64,10083,457,6442,46072,980503,6899,1026575,"1mill"
1,6,850,"petite","second",4,59,289,9772,63,10061,185,6496,18732,990579,6681,1009311,"1mill"
1,7,850,"petite","second",1,58,53,9947,59,10000,34,6619,3464,1002938,6653,1006402,"1mill"
34,1,890,"petite","second",54,34,5076,5105,88,10181,3844,4245,376758,647870,8089,1024628,"1mill"
34,2,880,"petite","second",39,37,4011,6053,76,10064,3056,4780,302265,724984,7836,1027249,"1mill"
34,3,860,"petite","second",17,49,1639,8365,66,10004,1149,5926,113427,897909,7075,1011336,"1mill"
34,4,855,"petite","second",8,55,1024,9082,63,10106,694,6178,69237,943467,6872,1012704,"1mill"
28,1,890,"petite","second",50,33,5032,5090,83,10122,3788,4212,370155,643517,8000,1013672,"1mill"
28,2,875,"petite","second",34,38,3865,6166,72,10031,2851,4743,284429,719653,7594,1004082,"1mill"
28,3,860,"petite","second",21,51,2028,8165,72,10193,1387,5654,137871,871141,7041,1009012,"1mill"
28,4,865,"petite","second",15,50,1710,8292,65,10002,1230,5938,118991,909695,7168,1028686,"1mill"
28,5,850,"petite","second",6,59,636,9538,65,10174,413,6366,40993,964934,6779,1005927,"1mill"
28,6,855,"petite","second",4,57,477,9543,61,10020,314,6435,31056,987787,6749,1018843,"1mill"
28,7,855,"petite","second",2,62,244,9757,64,10001,175,6594,15927,1011706,6769,1027633,"1mill"
15,1,890,"petite","second",52,32,5100,5015,84,10115,3843,4252,377242,639738,8095,1016980,"1mill"
15,2,870,"petite","second",26,41,2974,7088,67,10062,2195,5290,214281,802968,7485,1017249,"1mill"
15,3,855,"petite","second",11,55,958,9224,66,10182,642,6226,64124,952862,6868,1016986,"1mill"
15,4,855,"petite","second",5,55,447,9584,60,10031,292,6542,29552,994666,6834,1024218,"1mill"
15,5,855,"petite","second",4,60,418,9584,64,10002,277,6492,28157,996918,6769,1025075,"1mill"
21,1,890,"petite","second",49,29,5029,5128,78,10157,3815,4266,370391,652892,8081,1023283,"1mill"
21,2,870,"petite","second",33,38,3530,6583,71,10113,2551,4873,252275,747835,7424,1000110,"1mill"
21,3,865,"petite","second",22,47,2138,7914,69,10052,1546,5706,150958,870570,7252,1021528,"1mill"
21,4,860,"petite","second",11,50,1249,8752,61,10001,826,6158,85225,937502,6984,1022727,"1mill"
21,5,850,"petite","second",2,64,403,9799,66,10202,255,6467,26129,989815,6722,1015944,"1mill"
21,6,850,"petite","second",3,66,245,9917,69,10162,152,6520,15641,1000843,6672,1016484,"1mill"
25,1,890,"petite","second",47,32,5008,5111,79,10119,3822,4220,370555,648221,8042,1018776,"1mill"
25,2,875,"petite","second",30,42,3196,6804,72,10000,2366,5229,235951,791329,7595,1027280,"1mill"
25,3,865,"petite","second",21,47,2426,7686,68,10112,1703,5568,169707,849113,7271,1018820,"1mill"
25,4,855,"petite","second",9,57,872,9167,66,10039,594,6259,58102,954600,6853,1012702,"1mill"
25,5,850,"petite","second",5,63,408,9828,68,10236,247,6528,25699,991961,6775,1017660,"1mill"
25,6,850,"petite","second",1,56,96,9968,57,10064,63,6647,6157,1008425,6710,1014582,"1mill"
31,1,890,"petite","second",55,31,5022,5085,86,10107,3786,4203,368727,643976,7989,1012703,"1mill"
31,2,870,"petite","second",35,45,3684,6622,80,10306,2679,4907,267184,745397,7586,1012581,"1mill"
31,3,865,"petite","second",22,49,2121,7939,71,10060,1499,5738,148451,872424,7237,1020875,"1mill"
31,4,860,"petite","second",14,56,1513,8547,70,10060,1049,5989,103107,909165,7038,1012272,"1mill"
31,5,860,"petite","second",9,50,1126,8906,59,10032,769,6249,76464,952095,7018,1028559,"1mill"
31,6,855,"petite","second",6,57,564,9452,63,10016,371,6444,36565,978688,6815,1015253,"1mill"
31,7,850,"petite","second",2,66,145,9997,68,10142,97,6612,9264,1007646,6709,1016910,"1mill"
12,1,890,"petite","second",49,32,5008,5068,81,10076,3816,4245,370524,642687,8061,1013211,"1mill"
12,2,875,"petite","second",33,44,3530,6535,77,10065,2626,4947,259507,761002,7573,1020509,"1mill"
12,3,865,"petite","second",16,58,1914,8103,74,10017,1364,5833,134211,892944,7197,1027155,"1mill"
12,4,860,"petite","second",18,51,1772,8341,69,10113,1239,5835,120602,893466,7074,1014068,"1mill"
12,5,855,"petite","second",6,54,811,9225,60,10036,553,6229,53600,957365,6782,1010965,"1mill"
12,6,850,"petite","second",2,56,237,9892,58,10129,164,6527,15578,992543,6691,1008121,"1mill"
9,1,890,"petite","second",54,36,5050,5058,90,10108,3787,4216,373115,642250,8003,1015365,"1mill"
9,2,870,"petite","second",28,40,3358,6688,68,10046,2450,5054,240230,762894,7504,1003124,"1mill"
9,3,855,"petite","second",13,53,1144,8897,66,10041,766,6060,76396,929152,6826,1005548,"1mill"
29,1,890,"petite","second",51,31,5062,5139,82,10201,3844,4266,373635,653329,8110,1026964,"1mill"
29,2,875,"petite","second",28,40,3550,6550,68,10100,2648,5004,261383,761481,7652,1022864,"1mill"
29,3,860,"petite","second",20,48,1896,8329,68,10225,1313,5809,129332,892435,7122,1021767,"1mill"
29,4,855,"petite","second",8,56,824,9291,64,10115,552,6294,54609,963533,6846,1018142,"1mill"
29,5,855,"petite","second",4,61,543,9480,65,10023,357,6452,35795,980465,6809,1016260,"1mill"
29,6,850,"petite","second",2,65,298,9926,67,10224,194,6558,19278,1002317,6752,1021595,"1mill"
29,7,850,"petite","second",1,61,45,10107,62,10152,25,6624,2763,1017670,6649,1020433,"1mill"
29,8,850,"petite","second",1,62,118,9947,63,10065,84,6605,8037,1003208,6689,1011245,"1mill"
29,9,850,"petite","second",1,63,66,10041,64,10107,41,6632,4229,1009581,6673,1013810,"1mill"
45,1,890,"petite","second",48,36,5023,5001,84,10024,3767,4172,370657,632586,7939,1003243,"1mill"
45,2,865,"petite","second",30,45,2676,7457,75,10133,1913,5368,186871,817319,7281,1004190,"1mill"
45,3,860,"petite","second",12,50,1332,8738,62,10070,943,6068,91765,932389,7011,1024154,"1mill"
45,4,855,"petite","second",7,55,804,9250,62,10054,525,6230,53272,958848,6755,1012120,"1mill"
45,5,850,"petite","second",2,53,246,9799,55,10045,165,6512,16274,987578,6677,1003852,"1mill"
45,6,855,"petite","second",3,59,270,9738,62,10008,171,6651,18095,1008747,6822,1026842,"1mill"
45,7,850,"petite","second",1,58,143,9907,59,10050,84,6563,9354,996735,6647,1006089,"1mill"
37,1,890,"petite","second",49,31,5065,5082,80,10147,3847,4227,375673,646559,8074,1022232,"1mill"
37,2,875,"petite","second",34,40,3750,6377,74,10127,2791,4910,276766,745675,7701,1022441,"1mill"
37,3,865,"petite","second",19,49,2085,8020,68,10105,1499,5784,146252,878079,7283,1024331,"1mill"
37,4,860,"petite","second",17,52,1789,8282,69,10071,1224,5727,121581,885308,6951,1006889,"1mill"
37,5,855,"petite","second",11,54,1336,8854,65,10190,924,6049,89662,920434,6973,1010096,"1mill"
37,6,855,"petite","second",8,58,876,9137,66,10013,593,6186,58712,946964,6779,1005676,"1mill"
37,7,845,"petite","second",3,59,438,10003,62,10441,295,6397,27857,984017,6692,1011874,"1mill"
37,8,850,"petite","second",1,57,46,10052,58,10098,33,6622,2988,1013982,6655,1016970,"1mill"
42,1,890,"petite","second",52,32,5053,5075,84,10128,3810,4255,371744,644892,8065,1016636,"1mill"
42,2,870,"petite","second",26,41,3158,6974,67,10132,2302,5209,226937,792995,7511,1019932,"1mill"
42,3,860,"petite","second",15,50,1777,8418,65,10195,1206,5832,121178,897361,7038,1018539,"1mill"
42,4,860,"petite","second",12,47,1432,8599,59,10031,991,6052,98018,919108,7043,1017126,"1mill"
42,5,855,"petite","second",5,56,431,9580,61,10011,281,6578,28910,997581,6859,1026491,"1mill"
42,6,855,"petite","second",3,57,286,9719,60,10005,192,6614,18720,1006915,6806,1025635,"1mill"
42,7,850,"petite","second",1,65,178,9960,66,10138,122,6573,11828,999858,6695,1011686,"1mill"
42,8,850,"petite","second",2,60,276,9896,62,10172,176,6495,17724,996137,6671,1013861,"1mill"
42,9,850,"petite","second",1,61,99,10017,62,10116,67,6605,6634,1008787,6672,1015421,"1mill"
22,1,890,"petite","second",52,35,5013,5035,87,10048,3770,4179,369984,639941,7949,1009925,"1mill"
22,2,865,"petite","second",27,46,2622,7488,73,10110,1860,5388,184301,824761,7248,1009062,"1mill"
22,3,865,"petite","second",19,51,2121,7933,70,10054,1492,5642,148480,869610,7134,1018090,"1mill"
22,4,855,"petite","second",5,57,446,9592,62,10038,297,6550,29667,994091,6847,1023758,"1mill"
22,5,855,"petite","second",1,63,165,9836,64,10001,112,6689,11159,1016237,6801,1027396,"1mill"
18,1,890,"petite","second",51,35,5039,5074,86,10113,3858,4165,374793,638408,8023,1013201,"1mill"
18,2,865,"petite","second",23,42,2721,7425,65,10146,1908,5359,190486,818145,7267,1008631,"1mill"
18,3,865,"petite","second",17,52,2278,7739,69,10017,1613,5577,159800,850607,7190,1010407,"1mill"
18,4,855,"petite","second",10,52,1034,9055,62,10089,698,6215,69131,943775,6913,1012906,"1mill"
18,5,855,"petite","second",5,64,570,9462,69,10032,387,6424,38012,981240,6811,1019252,"1mill"
18,6,850,"petite","second",5,60,497,9679,65,10176,323,6391,32249,977965,6714,1010214,"1mill"
41,1,890,"petite","second",53,32,5018,5080,85,10098,3732,4160,367168,642540,7892,1009708,"1mill"
41,2,870,"petite","second",29,42,3123,6881,71,10004,2265,5141,225272,778685,7406,1003957,"1mill"
41,3,865,"petite","second",19,49,2148,7930,68,10078,1506,5697,149238,873538,7203,1022776,"1mill"
41,4,855,"petite","second",12,50,1364,8910,62,10274,928,6027,92150,917848,6955,1009998,"1mill"
41,5,855,"petite","second",7,56,788,9372,63,10160,517,6420,52060,970519,6937,1022579,"1mill"
41,6,855,"petite","second",4,62,309,9730,66,10039,200,6593,20224,1006916,6793,1027140,"1mill"
40,1,890,"petite","second",53,33,5031,5081,86,10112,3815,4213,372498,643753,8028,1016251,"1mill"
40,2,865,"petite","second",25,48,2378,7625,73,10003,1695,5485,167144,838671,7180,1005815,"1mill"
40,3,855,"petite","second",8,54,931,9078,62,10009,620,6172,61961,938854,6792,1000815,"1mill"
40,4,850,"petite","second",3,59,233,9843,62,10076,149,6466,15076,991027,6615,1006103,"1mill"
6,1,890,"petite","second",51,34,5050,5091,85,10141,3808,4237,371897,643606,8045,1015503,"1mill"
6,2,870,"petite","second",25,45,2939,7107,70,10046,2165,5244,211105,804512,7409,1015617,"1mill"
6,3,860,"petite","second",17,45,1906,8223,62,10129,1323,5684,130211,875765,7007,1005976,"1mill"
6,4,855,"petite","second",8,56,1020,9179,64,10199,676,6267,68129,954151,6943,1022280,"1mill"
6,5,855,"petite","second",4,65,313,9696,69,10009,215,6563,20852,1004072,6778,1024924,"1mill"
6,6,850,"petite","second",1,61,232,9906,62,10138,154,6589,14890,1001248,6743,1016138,"1mill"
6,7,850,"petite","second",3,64,277,9731,67,10008,191,6434,17825,983663,6625,1001488,"1mill"
6,8,850,"petite","second",1,60,59,10069,61,10128,36,6689,3798,1014519,6725,1018317,"1mill"
46,1,890,"petite","second",54,34,5019,5035,88,10054,3816,4131,371684,636057,7947,1007741,"1mill"
46,2,875,"petite","second",36,40,3530,6522,76,10052,2666,5017,261235,765009,7683,1026244,"1mill"
46,3,860,"petite","second",14,58,1469,8567,72,10036,999,5968,99991,912495,6967,1012486,"1mill"
46,4,855,"petite","second",11,57,1058,8979,68,10037,696,6058,69950,930270,6754,1000220,"1mill"
46,5,855,"petite","second",7,56,946,9156,63,10102,625,6259,63349,952180,6884,1015529,"1mill"
46,6,855,"petite","second",4,53,402,9630,57,10032,265,6592,26458,1001527,6857,1027985,"1mill"
43,1,890,"petite","second",47,33,5064,5004,80,10068,3783,4139,372435,636676,7922,1009111,"1mill"
43,2,870,"petite","second",28,40,2709,7331,68,10040,1944,5443,193958,831074,7387,1025032,"1mill"
43,3,855,"petite","second",8,51,847,9158,59,10005,574,6279,56751,950758,6853,1007509,"1mill"
43,4,850,"petite","second",6,58,528,9617,64,10145,351,6393,34280,972031,6744,1006311,"1mill"
43,5,855,"petite","second",4,57,475,9592,61,10067,311,6542,31087,992924,6853,1024011,"1mill"
43,6,850,"petite","second",2,62,129,9945,64,10074,85,6642,8391,1005382,6727,1013773,"1mill"
43,7,850,"petite","second",1,65,91,9942,66,10033,52,6582,5799,1001275,6634,1007074,"1mill"
44,1,890,"petite","second",54,30,5060,5110,84,10170,3852,4142,376231,644140,7994,1020371,"1mill"
44,2,860,"petite","second",21,47,1905,8275,68,10180,1297,5757,129537,884003,7054,1013540,"1mill"
44,3,855,"petite","second",8,59,742,9385,67,10127,493,6372,49720,971631,6865,1021351,"1mill"
44,4,855,"petite","second",3,62,351,9698,65,10049,227,6588,22836,1005590,6815,1028426,"1mill"
44,5,850,"petite","second",2,60,288,9864,62,10152,194,6526,18969,992432,6720,1011401,"1mill"
2,1,890,"petite","second",51,31,5019,5153,82,10172,3769,4305,370711,653941,8074,1024652,"1mill"
2,2,870,"petite","second",30,40,3213,6900,70,10113,2405,5135,233329,776928,7540,1010257,"1mill"
2,3,865,"petite","second",19,53,1840,8171,72,10011,1313,5924,129312,898457,7237,1027769,"1mill"
2,4,850,"petite","second",2,57,224,9846,59,10070,145,6575,14556,993955,6720,1008511,"1mill"
2,5,855,"petite","second",4,56,364,9669,60,10033,256,6567,24152,1004634,6823,1028786,"1mill"
2,6,850,"petite","second",1,62,62,9979,63,10041,37,6583,4134,1007473,6620,1011607,"1mill"
2,7,845,"petite","second",1,67,137,10080,68,10217,89,6503,8730,991938,6592,1000668,"1mill"
48,1,890,"petite","second",52,34,5050,5052,86,10102,3799,4200,371872,639010,7999,1010882,"1mill"
48,2,865,"petite","second",29,41,2705,7527,70,10232,1920,5421,188821,826296,7341,1015117,"1mill"
48,3,865,"petite","second",18,52,2183,7880,70,10063,1551,5654,154135,868673,7205,1022808,"1mill"
48,4,855,"petite","second",12,55,1538,8660,67,10198,1042,5850,102922,899364,6892,1002286,"1mill"
48,5,855,"petite","second",4,61,439,9635,65,10074,278,6483,29155,999301,6761,1028456,"1mill"
48,6,850,"petite","second",4,61,398,9764,65,10162,265,6462,25902,984599,6727,1010501,"1mill"
48,7,855,"petite","second",3,59,454,9549,62,10003,300,6474,30754,988864,6774,1019618,"1mill"
48,8,850,"petite","second",2,64,213,9868,66,10081,142,6532,14394,993226,6674,1007620,"1mill"
10,1,885,"petite","second",49,34,5035,5148,83,10183,3747,4165,362738,637990,7912,1000728,"1mill"
10,2,870,"petite","second",31,45,3373,6823,76,10196,2405,5073,242118,769406,7478,1011524,"1mill"
10,3,865,"petite","second",18,49,2134,7894,67,10028,1510,5685,150176,867959,7195,1018135,"1mill"
10,4,860,"petite","second",18,47,1560,8507,65,10067,1079,5994,106313,911037,7073,1017350,"1mill"
10,5,860,"petite","second",13,54,1760,8421,67,10181,1227,5909,119808,900966,7136,1020774,"1mill"
10,6,860,"petite","second",11,53,1253,8794,64,10047,862,6108,84963,940447,6970,1025410,"1mill"
10,7,850,"petite","second",4,57,442,9783,61,10225,293,6463,28615,990966,6756,1019581,"1mill"
10,8,850,"petite","second",3,54,300,9846,57,10146,198,6457,19592,990514,6655,1010106,"1mill"
10,9,850,"petite","second",2,62,190,9846,64,10036,120,6478,12339,991940,6598,1004279,"1mill"
10,10,850,"petite","second",1,58,165,9894,59,10059,108,6517,10625,995913,6625,1006538,"1mill"
32,1,890,"petite","second",49,33,5033,5074,82,10107,3794,4215,370583,646467,8009,1017050,"1mill"
32,2,870,"petite","second",28,38,3144,6975,66,10119,2288,5157,227226,785120,7445,1012346,"1mill"
32,3,855,"petite","second",16,54,1491,8852,70,10343,1026,6012,99192,918485,7038,1017677,"1mill"
32,4,855,"petite","second",11,55,1088,8948,66,10036,726,6107,72232,933183,6833,1005415,"1mill"
32,5,855,"petite","second",8,55,682,9378,63,10060,478,6347,45201,966328,6825,1011529,"1mill"
32,6,855,"petite","second",4,56,467,9599,60,10066,322,6545,31179,995077,6867,1026256,"1mill"
32,7,850,"petite","second",1,60,68,10118,61,10186,45,6732,4450,1023179,6777,1027629,"1mill"
7,1,890,"petite","second",51,34,5042,5081,85,10123,3800,4269,373139,643913,8069,1017052,"1mill"
7,2,870,"petite","second",25,44,3015,7018,69,10033,2201,5169,214642,789639,7370,1004281,"1mill"
7,3,865,"petite","second",22,53,2337,7748,75,10085,1663,5589,164254,850249,7252,1014503,"1mill"
7,4,855,"petite","second",11,56,1123,8915,67,10038,735,6082,74220,928481,6817,1002701,"1mill"
7,5,850,"petite","second",2,58,222,9849,60,10071,141,6517,14391,992099,6658,1006490,"1mill"
7,6,855,"petite","second",3,64,269,9737,67,10006,188,6653,17798,1006297,6841,1024095,"1mill"
7,7,845,"petite","second",2,61,134,10181,63,10315,83,6558,8315,998640,6641,1006955,"1mill"
33,1,890,"petite","second",47,37,5010,5098,84,10108,3768,4290,367767,647930,8058,1015697,"1mill"
33,2,870,"petite","second",32,46,3385,6739,78,10124,2487,4968,242153,761139,7455,1003292,"1mill"
33,3,865,"petite","second",20,45,2376,7699,65,10075,1682,5602,167258,850648,7284,1017906,"1mill"
33,4,860,"petite","second",15,56,1532,8485,71,10017,1037,5906,104183,903682,6943,1007865,"1mill"
33,5,855,"petite","second",5,57,571,9503,62,10074,389,6496,37981,986324,6885,1024305,"1mill"
33,6,850,"petite","second",3,58,352,9735,61,10087,230,6424,22994,980217,6654,1003211,"1mill"
33,7,850,"petite","second",1,63,168,9859,64,10027,107,6511,10632,993283,6618,1003915,"1mill"
30,1,890,"petite","second",50,27,5090,5078,77,10168,3857,4228,375625,641170,8085,1016795,"1mill"
30,2,865,"petite","second",25,45,2550,7457,70,10007,1791,5391,179618,821304,7182,1000922,"1mill"
30,3,855,"petite","second",7,60,663,9407,67,10070,441,6396,43962,975181,6837,1019143,"1mill"
30,4,850,"petite","second",6,56,668,9469,62,10137,448,6293,43706,956510,6741,1000216,"1mill"
30,5,855,"petite","second",5,60,486,9520,65,10006,301,6507,32092,993951,6808,1026043,"1mill"
30,6,850,"petite","second",2,64,267,9795,66,10062,187,6467,17439,989397,6654,1006836,"1mill"
27,1,885,"petite","second",48,35,5048,5320,83,10368,3730,4273,363197,653833,8003,1017030,"1mill"
27,2,870,"petite","second",28,41,3039,7000,69,10039,2212,5174,219118,790865,7386,1009983,"1mill"
27,3,860,"petite","second",23,54,2259,7935,77,10194,1571,5570,154521,846165,7141,1000686,"1mill"
27,4,855,"petite","second",10,57,989,9082,67,10071,628,6193,65259,939863,6821,1005122,"1mill"
27,5,850,"petite","second",5,63,510,9646,68,10156,331,6341,33727,971708,6672,1005435,"1mill"
27,6,845,"petite","second",2,58,203,10095,60,10298,134,6512,12822,991296,6646,1004118,"1mill"
47,1,890,"petite","second",57,37,5063,5046,94,10109,3795,4121,373394,635198,7916,1008592,"1mill"
47,2,865,"petite","second",22,49,2088,7990,71,10078,1495,5699,147300,876769,7194,1024069,"1mill"
47,3,855,"petite","second",9,53,1153,9046,62,10199,768,6160,76119,939787,6928,1015906,"1mill"
47,4,850,"petite","second",3,57,401,9866,60,10267,254,6549,25847,994811,6803,1020658,"1mill"
49,1,890,"petite","second",53,35,5096,5014,88,10110,3895,4201,377172,637091,8096,1014263,"1mill"
49,2,865,"petite","second",25,42,2760,7342,67,10102,1952,5335,194508,807735,7287,1002243,"1mill"
49,3,860,"petite","second",14,51,1423,8653,65,10076,975,6014,97616,919111,6989,1016727,"1mill"
49,4,850,"petite","second",6,60,529,9592,66,10121,343,6355,34046,968672,6698,1002718,"1mill"
49,5,850,"petite","second",3,62,205,9884,65,10089,125,6550,13045,998319,6675,1011364,"1mill"
49,6,850,"petite","second",1,61,126,9884,62,10010,72,6519,7660,996499,6591,1004159,"1mill"
49,7,850,"petite","second",2,63,229,9800,65,10029,156,6517,14853,994253,6673,1009106,"1mill"
49,8,855,"petite","second",1,60,222,9801,61,10023,141,6653,14561,1014194,6794,1028755,"1mill"
49,9,850,"petite","second",2,62,184,9879,64,10063,114,6575,11837,993808,6689,1005645,"1mill"
49,10,850,"petite","second",2,66,293,9859,68,10152,191,6522,18718,993553,6713,1012271,"1mill"
49,11,850,"petite","second",1,63,132,9904,64,10036,84,6572,8702,998430,6656,1007132,"1mill"
24,1,890,"petite","second",52,33,5032,5171,85,10203,3785,4353,371130,652466,8138,1023596,"1mill"
24,2,865,"petite","second",18,44,2019,7992,62,10011,1431,5755,141272,877411,7186,1018683,"1mill"
24,3,860,"petite","second",13,48,1354,8686,61,10040,927,6135,91245,927789,7062,1019034,"1mill"
24,4,855,"petite","second",8,61,721,9296,69,10017,492,6311,47941,967289,6803,1015230,"1mill"
24,5,855,"petite","second",5,54,570,9430,59,10000,374,6395,37367,975451,6769,1012818,"1mill"
24,6,850,"petite","second",1,58,222,9804,59,10026,140,6516,14645,988947,6656,1003592,"1mill"
20,1,885,"petite","second",50,33,5035,5219,83,10254,3729,4219,364923,644570,7948,1009493,"1mill"
20,2,875,"petite","second",39,38,3949,6062,77,10011,2948,4633,291138,710608,7581,1001746,"1mill"
20,3,865,"petite","second",22,43,2537,7522,65,10059,1803,5445,178022,824271,7248,1002293,"1mill"
20,4,860,"petite","second",16,55,1557,8558,71,10115,1073,5997,106449,914712,7070,1021161,"1mill"
20,5,855,"petite","second",8,56,827,9213,64,10040,568,6292,54985,954210,6860,1009195,"1mill"
20,6,855,"petite","second",4,58,480,9540,62,10020,331,6500,32580,986865,6831,1019445,"1mill"
20,7,850,"petite","second",6,61,700,9518,67,10218,468,6304,45774,954933,6772,1000707,"1mill"
20,8,855,"petite","second",3,63,235,9770,66,10005,155,6583,15495,1008350,6738,1023845,"1mill"
20,9,855,"petite","second",3,55,444,9609,58,10053,293,6477,29221,996568,6770,1025789,"1mill"
20,10,855,"petite","second",3,57,343,9668,60,10011,226,6566,22812,1003747,6792,1026559,"1mill"
20,11,850,"petite","second",1,59,117,10084,60,10201,73,6638,7644,1012740,6711,1020384,"1mill"
26,1,890,"petite","second",54,37,5029,5109,91,10138,3770,4298,368799,652618,8068,1021417,"1mill"
26,2,865,"petite","second",20,50,2186,7890,70,10076,1531,5699,151464,867553,7230,1019017,"1mill"
26,3,855,"petite","second",9,56,1052,9006,65,10058,716,6074,70208,933855,6790,1004063,"1mill"
26,4,850,"petite","second",5,55,452,9803,60,10255,299,6472,29577,987241,6771,1016818,"1mill"
26,5,855,"petite","second",4,63,389,9636,67,10025,267,6558,26019,1001592,6825,1027611,"1mill"
26,6,850,"petite","second",4,63,400,9780,67,10180,253,6416,26328,984196,6669,1010524,"1mill"
26,7,845,"petite","second",1,60,70,10156,61,10226,46,6575,4249,997812,6621,1002061,"1mill"
26,8,850,"petite","second",2,62,122,9938,64,10060,88,6562,8107,1005728,6650,1013835,"1mill"
17,1,890,"petite","second",45,31,5065,5050,76,10115,3821,4153,375743,638284,7974,1014027,"1mill"
17,2,870,"petite","second",27,46,2843,7174,73,10017,2075,5328,203710,811187,7403,1014897,"1mill"
17,3,860,"petite","second",16,51,1447,8557,67,10004,997,5973,99188,912220,6970,1011408,"1mill"
17,4,850,"petite","second",6,58,753,9444,64,10197,493,6255,48456,954417,6748,1002873,"1mill"
17,5,850,"petite","second",1,53,68,9976,54,10044,42,6556,4408,1004363,6598,1008771,"1mill"
11,1,890,"petite","second",58,31,5135,5034,89,10169,3915,4267,377629,639926,8182,1017555,"1mill"
11,2,880,"petite","second",39,35,4221,5837,74,10058,3275,4593,321309,699143,7868,1020452,"1mill"
11,3,865,"petite","second",21,48,2158,7854,69,10012,1514,5656,150637,864105,7170,1014742,"1mill"
11,4,860,"petite","second",11,53,1133,8889,64,10022,782,6204,77823,946717,6986,1024540,"1mill"
11,5,850,"petite","second",4,62,420,9710,66,10130,277,6424,26760,977220,6701,1003980,"1mill"
11,6,850,"petite","second",2,61,180,9841,63,10021,123,6554,11556,991560,6677,1003116,"1mill"
11,7,845,"petite","second",1,59,81,10179,60,10260,50,6611,4996,1000914,6661,1005910,"1mill"
50,1,890,"petite","second",52,36,5017,5067,88,10084,3787,4194,372156,642172,7981,1014328,"1mill"
50,2,870,"petite","second",25,42,2719,7293,67,10012,1988,5390,195127,823604,7378,1018731,"1mill"
50,3,860,"petite","second",12,53,1085,8919,65,10004,747,6250,73353,947974,6997,1021327,"1mill"
50,4,855,"petite","second",5,52,525,9530,57,10055,342,6520,34283,988896,6862,1023179,"1mill"
50,5,855,"petite","second",3,63,387,9700,66,10087,274,6571,26079,999815,6845,1025894,"1mill"
50,6,850,"petite","second",2,60,307,9887,62,10194,197,6504,19579,995203,6701,1014782,"1mill"
13,1,885,"petite","second",52,33,5077,5198,85,10275,3769,4182,367601,637610,7951,1005211,"1mill"
13,2,870,"petite","second",33,40,3418,6808,73,10226,2462,4997,245422,767025,7459,1012447,"1mill"
13,3,855,"petite","second",15,52,1634,8583,67,10217,1101,5802,108325,892503,6903,1000828,"1mill"
13,4,855,"petite","second",6,53,622,9467,59,10089,415,6454,41801,983327,6869,1025128,"1mill"
13,5,850,"petite","second",2,61,134,9879,63,10013,89,6479,8826,993787,6568,1002613,"1mill"
13,6,850,"petite","second",1,57,170,9870,58,10040,113,6469,11048,995747,6582,1006795,"1mill"
13,7,850,"petite","second",1,59,126,10025,60,10151,81,6578,7897,1010085,6659,1017982,"1mill"
13,8,850,"petite","second",1,61,65,10073,62,10138,41,6698,4100,1016326,6739,1020426,"1mill"
37,1,890,"petite","second",509,333,50089,50278,842,100367,37804,41739,3694631,6377814,79543,10072445,"10mill"
37,2,870,"petite","second",277,435,29011,71115,712,100126,21154,52644,2085184,8047437,73798,10132621,"10mill"
37,3,860,"petite","second",162,506,16325,83677,668,100002,11274,58605,1116419,8949683,69879,10066102,"10mill"
37,4,855,"petite","second",97,541,10341,89743,638,100084,7000,60949,689444,9318656,67949,10008100,"10mill"
37,5,855,"petite","second",54,570,5482,94525,624,100007,3672,63986,363873,9800652,67658,10164525,"10mill"
37,6,850,"petite","second",13,601,1698,98469,614,100167,1112,65142,110336,9931446,66254,10041782,"10mill"
37,7,850,"petite","second",11,628,1037,99107,639,100144,682,65458,67184,9987443,66140,10054627,"10mill"
37,8,850,"petite","second",3,618,372,99731,621,100103,238,65865,24064,10050311,66103,10074375,"10mill"
37,9,850,"petite","second",4,605,512,99692,609,100204,338,65830,33437,10050959,66168,10084396,"10mill"
37,10,850,"petite","second",2,595,169,100389,597,100558,110,66336,11036,10120582,66446,10131618,"10mill"
37,11,850,"petite","second",2,632,166,99886,634,100052,109,65888,10660,10068745,65997,10079405,"10mill"
37,12,850,"petite","second",1,600,146,99888,601,100034,96,65980,9520,10074542,66076,10084062,"10mill"
30,1,890,"petite","second",517,333,50053,50067,850,100120,37875,41508,3694935,6342952,79383,10037887,"10mill"
30,2,870,"petite","second",291,423,31373,68678,714,100051,22834,50908,2256243,7774090,73742,10030333,"10mill"
30,3,860,"petite","second",150,493,16542,83474,643,100016,11472,58346,1131778,8912762,69818,10044540,"10mill"
30,4,855,"petite","second",95,563,9876,90331,658,100207,6598,61383,656861,9374426,67981,10031287,"10mill"
30,5,855,"petite","second",33,575,3234,96823,608,100057,2178,65618,214719,10046023,67796,10260742,"10mill"
30,6,850,"petite","second",17,589,1729,98325,606,100054,1144,65093,112624,9918539,66237,10031163,"10mill"
30,7,850,"petite","second",6,614,555,99557,620,100112,344,65936,35462,10039691,66280,10075153,"10mill"
30,8,850,"petite","second",4,604,696,99313,608,100009,474,65404,45233,10005962,65878,10051195,"10mill"
30,9,850,"petite","second",4,617,563,99519,621,100082,373,65784,36456,10044265,66157,10080721,"10mill"
30,10,850,"petite","second",3,625,307,99732,628,100039,190,66149,19848,10057562,66339,10077410,"10mill"
30,11,850,"petite","second",4,596,385,99754,600,100139,248,66021,24854,10064595,66269,10089449,"10mill"
30,12,850,"petite","second",6,622,449,99583,628,100032,293,65791,29088,10045581,66084,10074669,"10mill"
30,13,850,"petite","second",1,620,187,99840,621,100027,123,66070,12120,10082701,66193,10094821,"10mill"
39,1,890,"petite","second",507,330,50062,50078,837,100140,37856,41626,3701391,6347984,79482,10049375,"10mill"
39,2,870,"petite","second",282,411,29913,70382,693,100295,21921,52379,2150756,7970605,74300,10121361,"10mill"
39,3,865,"petite","second",170,530,17733,82285,700,100018,12558,59281,1245994,9033584,71839,10279578,"10mill"
39,4,855,"petite","second",76,577,7519,92614,653,100133,5069,63248,501232,9614731,68317,10115963,"10mill"
39,5,855,"petite","second",34,590,3188,96927,624,100115,2126,66071,211750,10062810,68197,10274560,"10mill"
39,6,850,"petite","second",16,603,1873,98276,619,100149,1214,64891,121974,9898683,66105,10020657,"10mill"
39,7,850,"petite","second",3,610,382,99689,613,100071,255,65720,24599,10039755,65975,10064354,"10mill"
39,8,850,"petite","second",1,603,64,99936,604,100000,46,66078,4237,10077435,66124,10081672,"10mill"
39,9,850,"petite","second",1,613,170,100039,614,100209,102,66107,10957,10085587,66209,10096544,"10mill"
39,10,850,"petite","second",1,608,52,100083,609,100135,34,66051,3190,10089731,66085,10092921,"10mill"
4,1,890,"petite","second",510,329,50023,50085,839,100108,37724,41485,3693188,6343213,79209,10036401,"10mill"
4,2,870,"petite","second",273,428,29372,70629,701,100001,21493,52174,2116683,7989383,73667,10106066,"10mill"
4,3,860,"petite","second",150,517,15728,84317,667,100045,10745,58866,1073806,8992574,69611,10066380,"10mill"
4,4,855,"petite","second",77,556,8425,91649,633,100074,5710,62114,561310,9501436,67824,10062746,"10mill"
4,5,855,"petite","second",44,591,5022,95053,635,100075,3344,64678,332867,9862518,68022,10195385,"10mill"
4,6,850,"petite","second",23,585,2317,97763,608,100080,1507,64413,151149,9852331,65920,10003480,"10mill"
4,7,850,"petite","second",13,601,1566,98461,614,100027,1011,64987,100162,9923569,65998,10023731,"10mill"
4,8,850,"petite","second",6,600,712,99431,606,100143,473,65765,46545,10031390,66238,10077935,"10mill"
4,9,850,"petite","second",7,608,1010,99336,615,100346,683,65435,65656,10002886,66118,10068542,"10mill"
4,10,850,"petite","second",3,622,226,99829,625,100055,149,65905,14429,10074819,66054,10089248,"10mill"
4,11,850,"petite","second",1,602,51,100210,603,100261,32,66220,3214,10095707,66252,10098921,"10mill"
3,1,890,"petite","second",496,333,50063,50079,829,100142,37924,41705,3695121,6354369,79629,10049490,"10mill"
3,2,870,"petite","second",265,444,27630,72487,709,100117,20057,53811,1985173,8204326,73868,10189499,"10mill"
3,3,860,"petite","second",139,516,14174,86016,655,100190,9803,60205,967561,9185664,70008,10153225,"10mill"
3,4,855,"petite","second",71,578,7345,92720,649,100065,4884,63020,488955,9613228,67904,10102183,"10mill"
3,5,855,"petite","second",33,572,3382,96654,605,100036,2232,65608,222313,10017583,67840,10239896,"10mill"
3,6,850,"petite","second",16,617,1803,98356,633,100159,1144,64970,115789,9914599,66114,10030388,"10mill"
3,7,850,"petite","second",3,598,263,99775,601,100038,164,66097,16767,10062583,66261,10079350,"10mill"
3,8,850,"petite","second",2,621,285,99834,623,100119,180,66004,18585,10061848,66184,10080433,"10mill"
2,1,890,"petite","second",496,331,50035,50090,827,100125,37766,41601,3694253,6359983,79367,10054236,"10mill"
2,2,870,"petite","second",300,419,30445,69589,719,100034,22132,51588,2188149,7863557,73720,10051706,"10mill"
2,3,860,"petite","second",135,516,14850,85269,651,100119,10276,59558,1014314,9094255,69834,10108569,"10mill"
2,4,855,"petite","second",85,564,8938,91198,649,100136,5930,62113,595290,9470152,68043,10065442,"10mill"
2,5,855,"petite","second",33,578,3382,96622,611,100004,2268,65588,223688,10025011,67856,10248699,"10mill"
2,6,850,"petite","second",16,599,1684,98469,615,100153,1084,65145,109584,9926062,66229,10035646,"10mill"
2,7,850,"petite","second",10,599,1141,98966,609,100107,731,65107,74562,9956356,65838,10030918,"10mill"
2,8,850,"petite","second",7,588,892,99304,595,100196,578,65583,57456,10003973,66161,10061429,"10mill"
2,9,850,"petite","second",4,617,499,99617,621,100116,332,65923,32535,10036564,66255,10069099,"10mill"
2,10,850,"petite","second",1,605,126,100140,606,100266,81,66116,8182,10091113,66197,10099295,"10mill"
38,1,890,"petite","second",505,324,50019,50093,829,100112,37784,41702,3688278,6362461,79486,10050739,"10mill"
38,2,870,"petite","second",293,419,31364,68657,712,100021,22803,50893,2257063,7769311,73696,10026374,"10mill"
38,3,860,"petite","second",160,494,17017,83038,654,100055,11710,58172,1160092,8881442,69882,10041534,"10mill"
38,4,855,"petite","second",95,543,9889,90270,638,100159,6629,61574,657604,9365954,68203,10023558,"10mill"
38,5,855,"petite","second",54,561,5868,94326,615,100194,3925,64026,389551,9786832,67951,10176383,"10mill"
38,6,855,"petite","second",25,625,2530,97608,650,100138,1656,66369,168773,10111307,68025,10280080,"10mill"
38,7,850,"petite","second",11,594,1327,98707,605,100034,877,65033,86886,9940941,65910,10027827,"10mill"
38,8,850,"petite","second",10,619,1125,99001,629,100126,735,65233,72872,9984809,65968,10057681,"10mill"
38,9,850,"petite","second",6,619,791,99299,625,100090,528,66007,51620,10012918,66535,10064538,"10mill"
38,10,850,"petite","second",2,617,292,99768,619,100060,190,65865,19248,10056167,66055,10075415,"10mill"
38,11,850,"petite","second",1,618,119,100044,619,100163,78,66041,7507,10077193,66119,10084700,"10mill"
38,12,850,"petite","second",4,613,300,99782,617,100082,185,65744,19397,10050900,65929,10070297,"10mill"
5,1,890,"petite","second",512,340,50115,50077,852,100192,37866,41694,3694457,6351831,79560,10046288,"10mill"
5,2,870,"petite","second",292,425,31752,68465,717,100217,23083,50840,2280553,7751482,73923,10032035,"10mill"
5,3,865,"petite","second",175,499,18609,81433,674,100042,13177,58683,1302400,8947533,71860,10249933,"10mill"
5,4,860,"petite","second",98,543,10759,89346,641,100105,7352,62433,736068,9533139,69785,10269207,"10mill"
5,5,855,"petite","second",52,580,6044,94079,632,100123,4080,63949,401596,9759023,68029,10160619,"10mill"
5,6,855,"petite","second",25,623,2919,97220,648,100139,1991,66245,195030,10089915,68236,10284945,"10mill"
5,7,850,"petite","second",6,611,689,99588,617,100277,440,65992,44085,10056674,66432,10100759,"10mill"
5,8,850,"petite","second",2,618,209,99844,620,100053,140,65986,13681,10056559,66126,10070240,"10mill"
5,9,850,"petite","second",1,624,70,100126,625,100196,46,66095,4538,10106996,66141,10111534,"10mill"
31,1,890,"petite","second",507,332,50019,50006,839,100025,37637,41528,3690174,6349825,79165,10039999,"10mill"
31,2,870,"petite","second",266,454,27450,72601,720,100051,19905,53964,1973209,8223335,73869,10196544,"10mill"
31,3,860,"petite","second",127,549,13758,86316,676,100074,9523,60352,941590,9226113,69875,10167703,"10mill"
31,4,855,"petite","second",67,570,7186,92930,637,100116,4863,63364,479748,9648738,68227,10128486,"10mill"
31,5,855,"petite","second",33,592,3603,96500,625,100103,2416,65605,241963,10012538,68021,10254501,"10mill"
31,6,850,"petite","second",11,606,1324,98718,617,100042,867,65198,85590,9956018,66065,10041608,"10mill"
31,7,850,"petite","second",4,623,278,99854,627,100132,168,66176,17798,10071439,66344,10089237,"10mill"
31,8,850,"petite","second",1,602,83,100063,603,100146,57,65993,5571,10083009,66050,10088580,"10mill"
36,1,890,"petite","second",504,342,50048,50089,846,100137,37606,41734,3694145,6359104,79340,10053249,"10mill"
36,2,870,"petite","second",274,456,28324,71831,730,100155,20551,53412,2034270,8131061,73963,10165331,"10mill"
36,3,860,"petite","second",143,505,15334,84808,648,100142,10564,59280,1045883,9056447,69844,10102330,"10mill"
36,4,855,"petite","second",69,555,6822,93296,624,100118,4561,63439,452538,9669028,68000,10121566,"10mill"
36,5,855,"petite","second",51,573,5279,94959,624,100238,3572,64733,352080,9865999,68305,10218079,"10mill"
36,6,850,"petite","second",27,594,2544,97570,621,100114,1640,64426,163528,9842449,66066,10005977,"10mill"
36,7,850,"petite","second",13,627,1235,98866,640,100101,807,65253,79460,9959024,66060,10038484,"10mill"
36,8,850,"petite","second",5,617,455,99680,622,100135,306,65689,29173,10045782,65995,10074955,"10mill"
36,9,850,"petite","second",3,602,247,99846,605,100093,161,66090,16116,10073491,66251,10089607,"10mill"
14,1,890,"petite","second",517,333,50044,50058,850,100102,37909,41935,3685438,6368734,79844,10054172,"10mill"
14,2,870,"petite","second",311,427,32437,67726,738,100163,23623,50429,2336864,7672923,74052,10009787,"10mill"
14,3,865,"petite","second",177,489,19196,81039,666,100235,13552,58452,1348136,8899375,72004,10247511,"10mill"
14,4,860,"petite","second",103,520,10596,89507,623,100103,7223,62558,721520,9548347,69781,10269867,"10mill"
14,5,855,"petite","second",51,571,5538,94632,622,100170,3734,64462,367890,9814884,68196,10182774,"10mill"
14,6,850,"petite","second",19,604,2116,98054,623,100170,1415,64744,137285,9881958,66159,10019243,"10mill"
14,7,850,"petite","second",19,597,2192,98104,616,100296,1407,64741,141326,9888437,66148,10029763,"10mill"
14,8,850,"petite","second",4,632,433,99579,636,100012,276,65679,28365,10029472,65955,10057837,"10mill"
14,9,850,"petite","second",2,603,324,99808,605,100132,216,65869,20772,10068190,66085,10088962,"10mill"
13,1,890,"petite","second",511,321,50023,50064,832,100087,37629,41681,3686466,6347892,79310,10034358,"10mill"
13,2,870,"petite","second",286,423,30471,69579,709,100050,22112,51506,2190869,7859088,73618,10049957,"10mill"
13,3,865,"petite","second",172,504,18412,81621,676,100033,12990,58906,1284707,8988755,71896,10273462,"10mill"
13,4,855,"petite","second",89,548,9386,90671,637,100057,6386,61578,624297,9406102,67964,10030399,"10mill"
13,5,855,"petite","second",47,585,4468,95746,632,100214,3026,65014,296909,9940735,68040,10237644,"10mill"
13,6,855,"petite","second",22,603,2584,97429,625,100013,1736,66318,173168,10100711,68054,10273879,"10mill"
13,7,850,"petite","second",8,622,793,99298,630,100091,524,65539,51310,10006678,66063,10057988,"10mill"
13,8,850,"petite","second",1,602,159,99881,603,100040,108,65942,10662,10048238,66050,10058900,"10mill"
13,9,850,"petite","second",1,578,80,100085,579,100165,55,66096,5124,10080854,66151,10085978,"10mill"
13,10,850,"petite","second",1,625,162,99912,626,100074,102,66071,10173,10075470,66173,10085643,"10mill"
13,11,850,"petite","second",2,610,158,99959,612,100117,96,65998,9906,10081551,66094,10091457,"10mill"
13,12,850,"petite","second",1,637,147,100040,638,100187,93,66205,9222,10092955,66298,10102177,"10mill"
13,13,850,"petite","second",1,618,56,99995,619,100051,37,65879,3683,10078912,65916,10082595,"10mill"
13,14,850,"petite","second",2,607,216,99869,609,100085,142,65824,13922,10067792,65966,10081714,"10mill"
13,15,850,"petite","second",1,606,153,99849,607,100002,102,65821,10107,10073293,65923,10083400,"10mill"
25,1,890,"petite","second",509,334,50058,50093,843,100151,37787,41678,3691111,6362613,79465,10053724,"10mill"
25,2,870,"petite","second",285,440,29787,70244,725,100031,21674,52174,2143218,7956205,73848,10099423,"10mill"
25,3,865,"petite","second",172,504,17824,82276,676,100100,12660,59276,1247317,9037160,71936,10284477,"10mill"
25,4,855,"petite","second",88,557,9005,91185,645,100190,6037,61976,597965,9453807,68013,10051772,"10mill"
25,5,855,"petite","second",30,593,3287,96863,623,100150,2167,65892,217336,10041982,68059,10259318,"10mill"
25,6,855,"petite","second",27,582,3021,97026,609,100047,2081,65891,201191,10056951,67972,10258142,"10mill"
25,7,850,"petite","second",11,603,1256,98785,614,100041,795,65381,80489,9952773,66176,10033262,"10mill"
25,8,850,"petite","second",3,620,224,99858,623,100082,148,65984,14718,10067486,66132,10082204,"10mill"
25,9,850,"petite","second",2,621,115,100015,623,100130,79,66158,7441,10082347,66237,10089788,"10mill"
25,10,850,"petite","second",1,604,68,100124,605,100192,46,66164,4466,10091436,66210,10095902,"10mill"
25,11,850,"petite","second",1,626,139,100048,627,100187,92,66267,8710,10089654,66359,10098364,"10mill"
22,1,890,"petite","second",510,335,50057,50098,845,100155,37835,41668,3699531,6356496,79503,10056027,"10mill"
22,2,870,"petite","second",279,434,29597,70472,713,100069,21502,52240,2130816,7967623,73742,10098439,"10mill"
22,3,860,"petite","second",158,499,16969,83060,657,100029,11722,58245,1159278,8869326,69967,10028604,"10mill"
22,4,855,"petite","second",84,551,8741,91313,635,100054,5830,61984,580219,9477127,67814,10057346,"10mill"
22,5,855,"petite","second",34,582,3363,96809,616,100172,2269,66025,224265,10051917,68294,10276182,"10mill"
22,6,855,"petite","second",21,600,2576,97464,621,100040,1750,66401,171577,10114044,68151,10285621,"10mill"
22,7,850,"petite","second",21,608,2017,98141,629,100158,1333,64805,131851,9895936,66138,10027787,"10mill"
22,8,850,"petite","second",9,603,1135,99029,612,100164,740,65610,73075,9974828,66350,10047903,"10mill"
22,9,850,"petite","second",3,620,416,99599,623,100015,263,65984,27095,10052963,66247,10080058,"10mill"
22,10,850,"petite","second",4,623,605,99591,627,100196,393,65749,39496,10041549,66142,10081045,"10mill"
22,11,850,"petite","second",3,613,292,99807,616,100099,185,66010,18892,10059218,66195,10078110,"10mill"
22,12,850,"petite","second",2,612,221,99800,614,100021,150,65927,14369,10067495,66077,10081864,"10mill"
22,13,850,"petite","second",2,610,261,99837,612,100098,181,65967,17393,10071059,66148,10088452,"10mill"
22,14,850,"petite","second",3,604,290,99930,607,100220,186,65981,18774,10063029,66167,10081803,"10mill"
22,15,850,"petite","second",2,606,318,99887,608,100205,210,66004,20596,10072467,66214,10093063,"10mill"
49,1,890,"petite","second",497,325,50081,50065,822,100146,37647,41573,3701595,6360612,79220,10062207,"10mill"
49,2,870,"petite","second",267,433,29201,71164,700,100365,21079,52731,2096050,8043734,73810,10139784,"10mill"
49,3,860,"petite","second",149,503,16574,83514,652,100088,11429,58477,1128788,8905338,69906,10034126,"10mill"
49,4,855,"petite","second",77,538,9255,90877,615,100132,6233,61843,616292,9433164,68076,10049456,"10mill"
49,5,855,"petite","second",41,594,4986,95017,635,100003,3337,64494,330548,9864667,67831,10195215,"10mill"
49,6,850,"petite","second",30,603,2950,97261,633,100211,1948,63997,192070,9824025,65945,10016095,"10mill"
49,7,850,"petite","second",17,612,1771,98240,629,100011,1164,65005,113946,9902097,66169,10016043,"10mill"
49,8,850,"petite","second",16,590,1638,98486,606,100124,1053,65025,105264,9921919,66078,10027183,"10mill"
49,9,850,"petite","second",14,586,1412,98774,600,100186,917,65238,90770,9955938,66155,10046708,"10mill"
49,10,850,"petite","second",4,619,463,99594,623,100057,320,65857,30472,10035206,66177,10065678,"10mill"
49,11,850,"petite","second",6,611,542,99489,617,100031,372,65814,35128,10035466,66186,10070594,"10mill"
49,12,850,"petite","second",2,605,156,99981,607,100137,96,66226,9677,10092762,66322,10102439,"10mill"
49,13,850,"petite","second",2,613,160,99941,615,100101,108,66081,10493,10078448,66189,10088941,"10mill"
47,1,890,"petite","second",505,324,50031,50064,829,100095,37843,41599,3686928,6341026,79442,10027954,"10mill"
47,2,870,"petite","second",308,435,31399,68706,743,100105,22900,50724,2259700,7756713,73624,10016413,"10mill"
47,3,865,"petite","second",178,501,18942,81093,679,100035,13414,58499,1323757,8906472,71913,10230229,"10mill"
47,4,860,"petite","second",93,561,10153,89871,654,100024,6916,62923,690841,9592344,69839,10283185,"10mill"
47,5,855,"petite","second",54,576,5618,94730,630,100348,3802,64357,374117,9831846,68159,10205963,"10mill"
47,6,855,"petite","second",22,603,2131,97880,625,100011,1438,66474,142497,10134227,67912,10276724,"10mill"
47,7,850,"petite","second",10,608,1029,99187,618,100216,667,65394,66494,9977672,66061,10044166,"10mill"
47,8,850,"petite","second",2,631,247,99908,633,100155,158,66262,15812,10081066,66420,10096878,"10mill"
47,9,850,"petite","second",1,604,123,99960,605,100083,87,66114,8190,10061890,66201,10070080,"10mill"
47,10,850,"petite","second",1,612,55,100005,613,100060,32,66312,3506,10102436,66344,10105942,"10mill"
40,1,890,"petite","second",497,319,50027,50140,816,100167,37839,41711,3691121,6367953,79550,10059074,"10mill"
40,2,870,"petite","second",279,444,28574,71546,723,100120,20703,53092,2050296,8082085,73795,10132381,"10mill"
40,3,860,"petite","second",159,502,15728,84379,661,100107,10825,58952,1072979,8999138,69777,10072117,"10mill"
40,4,855,"petite","second",65,553,7719,92495,618,100214,5153,62942,514339,9595932,68095,10110271,"10mill"
40,5,855,"petite","second",37,594,3860,96153,631,100013,2553,65470,257088,9973021,68023,10230109,"10mill"
40,6,850,"petite","second",21,600,2210,97832,621,100042,1446,64771,143409,9861908,66217,10005317,"10mill"
40,7,850,"petite","second",7,604,707,99413,611,100120,457,65724,45456,10029286,66181,10074742,"10mill"
40,8,850,"petite","second",1,622,141,99965,623,100106,90,66044,9097,10084778,66134,10093875,"10mill"
23,1,890,"petite","second",515,326,50033,50154,841,100187,37994,41693,3697003,6366862,79687,10063865,"10mill"
23,2,870,"petite","second",303,427,31727,68429,730,100156,22928,50787,2270539,7740179,73715,10010718,"10mill"
23,3,865,"petite","second",166,505,17963,82263,671,100226,12679,59245,1254782,9031658,71924,10286440,"10mill"
23,4,855,"petite","second",92,564,10061,90140,656,100201,6734,61215,670642,9358727,67949,10029369,"10mill"
23,5,855,"petite","second",48,565,5367,94683,613,100050,3590,64375,356609,9836039,67965,10192648,"10mill"
23,6,850,"petite","second",20,588,2054,98155,608,100209,1345,64888,132924,9893072,66233,10025996,"10mill"
23,7,850,"petite","second",12,619,959,99051,631,100010,627,65475,61466,9982338,66102,10043804,"10mill"
23,8,850,"petite","second",8,591,908,99097,599,100005,593,65214,59283,9983362,65807,10042645,"10mill"
23,9,850,"petite","second",2,604,215,100071,606,100286,134,66015,14025,10100882,66149,10114907,"10mill"
24,1,890,"petite","second",500,312,50114,50169,812,100283,37840,41739,3698070,6372418,79579,10070488,"10mill"
24,2,870,"petite","second",279,438,28445,71678,717,100123,20691,53061,2047531,8112001,73752,10159532,"10mill"
24,3,860,"petite","second",146,515,16689,83473,661,100162,11546,58270,1141413,8915422,69816,10056835,"10mill"
24,4,855,"petite","second",79,530,8481,91549,609,100030,5672,62437,565137,9512240,68109,10077377,"10mill"
24,5,855,"petite","second",49,572,5607,94554,621,100161,3822,64424,373508,9799738,68246,10173246,"10mill"
24,6,855,"petite","second",28,603,2779,97296,631,100075,1878,66159,183010,10090003,68037,10273013,"10mill"
24,7,850,"petite","second",15,597,1574,98583,612,100157,993,65321,100970,9952548,66314,10053518,"10mill"
24,8,850,"petite","second",3,602,354,99744,605,100098,234,65970,23018,10054986,66204,10078004,"10mill"
24,9,850,"petite","second",5,611,463,99592,616,100055,309,65834,29693,10050924,66143,10080617,"10mill"
24,10,850,"petite","second",1,610,71,100076,611,100147,45,66197,4455,10082779,66242,10087234,"10mill"
12,1,890,"petite","second",505,324,50023,50040,829,100063,37847,41629,3684290,6359107,79476,10043397,"10mill"
12,2,870,"petite","second",278,433,29758,70593,711,100351,21727,52350,2146838,7977739,74077,10124577,"10mill"
12,3,860,"petite","second",163,524,16601,83438,687,100039,11426,58592,1135140,8918229,70018,10053369,"10mill"
12,4,855,"petite","second",90,567,8740,91406,657,100146,5832,62147,581458,9480375,67979,10061833,"10mill"
12,5,855,"petite","second",40,584,4161,95922,624,100083,2777,65334,276884,9958012,68111,10234896,"10mill"
12,6,850,"petite","second",17,622,1632,98604,639,100236,1073,65207,105185,9935177,66280,10040362,"10mill"
12,7,850,"petite","second",9,598,913,99182,607,100095,598,65645,59409,9990820,66243,10050229,"10mill"
12,8,850,"petite","second",3,610,294,99806,613,100100,186,65874,19011,10061027,66060,10080038,"10mill"
15,1,890,"petite","second",511,332,50075,50015,843,100090,37731,41582,3697322,6342669,79313,10039991,"10mill"
15,2,875,"petite","second",299,414,32729,67516,713,100245,24372,51617,2405873,7854399,75989,10260272,"10mill"
15,3,860,"petite","second",155,493,17227,82788,648,100015,11852,58061,1174952,8844928,69913,10019880,"10mill"
15,4,855,"petite","second",75,556,8348,91728,631,100076,5540,62401,554004,9518165,67941,10072169,"10mill"
15,5,855,"petite","second",34,599,3697,96323,633,100020,2493,65480,246088,9989826,67973,10235914,"10mill"
15,6,850,"petite","second",12,599,1210,98868,611,100078,790,65025,77655,9955936,65815,10033591,"10mill"
15,7,850,"petite","second",10,589,1127,98897,599,100024,732,65477,73630,9987118,66209,10060748,"10mill"
15,8,850,"petite","second",6,601,573,99517,607,100090,363,65741,36658,10036275,66104,10072933,"10mill"
15,9,850,"petite","second",2,595,245,99770,597,100015,171,65614,16025,10052583,65785,10068608,"10mill"
15,10,850,"petite","second",1,629,68,100082,630,100150,44,65987,4451,10088293,66031,10092744,"10mill"
41,1,890,"petite","second",502,336,50058,50038,838,100096,37799,41907,3694067,6350787,79706,10044854,"10mill"
41,2,870,"petite","second",291,418,31241,68881,709,100122,22804,50979,2244000,7782586,73783,10026586,"10mill"
41,3,860,"petite","second",139,528,14794,85352,667,100146,10300,59530,1007975,9123781,69830,10131756,"10mill"
41,4,855,"petite","second",68,570,6841,93455,638,100296,4549,63548,455689,9703315,68097,10159004,"10mill"
41,5,855,"petite","second",31,578,3884,96288,609,100172,2598,65356,259520,9998333,67954,10257853,"10mill"
41,6,850,"petite","second",17,611,1696,98631,628,100327,1096,65122,109934,9925695,66218,10035629,"10mill"
41,7,850,"petite","second",6,604,645,99507,610,100152,418,65630,41629,10041946,66048,10083575,"10mill"
41,8,850,"petite","second",1,616,131,100203,617,100334,87,66098,8206,10104287,66185,10112493,"10mill"
41,9,850,"petite","second",1,595,65,100119,596,100184,41,65985,4151,10095636,66026,10099787,"10mill"
46,1,890,"petite","second",485,329,50099,50130,814,100229,37862,41573,3707216,6367761,79435,10074977,"10mill"
46,2,870,"petite","second",277,429,29428,70688,706,100116,21363,52386,2118745,7997195,73749,10115940,"10mill"
46,3,860,"petite","second",160,507,16908,83270,667,100178,11591,58477,1150016,8905187,70068,10055203,"10mill"
46,4,855,"petite","second",91,540,9186,90821,631,100007,6135,61562,611342,9413145,67697,10024487,"10mill"
46,5,855,"petite","second",44,576,4740,95288,620,100028,3179,64613,317010,9878736,67792,10195746,"10mill"
46,6,850,"petite","second",22,591,1889,98187,613,100076,1222,64864,123118,9905338,66086,10028456,"10mill"
46,7,850,"petite","second",6,606,579,99513,612,100092,388,65753,37596,10020248,66141,10057844,"10mill"
46,8,850,"petite","second",2,607,225,99784,609,100009,147,65923,14427,10053209,66070,10067636,"10mill"
46,9,850,"petite","second",1,608,91,99918,609,100009,60,66044,5781,10072202,66104,10077983,"10mill"
48,1,890,"petite","second",508,328,50099,50063,836,100162,37913,41656,3706484,6359546,79569,10066030,"10mill"
48,2,870,"petite","second",269,436,28324,71734,705,100058,20557,53253,2038891,8098572,73810,10137463,"10mill"
48,3,860,"petite","second",161,513,16568,83486,674,100054,11418,58477,1129667,8910955,69895,10040622,"10mill"
48,4,855,"petite","second",77,539,8299,91759,616,100058,5589,62594,552637,9531234,68183,10083871,"10mill"
48,5,855,"petite","second",40,592,4591,95439,632,100030,3059,64997,304304,9897187,68056,10201491,"10mill"
48,6,850,"petite","second",14,598,1452,98655,612,100107,987,65203,94726,9950368,66190,10045094,"10mill"
48,7,850,"petite","second",5,606,431,99658,611,100089,283,65781,28325,10041367,66064,10069692,"10mill"
48,8,850,"petite","second",3,610,318,99725,613,100043,214,65989,21303,10049448,66203,10070751,"10mill"
48,9,850,"petite","second",1,608,57,100030,609,100087,37,66151,3603,10085718,66188,10089321,"10mill"
33,1,890,"petite","second",502,338,50023,50040,840,100063,37760,41588,3696573,6359910,79348,10056483,"10mill"
33,2,875,"petite","second",292,415,32018,68034,707,100052,23939,51898,2360330,7915704,75837,10276034,"10mill"
33,3,865,"petite","second",177,508,18740,81331,685,100071,13357,58733,1318101,8934677,72090,10252778,"10mill"
33,4,855,"petite","second",83,550,8920,91113,633,100033,5973,61926,594254,9459060,67899,10053314,"10mill"
33,5,855,"petite","second",42,577,4623,95434,619,100057,3040,64875,308245,9906380,67915,10214625,"10mill"
33,6,850,"petite","second",16,604,1632,98405,620,100037,1093,64948,106559,9923349,66041,10029908,"10mill"
33,7,850,"petite","second",9,628,887,99179,637,100066,580,65377,57313,10001019,65957,10058332,"10mill"
33,8,850,"petite","second",2,613,293,99749,615,100042,198,65804,18818,10048307,66002,10067125,"10mill"
33,9,850,"petite","second",1,618,141,99881,619,100022,98,66081,9397,10067157,66179,10076554,"10mill"
9,1,890,"petite","second",524,345,50089,50147,869,100236,37475,41587,3689519,6355196,79062,10044715,"10mill"
9,2,870,"petite","second",286,417,31305,68807,703,100112,22786,50934,2251121,7783887,73720,10035008,"10mill"
9,3,860,"petite","second",151,500,16316,83899,651,100215,11326,58872,1120395,8959495,70198,10079890,"10mill"
9,4,855,"petite","second",81,565,9063,90940,646,100003,6112,61716,606658,9436563,67828,10043221,"10mill"
9,5,855,"petite","second",46,565,5325,94763,611,100088,3512,64037,351709,9815766,67549,10167475,"10mill"
9,6,855,"petite","second",23,595,2897,97130,618,100027,1925,65979,191603,10074996,67904,10266599,"10mill"
9,7,850,"petite","second",12,619,1165,98932,631,100097,773,65367,76351,9980945,66140,10057296,"10mill"
9,8,850,"petite","second",5,607,559,99456,612,100015,351,65706,36571,10030372,66057,10066943,"10mill"
9,9,850,"petite","second",4,589,455,99649,593,100104,288,65826,29547,10042298,66114,10071845,"10mill"
9,10,850,"petite","second",3,600,394,99737,603,100131,258,65628,25110,10046752,65886,10071862,"10mill"
9,11,850,"petite","second",1,603,104,99967,604,100071,71,66079,6646,10071609,66150,10078255,"10mill"
9,12,850,"petite","second",1,602,175,99964,603,100139,110,66136,10896,10090205,66246,10101101,"10mill"
9,13,850,"petite","second",2,599,188,99859,601,100047,122,65920,12274,10072095,66042,10084369,"10mill"
34,1,890,"petite","second",501,336,50028,50079,837,100107,37775,41631,3693500,6355994,79406,10049494,"10mill"
34,2,870,"petite","second",259,446,27591,72533,705,100124,20057,53869,1985266,8208693,73926,10193959,"10mill"
34,3,860,"petite","second",153,505,16095,83962,658,100057,11102,58789,1097791,8964159,69891,10061950,"10mill"
34,4,855,"petite","second",87,555,8967,91237,642,100204,6017,61912,596767,9468413,67929,10065180,"10mill"
34,5,855,"petite","second",51,565,5350,94728,616,100078,3612,64429,356619,9829190,68041,10185809,"10mill"
34,6,850,"petite","second",17,607,1653,98434,624,100087,1085,64941,106522,9922930,66026,10029452,"10mill"
34,7,850,"petite","second",7,585,905,99186,592,100091,604,65536,58096,10003625,66140,10061721,"10mill"
34,8,850,"petite","second",2,594,154,99890,596,100044,94,66042,9997,10067890,66136,10077887,"10mill"
34,9,850,"petite","second",2,619,135,99909,621,100044,93,65855,8682,10076886,65948,10085568,"10mill"
34,10,850,"petite","second",3,613,302,99706,616,100008,199,65853,19852,10044233,66052,10064085,"10mill"
34,11,850,"petite","second",1,601,64,99937,602,100001,41,65964,4204,10066477,66005,10070681,"10mill"
7,1,890,"petite","second",516,323,50083,50095,839,100178,37890,41615,3694402,6349506,79505,10043908,"10mill"
7,2,870,"petite","second",294,412,31350,68844,706,100194,22617,51006,2251618,7776765,73623,10028383,"10mill"
7,3,860,"petite","second",160,495,16469,83944,655,100413,11405,58881,1123684,8971351,70286,10095035,"10mill"
7,4,855,"petite","second",89,559,9202,90926,648,100128,6196,61827,611853,9425438,68023,10037291,"10mill"
7,5,855,"petite","second",42,592,4171,95866,634,100037,2776,65197,277942,9947387,67973,10225329,"10mill"
7,6,850,"petite","second",19,590,2446,97607,609,100053,1588,64631,158095,9854288,66219,10012383,"10mill"
7,7,850,"petite","second",13,601,1330,98763,614,100093,841,65054,85963,9939748,65895,10025711,"10mill"
7,8,850,"petite","second",4,593,507,99513,597,100020,327,65770,32820,10035977,66097,10068797,"10mill"
7,9,850,"petite","second",5,604,445,99631,609,100076,284,65913,28318,10051782,66197,10080100,"10mill"
7,10,850,"petite","second",1,625,91,99956,626,100047,51,65902,5705,10078926,65953,10084631,"10mill"
6,1,890,"petite","second",493,318,50038,50167,811,100205,37923,41836,3697536,6369052,79759,10066588,"10mill"
6,2,870,"petite","second",294,428,31679,68486,722,100165,23053,51081,2279827,7743181,74134,10023008,"10mill"
6,3,865,"petite","second",192,503,19747,80317,695,100064,14080,57899,1382431,8833352,71979,10215783,"10mill"
6,4,855,"petite","second",104,535,10456,89679,639,100135,7071,60907,696840,9309096,67978,10005936,"10mill"
6,5,855,"petite","second",58,577,5731,94448,635,100179,3806,64314,381456,9804362,68120,10185818,"10mill"
6,6,855,"petite","second",31,592,3218,96887,623,100105,2183,65984,214240,10047477,68167,10261717,"10mill"
6,7,850,"petite","second",17,616,1783,98341,633,100124,1198,65194,115390,9929103,66392,10044493,"10mill"
6,8,850,"petite","second",6,606,478,99568,612,100046,314,65826,31204,10036958,66140,10068162,"10mill"
6,9,850,"petite","second",3,601,304,99733,604,100037,187,65977,19610,10054238,66164,10073848,"10mill"
6,10,850,"petite","second",1,601,128,100041,602,100169,83,66337,8300,10093459,66420,10101759,"10mill"
1,1,890,"petite","second",491,333,50010,50018,824,100028,37672,41654,3695930,6342368,79326,10038298,"10mill"
1,2,870,"petite","second",288,422,29643,70376,710,100019,21441,52361,2128908,7966986,73802,10095894,"10mill"
1,3,865,"petite","second",167,500,17634,82482,667,100116,12521,59422,1233739,9045989,71943,10279728,"10mill"
1,4,855,"petite","second",91,561,9270,90772,652,100042,6183,61801,616625,9437570,67984,10054195,"10mill"
1,5,855,"petite","second",51,579,5801,94419,630,100220,3886,64301,386165,9780506,68187,10166671,"10mill"
1,6,855,"petite","second",20,595,2179,97838,615,100017,1439,66323,144558,10137512,67762,10282070,"10mill"
1,7,850,"petite","second",6,584,530,99487,590,100017,351,65699,34114,10019195,66050,10053309,"10mill"
1,8,850,"petite","second",4,592,455,99580,596,100035,292,65906,29745,10043248,66198,10072993,"10mill"
1,9,850,"petite","second",3,602,278,99786,605,100064,179,65809,18075,10051723,65988,10069798,"10mill"
1,10,850,"petite","second",1,613,112,99989,614,100101,71,66000,7276,10087717,66071,10094993,"10mill"
1,11,850,"petite","second",2,613,314,99699,615,100013,202,65955,20398,10050693,66157,10071091,"10mill"
8,1,890,"petite","second",499,327,50071,50303,826,100374,37824,41857,3701097,6383061,79681,10084158,"10mill"
8,2,870,"petite","second",288,432,30018,70069,720,100087,21810,51900,2155448,7928703,73710,10084151,"10mill"
8,3,860,"petite","second",142,515,15670,84465,657,100135,10813,59243,1069223,9017719,70056,10086942,"10mill"
8,4,855,"petite","second",84,558,8540,91601,642,100141,5713,62365,565997,9505826,68078,10071823,"10mill"
8,5,855,"petite","second",42,598,4386,95652,640,100038,2952,65121,290929,9917763,68073,10208692,"10mill"
8,6,850,"petite","second",17,590,1744,98289,607,100033,1148,65045,113475,9920191,66193,10033666,"10mill"
8,7,850,"petite","second",4,619,381,99629,623,100010,252,65642,24863,10046562,65894,10071425,"10mill"
8,8,850,"petite","second",3,609,247,99816,612,100063,166,66002,16139,10063494,66168,10079633,"10mill"
8,9,850,"petite","second",1,606,107,99970,607,100077,73,66071,6689,10072505,66144,10079194,"10mill"
35,1,890,"petite","second",497,325,50036,50312,822,100348,37759,41854,3694347,6387115,79613,10081462,"10mill"
35,2,870,"petite","second",276,427,29511,70492,703,100003,21466,52264,2120542,7969451,73730,10089993,"10mill"
35,3,865,"petite","second",178,496,18306,81787,674,100093,12951,58796,1285455,8978272,71747,10263727,"10mill"
35,4,855,"petite","second",87,554,9370,90636,641,100006,6391,61673,624976,9399251,68064,10024227,"10mill"
35,5,855,"petite","second",30,594,3058,96943,624,100001,2058,65991,203054,10066856,68049,10269910,"10mill"
35,6,850,"petite","second",15,606,1572,98537,621,100109,1018,65256,102370,9934295,66274,10036665,"10mill"
35,7,850,"petite","second",6,599,720,99371,605,100091,461,65577,45711,10025061,66038,10070772,"10mill"
35,8,850,"petite","second",1,633,137,99923,634,100060,94,66044,8964,10085365,66138,10094329,"10mill"
35,9,850,"petite","second",1,610,132,99952,611,100084,80,66035,8338,10072708,66115,10081046,"10mill"
35,10,850,"petite","second",2,606,242,99903,608,100145,164,66108,16129,10079484,66272,10095613,"10mill"
35,11,850,"petite","second",1,606,168,100062,607,100230,103,66065,10713,10074709,66168,10085422,"10mill"
32,1,890,"petite","second",517,320,50015,50057,837,100072,37736,41655,3684379,6344229,79391,10028608,"10mill"
32,2,870,"petite","second",284,419,30220,69990,703,100210,22020,51962,2173886,7922137,73982,10096023,"10mill"
32,3,860,"petite","second",158,508,17453,82722,666,100175,12156,57708,1191232,8820091,69864,10011323,"10mill"
32,4,855,"petite","second",74,553,7735,92320,627,100055,5139,62895,512712,9575402,68034,10088114,"10mill"
32,5,855,"petite","second",38,589,3961,96111,627,100072,2649,65496,265168,9973999,68145,10239167,"10mill"
32,6,850,"petite","second",18,616,1883,98212,634,100095,1226,64862,122753,9914676,66088,10037429,"10mill"
32,7,850,"petite","second",9,594,1140,98879,603,100019,739,65241,73842,9973701,65980,10047543,"10mill"
32,8,850,"petite","second",7,601,682,99374,608,100056,449,65617,43865,10025729,66066,10069594,"10mill"
32,9,850,"petite","second",6,603,576,99523,609,100099,366,65754,37604,10035513,66120,10073117,"10mill"
50,1,890,"petite","second",512,342,50160,50039,854,100199,37753,41797,3697196,6356437,79550,10053633,"10mill"
50,2,870,"petite","second",293,421,30508,69625,714,100133,22179,51791,2192348,7880274,73970,10072622,"10mill"
50,3,860,"petite","second",144,525,15104,85163,669,100267,10461,59493,1032307,9095243,69954,10127550,"10mill"
50,4,855,"petite","second",64,578,6060,94012,642,100072,4077,63837,402903,9758517,67914,10161420,"10mill"
50,5,855,"petite","second",27,599,2659,97374,626,100033,1787,66307,178196,10105672,68094,10283868,"10mill"
50,6,850,"petite","second",7,603,839,99260,610,100099,542,65778,54015,10011736,66320,10065751,"10mill"
43,1,890,"petite","second",500,342,50081,50041,842,100122,37675,41573,3698299,6340719,79248,10039018,"10mill"
43,2,870,"petite","second",250,428,26475,73603,678,100078,19314,54502,1901213,8321356,73816,10222569,"10mill"
43,3,860,"petite","second",128,522,13263,86931,650,100194,9173,60724,905739,9281924,69897,10187663,"10mill"
43,4,855,"petite","second",70,567,7158,92889,637,100047,4804,63162,476650,9621087,67966,10097737,"10mill"
43,5,855,"petite","second",43,601,4513,95511,644,100024,3044,65075,302662,9908705,68119,10211367,"10mill"
43,6,850,"petite","second",20,594,2055,98059,614,100114,1351,64911,131568,9889874,66262,10021442,"10mill"
43,7,850,"petite","second",5,609,413,99714,614,100127,274,65593,27130,10027197,65867,10054327,"10mill"
43,8,850,"petite","second",1,624,83,99958,625,100041,53,66074,5453,10066932,66127,10072385,"10mill"
44,1,890,"petite","second",506,327,50065,50208,833,100273,37790,41975,3703216,6378518,79765,10081734,"10mill"
44,2,870,"petite","second",284,418,30454,69652,702,100106,22097,51504,2183417,7873004,73601,10056421,"10mill"
44,3,860,"petite","second",145,513,15975,84040,658,100015,10990,59117,1090469,8981934,70107,10072403,"10mill"
44,4,855,"petite","second",83,556,8876,91179,639,100055,5892,61974,589865,9459806,67866,10049671,"10mill"
44,5,855,"petite","second",39,576,4255,95762,615,100017,2882,65232,284440,9953462,68114,10237902,"10mill"
44,6,855,"petite","second",27,585,3029,97104,612,100133,2084,66164,202762,10086051,68248,10288813,"10mill"
44,7,850,"petite","second",12,608,1128,98883,620,100011,737,65368,72799,9965314,66105,10038113,"10mill"
44,8,850,"petite","second",4,614,410,99605,618,100015,275,65921,26699,10054283,66196,10080982,"10mill"
44,9,850,"petite","second",2,623,177,99988,625,100165,117,66013,11784,10082621,66130,10094405,"10mill"
44,10,850,"petite","second",1,596,60,100205,597,100265,38,66228,3883,10109976,66266,10113859,"10mill"
10,1,890,"petite","second",492,340,50047,50103,832,100150,37664,41772,3691819,6363698,79436,10055517,"10mill"
10,2,870,"petite","second",305,423,31716,68390,728,100106,23113,50734,2281946,7719874,73847,10001820,"10mill"
10,3,860,"petite","second",160,505,16980,83029,665,100009,11698,58139,1159841,8861205,69837,10021046,"10mill"
10,4,855,"petite","second",82,574,8606,91481,656,100087,5767,62250,574774,9503906,68017,10078680,"10mill"
10,5,855,"petite","second",42,583,4623,95627,625,100250,3086,64761,305359,9920239,67847,10225598,"10mill"
10,6,855,"petite","second",25,596,2612,97406,621,100018,1762,66202,173241,10109361,67964,10282602,"10mill"
10,7,850,"petite","second",17,612,1785,98478,629,100263,1174,64971,116432,9933562,66145,10049994,"10mill"
10,8,850,"petite","second",9,597,904,99153,606,100057,599,65389,58961,9999921,65988,10058882,"10mill"
10,9,850,"petite","second",3,615,335,99784,618,100119,222,65775,21718,10049979,65997,10071697,"10mill"
10,10,850,"petite","second",2,614,229,100169,616,100398,154,66231,14733,10108700,66385,10123433,"10mill"
17,1,890,"petite","second",512,317,50034,50093,829,100127,37829,41665,3696698,6360304,79494,10057002,"10mill"
17,2,870,"petite","second",289,422,29632,70478,711,100110,21598,52108,2132201,7966374,73706,10098575,"10mill"
17,3,860,"petite","second",156,502,16098,84090,658,100188,11079,58793,1098260,8979478,69872,10077738,"10mill"
17,4,855,"petite","second",71,565,7588,92482,636,100070,5134,62947,504963,9595152,68081,10100115,"10mill"
17,5,855,"petite","second",30,600,3277,96736,630,100013,2213,65652,219052,10042309,67865,10261361,"10mill"
17,6,850,"petite","second",14,597,1482,98745,611,100227,958,65350,96070,9972752,66308,10068822,"10mill"
17,7,850,"petite","second",6,600,702,99350,606,100052,450,65827,45076,10022654,66277,10067730,"10mill"
17,8,850,"petite","second",7,610,761,99263,617,100024,500,65724,48933,10002536,66224,10051469,"10mill"
28,1,890,"petite","second",509,330,50030,50086,839,100116,37799,41750,3691871,6363227,79549,10055098,"10mill"
28,2,875,"petite","second",303,402,33502,66499,705,100001,24964,50715,2464399,7744936,75679,10209335,"10mill"
28,3,865,"petite","second",191,483,20348,79723,674,100071,14373,57672,1424392,8763938,72045,10188330,"10mill"
28,4,855,"petite","second",100,547,10375,89681,647,100056,6985,61207,690191,9309958,68192,10000149,"10mill"
28,5,855,"petite","second",44,592,4799,95306,636,100105,3207,64701,318334,9880606,67908,10198940,"10mill"
28,6,850,"petite","second",17,615,1566,98555,632,100121,1015,65006,101147,9934983,66021,10036130,"10mill"
28,7,850,"petite","second",5,596,528,99520,601,100048,343,65660,33977,10032175,66003,10066152,"10mill"
28,8,850,"petite","second",4,619,344,99782,623,100126,230,66155,22600,10064444,66385,10087044,"10mill"
28,9,850,"petite","second",2,635,235,99826,637,100061,158,65928,15452,10057384,66086,10072836,"10mill"
28,10,850,"petite","second",2,612,161,100019,614,100180,107,66309,10636,10083816,66416,10094452,"10mill"
28,11,850,"petite","second",1,618,128,99881,619,100009,92,66075,8410,10068974,66167,10077384,"10mill"
28,12,850,"petite","second",1,612,66,99990,613,100056,51,66198,4455,10097126,66249,10101581,"10mill"
21,1,890,"petite","second",513,330,50025,50114,843,100139,37817,41695,3691749,6365491,79512,10057240,"10mill"
21,2,870,"petite","second",290,442,30673,69369,732,100042,22333,51488,2202794,7854599,73821,10057393,"10mill"
21,3,860,"petite","second",144,516,14882,85332,660,100214,10273,59516,1017880,9108395,69789,10126275,"10mill"
21,4,855,"petite","second",85,560,8378,91646,645,100024,5606,62429,556615,9516005,68035,10072620,"10mill"
21,5,855,"petite","second",36,586,3820,96298,622,100118,2534,65596,254884,9990787,68130,10245671,"10mill"
21,6,850,"petite","second",19,604,2008,98078,623,100086,1313,64624,130534,9883047,65937,10013581,"10mill"
21,7,850,"petite","second",7,609,887,99138,616,100025,587,65426,57796,9981023,66013,10038819,"10mill"
21,8,850,"petite","second",5,632,536,99525,637,100061,350,65794,34065,10026168,66144,10060233,"10mill"
21,9,850,"petite","second",3,624,170,99963,627,100133,116,65978,10719,10085638,66094,10096357,"10mill"
21,10,850,"petite","second",1,612,101,99925,613,100026,67,66152,6614,10088602,66219,10095216,"10mill"
26,1,890,"petite","second",497,315,50017,50123,812,100140,37757,41705,3690577,6361070,79462,10051647,"10mill"
26,2,870,"petite","second",270,431,29420,70617,701,100037,21413,52312,2113279,7984305,73725,10097584,"10mill"
26,3,860,"petite","second",160,516,16744,83284,676,100028,11495,58341,1144227,8892504,69836,10036731,"10mill"
26,4,855,"petite","second",95,538,10359,89882,633,100241,6940,61007,691485,9317191,67947,10008676,"10mill"
26,5,855,"petite","second",49,587,5265,94906,636,100171,3549,64777,350887,9846925,68326,10197812,"10mill"
26,6,855,"petite","second",29,600,2888,97209,629,100097,1956,66131,191539,10087852,68087,10279391,"10mill"
26,7,850,"petite","second",8,596,895,99155,604,100050,587,65694,57841,10012343,66281,10070184,"10mill"
26,8,850,"petite","second",2,615,182,100031,617,100213,120,65967,11732,10076319,66087,10088051,"10mill"
26,9,850,"petite","second",1,590,77,100071,591,100148,47,66123,4989,10100474,66170,10105463,"10mill"
26,10,850,"petite","second",1,604,179,99849,605,100028,124,65990,11726,10071750,66114,10083476,"10mill"
26,11,850,"petite","second",2,621,344,99687,623,100031,228,65863,22100,10043736,66091,10065836,"10mill"
26,12,850,"petite","second",2,606,211,99950,608,100161,140,66121,14000,10075481,66261,10089481,"10mill"
19,1,890,"petite","second",515,323,50034,50153,838,100187,37937,41701,3701343,6366668,79638,10068011,"10mill"
19,2,870,"petite","second",295,414,30207,69999,709,100206,21969,51882,2168659,7909019,73851,10077678,"10mill"
19,3,860,"petite","second",152,514,17118,82958,666,100076,11740,58192,1168528,8862363,69932,10030891,"10mill"
19,4,855,"petite","second",87,547,9108,91035,634,100143,6096,62106,608045,9451406,68202,10059451,"10mill"
19,5,855,"petite","second",51,567,5836,94192,618,100028,3923,64301,387704,9792530,68224,10180234,"10mill"
19,6,850,"petite","second",21,581,2080,97948,602,100028,1351,64624,134220,9877905,65975,10012125,"10mill"
19,7,850,"petite","second",11,607,1316,98747,618,100063,877,65256,85211,9948887,66133,10034098,"10mill"
19,8,850,"petite","second",5,596,746,99279,601,100025,499,65598,49112,10017323,66097,10066435,"10mill"
19,9,850,"petite","second",3,619,249,99797,622,100046,169,65937,16749,10053961,66106,10070710,"10mill"
45,1,890,"petite","second",501,329,50037,50182,830,100219,37842,41653,3695530,6367678,79495,10063208,"10mill"
45,2,870,"petite","second",272,444,27610,72450,716,100060,20025,53852,1984443,8191614,73877,10176057,"10mill"
45,3,860,"petite","second",142,509,15965,84064,651,100029,11002,58807,1088630,8970397,69809,10059027,"10mill"
45,4,855,"petite","second",77,560,7857,92265,637,100122,5242,62788,520824,9575531,68030,10096355,"10mill"
45,5,855,"petite","second",31,584,3705,96439,615,100144,2492,65447,246327,10004781,67939,10251108,"10mill"
45,6,850,"petite","second",14,608,1178,98845,622,100023,769,65175,76070,9964569,65944,10040639,"10mill"
45,7,850,"petite","second",13,585,1299,98726,598,100025,836,65203,83182,9953420,66039,10036602,"10mill"
45,8,850,"petite","second",7,596,687,99441,603,100128,442,65938,43950,10038425,66380,10082375,"10mill"
45,9,850,"petite","second",3,611,211,99827,614,100038,144,65934,13484,10070882,66078,10084366,"10mill"
42,1,890,"petite","second",513,332,50068,50097,845,100165,37834,41763,3690339,6355438,79597,10045777,"10mill"
42,2,870,"petite","second",286,423,29409,70757,709,100166,21368,52471,2114075,8008452,73839,10122527,"10mill"
42,3,860,"petite","second",130,546,13095,86990,676,100085,9020,60848,893540,9283647,69868,10177187,"10mill"
42,4,855,"petite","second",68,571,6407,93672,639,100079,4316,63730,424886,9714717,68046,10139603,"10mill"
42,5,855,"petite","second",34,599,3419,96689,633,100108,2280,66057,227943,10035716,68337,10263659,"10mill"
42,6,850,"petite","second",16,586,1562,98520,602,100082,1022,65130,100946,9937308,66152,10038254,"10mill"
42,7,850,"petite","second",7,586,785,99383,593,100168,498,65509,50338,10008522,66007,10058860,"10mill"
42,8,850,"petite","second",2,616,181,99858,618,100039,122,65933,11684,10062157,66055,10073841,"10mill"
27,1,890,"petite","second",493,333,50045,50003,826,100048,37767,41709,3692222,6352395,79476,10044617,"10mill"
27,2,870,"petite","second",287,431,29956,70103,718,100059,21813,51927,2152909,7923894,73740,10076803,"10mill"
27,3,860,"petite","second",136,520,14874,85159,656,100033,10278,59689,1011720,9093599,69967,10105319,"10mill"
27,4,855,"petite","second",75,568,7190,92840,643,100030,4864,63206,480456,9643707,68070,10124163,"10mill"
27,5,855,"petite","second",29,611,3297,96725,640,100022,2250,65818,220696,10050566,68068,10271262,"10mill"
27,6,850,"petite","second",13,598,1263,98847,611,100110,843,65178,81961,9962643,66021,10044604,"10mill"
27,7,850,"petite","second",12,608,1299,98764,620,100063,838,65305,83683,9966066,66143,10049749,"10mill"
27,8,850,"petite","second",7,616,929,99163,623,100092,588,65604,60099,10013867,66192,10073966,"10mill"
27,9,850,"petite","second",5,601,388,99613,606,100001,254,65800,25018,10047792,66054,10072810,"10mill"
18,1,890,"petite","second",507,333,50030,50095,840,100125,37748,41712,3693182,6343618,79460,10036800,"10mill"
18,2,870,"petite","second",273,427,29295,70784,700,100079,21363,52656,2102776,8000514,74019,10103290,"10mill"
18,3,860,"petite","second",162,513,16520,83529,675,100049,11413,58646,1129974,8912478,70059,10042452,"10mill"
18,4,855,"petite","second",80,567,8188,91930,647,100118,5505,62679,544432,9543886,68184,10088318,"10mill"
18,5,855,"petite","second",36,573,3707,96315,609,100022,2518,65707,247446,9994978,68225,10242424,"10mill"
18,6,850,"petite","second",17,602,1950,98166,619,100116,1279,64897,126197,9891015,66176,10017212,"10mill"
18,7,850,"petite","second",9,600,858,99204,609,100062,569,65579,55556,10003204,66148,10058760,"10mill"
18,8,850,"petite","second",5,599,608,99419,604,100027,402,65850,39794,10040991,66252,10080785,"10mill"
18,9,850,"petite","second",2,611,348,99784,613,100132,230,66061,22786,10059979,66291,10082765,"10mill"
18,10,850,"petite","second",1,590,66,99947,591,100013,42,65875,4364,10062853,65917,10067217,"10mill"
20,1,890,"petite","second",490,315,50005,50135,805,100140,37772,41826,3689349,6363733,79598,10053082,"10mill"
20,2,870,"petite","second",263,444,27609,72594,707,100203,20020,54031,1981941,8215598,74051,10197539,"10mill"
20,3,860,"petite","second",145,529,15491,84645,674,100136,10616,59079,1056239,9029514,69695,10085753,"10mill"
20,4,855,"petite","second",70,575,8297,91743,645,100040,5582,62290,550462,9502244,67872,10052706,"10mill"
20,5,855,"petite","second",38,591,4301,95749,629,100050,2890,65195,285942,9944635,68085,10230577,"10mill"
20,6,850,"petite","second",19,600,1619,98550,619,100169,1061,65180,104148,9940375,66241,10044523,"10mill"
20,7,850,"petite","second",5,620,538,99681,625,100219,360,66075,34261,10048388,66435,10082649,"10mill"
20,8,850,"petite","second",2,627,212,99792,629,100004,134,65917,13735,10059484,66051,10073219,"10mill"
16,1,890,"petite","second",492,330,50042,50046,822,100088,37903,41477,3694909,6358550,79380,10053459,"10mill"
16,2,870,"petite","second",287,421,31539,68476,708,100015,22994,50673,2266011,7747629,73667,10013640,"10mill"
16,3,860,"petite","second",166,503,17877,82316,669,100193,12381,57475,1225637,8783705,69856,10009342,"10mill"
16,4,860,"petite","second",109,544,11552,88656,653,100208,7904,62072,788172,9453232,69976,10241404,"10mill"
16,5,855,"petite","second",50,594,5208,94879,644,100087,3508,64501,347675,9852920,68009,10200595,"10mill"
16,6,855,"petite","second",25,609,2601,97418,634,100019,1735,66208,172773,10111984,67943,10284757,"10mill"
16,7,850,"petite","second",7,603,721,99625,610,100346,462,65745,46807,10037111,66207,10083918,"10mill"
16,8,850,"petite","second",6,603,608,99508,609,100116,409,65841,39800,10041414,66250,10081214,"10mill"
16,9,850,"petite","second",2,612,212,99897,614,100109,147,65925,14071,10066851,66072,10080922,"10mill"
29,1,890,"petite","second",513,339,50004,50090,852,100094,37863,41739,3699797,6356010,79602,10055807,"10mill"
29,2,870,"petite","second",304,415,31084,69098,719,100182,22528,51368,2236372,7815025,73896,10051397,"10mill"
29,3,865,"petite","second",177,508,18801,81408,685,100209,13262,58658,1315248,8947903,71920,10263151,"10mill"
29,4,855,"petite","second",89,556,9582,90450,645,100032,6382,61724,638460,9390980,68106,10029440,"10mill"
29,5,855,"petite","second",44,589,4444,95739,633,100183,2958,65259,295103,9930502,68217,10225605,"10mill"
29,6,850,"petite","second",16,605,1597,98645,621,100242,1061,65113,105905,9959663,66174,10065568,"10mill"
29,7,850,"petite","second",5,610,484,99568,615,100052,312,65817,31351,10049077,66129,10080428,"10mill"
29,8,850,"petite","second",3,593,356,99663,596,100019,231,65789,22874,10040106,66020,10062980,"10mill"
29,9,850,"petite","second",1,619,59,100094,620,100153,41,66052,3868,10078551,66093,10082419,"10mill"
11,1,890,"petite","second",497,325,50019,50034,822,100053,37781,41749,3700612,6347212,79530,10047824,"10mill"
11,2,870,"petite","second",254,446,27986,72111,700,100097,20377,53576,2016410,8165938,73953,10182348,"10mill"
11,3,860,"petite","second",141,514,14546,85526,655,100072,10019,59670,994313,9121479,69689,10115792,"10mill"
11,4,855,"petite","second",61,586,6828,93290,647,100118,4553,63547,454148,9689420,68100,10143568,"10mill"
11,5,855,"petite","second",34,604,3515,96520,638,100035,2373,65438,233385,10026491,67811,10259876,"10mill"
11,6,850,"petite","second",12,617,1395,98754,629,100149,923,65169,90915,9953966,66092,10044881,"10mill"
11,7,850,"petite","second",2,613,144,99958,615,100102,87,66423,9160,10090934,66510,10100094,"10mill"
