"sim_number","bootstrap_num","strain1","strain2","clusters_pop1_b","clusters_pop2_b","cells_pop1_b","cells_pop2_b","total_clusters_b","total_cells_b","clusters_pop1_a","clusters_pop2_a","cells_pop1_a","cells_pop2_a","total_clusters_a","total_cells_a","carr_cap"
37,1,"petite","second",37063,41717,3625171,6374834,83434,12749668,2876,4210,306963,693263,8420,1386526,"10mill-boot"
37,2,"petite","second",37048,41526,3630558,6369465,83052,12738930,2865,4224,303516,696635,8448,1393270,"10mill-boot"
37,3,"petite","second",36945,41910,3605033,6394992,83820,12789984,2802,4331,294244,705790,8662,1411580,"10mill-boot"
37,4,"petite","second",37300,41712,3635043,6364965,83424,12729930,2943,4197,307662,692580,8394,1385160,"10mill-boot"
37,5,"petite","second",37144,41707,3635872,6364218,83414,12728436,2777,4318,292720,707301,8636,1414602,"10mill-boot"
37,6,"petite","second",37249,41675,3635681,6364344,83350,12728688,2853,4261,302240,697956,8522,1395912,"10mill-boot"
37,7,"petite","second",37049,41752,3611428,6388636,83504,12777272,2789,4297,293085,706932,8594,1413864,"10mill-boot"
37,8,"petite","second",37158,41531,3638028,6362219,83062,12724438,2784,4284,295284,704989,8568,1409978,"10mill-boot"
37,9,"petite","second",37134,41619,3622173,6377831,83238,12755662,2813,4260,302007,698064,8520,1396128,"10mill-boot"
37,10,"petite","second",37326,41495,3648928,6351181,82990,12702362,2790,4272,293209,707115,8544,1414230,"10mill-boot"
37,11,"petite","second",37001,41676,3615395,6384696,83352,12769392,2857,4257,304115,696175,8514,1392350,"10mill-boot"
37,12,"petite","second",37182,41631,3626587,6373523,83262,12747046,2728,4325,289271,710868,8650,1421736,"10mill-boot"
37,13,"petite","second",37272,41614,3638069,6361942,83228,12723884,2775,4301,293712,706503,8602,1413006,"10mill-boot"
37,14,"petite","second",37086,41715,3625672,6374542,83430,12749084,2848,4234,300854,699457,8468,1398914,"10mill-boot"
37,15,"petite","second",37332,41613,3653586,6346693,83226,12693386,2778,4312,291858,708571,8624,1417142,"10mill-boot"
37,16,"petite","second",37335,41707,3636905,6363132,83414,12726264,2814,4248,298812,701247,8496,1402494,"10mill-boot"
37,17,"petite","second",37407,41342,3662093,6338021,82684,12676042,2843,4240,298159,702283,8480,1404566,"10mill-boot"
37,18,"petite","second",37096,41744,3615255,6384779,83488,12769558,2793,4291,293510,706744,8582,1413488,"10mill-boot"
37,19,"petite","second",36804,41691,3603687,6396422,83382,12792844,2734,4259,290330,710081,8518,1420162,"10mill-boot"
37,20,"petite","second",37420,41574,3657985,6342033,83148,12684066,2701,4355,282636,717881,8710,1435762,"10mill-boot"
37,21,"petite","second",37431,41626,3642280,6357744,83252,12715488,2864,4236,303822,696346,8472,1392692,"10mill-boot"
37,22,"petite","second",37205,41951,3615439,6384600,83902,12769200,2851,4266,299419,700607,8532,1401214,"10mill-boot"
37,23,"petite","second",37332,41457,3644091,6355966,82914,12711932,2814,4286,295172,705414,8572,1410828,"10mill-boot"
37,24,"petite","second",37428,41443,3668386,6331633,82886,12663266,2837,4274,301063,698985,8548,1397970,"10mill-boot"
37,25,"petite","second",37470,41590,3657913,6342146,83180,12684292,2851,4289,299787,700446,8578,1400892,"10mill-boot"
37,26,"petite","second",37418,41778,3648353,6351783,83556,12703566,2853,4292,299628,700383,8584,1400766,"10mill-boot"
37,27,"petite","second",37228,41717,3636043,6364063,83434,12728126,2845,4254,302775,697225,8508,1394450,"10mill-boot"
37,28,"petite","second",37338,41723,3635940,6364206,83446,12728412,2874,4277,303288,696998,8554,1393996,"10mill-boot"
37,29,"petite","second",37321,41480,3648636,6351524,82960,12703048,2794,4265,297180,703075,8530,1406150,"10mill-boot"
37,30,"petite","second",37289,41759,3642994,6357044,83518,12714088,2781,4272,294092,706177,8544,1412354,"10mill-boot"
30,1,"petite","second",37397,41276,3636070,6363958,82552,12727916,2878,4244,302228,698254,8488,1396508,"10mill-boot"
30,2,"petite","second",37071,41491,3609104,6390936,82982,12781872,2731,4256,288759,711282,8512,1422564,"10mill-boot"
30,3,"petite","second",36580,41762,3571362,6428721,83524,12857442,2809,4287,293811,706283,8574,1412566,"10mill-boot"
30,4,"petite","second",37303,41606,3625094,6374921,83212,12749842,2819,4257,294077,706130,8514,1412260,"10mill-boot"
30,5,"petite","second",37143,41670,3620538,6379481,83340,12758962,2738,4362,285640,714592,8724,1429184,"10mill-boot"
30,6,"petite","second",37072,41502,3615989,6384126,83004,12768252,2858,4165,301674,698375,8330,1396750,"10mill-boot"
30,7,"petite","second",36912,41660,3587208,6412871,83320,12825742,2683,4308,280626,719442,8616,1438884,"10mill-boot"
30,8,"petite","second",37195,41442,3629098,6370904,82884,12741808,2840,4203,300434,699584,8406,1399168,"10mill-boot"
30,9,"petite","second",37060,41571,3597883,6402264,83142,12804528,2788,4279,294318,706003,8558,1412006,"10mill-boot"
30,10,"petite","second",37115,41426,3620763,6379284,82852,12758568,2742,4329,287629,712548,8658,1425096,"10mill-boot"
30,11,"petite","second",37086,41594,3593169,6407101,83188,12814202,2742,4244,289593,710571,8488,1421142,"10mill-boot"
30,12,"petite","second",37217,41506,3610589,6389463,83012,12778926,2741,4263,285721,714515,8526,1429030,"10mill-boot"
30,13,"petite","second",37088,41601,3596560,6403466,83202,12806932,2790,4280,289895,710116,8560,1420232,"10mill-boot"
30,14,"petite","second",37189,41540,3615415,6384625,83080,12769250,2761,4312,289501,710571,8624,1421142,"10mill-boot"
30,15,"petite","second",37139,41605,3603347,6396791,83210,12793582,2772,4217,292828,707587,8434,1415174,"10mill-boot"
30,16,"petite","second",36869,41510,3582158,6417873,83020,12835746,2793,4261,293224,706849,8522,1413698,"10mill-boot"
30,17,"petite","second",37312,41555,3629118,6370945,83110,12741890,2790,4321,291377,708869,8642,1417738,"10mill-boot"
30,18,"petite","second",37094,41687,3600900,6399104,83374,12798208,2822,4282,294604,705564,8564,1411128,"10mill-boot"
30,19,"petite","second",37204,41383,3622433,6377677,82766,12755354,2822,4225,298188,702341,8450,1404682,"10mill-boot"
30,20,"petite","second",36886,41551,3580117,6420013,83102,12840026,2745,4268,289792,710786,8536,1421572,"10mill-boot"
30,21,"petite","second",36942,41595,3602818,6397236,83190,12794472,2852,4192,301006,699107,8384,1398214,"10mill-boot"
30,22,"petite","second",36809,41746,3573652,6426404,83492,12852808,2696,4315,283375,716690,8630,1433380,"10mill-boot"
30,23,"petite","second",37203,41528,3617538,6382555,83056,12765110,2810,4300,295403,704937,8600,1409874,"10mill-boot"
30,24,"petite","second",36843,41710,3577753,6422345,83420,12844690,2724,4312,284017,716022,8624,1432044,"10mill-boot"
30,25,"petite","second",36838,41712,3583353,6416779,83424,12833558,2735,4302,286353,713759,8604,1427518,"10mill-boot"
30,26,"petite","second",36892,41653,3586685,6413466,83306,12826932,2830,4249,293269,706967,8498,1413934,"10mill-boot"
30,27,"petite","second",37058,41638,3610102,6390132,83276,12780264,2739,4280,291577,708648,8560,1417296,"10mill-boot"
30,28,"petite","second",37222,41544,3611966,6388068,83088,12776136,2867,4255,297156,703244,8510,1406488,"10mill-boot"
30,29,"petite","second",37125,41441,3607531,6392559,82882,12785118,2888,4194,300457,699587,8388,1399174,"10mill-boot"
30,30,"petite","second",37271,41543,3617183,6382931,83086,12765862,2835,4247,294284,705826,8494,1411652,"10mill-boot"
39,1,"petite","second",38024,40947,3707564,6292437,81894,12584874,2845,4245,296643,703602,8490,1407204,"10mill-boot"
39,2,"petite","second",37891,41084,3706040,6294094,82168,12588188,2880,4260,304033,696013,8520,1392026,"10mill-boot"
39,3,"petite","second",37861,41076,3709559,6290556,82152,12581112,2848,4291,297568,702746,8582,1405492,"10mill-boot"
39,4,"petite","second",37810,41198,3698070,6301992,82396,12603984,2905,4255,307390,692670,8510,1385340,"10mill-boot"
39,5,"petite","second",37853,41222,3680352,6319757,82444,12639514,2879,4240,300509,699866,8480,1399732,"10mill-boot"
39,6,"petite","second",37776,41122,3683176,6316860,82244,12633720,2800,4329,290742,709375,8658,1418750,"10mill-boot"
39,7,"petite","second",37854,41193,3678329,6321898,82386,12643796,2811,4248,295585,704436,8496,1408872,"10mill-boot"
39,8,"petite","second",38149,40834,3724970,6275056,81668,12550112,2900,4229,307118,693106,8458,1386212,"10mill-boot"
39,9,"petite","second",37814,41053,3680766,6319237,82106,12638474,2817,4291,295263,705061,8582,1410122,"10mill-boot"
39,10,"petite","second",37846,41055,3699442,6300648,82110,12601296,2845,4262,302480,697525,8524,1395050,"10mill-boot"
39,11,"petite","second",38243,41070,3728544,6271532,82140,12543064,2904,4207,305818,694414,8414,1388828,"10mill-boot"
39,12,"petite","second",37950,40873,3709253,6290899,81746,12581798,2797,4259,293811,706664,8518,1413328,"10mill-boot"
39,13,"petite","second",37626,41256,3672829,6327178,82512,12654356,2868,4216,304223,695819,8432,1391638,"10mill-boot"
39,14,"petite","second",37640,41214,3675986,6324084,82428,12648168,2784,4288,294065,706016,8576,1412032,"10mill-boot"
39,15,"petite","second",37901,41128,3690949,6309114,82256,12618228,2899,4256,302055,697995,8512,1395990,"10mill-boot"
39,16,"petite","second",38237,40923,3733166,6266920,81846,12533840,2942,4204,310205,690400,8408,1380800,"10mill-boot"
39,17,"petite","second",37839,40998,3695806,6304254,81996,12608508,2836,4265,295755,705557,8530,1411114,"10mill-boot"
39,18,"petite","second",37990,41121,3706486,6293530,82242,12587060,2829,4356,294574,705480,8712,1410960,"10mill-boot"
39,19,"petite","second",37298,41288,3637223,6362777,82576,12725554,2681,4272,283612,716523,8544,1433046,"10mill-boot"
39,20,"petite","second",37693,41169,3682690,6317345,82338,12634690,2744,4323,286926,713157,8646,1426314,"10mill-boot"
39,21,"petite","second",37801,41084,3687371,6312664,82168,12625328,2852,4213,302734,697271,8426,1394542,"10mill-boot"
39,22,"petite","second",38148,40698,3743753,6256315,81396,12512630,2888,4219,304544,695558,8438,1391116,"10mill-boot"
39,23,"petite","second",37801,40886,3697001,6303072,81772,12606144,2869,4262,300098,700023,8524,1400046,"10mill-boot"
39,24,"petite","second",37651,41141,3666204,6333802,82282,12667604,2852,4262,298623,701448,8524,1402896,"10mill-boot"
39,25,"petite","second",37945,41016,3710930,6289083,82032,12578166,2903,4190,307158,693055,8380,1386110,"10mill-boot"
39,26,"petite","second",38057,41246,3711949,6288072,82492,12576144,2857,4303,302531,697596,8606,1395192,"10mill-boot"
39,27,"petite","second",37781,41208,3698802,6301205,82416,12602410,2828,4292,293877,706383,8584,1412766,"10mill-boot"
39,28,"petite","second",37677,41249,3677040,6323087,82498,12646174,2910,4248,306005,694219,8496,1388438,"10mill-boot"
39,29,"petite","second",37705,41029,3679249,6320774,82058,12641548,2889,4271,302974,697129,8542,1394258,"10mill-boot"
39,30,"petite","second",37749,41262,3678764,6321377,82524,12642754,2806,4318,289202,710899,8636,1421798,"10mill-boot"
4,1,"petite","second",37760,41351,3663409,6336710,82702,12673420,2871,4282,298527,702313,8564,1404626,"10mill-boot"
4,2,"petite","second",37678,41461,3681591,6318418,82922,12636836,2857,4259,301859,698576,8518,1397152,"10mill-boot"
4,3,"petite","second",37712,41459,3660489,6339535,82918,12679070,2926,4238,302486,697910,8476,1395820,"10mill-boot"
4,4,"petite","second",37700,41619,3660320,6339840,83238,12679680,2854,4280,300499,699577,8560,1399154,"10mill-boot"
4,5,"petite","second",37833,41542,3677484,6322539,83084,12645078,2784,4303,293403,706637,8606,1413274,"10mill-boot"
4,6,"petite","second",37772,41608,3658721,6341349,83216,12682698,2896,4239,306016,694001,8478,1388002,"10mill-boot"
4,7,"petite","second",37551,41634,3641278,6358862,83268,12717724,2765,4278,289697,710340,8556,1420680,"10mill-boot"
4,8,"petite","second",37725,41425,3670939,6329151,82850,12658302,2818,4273,296607,703610,8546,1407220,"10mill-boot"
4,9,"petite","second",37960,41425,3680095,6319919,82850,12639838,2871,4253,302802,697318,8506,1394636,"10mill-boot"
4,10,"petite","second",37756,41474,3668011,6332138,82948,12664276,2834,4258,298288,702001,8516,1404002,"10mill-boot"
4,11,"petite","second",37607,41656,3656548,6343491,83312,12686982,2886,4234,306840,693388,8468,1386776,"10mill-boot"
4,12,"petite","second",37963,41480,3681192,6318917,82960,12637834,2867,4229,303047,697158,8458,1394316,"10mill-boot"
4,13,"petite","second",37609,41723,3644917,6355101,83446,12710202,2793,4321,291099,709023,8642,1418046,"10mill-boot"
4,14,"petite","second",37765,41614,3663311,6336817,83228,12673634,2844,4256,296538,703498,8512,1406996,"10mill-boot"
4,15,"petite","second",37653,41557,3650227,6349784,83114,12699568,2832,4240,296377,703734,8480,1407468,"10mill-boot"
4,16,"petite","second",38050,41521,3698632,6301391,83042,12602782,2823,4306,297943,702216,8612,1404432,"10mill-boot"
4,17,"petite","second",37614,41539,3655818,6344194,83078,12688388,2855,4189,301064,699338,8378,1398676,"10mill-boot"
4,18,"petite","second",38012,41439,3679116,6320959,82878,12641918,2842,4273,292598,707541,8546,1415082,"10mill-boot"
4,19,"petite","second",37896,41380,3679475,6320563,82760,12641126,2722,4306,286199,713845,8612,1427690,"10mill-boot"
4,20,"petite","second",37921,41403,3673031,6327098,82806,12654196,2844,4252,295976,704302,8504,1408604,"10mill-boot"
4,21,"petite","second",37901,41307,3677133,6322902,82614,12645804,2841,4289,294046,706333,8578,1412666,"10mill-boot"
4,22,"petite","second",37617,41631,3655205,6344826,83262,12689652,2797,4264,292174,708047,8528,1416094,"10mill-boot"
4,23,"petite","second",37964,41363,3688800,6311224,82726,12622448,2853,4199,304438,695563,8398,1391126,"10mill-boot"
4,24,"petite","second",37830,41597,3662668,6337465,83194,12674930,2822,4274,295041,704978,8548,1409956,"10mill-boot"
4,25,"petite","second",37609,41702,3657822,6342255,83404,12684510,2927,4257,305983,694184,8514,1388368,"10mill-boot"
4,26,"petite","second",37884,41396,3673355,6326913,82792,12653826,2874,4184,302389,697636,8368,1395272,"10mill-boot"
4,27,"petite","second",37644,41719,3663449,6336679,83438,12673358,2869,4260,299735,700609,8520,1401218,"10mill-boot"
4,28,"petite","second",37888,41470,3676828,6323212,82940,12646424,2939,4181,310680,689461,8362,1378922,"10mill-boot"
4,29,"petite","second",37782,41496,3662145,6337904,82992,12675808,2883,4230,302602,697535,8460,1395070,"10mill-boot"
4,30,"petite","second",37455,41818,3635769,6364260,83636,12728520,2874,4273,301678,698329,8546,1396658,"10mill-boot"
3,1,"petite","second",37874,41549,3709738,6290416,83098,12580832,2900,4298,306554,693743,8596,1387486,"10mill-boot"
3,2,"petite","second",37438,41566,3688422,6311665,83132,12623330,2804,4304,297512,702566,8608,1405132,"10mill-boot"
3,3,"petite","second",37646,41591,3703292,6296733,83182,12593466,2883,4294,304155,696415,8588,1392830,"10mill-boot"
3,4,"petite","second",37533,41650,3674718,6325365,83300,12650730,2829,4269,299343,700675,8538,1401350,"10mill-boot"
3,5,"petite","second",37385,41684,3678039,6321965,83368,12643930,2815,4285,298445,701825,8570,1403650,"10mill-boot"
3,6,"petite","second",37471,41699,3673933,6326164,83398,12652328,2812,4277,301600,698535,8554,1397070,"10mill-boot"
3,7,"petite","second",37665,41505,3687959,6312176,83010,12624352,2829,4343,295879,704222,8686,1408444,"10mill-boot"
3,8,"petite","second",37337,41757,3662263,6337806,83514,12675612,2884,4230,303214,697071,8460,1394142,"10mill-boot"
3,9,"petite","second",37518,41665,3675431,6324661,83330,12649322,2957,4269,310914,689232,8538,1378464,"10mill-boot"
3,10,"petite","second",37830,41438,3717595,6282470,82876,12564940,2869,4287,306026,694205,8574,1388410,"10mill-boot"
3,11,"petite","second",38039,41306,3723729,6276301,82612,12552602,2905,4254,305960,694432,8508,1388864,"10mill-boot"
3,12,"petite","second",37634,41584,3692888,6307145,83168,12614290,2938,4211,313069,687013,8422,1374026,"10mill-boot"
3,13,"petite","second",37765,41450,3693686,6306320,82900,12612640,2891,4266,304319,695752,8532,1391504,"10mill-boot"
3,14,"petite","second",37487,41707,3667906,6332169,83414,12664338,2890,4272,303956,696099,8544,1392198,"10mill-boot"
3,15,"petite","second",37876,41465,3706944,6293109,82930,12586218,2791,4298,295082,705006,8596,1410012,"10mill-boot"
3,16,"petite","second",37569,41670,3678657,6321373,83340,12642746,2835,4268,298639,701895,8536,1403790,"10mill-boot"
3,17,"petite","second",37492,41652,3675779,6324251,83304,12648502,2830,4323,302281,697827,8646,1395654,"10mill-boot"
3,18,"petite","second",37578,41582,3680707,6319469,83164,12638938,2848,4251,302220,697892,8502,1395784,"10mill-boot"
3,19,"petite","second",37683,41449,3687274,6312808,82898,12625616,2902,4184,309857,690282,8368,1380564,"10mill-boot"
3,20,"petite","second",37965,41415,3719820,6280230,82830,12560460,2902,4239,303862,696318,8478,1392636,"10mill-boot"
3,21,"petite","second",37704,41622,3687859,6312238,83244,12624476,2839,4317,296495,703624,8634,1407248,"10mill-boot"
3,22,"petite","second",37773,41606,3697839,6302236,83212,12604472,2974,4171,317794,682243,8342,1364486,"10mill-boot"
3,23,"petite","second",37714,41619,3701493,6298650,83238,12597300,2812,4307,299496,700856,8614,1401712,"10mill-boot"
3,24,"petite","second",37919,41401,3709258,6290768,82802,12581536,2739,4321,290792,709463,8642,1418926,"10mill-boot"
3,25,"petite","second",37602,41542,3693608,6306550,83084,12613100,2904,4289,304607,695496,8578,1390992,"10mill-boot"
3,26,"petite","second",37781,41594,3691275,6308923,83188,12617846,2826,4283,297412,702609,8566,1405218,"10mill-boot"
3,27,"petite","second",37690,41598,3686203,6313872,83196,12627744,2854,4286,300889,699130,8572,1398260,"10mill-boot"
3,28,"petite","second",37777,41551,3688198,6311895,83102,12623790,2956,4254,310840,689651,8508,1379302,"10mill-boot"
3,29,"petite","second",37747,41330,3692925,6307095,82660,12614190,2829,4244,298362,701679,8488,1403358,"10mill-boot"
3,30,"petite","second",37604,41585,3696188,6303852,83170,12607704,2785,4263,297001,703052,8526,1406104,"10mill-boot"
2,1,"petite","second",37113,41277,3618143,6381943,82554,12763886,2840,4265,294021,705981,8530,1411962,"10mill-boot"
2,2,"petite","second",37114,41419,3634653,6365451,82838,12730902,2888,4214,305683,694458,8428,1388916,"10mill-boot"
2,3,"petite","second",37160,41512,3635462,6364564,83024,12729128,2792,4268,294228,705803,8536,1411606,"10mill-boot"
2,4,"petite","second",37080,41471,3627329,6372727,82942,12745454,2726,4329,287545,712503,8658,1425006,"10mill-boot"
2,5,"petite","second",37305,41567,3633171,6366845,83134,12733690,2831,4293,294770,705312,8586,1410624,"10mill-boot"
2,6,"petite","second",37367,41453,3650055,6349973,82906,12699946,2884,4222,306479,693707,8444,1387414,"10mill-boot"
2,7,"petite","second",37328,41512,3646137,6353867,83024,12707734,2812,4274,297716,702318,8548,1404636,"10mill-boot"
2,8,"petite","second",37245,41378,3632390,6367654,82756,12735308,2860,4216,301186,698913,8432,1397826,"10mill-boot"
2,9,"petite","second",37580,41226,3665119,6334890,82452,12669780,2821,4263,297967,702324,8526,1404648,"10mill-boot"
2,10,"petite","second",37179,41423,3621095,6378972,82846,12757944,2862,4213,304709,695738,8426,1391476,"10mill-boot"
2,11,"petite","second",37534,41325,3651940,6348132,82650,12696264,2898,4238,301725,698691,8476,1397382,"10mill-boot"
2,12,"petite","second",37340,41311,3648670,6351441,82622,12702882,2743,4330,288489,712170,8660,1424340,"10mill-boot"
2,13,"petite","second",37332,41363,3652648,6347498,82726,12694996,2821,4251,297576,702729,8502,1405458,"10mill-boot"
2,14,"petite","second",37126,41548,3623561,6376600,83096,12753200,2825,4279,297951,702056,8558,1404112,"10mill-boot"
2,15,"petite","second",37059,41424,3608868,6391170,82848,12782340,2795,4284,293458,706733,8568,1413466,"10mill-boot"
2,16,"petite","second",37125,41273,3623664,6376498,82546,12752996,2810,4262,294870,705390,8524,1410780,"10mill-boot"
2,17,"petite","second",37141,41600,3624663,6375417,83200,12750834,2786,4313,293933,706116,8626,1412232,"10mill-boot"
2,18,"petite","second",36844,41557,3600660,6399385,83114,12798770,2745,4315,289026,711059,8630,1422118,"10mill-boot"
2,19,"petite","second",37274,41231,3647054,6353062,82462,12706124,2849,4245,302441,697573,8490,1395146,"10mill-boot"
2,20,"petite","second",36944,41536,3617200,6382852,83072,12765704,2817,4263,298501,701647,8526,1403294,"10mill-boot"
2,21,"petite","second",36969,41628,3609710,6390291,83256,12780582,2792,4274,296091,703921,8548,1407842,"10mill-boot"
2,22,"petite","second",37222,41376,3643100,6356976,82752,12713952,2849,4287,300329,699873,8574,1399746,"10mill-boot"
2,23,"petite","second",37178,41482,3624471,6375605,82964,12751210,2836,4259,300571,699801,8518,1399602,"10mill-boot"
2,24,"petite","second",37168,41378,3629326,6370699,82756,12741398,2873,4190,306661,693383,8380,1386766,"10mill-boot"
2,25,"petite","second",37244,41627,3626376,6373744,83254,12747488,2870,4225,302184,698280,8450,1396560,"10mill-boot"
2,26,"petite","second",37404,41334,3654791,6345213,82668,12690426,2884,4222,304203,696041,8444,1392082,"10mill-boot"
2,27,"petite","second",37049,41549,3619623,6380533,83098,12761066,2791,4332,292159,707997,8664,1415994,"10mill-boot"
2,28,"petite","second",37015,41551,3618389,6381612,83102,12763224,2840,4246,300130,700103,8492,1400206,"10mill-boot"
2,29,"petite","second",36936,41483,3606563,6393473,82966,12786946,2776,4279,290499,709572,8558,1419144,"10mill-boot"
2,30,"petite","second",37088,41592,3619279,6380912,83184,12761824,2815,4288,295317,704990,8576,1409980,"10mill-boot"
38,1,"petite","second",37832,41521,3640694,6359314,83042,12718628,2895,4278,299106,700930,8556,1401860,"10mill-boot"
38,2,"petite","second",38136,41430,3675579,6324442,82860,12648884,2918,4319,300134,700173,8638,1400346,"10mill-boot"
38,3,"petite","second",37949,41399,3665089,6334989,82798,12669978,2861,4261,298977,701392,8522,1402784,"10mill-boot"
38,4,"petite","second",38017,41388,3667173,6332853,82776,12665706,3015,4145,312877,687170,8290,1374340,"10mill-boot"
38,5,"petite","second",38305,41450,3674070,6325937,82900,12651874,2904,4316,297211,702827,8632,1405654,"10mill-boot"
38,6,"petite","second",37990,41520,3656846,6343239,83040,12686478,2938,4231,301892,698284,8462,1396568,"10mill-boot"
38,7,"petite","second",37980,41483,3653537,6346484,82966,12692968,2828,4335,292689,707556,8670,1415112,"10mill-boot"
38,8,"petite","second",38124,41409,3670779,6329263,82818,12658526,2813,4322,291089,709152,8644,1418304,"10mill-boot"
38,9,"petite","second",38179,41387,3666454,6333621,82774,12667242,2851,4302,293824,706713,8604,1413426,"10mill-boot"
38,10,"petite","second",38226,41356,3680725,6319344,82712,12638688,2906,4277,303268,696805,8554,1393610,"10mill-boot"
38,11,"petite","second",38562,41162,3718644,6281385,82324,12562770,2917,4276,299031,701049,8552,1402098,"10mill-boot"
38,12,"petite","second",38303,41302,3687030,6313072,82604,12626144,2947,4218,304074,696006,8436,1392012,"10mill-boot"
38,13,"petite","second",38207,41281,3691083,6308917,82562,12617834,2930,4202,305213,695037,8404,1390074,"10mill-boot"
38,14,"petite","second",37983,41486,3656875,6343217,82972,12686434,2916,4231,303624,696612,8462,1393224,"10mill-boot"
38,15,"petite","second",38345,41141,3700098,6300068,82282,12600136,2910,4271,298935,701245,8542,1402490,"10mill-boot"
38,16,"petite","second",37992,41545,3659574,6340477,83090,12680954,2889,4248,296966,703165,8496,1406330,"10mill-boot"
38,17,"petite","second",38194,41363,3673730,6326415,82726,12652830,2992,4231,305984,694197,8462,1388394,"10mill-boot"
38,18,"petite","second",37984,41411,3674230,6325826,82822,12651652,2845,4264,294637,705723,8528,1411446,"10mill-boot"
38,19,"petite","second",38053,41322,3664147,6335853,82644,12671706,2856,4279,292412,707659,8558,1415318,"10mill-boot"
38,20,"petite","second",38141,41404,3665291,6334773,82808,12669546,2808,4307,291009,709008,8614,1418016,"10mill-boot"
38,21,"petite","second",38256,41262,3684182,6315887,82524,12631774,2873,4278,297277,703091,8556,1406182,"10mill-boot"
38,22,"petite","second",37961,41477,3656023,6344027,82954,12688054,2758,4350,286024,714076,8700,1428152,"10mill-boot"
38,23,"petite","second",38350,41286,3691587,6308430,82572,12616860,2932,4275,303500,696579,8550,1393158,"10mill-boot"
38,24,"petite","second",37919,41631,3652308,6347755,83262,12695510,2894,4291,301837,698242,8582,1396484,"10mill-boot"
38,25,"petite","second",38166,41304,3671984,6328079,82608,12656158,2924,4276,300382,699945,8552,1399890,"10mill-boot"
38,26,"petite","second",38182,41300,3671967,6328037,82600,12656074,2931,4230,305912,694195,8460,1388390,"10mill-boot"
38,27,"petite","second",38260,41416,3684078,6315970,82832,12631940,2953,4204,308946,691414,8408,1382828,"10mill-boot"
38,28,"petite","second",38062,41456,3653482,6346531,82912,12693062,2862,4319,296986,703137,8638,1406274,"10mill-boot"
38,29,"petite","second",38042,41306,3671238,6328901,82612,12657802,2854,4298,295903,704142,8596,1408284,"10mill-boot"
38,30,"petite","second",38182,41316,3678442,6321563,82632,12643126,2849,4284,296638,703598,8568,1407196,"10mill-boot"
5,1,"petite","second",37801,41388,3670774,6329337,82776,12658674,2925,4222,305910,694214,8444,1388428,"10mill-boot"
5,2,"petite","second",37642,41474,3660521,6339590,82948,12679180,2992,4234,312468,687578,8468,1375156,"10mill-boot"
5,3,"petite","second",37884,41501,3672409,6327630,83002,12655260,2871,4265,302814,697239,8530,1394478,"10mill-boot"
5,4,"petite","second",37796,41451,3671186,6328944,82902,12657888,2826,4305,297002,703131,8610,1406262,"10mill-boot"
5,5,"petite","second",37809,41438,3662530,6337592,82876,12675184,2806,4287,291248,708790,8574,1417580,"10mill-boot"
5,6,"petite","second",37872,41603,3671629,6328466,83206,12656932,2911,4257,302661,697594,8514,1395188,"10mill-boot"
5,7,"petite","second",38178,41453,3694035,6306198,82906,12612396,2838,4279,299298,700771,8558,1401542,"10mill-boot"
5,8,"petite","second",37776,41447,3672188,6327958,82894,12655916,2816,4292,295938,704290,8584,1408580,"10mill-boot"
5,9,"petite","second",37864,41469,3675439,6324575,82938,12649150,2870,4287,299753,700268,8574,1400536,"10mill-boot"
5,10,"petite","second",37943,41376,3682857,6317186,82752,12634372,2950,4245,306686,693417,8490,1386834,"10mill-boot"
5,11,"petite","second",38242,41336,3688231,6312013,82672,12624026,2875,4306,295460,704754,8612,1409508,"10mill-boot"
5,12,"petite","second",37885,41502,3662332,6337764,83004,12675528,2866,4270,297050,703097,8540,1406194,"10mill-boot"
5,13,"petite","second",37823,41518,3668686,6331370,83036,12662740,2872,4274,300541,699757,8548,1399514,"10mill-boot"
5,14,"petite","second",37773,41524,3670445,6329563,83048,12659126,2853,4271,298090,701926,8542,1403852,"10mill-boot"
5,15,"petite","second",38050,41358,3684696,6315316,82716,12630632,2830,4296,295728,704458,8592,1408916,"10mill-boot"
5,16,"petite","second",37951,41632,3669380,6330645,83264,12661290,2938,4301,307653,692463,8602,1384926,"10mill-boot"
5,17,"petite","second",38213,41349,3702867,6297179,82698,12594358,2867,4266,300763,699277,8532,1398554,"10mill-boot"
5,18,"petite","second",37923,41416,3678760,6321471,82832,12642942,2841,4342,297480,702884,8684,1405768,"10mill-boot"
5,19,"petite","second",38035,41324,3702275,6297747,82648,12595494,2892,4246,307399,692625,8492,1385250,"10mill-boot"
5,20,"petite","second",38239,41176,3706723,6293279,82352,12586558,2883,4228,304677,695545,8456,1391090,"10mill-boot"
5,21,"petite","second",38302,41304,3712985,6287063,82608,12574126,2885,4257,299298,701059,8514,1402118,"10mill-boot"
5,22,"petite","second",37991,41478,3674927,6325172,82956,12650344,2934,4233,304566,695598,8466,1391196,"10mill-boot"
5,23,"petite","second",37746,41580,3655506,6344588,83160,12689176,2770,4270,292317,707697,8540,1415394,"10mill-boot"
5,24,"petite","second",37790,41512,3650081,6349962,83024,12699924,2851,4323,296539,703751,8646,1407502,"10mill-boot"
5,25,"petite","second",37980,41532,3680570,6319600,83064,12639200,2889,4285,303405,696943,8570,1393886,"10mill-boot"
5,26,"petite","second",38032,41346,3682408,6317642,82692,12635284,2987,4215,310553,689698,8430,1379396,"10mill-boot"
5,27,"petite","second",37988,41381,3683024,6317042,82762,12634084,2812,4281,295272,704755,8562,1409510,"10mill-boot"
5,28,"petite","second",37904,41373,3687212,6312829,82746,12625658,2859,4235,302730,697896,8470,1395792,"10mill-boot"
5,29,"petite","second",37929,41275,3678927,6321129,82550,12642258,2829,4261,297324,702838,8522,1405676,"10mill-boot"
5,30,"petite","second",37821,41548,3665128,6334888,83096,12669776,2824,4299,297397,702968,8598,1405936,"10mill-boot"
31,1,"petite","second",37157,41692,3614085,6385986,83384,12771972,2787,4318,290151,710101,8636,1420202,"10mill-boot"
31,2,"petite","second",36668,41887,3576959,6423132,83774,12846264,2856,4315,298563,701497,8630,1402994,"10mill-boot"
31,3,"petite","second",36825,41872,3593710,6406472,83744,12812944,2791,4268,294191,705898,8536,1411796,"10mill-boot"
31,4,"petite","second",36667,41973,3579473,6420567,83946,12841134,2831,4259,296908,703307,8518,1406614,"10mill-boot"
31,5,"petite","second",37463,41676,3644658,6355404,83352,12710808,2824,4308,295586,704521,8616,1409042,"10mill-boot"
31,6,"petite","second",37104,41637,3606718,6393311,83274,12786622,2936,4190,305661,694557,8380,1389114,"10mill-boot"
31,7,"petite","second",37355,41678,3627265,6372882,83356,12745764,2780,4299,291167,709052,8598,1418104,"10mill-boot"
31,8,"petite","second",37157,41790,3610452,6389635,83580,12779270,2836,4280,298037,701995,8560,1403990,"10mill-boot"
31,9,"petite","second",37116,41615,3609415,6390604,83230,12781208,2733,4305,287853,712234,8610,1424468,"10mill-boot"
31,10,"petite","second",37188,41557,3619494,6380533,83114,12761066,2732,4283,286529,713821,8566,1427642,"10mill-boot"
31,11,"petite","second",36927,41807,3589000,6411105,83614,12822210,2839,4276,298059,701995,8552,1403990,"10mill-boot"
31,12,"petite","second",36951,41677,3608414,6391681,83354,12783362,2762,4210,292199,707892,8420,1415784,"10mill-boot"
31,13,"petite","second",37030,41947,3592639,6407542,83894,12815084,2802,4356,293113,707038,8712,1414076,"10mill-boot"
31,14,"petite","second",37049,41955,3602168,6397933,83910,12795866,2800,4338,295877,704270,8676,1408540,"10mill-boot"
31,15,"petite","second",36883,41901,3595246,6404859,83802,12809718,2864,4252,302215,698063,8504,1396126,"10mill-boot"
31,16,"petite","second",37280,41364,3629357,6370812,82728,12741624,2784,4275,293950,706068,8550,1412136,"10mill-boot"
31,17,"petite","second",37347,41631,3631403,6368604,83262,12737208,2829,4292,293757,706431,8584,1412862,"10mill-boot"
31,18,"petite","second",36855,41860,3577090,6423066,83720,12846132,2803,4304,289878,710447,8608,1420894,"10mill-boot"
31,19,"petite","second",37245,41519,3641081,6359125,83038,12718250,2858,4214,299353,700935,8428,1401870,"10mill-boot"
31,20,"petite","second",37190,41698,3615202,6384850,83396,12769700,2766,4292,290775,709414,8584,1418828,"10mill-boot"
31,21,"petite","second",37018,41791,3591491,6408632,83582,12817264,2772,4286,289758,710454,8572,1420908,"10mill-boot"
31,22,"petite","second",36950,41641,3602345,6397693,83282,12795386,2722,4310,289812,710315,8620,1420630,"10mill-boot"
31,23,"petite","second",37107,41717,3619540,6380474,83434,12760948,2875,4270,302268,697944,8540,1395888,"10mill-boot"
31,24,"petite","second",36975,41880,3584371,6415736,83760,12831472,2798,4278,293729,706450,8556,1412900,"10mill-boot"
31,25,"petite","second",37153,41677,3615597,6384471,83354,12768942,2825,4275,293512,706601,8550,1413202,"10mill-boot"
31,26,"petite","second",36907,41926,3602260,6397846,83852,12795692,2743,4330,291067,709201,8660,1418402,"10mill-boot"
31,27,"petite","second",37078,41764,3601629,6398427,83528,12796854,2715,4341,285969,714066,8682,1428132,"10mill-boot"
31,28,"petite","second",37161,41599,3622434,6377694,83198,12755388,2846,4271,295826,704505,8542,1409010,"10mill-boot"
31,29,"petite","second",36989,41584,3598561,6401533,83168,12803066,2727,4299,285377,714654,8598,1429308,"10mill-boot"
31,30,"petite","second",37057,41789,3618998,6381132,83578,12762264,2838,4312,299790,700618,8624,1401236,"10mill-boot"
36,1,"petite","second",37200,41754,3645820,6354204,83508,12708408,2738,4346,288281,711937,8692,1423874,"10mill-boot"
36,2,"petite","second",37310,41592,3658207,6341881,83184,12683762,2783,4287,293149,707383,8574,1414766,"10mill-boot"
36,3,"petite","second",37350,41740,3647021,6353121,83480,12706242,2896,4230,304500,695661,8460,1391322,"10mill-boot"
36,4,"petite","second",37273,41724,3657762,6342289,83448,12684578,2794,4344,294655,705683,8688,1411366,"10mill-boot"
36,5,"petite","second",37676,41604,3681970,6318061,83208,12636122,2880,4232,307301,692759,8464,1385518,"10mill-boot"
36,6,"petite","second",37430,41655,3657320,6342786,83310,12685572,2785,4342,291606,708609,8684,1417218,"10mill-boot"
36,7,"petite","second",37605,41572,3681339,6318840,83144,12637680,2807,4274,297363,703059,8548,1406118,"10mill-boot"
36,8,"petite","second",37225,41861,3650719,6349434,83722,12698868,2850,4307,301811,698300,8614,1396600,"10mill-boot"
36,9,"petite","second",37584,41640,3665687,6334433,83280,12668866,2811,4341,291622,708489,8682,1416978,"10mill-boot"
36,10,"petite","second",37512,41750,3673343,6326682,83500,12653364,2804,4327,296389,703715,8654,1407430,"10mill-boot"
36,11,"petite","second",37189,41848,3649518,6350533,83696,12701066,2807,4345,297805,702303,8690,1404606,"10mill-boot"
36,12,"petite","second",37558,41588,3670725,6329434,83176,12658868,2805,4311,297031,703088,8622,1406176,"10mill-boot"
36,13,"petite","second",37320,41764,3659075,6340942,83528,12681884,2857,4337,298483,701939,8674,1403878,"10mill-boot"
36,14,"petite","second",37702,41644,3693744,6306295,83288,12612590,2822,4346,297666,702591,8692,1405182,"10mill-boot"
36,15,"petite","second",37571,41551,3680865,6319212,83102,12638424,2871,4317,299136,701179,8634,1402358,"10mill-boot"
36,16,"petite","second",37358,41700,3661801,6338218,83400,12676436,2815,4329,294582,705477,8658,1410954,"10mill-boot"
36,17,"petite","second",37452,41714,3676778,6323320,83428,12646640,2841,4320,303965,696563,8640,1393126,"10mill-boot"
36,18,"petite","second",37441,41522,3665007,6335057,83044,12670114,2921,4262,306854,693387,8524,1386774,"10mill-boot"
36,19,"petite","second",37214,41628,3649069,6351082,83256,12702164,2933,4217,311746,688260,8434,1376520,"10mill-boot"
36,20,"petite","second",37523,41594,3684348,6315802,83188,12631604,2873,4269,300756,699355,8538,1398710,"10mill-boot"
36,21,"petite","second",37402,41602,3665029,6334998,83204,12669996,2775,4351,290792,709303,8702,1418606,"10mill-boot"
36,22,"petite","second",37786,41546,3697963,6302044,83092,12604088,2930,4264,309073,691010,8528,1382020,"10mill-boot"
36,23,"petite","second",37851,41596,3700898,6299157,83192,12598314,2843,4343,298946,701267,8686,1402534,"10mill-boot"
36,24,"petite","second",37643,41673,3685395,6314660,83346,12629320,2807,4319,295751,704587,8638,1409174,"10mill-boot"
36,25,"petite","second",37353,41741,3655187,6344863,83482,12689726,2749,4303,291488,708519,8606,1417038,"10mill-boot"
36,26,"petite","second",37578,41584,3668075,6331939,83168,12663878,2877,4284,300198,699979,8568,1399958,"10mill-boot"
36,27,"petite","second",37775,41599,3697754,6302264,83198,12604528,2983,4248,314072,685961,8496,1371922,"10mill-boot"
36,28,"petite","second",37310,41643,3658139,6341909,83286,12683818,2792,4360,295376,704877,8720,1409754,"10mill-boot"
36,29,"petite","second",37371,41747,3665188,6334831,83494,12669662,2820,4292,297179,702882,8584,1405764,"10mill-boot"
36,30,"petite","second",37301,41622,3662638,6337442,83244,12674884,2807,4274,296346,703969,8548,1407938,"10mill-boot"
14,1,"petite","second",37561,40917,3682711,6317405,81834,12634810,2850,4266,303186,697062,8532,1394124,"10mill-boot"
14,2,"petite","second",37350,40818,3673253,6326775,81636,12653550,2894,4211,303100,697002,8422,1394004,"10mill-boot"
14,3,"petite","second",37283,41033,3664050,6335966,82066,12671932,2800,4223,296719,703356,8446,1406712,"10mill-boot"
14,4,"petite","second",37115,41106,3644044,6356111,82212,12712222,2833,4252,299306,700956,8504,1401912,"10mill-boot"
14,5,"petite","second",37186,41139,3642204,6357937,82278,12715874,2800,4227,298012,702619,8454,1405238,"10mill-boot"
14,6,"petite","second",37463,40922,3672958,6327135,81844,12654270,2822,4233,301045,699029,8466,1398058,"10mill-boot"
14,7,"petite","second",37554,40899,3669112,6330927,81798,12661854,2851,4198,298859,701328,8396,1402656,"10mill-boot"
14,8,"petite","second",37435,40922,3670677,6329415,81844,12658830,2867,4196,300570,699626,8392,1399252,"10mill-boot"
14,9,"petite","second",37261,40976,3647859,6352190,81952,12704380,2780,4254,292451,707798,8508,1415596,"10mill-boot"
14,10,"petite","second",37598,40912,3693276,6306835,81824,12613670,2888,4205,303249,696878,8410,1393756,"10mill-boot"
14,11,"petite","second",37082,41253,3644258,6355770,82506,12711540,2772,4287,292575,707775,8574,1415550,"10mill-boot"
14,12,"petite","second",37065,40981,3632447,6367605,81962,12735210,2754,4329,288111,711906,8658,1423812,"10mill-boot"
14,13,"petite","second",37597,40835,3689500,6310527,81670,12621054,2781,4283,291339,708745,8566,1417490,"10mill-boot"
14,14,"petite","second",37127,41165,3639559,6360553,82330,12721106,2760,4292,291660,708657,8584,1417314,"10mill-boot"
14,15,"petite","second",37262,40976,3670933,6329089,81952,12658178,2779,4315,291583,708557,8630,1417114,"10mill-boot"
14,16,"petite","second",37507,40782,3671663,6328393,81564,12656786,2867,4231,299975,700139,8462,1400278,"10mill-boot"
14,17,"petite","second",37242,41210,3648564,6351514,82420,12703028,2852,4301,299043,701233,8602,1402466,"10mill-boot"
14,18,"petite","second",36957,41271,3628824,6371469,82542,12742938,2779,4231,293808,706214,8462,1412428,"10mill-boot"
14,19,"petite","second",37135,40891,3661925,6338110,81782,12676220,2817,4181,298971,701817,8362,1403634,"10mill-boot"
14,20,"petite","second",36881,41155,3617538,6382582,82310,12765164,2723,4246,287512,712816,8492,1425632,"10mill-boot"
14,21,"petite","second",37352,41009,3658758,6341295,82018,12682590,2880,4222,304369,695928,8444,1391856,"10mill-boot"
14,22,"petite","second",37344,40989,3659422,6340612,81978,12681224,2827,4214,296813,703187,8428,1406374,"10mill-boot"
14,23,"petite","second",37385,41002,3673993,6326086,82004,12652172,2862,4202,302465,697540,8404,1395080,"10mill-boot"
14,24,"petite","second",37250,41048,3643550,6356564,82096,12713128,2799,4223,293065,707003,8446,1414006,"10mill-boot"
14,25,"petite","second",37869,40809,3704081,6295929,81618,12591858,2859,4253,303351,697221,8506,1394442,"10mill-boot"
14,26,"petite","second",37227,41180,3655540,6344560,82360,12689120,2755,4284,292864,707714,8568,1415428,"10mill-boot"
14,27,"petite","second",37313,41031,3661032,6339026,82062,12678052,2819,4269,298589,701455,8538,1402910,"10mill-boot"
14,28,"petite","second",37325,41127,3651543,6348599,82254,12697198,2858,4237,302706,697441,8474,1394882,"10mill-boot"
14,29,"petite","second",37399,40935,3680711,6319347,81870,12638694,2809,4236,293795,706368,8472,1412736,"10mill-boot"
14,30,"petite","second",36922,41331,3609064,6390983,82662,12781966,2766,4263,291384,708715,8526,1417430,"10mill-boot"
13,1,"petite","second",37326,40684,3670258,6329758,81368,12659516,2841,4175,300257,700002,8350,1400004,"10mill-boot"
13,2,"petite","second",37101,40723,3656521,6343587,81446,12687174,2818,4196,295302,704789,8392,1409578,"10mill-boot"
13,3,"petite","second",37032,40868,3647631,6352418,81736,12704836,2794,4154,297173,702854,8308,1405708,"10mill-boot"
13,4,"petite","second",37462,40770,3692847,6307266,81540,12614532,2876,4141,305046,695195,8282,1390390,"10mill-boot"
13,5,"petite","second",37352,40752,3672170,6327924,81504,12655848,2757,4302,288052,712420,8604,1424840,"10mill-boot"
13,6,"petite","second",37399,40634,3693573,6306481,81268,12612962,2865,4233,300814,699606,8466,1399212,"10mill-boot"
13,7,"petite","second",37150,40757,3656926,6343220,81514,12686440,2834,4166,300338,700113,8332,1400226,"10mill-boot"
13,8,"petite","second",37291,40800,3664225,6336017,81600,12672034,2857,4219,300430,699611,8438,1399222,"10mill-boot"
13,9,"petite","second",37147,40943,3646661,6353397,81886,12706794,2813,4209,297656,702633,8418,1405266,"10mill-boot"
13,10,"petite","second",36887,40860,3640130,6359881,81720,12719762,2723,4243,288965,711186,8486,1422372,"10mill-boot"
13,11,"petite","second",37193,40866,3656635,6343410,81732,12686820,2807,4178,294341,706125,8356,1412250,"10mill-boot"
13,12,"petite","second",37290,40797,3666982,6333063,81594,12666126,2773,4235,295172,704839,8470,1409678,"10mill-boot"
13,13,"petite","second",37091,40858,3654755,6345263,81716,12690526,2860,4190,302630,697629,8380,1395258,"10mill-boot"
13,14,"petite","second",37266,40786,3677073,6322932,81572,12645864,2776,4179,298269,701735,8358,1403470,"10mill-boot"
13,15,"petite","second",37308,40756,3683884,6316183,81512,12632366,2809,4176,298474,701588,8352,1403176,"10mill-boot"
13,16,"petite","second",37118,40792,3650268,6349734,81584,12699468,2717,4248,290140,709902,8496,1419804,"10mill-boot"
13,17,"petite","second",37387,40661,3696612,6303504,81322,12607008,2812,4255,298524,701678,8510,1403356,"10mill-boot"
13,18,"petite","second",37103,40650,3662805,6337326,81300,12674652,2800,4211,299132,700981,8422,1401962,"10mill-boot"
13,19,"petite","second",37108,40668,3666062,6333966,81336,12667932,2807,4171,296776,703381,8342,1406762,"10mill-boot"
13,20,"petite","second",37332,40719,3673350,6326719,81438,12653438,2853,4192,301648,698732,8384,1397464,"10mill-boot"
13,21,"petite","second",37292,40574,3688964,6311050,81148,12622100,2858,4164,300557,699604,8328,1399208,"10mill-boot"
13,22,"petite","second",37660,40658,3713301,6286769,81316,12573538,2804,4201,295250,704792,8402,1409584,"10mill-boot"
13,23,"petite","second",37432,40661,3692674,6307417,81322,12614834,2921,4166,306191,694130,8332,1388260,"10mill-boot"
13,24,"petite","second",37142,40822,3670078,6330002,81644,12660004,2840,4182,299032,701068,8364,1402136,"10mill-boot"
13,25,"petite","second",37208,40720,3682845,6317184,81440,12634368,2846,4203,303365,696893,8406,1393786,"10mill-boot"
13,26,"petite","second",37208,40967,3670142,6329868,81934,12659736,2813,4229,298716,701322,8458,1402644,"10mill-boot"
13,27,"petite","second",37304,40650,3668695,6331308,81300,12662616,2806,4194,296716,703730,8388,1407460,"10mill-boot"
13,28,"petite","second",37419,40764,3679399,6320696,81528,12641392,2748,4241,290325,710200,8482,1420400,"10mill-boot"
13,29,"petite","second",37162,40812,3656232,6343809,81624,12687618,2859,4208,301558,698563,8416,1397126,"10mill-boot"
13,30,"petite","second",37124,40972,3654978,6345057,81944,12690114,2838,4196,297309,702939,8392,1405878,"10mill-boot"
25,1,"petite","second",36909,42066,3604034,6395978,84132,12791956,2863,4288,302687,697784,8576,1395568,"10mill-boot"
25,2,"petite","second",36966,41845,3597756,6402379,83690,12804758,2711,4362,285345,715213,8724,1430426,"10mill-boot"
25,3,"petite","second",36901,41916,3603301,6396731,83832,12793462,2818,4283,292718,708032,8566,1416064,"10mill-boot"
25,4,"petite","second",37110,42072,3599738,6400270,84144,12800540,2864,4279,300488,699559,8558,1399118,"10mill-boot"
25,5,"petite","second",36886,41775,3604097,6395970,83550,12791940,2719,4314,286388,713725,8628,1427450,"10mill-boot"
25,6,"petite","second",36789,42126,3588235,6411822,84252,12823644,2722,4329,288726,711344,8658,1422688,"10mill-boot"
25,7,"petite","second",37234,41951,3616581,6383431,83902,12766862,2756,4292,291276,708892,8584,1417784,"10mill-boot"
25,8,"petite","second",37064,42018,3619943,6380109,84036,12760218,2822,4348,298220,701904,8696,1403808,"10mill-boot"
25,9,"petite","second",36923,42035,3591565,6408439,84070,12816878,2829,4309,295637,704575,8618,1409150,"10mill-boot"
25,10,"petite","second",36612,42217,3577372,6422654,84434,12845308,2769,4320,293616,706452,8640,1412904,"10mill-boot"
25,11,"petite","second",36822,42056,3575681,6424413,84112,12848826,2779,4326,291344,708839,8652,1417678,"10mill-boot"
25,12,"petite","second",36802,42210,3567682,6432486,84420,12864972,2854,4308,298772,701397,8616,1402794,"10mill-boot"
25,13,"petite","second",36962,42045,3597642,6402408,84090,12804816,2812,4316,293697,706684,8632,1413368,"10mill-boot"
25,14,"petite","second",37145,41858,3632677,6367343,83716,12734686,2797,4324,293643,706481,8648,1412962,"10mill-boot"
25,15,"petite","second",37320,41948,3642160,6358001,83896,12716002,2786,4386,296216,703874,8772,1407748,"10mill-boot"
25,16,"petite","second",37087,41920,3626235,6373811,83840,12747622,2797,4312,293947,706362,8624,1412724,"10mill-boot"
25,17,"petite","second",37139,41984,3616399,6383626,83968,12767252,2823,4318,298560,701608,8636,1403216,"10mill-boot"
25,18,"petite","second",37069,41896,3612792,6387255,83792,12774510,2849,4342,292824,707294,8684,1414588,"10mill-boot"
25,19,"petite","second",36990,41840,3611678,6388544,83680,12777088,2855,4222,299914,700215,8444,1400430,"10mill-boot"
25,20,"petite","second",37216,41779,3626903,6373263,83558,12746526,2810,4231,299196,700909,8462,1401818,"10mill-boot"
25,21,"petite","second",37170,41693,3626504,6373506,83386,12747012,2780,4311,293914,706257,8622,1412514,"10mill-boot"
25,22,"petite","second",37216,41962,3630947,6369055,83924,12738110,2773,4369,291756,708274,8738,1416548,"10mill-boot"
25,23,"petite","second",36978,42220,3604369,6395705,84440,12791410,2870,4321,299232,700839,8642,1401678,"10mill-boot"
25,24,"petite","second",37044,41966,3615177,6384863,83932,12769726,2760,4344,288701,711359,8688,1422718,"10mill-boot"
25,25,"petite","second",37098,41961,3617887,6382267,83922,12764534,2815,4276,295659,704443,8552,1408886,"10mill-boot"
25,26,"petite","second",36812,42189,3584271,6415789,84378,12831578,2809,4282,294007,706168,8564,1412336,"10mill-boot"
25,27,"petite","second",37195,41823,3627725,6372327,83646,12744654,2779,4279,295818,704267,8558,1408534,"10mill-boot"
25,28,"petite","second",37006,41996,3608932,6391080,83992,12782160,2862,4289,302890,697218,8578,1394436,"10mill-boot"
25,29,"petite","second",37102,42020,3603056,6396976,84040,12793952,2712,4378,284963,715115,8756,1430230,"10mill-boot"
25,30,"petite","second",37150,42102,3621031,6378970,84204,12757940,2867,4295,299991,700075,8590,1400150,"10mill-boot"
22,1,"petite","second",37977,40942,3691732,6308362,81884,12616724,2882,4189,304326,696048,8378,1392096,"10mill-boot"
22,2,"petite","second",37829,41016,3689696,6310305,82032,12620610,2898,4211,302497,697852,8422,1395704,"10mill-boot"
22,3,"petite","second",37632,41188,3672343,6327837,82376,12655674,2823,4209,301874,699067,8418,1398134,"10mill-boot"
22,4,"petite","second",37823,40982,3678837,6321294,81964,12642588,2790,4241,295707,704643,8482,1409286,"10mill-boot"
22,5,"petite","second",38201,41026,3717265,6282830,82052,12565660,2885,4220,302518,697539,8440,1395078,"10mill-boot"
22,6,"petite","second",38279,40888,3726841,6273165,81776,12546330,2880,4213,299441,700870,8426,1401740,"10mill-boot"
22,7,"petite","second",37886,41111,3687184,6312925,82222,12625850,2866,4199,301110,699145,8398,1398290,"10mill-boot"
22,8,"petite","second",38171,40847,3703996,6296248,81694,12592496,2856,4240,297788,702276,8480,1404552,"10mill-boot"
22,9,"petite","second",38372,40693,3745790,6254225,81386,12508450,2851,4225,299339,700675,8450,1401350,"10mill-boot"
22,10,"petite","second",38055,40979,3701613,6298461,81958,12596922,2940,4221,304035,696138,8442,1392276,"10mill-boot"
22,11,"petite","second",38217,40973,3704069,6296102,81946,12592204,3014,4141,313129,686932,8282,1373864,"10mill-boot"
22,12,"petite","second",37889,41005,3687477,6312757,82010,12625514,2870,4250,300159,700164,8500,1400328,"10mill-boot"
22,13,"petite","second",38125,40902,3716606,6283456,81804,12566912,2859,4242,300913,699090,8484,1398180,"10mill-boot"
22,14,"petite","second",37806,41115,3672867,6327289,82230,12654578,2870,4262,301648,698712,8524,1397424,"10mill-boot"
22,15,"petite","second",38180,40984,3699537,6300472,81968,12600944,2792,4255,290399,709986,8510,1419972,"10mill-boot"
22,16,"petite","second",37743,41065,3674724,6325308,82130,12650616,2890,4180,302849,697391,8360,1394782,"10mill-boot"
22,17,"petite","second",38263,40859,3712929,6287098,81718,12574196,3004,4125,317519,682965,8250,1365930,"10mill-boot"
22,18,"petite","second",38332,40919,3730059,6269974,81838,12539948,2925,4183,306403,693645,8366,1387290,"10mill-boot"
22,19,"petite","second",37825,40984,3679609,6320465,81968,12640930,2802,4194,294765,705286,8388,1410572,"10mill-boot"
22,20,"petite","second",37928,41159,3693694,6306477,82318,12612954,2849,4265,298541,701630,8530,1403260,"10mill-boot"
22,21,"petite","second",37883,41018,3688809,6311331,82036,12622662,2881,4201,302899,697342,8402,1394684,"10mill-boot"
22,22,"petite","second",37687,41139,3669523,6330516,82278,12661032,2791,4218,294212,705928,8436,1411856,"10mill-boot"
22,23,"petite","second",38214,40846,3716329,6283704,81692,12567408,2890,4250,302360,697744,8500,1395488,"10mill-boot"
22,24,"petite","second",38173,40983,3705491,6294578,81966,12589156,3005,4185,311893,688215,8370,1376430,"10mill-boot"
22,25,"petite","second",38140,40981,3705463,6294595,81962,12589190,2851,4287,300759,699536,8574,1399072,"10mill-boot"
22,26,"petite","second",38374,41103,3726089,6274030,82206,12548060,2742,4336,286650,713701,8672,1427402,"10mill-boot"
22,27,"petite","second",37876,41017,3692437,6307790,82034,12615580,2794,4263,293566,706434,8526,1412868,"10mill-boot"
22,28,"petite","second",38142,40897,3709467,6290557,81794,12581114,2850,4265,300065,700082,8530,1400164,"10mill-boot"
22,29,"petite","second",38041,40915,3694491,6305547,81830,12611094,2867,4227,298288,701935,8454,1403870,"10mill-boot"
22,30,"petite","second",38000,40998,3703480,6296727,81996,12593454,2869,4203,302046,698184,8406,1396368,"10mill-boot"
49,1,"petite","second",37547,41074,3651576,6348504,82148,12697008,2789,4223,293153,707403,8446,1414806,"10mill-boot"
49,2,"petite","second",37458,40909,3659260,6340860,81818,12681720,2868,4216,304224,696157,8432,1392314,"10mill-boot"
49,3,"petite","second",37337,40979,3653523,6346576,81958,12693152,2790,4258,293750,706582,8516,1413164,"10mill-boot"
49,4,"petite","second",37642,40849,3682596,6317407,81698,12634814,2852,4195,301647,698507,8390,1397014,"10mill-boot"
49,5,"petite","second",37734,40993,3674417,6325640,81986,12651280,2820,4287,292023,707982,8574,1415964,"10mill-boot"
49,6,"petite","second",37364,41082,3654034,6346054,82164,12692108,2887,4207,301873,698217,8414,1396434,"10mill-boot"
49,7,"petite","second",37446,40918,3656666,6343387,81836,12686774,2901,4189,303807,696625,8378,1393250,"10mill-boot"
49,8,"petite","second",37687,40754,3685925,6314151,81508,12628302,2828,4263,297283,702855,8526,1405710,"10mill-boot"
49,9,"petite","second",37330,41074,3644040,6356103,82148,12712206,2804,4280,291776,708508,8560,1417016,"10mill-boot"
49,10,"petite","second",37579,40873,3681453,6318580,81746,12637160,2905,4180,306990,693088,8360,1386176,"10mill-boot"
49,11,"petite","second",37346,41176,3649541,6350494,82352,12700988,2923,4172,307089,693067,8344,1386134,"10mill-boot"
49,12,"petite","second",37577,40794,3680654,6319470,81588,12638940,2855,4196,297991,702114,8392,1404228,"10mill-boot"
49,13,"petite","second",37613,40979,3663617,6336542,81958,12673084,2842,4207,299845,700256,8414,1400512,"10mill-boot"
49,14,"petite","second",37671,40912,3688138,6312061,81824,12624122,2882,4181,306231,693872,8362,1387744,"10mill-boot"
49,15,"petite","second",37757,40881,3682586,6317577,81762,12635154,2853,4202,297686,702592,8404,1405184,"10mill-boot"
49,16,"petite","second",37617,40877,3676142,6324052,81754,12648104,2883,4208,302343,697783,8416,1395566,"10mill-boot"
49,17,"petite","second",37590,40953,3670787,6329218,81906,12658436,2894,4221,301666,698487,8442,1396974,"10mill-boot"
49,18,"petite","second",37367,41067,3644780,6355266,82134,12710532,2774,4230,290803,709488,8460,1418976,"10mill-boot"
49,19,"petite","second",37388,41002,3659779,6340253,82004,12680506,2838,4189,299736,700529,8378,1401058,"10mill-boot"
49,20,"petite","second",37454,40870,3657479,6342547,81740,12685094,2792,4194,292540,707793,8388,1415586,"10mill-boot"
49,21,"petite","second",37508,40850,3680102,6319928,81700,12639856,2869,4166,304678,695433,8332,1390866,"10mill-boot"
49,22,"petite","second",37278,41092,3640344,6359738,82184,12719476,2821,4225,294114,706468,8450,1412936,"10mill-boot"
49,23,"petite","second",37486,41014,3656440,6343560,82028,12687120,2817,4284,294292,706218,8568,1412436,"10mill-boot"
49,24,"petite","second",37374,40990,3648298,6351882,81980,12703764,2918,4209,304839,695335,8418,1390670,"10mill-boot"
49,25,"petite","second",37693,40941,3665030,6335060,81882,12670120,2937,4164,306727,693336,8328,1386672,"10mill-boot"
49,26,"petite","second",37598,41076,3663543,6336490,82152,12672980,2784,4249,292952,707189,8498,1414378,"10mill-boot"
49,27,"petite","second",37658,40732,3678418,6321632,81464,12643264,2736,4211,293031,707045,8422,1414090,"10mill-boot"
49,28,"petite","second",37528,41026,3658451,6341728,82052,12683456,2871,4191,302876,697301,8382,1394602,"10mill-boot"
49,29,"petite","second",37230,41122,3637146,6362858,82244,12725716,2857,4229,296170,704038,8458,1408076,"10mill-boot"
49,30,"petite","second",37503,41058,3667281,6332719,82116,12665438,2745,4271,290345,709759,8542,1419518,"10mill-boot"
47,1,"petite","second",37210,41712,3666276,6333775,83424,12667550,2908,4231,307370,692658,8462,1385316,"10mill-boot"
47,2,"petite","second",37028,41639,3663669,6336403,83278,12672806,2829,4233,303380,696653,8466,1393306,"10mill-boot"
47,3,"petite","second",37108,41675,3670615,6329392,83350,12658784,2816,4329,296356,703733,8658,1407466,"10mill-boot"
47,4,"petite","second",37134,41583,3668990,6331085,83166,12662170,2719,4369,291687,708364,8738,1416728,"10mill-boot"
47,5,"petite","second",37146,41704,3675105,6324964,83408,12649928,2734,4331,293646,706449,8662,1412898,"10mill-boot"
47,6,"petite","second",37313,41719,3685775,6314236,83438,12628472,2830,4296,300481,699597,8592,1399194,"10mill-boot"
47,7,"petite","second",36950,41793,3641448,6358653,83586,12717306,2771,4338,293020,707028,8676,1414056,"10mill-boot"
47,8,"petite","second",37170,41762,3669534,6330622,83524,12661244,2848,4318,304641,695544,8636,1391088,"10mill-boot"
47,9,"petite","second",37568,41431,3699677,6300396,82862,12600792,2895,4296,304695,695439,8592,1390878,"10mill-boot"
47,10,"petite","second",37153,41659,3671462,6328618,83318,12657236,2926,4250,308783,691848,8500,1383696,"10mill-boot"
47,11,"petite","second",37235,41606,3678343,6321722,83212,12643444,2872,4323,304487,695916,8646,1391832,"10mill-boot"
47,12,"petite","second",37085,41759,3667488,6332553,83518,12665106,2861,4267,304501,696009,8534,1392018,"10mill-boot"
47,13,"petite","second",36922,41883,3641491,6358611,83766,12717222,2737,4322,296406,703775,8644,1407550,"10mill-boot"
47,14,"petite","second",37401,41685,3689181,6310972,83370,12621944,2801,4364,298852,701338,8728,1402676,"10mill-boot"
47,15,"petite","second",37344,41677,3680515,6319563,83354,12639126,2836,4331,298604,701577,8662,1403154,"10mill-boot"
47,16,"petite","second",37345,41739,3687771,6312268,83478,12624536,2801,4342,297501,703367,8684,1406734,"10mill-boot"
47,17,"petite","second",37240,41504,3666153,6333964,83008,12667928,2833,4289,297309,703045,8578,1406090,"10mill-boot"
47,18,"petite","second",37256,41647,3692252,6307764,83294,12615528,2899,4278,306179,694050,8556,1388100,"10mill-boot"
47,19,"petite","second",37195,41711,3673055,6327027,83422,12654054,2843,4249,304114,696021,8498,1392042,"10mill-boot"
47,20,"petite","second",37319,41614,3668270,6331915,83228,12663830,2880,4255,305963,694494,8510,1388988,"10mill-boot"
47,21,"petite","second",37179,41767,3654163,6345868,83534,12691736,2822,4272,300704,699393,8544,1398786,"10mill-boot"
47,22,"petite","second",37300,41709,3686709,6313390,83418,12626780,2798,4302,299951,700288,8604,1400576,"10mill-boot"
47,23,"petite","second",37466,41596,3683792,6316270,83192,12632540,2776,4355,292286,707768,8710,1415536,"10mill-boot"
47,24,"petite","second",37492,41409,3695206,6304837,82818,12609674,2912,4275,307747,692494,8550,1384988,"10mill-boot"
47,25,"petite","second",37208,41755,3655745,6344255,83510,12688510,2852,4290,302214,697862,8580,1395724,"10mill-boot"
47,26,"petite","second",36961,41828,3632786,6367310,83656,12734620,2828,4327,303700,696601,8654,1393202,"10mill-boot"
47,27,"petite","second",37569,41648,3683144,6317055,83296,12634110,2844,4295,300596,699422,8590,1398844,"10mill-boot"
47,28,"petite","second",37272,41633,3674172,6325941,83266,12651882,2910,4273,313570,686435,8546,1372870,"10mill-boot"
47,29,"petite","second",37398,41488,3682808,6317292,82976,12634584,2902,4210,310036,690012,8420,1380024,"10mill-boot"
47,30,"petite","second",37379,41741,3677628,6322502,83482,12645004,2838,4285,303554,696729,8570,1393458,"10mill-boot"
40,1,"petite","second",37646,41526,3627772,6372275,83052,12744550,2872,4243,298133,701887,8486,1403774,"10mill-boot"
40,2,"petite","second",38048,41188,3675884,6324149,82376,12648298,2924,4198,303719,696294,8396,1392588,"10mill-boot"
40,3,"petite","second",37629,41647,3620492,6379686,83294,12759372,2833,4253,297563,702920,8506,1405840,"10mill-boot"
40,4,"petite","second",37683,41424,3629034,6371119,82848,12742238,2869,4217,302531,697749,8434,1395498,"10mill-boot"
40,5,"petite","second",37634,41614,3623928,6376155,83228,12752310,2809,4278,292024,708350,8556,1416700,"10mill-boot"
40,6,"petite","second",37957,41453,3661507,6338536,82906,12677072,2960,4231,308156,692001,8462,1384002,"10mill-boot"
40,7,"petite","second",37749,41418,3637041,6363100,82836,12726200,2877,4263,298702,701518,8526,1403036,"10mill-boot"
40,8,"petite","second",37838,41458,3647196,6352976,82916,12705952,2837,4260,297016,703042,8520,1406084,"10mill-boot"
40,9,"petite","second",38069,41291,3659569,6340524,82582,12681048,2887,4250,300142,700031,8500,1400062,"10mill-boot"
40,10,"petite","second",37723,41605,3624327,6375736,83210,12751472,2969,4206,308064,692298,8412,1384596,"10mill-boot"
40,11,"petite","second",37893,41357,3642795,6357218,82714,12714436,2846,4230,294827,705216,8460,1410432,"10mill-boot"
40,12,"petite","second",37702,41577,3633142,6366941,83154,12733882,2876,4272,296191,704140,8544,1408280,"10mill-boot"
40,13,"petite","second",38146,41324,3677040,6323040,82648,12646080,2926,4212,303186,696941,8424,1393882,"10mill-boot"
40,14,"petite","second",37789,41543,3641227,6358939,83086,12717878,2788,4310,290382,709637,8620,1419274,"10mill-boot"
40,15,"petite","second",38188,41337,3672626,6327392,82674,12654784,2931,4256,301729,698605,8512,1397210,"10mill-boot"
40,16,"petite","second",38027,41369,3662599,6337552,82738,12675104,2900,4251,301039,699188,8502,1398376,"10mill-boot"
40,17,"petite","second",38172,41319,3677360,6322822,82638,12645644,2950,4248,306895,693381,8496,1386762,"10mill-boot"
40,18,"petite","second",37822,41400,3639502,6360570,82800,12721140,2816,4268,290838,709221,8536,1418442,"10mill-boot"
40,19,"petite","second",38101,41356,3681558,6318747,82712,12637494,2889,4327,297904,702351,8654,1404702,"10mill-boot"
40,20,"petite","second",37912,41409,3647487,6352513,82818,12705026,2787,4335,287624,712574,8670,1425148,"10mill-boot"
40,21,"petite","second",38172,41239,3674417,6325673,82478,12651346,2952,4234,308763,691257,8468,1382514,"10mill-boot"
40,22,"petite","second",38019,41400,3652153,6347943,82800,12695886,2854,4314,291124,709011,8628,1418022,"10mill-boot"
40,23,"petite","second",38281,41446,3680022,6320002,82892,12640004,2876,4221,295741,704360,8442,1408720,"10mill-boot"
40,24,"petite","second",37771,41421,3632879,6367121,82842,12734242,2847,4276,295822,704254,8552,1408508,"10mill-boot"
40,25,"petite","second",38093,41184,3681551,6318511,82368,12637022,2998,4221,311974,688154,8442,1376308,"10mill-boot"
40,26,"petite","second",37801,41464,3631522,6368542,82928,12737084,2866,4271,298166,702160,8542,1404320,"10mill-boot"
40,27,"petite","second",37818,41450,3641134,6358953,82900,12717906,2892,4209,301626,698535,8418,1397070,"10mill-boot"
40,28,"petite","second",37708,41425,3640914,6359087,82850,12718174,2841,4283,293085,706978,8566,1413956,"10mill-boot"
40,29,"petite","second",38157,41012,3677918,6322267,82024,12644534,2843,4222,297671,702763,8444,1405526,"10mill-boot"
40,30,"petite","second",37881,41380,3658049,6341995,82760,12683990,2806,4251,294393,705843,8502,1411686,"10mill-boot"
23,1,"petite","second",37460,41858,3666897,6333189,83716,12666378,2817,4312,300354,699807,8624,1399614,"10mill-boot"
23,2,"petite","second",37554,41792,3670784,6329298,83584,12658596,2856,4321,298337,701737,8642,1403474,"10mill-boot"
23,3,"petite","second",36947,42056,3623973,6376039,84112,12752078,2757,4373,288965,711069,8746,1422138,"10mill-boot"
23,4,"petite","second",37484,41845,3672365,6327662,83690,12655324,2857,4313,303971,696615,8626,1393230,"10mill-boot"
23,5,"petite","second",37470,41889,3651526,6348491,83778,12696982,2775,4341,286686,713524,8682,1427048,"10mill-boot"
23,6,"petite","second",37291,42080,3655217,6344788,84160,12689576,2848,4339,300539,699471,8678,1398942,"10mill-boot"
23,7,"petite","second",37305,42082,3644809,6355229,84164,12710458,2813,4364,297627,702471,8728,1404942,"10mill-boot"
23,8,"petite","second",37318,41940,3650197,6349845,83880,12699690,2879,4330,301359,698674,8660,1397348,"10mill-boot"
23,9,"petite","second",37807,41673,3695628,6304379,83346,12608758,2839,4285,298908,701376,8570,1402752,"10mill-boot"
23,10,"petite","second",37406,41716,3658021,6342065,83432,12684130,2865,4305,300522,699680,8610,1399360,"10mill-boot"
23,11,"petite","second",37891,41514,3701955,6298101,83028,12596202,2947,4247,309932,690129,8494,1380258,"10mill-boot"
23,12,"petite","second",37456,41968,3657510,6342599,83936,12685198,2941,4283,308021,692036,8566,1384072,"10mill-boot"
23,13,"petite","second",37336,41887,3653005,6347013,83774,12694026,2827,4322,298613,701469,8644,1402938,"10mill-boot"
23,14,"petite","second",37465,41922,3664197,6335854,83844,12671708,2802,4340,289742,710301,8680,1420602,"10mill-boot"
23,15,"petite","second",37538,41785,3668882,6331194,83570,12662388,2869,4225,303930,696121,8450,1392242,"10mill-boot"
23,16,"petite","second",37260,42020,3639478,6360613,84040,12721226,2843,4242,302321,697759,8484,1395518,"10mill-boot"
23,17,"petite","second",37384,41869,3662136,6337873,83738,12675746,2946,4271,310424,689788,8542,1379576,"10mill-boot"
23,18,"petite","second",37463,41964,3661481,6338527,83928,12677054,2809,4345,295127,705044,8690,1410088,"10mill-boot"
23,19,"petite","second",37610,41753,3670266,6329735,83506,12659470,2929,4214,310291,689756,8428,1379512,"10mill-boot"
23,20,"petite","second",37645,41797,3667106,6333002,83594,12666004,2836,4273,300392,699986,8546,1399972,"10mill-boot"
23,21,"petite","second",37501,41718,3664410,6335676,83436,12671352,2877,4319,302164,697916,8638,1395832,"10mill-boot"
23,22,"petite","second",37502,41944,3658317,6341968,83888,12683936,2806,4362,295035,705202,8724,1410404,"10mill-boot"
23,23,"petite","second",37478,41722,3665408,6334657,83444,12669314,2844,4284,297973,702119,8568,1404238,"10mill-boot"
23,24,"petite","second",37240,41897,3642045,6357968,83794,12715936,2849,4287,297237,702810,8574,1405620,"10mill-boot"
23,25,"petite","second",37396,41871,3649422,6350874,83742,12701748,2878,4282,304319,695876,8564,1391752,"10mill-boot"
23,26,"petite","second",37781,41800,3674084,6326062,83600,12652124,2786,4356,293023,707472,8712,1414944,"10mill-boot"
23,27,"petite","second",37545,41751,3678353,6321745,83502,12643490,2804,4342,292151,708549,8684,1417098,"10mill-boot"
23,28,"petite","second",37562,41804,3663195,6336825,83608,12673650,2836,4334,299623,700641,8668,1401282,"10mill-boot"
23,29,"petite","second",37520,41723,3661062,6339014,83446,12678028,2725,4383,282489,717665,8766,1435330,"10mill-boot"
23,30,"petite","second",37563,41867,3670852,6329227,83734,12658454,2769,4296,295448,704676,8592,1409352,"10mill-boot"
24,1,"petite","second",38053,41229,3698790,6301332,82458,12602664,2785,4225,295781,704514,8450,1409028,"10mill-boot"
24,2,"petite","second",37541,41395,3669966,6330083,82790,12660166,2819,4237,296716,703528,8474,1407056,"10mill-boot"
24,3,"petite","second",37555,41476,3665621,6334383,82952,12668766,2816,4305,295172,704914,8610,1409828,"10mill-boot"
24,4,"petite","second",37431,41576,3659621,6340487,83152,12680974,2863,4263,300127,700305,8526,1400610,"10mill-boot"
24,5,"petite","second",37937,41391,3682468,6317669,82782,12635338,2881,4276,303244,696952,8552,1393904,"10mill-boot"
24,6,"petite","second",37483,41587,3649618,6350389,83174,12700778,2890,4271,301422,698698,8542,1397396,"10mill-boot"
24,7,"petite","second",37412,41478,3649909,6350097,82956,12700194,2758,4289,292404,707684,8578,1415368,"10mill-boot"
24,8,"petite","second",37586,41577,3657366,6342696,83154,12685392,2839,4253,297359,702894,8506,1405788,"10mill-boot"
24,9,"petite","second",37739,41416,3671179,6328822,82832,12657644,2937,4196,305155,694982,8392,1389964,"10mill-boot"
24,10,"petite","second",37880,41292,3692926,6307182,82584,12614364,2884,4290,300105,699902,8580,1399804,"10mill-boot"
24,11,"petite","second",37782,41330,3681180,6318887,82660,12637774,2845,4255,299906,700186,8510,1400372,"10mill-boot"
24,12,"petite","second",37638,41328,3677351,6322652,82656,12645304,2733,4308,288063,712116,8616,1424232,"10mill-boot"
24,13,"petite","second",37614,41391,3666349,6333801,82782,12667602,2864,4275,296790,703324,8550,1406648,"10mill-boot"
24,14,"petite","second",37551,41599,3666273,6333730,83198,12667460,2796,4268,296564,703477,8536,1406954,"10mill-boot"
24,15,"petite","second",37633,41395,3667551,6332454,82790,12664908,2808,4318,290018,710597,8636,1421194,"10mill-boot"
24,16,"petite","second",37784,41254,3695003,6305194,82508,12610388,2956,4177,309859,690207,8354,1380414,"10mill-boot"
24,17,"petite","second",37858,41273,3688056,6312044,82546,12624088,2856,4278,297175,703233,8556,1406466,"10mill-boot"
24,18,"petite","second",37563,41459,3657079,6343122,82918,12686244,2775,4294,293050,707260,8588,1414520,"10mill-boot"
24,19,"petite","second",37784,41231,3691355,6308980,82462,12617960,2913,4229,305414,694888,8458,1389776,"10mill-boot"
24,20,"petite","second",37376,41456,3650019,6349993,82912,12699986,2803,4298,294401,705849,8596,1411698,"10mill-boot"
24,21,"petite","second",37573,41440,3660111,6339950,82880,12679900,2853,4238,302066,698089,8476,1396178,"10mill-boot"
24,22,"petite","second",37465,41548,3658593,6341536,83096,12683072,2818,4267,296367,703846,8534,1407692,"10mill-boot"
24,23,"petite","second",37700,41262,3678101,6321916,82524,12643832,2893,4230,301351,698883,8460,1397766,"10mill-boot"
24,24,"petite","second",37707,41419,3675765,6324460,82838,12648920,2941,4271,306980,693667,8542,1387334,"10mill-boot"
24,25,"petite","second",37525,41748,3648841,6351315,83496,12702630,2837,4291,299050,701253,8582,1402506,"10mill-boot"
24,26,"petite","second",37627,41449,3675368,6324819,82898,12649638,2899,4236,304025,696051,8472,1392102,"10mill-boot"
24,27,"petite","second",37425,41521,3654833,6345226,83042,12690452,2846,4219,302620,697406,8438,1394812,"10mill-boot"
24,28,"petite","second",37841,41392,3685228,6314822,82784,12629644,2821,4245,295025,704999,8490,1409998,"10mill-boot"
24,29,"petite","second",38020,41225,3715608,6284493,82450,12568986,2976,4212,313307,686882,8424,1373764,"10mill-boot"
24,30,"petite","second",37469,41466,3665571,6334459,82932,12668918,2781,4255,293761,706300,8510,1412600,"10mill-boot"
12,1,"petite","second",37799,41654,3663673,6336485,83308,12672970,2869,4309,298932,701940,8618,1403880,"10mill-boot"
12,2,"petite","second",37873,41533,3691085,6308923,83066,12617846,2879,4239,301070,699171,8478,1398342,"10mill-boot"
12,3,"petite","second",37711,41626,3674159,6325887,83252,12651774,2867,4302,300456,700014,8604,1400028,"10mill-boot"
12,4,"petite","second",37605,41793,3660298,6339864,83586,12679728,2865,4324,295141,704899,8648,1409798,"10mill-boot"
12,5,"petite","second",37540,41785,3629362,6370652,83570,12741304,2868,4347,296978,703418,8694,1406836,"10mill-boot"
12,6,"petite","second",37917,41587,3692968,6307065,83174,12614130,2837,4321,298183,702151,8642,1404302,"10mill-boot"
12,7,"petite","second",37857,41637,3682681,6317364,83274,12634728,2859,4255,297116,702972,8510,1405944,"10mill-boot"
12,8,"petite","second",38029,41429,3693875,6306159,82858,12612318,2807,4316,290398,709698,8632,1419396,"10mill-boot"
12,9,"petite","second",37936,41605,3691685,6308352,83210,12616704,2924,4298,305982,694052,8596,1388104,"10mill-boot"
12,10,"petite","second",37662,41632,3674933,6325152,83264,12650304,2799,4299,291854,708271,8598,1416542,"10mill-boot"
12,11,"petite","second",37879,41719,3681060,6319023,83438,12638046,2839,4309,297282,702992,8618,1405984,"10mill-boot"
12,12,"petite","second",37759,41537,3691594,6308459,83074,12616918,2853,4210,301322,698833,8420,1397666,"10mill-boot"
12,13,"petite","second",37774,41475,3677362,6322744,82950,12645488,2816,4286,297924,702243,8572,1404486,"10mill-boot"
12,14,"petite","second",37550,41873,3651888,6348194,83746,12696388,2906,4280,302658,697848,8560,1395696,"10mill-boot"
12,15,"petite","second",37549,41736,3637159,6362984,83472,12725968,2810,4351,291053,709152,8702,1418304,"10mill-boot"
12,16,"petite","second",37809,41408,3682234,6317892,82816,12635784,2911,4250,303552,696527,8500,1393054,"10mill-boot"
12,17,"petite","second",37553,41784,3654026,6346075,83568,12692150,2814,4318,293262,706919,8636,1413838,"10mill-boot"
12,18,"petite","second",37688,41784,3665757,6334332,83568,12668664,2909,4275,300198,699841,8550,1399682,"10mill-boot"
12,19,"petite","second",37760,41687,3672312,6327701,83374,12655402,2830,4295,295440,704609,8590,1409218,"10mill-boot"
12,20,"petite","second",37766,41725,3670098,6329964,83450,12659928,2888,4308,300516,699716,8616,1399432,"10mill-boot"
12,21,"petite","second",37625,41706,3663198,6336826,83412,12673652,2828,4389,293189,706843,8778,1413686,"10mill-boot"
12,22,"petite","second",37425,41992,3632258,6367748,83984,12735496,2874,4335,296600,703762,8670,1407524,"10mill-boot"
12,23,"petite","second",37858,41556,3674868,6325165,83112,12650330,2843,4287,298239,702106,8574,1404212,"10mill-boot"
12,24,"petite","second",37963,41518,3688411,6311654,83036,12623308,2858,4317,297767,702283,8634,1404566,"10mill-boot"
12,25,"petite","second",38158,41434,3708622,6291378,82868,12582756,2853,4320,299076,701008,8640,1402016,"10mill-boot"
12,26,"petite","second",37622,41998,3650050,6350020,83996,12700040,2840,4327,295955,704154,8654,1408308,"10mill-boot"
12,27,"petite","second",37646,41731,3666368,6333731,83462,12667462,2808,4321,295311,704967,8642,1409934,"10mill-boot"
12,28,"petite","second",37665,41795,3658965,6341076,83590,12682152,2879,4339,299309,701067,8678,1402134,"10mill-boot"
12,29,"petite","second",37810,41805,3660789,6339297,83610,12678594,2908,4274,299500,700613,8548,1401226,"10mill-boot"
12,30,"petite","second",37577,41932,3650762,6349400,83864,12698800,2881,4339,302862,697383,8678,1394766,"10mill-boot"
15,1,"petite","second",37254,41546,3627508,6372578,83092,12745156,2714,4335,287544,712523,8670,1425046,"10mill-boot"
15,2,"petite","second",37202,41418,3624673,6375357,82836,12750714,2852,4220,300555,699507,8440,1399014,"10mill-boot"
15,3,"petite","second",37153,41670,3614735,6385325,83340,12770650,2717,4371,284299,715855,8742,1431710,"10mill-boot"
15,4,"petite","second",37199,41555,3617657,6382431,83110,12764862,2783,4251,290948,709231,8502,1418462,"10mill-boot"
15,5,"petite","second",37193,41552,3617554,6382590,83104,12765180,2863,4219,301701,698519,8438,1397038,"10mill-boot"
15,6,"petite","second",37484,41645,3645435,6354881,83290,12709762,2905,4181,305022,695019,8362,1390038,"10mill-boot"
15,7,"petite","second",37345,41567,3614982,6385056,83134,12770112,2765,4277,288022,712031,8554,1424062,"10mill-boot"
15,8,"petite","second",37300,41572,3628794,6371247,83144,12742494,2769,4285,288698,711517,8570,1423034,"10mill-boot"
15,9,"petite","second",37467,41456,3630752,6369259,82912,12738518,2811,4367,290456,709620,8734,1419240,"10mill-boot"
15,10,"petite","second",36832,41711,3586349,6413849,83422,12827698,2898,4260,303109,697055,8520,1394110,"10mill-boot"
15,11,"petite","second",37405,41579,3634191,6365816,83158,12731632,2849,4276,297308,702862,8552,1405724,"10mill-boot"
15,12,"petite","second",37291,41643,3619297,6380776,83286,12761552,2877,4236,298151,701899,8472,1403798,"10mill-boot"
15,13,"petite","second",37402,41541,3645028,6354994,83082,12709988,2902,4274,302147,698287,8548,1396574,"10mill-boot"
15,14,"petite","second",37463,41717,3639972,6360064,83434,12720128,2745,4323,287760,712326,8646,1424652,"10mill-boot"
15,15,"petite","second",37470,41640,3630853,6369309,83280,12738618,2773,4361,290655,709381,8722,1418762,"10mill-boot"
15,16,"petite","second",37148,41751,3612907,6387378,83502,12774756,2877,4235,299947,700216,8470,1400432,"10mill-boot"
15,17,"petite","second",37249,41641,3616051,6383984,83282,12767968,2870,4298,297544,702526,8596,1405052,"10mill-boot"
15,18,"petite","second",37480,41533,3640277,6359773,83066,12719546,2849,4250,296637,703453,8500,1406906,"10mill-boot"
15,19,"petite","second",37086,41794,3614695,6385323,83588,12770646,2781,4321,292521,707606,8642,1415212,"10mill-boot"
15,20,"petite","second",37226,41601,3625392,6374680,83202,12749360,2823,4228,301289,698713,8456,1397426,"10mill-boot"
15,21,"petite","second",37263,41559,3626529,6373475,83118,12746950,2829,4250,295786,704371,8500,1408742,"10mill-boot"
15,22,"petite","second",37533,41497,3643125,6356923,82994,12713846,2870,4218,298559,701456,8436,1402912,"10mill-boot"
15,23,"petite","second",37638,41432,3648951,6351105,82864,12702210,2840,4237,294470,705630,8474,1411260,"10mill-boot"
15,24,"petite","second",37363,41499,3639094,6360918,82998,12721836,2855,4242,296503,703948,8484,1407896,"10mill-boot"
15,25,"petite","second",37395,41449,3633336,6366820,82898,12733640,2857,4288,293367,706897,8576,1413794,"10mill-boot"
15,26,"petite","second",37319,41614,3629788,6370287,83228,12740574,2755,4269,291646,708731,8538,1417462,"10mill-boot"
15,27,"petite","second",37429,41543,3642036,6358001,83086,12716002,2781,4307,288989,711091,8614,1422182,"10mill-boot"
15,28,"petite","second",37273,41519,3622277,6377756,83038,12755512,2836,4257,297508,702602,8514,1405204,"10mill-boot"
15,29,"petite","second",37328,41483,3635146,6364885,82966,12729770,2888,4208,302026,698008,8416,1396016,"10mill-boot"
15,30,"petite","second",37196,41680,3627276,6372725,83360,12745450,2797,4292,292484,707560,8584,1415120,"10mill-boot"
41,1,"petite","second",37613,41459,3664862,6335265,82918,12670530,2829,4330,292493,707782,8660,1415564,"10mill-boot"
41,2,"petite","second",37253,41594,3648784,6351256,83188,12702512,2897,4202,306326,693958,8404,1387916,"10mill-boot"
41,3,"petite","second",37015,41585,3616063,6384009,83170,12768018,2784,4307,288099,712036,8614,1424072,"10mill-boot"
41,4,"petite","second",37132,41751,3621902,6378179,83502,12756358,2810,4317,295663,704640,8634,1409280,"10mill-boot"
41,5,"petite","second",37298,41556,3642020,6358100,83112,12716200,2852,4270,301704,698368,8540,1396736,"10mill-boot"
41,6,"petite","second",37511,41345,3662511,6337653,82690,12675306,2832,4299,297342,703099,8598,1406198,"10mill-boot"
41,7,"petite","second",37856,41194,3683366,6316724,82388,12633448,2778,4305,291356,708971,8610,1417942,"10mill-boot"
41,8,"petite","second",37769,41438,3679283,6320818,82876,12641636,2891,4267,305486,694705,8534,1389410,"10mill-boot"
41,9,"petite","second",37545,41356,3655938,6344163,82712,12688326,2836,4299,293636,706393,8598,1412786,"10mill-boot"
41,10,"petite","second",37508,41333,3659437,6340581,82666,12681162,2816,4338,296541,703802,8676,1407604,"10mill-boot"
41,11,"petite","second",37310,41720,3628870,6371263,83440,12742526,2778,4354,289106,710971,8708,1421942,"10mill-boot"
41,12,"petite","second",37625,41360,3673991,6326158,82720,12652316,2786,4297,291110,709255,8594,1418510,"10mill-boot"
41,13,"petite","second",37364,41453,3641626,6358415,82906,12716830,2856,4307,296973,703323,8614,1406646,"10mill-boot"
41,14,"petite","second",37092,41658,3618319,6381839,83316,12763678,2811,4321,292559,707770,8642,1415540,"10mill-boot"
41,15,"petite","second",37328,41544,3642515,6357553,83088,12715106,2861,4259,301415,698841,8518,1397682,"10mill-boot"
41,16,"petite","second",37499,41528,3654649,6345408,83056,12690816,2861,4242,301588,698413,8484,1396826,"10mill-boot"
41,17,"petite","second",37284,41470,3644851,6355201,82940,12710402,2810,4267,301264,698903,8534,1397806,"10mill-boot"
41,18,"petite","second",37385,41610,3634745,6365302,83220,12730604,2842,4316,301460,698558,8632,1397116,"10mill-boot"
41,19,"petite","second",37141,41481,3638111,6361889,82962,12723778,2828,4242,299871,700209,8484,1400418,"10mill-boot"
41,20,"petite","second",37254,41527,3641339,6358710,83054,12717420,2853,4278,303155,697092,8556,1394184,"10mill-boot"
41,21,"petite","second",37317,41546,3654006,6346027,83092,12692054,2886,4236,303237,697317,8472,1394634,"10mill-boot"
41,22,"petite","second",37351,41452,3654417,6345610,82904,12691220,2825,4279,300254,699863,8558,1399726,"10mill-boot"
41,23,"petite","second",37519,41373,3655225,6344968,82746,12689936,2813,4278,294854,705680,8556,1411360,"10mill-boot"
41,24,"petite","second",37191,41710,3617425,6382587,83420,12765174,2891,4300,300659,699383,8600,1398766,"10mill-boot"
41,25,"petite","second",37606,41558,3650302,6349857,83116,12699714,2855,4250,299438,701091,8500,1402182,"10mill-boot"
41,26,"petite","second",37270,41820,3623225,6376852,83640,12753704,2792,4313,292384,707700,8626,1415400,"10mill-boot"
41,27,"petite","second",37547,41453,3675214,6324811,82906,12649622,2807,4328,292446,708236,8656,1416472,"10mill-boot"
41,28,"petite","second",37599,41576,3668021,6332020,83152,12664040,2810,4241,299625,700452,8482,1400904,"10mill-boot"
41,29,"petite","second",37383,41443,3643472,6356549,82886,12713098,2819,4287,295466,704913,8574,1409826,"10mill-boot"
41,30,"petite","second",37180,41573,3626438,6373599,83146,12747198,2775,4267,294085,705949,8534,1411898,"10mill-boot"
46,1,"petite","second",37080,41921,3626876,6373150,83842,12746300,2891,4264,303671,696417,8528,1392834,"10mill-boot"
46,2,"petite","second",36941,41997,3627512,6372599,83994,12745198,2857,4322,297105,703017,8644,1406034,"10mill-boot"
46,3,"petite","second",37017,41969,3616695,6383361,83938,12766722,2689,4357,282058,718225,8714,1436450,"10mill-boot"
46,4,"petite","second",37203,41860,3650447,6349607,83720,12699214,2914,4227,306812,693575,8454,1387150,"10mill-boot"
46,5,"petite","second",37099,41845,3628394,6371655,83690,12743310,2807,4305,294970,705063,8610,1410126,"10mill-boot"
46,6,"petite","second",37168,41950,3636146,6363865,83900,12727730,2728,4427,285317,714974,8854,1429948,"10mill-boot"
46,7,"petite","second",37100,41893,3628648,6371357,83786,12742714,2765,4343,289117,710935,8686,1421870,"10mill-boot"
46,8,"petite","second",37393,41862,3659912,6340133,83724,12680266,2805,4316,295278,704840,8632,1409680,"10mill-boot"
46,9,"petite","second",37265,41940,3648526,6351564,83880,12703128,2816,4321,295731,704453,8642,1408906,"10mill-boot"
46,10,"petite","second",37119,41913,3633435,6366692,83826,12733384,2891,4306,299478,700692,8612,1401384,"10mill-boot"
46,11,"petite","second",37153,41935,3629684,6370316,83870,12740632,2898,4263,306025,694133,8526,1388266,"10mill-boot"
46,12,"petite","second",37301,41925,3630809,6369345,83850,12738690,2879,4276,296829,703352,8552,1406704,"10mill-boot"
46,13,"petite","second",37160,41969,3635109,6364946,83938,12729892,2862,4285,297542,702816,8570,1405632,"10mill-boot"
46,14,"petite","second",36955,42058,3604128,6395902,84116,12791804,2833,4341,294879,705763,8682,1411526,"10mill-boot"
46,15,"petite","second",37085,42102,3617999,6382006,84204,12764012,2777,4298,292102,707904,8596,1415808,"10mill-boot"
46,16,"petite","second",37016,42083,3621611,6378397,84166,12756794,2779,4326,290024,710134,8652,1420268,"10mill-boot"
46,17,"petite","second",37424,41567,3671109,6328910,83134,12657820,2827,4255,296892,703234,8510,1406468,"10mill-boot"
46,18,"petite","second",36923,42001,3609274,6390748,84002,12781496,2854,4303,296274,703808,8606,1407616,"10mill-boot"
46,19,"petite","second",36946,42044,3629102,6370999,84088,12741998,2761,4362,290215,710205,8724,1420410,"10mill-boot"
46,20,"petite","second",36996,41970,3613586,6386563,83940,12773126,2855,4305,299069,701141,8610,1402282,"10mill-boot"
46,21,"petite","second",37450,41733,3673962,6326088,83466,12652176,2807,4318,293560,706482,8636,1412964,"10mill-boot"
46,22,"petite","second",37172,42114,3629449,6370918,84228,12741836,2800,4341,293832,706202,8682,1412404,"10mill-boot"
46,23,"petite","second",37290,41795,3651560,6348545,83590,12697090,2820,4309,297374,702934,8618,1405868,"10mill-boot"
46,24,"petite","second",37005,41904,3614852,6385268,83808,12770536,2818,4276,293990,706150,8552,1412300,"10mill-boot"
46,25,"petite","second",36948,41858,3620316,6379760,83716,12759520,2861,4259,300078,699956,8518,1399912,"10mill-boot"
46,26,"petite","second",37271,41986,3653432,6346658,83972,12693316,2855,4308,299285,700872,8616,1401744,"10mill-boot"
46,27,"petite","second",37256,41937,3653263,6346901,83874,12693802,2794,4325,293673,706449,8650,1412898,"10mill-boot"
46,28,"petite","second",37251,42021,3638410,6361618,84042,12723236,2833,4320,293772,706485,8640,1412970,"10mill-boot"
46,29,"petite","second",37072,41779,3642369,6357668,83558,12715336,2781,4288,293444,707004,8576,1414008,"10mill-boot"
46,30,"petite","second",36986,42221,3611263,6388768,84442,12777536,2835,4340,297943,702061,8680,1404122,"10mill-boot"
48,1,"petite","second",38226,41077,3733292,6266731,82154,12533462,2933,4229,310609,689490,8458,1378980,"10mill-boot"
48,2,"petite","second",38378,40787,3766084,6233926,81574,12467852,2834,4255,297849,702425,8510,1404850,"10mill-boot"
48,3,"petite","second",38261,41050,3738155,6261931,82100,12523862,2942,4235,309155,690923,8470,1381846,"10mill-boot"
48,4,"petite","second",38458,40972,3746435,6253690,81944,12507380,2836,4243,301027,698988,8486,1397976,"10mill-boot"
48,5,"petite","second",38238,40981,3740259,6259964,81962,12519928,2830,4256,296813,703232,8512,1406464,"10mill-boot"
48,6,"petite","second",38247,41141,3721078,6278964,82282,12557928,2894,4189,305914,694252,8378,1388504,"10mill-boot"
48,7,"petite","second",38294,41018,3732946,6267163,82036,12534326,2891,4220,304165,696158,8440,1392316,"10mill-boot"
48,8,"petite","second",38101,41299,3726078,6273980,82598,12547960,2907,4280,305679,694613,8560,1389226,"10mill-boot"
48,9,"petite","second",38693,40860,3771702,6228334,81720,12456668,2885,4242,303002,697205,8484,1394410,"10mill-boot"
48,10,"petite","second",38349,40975,3744563,6255449,81950,12510898,2971,4214,311772,688290,8428,1376580,"10mill-boot"
48,11,"petite","second",38322,41106,3744443,6255642,82212,12511284,2942,4263,308792,691263,8526,1382526,"10mill-boot"
48,12,"petite","second",38466,40975,3748895,6251179,81950,12502358,2924,4182,310121,690266,8364,1380532,"10mill-boot"
48,13,"petite","second",38117,41131,3712341,6287676,82262,12575352,2875,4285,301900,698312,8570,1396624,"10mill-boot"
48,14,"petite","second",38240,41100,3737023,6263061,82200,12526122,2993,4175,316569,683650,8350,1367300,"10mill-boot"
48,15,"petite","second",38370,41000,3746084,6254075,82000,12508150,2941,4256,310768,689929,8512,1379858,"10mill-boot"
48,16,"petite","second",38619,41088,3765903,6234099,82176,12468198,2936,4218,309621,690433,8436,1380866,"10mill-boot"
48,17,"petite","second",38365,41030,3731661,6268448,82060,12536896,2976,4247,309776,690547,8494,1381094,"10mill-boot"
48,18,"petite","second",38245,40902,3742113,6257893,81804,12515786,2898,4237,308807,691772,8474,1383544,"10mill-boot"
48,19,"petite","second",38164,40934,3734174,6265959,81868,12531918,2911,4232,308407,691741,8464,1383482,"10mill-boot"
48,20,"petite","second",38610,40893,3756213,6243863,81786,12487726,2868,4255,300648,699387,8510,1398774,"10mill-boot"
48,21,"petite","second",38222,40915,3733523,6266486,81830,12532972,2804,4198,296094,704242,8396,1408484,"10mill-boot"
48,22,"petite","second",38407,41045,3742307,6257753,82090,12515506,2867,4274,301789,698354,8548,1396708,"10mill-boot"
48,23,"petite","second",38170,41243,3717068,6282986,82486,12565972,2979,4253,308045,691991,8506,1383982,"10mill-boot"
48,24,"petite","second",38289,40983,3735736,6264266,81966,12528532,2927,4200,305072,695184,8400,1390368,"10mill-boot"
48,25,"petite","second",38162,41061,3722904,6277206,82122,12554412,2876,4259,301786,698484,8518,1396968,"10mill-boot"
48,26,"petite","second",38524,40844,3771734,6228368,81688,12456736,2960,4224,314457,685813,8448,1371626,"10mill-boot"
48,27,"petite","second",38430,40779,3761525,6238660,81558,12477320,2953,4213,308588,692049,8426,1384098,"10mill-boot"
48,28,"petite","second",38164,41010,3724977,6275103,82020,12550206,2915,4215,306364,693748,8430,1387496,"10mill-boot"
48,29,"petite","second",38574,40896,3757420,6242632,81792,12485264,2896,4219,304783,695534,8438,1391068,"10mill-boot"
48,30,"petite","second",38459,41002,3752110,6248175,82004,12496350,2835,4247,297983,702329,8494,1404658,"10mill-boot"
33,1,"petite","second",37071,41478,3691153,6308983,82956,12617966,2792,4312,297442,702786,8624,1405572,"10mill-boot"
33,2,"petite","second",36940,41477,3695938,6304143,82954,12608286,2841,4308,302213,698193,8616,1396386,"10mill-boot"
33,3,"petite","second",37098,41515,3683020,6317070,83030,12634140,2843,4246,304121,695975,8492,1391950,"10mill-boot"
33,4,"petite","second",36944,41567,3671157,6328905,83134,12657810,2790,4265,299142,700984,8530,1401968,"10mill-boot"
33,5,"petite","second",37108,41427,3690741,6309315,82854,12618630,2812,4264,299934,700232,8528,1400464,"10mill-boot"
33,6,"petite","second",37369,41353,3703833,6296190,82706,12592380,2768,4297,296730,703329,8594,1406658,"10mill-boot"
33,7,"petite","second",36976,41656,3664345,6335688,83312,12671376,2784,4309,292485,707875,8618,1415750,"10mill-boot"
33,8,"petite","second",37259,41490,3696118,6303900,82980,12607800,2802,4303,302740,697385,8606,1394770,"10mill-boot"
33,9,"petite","second",37330,41421,3715574,6284505,82842,12569010,2874,4267,307811,692203,8534,1384406,"10mill-boot"
33,10,"petite","second",37062,41478,3687916,6312149,82956,12624298,2806,4221,301124,698922,8442,1397844,"10mill-boot"
33,11,"petite","second",36778,41689,3651521,6348485,83378,12696970,2806,4274,298479,702062,8548,1404124,"10mill-boot"
33,12,"petite","second",36978,41520,3678876,6321200,83040,12642400,2768,4292,296741,703547,8584,1407094,"10mill-boot"
33,13,"petite","second",37070,41528,3694475,6305546,83056,12611092,2825,4273,300360,699825,8546,1399650,"10mill-boot"
33,14,"petite","second",37003,41470,3686605,6313427,82940,12626854,2792,4244,301739,698528,8488,1397056,"10mill-boot"
33,15,"petite","second",37236,41445,3712340,6287686,82890,12575372,2837,4270,302836,697234,8540,1394468,"10mill-boot"
33,16,"petite","second",37100,41585,3685491,6314652,83170,12629304,2767,4325,297636,702595,8650,1405190,"10mill-boot"
33,17,"petite","second",37063,41503,3697743,6302414,83006,12604828,2795,4247,299058,701046,8494,1402092,"10mill-boot"
33,18,"petite","second",37074,41548,3671709,6328319,83096,12656638,2875,4238,307797,692435,8476,1384870,"10mill-boot"
33,19,"petite","second",37020,41610,3661940,6338072,83220,12676144,2782,4298,299584,700647,8596,1401294,"10mill-boot"
33,20,"petite","second",37118,41425,3703716,6296555,82850,12593110,2857,4238,306570,693460,8476,1386920,"10mill-boot"
33,21,"petite","second",37046,41547,3673718,6326318,83094,12652636,2846,4229,304992,695178,8458,1390356,"10mill-boot"
33,22,"petite","second",37193,41483,3694571,6305456,82966,12610912,2847,4262,301120,698907,8524,1397814,"10mill-boot"
33,23,"petite","second",37039,41547,3669442,6330726,83094,12661452,2789,4356,294521,705672,8712,1411344,"10mill-boot"
33,24,"petite","second",36977,41471,3671872,6328243,82942,12656486,2800,4276,297062,703058,8552,1406116,"10mill-boot"
33,25,"petite","second",37098,41516,3685358,6314692,83032,12629384,2876,4246,308527,691567,8492,1383134,"10mill-boot"
33,26,"petite","second",37228,41515,3691528,6308694,83030,12617388,2858,4259,306847,693285,8518,1386570,"10mill-boot"
33,27,"petite","second",37680,41152,3744684,6255465,82304,12510930,2846,4272,306703,693525,8544,1387050,"10mill-boot"
33,28,"petite","second",37244,41485,3696811,6303194,82970,12606388,2913,4238,312953,687119,8476,1374238,"10mill-boot"
33,29,"petite","second",36949,41543,3679381,6320697,83086,12641394,2848,4285,303617,696510,8570,1393020,"10mill-boot"
33,30,"petite","second",37044,41475,3682154,6317859,82950,12635718,2818,4263,303353,696714,8526,1393428,"10mill-boot"
9,1,"petite","second",37153,42061,3588047,6411994,84122,12823988,2775,4339,290431,710207,8678,1420414,"10mill-boot"
9,2,"petite","second",37078,42172,3578596,6421481,84344,12842962,2821,4326,296256,704227,8652,1408454,"10mill-boot"
9,3,"petite","second",37066,42083,3579437,6420624,84166,12841248,2734,4327,283014,717187,8654,1434374,"10mill-boot"
9,4,"petite","second",37085,42343,3569169,6430846,84686,12861692,2769,4363,285122,714945,8726,1429890,"10mill-boot"
9,5,"petite","second",37257,42368,3568645,6431491,84736,12862982,2881,4336,293686,706691,8672,1413382,"10mill-boot"
9,6,"petite","second",37245,42265,3589516,6410555,84530,12821110,2848,4392,291476,708934,8784,1417868,"10mill-boot"
9,7,"petite","second",36974,42595,3549874,6450167,85190,12900334,2833,4325,293015,707121,8650,1414242,"10mill-boot"
9,8,"petite","second",37261,42098,3595440,6404608,84196,12809216,2797,4336,289151,711507,8672,1423014,"10mill-boot"
9,9,"petite","second",37068,42095,3568714,6431324,84190,12862648,2732,4369,282140,717866,8738,1435732,"10mill-boot"
9,10,"petite","second",37135,42148,3587430,6412608,84296,12825216,2819,4341,293419,706689,8682,1413378,"10mill-boot"
9,11,"petite","second",37559,41882,3608654,6391423,83764,12782846,2919,4271,301071,698998,8542,1397996,"10mill-boot"
9,12,"petite","second",37400,42065,3605084,6394941,84130,12789882,2849,4314,296089,704094,8628,1408188,"10mill-boot"
9,13,"petite","second",37330,42177,3591336,6408834,84354,12817668,2838,4322,293154,707133,8644,1414266,"10mill-boot"
9,14,"petite","second",37229,42364,3587208,6412814,84728,12825628,2704,4380,283166,717032,8760,1434064,"10mill-boot"
9,15,"petite","second",37135,42234,3573885,6426130,84468,12852260,2840,4336,295449,704818,8672,1409636,"10mill-boot"
9,16,"petite","second",36950,42299,3549588,6450578,84598,12901156,2769,4347,284353,715736,8694,1431472,"10mill-boot"
9,17,"petite","second",37205,42247,3587731,6412417,84494,12824834,2789,4358,286796,713316,8716,1426632,"10mill-boot"
9,18,"petite","second",36721,42445,3532816,6467224,84890,12934448,2764,4377,284922,715118,8754,1430236,"10mill-boot"
9,19,"petite","second",37136,42056,3597722,6402358,84112,12804716,2654,4443,275454,724587,8886,1449174,"10mill-boot"
9,20,"petite","second",37453,42121,3594671,6405334,84242,12810668,2779,4395,283934,716692,8790,1433384,"10mill-boot"
9,21,"petite","second",37058,42179,3572125,6427952,84358,12855904,2798,4298,290818,709396,8596,1418792,"10mill-boot"
9,22,"petite","second",36948,42385,3556948,6443150,84770,12886300,2739,4356,284099,716378,8712,1432756,"10mill-boot"
9,23,"petite","second",37321,41987,3595467,6404543,83974,12809086,2730,4338,285368,714659,8676,1429318,"10mill-boot"
9,24,"petite","second",37175,42136,3584823,6415219,84272,12830438,2825,4350,291803,708288,8700,1416576,"10mill-boot"
9,25,"petite","second",37191,42151,3582582,6417442,84302,12834884,2779,4336,292031,707996,8672,1415992,"10mill-boot"
9,26,"petite","second",37453,42035,3597314,6402766,84070,12805532,2779,4345,287104,712926,8690,1425852,"10mill-boot"
9,27,"petite","second",37191,42280,3584001,6416059,84560,12832118,2795,4345,290817,709235,8690,1418470,"10mill-boot"
9,28,"petite","second",37101,41997,3578614,6421419,83994,12842838,2842,4311,293309,706712,8622,1413424,"10mill-boot"
9,29,"petite","second",37383,41953,3598874,6401179,83906,12802358,2810,4349,293236,706824,8698,1413648,"10mill-boot"
9,30,"petite","second",36836,42349,3542580,6457445,84698,12914890,2732,4343,278117,722039,8686,1444078,"10mill-boot"
34,1,"petite","second",37802,41236,3681382,6318673,82472,12637346,2899,4232,302127,698044,8464,1396088,"10mill-boot"
34,2,"petite","second",37149,41408,3625898,6374246,82816,12748492,2808,4206,298335,701781,8412,1403562,"10mill-boot"
34,3,"petite","second",37310,41526,3638909,6361204,83052,12722408,2808,4264,297993,702159,8528,1404318,"10mill-boot"
34,4,"petite","second",37367,41514,3642297,6357765,83028,12715530,2794,4291,291101,709366,8582,1418732,"10mill-boot"
34,5,"petite","second",37330,41427,3650801,6349378,82854,12698756,2799,4291,295035,705034,8582,1410068,"10mill-boot"
34,6,"petite","second",37731,41385,3669603,6330421,82770,12660842,2918,4237,302968,697316,8474,1394632,"10mill-boot"
34,7,"petite","second",37691,41417,3666652,6333442,82834,12666884,2894,4266,305573,694586,8532,1389172,"10mill-boot"
34,8,"petite","second",37648,41306,3665128,6334910,82612,12669820,2831,4216,298005,702170,8432,1404340,"10mill-boot"
34,9,"petite","second",37770,41216,3678583,6321474,82432,12642948,2834,4219,299383,700780,8438,1401560,"10mill-boot"
34,10,"petite","second",37465,41349,3657306,6342707,82698,12685414,2803,4273,294586,705649,8546,1411298,"10mill-boot"
34,11,"petite","second",37091,41598,3615480,6384639,83196,12769278,2827,4297,295309,704759,8594,1409518,"10mill-boot"
34,12,"petite","second",37171,41646,3631504,6368552,83292,12737104,2883,4262,307001,693108,8524,1386216,"10mill-boot"
34,13,"petite","second",37334,41515,3633278,6366848,83030,12733696,2787,4285,293042,707091,8570,1414182,"10mill-boot"
34,14,"petite","second",37352,41572,3631433,6368589,83144,12737178,2811,4285,295471,704594,8570,1409188,"10mill-boot"
34,15,"petite","second",37557,41342,3662267,6337807,82684,12675614,2854,4287,299155,700969,8574,1401938,"10mill-boot"
34,16,"petite","second",37528,41500,3655176,6344854,83000,12689708,2851,4228,303012,697069,8456,1394138,"10mill-boot"
34,17,"petite","second",37360,41478,3638878,6361207,82956,12722414,2895,4259,302204,697990,8518,1395980,"10mill-boot"
34,18,"petite","second",37585,41293,3663810,6336227,82586,12672454,2900,4190,304343,695717,8380,1391434,"10mill-boot"
34,19,"petite","second",37459,41516,3652564,6347527,83032,12695054,2858,4235,301290,698755,8470,1397510,"10mill-boot"
34,20,"petite","second",37794,41385,3677329,6322770,82770,12645540,2792,4288,292498,707872,8576,1415744,"10mill-boot"
34,21,"petite","second",37631,41246,3672697,6327354,82492,12654708,2930,4265,307246,693081,8530,1386162,"10mill-boot"
34,22,"petite","second",37447,41514,3655363,6344727,83028,12689454,2847,4255,299512,700682,8510,1401364,"10mill-boot"
34,23,"petite","second",37552,41306,3660317,6339737,82612,12679474,2837,4237,301590,699029,8474,1398058,"10mill-boot"
34,24,"petite","second",37825,41460,3678704,6321357,82920,12642714,2874,4227,305228,694786,8454,1389572,"10mill-boot"
34,25,"petite","second",37685,41234,3673712,6326340,82468,12652680,2844,4215,300364,699945,8430,1399890,"10mill-boot"
34,26,"petite","second",37793,41281,3669693,6330387,82562,12660774,2904,4169,308216,691932,8338,1383864,"10mill-boot"
34,27,"petite","second",37492,41437,3669457,6330616,82874,12661232,2901,4210,305122,694893,8420,1389786,"10mill-boot"
34,28,"petite","second",37689,41353,3677656,6322481,82706,12644962,2977,4124,318356,681776,8248,1363552,"10mill-boot"
34,29,"petite","second",37745,41077,3681126,6318971,82154,12637942,2921,4175,310689,689560,8350,1379120,"10mill-boot"
34,30,"petite","second",37400,41665,3646083,6354081,83330,12708162,2790,4302,292709,707327,8604,1414654,"10mill-boot"
7,1,"petite","second",38118,41450,3704064,6295989,82900,12591978,2884,4257,302132,698059,8514,1396118,"10mill-boot"
7,2,"petite","second",37817,41382,3700023,6300151,82764,12600302,2907,4251,308381,691667,8502,1383334,"10mill-boot"
7,3,"petite","second",37701,41701,3681525,6318539,83402,12637078,2918,4280,306775,693609,8560,1387218,"10mill-boot"
7,4,"petite","second",38012,41396,3706852,6293231,82792,12586462,2961,4235,310908,689216,8470,1378432,"10mill-boot"
7,5,"petite","second",38010,41437,3719482,6280578,82874,12561156,2845,4288,300348,699912,8576,1399824,"10mill-boot"
7,6,"petite","second",37756,41408,3671671,6328341,82816,12656682,2912,4253,303535,696508,8506,1393016,"10mill-boot"
7,7,"petite","second",37998,41315,3699157,6300965,82630,12601930,2903,4235,301820,698259,8470,1396518,"10mill-boot"
7,8,"petite","second",38123,41298,3720924,6279301,82596,12558602,2877,4333,300188,699830,8666,1399660,"10mill-boot"
7,9,"petite","second",38322,41151,3748538,6251477,82302,12502954,2879,4305,302467,697661,8610,1395322,"10mill-boot"
7,10,"petite","second",37693,41477,3683086,6316983,82954,12633966,2919,4251,304289,696025,8502,1392050,"10mill-boot"
7,11,"petite","second",38157,41308,3730972,6269123,82616,12538246,2976,4253,311449,688623,8506,1377246,"10mill-boot"
7,12,"petite","second",37927,41420,3694527,6305544,82840,12611088,2949,4274,306188,693912,8548,1387824,"10mill-boot"
7,13,"petite","second",37811,41733,3685021,6315023,83466,12630046,2974,4319,310440,689748,8638,1379496,"10mill-boot"
7,14,"petite","second",38008,41409,3717112,6282957,82818,12565914,2920,4224,304976,695159,8448,1390318,"10mill-boot"
7,15,"petite","second",37675,41573,3677076,6322974,83146,12645948,2929,4261,303835,696358,8522,1392716,"10mill-boot"
7,16,"petite","second",37808,41542,3685116,6314908,83084,12629816,2906,4262,304692,695569,8524,1391138,"10mill-boot"
7,17,"petite","second",37824,41458,3698419,6301674,82916,12603348,2963,4242,309362,690830,8484,1381660,"10mill-boot"
7,18,"petite","second",37998,41288,3717590,6282445,82576,12564890,2984,4192,310023,690013,8384,1380026,"10mill-boot"
7,19,"petite","second",37738,41519,3699816,6300256,83038,12600512,2897,4363,302417,697601,8726,1395202,"10mill-boot"
7,20,"petite","second",38019,41398,3709339,6290724,82796,12581448,2930,4278,302913,697201,8556,1394402,"10mill-boot"
7,21,"petite","second",37773,41376,3691744,6308338,82752,12616676,2910,4211,302927,697360,8422,1394720,"10mill-boot"
7,22,"petite","second",37953,41387,3700311,6299825,82774,12599650,2853,4320,298585,701568,8640,1403136,"10mill-boot"
7,23,"petite","second",38063,41352,3715133,6284921,82704,12569842,2882,4310,301510,698695,8620,1397390,"10mill-boot"
7,24,"petite","second",37903,41411,3706091,6293910,82822,12587820,2972,4240,314012,686094,8480,1372188,"10mill-boot"
7,25,"petite","second",37787,41549,3678978,6321072,83098,12642144,2918,4303,302695,697523,8606,1395046,"10mill-boot"
7,26,"petite","second",38019,41359,3717328,6282691,82718,12565382,2879,4254,301211,699179,8508,1398358,"10mill-boot"
7,27,"petite","second",37930,41470,3707515,6292572,82940,12585144,2787,4318,291982,708122,8636,1416244,"10mill-boot"
7,28,"petite","second",37766,41456,3681628,6318442,82912,12636884,2935,4280,306713,693497,8560,1386994,"10mill-boot"
7,29,"petite","second",37738,41440,3684895,6315390,82880,12630780,2883,4289,300254,700120,8578,1400240,"10mill-boot"
7,30,"petite","second",37919,41536,3696219,6303879,83072,12607758,2948,4239,308923,691273,8478,1382546,"10mill-boot"
6,1,"petite","second",36411,41737,3600088,6399959,83474,12799918,2738,4323,287275,712799,8646,1425598,"10mill-boot"
6,2,"petite","second",36449,41669,3611698,6388332,83338,12776664,2777,4244,298951,701305,8488,1402610,"10mill-boot"
6,3,"petite","second",36369,41722,3606542,6393570,83444,12787140,2767,4266,295695,704372,8532,1408744,"10mill-boot"
6,4,"petite","second",36450,41709,3594179,6405965,83418,12811930,2805,4231,294233,706066,8462,1412132,"10mill-boot"
6,5,"petite","second",36522,41614,3613555,6386445,83228,12772890,2736,4219,295189,705356,8438,1410712,"10mill-boot"
6,6,"petite","second",36485,41758,3592997,6407110,83516,12814220,2765,4322,291802,708334,8644,1416668,"10mill-boot"
6,7,"petite","second",36676,41607,3625275,6374907,83214,12749814,2764,4290,298916,701261,8580,1402522,"10mill-boot"
6,8,"petite","second",36281,41776,3589522,6410485,83552,12820970,2732,4271,294095,705952,8542,1411904,"10mill-boot"
6,9,"petite","second",36551,41683,3606460,6393765,83366,12787530,2824,4263,297108,703186,8526,1406372,"10mill-boot"
6,10,"petite","second",36593,41540,3623682,6376339,83080,12752678,2845,4182,304752,695257,8364,1390514,"10mill-boot"
6,11,"petite","second",36288,41864,3599451,6400609,83728,12801218,2680,4320,287826,712186,8640,1424372,"10mill-boot"
6,12,"petite","second",36256,41822,3583189,6416829,83644,12833658,2715,4303,289549,711008,8606,1422016,"10mill-boot"
6,13,"petite","second",36383,41785,3585477,6414681,83570,12829362,2710,4318,287669,712941,8636,1425882,"10mill-boot"
6,14,"petite","second",36398,41806,3603853,6396195,83612,12792390,2780,4256,298040,701984,8512,1403968,"10mill-boot"
6,15,"petite","second",36333,41836,3595266,6405064,83672,12810128,2665,4380,284064,716348,8760,1432696,"10mill-boot"
6,16,"petite","second",36552,41902,3607618,6392392,83804,12784784,2729,4336,289820,710324,8672,1420648,"10mill-boot"
6,17,"petite","second",36412,41859,3590735,6409406,83718,12818812,2796,4311,295000,705116,8622,1410232,"10mill-boot"
6,18,"petite","second",36426,41802,3600777,6399468,83604,12798936,2738,4305,290045,710024,8610,1420048,"10mill-boot"
6,19,"petite","second",36545,41746,3624383,6375617,83492,12751234,2785,4313,297407,702816,8626,1405632,"10mill-boot"
6,20,"petite","second",36252,41797,3583806,6416314,83594,12832628,2713,4246,288932,711135,8492,1422270,"10mill-boot"
6,21,"petite","second",36440,41831,3601729,6398305,83662,12796610,2753,4310,294275,706031,8620,1412062,"10mill-boot"
6,22,"petite","second",36588,41807,3608219,6391941,83614,12783882,2808,4318,295548,704502,8636,1409004,"10mill-boot"
6,23,"petite","second",36767,41746,3624752,6375315,83492,12750630,2885,4238,308078,692080,8476,1384160,"10mill-boot"
6,24,"petite","second",36252,41910,3573277,6426745,83820,12853490,2683,4347,285540,714563,8694,1429126,"10mill-boot"
6,25,"petite","second",36676,41634,3623678,6376342,83268,12752684,2765,4304,292972,707143,8608,1414286,"10mill-boot"
6,26,"petite","second",36429,41822,3596295,6403825,83644,12807650,2775,4313,294893,705556,8626,1411112,"10mill-boot"
6,27,"petite","second",36203,41751,3585293,6414807,83502,12829614,2639,4335,282264,717760,8670,1435520,"10mill-boot"
6,28,"petite","second",36215,41861,3564875,6435144,83722,12870288,2696,4342,284175,715964,8684,1431928,"10mill-boot"
6,29,"petite","second",36260,41707,3582455,6417616,83414,12835232,2745,4315,288376,712060,8630,1424120,"10mill-boot"
6,30,"petite","second",36263,41782,3599499,6400706,83564,12801412,2804,4265,298182,701842,8530,1403684,"10mill-boot"
1,1,"petite","second",37665,41188,3694766,6305310,82376,12610620,2856,4264,298514,701784,8528,1403568,"10mill-boot"
1,2,"petite","second",37472,41099,3694160,6305946,82198,12611892,2932,4254,311227,688926,8508,1377852,"10mill-boot"
1,3,"petite","second",37549,41254,3701707,6298298,82508,12596596,2782,4300,294567,705649,8600,1411298,"10mill-boot"
1,4,"petite","second",37409,41294,3678753,6321341,82588,12642682,2865,4233,304756,695704,8466,1391408,"10mill-boot"
1,5,"petite","second",37737,41060,3704174,6295899,82120,12591798,2856,4278,302180,697904,8556,1395808,"10mill-boot"
1,6,"petite","second",37695,41143,3708026,6291980,82286,12583960,2874,4237,307349,692807,8474,1385614,"10mill-boot"
1,7,"petite","second",37735,41096,3700220,6300043,82192,12600086,2790,4265,298585,701742,8530,1403484,"10mill-boot"
1,8,"petite","second",37656,40992,3696883,6303252,81984,12606504,2894,4216,307676,692414,8432,1384828,"10mill-boot"
1,9,"petite","second",37762,41142,3708376,6291637,82284,12583274,2816,4285,299568,700561,8570,1401122,"10mill-boot"
1,10,"petite","second",37717,41114,3704816,6295366,82228,12590732,2906,4214,307271,692939,8428,1385878,"10mill-boot"
1,11,"petite","second",37638,41260,3688097,6311954,82520,12623908,2880,4247,301542,698580,8494,1397160,"10mill-boot"
1,12,"petite","second",37724,41092,3710022,6290188,82184,12580376,2883,4206,308447,691827,8412,1383654,"10mill-boot"
1,13,"petite","second",37864,40951,3723818,6276402,81902,12552804,2896,4221,306514,693610,8442,1387220,"10mill-boot"
1,14,"petite","second",37625,41355,3696785,6303473,82710,12606946,2853,4279,300664,699359,8558,1398718,"10mill-boot"
1,15,"petite","second",37325,41109,3682204,6317841,82218,12635682,2936,4145,313208,686974,8290,1373948,"10mill-boot"
1,16,"petite","second",37807,40971,3727394,6272622,81942,12545244,2912,4199,312213,687890,8398,1375780,"10mill-boot"
1,17,"petite","second",37543,41245,3689180,6310891,82490,12621782,2800,4234,300476,699840,8468,1399680,"10mill-boot"
1,18,"petite","second",37364,41262,3670668,6329338,82524,12658676,2814,4250,299375,700704,8500,1401408,"10mill-boot"
1,19,"petite","second",37475,41126,3696687,6303449,82252,12606898,2802,4235,298919,701082,8470,1402164,"10mill-boot"
1,20,"petite","second",37640,41069,3700698,6299337,82138,12598674,2873,4223,305795,694257,8446,1388514,"10mill-boot"
1,21,"petite","second",37714,41020,3713920,6286124,82040,12572248,2823,4250,297765,702371,8500,1404742,"10mill-boot"
1,22,"petite","second",37671,41048,3697247,6302882,82096,12605764,2820,4294,300201,699929,8588,1399858,"10mill-boot"
1,23,"petite","second",37632,41040,3687662,6312399,82080,12624798,2882,4227,302443,697575,8454,1395150,"10mill-boot"
1,24,"petite","second",37721,41062,3704679,6295347,82124,12590694,2884,4275,303948,696229,8550,1392458,"10mill-boot"
1,25,"petite","second",37808,41185,3708614,6291519,82370,12583038,2847,4271,298078,701990,8542,1403980,"10mill-boot"
1,26,"petite","second",37499,41307,3690013,6310092,82614,12620184,2890,4232,306526,693486,8464,1386972,"10mill-boot"
1,27,"petite","second",37749,41226,3708735,6291354,82452,12582708,2820,4296,300454,699723,8592,1399446,"10mill-boot"
1,28,"petite","second",37613,41222,3689314,6310692,82444,12621384,2812,4313,300151,699900,8626,1399800,"10mill-boot"
1,29,"petite","second",37425,41291,3667677,6332390,82582,12664780,2840,4275,299980,700632,8550,1401264,"10mill-boot"
1,30,"petite","second",37417,41260,3681263,6318794,82520,12637588,2784,4260,295627,704564,8520,1409128,"10mill-boot"
8,1,"petite","second",37679,41297,3683937,6316099,82594,12632198,2873,4257,304260,695882,8514,1391764,"10mill-boot"
8,2,"petite","second",37326,41479,3659211,6340811,82958,12681622,2787,4279,295727,704416,8558,1408832,"10mill-boot"
8,3,"petite","second",37542,41422,3674267,6325814,82844,12651628,2879,4237,307174,692871,8474,1385742,"10mill-boot"
8,4,"petite","second",37280,41610,3640470,6359610,83220,12719220,2907,4263,307259,692775,8526,1385550,"10mill-boot"
8,5,"petite","second",37608,41548,3664677,6335358,83096,12670716,2848,4254,301787,698240,8508,1396480,"10mill-boot"
8,6,"petite","second",37789,41407,3684108,6315895,82814,12631790,2906,4251,304094,695954,8502,1391908,"10mill-boot"
8,7,"petite","second",37338,41552,3644576,6355501,83104,12711002,2803,4312,292074,707958,8624,1415916,"10mill-boot"
8,8,"petite","second",37688,41353,3690136,6309939,82706,12619878,2976,4212,312858,687377,8424,1374754,"10mill-boot"
8,9,"petite","second",37677,41300,3697056,6302976,82600,12605952,2914,4270,305192,694947,8540,1389894,"10mill-boot"
8,10,"petite","second",37776,41231,3695490,6304646,82462,12609292,2828,4280,296389,703617,8560,1407234,"10mill-boot"
8,11,"petite","second",37449,41528,3676230,6323840,83056,12647680,2863,4341,299868,700519,8682,1401038,"10mill-boot"
8,12,"petite","second",37702,41325,3695183,6304918,82650,12609836,2758,4319,289340,710723,8638,1421446,"10mill-boot"
8,13,"petite","second",37634,41379,3691856,6308221,82758,12616442,2919,4250,305122,695239,8500,1390478,"10mill-boot"
8,14,"petite","second",37037,41734,3625991,6374044,83468,12748088,2851,4304,302019,698038,8608,1396076,"10mill-boot"
8,15,"petite","second",37315,41303,3672324,6327700,82606,12655400,2857,4218,299605,700586,8436,1401172,"10mill-boot"
8,16,"petite","second",37858,41162,3696924,6303091,82324,12606182,2911,4255,303608,696499,8510,1392998,"10mill-boot"
8,17,"petite","second",37464,41360,3679380,6320694,82720,12641388,2903,4227,303713,696411,8454,1392822,"10mill-boot"
8,18,"petite","second",37380,41496,3661807,6338198,82992,12676396,2870,4196,308224,691819,8392,1383638,"10mill-boot"
8,19,"petite","second",37396,41355,3677735,6322295,82710,12644590,2809,4290,296518,703657,8580,1407314,"10mill-boot"
8,20,"petite","second",37531,41192,3675123,6324914,82384,12649828,2895,4254,305390,694626,8508,1389252,"10mill-boot"
8,21,"petite","second",37735,41164,3713559,6286519,82328,12573038,2952,4196,312582,687837,8392,1375674,"10mill-boot"
8,22,"petite","second",37564,41407,3684805,6315246,82814,12630492,2876,4254,302303,697919,8508,1395838,"10mill-boot"
8,23,"petite","second",37487,41274,3674920,6325180,82548,12650360,2876,4282,303207,697534,8564,1395068,"10mill-boot"
8,24,"petite","second",37610,41246,3686744,6313284,82492,12626568,2793,4265,294495,705860,8530,1411720,"10mill-boot"
8,25,"petite","second",37508,41428,3667024,6332990,82856,12665980,2991,4197,313847,686259,8394,1372518,"10mill-boot"
8,26,"petite","second",37430,41498,3674531,6325651,82996,12651302,2858,4250,304744,695363,8500,1390726,"10mill-boot"
8,27,"petite","second",37315,41493,3655737,6344357,82986,12688714,2886,4263,306179,694032,8526,1388064,"10mill-boot"
8,28,"petite","second",37479,41487,3672245,6327833,82974,12655666,2873,4258,301363,698753,8516,1397506,"10mill-boot"
8,29,"petite","second",37521,41249,3687690,6312364,82498,12624728,2901,4167,309082,691200,8334,1382400,"10mill-boot"
8,30,"petite","second",37240,41599,3644705,6355449,83198,12710898,2864,4323,300287,699914,8646,1399828,"10mill-boot"
35,1,"petite","second",37521,41914,3685780,6314256,83828,12628512,2877,4289,308923,691191,8578,1382382,"10mill-boot"
35,2,"petite","second",37422,41708,3694666,6305371,83416,12610742,2889,4283,306952,693271,8566,1386542,"10mill-boot"
35,3,"petite","second",37155,41906,3675787,6324236,83812,12648472,2853,4298,305921,694409,8596,1388818,"10mill-boot"
35,4,"petite","second",37060,41912,3649363,6350706,83824,12701412,2874,4291,304831,695246,8582,1390492,"10mill-boot"
35,5,"petite","second",37066,41886,3660035,6340008,83772,12680016,2844,4344,299912,700379,8688,1400758,"10mill-boot"
35,6,"petite","second",37439,41798,3676736,6323293,83596,12646586,2747,4369,294488,705547,8738,1411094,"10mill-boot"
35,7,"petite","second",37374,41867,3681190,6318917,83734,12637834,2824,4329,301557,698765,8658,1397530,"10mill-boot"
35,8,"petite","second",37532,41783,3680946,6319137,83566,12638274,2884,4331,303189,696877,8662,1393754,"10mill-boot"
35,9,"petite","second",37453,41831,3677741,6322436,83662,12644872,2814,4372,296166,704079,8744,1408158,"10mill-boot"
35,10,"petite","second",37532,41561,3691103,6309003,83122,12618006,2903,4256,308322,691725,8512,1383450,"10mill-boot"
35,11,"petite","second",37675,41649,3702264,6297828,83298,12595656,2846,4286,300660,699439,8572,1398878,"10mill-boot"
35,12,"petite","second",37521,41616,3689702,6310362,83232,12620724,2806,4287,298261,702267,8574,1404534,"10mill-boot"
35,13,"petite","second",37716,41503,3724536,6275572,83006,12551144,2923,4272,309776,690259,8544,1380518,"10mill-boot"
35,14,"petite","second",37328,41893,3678433,6321637,83786,12643274,2875,4284,304234,695866,8568,1391732,"10mill-boot"
35,15,"petite","second",37488,41789,3683671,6316366,83578,12632732,2822,4330,301854,698451,8660,1396902,"10mill-boot"
35,16,"petite","second",37307,41931,3659049,6340966,83862,12681932,2871,4300,307681,692961,8600,1385922,"10mill-boot"
35,17,"petite","second",37479,41815,3689560,6310465,83630,12620930,2825,4329,297484,703029,8658,1406058,"10mill-boot"
35,18,"petite","second",37320,41816,3673062,6326990,83632,12653980,2877,4270,304920,695364,8540,1390728,"10mill-boot"
35,19,"petite","second",37202,41821,3674072,6326089,83642,12652178,2941,4285,314884,685460,8570,1370920,"10mill-boot"
35,20,"petite","second",37165,41880,3652419,6347687,83760,12695374,2948,4299,309269,691204,8598,1382408,"10mill-boot"
35,21,"petite","second",37376,41749,3683480,6316617,83498,12633234,2850,4313,302749,697287,8626,1394574,"10mill-boot"
35,22,"petite","second",36959,42101,3629926,6370294,84202,12740588,2885,4283,304070,696173,8566,1392346,"10mill-boot"
35,23,"petite","second",37301,41863,3666004,6334008,83726,12668016,2821,4373,296394,703629,8746,1407258,"10mill-boot"
35,24,"petite","second",37302,41848,3663874,6336153,83696,12672306,2917,4280,309339,690786,8560,1381572,"10mill-boot"
35,25,"petite","second",37577,41741,3693619,6306382,83482,12612764,2782,4363,295583,704491,8726,1408982,"10mill-boot"
35,26,"petite","second",37474,41695,3682544,6317541,83390,12635082,2834,4301,299851,700276,8602,1400552,"10mill-boot"
35,27,"petite","second",37051,41966,3653409,6346653,83932,12693306,2816,4320,303012,697477,8640,1394954,"10mill-boot"
35,28,"petite","second",37064,41930,3647381,6352694,83860,12705388,2830,4340,300995,699079,8680,1398158,"10mill-boot"
35,29,"petite","second",37748,41701,3702161,6298006,83402,12596012,2844,4339,301649,698358,8678,1396716,"10mill-boot"
35,30,"petite","second",37350,41775,3675132,6324890,83550,12649780,2828,4292,303100,696949,8584,1393898,"10mill-boot"
32,1,"petite","second",37966,41228,3681890,6318126,82456,12636252,2871,4315,299425,700583,8630,1401166,"10mill-boot"
32,2,"petite","second",37473,41372,3652684,6347386,82744,12694772,2859,4277,296277,703912,8554,1407824,"10mill-boot"
32,3,"petite","second",37893,41253,3694858,6305182,82506,12610364,2985,4222,312341,688196,8444,1376392,"10mill-boot"
32,4,"petite","second",37448,41468,3645120,6354993,82936,12709986,2860,4247,300640,699429,8494,1398858,"10mill-boot"
32,5,"petite","second",37680,41327,3662377,6337723,82654,12675446,2806,4254,291084,708933,8508,1417866,"10mill-boot"
32,6,"petite","second",37574,41272,3655647,6344382,82544,12688764,2810,4334,288230,711887,8668,1423774,"10mill-boot"
32,7,"petite","second",37605,41265,3650590,6349531,82530,12699062,2737,4322,287839,712182,8644,1424364,"10mill-boot"
32,8,"petite","second",37628,41235,3654512,6345572,82470,12691144,2754,4274,285158,714844,8548,1429688,"10mill-boot"
32,9,"petite","second",37759,41089,3671388,6328627,82178,12657254,2794,4300,291471,708976,8600,1417952,"10mill-boot"
32,10,"petite","second",37572,41160,3647339,6352693,82320,12705386,2835,4293,296159,703998,8586,1407996,"10mill-boot"
32,11,"petite","second",37698,41318,3657552,6342526,82636,12685052,2838,4269,298363,701979,8538,1403958,"10mill-boot"
32,12,"petite","second",37631,41382,3659116,6340937,82764,12681874,2818,4293,290436,709748,8586,1419496,"10mill-boot"
32,13,"petite","second",37815,41222,3663514,6336631,82444,12673262,2834,4312,292521,707501,8624,1415002,"10mill-boot"
32,14,"petite","second",37251,41439,3623761,6376259,82878,12752518,2869,4230,298994,701618,8460,1403236,"10mill-boot"
32,15,"petite","second",37840,41123,3677186,6322960,82246,12645920,2890,4212,303266,696735,8424,1393470,"10mill-boot"
32,16,"petite","second",37417,41228,3624552,6375533,82456,12751066,2791,4279,287645,712509,8558,1425018,"10mill-boot"
32,17,"petite","second",37518,41270,3643773,6356278,82540,12712556,2894,4219,301757,698531,8438,1397062,"10mill-boot"
32,18,"petite","second",37683,41223,3661585,6338431,82446,12676862,2774,4311,286811,713392,8622,1426784,"10mill-boot"
32,19,"petite","second",37545,41232,3655455,6344623,82464,12689246,2724,4257,288714,711366,8514,1422732,"10mill-boot"
32,20,"petite","second",37956,41067,3699248,6300818,82134,12601636,2851,4264,299746,700529,8528,1401058,"10mill-boot"
32,21,"petite","second",37643,41270,3665609,6334439,82540,12668878,2877,4274,301341,698807,8548,1397614,"10mill-boot"
32,22,"petite","second",37762,41224,3680068,6319967,82448,12639934,2779,4232,294419,706061,8464,1412122,"10mill-boot"
32,23,"petite","second",37857,41144,3666697,6333327,82288,12666654,2817,4246,295982,704059,8492,1408118,"10mill-boot"
32,24,"petite","second",37689,41293,3663816,6336205,82586,12672410,2815,4290,295370,704654,8580,1409308,"10mill-boot"
32,25,"petite","second",37597,41387,3649657,6350519,82774,12701038,2843,4288,293865,706182,8576,1412364,"10mill-boot"
32,26,"petite","second",37607,41413,3636659,6363584,82826,12727168,2751,4306,285043,714998,8612,1429996,"10mill-boot"
32,27,"petite","second",37520,41475,3651515,6348490,82950,12696980,2835,4259,297605,702445,8518,1404890,"10mill-boot"
32,28,"petite","second",37727,41186,3669498,6330708,82372,12661416,2896,4297,301442,698693,8594,1397386,"10mill-boot"
32,29,"petite","second",37666,41189,3658703,6341384,82378,12682768,2831,4302,296668,703411,8604,1406822,"10mill-boot"
32,30,"petite","second",37724,41278,3681356,6318659,82556,12637318,2872,4294,298792,701282,8588,1402564,"10mill-boot"
50,1,"petite","second",37573,41347,3710062,6290013,82694,12580026,2858,4246,304662,695475,8492,1390950,"10mill-boot"
50,2,"petite","second",37349,41338,3699841,6300221,82676,12600442,2811,4276,298866,701512,8552,1403024,"10mill-boot"
50,3,"petite","second",37105,41551,3669390,6330665,83102,12661330,2862,4284,300649,699372,8568,1398744,"10mill-boot"
50,4,"petite","second",37454,41258,3710587,6289477,82516,12578954,2847,4248,305051,695204,8496,1390408,"10mill-boot"
50,5,"petite","second",37388,41352,3692265,6307872,82704,12615744,2800,4230,301002,699233,8460,1398466,"10mill-boot"
50,6,"petite","second",37474,41468,3696112,6303939,82936,12607878,2914,4207,314645,685496,8414,1370992,"10mill-boot"
50,7,"petite","second",37607,41171,3710760,6289258,82342,12578516,2797,4214,298498,701544,8428,1403088,"10mill-boot"
50,8,"petite","second",37285,41379,3692485,6307595,82758,12615190,2857,4201,306907,693114,8402,1386228,"10mill-boot"
50,9,"petite","second",37982,41103,3748044,6252072,82206,12504144,2935,4230,313290,686856,8460,1373712,"10mill-boot"
50,10,"petite","second",37666,41232,3707834,6292176,82464,12584352,2890,4206,305657,694817,8412,1389634,"10mill-boot"
50,11,"petite","second",37290,41426,3675939,6324093,82852,12648186,2819,4274,300806,699442,8548,1398884,"10mill-boot"
50,12,"petite","second",37305,41568,3672019,6328005,83136,12656010,2807,4274,297755,702645,8548,1405290,"10mill-boot"
50,13,"petite","second",37477,41355,3709737,6290380,82710,12580760,2900,4268,304970,695379,8536,1390758,"10mill-boot"
50,14,"petite","second",37654,41387,3707898,6292128,82774,12584256,2935,4251,310984,689313,8502,1378626,"10mill-boot"
50,15,"petite","second",37441,41358,3697980,6302043,82716,12604086,2856,4303,300605,699587,8606,1399174,"10mill-boot"
50,16,"petite","second",37612,41272,3709158,6290890,82544,12581780,2869,4282,305479,694737,8564,1389474,"10mill-boot"
50,17,"petite","second",37491,41312,3705612,6294575,82624,12589150,2823,4329,299309,700987,8658,1401974,"10mill-boot"
50,18,"petite","second",37505,41280,3708364,6291692,82560,12583384,2820,4277,303022,697037,8554,1394074,"10mill-boot"
50,19,"petite","second",37561,41290,3710846,6289170,82580,12578340,2858,4269,304804,695414,8538,1390828,"10mill-boot"
50,20,"petite","second",37557,41340,3705772,6294271,82680,12588542,2808,4284,296270,704089,8568,1408178,"10mill-boot"
50,21,"petite","second",37822,41206,3733962,6266092,82412,12532184,2862,4247,306171,693951,8494,1387902,"10mill-boot"
50,22,"petite","second",37500,41379,3697930,6302130,82758,12604260,2880,4313,301689,698385,8626,1396770,"10mill-boot"
50,23,"petite","second",37532,41358,3702640,6297497,82716,12594994,2781,4242,297432,702583,8484,1405166,"10mill-boot"
50,24,"petite","second",37649,41276,3722537,6277502,82552,12555004,2894,4243,309620,690422,8486,1380844,"10mill-boot"
50,25,"petite","second",37551,41087,3706273,6293733,82174,12587466,2929,4234,309614,690654,8468,1381308,"10mill-boot"
50,26,"petite","second",37652,41305,3713827,6286205,82610,12572410,2824,4300,300602,699423,8600,1398846,"10mill-boot"
50,27,"petite","second",37440,41371,3702327,6297756,82742,12595512,2915,4181,309317,690764,8362,1381528,"10mill-boot"
50,28,"petite","second",37375,41442,3678035,6322133,82884,12644266,2810,4352,295226,705165,8704,1410330,"10mill-boot"
50,29,"petite","second",37396,41178,3696394,6303722,82356,12607444,2837,4226,305379,694803,8452,1389606,"10mill-boot"
50,30,"petite","second",37296,41528,3682375,6317657,83056,12635314,2829,4262,300549,699970,8524,1399940,"10mill-boot"
43,1,"petite","second",36489,42026,3598629,6401435,84052,12802870,2737,4303,291079,708980,8606,1417960,"10mill-boot"
43,2,"petite","second",36653,42080,3624562,6375547,84160,12751094,2782,4314,296114,703951,8628,1407902,"10mill-boot"
43,3,"petite","second",36127,42099,3580326,6419728,84198,12839456,2830,4284,299168,700906,8568,1401812,"10mill-boot"
43,4,"petite","second",36252,42180,3581072,6418981,84360,12837962,2691,4327,285999,714081,8654,1428162,"10mill-boot"
43,5,"petite","second",36153,42150,3589799,6410245,84300,12820490,2783,4291,302696,697508,8582,1395016,"10mill-boot"
43,6,"petite","second",36398,42068,3594301,6405838,84136,12811676,2725,4357,288582,711523,8714,1423046,"10mill-boot"
43,7,"petite","second",36449,42039,3602790,6397400,84078,12794800,2817,4291,299305,700747,8582,1401494,"10mill-boot"
43,8,"petite","second",36175,42230,3577373,6422651,84460,12845302,2858,4293,302935,697210,8586,1394420,"10mill-boot"
43,9,"petite","second",36261,42267,3596864,6403177,84534,12806354,2859,4264,306014,694074,8528,1388148,"10mill-boot"
43,10,"petite","second",36370,42181,3596617,6403387,84362,12806774,2817,4299,297868,702187,8598,1404374,"10mill-boot"
43,11,"petite","second",36284,42119,3599538,6400485,84238,12800970,2743,4345,292102,708493,8690,1416986,"10mill-boot"
43,12,"petite","second",36447,41918,3607604,6392403,83836,12784806,2827,4324,300015,700360,8648,1400720,"10mill-boot"
43,13,"petite","second",36247,42069,3601016,6399047,84138,12798094,2785,4304,297814,702613,8608,1405226,"10mill-boot"
43,14,"petite","second",36255,42260,3593492,6406535,84520,12813070,2768,4301,294283,705932,8602,1411864,"10mill-boot"
43,15,"petite","second",35915,42444,3563825,6436399,84888,12872798,2738,4325,293381,706774,8650,1413548,"10mill-boot"
43,16,"petite","second",36360,42047,3608062,6391949,84094,12783898,2816,4299,299562,700729,8598,1401458,"10mill-boot"
43,17,"petite","second",35923,42318,3548038,6452159,84636,12904318,2647,4339,285200,714832,8678,1429664,"10mill-boot"
43,18,"petite","second",36018,42232,3568482,6431710,84464,12863420,2695,4349,286629,713690,8698,1427380,"10mill-boot"
43,19,"petite","second",36075,42111,3581084,6418974,84222,12837948,2739,4307,294098,706184,8614,1412368,"10mill-boot"
43,20,"petite","second",35996,42179,3570498,6429645,84358,12859290,2804,4328,299011,700991,8656,1401982,"10mill-boot"
43,21,"petite","second",36070,42225,3576553,6423502,84450,12847004,2722,4341,292071,708322,8682,1416644,"10mill-boot"
43,22,"petite","second",36206,42051,3585150,6414966,84102,12829932,2786,4298,297345,702706,8596,1405412,"10mill-boot"
43,23,"petite","second",36372,42245,3605856,6394154,84490,12788308,2786,4353,294907,705133,8706,1410266,"10mill-boot"
43,24,"petite","second",36288,42223,3590101,6410065,84446,12820130,2731,4386,287497,712787,8772,1425574,"10mill-boot"
43,25,"petite","second",36237,42173,3583873,6416164,84346,12832328,2837,4315,301657,698423,8630,1396846,"10mill-boot"
43,26,"petite","second",35969,42129,3565252,6434831,84258,12869662,2741,4333,291519,708610,8666,1417220,"10mill-boot"
43,27,"petite","second",36543,41780,3622648,6377388,83560,12754776,2792,4264,300008,700155,8528,1400310,"10mill-boot"
43,28,"petite","second",36321,42018,3606411,6393729,84036,12787458,2782,4305,297072,703256,8610,1406512,"10mill-boot"
43,29,"petite","second",36220,42017,3582104,6417987,84034,12835974,2758,4308,294036,706226,8616,1412452,"10mill-boot"
43,30,"petite","second",35984,42202,3570723,6429302,84404,12858604,2733,4300,293074,706933,8600,1413866,"10mill-boot"
44,1,"petite","second",37333,41374,3666435,6333591,82748,12667182,2745,4258,286543,713534,8516,1427068,"10mill-boot"
44,2,"petite","second",36827,41442,3626553,6373551,82884,12747102,2883,4189,304564,695582,8378,1391164,"10mill-boot"
44,3,"petite","second",37280,41524,3660044,6340041,83048,12680082,2788,4280,294936,705107,8560,1410214,"10mill-boot"
44,4,"petite","second",37482,41385,3678171,6321863,82770,12643726,2837,4246,298499,701525,8492,1403050,"10mill-boot"
44,5,"petite","second",37246,41638,3650071,6350015,83276,12700030,2830,4266,297982,702044,8532,1404088,"10mill-boot"
44,6,"petite","second",37514,41437,3681038,6319011,82874,12638022,2890,4260,303449,696660,8520,1393320,"10mill-boot"
44,7,"petite","second",37281,41440,3662748,6337289,82880,12674578,2815,4240,296339,704026,8480,1408052,"10mill-boot"
44,8,"petite","second",37318,41414,3653311,6346699,82828,12693398,2793,4253,293280,706737,8506,1413474,"10mill-boot"
44,9,"petite","second",37649,41237,3697887,6302230,82474,12604460,2853,4212,303257,696897,8424,1393794,"10mill-boot"
44,10,"petite","second",37343,41287,3677170,6322870,82574,12645740,2859,4174,303728,696695,8348,1393390,"10mill-boot"
44,11,"petite","second",37740,41248,3705473,6294600,82496,12589200,2844,4266,302185,697905,8532,1395810,"10mill-boot"
44,12,"petite","second",37518,41436,3672533,6327588,82872,12655176,2832,4250,300191,699824,8500,1399648,"10mill-boot"
44,13,"petite","second",37524,41328,3682385,6317807,82656,12635614,2942,4151,311138,688902,8302,1377804,"10mill-boot"
44,14,"petite","second",37182,41627,3638246,6361856,83254,12723712,2794,4239,292604,707604,8478,1415208,"10mill-boot"
44,15,"petite","second",37319,41488,3664392,6335626,82976,12671252,2841,4250,300827,699413,8500,1398826,"10mill-boot"
44,16,"petite","second",37299,41584,3637606,6362441,83168,12724882,2887,4220,302821,697197,8440,1394394,"10mill-boot"
44,17,"petite","second",37903,41045,3703726,6296319,82090,12592638,2817,4241,295159,704920,8482,1409840,"10mill-boot"
44,18,"petite","second",37442,41514,3677706,6322350,83028,12644700,2834,4289,299289,700914,8578,1401828,"10mill-boot"
44,19,"petite","second",37161,41511,3649899,6350122,83022,12700244,2888,4187,307790,692251,8374,1384502,"10mill-boot"
44,20,"petite","second",37232,41435,3647808,6352320,82870,12704640,2788,4243,294194,705941,8486,1411882,"10mill-boot"
44,21,"petite","second",37516,41250,3672275,6327964,82500,12655928,2909,4209,303933,696368,8418,1392736,"10mill-boot"
44,22,"petite","second",37539,41400,3691713,6308392,82800,12616784,2886,4210,305424,694768,8420,1389536,"10mill-boot"
44,23,"petite","second",37692,41199,3695864,6304175,82398,12608350,2820,4253,298332,701782,8506,1403564,"10mill-boot"
44,24,"petite","second",37119,41400,3643616,6356402,82800,12712804,2833,4217,300375,699795,8434,1399590,"10mill-boot"
44,25,"petite","second",37480,41387,3671141,6328963,82774,12657926,2873,4247,300715,699583,8494,1399166,"10mill-boot"
44,26,"petite","second",37235,41612,3640288,6359775,83224,12719550,2826,4254,297012,703201,8508,1406402,"10mill-boot"
44,27,"petite","second",37585,41587,3674285,6325752,83174,12651504,2847,4289,302378,697695,8578,1395390,"10mill-boot"
44,28,"petite","second",37296,41368,3660608,6339411,82736,12678822,2861,4208,307073,693033,8416,1386066,"10mill-boot"
44,29,"petite","second",37301,41331,3656528,6343702,82662,12687404,2853,4274,298141,702116,8548,1404232,"10mill-boot"
44,30,"petite","second",37207,41442,3651246,6348792,82884,12697584,2782,4273,291258,708746,8546,1417492,"10mill-boot"
10,1,"petite","second",37302,41792,3676564,6323522,83584,12647044,2766,4339,292169,707895,8678,1415790,"10mill-boot"
10,2,"petite","second",37063,41857,3643847,6356310,83714,12712620,2864,4287,301812,698419,8574,1396838,"10mill-boot"
10,3,"petite","second",37111,41814,3664197,6335827,83628,12671654,2862,4236,304957,695157,8472,1390314,"10mill-boot"
10,4,"petite","second",37101,41878,3654712,6345339,83756,12690678,2786,4299,298912,701189,8598,1402378,"10mill-boot"
10,5,"petite","second",36945,41796,3647102,6353037,83592,12706074,2790,4269,294705,705445,8538,1410890,"10mill-boot"
10,6,"petite","second",37017,41904,3651344,6348685,83808,12697370,2779,4318,294869,705412,8636,1410824,"10mill-boot"
10,7,"petite","second",37015,41822,3647236,6352879,83644,12705758,2849,4310,296872,703496,8620,1406992,"10mill-boot"
10,8,"petite","second",37105,41923,3654111,6345944,83846,12691888,2794,4379,292586,707554,8758,1415108,"10mill-boot"
10,9,"petite","second",37524,41485,3708146,6291909,82970,12583818,2905,4268,307110,693142,8536,1386284,"10mill-boot"
10,10,"petite","second",37224,41726,3664151,6335900,83452,12671800,2884,4317,301898,698134,8634,1396268,"10mill-boot"
10,11,"petite","second",36790,41811,3637727,6362281,83622,12724562,2910,4271,308257,691825,8542,1383650,"10mill-boot"
10,12,"petite","second",37239,41779,3663992,6336133,83558,12672266,2852,4254,305008,695105,8508,1390210,"10mill-boot"
10,13,"petite","second",37059,41876,3653193,6346887,83752,12693774,2810,4279,299996,700128,8558,1400256,"10mill-boot"
10,14,"petite","second",37283,41817,3686179,6313945,83634,12627890,2839,4326,301558,698625,8652,1397250,"10mill-boot"
10,15,"petite","second",37068,41931,3655374,6344667,83862,12689334,2855,4323,298627,702010,8646,1404020,"10mill-boot"
10,16,"petite","second",37347,41906,3674418,6325686,83812,12651372,2838,4298,300643,699887,8596,1399774,"10mill-boot"
10,17,"petite","second",37005,41751,3650775,6349274,83502,12698548,2725,4293,290208,710271,8586,1420542,"10mill-boot"
10,18,"petite","second",37216,41790,3667312,6332879,83580,12665758,2796,4285,300235,699852,8570,1399704,"10mill-boot"
10,19,"petite","second",37381,41614,3681327,6318744,83228,12637488,2902,4289,307044,693030,8578,1386060,"10mill-boot"
10,20,"petite","second",37107,41733,3660751,6339337,83466,12678674,2867,4247,306384,693647,8494,1387294,"10mill-boot"
10,21,"petite","second",37171,41624,3662588,6337535,83248,12675070,2835,4290,298047,702060,8580,1404120,"10mill-boot"
10,22,"petite","second",37115,41863,3661748,6338284,83726,12676568,2774,4271,298376,701818,8542,1403636,"10mill-boot"
10,23,"petite","second",37393,41689,3677575,6322483,83378,12644966,2874,4299,303455,696814,8598,1393628,"10mill-boot"
10,24,"petite","second",37408,41680,3692419,6307585,83360,12615170,2928,4260,310714,689783,8520,1379566,"10mill-boot"
10,25,"petite","second",37209,41650,3665146,6334883,83300,12669766,2886,4247,307407,692940,8494,1385880,"10mill-boot"
10,26,"petite","second",37237,41771,3667975,6332175,83542,12664350,2863,4348,299325,700791,8696,1401582,"10mill-boot"
10,27,"petite","second",37101,41811,3659535,6340557,83622,12681114,2818,4293,298023,702046,8586,1404092,"10mill-boot"
10,28,"petite","second",37325,41623,3685830,6314374,83246,12628748,2881,4253,300317,699986,8506,1399972,"10mill-boot"
10,29,"petite","second",37415,41740,3676853,6323264,83480,12646528,2924,4230,310448,689590,8460,1379180,"10mill-boot"
10,30,"petite","second",37009,41904,3656986,6343033,83808,12686066,2822,4318,300449,699690,8636,1399380,"10mill-boot"
17,1,"petite","second",36699,41908,3616951,6383169,83816,12766338,2679,4322,285774,714511,8644,1429022,"10mill-boot"
17,2,"petite","second",36718,41844,3601914,6398221,83688,12796442,2814,4304,295881,704427,8608,1408854,"10mill-boot"
17,3,"petite","second",36876,41849,3611412,6388612,83698,12777224,2774,4280,290393,709609,8560,1419218,"10mill-boot"
17,4,"petite","second",36990,41872,3621367,6378683,83744,12757366,2835,4294,298264,701900,8588,1403800,"10mill-boot"
17,5,"petite","second",37040,41621,3643635,6356383,83242,12712766,2733,4310,289300,710718,8620,1421436,"10mill-boot"
17,6,"petite","second",36859,42014,3599599,6400577,84028,12801154,2762,4360,291480,708678,8720,1417356,"10mill-boot"
17,7,"petite","second",37126,41693,3653922,6346188,83386,12692376,2863,4229,305105,695021,8458,1390042,"10mill-boot"
17,8,"petite","second",36599,41850,3609757,6390460,83700,12780920,2773,4302,296318,703920,8604,1407840,"10mill-boot"
17,9,"petite","second",36932,41762,3631917,6368187,83524,12736374,2852,4274,300370,700278,8548,1400556,"10mill-boot"
17,10,"petite","second",36626,41820,3602710,6397343,83640,12794686,2703,4349,286457,713709,8698,1427418,"10mill-boot"
17,11,"petite","second",36816,41849,3625116,6374888,83698,12749776,2734,4352,290088,710220,8704,1420440,"10mill-boot"
17,12,"petite","second",37052,41727,3629890,6370142,83454,12740284,2856,4225,299275,700801,8450,1401602,"10mill-boot"
17,13,"petite","second",36936,41852,3629864,6370273,83704,12740546,2825,4294,299000,701017,8588,1402034,"10mill-boot"
17,14,"petite","second",36714,41833,3603205,6396861,83666,12793722,2763,4353,293888,706240,8706,1412480,"10mill-boot"
17,15,"petite","second",37004,41840,3631534,6368468,83680,12736936,2786,4328,293054,707389,8656,1414778,"10mill-boot"
17,16,"petite","second",37218,41852,3643916,6356215,83704,12712430,2774,4345,292792,707229,8690,1414458,"10mill-boot"
17,17,"petite","second",37101,41736,3653364,6346700,83472,12693400,2816,4279,299257,700793,8558,1401586,"10mill-boot"
17,18,"petite","second",36867,41697,3632991,6367054,83394,12734108,2777,4313,290769,709348,8626,1418696,"10mill-boot"
17,19,"petite","second",36736,41831,3611719,6388324,83662,12776648,2813,4283,295984,704186,8566,1408372,"10mill-boot"
17,20,"petite","second",36917,41786,3625263,6374770,83572,12749540,2695,4377,282704,717476,8754,1434952,"10mill-boot"
17,21,"petite","second",36854,41827,3614864,6385284,83654,12770568,2879,4273,299414,700996,8546,1401992,"10mill-boot"
17,22,"petite","second",37105,41788,3636898,6363306,83576,12726612,2767,4333,289241,711294,8666,1422588,"10mill-boot"
17,23,"petite","second",36604,42073,3583649,6416445,84146,12832890,2853,4300,299209,700800,8600,1401600,"10mill-boot"
17,24,"petite","second",36883,41766,3630709,6369499,83532,12738998,2791,4343,293963,706251,8686,1412502,"10mill-boot"
17,25,"petite","second",36570,41954,3600159,6400036,83908,12800072,2778,4315,287554,712806,8630,1425612,"10mill-boot"
17,26,"petite","second",36601,41882,3596942,6403089,83764,12806178,2690,4291,287768,712697,8582,1425394,"10mill-boot"
17,27,"petite","second",37246,41664,3646216,6353860,83328,12707720,2782,4270,294620,705418,8540,1410836,"10mill-boot"
17,28,"petite","second",37081,41611,3652244,6347833,83222,12695666,2842,4240,302372,697746,8480,1395492,"10mill-boot"
17,29,"petite","second",37032,41834,3646041,6353968,83668,12707936,2835,4279,301772,698330,8558,1396660,"10mill-boot"
17,30,"petite","second",36859,41809,3620402,6379708,83618,12759416,2786,4233,292378,708058,8466,1416116,"10mill-boot"
28,1,"petite","second",38053,41096,3711466,6288558,82192,12577116,2912,4232,303395,696694,8464,1393388,"10mill-boot"
28,2,"petite","second",38170,41055,3737874,6262261,82110,12524522,2926,4216,314670,685363,8432,1370726,"10mill-boot"
28,3,"petite","second",37679,41200,3697568,6302467,82400,12604934,2941,4185,312698,687730,8370,1375460,"10mill-boot"
28,4,"petite","second",37814,41152,3707964,6292046,82304,12584092,2890,4257,303239,696826,8514,1393652,"10mill-boot"
28,5,"petite","second",38003,41137,3704778,6295224,82274,12590448,2928,4263,307502,692568,8526,1385136,"10mill-boot"
28,6,"petite","second",38294,41067,3750607,6249412,82134,12498824,2991,4162,315393,684844,8324,1369688,"10mill-boot"
28,7,"petite","second",37945,41106,3695735,6304317,82212,12608634,2862,4262,301693,698337,8524,1396674,"10mill-boot"
28,8,"petite","second",37877,41406,3698545,6301475,82812,12602950,2914,4225,306350,693768,8450,1387536,"10mill-boot"
28,9,"petite","second",37844,41249,3697265,6302736,82498,12605472,2905,4214,308455,691568,8428,1383136,"10mill-boot"
28,10,"petite","second",37942,41138,3714206,6285839,82276,12571678,2921,4286,307188,692935,8572,1385870,"10mill-boot"
28,11,"petite","second",37998,41187,3721024,6279050,82374,12558100,2902,4244,308355,691786,8488,1383572,"10mill-boot"
28,12,"petite","second",37759,41166,3695048,6305071,82332,12610142,2821,4238,300787,699624,8476,1399248,"10mill-boot"
28,13,"petite","second",37911,41134,3715115,6284967,82268,12569934,2867,4252,301129,699173,8504,1398346,"10mill-boot"
28,14,"petite","second",37793,41373,3703144,6296929,82746,12593858,2854,4283,297212,703174,8566,1406348,"10mill-boot"
28,15,"petite","second",37924,41273,3717364,6282697,82546,12565394,2830,4270,299147,700856,8540,1401712,"10mill-boot"
28,16,"petite","second",38026,41152,3728254,6271869,82304,12543738,2923,4256,309831,690172,8512,1380344,"10mill-boot"
28,17,"petite","second",37810,41327,3702852,6297176,82654,12594352,2909,4272,303158,696936,8544,1393872,"10mill-boot"
28,18,"petite","second",37801,41229,3702573,6297502,82458,12595004,2878,4231,302922,697123,8462,1394246,"10mill-boot"
28,19,"petite","second",37815,41100,3714045,6285967,82200,12571934,2973,4166,313856,686161,8332,1372322,"10mill-boot"
28,20,"petite","second",37867,40962,3716537,6283502,81924,12567004,2899,4166,306636,693438,8332,1386876,"10mill-boot"
28,21,"petite","second",37969,41161,3714384,6285796,82322,12571592,2926,4237,305455,694654,8474,1389308,"10mill-boot"
28,22,"petite","second",38006,40975,3728068,6271964,81950,12543928,2906,4216,308117,692099,8432,1384198,"10mill-boot"
28,23,"petite","second",37941,41203,3709113,6290903,82406,12581806,2870,4276,302870,697314,8552,1394628,"10mill-boot"
28,24,"petite","second",37989,41083,3726101,6273958,82166,12547916,2912,4240,310207,690282,8480,1380564,"10mill-boot"
28,25,"petite","second",38279,41001,3741384,6258726,82002,12517452,2920,4212,308953,691089,8424,1382178,"10mill-boot"
28,26,"petite","second",37468,41566,3670907,6329188,83132,12658376,2793,4290,294478,705532,8580,1411064,"10mill-boot"
28,27,"petite","second",37819,41132,3705655,6294384,82264,12588768,2956,4221,312007,688109,8442,1376218,"10mill-boot"
28,28,"petite","second",37796,41270,3700429,6299706,82540,12599412,2893,4252,305344,694682,8504,1389364,"10mill-boot"
28,29,"petite","second",38042,41064,3731135,6268865,82128,12537730,2894,4267,305593,695261,8534,1390522,"10mill-boot"
28,30,"petite","second",37653,41430,3683029,6317106,82860,12634212,2814,4273,298665,701540,8546,1403080,"10mill-boot"
21,1,"petite","second",37089,41522,3589220,6410784,83044,12821568,2803,4292,290382,709674,8584,1419348,"10mill-boot"
21,2,"petite","second",37153,41224,3621740,6378287,82448,12756574,2828,4221,294918,705178,8442,1410356,"10mill-boot"
21,3,"petite","second",37157,41476,3611750,6388370,82952,12776740,2826,4269,295671,704587,8538,1409174,"10mill-boot"
21,4,"petite","second",37270,41361,3618105,6381966,82722,12763932,2774,4257,291462,709095,8514,1418190,"10mill-boot"
21,5,"petite","second",37328,41256,3633088,6366937,82512,12733874,2824,4213,295239,705163,8426,1410326,"10mill-boot"
21,6,"petite","second",37425,41386,3634598,6365622,82772,12731244,2895,4242,302761,697399,8484,1394798,"10mill-boot"
21,7,"petite","second",37478,41201,3632410,6367757,82402,12735514,2878,4211,299659,700398,8422,1400796,"10mill-boot"
21,8,"petite","second",37133,41489,3611260,6388765,82978,12777530,2734,4298,288106,711989,8596,1423978,"10mill-boot"
21,9,"petite","second",37590,41171,3651559,6348519,82342,12697038,2912,4223,302676,697347,8446,1394694,"10mill-boot"
21,10,"petite","second",37054,41348,3598080,6402040,82696,12804080,2862,4215,299608,700786,8430,1401572,"10mill-boot"
21,11,"petite","second",37569,41107,3654146,6345985,82214,12691970,2792,4303,292375,707665,8606,1415330,"10mill-boot"
21,12,"petite","second",37647,41246,3659330,6340725,82492,12681450,2861,4245,296698,703479,8490,1406958,"10mill-boot"
21,13,"petite","second",37422,41347,3630658,6369516,82694,12739032,2776,4257,288087,711974,8514,1423948,"10mill-boot"
21,14,"petite","second",37487,41163,3648850,6351390,82326,12702780,2825,4245,295420,704650,8490,1409300,"10mill-boot"
21,15,"petite","second",37386,41285,3640860,6359189,82570,12718378,2702,4340,283029,717510,8680,1435020,"10mill-boot"
21,16,"petite","second",37095,41624,3600829,6399228,83248,12798456,2765,4321,288378,711793,8642,1423586,"10mill-boot"
21,17,"petite","second",37329,41345,3629109,6370992,82690,12741984,2772,4249,292278,707841,8498,1415682,"10mill-boot"
21,18,"petite","second",37219,41426,3614588,6385489,82852,12770978,2761,4303,288139,712135,8606,1424270,"10mill-boot"
21,19,"petite","second",37025,41487,3597755,6402249,82974,12804498,2828,4236,297039,703152,8472,1406304,"10mill-boot"
21,20,"petite","second",37556,41225,3650561,6349475,82450,12698950,2801,4278,293007,707128,8556,1414256,"10mill-boot"
21,21,"petite","second",37263,41164,3623160,6376859,82328,12753718,2825,4250,294090,706235,8500,1412470,"10mill-boot"
21,22,"petite","second",37251,41496,3606580,6393487,82992,12786974,2755,4322,284788,715382,8644,1430764,"10mill-boot"
21,23,"petite","second",37820,41026,3668816,6331370,82052,12662740,2767,4271,289014,711604,8542,1423208,"10mill-boot"
21,24,"petite","second",37357,41476,3612498,6387630,82952,12775260,2823,4249,293607,706690,8498,1413380,"10mill-boot"
21,25,"petite","second",37471,41220,3640761,6359347,82440,12718694,2851,4210,293281,706805,8420,1413610,"10mill-boot"
21,26,"petite","second",37546,41364,3646673,6353332,82728,12706664,2851,4208,298665,701537,8416,1403074,"10mill-boot"
21,27,"petite","second",37446,41236,3640239,6359845,82472,12719690,2805,4277,292913,707193,8554,1414386,"10mill-boot"
21,28,"petite","second",37573,41181,3658314,6341690,82362,12683380,2896,4266,299906,700140,8532,1400280,"10mill-boot"
21,29,"petite","second",37402,41139,3634203,6366055,82278,12732110,2794,4224,291503,708797,8448,1417594,"10mill-boot"
21,30,"petite","second",37265,41318,3627521,6372483,82636,12744966,2852,4249,301156,699005,8498,1398010,"10mill-boot"
26,1,"petite","second",38172,40700,3691135,6308965,81400,12617930,2919,4153,302135,698085,8306,1396170,"10mill-boot"
26,2,"petite","second",37986,40782,3680928,6319296,81564,12638592,2913,4189,302312,697896,8378,1395792,"10mill-boot"
26,3,"petite","second",37980,40845,3683835,6316204,81690,12632408,2856,4197,299174,700898,8394,1401796,"10mill-boot"
26,4,"petite","second",37943,40798,3687285,6312803,81596,12625606,2917,4208,309264,690917,8416,1381834,"10mill-boot"
26,5,"petite","second",38060,40745,3690815,6309371,81490,12618742,2820,4247,294435,705622,8494,1411244,"10mill-boot"
26,6,"petite","second",38349,40687,3701209,6298921,81374,12597842,2920,4232,302954,697115,8464,1394230,"10mill-boot"
26,7,"petite","second",37903,40942,3669858,6330173,81884,12660346,2856,4234,295976,704156,8468,1408312,"10mill-boot"
26,8,"petite","second",38278,40546,3706633,6293378,81092,12586756,2880,4206,297919,702228,8412,1404456,"10mill-boot"
26,9,"petite","second",38549,40537,3722215,6277914,81074,12555828,2977,4142,312085,687928,8284,1375856,"10mill-boot"
26,10,"petite","second",38312,40613,3707104,6292940,81226,12585880,2972,4159,306794,693322,8318,1386644,"10mill-boot"
26,11,"petite","second",38304,40746,3699088,6300917,81492,12601834,2889,4148,301350,699099,8296,1398198,"10mill-boot"
26,12,"petite","second",38193,40750,3691137,6308916,81500,12617832,2824,4252,291729,708333,8504,1416666,"10mill-boot"
26,13,"petite","second",38130,40795,3682083,6318004,81590,12636008,2804,4182,292451,707733,8364,1415466,"10mill-boot"
26,14,"petite","second",37897,41031,3674610,6325497,82062,12650994,2939,4241,307819,692409,8482,1384818,"10mill-boot"
26,15,"petite","second",38249,40622,3708103,6291936,81244,12583872,2905,4209,304246,695890,8418,1391780,"10mill-boot"
26,16,"petite","second",38155,40623,3686417,6313626,81246,12627252,2789,4215,290744,709313,8430,1418626,"10mill-boot"
26,17,"petite","second",38167,40856,3678074,6321978,81712,12643956,2910,4218,299609,700981,8436,1401962,"10mill-boot"
26,18,"petite","second",38001,40885,3675138,6324984,81770,12649968,2827,4269,291033,709513,8538,1419026,"10mill-boot"
26,19,"petite","second",38009,40889,3691084,6308997,81778,12617994,2932,4114,307427,692642,8228,1385284,"10mill-boot"
26,20,"petite","second",38439,40690,3712922,6287088,81380,12574176,2956,4158,305221,694828,8316,1389656,"10mill-boot"
26,21,"petite","second",38279,40713,3714151,6285922,81426,12571844,2909,4222,302307,697723,8444,1395446,"10mill-boot"
26,22,"petite","second",38523,40644,3733673,6266424,81288,12532848,2862,4223,302217,697921,8446,1395842,"10mill-boot"
26,23,"petite","second",38583,40531,3737126,6262896,81062,12525792,2794,4251,294522,705595,8502,1411190,"10mill-boot"
26,24,"petite","second",38170,40628,3694964,6305068,81256,12610136,2819,4246,292289,707835,8492,1415670,"10mill-boot"
26,25,"petite","second",38282,40809,3693377,6306653,81618,12613306,2862,4226,294008,706333,8452,1412666,"10mill-boot"
26,26,"petite","second",38259,40958,3685889,6314334,81916,12628668,2896,4242,299108,700991,8484,1401982,"10mill-boot"
26,27,"petite","second",38178,40971,3693249,6306770,81942,12613540,2899,4250,302306,697942,8500,1395884,"10mill-boot"
26,28,"petite","second",38559,40663,3734250,6265765,81326,12531530,3023,4174,311602,688454,8348,1376908,"10mill-boot"
26,29,"petite","second",38329,40639,3699470,6300629,81278,12601258,2920,4194,304448,695732,8388,1391464,"10mill-boot"
26,30,"petite","second",38200,40777,3716654,6283453,81554,12566906,2987,4177,311304,688827,8354,1377654,"10mill-boot"
19,1,"petite","second",37603,41654,3697735,6302319,83308,12604638,2838,4294,304087,696043,8588,1392086,"10mill-boot"
19,2,"petite","second",37456,41515,3705845,6294320,83030,12588640,2819,4274,299135,701193,8548,1402386,"10mill-boot"
19,3,"petite","second",37486,41668,3697032,6303069,83336,12606138,2819,4367,296241,704063,8734,1408126,"10mill-boot"
19,4,"petite","second",37436,41628,3701894,6298111,83256,12596222,2886,4220,311787,688243,8440,1376486,"10mill-boot"
19,5,"petite","second",37651,41562,3704364,6295677,83124,12591354,2855,4259,306822,693211,8518,1386422,"10mill-boot"
19,6,"petite","second",37459,41681,3695259,6304778,83362,12609556,2871,4310,305508,694882,8620,1389764,"10mill-boot"
19,7,"petite","second",37645,41562,3715263,6284748,83124,12569496,2855,4253,302040,698102,8506,1396204,"10mill-boot"
19,8,"petite","second",37609,41586,3706386,6293620,83172,12587240,2824,4339,300543,699526,8678,1399052,"10mill-boot"
19,9,"petite","second",37664,41480,3695727,6304367,82960,12608734,2863,4248,304344,695697,8496,1391394,"10mill-boot"
19,10,"petite","second",37537,41720,3693530,6306536,83440,12613072,2905,4272,309209,690834,8544,1381668,"10mill-boot"
19,11,"petite","second",37798,41453,3726791,6273278,82906,12546556,2900,4227,309693,690615,8454,1381230,"10mill-boot"
19,12,"petite","second",37783,41537,3732384,6267629,83074,12535258,2888,4292,309210,690810,8584,1381620,"10mill-boot"
19,13,"petite","second",37729,41429,3731594,6268586,82858,12537172,2912,4279,308289,691850,8558,1383700,"10mill-boot"
19,14,"petite","second",37627,41637,3720921,6279284,83274,12558568,2829,4262,304915,695670,8524,1391340,"10mill-boot"
19,15,"petite","second",37740,41583,3711173,6288846,83166,12577692,2824,4224,300949,699189,8448,1398378,"10mill-boot"
19,16,"petite","second",37589,41596,3713874,6286174,83192,12572348,2927,4225,315515,684553,8450,1369106,"10mill-boot"
19,17,"petite","second",37353,41684,3685528,6314482,83368,12628964,2794,4334,294692,705333,8668,1410666,"10mill-boot"
19,18,"petite","second",37585,41607,3700274,6299769,83214,12599538,2806,4357,297701,702639,8714,1405278,"10mill-boot"
19,19,"petite","second",37519,41602,3707331,6292789,83204,12585578,2891,4253,309439,690737,8506,1381474,"10mill-boot"
19,20,"petite","second",37618,41533,3708514,6291577,83066,12583154,2881,4218,308075,691999,8436,1383998,"10mill-boot"
19,21,"petite","second",37590,41509,3711190,6288933,83018,12577866,2795,4321,297367,702956,8642,1405912,"10mill-boot"
19,22,"petite","second",37305,41734,3689988,6310190,83468,12620380,2852,4297,305097,694914,8594,1389828,"10mill-boot"
19,23,"petite","second",37863,41392,3725033,6275054,82784,12550108,2890,4295,303379,696727,8590,1393454,"10mill-boot"
19,24,"petite","second",37467,41675,3677071,6323111,83350,12646222,2839,4353,297997,702073,8706,1404146,"10mill-boot"
19,25,"petite","second",37674,41594,3704098,6295983,83188,12591966,2856,4288,300894,699119,8576,1398238,"10mill-boot"
19,26,"petite","second",37682,41710,3707153,6292976,83420,12585952,2740,4393,289040,711193,8786,1422386,"10mill-boot"
19,27,"petite","second",37458,41759,3695126,6304948,83518,12609896,2761,4347,292449,707577,8694,1415154,"10mill-boot"
19,28,"petite","second",37414,41662,3691777,6308409,83324,12616818,2820,4318,301291,699107,8636,1398214,"10mill-boot"
19,29,"petite","second",37402,41693,3690562,6309456,83386,12618912,2821,4307,297346,702701,8614,1405402,"10mill-boot"
19,30,"petite","second",37532,41559,3716574,6283464,83118,12566928,2935,4232,313440,686712,8464,1373424,"10mill-boot"
45,1,"petite","second",38005,41245,3689098,6310978,82490,12621956,2894,4224,304022,696100,8448,1392200,"10mill-boot"
45,2,"petite","second",37680,41442,3673082,6327060,82884,12654120,2882,4235,301708,698305,8470,1396610,"10mill-boot"
45,3,"petite","second",37403,41668,3634436,6365607,83336,12731214,2838,4310,296562,703473,8620,1406946,"10mill-boot"
45,4,"petite","second",37547,41788,3643001,6357103,83576,12714206,2878,4285,302366,697811,8570,1395622,"10mill-boot"
45,5,"petite","second",37807,41583,3663745,6336270,83166,12672540,2924,4305,306412,693980,8610,1387960,"10mill-boot"
45,6,"petite","second",38121,41225,3702118,6297972,82450,12595944,2929,4239,305920,694094,8478,1388188,"10mill-boot"
45,7,"petite","second",37544,41714,3633849,6366170,83428,12732340,2851,4335,295893,704122,8670,1408244,"10mill-boot"
45,8,"petite","second",37592,41493,3658522,6341520,82986,12683040,2786,4279,291131,709188,8558,1418376,"10mill-boot"
45,9,"petite","second",37860,41419,3680572,6319443,82838,12638886,2883,4269,300820,699281,8538,1398562,"10mill-boot"
45,10,"petite","second",38027,41184,3704428,6295650,82368,12591300,2880,4220,304850,695273,8440,1390546,"10mill-boot"
45,11,"petite","second",37583,41480,3646028,6354034,82960,12708068,2869,4263,301493,698588,8526,1397176,"10mill-boot"
45,12,"petite","second",37817,41259,3683066,6317095,82518,12634190,2846,4221,302250,697916,8442,1395832,"10mill-boot"
45,13,"petite","second",37531,41554,3649895,6350173,83108,12700346,2844,4307,293510,706630,8614,1413260,"10mill-boot"
45,14,"petite","second",37366,41619,3645247,6354805,83238,12709610,2859,4253,302637,697598,8506,1395196,"10mill-boot"
45,15,"petite","second",37515,41574,3648477,6351634,83148,12703268,2869,4279,300529,700010,8558,1400020,"10mill-boot"
45,16,"petite","second",37648,41379,3657646,6342378,82758,12684756,2915,4186,307534,692565,8372,1385130,"10mill-boot"
45,17,"petite","second",37766,41414,3685125,6314992,82828,12629984,2826,4307,297132,703056,8614,1406112,"10mill-boot"
45,18,"petite","second",37442,41632,3639174,6361035,83264,12722070,2882,4331,299758,700549,8662,1401098,"10mill-boot"
45,19,"petite","second",37617,41360,3673506,6326564,82720,12653128,2881,4271,300312,699755,8542,1399510,"10mill-boot"
45,20,"petite","second",37332,41509,3639520,6360481,83018,12720962,2976,4213,313320,687134,8426,1374268,"10mill-boot"
45,21,"petite","second",37734,41349,3666609,6333473,82698,12666946,2832,4254,297694,702440,8508,1404880,"10mill-boot"
45,22,"petite","second",37738,41359,3663265,6336758,82718,12673516,2852,4279,298717,701415,8558,1402830,"10mill-boot"
45,23,"petite","second",37778,41522,3661250,6338781,83044,12677562,2910,4231,304932,695428,8462,1390856,"10mill-boot"
45,24,"petite","second",37373,41596,3629507,6370568,83192,12741136,2830,4275,299723,700350,8550,1400700,"10mill-boot"
45,25,"petite","second",37776,41407,3673681,6326475,82814,12652950,2861,4261,300984,699167,8522,1398334,"10mill-boot"
45,26,"petite","second",37756,41574,3668224,6331887,83148,12663774,2844,4261,298166,702147,8522,1404294,"10mill-boot"
45,27,"petite","second",37688,41387,3665455,6334640,82774,12669280,2852,4229,300129,699908,8458,1399816,"10mill-boot"
45,28,"petite","second",38006,41397,3697470,6302648,82794,12605296,2856,4288,300114,700640,8576,1401280,"10mill-boot"
45,29,"petite","second",37731,41368,3668667,6331433,82736,12662866,2958,4240,308400,691896,8480,1383792,"10mill-boot"
45,30,"petite","second",37479,41584,3647919,6352135,83168,12704270,2834,4311,297964,702184,8622,1404368,"10mill-boot"
42,1,"petite","second",37360,41284,3690008,6310090,82568,12620180,2870,4263,302443,697602,8526,1395204,"10mill-boot"
42,2,"petite","second",37529,41222,3710579,6289449,82444,12578898,2849,4293,301324,699016,8586,1398032,"10mill-boot"
42,3,"petite","second",37319,41212,3694394,6305646,82424,12611292,2833,4210,304963,695099,8420,1390198,"10mill-boot"
42,4,"petite","second",37326,41481,3677860,6322176,82962,12644352,2835,4293,297799,702263,8586,1404526,"10mill-boot"
42,5,"petite","second",37280,41444,3680690,6319321,82888,12638642,2734,4293,292451,707733,8586,1415466,"10mill-boot"
42,6,"petite","second",37419,41439,3701031,6299034,82878,12598068,2898,4256,305989,694388,8512,1388776,"10mill-boot"
42,7,"petite","second",37682,41206,3722681,6277362,82412,12554724,2982,4193,314596,685498,8386,1370996,"10mill-boot"
42,8,"petite","second",37089,41684,3678386,6321632,83368,12643264,2834,4350,298625,701518,8700,1403036,"10mill-boot"
42,9,"petite","second",37434,41312,3707000,6293094,82624,12586188,2875,4241,305077,695506,8482,1391012,"10mill-boot"
42,10,"petite","second",37490,41277,3709981,6290052,82554,12580104,2896,4258,307834,692175,8516,1384350,"10mill-boot"
42,11,"petite","second",37179,41601,3662279,6337841,83202,12675682,2804,4300,298669,701497,8600,1402994,"10mill-boot"
42,12,"petite","second",37349,41381,3697254,6302818,82762,12605636,2852,4304,302748,697567,8608,1395134,"10mill-boot"
42,13,"petite","second",37492,41305,3701415,6298759,82610,12597518,2879,4245,302874,697170,8490,1394340,"10mill-boot"
42,14,"petite","second",37262,41342,3688240,6311781,82684,12623562,2811,4262,300850,699530,8524,1399060,"10mill-boot"
42,15,"petite","second",37616,41220,3712878,6287146,82440,12574292,2847,4241,301863,698811,8482,1397622,"10mill-boot"
42,16,"petite","second",37478,41371,3697145,6302943,82742,12605886,2874,4207,310308,690040,8414,1380080,"10mill-boot"
42,17,"petite","second",37727,41115,3723632,6276412,82230,12552824,2954,4173,312337,687768,8346,1375536,"10mill-boot"
42,18,"petite","second",37531,41279,3709103,6291053,82558,12582106,2905,4186,308536,691664,8372,1383328,"10mill-boot"
42,19,"petite","second",37457,41397,3697080,6302959,82794,12605918,2879,4281,301092,699166,8562,1398332,"10mill-boot"
42,20,"petite","second",37902,40919,3747665,6252354,81838,12504708,2829,4232,302732,697500,8464,1395000,"10mill-boot"
42,21,"petite","second",37417,41237,3691776,6308312,82474,12616624,2846,4244,301764,698294,8488,1396588,"10mill-boot"
42,22,"petite","second",37670,41332,3714166,6286005,82664,12572010,2812,4281,300825,699252,8562,1398504,"10mill-boot"
42,23,"petite","second",37693,41307,3717580,6282515,82614,12565030,2835,4263,304085,695935,8526,1391870,"10mill-boot"
42,24,"petite","second",37102,41606,3652174,6347941,83212,12695882,2857,4289,302825,697407,8578,1394814,"10mill-boot"
42,25,"petite","second",37499,41161,3706876,6293190,82322,12586380,2839,4284,300275,699945,8568,1399890,"10mill-boot"
42,26,"petite","second",37250,41456,3665208,6334800,82912,12669600,2810,4299,294944,705083,8598,1410166,"10mill-boot"
42,27,"petite","second",37827,41172,3729765,6270338,82344,12540676,2867,4259,302543,697526,8518,1395052,"10mill-boot"
42,28,"petite","second",37452,41287,3701377,6298772,82574,12597544,2783,4280,298472,701600,8560,1403200,"10mill-boot"
42,29,"petite","second",37670,41164,3731215,6268854,82328,12537708,2800,4254,297701,702337,8508,1404674,"10mill-boot"
42,30,"petite","second",37605,41395,3705678,6294325,82790,12588650,2831,4296,297988,702046,8592,1404092,"10mill-boot"
27,1,"petite","second",36949,41816,3633201,6366799,83632,12733598,2911,4249,307254,693164,8498,1386328,"10mill-boot"
27,2,"petite","second",36890,41827,3636227,6363773,83654,12727546,2826,4274,300717,699450,8548,1398900,"10mill-boot"
27,3,"petite","second",36701,41796,3618328,6381674,83592,12763348,2770,4267,294258,705920,8534,1411840,"10mill-boot"
27,4,"petite","second",36673,42098,3608934,6391079,84196,12782158,2711,4409,283607,716643,8818,1433286,"10mill-boot"
27,5,"petite","second",37253,41726,3662651,6337378,83452,12674756,2825,4271,300729,699325,8542,1398650,"10mill-boot"
27,6,"petite","second",36754,42016,3619177,6380935,84032,12761870,2783,4299,295940,704254,8598,1408508,"10mill-boot"
27,7,"petite","second",37030,41815,3628883,6371183,83630,12742366,2808,4328,294073,706121,8656,1412242,"10mill-boot"
27,8,"petite","second",37155,41693,3663587,6336441,83386,12672882,2851,4232,304099,696322,8464,1392644,"10mill-boot"
27,9,"petite","second",36911,41708,3639474,6360545,83416,12721090,2723,4288,290396,709862,8576,1419724,"10mill-boot"
27,10,"petite","second",36852,41849,3625971,6374064,83698,12748128,2793,4306,296749,703263,8612,1406526,"10mill-boot"
27,11,"petite","second",36932,41810,3632514,6367490,83620,12734980,2800,4313,296539,703791,8626,1407582,"10mill-boot"
27,12,"petite","second",36787,41861,3619619,6380706,83722,12761412,2829,4230,301107,699025,8460,1398050,"10mill-boot"
27,13,"petite","second",36839,41930,3624619,6375391,83860,12750782,2827,4272,299479,700658,8544,1401316,"10mill-boot"
27,14,"petite","second",36712,41944,3627972,6372076,83888,12744152,2801,4315,298431,701779,8630,1403558,"10mill-boot"
27,15,"petite","second",36790,41993,3617031,6383092,83986,12766184,2778,4315,296492,703522,8630,1407044,"10mill-boot"
27,16,"petite","second",36971,41741,3637642,6362574,83482,12725148,2870,4227,305967,694061,8454,1388122,"10mill-boot"
27,17,"petite","second",36981,41853,3635297,6364748,83706,12729496,2864,4272,308042,692022,8544,1384044,"10mill-boot"
27,18,"petite","second",36531,41990,3596842,6403177,83980,12806354,2738,4333,291295,708891,8666,1417782,"10mill-boot"
27,19,"petite","second",36661,41750,3619806,6380230,83500,12760460,2887,4201,307184,692819,8402,1385638,"10mill-boot"
27,20,"petite","second",36688,41940,3609097,6391021,83880,12782042,2816,4275,295508,704587,8550,1409174,"10mill-boot"
27,21,"petite","second",36697,41923,3614977,6385061,83846,12770122,2677,4341,283564,716628,8682,1433256,"10mill-boot"
27,22,"petite","second",36838,41832,3631536,6368577,83664,12737154,2761,4299,291702,709174,8598,1418348,"10mill-boot"
27,23,"petite","second",36851,41895,3620910,6379112,83790,12758224,2818,4234,303139,696953,8468,1393906,"10mill-boot"
27,24,"petite","second",36741,41874,3621630,6378479,83748,12756958,2907,4269,308840,691541,8538,1383082,"10mill-boot"
27,25,"petite","second",36988,41843,3628317,6371702,83686,12743404,2810,4336,293058,707033,8672,1414066,"10mill-boot"
27,26,"petite","second",36861,42009,3625668,6374407,84018,12748814,2776,4304,295577,704514,8608,1409028,"10mill-boot"
27,27,"petite","second",36733,41893,3607525,6392630,83786,12785260,2758,4298,292819,707291,8596,1414582,"10mill-boot"
27,28,"petite","second",37083,41841,3642898,6357141,83682,12714282,2856,4271,302041,698317,8542,1396634,"10mill-boot"
27,29,"petite","second",36795,41934,3613407,6386652,83868,12773304,2850,4239,304583,695603,8478,1391206,"10mill-boot"
27,30,"petite","second",36850,42059,3623577,6376516,84118,12753032,2855,4308,303889,696337,8616,1392674,"10mill-boot"
18,1,"petite","second",38486,41243,3761197,6238816,82486,12477632,2907,4308,307152,692882,8616,1385764,"10mill-boot"
18,2,"petite","second",37871,41652,3704579,6295629,83304,12591258,2872,4309,300639,699362,8618,1398724,"10mill-boot"
18,3,"petite","second",37914,41685,3704794,6295260,83370,12590520,2873,4273,304663,695601,8546,1391202,"10mill-boot"
18,4,"petite","second",37939,41626,3715256,6284891,83252,12569782,2977,4267,309193,690863,8534,1381726,"10mill-boot"
18,5,"petite","second",38141,41520,3730587,6269461,83040,12538922,2891,4288,308381,691695,8576,1383390,"10mill-boot"
18,6,"petite","second",38085,41654,3733221,6266809,83308,12533618,2922,4299,305933,694355,8598,1388710,"10mill-boot"
18,7,"petite","second",38070,41608,3722971,6277061,83216,12554122,2895,4293,303886,696258,8586,1392516,"10mill-boot"
18,8,"petite","second",38338,41410,3758667,6241564,82820,12483128,2953,4295,312444,687595,8590,1375190,"10mill-boot"
18,9,"petite","second",38101,41433,3719187,6280918,82866,12561836,2945,4231,310430,689668,8462,1379336,"10mill-boot"
18,10,"petite","second",37979,41630,3708668,6291392,83260,12582784,2913,4281,306938,693213,8562,1386426,"10mill-boot"
18,11,"petite","second",38178,41546,3747520,6252558,83092,12505116,2966,4250,315617,684633,8500,1369266,"10mill-boot"
18,12,"petite","second",38123,41392,3727559,6272442,82784,12544884,2918,4242,306988,693307,8484,1386614,"10mill-boot"
18,13,"petite","second",37693,41693,3692480,6307521,83386,12615042,2941,4308,305582,694809,8616,1389618,"10mill-boot"
18,14,"petite","second",37952,41667,3714472,6285536,83334,12571072,2897,4332,303527,696771,8664,1393542,"10mill-boot"
18,15,"petite","second",38344,41447,3750424,6249598,82894,12499196,2888,4354,303750,696383,8708,1392766,"10mill-boot"
18,16,"petite","second",37943,41508,3716402,6283753,83016,12567506,2905,4305,304835,695411,8610,1390822,"10mill-boot"
18,17,"petite","second",38167,41482,3736990,6263130,82964,12526260,2910,4325,303850,696319,8650,1392638,"10mill-boot"
18,18,"petite","second",37832,41664,3701285,6298907,83328,12597814,2829,4352,300278,699963,8704,1399926,"10mill-boot"
18,19,"petite","second",37984,41440,3733790,6266281,82880,12532562,2829,4349,300664,699599,8698,1399198,"10mill-boot"
18,20,"petite","second",37848,41535,3713980,6286087,83070,12572174,2914,4308,308130,692257,8616,1384514,"10mill-boot"
18,21,"petite","second",38064,41479,3732973,6267040,82958,12534080,2965,4236,311996,688386,8472,1376772,"10mill-boot"
18,22,"petite","second",38025,41605,3721119,6278980,83210,12557960,2875,4253,303860,696392,8506,1392784,"10mill-boot"
18,23,"petite","second",38238,41495,3727844,6272210,82990,12544420,2935,4274,306832,693637,8548,1387274,"10mill-boot"
18,24,"petite","second",38164,41509,3732736,6267361,83018,12534722,2962,4254,310263,689775,8508,1379550,"10mill-boot"
18,25,"petite","second",38055,41675,3709363,6290693,83350,12581386,2953,4314,309343,690838,8628,1381676,"10mill-boot"
18,26,"petite","second",37933,41519,3707281,6292850,83038,12585700,2834,4296,299868,700300,8592,1400600,"10mill-boot"
18,27,"petite","second",38133,41396,3742767,6257270,82792,12514540,2889,4290,304988,695615,8580,1391230,"10mill-boot"
18,28,"petite","second",37992,41529,3723467,6276640,83058,12553280,2922,4294,309514,690526,8588,1381052,"10mill-boot"
18,29,"petite","second",38288,41458,3748695,6251358,82916,12502716,2985,4349,310281,690217,8698,1380434,"10mill-boot"
18,30,"petite","second",37656,41757,3689842,6310205,83514,12620410,2948,4320,308325,691946,8640,1383892,"10mill-boot"
20,1,"petite","second",37671,41586,3644920,6355279,83172,12710558,2836,4324,297241,702824,8648,1405648,"10mill-boot"
20,2,"petite","second",37447,41804,3631974,6368076,83608,12736152,2827,4373,290525,709828,8746,1419656,"10mill-boot"
20,3,"petite","second",37559,41622,3650250,6349773,83244,12699546,2827,4286,297090,703219,8572,1406438,"10mill-boot"
20,4,"petite","second",37466,41678,3647819,6352289,83356,12704578,2825,4280,295461,704609,8560,1409218,"10mill-boot"
20,5,"petite","second",37659,41636,3656506,6343572,83272,12687144,2883,4235,301446,698938,8470,1397876,"10mill-boot"
20,6,"petite","second",37500,41735,3630509,6369595,83470,12739190,2781,4320,288486,711571,8640,1423142,"10mill-boot"
20,7,"petite","second",37685,41595,3653401,6346638,83190,12693276,2926,4215,302225,698253,8430,1396506,"10mill-boot"
20,8,"petite","second",37950,41431,3676043,6324003,82862,12648006,2847,4253,299530,700559,8506,1401118,"10mill-boot"
20,9,"petite","second",37719,41565,3668043,6331993,83130,12663986,2911,4258,306223,694052,8516,1388104,"10mill-boot"
20,10,"petite","second",37676,41557,3660222,6339895,83114,12679790,2887,4313,300566,699697,8626,1399394,"10mill-boot"
20,11,"petite","second",37526,41668,3654205,6345822,83336,12691644,2847,4285,298595,701415,8570,1402830,"10mill-boot"
20,12,"petite","second",37547,41643,3654983,6345075,83286,12690150,2908,4269,306324,693817,8538,1387634,"10mill-boot"
20,13,"petite","second",37870,41691,3672257,6327873,83382,12655746,2839,4271,298023,702063,8542,1404126,"10mill-boot"
20,14,"petite","second",37428,41690,3636415,6363641,83380,12727282,2821,4250,294317,705942,8500,1411884,"10mill-boot"
20,15,"petite","second",37610,41627,3648936,6351163,83254,12702326,2805,4357,290429,709765,8714,1419530,"10mill-boot"
20,16,"petite","second",37687,41566,3666806,6333298,83132,12666596,2933,4276,308036,692294,8552,1384588,"10mill-boot"
20,17,"petite","second",37721,41756,3653978,6346060,83512,12692120,2810,4401,289952,710218,8802,1420436,"10mill-boot"
20,18,"petite","second",37794,41498,3661376,6338758,82996,12677516,2796,4295,290893,709270,8590,1418540,"10mill-boot"
20,19,"petite","second",37803,41477,3676546,6323464,82954,12646928,2888,4295,303096,697109,8590,1394218,"10mill-boot"
20,20,"petite","second",37365,41666,3635351,6364756,83332,12729512,2851,4309,297979,702382,8618,1404764,"10mill-boot"
20,21,"petite","second",37542,41472,3641882,6358147,82944,12716294,2853,4248,297994,702447,8496,1404894,"10mill-boot"
20,22,"petite","second",37461,41729,3636978,6363235,83458,12726470,2788,4385,288897,711300,8770,1422600,"10mill-boot"
20,23,"petite","second",37886,41474,3666063,6334117,82948,12668234,2832,4346,294895,705223,8692,1410446,"10mill-boot"
20,24,"petite","second",37657,41787,3657125,6342889,83574,12685778,2924,4276,305528,695052,8552,1390104,"10mill-boot"
20,25,"petite","second",37483,41816,3645050,6355111,83632,12710222,2880,4313,303514,696888,8626,1393776,"10mill-boot"
20,26,"petite","second",37662,41703,3645101,6354935,83406,12709870,2759,4316,288012,712146,8632,1424292,"10mill-boot"
20,27,"petite","second",37563,41737,3641201,6358833,83474,12717666,2878,4298,298282,701894,8596,1403788,"10mill-boot"
20,28,"petite","second",37568,41747,3643035,6357059,83494,12714118,2807,4324,292176,708224,8648,1416448,"10mill-boot"
20,29,"petite","second",37504,41437,3643477,6356637,82874,12713274,2868,4272,299341,701149,8544,1402298,"10mill-boot"
20,30,"petite","second",37370,41865,3620105,6379917,83730,12759834,2772,4327,288514,711750,8654,1423500,"10mill-boot"
16,1,"petite","second",37559,41550,3676595,6323506,83100,12647012,2912,4258,304251,695922,8516,1391844,"10mill-boot"
16,2,"petite","second",37609,41316,3705644,6294462,82632,12588924,2881,4206,304898,695213,8412,1390426,"10mill-boot"
16,3,"petite","second",37326,41601,3676939,6323119,83202,12646238,2865,4255,299295,700753,8510,1401506,"10mill-boot"
16,4,"petite","second",37460,41567,3692077,6307984,83134,12615968,2793,4339,295522,704720,8678,1409440,"10mill-boot"
16,5,"petite","second",37529,41426,3695400,6304627,82852,12609254,2869,4208,306641,693680,8416,1387360,"10mill-boot"
16,6,"petite","second",37278,41507,3682319,6317689,83014,12635378,2923,4173,313028,687077,8346,1374154,"10mill-boot"
16,7,"petite","second",37436,41498,3695537,6304531,82996,12609062,2794,4230,297541,702552,8460,1405104,"10mill-boot"
16,8,"petite","second",37508,41571,3686341,6313683,83142,12627366,2893,4277,306184,694096,8554,1388192,"10mill-boot"
16,9,"petite","second",37642,41437,3702881,6297255,82874,12594510,2864,4261,300795,699341,8522,1398682,"10mill-boot"
16,10,"petite","second",37382,41483,3685639,6314484,82966,12628968,2782,4262,299753,700658,8524,1401316,"10mill-boot"
16,11,"petite","second",37718,41304,3701416,6298659,82608,12597318,2893,4240,306907,693104,8480,1386208,"10mill-boot"
16,12,"petite","second",37522,41330,3698549,6301578,82660,12603156,2847,4264,302015,698023,8528,1396046,"10mill-boot"
16,13,"petite","second",37682,41446,3699493,6300557,82892,12601114,2867,4293,299678,700336,8586,1400672,"10mill-boot"
16,14,"petite","second",37341,41560,3668182,6331861,83120,12663722,2805,4300,295124,705166,8600,1410332,"10mill-boot"
16,15,"petite","second",37611,41379,3691427,6308754,82758,12617508,2830,4265,297445,702630,8530,1405260,"10mill-boot"
16,16,"petite","second",37437,41346,3702014,6298170,82692,12596340,2797,4256,296764,703463,8512,1406926,"10mill-boot"
16,17,"petite","second",37653,41282,3709478,6290571,82564,12581142,2853,4205,304970,695547,8410,1391094,"10mill-boot"
16,18,"petite","second",37642,41329,3706774,6293272,82658,12586544,2711,4328,286692,713370,8656,1426740,"10mill-boot"
16,19,"petite","second",37308,41583,3671456,6328608,83166,12657216,2842,4283,300558,699455,8566,1398910,"10mill-boot"
16,20,"petite","second",37379,41629,3678236,6321823,83258,12643646,2817,4277,300276,699874,8554,1399748,"10mill-boot"
16,21,"petite","second",37726,41270,3715745,6284310,82540,12568620,2904,4220,305425,694595,8440,1389190,"10mill-boot"
16,22,"petite","second",37618,41442,3701463,6298731,82884,12597462,2912,4215,309189,691213,8430,1382426,"10mill-boot"
16,23,"petite","second",37989,41125,3746583,6253432,82250,12506864,2899,4243,307397,692927,8486,1385854,"10mill-boot"
16,24,"petite","second",37418,41451,3694551,6305546,82902,12611092,2951,4254,310982,689023,8508,1378046,"10mill-boot"
16,25,"petite","second",37736,41317,3715750,6284443,82634,12568886,2915,4192,308726,691450,8384,1382900,"10mill-boot"
16,26,"petite","second",37587,41531,3688088,6311966,83062,12623932,2814,4325,299593,700435,8650,1400870,"10mill-boot"
16,27,"petite","second",37683,41379,3708300,6291779,82758,12583558,2790,4306,295040,705003,8612,1410006,"10mill-boot"
16,28,"petite","second",37451,41397,3686904,6313117,82794,12626234,2877,4255,306503,693535,8510,1387070,"10mill-boot"
16,29,"petite","second",37337,41476,3673204,6326859,82952,12653718,2830,4262,301471,698659,8524,1397318,"10mill-boot"
16,30,"petite","second",37237,41585,3669095,6330919,83170,12661838,2843,4240,301365,698727,8480,1397454,"10mill-boot"
29,1,"petite","second",38013,41302,3689359,6310742,82604,12621484,2873,4310,298706,701546,8620,1403092,"10mill-boot"
29,2,"petite","second",38020,41293,3708372,6291720,82586,12583440,2927,4267,307669,692387,8534,1384774,"10mill-boot"
29,3,"petite","second",37716,41494,3667756,6332248,82988,12664496,2831,4269,296782,703263,8538,1406526,"10mill-boot"
29,4,"petite","second",37627,41561,3671922,6328104,83122,12656208,2884,4231,305809,694268,8462,1388536,"10mill-boot"
29,5,"petite","second",37772,41589,3674772,6325344,83178,12650688,2809,4312,293647,706874,8624,1413748,"10mill-boot"
29,6,"petite","second",37739,41567,3667349,6332712,83134,12665424,2913,4283,307074,693022,8566,1386044,"10mill-boot"
29,7,"petite","second",38013,41242,3690163,6310059,82484,12620118,2893,4209,303281,696932,8418,1393864,"10mill-boot"
29,8,"petite","second",37907,41334,3697582,6302608,82668,12605216,2913,4307,302876,697666,8614,1395332,"10mill-boot"
29,9,"petite","second",37508,41391,3656144,6343962,82782,12687924,2823,4308,295155,704855,8616,1409710,"10mill-boot"
29,10,"petite","second",37603,41425,3666010,6334012,82850,12668024,2853,4302,300608,699462,8604,1398924,"10mill-boot"
29,11,"petite","second",37548,41531,3649044,6350957,83062,12701914,2827,4292,296179,704213,8584,1408426,"10mill-boot"
29,12,"petite","second",37919,41347,3695432,6304645,82694,12609290,2850,4311,297265,702765,8622,1405530,"10mill-boot"
29,13,"petite","second",38060,41378,3689687,6310428,82756,12620856,2835,4306,295614,704478,8612,1408956,"10mill-boot"
29,14,"petite","second",37626,41621,3663835,6336254,83242,12672508,2866,4258,302077,697958,8516,1395916,"10mill-boot"
29,15,"petite","second",37452,41642,3639430,6360661,83284,12721322,2819,4309,297125,703139,8618,1406278,"10mill-boot"
29,16,"petite","second",37888,41236,3684174,6315970,82472,12631940,2896,4224,304287,695717,8448,1391434,"10mill-boot"
29,17,"petite","second",37873,41405,3689194,6310851,82810,12621702,2869,4231,305561,694601,8462,1389202,"10mill-boot"
29,18,"petite","second",37686,41695,3668668,6331372,83390,12662744,2841,4333,296486,703545,8666,1407090,"10mill-boot"
29,19,"petite","second",37663,41426,3676349,6323690,82852,12647380,2880,4288,304848,695479,8576,1390958,"10mill-boot"
29,20,"petite","second",37787,41183,3684840,6315319,82366,12630638,2845,4275,298721,701542,8550,1403084,"10mill-boot"
29,21,"petite","second",38036,41150,3706794,6293228,82300,12586456,2849,4232,299745,700444,8464,1400888,"10mill-boot"
29,22,"petite","second",37360,41546,3635046,6365111,83092,12730222,2833,4282,297234,702787,8564,1405574,"10mill-boot"
29,23,"petite","second",37824,41247,3686204,6313837,82494,12627674,2937,4233,307717,692316,8466,1384632,"10mill-boot"
29,24,"petite","second",37823,41480,3674504,6325625,82960,12651250,2895,4305,301515,698878,8610,1397756,"10mill-boot"
29,25,"petite","second",37723,41425,3662913,6337178,82850,12674356,2896,4263,300489,699614,8526,1399228,"10mill-boot"
29,26,"petite","second",37714,41570,3679979,6320048,83140,12640096,2908,4319,301081,698955,8638,1397910,"10mill-boot"
29,27,"petite","second",37630,41474,3660366,6339650,82948,12679300,2847,4233,301145,698926,8466,1397852,"10mill-boot"
29,28,"petite","second",37901,41478,3676408,6323597,82956,12647194,2803,4335,292327,707780,8670,1415560,"10mill-boot"
29,29,"petite","second",37798,41474,3665452,6334629,82948,12669258,2936,4257,306641,693924,8514,1387848,"10mill-boot"
29,30,"petite","second",37552,41535,3668047,6332036,83070,12664072,2862,4292,297863,702298,8584,1404596,"10mill-boot"
11,1,"petite","second",36998,41797,3634996,6365018,83594,12730036,2768,4340,292761,707802,8680,1415604,"10mill-boot"
11,2,"petite","second",36696,41838,3621925,6378096,83676,12756192,2831,4239,305691,694551,8478,1389102,"10mill-boot"
11,3,"petite","second",36257,42041,3581403,6418660,84082,12837320,2701,4304,286897,713207,8608,1426414,"10mill-boot"
11,4,"petite","second",36461,42094,3592554,6407479,84188,12814958,2906,4216,309104,690958,8432,1381916,"10mill-boot"
11,5,"petite","second",36550,42016,3604355,6395693,84032,12791386,2739,4340,288922,711126,8680,1422252,"10mill-boot"
11,6,"petite","second",36691,41922,3615686,6384405,83844,12768810,2722,4336,288301,712006,8672,1424012,"10mill-boot"
11,7,"petite","second",36895,41846,3627350,6372700,83692,12745400,2810,4245,300353,699727,8490,1399454,"10mill-boot"
11,8,"petite","second",36287,42288,3579129,6420938,84576,12841876,2804,4309,297821,702222,8618,1404444,"10mill-boot"
11,9,"petite","second",36602,42053,3617272,6382761,84106,12765522,2818,4251,301239,698983,8502,1397966,"10mill-boot"
11,10,"petite","second",36296,42023,3587060,6412982,84046,12825964,2709,4352,288411,711962,8704,1423924,"10mill-boot"
11,11,"petite","second",36511,42074,3603524,6396507,84148,12793014,2827,4235,304749,695441,8470,1390882,"10mill-boot"
11,12,"petite","second",36687,41972,3608237,6391893,83944,12783786,2781,4274,294696,705520,8548,1411040,"10mill-boot"
11,13,"petite","second",36314,42167,3581156,6418960,84334,12837920,2819,4268,297496,702561,8536,1405122,"10mill-boot"
11,14,"petite","second",36045,42284,3551028,6448980,84568,12897960,2687,4361,285580,715013,8722,1430026,"10mill-boot"
11,15,"petite","second",36249,42188,3571705,6428430,84376,12856860,2732,4272,289565,710526,8544,1421052,"10mill-boot"
11,16,"petite","second",36327,42141,3564379,6435746,84282,12871492,2722,4310,287143,712877,8620,1425754,"10mill-boot"
11,17,"petite","second",36452,41994,3599471,6400592,83988,12801184,2799,4283,293782,706385,8566,1412770,"10mill-boot"
11,18,"petite","second",36042,42481,3544247,6455758,84962,12911516,2744,4377,291465,708589,8754,1417178,"10mill-boot"
11,19,"petite","second",36274,42104,3598059,6402005,84208,12804010,2817,4322,296945,703530,8644,1407060,"10mill-boot"
11,20,"petite","second",36633,41886,3610907,6389257,83772,12778514,2805,4259,300495,699600,8518,1399200,"10mill-boot"
11,21,"petite","second",36724,41829,3618984,6381166,83658,12762332,2756,4260,292994,707159,8520,1414318,"10mill-boot"
11,22,"petite","second",36540,41991,3592723,6407312,83982,12814624,2707,4324,286627,713534,8648,1427068,"10mill-boot"
11,23,"petite","second",36450,42091,3593990,6406048,84182,12812096,2686,4361,287514,712657,8722,1425314,"10mill-boot"
11,24,"petite","second",36430,42096,3589633,6410398,84192,12820796,2723,4336,287173,712954,8672,1425908,"10mill-boot"
11,25,"petite","second",36462,41918,3595867,6404180,83836,12808360,2664,4347,280625,719635,8694,1439270,"10mill-boot"
11,26,"petite","second",36387,42031,3593832,6406192,84062,12812384,2752,4299,294700,705302,8598,1410604,"10mill-boot"
11,27,"petite","second",36695,41749,3619374,6380833,83498,12761666,2844,4269,300679,699379,8538,1398758,"10mill-boot"
11,28,"petite","second",36499,42058,3592449,6407672,84116,12815344,2834,4241,299947,700392,8482,1400784,"10mill-boot"
11,29,"petite","second",36386,42146,3586684,6413357,84292,12826714,2829,4291,300209,699852,8582,1399704,"10mill-boot"
11,30,"petite","second",36410,42221,3588812,6411233,84442,12822466,2784,4266,295345,704713,8532,1409426,"10mill-boot"
37,1,"petite","second",37063,41717,3625171,6374834,83434,12749668,2876,4210,306963,693263,8420,1386526,"100mill-boot"
37,2,"petite","second",37048,41526,3630558,6369465,83052,12738930,2865,4224,303516,696635,8448,1393270,"100mill-boot"
37,3,"petite","second",36945,41910,3605033,6394992,83820,12789984,2802,4331,294244,705790,8662,1411580,"100mill-boot"
37,4,"petite","second",37300,41712,3635043,6364965,83424,12729930,2943,4197,307662,692580,8394,1385160,"100mill-boot"
37,5,"petite","second",37144,41707,3635872,6364218,83414,12728436,2777,4318,292720,707301,8636,1414602,"100mill-boot"
37,6,"petite","second",37249,41675,3635681,6364344,83350,12728688,2853,4261,302240,697956,8522,1395912,"100mill-boot"
37,7,"petite","second",37049,41752,3611428,6388636,83504,12777272,2789,4297,293085,706932,8594,1413864,"100mill-boot"
37,8,"petite","second",37158,41531,3638028,6362219,83062,12724438,2784,4284,295284,704989,8568,1409978,"100mill-boot"
37,9,"petite","second",37134,41619,3622173,6377831,83238,12755662,2813,4260,302007,698064,8520,1396128,"100mill-boot"
37,10,"petite","second",37326,41495,3648928,6351181,82990,12702362,2790,4272,293209,707115,8544,1414230,"100mill-boot"
37,11,"petite","second",37001,41676,3615395,6384696,83352,12769392,2857,4257,304115,696175,8514,1392350,"100mill-boot"
37,12,"petite","second",37182,41631,3626587,6373523,83262,12747046,2728,4325,289271,710868,8650,1421736,"100mill-boot"
37,13,"petite","second",37272,41614,3638069,6361942,83228,12723884,2775,4301,293712,706503,8602,1413006,"100mill-boot"
37,14,"petite","second",37086,41715,3625672,6374542,83430,12749084,2848,4234,300854,699457,8468,1398914,"100mill-boot"
37,15,"petite","second",37332,41613,3653586,6346693,83226,12693386,2778,4312,291858,708571,8624,1417142,"100mill-boot"
37,16,"petite","second",37335,41707,3636905,6363132,83414,12726264,2814,4248,298812,701247,8496,1402494,"100mill-boot"
37,17,"petite","second",37407,41342,3662093,6338021,82684,12676042,2843,4240,298159,702283,8480,1404566,"100mill-boot"
37,18,"petite","second",37096,41744,3615255,6384779,83488,12769558,2793,4291,293510,706744,8582,1413488,"100mill-boot"
37,19,"petite","second",36804,41691,3603687,6396422,83382,12792844,2734,4259,290330,710081,8518,1420162,"100mill-boot"
37,20,"petite","second",37420,41574,3657985,6342033,83148,12684066,2701,4355,282636,717881,8710,1435762,"100mill-boot"
37,21,"petite","second",37431,41626,3642280,6357744,83252,12715488,2864,4236,303822,696346,8472,1392692,"100mill-boot"
37,22,"petite","second",37205,41951,3615439,6384600,83902,12769200,2851,4266,299419,700607,8532,1401214,"100mill-boot"
37,23,"petite","second",37332,41457,3644091,6355966,82914,12711932,2814,4286,295172,705414,8572,1410828,"100mill-boot"
37,24,"petite","second",37428,41443,3668386,6331633,82886,12663266,2837,4274,301063,698985,8548,1397970,"100mill-boot"
37,25,"petite","second",37470,41590,3657913,6342146,83180,12684292,2851,4289,299787,700446,8578,1400892,"100mill-boot"
37,26,"petite","second",37418,41778,3648353,6351783,83556,12703566,2853,4292,299628,700383,8584,1400766,"100mill-boot"
37,27,"petite","second",37228,41717,3636043,6364063,83434,12728126,2845,4254,302775,697225,8508,1394450,"100mill-boot"
37,28,"petite","second",37338,41723,3635940,6364206,83446,12728412,2874,4277,303288,696998,8554,1393996,"100mill-boot"
37,29,"petite","second",37321,41480,3648636,6351524,82960,12703048,2794,4265,297180,703075,8530,1406150,"100mill-boot"
37,30,"petite","second",37289,41759,3642994,6357044,83518,12714088,2781,4272,294092,706177,8544,1412354,"100mill-boot"
30,1,"petite","second",37397,41276,3636070,6363958,82552,12727916,2878,4244,302228,698254,8488,1396508,"100mill-boot"
30,2,"petite","second",37071,41491,3609104,6390936,82982,12781872,2731,4256,288759,711282,8512,1422564,"100mill-boot"
30,3,"petite","second",36580,41762,3571362,6428721,83524,12857442,2809,4287,293811,706283,8574,1412566,"100mill-boot"
30,4,"petite","second",37303,41606,3625094,6374921,83212,12749842,2819,4257,294077,706130,8514,1412260,"100mill-boot"
30,5,"petite","second",37143,41670,3620538,6379481,83340,12758962,2738,4362,285640,714592,8724,1429184,"100mill-boot"
30,6,"petite","second",37072,41502,3615989,6384126,83004,12768252,2858,4165,301674,698375,8330,1396750,"100mill-boot"
30,7,"petite","second",36912,41660,3587208,6412871,83320,12825742,2683,4308,280626,719442,8616,1438884,"100mill-boot"
30,8,"petite","second",37195,41442,3629098,6370904,82884,12741808,2840,4203,300434,699584,8406,1399168,"100mill-boot"
30,9,"petite","second",37060,41571,3597883,6402264,83142,12804528,2788,4279,294318,706003,8558,1412006,"100mill-boot"
30,10,"petite","second",37115,41426,3620763,6379284,82852,12758568,2742,4329,287629,712548,8658,1425096,"100mill-boot"
30,11,"petite","second",37086,41594,3593169,6407101,83188,12814202,2742,4244,289593,710571,8488,1421142,"100mill-boot"
30,12,"petite","second",37217,41506,3610589,6389463,83012,12778926,2741,4263,285721,714515,8526,1429030,"100mill-boot"
30,13,"petite","second",37088,41601,3596560,6403466,83202,12806932,2790,4280,289895,710116,8560,1420232,"100mill-boot"
30,14,"petite","second",37189,41540,3615415,6384625,83080,12769250,2761,4312,289501,710571,8624,1421142,"100mill-boot"
30,15,"petite","second",37139,41605,3603347,6396791,83210,12793582,2772,4217,292828,707587,8434,1415174,"100mill-boot"
30,16,"petite","second",36869,41510,3582158,6417873,83020,12835746,2793,4261,293224,706849,8522,1413698,"100mill-boot"
30,17,"petite","second",37312,41555,3629118,6370945,83110,12741890,2790,4321,291377,708869,8642,1417738,"100mill-boot"
30,18,"petite","second",37094,41687,3600900,6399104,83374,12798208,2822,4282,294604,705564,8564,1411128,"100mill-boot"
30,19,"petite","second",37204,41383,3622433,6377677,82766,12755354,2822,4225,298188,702341,8450,1404682,"100mill-boot"
30,20,"petite","second",36886,41551,3580117,6420013,83102,12840026,2745,4268,289792,710786,8536,1421572,"100mill-boot"
30,21,"petite","second",36942,41595,3602818,6397236,83190,12794472,2852,4192,301006,699107,8384,1398214,"100mill-boot"
30,22,"petite","second",36809,41746,3573652,6426404,83492,12852808,2696,4315,283375,716690,8630,1433380,"100mill-boot"
30,23,"petite","second",37203,41528,3617538,6382555,83056,12765110,2810,4300,295403,704937,8600,1409874,"100mill-boot"
30,24,"petite","second",36843,41710,3577753,6422345,83420,12844690,2724,4312,284017,716022,8624,1432044,"100mill-boot"
30,25,"petite","second",36838,41712,3583353,6416779,83424,12833558,2735,4302,286353,713759,8604,1427518,"100mill-boot"
30,26,"petite","second",36892,41653,3586685,6413466,83306,12826932,2830,4249,293269,706967,8498,1413934,"100mill-boot"
30,27,"petite","second",37058,41638,3610102,6390132,83276,12780264,2739,4280,291577,708648,8560,1417296,"100mill-boot"
30,28,"petite","second",37222,41544,3611966,6388068,83088,12776136,2867,4255,297156,703244,8510,1406488,"100mill-boot"
30,29,"petite","second",37125,41441,3607531,6392559,82882,12785118,2888,4194,300457,699587,8388,1399174,"100mill-boot"
30,30,"petite","second",37271,41543,3617183,6382931,83086,12765862,2835,4247,294284,705826,8494,1411652,"100mill-boot"
39,1,"petite","second",38024,40947,3707564,6292437,81894,12584874,2845,4245,296643,703602,8490,1407204,"100mill-boot"
39,2,"petite","second",37891,41084,3706040,6294094,82168,12588188,2880,4260,304033,696013,8520,1392026,"100mill-boot"
39,3,"petite","second",37861,41076,3709559,6290556,82152,12581112,2848,4291,297568,702746,8582,1405492,"100mill-boot"
39,4,"petite","second",37810,41198,3698070,6301992,82396,12603984,2905,4255,307390,692670,8510,1385340,"100mill-boot"
39,5,"petite","second",37853,41222,3680352,6319757,82444,12639514,2879,4240,300509,699866,8480,1399732,"100mill-boot"
39,6,"petite","second",37776,41122,3683176,6316860,82244,12633720,2800,4329,290742,709375,8658,1418750,"100mill-boot"
39,7,"petite","second",37854,41193,3678329,6321898,82386,12643796,2811,4248,295585,704436,8496,1408872,"100mill-boot"
39,8,"petite","second",38149,40834,3724970,6275056,81668,12550112,2900,4229,307118,693106,8458,1386212,"100mill-boot"
39,9,"petite","second",37814,41053,3680766,6319237,82106,12638474,2817,4291,295263,705061,8582,1410122,"100mill-boot"
39,10,"petite","second",37846,41055,3699442,6300648,82110,12601296,2845,4262,302480,697525,8524,1395050,"100mill-boot"
39,11,"petite","second",38243,41070,3728544,6271532,82140,12543064,2904,4207,305818,694414,8414,1388828,"100mill-boot"
39,12,"petite","second",37950,40873,3709253,6290899,81746,12581798,2797,4259,293811,706664,8518,1413328,"100mill-boot"
39,13,"petite","second",37626,41256,3672829,6327178,82512,12654356,2868,4216,304223,695819,8432,1391638,"100mill-boot"
39,14,"petite","second",37640,41214,3675986,6324084,82428,12648168,2784,4288,294065,706016,8576,1412032,"100mill-boot"
39,15,"petite","second",37901,41128,3690949,6309114,82256,12618228,2899,4256,302055,697995,8512,1395990,"100mill-boot"
39,16,"petite","second",38237,40923,3733166,6266920,81846,12533840,2942,4204,310205,690400,8408,1380800,"100mill-boot"
39,17,"petite","second",37839,40998,3695806,6304254,81996,12608508,2836,4265,295755,705557,8530,1411114,"100mill-boot"
39,18,"petite","second",37990,41121,3706486,6293530,82242,12587060,2829,4356,294574,705480,8712,1410960,"100mill-boot"
39,19,"petite","second",37298,41288,3637223,6362777,82576,12725554,2681,4272,283612,716523,8544,1433046,"100mill-boot"
39,20,"petite","second",37693,41169,3682690,6317345,82338,12634690,2744,4323,286926,713157,8646,1426314,"100mill-boot"
39,21,"petite","second",37801,41084,3687371,6312664,82168,12625328,2852,4213,302734,697271,8426,1394542,"100mill-boot"
39,22,"petite","second",38148,40698,3743753,6256315,81396,12512630,2888,4219,304544,695558,8438,1391116,"100mill-boot"
39,23,"petite","second",37801,40886,3697001,6303072,81772,12606144,2869,4262,300098,700023,8524,1400046,"100mill-boot"
39,24,"petite","second",37651,41141,3666204,6333802,82282,12667604,2852,4262,298623,701448,8524,1402896,"100mill-boot"
39,25,"petite","second",37945,41016,3710930,6289083,82032,12578166,2903,4190,307158,693055,8380,1386110,"100mill-boot"
39,26,"petite","second",38057,41246,3711949,6288072,82492,12576144,2857,4303,302531,697596,8606,1395192,"100mill-boot"
39,27,"petite","second",37781,41208,3698802,6301205,82416,12602410,2828,4292,293877,706383,8584,1412766,"100mill-boot"
39,28,"petite","second",37677,41249,3677040,6323087,82498,12646174,2910,4248,306005,694219,8496,1388438,"100mill-boot"
39,29,"petite","second",37705,41029,3679249,6320774,82058,12641548,2889,4271,302974,697129,8542,1394258,"100mill-boot"
39,30,"petite","second",37749,41262,3678764,6321377,82524,12642754,2806,4318,289202,710899,8636,1421798,"100mill-boot"
4,1,"petite","second",37760,41351,3663409,6336710,82702,12673420,2871,4282,298527,702313,8564,1404626,"100mill-boot"
4,2,"petite","second",37678,41461,3681591,6318418,82922,12636836,2857,4259,301859,698576,8518,1397152,"100mill-boot"
4,3,"petite","second",37712,41459,3660489,6339535,82918,12679070,2926,4238,302486,697910,8476,1395820,"100mill-boot"
4,4,"petite","second",37700,41619,3660320,6339840,83238,12679680,2854,4280,300499,699577,8560,1399154,"100mill-boot"
4,5,"petite","second",37833,41542,3677484,6322539,83084,12645078,2784,4303,293403,706637,8606,1413274,"100mill-boot"
4,6,"petite","second",37772,41608,3658721,6341349,83216,12682698,2896,4239,306016,694001,8478,1388002,"100mill-boot"
4,7,"petite","second",37551,41634,3641278,6358862,83268,12717724,2765,4278,289697,710340,8556,1420680,"100mill-boot"
4,8,"petite","second",37725,41425,3670939,6329151,82850,12658302,2818,4273,296607,703610,8546,1407220,"100mill-boot"
4,9,"petite","second",37960,41425,3680095,6319919,82850,12639838,2871,4253,302802,697318,8506,1394636,"100mill-boot"
4,10,"petite","second",37756,41474,3668011,6332138,82948,12664276,2834,4258,298288,702001,8516,1404002,"100mill-boot"
4,11,"petite","second",37607,41656,3656548,6343491,83312,12686982,2886,4234,306840,693388,8468,1386776,"100mill-boot"
4,12,"petite","second",37963,41480,3681192,6318917,82960,12637834,2867,4229,303047,697158,8458,1394316,"100mill-boot"
4,13,"petite","second",37609,41723,3644917,6355101,83446,12710202,2793,4321,291099,709023,8642,1418046,"100mill-boot"
4,14,"petite","second",37765,41614,3663311,6336817,83228,12673634,2844,4256,296538,703498,8512,1406996,"100mill-boot"
4,15,"petite","second",37653,41557,3650227,6349784,83114,12699568,2832,4240,296377,703734,8480,1407468,"100mill-boot"
4,16,"petite","second",38050,41521,3698632,6301391,83042,12602782,2823,4306,297943,702216,8612,1404432,"100mill-boot"
4,17,"petite","second",37614,41539,3655818,6344194,83078,12688388,2855,4189,301064,699338,8378,1398676,"100mill-boot"
4,18,"petite","second",38012,41439,3679116,6320959,82878,12641918,2842,4273,292598,707541,8546,1415082,"100mill-boot"
4,19,"petite","second",37896,41380,3679475,6320563,82760,12641126,2722,4306,286199,713845,8612,1427690,"100mill-boot"
4,20,"petite","second",37921,41403,3673031,6327098,82806,12654196,2844,4252,295976,704302,8504,1408604,"100mill-boot"
4,21,"petite","second",37901,41307,3677133,6322902,82614,12645804,2841,4289,294046,706333,8578,1412666,"100mill-boot"
4,22,"petite","second",37617,41631,3655205,6344826,83262,12689652,2797,4264,292174,708047,8528,1416094,"100mill-boot"
4,23,"petite","second",37964,41363,3688800,6311224,82726,12622448,2853,4199,304438,695563,8398,1391126,"100mill-boot"
4,24,"petite","second",37830,41597,3662668,6337465,83194,12674930,2822,4274,295041,704978,8548,1409956,"100mill-boot"
4,25,"petite","second",37609,41702,3657822,6342255,83404,12684510,2927,4257,305983,694184,8514,1388368,"100mill-boot"
4,26,"petite","second",37884,41396,3673355,6326913,82792,12653826,2874,4184,302389,697636,8368,1395272,"100mill-boot"
4,27,"petite","second",37644,41719,3663449,6336679,83438,12673358,2869,4260,299735,700609,8520,1401218,"100mill-boot"
4,28,"petite","second",37888,41470,3676828,6323212,82940,12646424,2939,4181,310680,689461,8362,1378922,"100mill-boot"
4,29,"petite","second",37782,41496,3662145,6337904,82992,12675808,2883,4230,302602,697535,8460,1395070,"100mill-boot"
4,30,"petite","second",37455,41818,3635769,6364260,83636,12728520,2874,4273,301678,698329,8546,1396658,"100mill-boot"
3,1,"petite","second",37874,41549,3709738,6290416,83098,12580832,2900,4298,306554,693743,8596,1387486,"100mill-boot"
3,2,"petite","second",37438,41566,3688422,6311665,83132,12623330,2804,4304,297512,702566,8608,1405132,"100mill-boot"
3,3,"petite","second",37646,41591,3703292,6296733,83182,12593466,2883,4294,304155,696415,8588,1392830,"100mill-boot"
3,4,"petite","second",37533,41650,3674718,6325365,83300,12650730,2829,4269,299343,700675,8538,1401350,"100mill-boot"
3,5,"petite","second",37385,41684,3678039,6321965,83368,12643930,2815,4285,298445,701825,8570,1403650,"100mill-boot"
3,6,"petite","second",37471,41699,3673933,6326164,83398,12652328,2812,4277,301600,698535,8554,1397070,"100mill-boot"
3,7,"petite","second",37665,41505,3687959,6312176,83010,12624352,2829,4343,295879,704222,8686,1408444,"100mill-boot"
3,8,"petite","second",37337,41757,3662263,6337806,83514,12675612,2884,4230,303214,697071,8460,1394142,"100mill-boot"
3,9,"petite","second",37518,41665,3675431,6324661,83330,12649322,2957,4269,310914,689232,8538,1378464,"100mill-boot"
3,10,"petite","second",37830,41438,3717595,6282470,82876,12564940,2869,4287,306026,694205,8574,1388410,"100mill-boot"
3,11,"petite","second",38039,41306,3723729,6276301,82612,12552602,2905,4254,305960,694432,8508,1388864,"100mill-boot"
3,12,"petite","second",37634,41584,3692888,6307145,83168,12614290,2938,4211,313069,687013,8422,1374026,"100mill-boot"
3,13,"petite","second",37765,41450,3693686,6306320,82900,12612640,2891,4266,304319,695752,8532,1391504,"100mill-boot"
3,14,"petite","second",37487,41707,3667906,6332169,83414,12664338,2890,4272,303956,696099,8544,1392198,"100mill-boot"
3,15,"petite","second",37876,41465,3706944,6293109,82930,12586218,2791,4298,295082,705006,8596,1410012,"100mill-boot"
3,16,"petite","second",37569,41670,3678657,6321373,83340,12642746,2835,4268,298639,701895,8536,1403790,"100mill-boot"
3,17,"petite","second",37492,41652,3675779,6324251,83304,12648502,2830,4323,302281,697827,8646,1395654,"100mill-boot"
3,18,"petite","second",37578,41582,3680707,6319469,83164,12638938,2848,4251,302220,697892,8502,1395784,"100mill-boot"
3,19,"petite","second",37683,41449,3687274,6312808,82898,12625616,2902,4184,309857,690282,8368,1380564,"100mill-boot"
3,20,"petite","second",37965,41415,3719820,6280230,82830,12560460,2902,4239,303862,696318,8478,1392636,"100mill-boot"
3,21,"petite","second",37704,41622,3687859,6312238,83244,12624476,2839,4317,296495,703624,8634,1407248,"100mill-boot"
3,22,"petite","second",37773,41606,3697839,6302236,83212,12604472,2974,4171,317794,682243,8342,1364486,"100mill-boot"
3,23,"petite","second",37714,41619,3701493,6298650,83238,12597300,2812,4307,299496,700856,8614,1401712,"100mill-boot"
3,24,"petite","second",37919,41401,3709258,6290768,82802,12581536,2739,4321,290792,709463,8642,1418926,"100mill-boot"
3,25,"petite","second",37602,41542,3693608,6306550,83084,12613100,2904,4289,304607,695496,8578,1390992,"100mill-boot"
3,26,"petite","second",37781,41594,3691275,6308923,83188,12617846,2826,4283,297412,702609,8566,1405218,"100mill-boot"
3,27,"petite","second",37690,41598,3686203,6313872,83196,12627744,2854,4286,300889,699130,8572,1398260,"100mill-boot"
3,28,"petite","second",37777,41551,3688198,6311895,83102,12623790,2956,4254,310840,689651,8508,1379302,"100mill-boot"
3,29,"petite","second",37747,41330,3692925,6307095,82660,12614190,2829,4244,298362,701679,8488,1403358,"100mill-boot"
3,30,"petite","second",37604,41585,3696188,6303852,83170,12607704,2785,4263,297001,703052,8526,1406104,"100mill-boot"
2,1,"petite","second",37113,41277,3618143,6381943,82554,12763886,2840,4265,294021,705981,8530,1411962,"100mill-boot"
2,2,"petite","second",37114,41419,3634653,6365451,82838,12730902,2888,4214,305683,694458,8428,1388916,"100mill-boot"
2,3,"petite","second",37160,41512,3635462,6364564,83024,12729128,2792,4268,294228,705803,8536,1411606,"100mill-boot"
2,4,"petite","second",37080,41471,3627329,6372727,82942,12745454,2726,4329,287545,712503,8658,1425006,"100mill-boot"
2,5,"petite","second",37305,41567,3633171,6366845,83134,12733690,2831,4293,294770,705312,8586,1410624,"100mill-boot"
2,6,"petite","second",37367,41453,3650055,6349973,82906,12699946,2884,4222,306479,693707,8444,1387414,"100mill-boot"
2,7,"petite","second",37328,41512,3646137,6353867,83024,12707734,2812,4274,297716,702318,8548,1404636,"100mill-boot"
2,8,"petite","second",37245,41378,3632390,6367654,82756,12735308,2860,4216,301186,698913,8432,1397826,"100mill-boot"
2,9,"petite","second",37580,41226,3665119,6334890,82452,12669780,2821,4263,297967,702324,8526,1404648,"100mill-boot"
2,10,"petite","second",37179,41423,3621095,6378972,82846,12757944,2862,4213,304709,695738,8426,1391476,"100mill-boot"
2,11,"petite","second",37534,41325,3651940,6348132,82650,12696264,2898,4238,301725,698691,8476,1397382,"100mill-boot"
2,12,"petite","second",37340,41311,3648670,6351441,82622,12702882,2743,4330,288489,712170,8660,1424340,"100mill-boot"
2,13,"petite","second",37332,41363,3652648,6347498,82726,12694996,2821,4251,297576,702729,8502,1405458,"100mill-boot"
2,14,"petite","second",37126,41548,3623561,6376600,83096,12753200,2825,4279,297951,702056,8558,1404112,"100mill-boot"
2,15,"petite","second",37059,41424,3608868,6391170,82848,12782340,2795,4284,293458,706733,8568,1413466,"100mill-boot"
2,16,"petite","second",37125,41273,3623664,6376498,82546,12752996,2810,4262,294870,705390,8524,1410780,"100mill-boot"
2,17,"petite","second",37141,41600,3624663,6375417,83200,12750834,2786,4313,293933,706116,8626,1412232,"100mill-boot"
2,18,"petite","second",36844,41557,3600660,6399385,83114,12798770,2745,4315,289026,711059,8630,1422118,"100mill-boot"
2,19,"petite","second",37274,41231,3647054,6353062,82462,12706124,2849,4245,302441,697573,8490,1395146,"100mill-boot"
2,20,"petite","second",36944,41536,3617200,6382852,83072,12765704,2817,4263,298501,701647,8526,1403294,"100mill-boot"
2,21,"petite","second",36969,41628,3609710,6390291,83256,12780582,2792,4274,296091,703921,8548,1407842,"100mill-boot"
2,22,"petite","second",37222,41376,3643100,6356976,82752,12713952,2849,4287,300329,699873,8574,1399746,"100mill-boot"
2,23,"petite","second",37178,41482,3624471,6375605,82964,12751210,2836,4259,300571,699801,8518,1399602,"100mill-boot"
2,24,"petite","second",37168,41378,3629326,6370699,82756,12741398,2873,4190,306661,693383,8380,1386766,"100mill-boot"
2,25,"petite","second",37244,41627,3626376,6373744,83254,12747488,2870,4225,302184,698280,8450,1396560,"100mill-boot"
2,26,"petite","second",37404,41334,3654791,6345213,82668,12690426,2884,4222,304203,696041,8444,1392082,"100mill-boot"
2,27,"petite","second",37049,41549,3619623,6380533,83098,12761066,2791,4332,292159,707997,8664,1415994,"100mill-boot"
2,28,"petite","second",37015,41551,3618389,6381612,83102,12763224,2840,4246,300130,700103,8492,1400206,"100mill-boot"
2,29,"petite","second",36936,41483,3606563,6393473,82966,12786946,2776,4279,290499,709572,8558,1419144,"100mill-boot"
2,30,"petite","second",37088,41592,3619279,6380912,83184,12761824,2815,4288,295317,704990,8576,1409980,"100mill-boot"
38,1,"petite","second",37832,41521,3640694,6359314,83042,12718628,2895,4278,299106,700930,8556,1401860,"100mill-boot"
38,2,"petite","second",38136,41430,3675579,6324442,82860,12648884,2918,4319,300134,700173,8638,1400346,"100mill-boot"
38,3,"petite","second",37949,41399,3665089,6334989,82798,12669978,2861,4261,298977,701392,8522,1402784,"100mill-boot"
38,4,"petite","second",38017,41388,3667173,6332853,82776,12665706,3015,4145,312877,687170,8290,1374340,"100mill-boot"
38,5,"petite","second",38305,41450,3674070,6325937,82900,12651874,2904,4316,297211,702827,8632,1405654,"100mill-boot"
38,6,"petite","second",37990,41520,3656846,6343239,83040,12686478,2938,4231,301892,698284,8462,1396568,"100mill-boot"
38,7,"petite","second",37980,41483,3653537,6346484,82966,12692968,2828,4335,292689,707556,8670,1415112,"100mill-boot"
38,8,"petite","second",38124,41409,3670779,6329263,82818,12658526,2813,4322,291089,709152,8644,1418304,"100mill-boot"
38,9,"petite","second",38179,41387,3666454,6333621,82774,12667242,2851,4302,293824,706713,8604,1413426,"100mill-boot"
38,10,"petite","second",38226,41356,3680725,6319344,82712,12638688,2906,4277,303268,696805,8554,1393610,"100mill-boot"
38,11,"petite","second",38562,41162,3718644,6281385,82324,12562770,2917,4276,299031,701049,8552,1402098,"100mill-boot"
38,12,"petite","second",38303,41302,3687030,6313072,82604,12626144,2947,4218,304074,696006,8436,1392012,"100mill-boot"
38,13,"petite","second",38207,41281,3691083,6308917,82562,12617834,2930,4202,305213,695037,8404,1390074,"100mill-boot"
38,14,"petite","second",37983,41486,3656875,6343217,82972,12686434,2916,4231,303624,696612,8462,1393224,"100mill-boot"
38,15,"petite","second",38345,41141,3700098,6300068,82282,12600136,2910,4271,298935,701245,8542,1402490,"100mill-boot"
38,16,"petite","second",37992,41545,3659574,6340477,83090,12680954,2889,4248,296966,703165,8496,1406330,"100mill-boot"
38,17,"petite","second",38194,41363,3673730,6326415,82726,12652830,2992,4231,305984,694197,8462,1388394,"100mill-boot"
38,18,"petite","second",37984,41411,3674230,6325826,82822,12651652,2845,4264,294637,705723,8528,1411446,"100mill-boot"
38,19,"petite","second",38053,41322,3664147,6335853,82644,12671706,2856,4279,292412,707659,8558,1415318,"100mill-boot"
38,20,"petite","second",38141,41404,3665291,6334773,82808,12669546,2808,4307,291009,709008,8614,1418016,"100mill-boot"
38,21,"petite","second",38256,41262,3684182,6315887,82524,12631774,2873,4278,297277,703091,8556,1406182,"100mill-boot"
38,22,"petite","second",37961,41477,3656023,6344027,82954,12688054,2758,4350,286024,714076,8700,1428152,"100mill-boot"
38,23,"petite","second",38350,41286,3691587,6308430,82572,12616860,2932,4275,303500,696579,8550,1393158,"100mill-boot"
38,24,"petite","second",37919,41631,3652308,6347755,83262,12695510,2894,4291,301837,698242,8582,1396484,"100mill-boot"
38,25,"petite","second",38166,41304,3671984,6328079,82608,12656158,2924,4276,300382,699945,8552,1399890,"100mill-boot"
38,26,"petite","second",38182,41300,3671967,6328037,82600,12656074,2931,4230,305912,694195,8460,1388390,"100mill-boot"
38,27,"petite","second",38260,41416,3684078,6315970,82832,12631940,2953,4204,308946,691414,8408,1382828,"100mill-boot"
38,28,"petite","second",38062,41456,3653482,6346531,82912,12693062,2862,4319,296986,703137,8638,1406274,"100mill-boot"
38,29,"petite","second",38042,41306,3671238,6328901,82612,12657802,2854,4298,295903,704142,8596,1408284,"100mill-boot"
38,30,"petite","second",38182,41316,3678442,6321563,82632,12643126,2849,4284,296638,703598,8568,1407196,"100mill-boot"
5,1,"petite","second",37801,41388,3670774,6329337,82776,12658674,2925,4222,305910,694214,8444,1388428,"100mill-boot"
5,2,"petite","second",37642,41474,3660521,6339590,82948,12679180,2992,4234,312468,687578,8468,1375156,"100mill-boot"
5,3,"petite","second",37884,41501,3672409,6327630,83002,12655260,2871,4265,302814,697239,8530,1394478,"100mill-boot"
5,4,"petite","second",37796,41451,3671186,6328944,82902,12657888,2826,4305,297002,703131,8610,1406262,"100mill-boot"
5,5,"petite","second",37809,41438,3662530,6337592,82876,12675184,2806,4287,291248,708790,8574,1417580,"100mill-boot"
5,6,"petite","second",37872,41603,3671629,6328466,83206,12656932,2911,4257,302661,697594,8514,1395188,"100mill-boot"
5,7,"petite","second",38178,41453,3694035,6306198,82906,12612396,2838,4279,299298,700771,8558,1401542,"100mill-boot"
5,8,"petite","second",37776,41447,3672188,6327958,82894,12655916,2816,4292,295938,704290,8584,1408580,"100mill-boot"
5,9,"petite","second",37864,41469,3675439,6324575,82938,12649150,2870,4287,299753,700268,8574,1400536,"100mill-boot"
5,10,"petite","second",37943,41376,3682857,6317186,82752,12634372,2950,4245,306686,693417,8490,1386834,"100mill-boot"
5,11,"petite","second",38242,41336,3688231,6312013,82672,12624026,2875,4306,295460,704754,8612,1409508,"100mill-boot"
5,12,"petite","second",37885,41502,3662332,6337764,83004,12675528,2866,4270,297050,703097,8540,1406194,"100mill-boot"
5,13,"petite","second",37823,41518,3668686,6331370,83036,12662740,2872,4274,300541,699757,8548,1399514,"100mill-boot"
5,14,"petite","second",37773,41524,3670445,6329563,83048,12659126,2853,4271,298090,701926,8542,1403852,"100mill-boot"
5,15,"petite","second",38050,41358,3684696,6315316,82716,12630632,2830,4296,295728,704458,8592,1408916,"100mill-boot"
5,16,"petite","second",37951,41632,3669380,6330645,83264,12661290,2938,4301,307653,692463,8602,1384926,"100mill-boot"
5,17,"petite","second",38213,41349,3702867,6297179,82698,12594358,2867,4266,300763,699277,8532,1398554,"100mill-boot"
5,18,"petite","second",37923,41416,3678760,6321471,82832,12642942,2841,4342,297480,702884,8684,1405768,"100mill-boot"
5,19,"petite","second",38035,41324,3702275,6297747,82648,12595494,2892,4246,307399,692625,8492,1385250,"100mill-boot"
5,20,"petite","second",38239,41176,3706723,6293279,82352,12586558,2883,4228,304677,695545,8456,1391090,"100mill-boot"
5,21,"petite","second",38302,41304,3712985,6287063,82608,12574126,2885,4257,299298,701059,8514,1402118,"100mill-boot"
5,22,"petite","second",37991,41478,3674927,6325172,82956,12650344,2934,4233,304566,695598,8466,1391196,"100mill-boot"
5,23,"petite","second",37746,41580,3655506,6344588,83160,12689176,2770,4270,292317,707697,8540,1415394,"100mill-boot"
5,24,"petite","second",37790,41512,3650081,6349962,83024,12699924,2851,4323,296539,703751,8646,1407502,"100mill-boot"
5,25,"petite","second",37980,41532,3680570,6319600,83064,12639200,2889,4285,303405,696943,8570,1393886,"100mill-boot"
5,26,"petite","second",38032,41346,3682408,6317642,82692,12635284,2987,4215,310553,689698,8430,1379396,"100mill-boot"
5,27,"petite","second",37988,41381,3683024,6317042,82762,12634084,2812,4281,295272,704755,8562,1409510,"100mill-boot"
5,28,"petite","second",37904,41373,3687212,6312829,82746,12625658,2859,4235,302730,697896,8470,1395792,"100mill-boot"
5,29,"petite","second",37929,41275,3678927,6321129,82550,12642258,2829,4261,297324,702838,8522,1405676,"100mill-boot"
5,30,"petite","second",37821,41548,3665128,6334888,83096,12669776,2824,4299,297397,702968,8598,1405936,"100mill-boot"
31,1,"petite","second",37157,41692,3614085,6385986,83384,12771972,2787,4318,290151,710101,8636,1420202,"100mill-boot"
31,2,"petite","second",36668,41887,3576959,6423132,83774,12846264,2856,4315,298563,701497,8630,1402994,"100mill-boot"
31,3,"petite","second",36825,41872,3593710,6406472,83744,12812944,2791,4268,294191,705898,8536,1411796,"100mill-boot"
31,4,"petite","second",36667,41973,3579473,6420567,83946,12841134,2831,4259,296908,703307,8518,1406614,"100mill-boot"
31,5,"petite","second",37463,41676,3644658,6355404,83352,12710808,2824,4308,295586,704521,8616,1409042,"100mill-boot"
31,6,"petite","second",37104,41637,3606718,6393311,83274,12786622,2936,4190,305661,694557,8380,1389114,"100mill-boot"
31,7,"petite","second",37355,41678,3627265,6372882,83356,12745764,2780,4299,291167,709052,8598,1418104,"100mill-boot"
31,8,"petite","second",37157,41790,3610452,6389635,83580,12779270,2836,4280,298037,701995,8560,1403990,"100mill-boot"
31,9,"petite","second",37116,41615,3609415,6390604,83230,12781208,2733,4305,287853,712234,8610,1424468,"100mill-boot"
31,10,"petite","second",37188,41557,3619494,6380533,83114,12761066,2732,4283,286529,713821,8566,1427642,"100mill-boot"
31,11,"petite","second",36927,41807,3589000,6411105,83614,12822210,2839,4276,298059,701995,8552,1403990,"100mill-boot"
31,12,"petite","second",36951,41677,3608414,6391681,83354,12783362,2762,4210,292199,707892,8420,1415784,"100mill-boot"
31,13,"petite","second",37030,41947,3592639,6407542,83894,12815084,2802,4356,293113,707038,8712,1414076,"100mill-boot"
31,14,"petite","second",37049,41955,3602168,6397933,83910,12795866,2800,4338,295877,704270,8676,1408540,"100mill-boot"
31,15,"petite","second",36883,41901,3595246,6404859,83802,12809718,2864,4252,302215,698063,8504,1396126,"100mill-boot"
31,16,"petite","second",37280,41364,3629357,6370812,82728,12741624,2784,4275,293950,706068,8550,1412136,"100mill-boot"
31,17,"petite","second",37347,41631,3631403,6368604,83262,12737208,2829,4292,293757,706431,8584,1412862,"100mill-boot"
31,18,"petite","second",36855,41860,3577090,6423066,83720,12846132,2803,4304,289878,710447,8608,1420894,"100mill-boot"
31,19,"petite","second",37245,41519,3641081,6359125,83038,12718250,2858,4214,299353,700935,8428,1401870,"100mill-boot"
31,20,"petite","second",37190,41698,3615202,6384850,83396,12769700,2766,4292,290775,709414,8584,1418828,"100mill-boot"
31,21,"petite","second",37018,41791,3591491,6408632,83582,12817264,2772,4286,289758,710454,8572,1420908,"100mill-boot"
31,22,"petite","second",36950,41641,3602345,6397693,83282,12795386,2722,4310,289812,710315,8620,1420630,"100mill-boot"
31,23,"petite","second",37107,41717,3619540,6380474,83434,12760948,2875,4270,302268,697944,8540,1395888,"100mill-boot"
31,24,"petite","second",36975,41880,3584371,6415736,83760,12831472,2798,4278,293729,706450,8556,1412900,"100mill-boot"
31,25,"petite","second",37153,41677,3615597,6384471,83354,12768942,2825,4275,293512,706601,8550,1413202,"100mill-boot"
31,26,"petite","second",36907,41926,3602260,6397846,83852,12795692,2743,4330,291067,709201,8660,1418402,"100mill-boot"
31,27,"petite","second",37078,41764,3601629,6398427,83528,12796854,2715,4341,285969,714066,8682,1428132,"100mill-boot"
31,28,"petite","second",37161,41599,3622434,6377694,83198,12755388,2846,4271,295826,704505,8542,1409010,"100mill-boot"
31,29,"petite","second",36989,41584,3598561,6401533,83168,12803066,2727,4299,285377,714654,8598,1429308,"100mill-boot"
31,30,"petite","second",37057,41789,3618998,6381132,83578,12762264,2838,4312,299790,700618,8624,1401236,"100mill-boot"
36,1,"petite","second",37200,41754,3645820,6354204,83508,12708408,2738,4346,288281,711937,8692,1423874,"100mill-boot"
36,2,"petite","second",37310,41592,3658207,6341881,83184,12683762,2783,4287,293149,707383,8574,1414766,"100mill-boot"
36,3,"petite","second",37350,41740,3647021,6353121,83480,12706242,2896,4230,304500,695661,8460,1391322,"100mill-boot"
36,4,"petite","second",37273,41724,3657762,6342289,83448,12684578,2794,4344,294655,705683,8688,1411366,"100mill-boot"
36,5,"petite","second",37676,41604,3681970,6318061,83208,12636122,2880,4232,307301,692759,8464,1385518,"100mill-boot"
36,6,"petite","second",37430,41655,3657320,6342786,83310,12685572,2785,4342,291606,708609,8684,1417218,"100mill-boot"
36,7,"petite","second",37605,41572,3681339,6318840,83144,12637680,2807,4274,297363,703059,8548,1406118,"100mill-boot"
36,8,"petite","second",37225,41861,3650719,6349434,83722,12698868,2850,4307,301811,698300,8614,1396600,"100mill-boot"
36,9,"petite","second",37584,41640,3665687,6334433,83280,12668866,2811,4341,291622,708489,8682,1416978,"100mill-boot"
36,10,"petite","second",37512,41750,3673343,6326682,83500,12653364,2804,4327,296389,703715,8654,1407430,"100mill-boot"
36,11,"petite","second",37189,41848,3649518,6350533,83696,12701066,2807,4345,297805,702303,8690,1404606,"100mill-boot"
36,12,"petite","second",37558,41588,3670725,6329434,83176,12658868,2805,4311,297031,703088,8622,1406176,"100mill-boot"
36,13,"petite","second",37320,41764,3659075,6340942,83528,12681884,2857,4337,298483,701939,8674,1403878,"100mill-boot"
36,14,"petite","second",37702,41644,3693744,6306295,83288,12612590,2822,4346,297666,702591,8692,1405182,"100mill-boot"
36,15,"petite","second",37571,41551,3680865,6319212,83102,12638424,2871,4317,299136,701179,8634,1402358,"100mill-boot"
36,16,"petite","second",37358,41700,3661801,6338218,83400,12676436,2815,4329,294582,705477,8658,1410954,"100mill-boot"
36,17,"petite","second",37452,41714,3676778,6323320,83428,12646640,2841,4320,303965,696563,8640,1393126,"100mill-boot"
36,18,"petite","second",37441,41522,3665007,6335057,83044,12670114,2921,4262,306854,693387,8524,1386774,"100mill-boot"
36,19,"petite","second",37214,41628,3649069,6351082,83256,12702164,2933,4217,311746,688260,8434,1376520,"100mill-boot"
36,20,"petite","second",37523,41594,3684348,6315802,83188,12631604,2873,4269,300756,699355,8538,1398710,"100mill-boot"
36,21,"petite","second",37402,41602,3665029,6334998,83204,12669996,2775,4351,290792,709303,8702,1418606,"100mill-boot"
36,22,"petite","second",37786,41546,3697963,6302044,83092,12604088,2930,4264,309073,691010,8528,1382020,"100mill-boot"
36,23,"petite","second",37851,41596,3700898,6299157,83192,12598314,2843,4343,298946,701267,8686,1402534,"100mill-boot"
36,24,"petite","second",37643,41673,3685395,6314660,83346,12629320,2807,4319,295751,704587,8638,1409174,"100mill-boot"
36,25,"petite","second",37353,41741,3655187,6344863,83482,12689726,2749,4303,291488,708519,8606,1417038,"100mill-boot"
36,26,"petite","second",37578,41584,3668075,6331939,83168,12663878,2877,4284,300198,699979,8568,1399958,"100mill-boot"
36,27,"petite","second",37775,41599,3697754,6302264,83198,12604528,2983,4248,314072,685961,8496,1371922,"100mill-boot"
36,28,"petite","second",37310,41643,3658139,6341909,83286,12683818,2792,4360,295376,704877,8720,1409754,"100mill-boot"
36,29,"petite","second",37371,41747,3665188,6334831,83494,12669662,2820,4292,297179,702882,8584,1405764,"100mill-boot"
36,30,"petite","second",37301,41622,3662638,6337442,83244,12674884,2807,4274,296346,703969,8548,1407938,"100mill-boot"
14,1,"petite","second",37561,40917,3682711,6317405,81834,12634810,2850,4266,303186,697062,8532,1394124,"100mill-boot"
14,2,"petite","second",37350,40818,3673253,6326775,81636,12653550,2894,4211,303100,697002,8422,1394004,"100mill-boot"
14,3,"petite","second",37283,41033,3664050,6335966,82066,12671932,2800,4223,296719,703356,8446,1406712,"100mill-boot"
14,4,"petite","second",37115,41106,3644044,6356111,82212,12712222,2833,4252,299306,700956,8504,1401912,"100mill-boot"
14,5,"petite","second",37186,41139,3642204,6357937,82278,12715874,2800,4227,298012,702619,8454,1405238,"100mill-boot"
14,6,"petite","second",37463,40922,3672958,6327135,81844,12654270,2822,4233,301045,699029,8466,1398058,"100mill-boot"
14,7,"petite","second",37554,40899,3669112,6330927,81798,12661854,2851,4198,298859,701328,8396,1402656,"100mill-boot"
14,8,"petite","second",37435,40922,3670677,6329415,81844,12658830,2867,4196,300570,699626,8392,1399252,"100mill-boot"
14,9,"petite","second",37261,40976,3647859,6352190,81952,12704380,2780,4254,292451,707798,8508,1415596,"100mill-boot"
14,10,"petite","second",37598,40912,3693276,6306835,81824,12613670,2888,4205,303249,696878,8410,1393756,"100mill-boot"
14,11,"petite","second",37082,41253,3644258,6355770,82506,12711540,2772,4287,292575,707775,8574,1415550,"100mill-boot"
14,12,"petite","second",37065,40981,3632447,6367605,81962,12735210,2754,4329,288111,711906,8658,1423812,"100mill-boot"
14,13,"petite","second",37597,40835,3689500,6310527,81670,12621054,2781,4283,291339,708745,8566,1417490,"100mill-boot"
14,14,"petite","second",37127,41165,3639559,6360553,82330,12721106,2760,4292,291660,708657,8584,1417314,"100mill-boot"
14,15,"petite","second",37262,40976,3670933,6329089,81952,12658178,2779,4315,291583,708557,8630,1417114,"100mill-boot"
14,16,"petite","second",37507,40782,3671663,6328393,81564,12656786,2867,4231,299975,700139,8462,1400278,"100mill-boot"
14,17,"petite","second",37242,41210,3648564,6351514,82420,12703028,2852,4301,299043,701233,8602,1402466,"100mill-boot"
14,18,"petite","second",36957,41271,3628824,6371469,82542,12742938,2779,4231,293808,706214,8462,1412428,"100mill-boot"
14,19,"petite","second",37135,40891,3661925,6338110,81782,12676220,2817,4181,298971,701817,8362,1403634,"100mill-boot"
14,20,"petite","second",36881,41155,3617538,6382582,82310,12765164,2723,4246,287512,712816,8492,1425632,"100mill-boot"
14,21,"petite","second",37352,41009,3658758,6341295,82018,12682590,2880,4222,304369,695928,8444,1391856,"100mill-boot"
14,22,"petite","second",37344,40989,3659422,6340612,81978,12681224,2827,4214,296813,703187,8428,1406374,"100mill-boot"
14,23,"petite","second",37385,41002,3673993,6326086,82004,12652172,2862,4202,302465,697540,8404,1395080,"100mill-boot"
14,24,"petite","second",37250,41048,3643550,6356564,82096,12713128,2799,4223,293065,707003,8446,1414006,"100mill-boot"
14,25,"petite","second",37869,40809,3704081,6295929,81618,12591858,2859,4253,303351,697221,8506,1394442,"100mill-boot"
14,26,"petite","second",37227,41180,3655540,6344560,82360,12689120,2755,4284,292864,707714,8568,1415428,"100mill-boot"
14,27,"petite","second",37313,41031,3661032,6339026,82062,12678052,2819,4269,298589,701455,8538,1402910,"100mill-boot"
14,28,"petite","second",37325,41127,3651543,6348599,82254,12697198,2858,4237,302706,697441,8474,1394882,"100mill-boot"
14,29,"petite","second",37399,40935,3680711,6319347,81870,12638694,2809,4236,293795,706368,8472,1412736,"100mill-boot"
14,30,"petite","second",36922,41331,3609064,6390983,82662,12781966,2766,4263,291384,708715,8526,1417430,"100mill-boot"
13,1,"petite","second",37326,40684,3670258,6329758,81368,12659516,2841,4175,300257,700002,8350,1400004,"100mill-boot"
13,2,"petite","second",37101,40723,3656521,6343587,81446,12687174,2818,4196,295302,704789,8392,1409578,"100mill-boot"
13,3,"petite","second",37032,40868,3647631,6352418,81736,12704836,2794,4154,297173,702854,8308,1405708,"100mill-boot"
13,4,"petite","second",37462,40770,3692847,6307266,81540,12614532,2876,4141,305046,695195,8282,1390390,"100mill-boot"
13,5,"petite","second",37352,40752,3672170,6327924,81504,12655848,2757,4302,288052,712420,8604,1424840,"100mill-boot"
13,6,"petite","second",37399,40634,3693573,6306481,81268,12612962,2865,4233,300814,699606,8466,1399212,"100mill-boot"
13,7,"petite","second",37150,40757,3656926,6343220,81514,12686440,2834,4166,300338,700113,8332,1400226,"100mill-boot"
13,8,"petite","second",37291,40800,3664225,6336017,81600,12672034,2857,4219,300430,699611,8438,1399222,"100mill-boot"
13,9,"petite","second",37147,40943,3646661,6353397,81886,12706794,2813,4209,297656,702633,8418,1405266,"100mill-boot"
13,10,"petite","second",36887,40860,3640130,6359881,81720,12719762,2723,4243,288965,711186,8486,1422372,"100mill-boot"
13,11,"petite","second",37193,40866,3656635,6343410,81732,12686820,2807,4178,294341,706125,8356,1412250,"100mill-boot"
13,12,"petite","second",37290,40797,3666982,6333063,81594,12666126,2773,4235,295172,704839,8470,1409678,"100mill-boot"
13,13,"petite","second",37091,40858,3654755,6345263,81716,12690526,2860,4190,302630,697629,8380,1395258,"100mill-boot"
13,14,"petite","second",37266,40786,3677073,6322932,81572,12645864,2776,4179,298269,701735,8358,1403470,"100mill-boot"
13,15,"petite","second",37308,40756,3683884,6316183,81512,12632366,2809,4176,298474,701588,8352,1403176,"100mill-boot"
13,16,"petite","second",37118,40792,3650268,6349734,81584,12699468,2717,4248,290140,709902,8496,1419804,"100mill-boot"
13,17,"petite","second",37387,40661,3696612,6303504,81322,12607008,2812,4255,298524,701678,8510,1403356,"100mill-boot"
13,18,"petite","second",37103,40650,3662805,6337326,81300,12674652,2800,4211,299132,700981,8422,1401962,"100mill-boot"
13,19,"petite","second",37108,40668,3666062,6333966,81336,12667932,2807,4171,296776,703381,8342,1406762,"100mill-boot"
13,20,"petite","second",37332,40719,3673350,6326719,81438,12653438,2853,4192,301648,698732,8384,1397464,"100mill-boot"
13,21,"petite","second",37292,40574,3688964,6311050,81148,12622100,2858,4164,300557,699604,8328,1399208,"100mill-boot"
13,22,"petite","second",37660,40658,3713301,6286769,81316,12573538,2804,4201,295250,704792,8402,1409584,"100mill-boot"
13,23,"petite","second",37432,40661,3692674,6307417,81322,12614834,2921,4166,306191,694130,8332,1388260,"100mill-boot"
13,24,"petite","second",37142,40822,3670078,6330002,81644,12660004,2840,4182,299032,701068,8364,1402136,"100mill-boot"
13,25,"petite","second",37208,40720,3682845,6317184,81440,12634368,2846,4203,303365,696893,8406,1393786,"100mill-boot"
13,26,"petite","second",37208,40967,3670142,6329868,81934,12659736,2813,4229,298716,701322,8458,1402644,"100mill-boot"
13,27,"petite","second",37304,40650,3668695,6331308,81300,12662616,2806,4194,296716,703730,8388,1407460,"100mill-boot"
13,28,"petite","second",37419,40764,3679399,6320696,81528,12641392,2748,4241,290325,710200,8482,1420400,"100mill-boot"
13,29,"petite","second",37162,40812,3656232,6343809,81624,12687618,2859,4208,301558,698563,8416,1397126,"100mill-boot"
13,30,"petite","second",37124,40972,3654978,6345057,81944,12690114,2838,4196,297309,702939,8392,1405878,"100mill-boot"
25,1,"petite","second",36909,42066,3604034,6395978,84132,12791956,2863,4288,302687,697784,8576,1395568,"100mill-boot"
25,2,"petite","second",36966,41845,3597756,6402379,83690,12804758,2711,4362,285345,715213,8724,1430426,"100mill-boot"
25,3,"petite","second",36901,41916,3603301,6396731,83832,12793462,2818,4283,292718,708032,8566,1416064,"100mill-boot"
25,4,"petite","second",37110,42072,3599738,6400270,84144,12800540,2864,4279,300488,699559,8558,1399118,"100mill-boot"
25,5,"petite","second",36886,41775,3604097,6395970,83550,12791940,2719,4314,286388,713725,8628,1427450,"100mill-boot"
25,6,"petite","second",36789,42126,3588235,6411822,84252,12823644,2722,4329,288726,711344,8658,1422688,"100mill-boot"
25,7,"petite","second",37234,41951,3616581,6383431,83902,12766862,2756,4292,291276,708892,8584,1417784,"100mill-boot"
25,8,"petite","second",37064,42018,3619943,6380109,84036,12760218,2822,4348,298220,701904,8696,1403808,"100mill-boot"
25,9,"petite","second",36923,42035,3591565,6408439,84070,12816878,2829,4309,295637,704575,8618,1409150,"100mill-boot"
25,10,"petite","second",36612,42217,3577372,6422654,84434,12845308,2769,4320,293616,706452,8640,1412904,"100mill-boot"
25,11,"petite","second",36822,42056,3575681,6424413,84112,12848826,2779,4326,291344,708839,8652,1417678,"100mill-boot"
25,12,"petite","second",36802,42210,3567682,6432486,84420,12864972,2854,4308,298772,701397,8616,1402794,"100mill-boot"
25,13,"petite","second",36962,42045,3597642,6402408,84090,12804816,2812,4316,293697,706684,8632,1413368,"100mill-boot"
25,14,"petite","second",37145,41858,3632677,6367343,83716,12734686,2797,4324,293643,706481,8648,1412962,"100mill-boot"
25,15,"petite","second",37320,41948,3642160,6358001,83896,12716002,2786,4386,296216,703874,8772,1407748,"100mill-boot"
25,16,"petite","second",37087,41920,3626235,6373811,83840,12747622,2797,4312,293947,706362,8624,1412724,"100mill-boot"
25,17,"petite","second",37139,41984,3616399,6383626,83968,12767252,2823,4318,298560,701608,8636,1403216,"100mill-boot"
25,18,"petite","second",37069,41896,3612792,6387255,83792,12774510,2849,4342,292824,707294,8684,1414588,"100mill-boot"
25,19,"petite","second",36990,41840,3611678,6388544,83680,12777088,2855,4222,299914,700215,8444,1400430,"100mill-boot"
25,20,"petite","second",37216,41779,3626903,6373263,83558,12746526,2810,4231,299196,700909,8462,1401818,"100mill-boot"
25,21,"petite","second",37170,41693,3626504,6373506,83386,12747012,2780,4311,293914,706257,8622,1412514,"100mill-boot"
25,22,"petite","second",37216,41962,3630947,6369055,83924,12738110,2773,4369,291756,708274,8738,1416548,"100mill-boot"
25,23,"petite","second",36978,42220,3604369,6395705,84440,12791410,2870,4321,299232,700839,8642,1401678,"100mill-boot"
25,24,"petite","second",37044,41966,3615177,6384863,83932,12769726,2760,4344,288701,711359,8688,1422718,"100mill-boot"
25,25,"petite","second",37098,41961,3617887,6382267,83922,12764534,2815,4276,295659,704443,8552,1408886,"100mill-boot"
25,26,"petite","second",36812,42189,3584271,6415789,84378,12831578,2809,4282,294007,706168,8564,1412336,"100mill-boot"
25,27,"petite","second",37195,41823,3627725,6372327,83646,12744654,2779,4279,295818,704267,8558,1408534,"100mill-boot"
25,28,"petite","second",37006,41996,3608932,6391080,83992,12782160,2862,4289,302890,697218,8578,1394436,"100mill-boot"
25,29,"petite","second",37102,42020,3603056,6396976,84040,12793952,2712,4378,284963,715115,8756,1430230,"100mill-boot"
25,30,"petite","second",37150,42102,3621031,6378970,84204,12757940,2867,4295,299991,700075,8590,1400150,"100mill-boot"
22,1,"petite","second",37977,40942,3691732,6308362,81884,12616724,2882,4189,304326,696048,8378,1392096,"100mill-boot"
22,2,"petite","second",37829,41016,3689696,6310305,82032,12620610,2898,4211,302497,697852,8422,1395704,"100mill-boot"
22,3,"petite","second",37632,41188,3672343,6327837,82376,12655674,2823,4209,301874,699067,8418,1398134,"100mill-boot"
22,4,"petite","second",37823,40982,3678837,6321294,81964,12642588,2790,4241,295707,704643,8482,1409286,"100mill-boot"
22,5,"petite","second",38201,41026,3717265,6282830,82052,12565660,2885,4220,302518,697539,8440,1395078,"100mill-boot"
22,6,"petite","second",38279,40888,3726841,6273165,81776,12546330,2880,4213,299441,700870,8426,1401740,"100mill-boot"
22,7,"petite","second",37886,41111,3687184,6312925,82222,12625850,2866,4199,301110,699145,8398,1398290,"100mill-boot"
22,8,"petite","second",38171,40847,3703996,6296248,81694,12592496,2856,4240,297788,702276,8480,1404552,"100mill-boot"
22,9,"petite","second",38372,40693,3745790,6254225,81386,12508450,2851,4225,299339,700675,8450,1401350,"100mill-boot"
22,10,"petite","second",38055,40979,3701613,6298461,81958,12596922,2940,4221,304035,696138,8442,1392276,"100mill-boot"
22,11,"petite","second",38217,40973,3704069,6296102,81946,12592204,3014,4141,313129,686932,8282,1373864,"100mill-boot"
22,12,"petite","second",37889,41005,3687477,6312757,82010,12625514,2870,4250,300159,700164,8500,1400328,"100mill-boot"
22,13,"petite","second",38125,40902,3716606,6283456,81804,12566912,2859,4242,300913,699090,8484,1398180,"100mill-boot"
22,14,"petite","second",37806,41115,3672867,6327289,82230,12654578,2870,4262,301648,698712,8524,1397424,"100mill-boot"
22,15,"petite","second",38180,40984,3699537,6300472,81968,12600944,2792,4255,290399,709986,8510,1419972,"100mill-boot"
22,16,"petite","second",37743,41065,3674724,6325308,82130,12650616,2890,4180,302849,697391,8360,1394782,"100mill-boot"
22,17,"petite","second",38263,40859,3712929,6287098,81718,12574196,3004,4125,317519,682965,8250,1365930,"100mill-boot"
22,18,"petite","second",38332,40919,3730059,6269974,81838,12539948,2925,4183,306403,693645,8366,1387290,"100mill-boot"
22,19,"petite","second",37825,40984,3679609,6320465,81968,12640930,2802,4194,294765,705286,8388,1410572,"100mill-boot"
22,20,"petite","second",37928,41159,3693694,6306477,82318,12612954,2849,4265,298541,701630,8530,1403260,"100mill-boot"
22,21,"petite","second",37883,41018,3688809,6311331,82036,12622662,2881,4201,302899,697342,8402,1394684,"100mill-boot"
22,22,"petite","second",37687,41139,3669523,6330516,82278,12661032,2791,4218,294212,705928,8436,1411856,"100mill-boot"
22,23,"petite","second",38214,40846,3716329,6283704,81692,12567408,2890,4250,302360,697744,8500,1395488,"100mill-boot"
22,24,"petite","second",38173,40983,3705491,6294578,81966,12589156,3005,4185,311893,688215,8370,1376430,"100mill-boot"
22,25,"petite","second",38140,40981,3705463,6294595,81962,12589190,2851,4287,300759,699536,8574,1399072,"100mill-boot"
22,26,"petite","second",38374,41103,3726089,6274030,82206,12548060,2742,4336,286650,713701,8672,1427402,"100mill-boot"
22,27,"petite","second",37876,41017,3692437,6307790,82034,12615580,2794,4263,293566,706434,8526,1412868,"100mill-boot"
22,28,"petite","second",38142,40897,3709467,6290557,81794,12581114,2850,4265,300065,700082,8530,1400164,"100mill-boot"
22,29,"petite","second",38041,40915,3694491,6305547,81830,12611094,2867,4227,298288,701935,8454,1403870,"100mill-boot"
22,30,"petite","second",38000,40998,3703480,6296727,81996,12593454,2869,4203,302046,698184,8406,1396368,"100mill-boot"
49,1,"petite","second",37547,41074,3651576,6348504,82148,12697008,2789,4223,293153,707403,8446,1414806,"100mill-boot"
49,2,"petite","second",37458,40909,3659260,6340860,81818,12681720,2868,4216,304224,696157,8432,1392314,"100mill-boot"
49,3,"petite","second",37337,40979,3653523,6346576,81958,12693152,2790,4258,293750,706582,8516,1413164,"100mill-boot"
49,4,"petite","second",37642,40849,3682596,6317407,81698,12634814,2852,4195,301647,698507,8390,1397014,"100mill-boot"
49,5,"petite","second",37734,40993,3674417,6325640,81986,12651280,2820,4287,292023,707982,8574,1415964,"100mill-boot"
49,6,"petite","second",37364,41082,3654034,6346054,82164,12692108,2887,4207,301873,698217,8414,1396434,"100mill-boot"
49,7,"petite","second",37446,40918,3656666,6343387,81836,12686774,2901,4189,303807,696625,8378,1393250,"100mill-boot"
49,8,"petite","second",37687,40754,3685925,6314151,81508,12628302,2828,4263,297283,702855,8526,1405710,"100mill-boot"
49,9,"petite","second",37330,41074,3644040,6356103,82148,12712206,2804,4280,291776,708508,8560,1417016,"100mill-boot"
49,10,"petite","second",37579,40873,3681453,6318580,81746,12637160,2905,4180,306990,693088,8360,1386176,"100mill-boot"
49,11,"petite","second",37346,41176,3649541,6350494,82352,12700988,2923,4172,307089,693067,8344,1386134,"100mill-boot"
49,12,"petite","second",37577,40794,3680654,6319470,81588,12638940,2855,4196,297991,702114,8392,1404228,"100mill-boot"
49,13,"petite","second",37613,40979,3663617,6336542,81958,12673084,2842,4207,299845,700256,8414,1400512,"100mill-boot"
49,14,"petite","second",37671,40912,3688138,6312061,81824,12624122,2882,4181,306231,693872,8362,1387744,"100mill-boot"
49,15,"petite","second",37757,40881,3682586,6317577,81762,12635154,2853,4202,297686,702592,8404,1405184,"100mill-boot"
49,16,"petite","second",37617,40877,3676142,6324052,81754,12648104,2883,4208,302343,697783,8416,1395566,"100mill-boot"
49,17,"petite","second",37590,40953,3670787,6329218,81906,12658436,2894,4221,301666,698487,8442,1396974,"100mill-boot"
49,18,"petite","second",37367,41067,3644780,6355266,82134,12710532,2774,4230,290803,709488,8460,1418976,"100mill-boot"
49,19,"petite","second",37388,41002,3659779,6340253,82004,12680506,2838,4189,299736,700529,8378,1401058,"100mill-boot"
49,20,"petite","second",37454,40870,3657479,6342547,81740,12685094,2792,4194,292540,707793,8388,1415586,"100mill-boot"
49,21,"petite","second",37508,40850,3680102,6319928,81700,12639856,2869,4166,304678,695433,8332,1390866,"100mill-boot"
49,22,"petite","second",37278,41092,3640344,6359738,82184,12719476,2821,4225,294114,706468,8450,1412936,"100mill-boot"
49,23,"petite","second",37486,41014,3656440,6343560,82028,12687120,2817,4284,294292,706218,8568,1412436,"100mill-boot"
49,24,"petite","second",37374,40990,3648298,6351882,81980,12703764,2918,4209,304839,695335,8418,1390670,"100mill-boot"
49,25,"petite","second",37693,40941,3665030,6335060,81882,12670120,2937,4164,306727,693336,8328,1386672,"100mill-boot"
49,26,"petite","second",37598,41076,3663543,6336490,82152,12672980,2784,4249,292952,707189,8498,1414378,"100mill-boot"
49,27,"petite","second",37658,40732,3678418,6321632,81464,12643264,2736,4211,293031,707045,8422,1414090,"100mill-boot"
49,28,"petite","second",37528,41026,3658451,6341728,82052,12683456,2871,4191,302876,697301,8382,1394602,"100mill-boot"
49,29,"petite","second",37230,41122,3637146,6362858,82244,12725716,2857,4229,296170,704038,8458,1408076,"100mill-boot"
49,30,"petite","second",37503,41058,3667281,6332719,82116,12665438,2745,4271,290345,709759,8542,1419518,"100mill-boot"
47,1,"petite","second",37210,41712,3666276,6333775,83424,12667550,2908,4231,307370,692658,8462,1385316,"100mill-boot"
47,2,"petite","second",37028,41639,3663669,6336403,83278,12672806,2829,4233,303380,696653,8466,1393306,"100mill-boot"
47,3,"petite","second",37108,41675,3670615,6329392,83350,12658784,2816,4329,296356,703733,8658,1407466,"100mill-boot"
47,4,"petite","second",37134,41583,3668990,6331085,83166,12662170,2719,4369,291687,708364,8738,1416728,"100mill-boot"
47,5,"petite","second",37146,41704,3675105,6324964,83408,12649928,2734,4331,293646,706449,8662,1412898,"100mill-boot"
47,6,"petite","second",37313,41719,3685775,6314236,83438,12628472,2830,4296,300481,699597,8592,1399194,"100mill-boot"
47,7,"petite","second",36950,41793,3641448,6358653,83586,12717306,2771,4338,293020,707028,8676,1414056,"100mill-boot"
47,8,"petite","second",37170,41762,3669534,6330622,83524,12661244,2848,4318,304641,695544,8636,1391088,"100mill-boot"
47,9,"petite","second",37568,41431,3699677,6300396,82862,12600792,2895,4296,304695,695439,8592,1390878,"100mill-boot"
47,10,"petite","second",37153,41659,3671462,6328618,83318,12657236,2926,4250,308783,691848,8500,1383696,"100mill-boot"
47,11,"petite","second",37235,41606,3678343,6321722,83212,12643444,2872,4323,304487,695916,8646,1391832,"100mill-boot"
47,12,"petite","second",37085,41759,3667488,6332553,83518,12665106,2861,4267,304501,696009,8534,1392018,"100mill-boot"
47,13,"petite","second",36922,41883,3641491,6358611,83766,12717222,2737,4322,296406,703775,8644,1407550,"100mill-boot"
47,14,"petite","second",37401,41685,3689181,6310972,83370,12621944,2801,4364,298852,701338,8728,1402676,"100mill-boot"
47,15,"petite","second",37344,41677,3680515,6319563,83354,12639126,2836,4331,298604,701577,8662,1403154,"100mill-boot"
47,16,"petite","second",37345,41739,3687771,6312268,83478,12624536,2801,4342,297501,703367,8684,1406734,"100mill-boot"
47,17,"petite","second",37240,41504,3666153,6333964,83008,12667928,2833,4289,297309,703045,8578,1406090,"100mill-boot"
47,18,"petite","second",37256,41647,3692252,6307764,83294,12615528,2899,4278,306179,694050,8556,1388100,"100mill-boot"
47,19,"petite","second",37195,41711,3673055,6327027,83422,12654054,2843,4249,304114,696021,8498,1392042,"100mill-boot"
47,20,"petite","second",37319,41614,3668270,6331915,83228,12663830,2880,4255,305963,694494,8510,1388988,"100mill-boot"
47,21,"petite","second",37179,41767,3654163,6345868,83534,12691736,2822,4272,300704,699393,8544,1398786,"100mill-boot"
47,22,"petite","second",37300,41709,3686709,6313390,83418,12626780,2798,4302,299951,700288,8604,1400576,"100mill-boot"
47,23,"petite","second",37466,41596,3683792,6316270,83192,12632540,2776,4355,292286,707768,8710,1415536,"100mill-boot"
47,24,"petite","second",37492,41409,3695206,6304837,82818,12609674,2912,4275,307747,692494,8550,1384988,"100mill-boot"
47,25,"petite","second",37208,41755,3655745,6344255,83510,12688510,2852,4290,302214,697862,8580,1395724,"100mill-boot"
47,26,"petite","second",36961,41828,3632786,6367310,83656,12734620,2828,4327,303700,696601,8654,1393202,"100mill-boot"
47,27,"petite","second",37569,41648,3683144,6317055,83296,12634110,2844,4295,300596,699422,8590,1398844,"100mill-boot"
47,28,"petite","second",37272,41633,3674172,6325941,83266,12651882,2910,4273,313570,686435,8546,1372870,"100mill-boot"
47,29,"petite","second",37398,41488,3682808,6317292,82976,12634584,2902,4210,310036,690012,8420,1380024,"100mill-boot"
47,30,"petite","second",37379,41741,3677628,6322502,83482,12645004,2838,4285,303554,696729,8570,1393458,"100mill-boot"
40,1,"petite","second",37646,41526,3627772,6372275,83052,12744550,2872,4243,298133,701887,8486,1403774,"100mill-boot"
40,2,"petite","second",38048,41188,3675884,6324149,82376,12648298,2924,4198,303719,696294,8396,1392588,"100mill-boot"
40,3,"petite","second",37629,41647,3620492,6379686,83294,12759372,2833,4253,297563,702920,8506,1405840,"100mill-boot"
40,4,"petite","second",37683,41424,3629034,6371119,82848,12742238,2869,4217,302531,697749,8434,1395498,"100mill-boot"
40,5,"petite","second",37634,41614,3623928,6376155,83228,12752310,2809,4278,292024,708350,8556,1416700,"100mill-boot"
40,6,"petite","second",37957,41453,3661507,6338536,82906,12677072,2960,4231,308156,692001,8462,1384002,"100mill-boot"
40,7,"petite","second",37749,41418,3637041,6363100,82836,12726200,2877,4263,298702,701518,8526,1403036,"100mill-boot"
40,8,"petite","second",37838,41458,3647196,6352976,82916,12705952,2837,4260,297016,703042,8520,1406084,"100mill-boot"
40,9,"petite","second",38069,41291,3659569,6340524,82582,12681048,2887,4250,300142,700031,8500,1400062,"100mill-boot"
40,10,"petite","second",37723,41605,3624327,6375736,83210,12751472,2969,4206,308064,692298,8412,1384596,"100mill-boot"
40,11,"petite","second",37893,41357,3642795,6357218,82714,12714436,2846,4230,294827,705216,8460,1410432,"100mill-boot"
40,12,"petite","second",37702,41577,3633142,6366941,83154,12733882,2876,4272,296191,704140,8544,1408280,"100mill-boot"
40,13,"petite","second",38146,41324,3677040,6323040,82648,12646080,2926,4212,303186,696941,8424,1393882,"100mill-boot"
40,14,"petite","second",37789,41543,3641227,6358939,83086,12717878,2788,4310,290382,709637,8620,1419274,"100mill-boot"
40,15,"petite","second",38188,41337,3672626,6327392,82674,12654784,2931,4256,301729,698605,8512,1397210,"100mill-boot"
40,16,"petite","second",38027,41369,3662599,6337552,82738,12675104,2900,4251,301039,699188,8502,1398376,"100mill-boot"
40,17,"petite","second",38172,41319,3677360,6322822,82638,12645644,2950,4248,306895,693381,8496,1386762,"100mill-boot"
40,18,"petite","second",37822,41400,3639502,6360570,82800,12721140,2816,4268,290838,709221,8536,1418442,"100mill-boot"
40,19,"petite","second",38101,41356,3681558,6318747,82712,12637494,2889,4327,297904,702351,8654,1404702,"100mill-boot"
40,20,"petite","second",37912,41409,3647487,6352513,82818,12705026,2787,4335,287624,712574,8670,1425148,"100mill-boot"
40,21,"petite","second",38172,41239,3674417,6325673,82478,12651346,2952,4234,308763,691257,8468,1382514,"100mill-boot"
40,22,"petite","second",38019,41400,3652153,6347943,82800,12695886,2854,4314,291124,709011,8628,1418022,"100mill-boot"
40,23,"petite","second",38281,41446,3680022,6320002,82892,12640004,2876,4221,295741,704360,8442,1408720,"100mill-boot"
40,24,"petite","second",37771,41421,3632879,6367121,82842,12734242,2847,4276,295822,704254,8552,1408508,"100mill-boot"
40,25,"petite","second",38093,41184,3681551,6318511,82368,12637022,2998,4221,311974,688154,8442,1376308,"100mill-boot"
40,26,"petite","second",37801,41464,3631522,6368542,82928,12737084,2866,4271,298166,702160,8542,1404320,"100mill-boot"
40,27,"petite","second",37818,41450,3641134,6358953,82900,12717906,2892,4209,301626,698535,8418,1397070,"100mill-boot"
40,28,"petite","second",37708,41425,3640914,6359087,82850,12718174,2841,4283,293085,706978,8566,1413956,"100mill-boot"
40,29,"petite","second",38157,41012,3677918,6322267,82024,12644534,2843,4222,297671,702763,8444,1405526,"100mill-boot"
40,30,"petite","second",37881,41380,3658049,6341995,82760,12683990,2806,4251,294393,705843,8502,1411686,"100mill-boot"
23,1,"petite","second",37460,41858,3666897,6333189,83716,12666378,2817,4312,300354,699807,8624,1399614,"100mill-boot"
23,2,"petite","second",37554,41792,3670784,6329298,83584,12658596,2856,4321,298337,701737,8642,1403474,"100mill-boot"
23,3,"petite","second",36947,42056,3623973,6376039,84112,12752078,2757,4373,288965,711069,8746,1422138,"100mill-boot"
23,4,"petite","second",37484,41845,3672365,6327662,83690,12655324,2857,4313,303971,696615,8626,1393230,"100mill-boot"
23,5,"petite","second",37470,41889,3651526,6348491,83778,12696982,2775,4341,286686,713524,8682,1427048,"100mill-boot"
23,6,"petite","second",37291,42080,3655217,6344788,84160,12689576,2848,4339,300539,699471,8678,1398942,"100mill-boot"
23,7,"petite","second",37305,42082,3644809,6355229,84164,12710458,2813,4364,297627,702471,8728,1404942,"100mill-boot"
23,8,"petite","second",37318,41940,3650197,6349845,83880,12699690,2879,4330,301359,698674,8660,1397348,"100mill-boot"
23,9,"petite","second",37807,41673,3695628,6304379,83346,12608758,2839,4285,298908,701376,8570,1402752,"100mill-boot"
23,10,"petite","second",37406,41716,3658021,6342065,83432,12684130,2865,4305,300522,699680,8610,1399360,"100mill-boot"
23,11,"petite","second",37891,41514,3701955,6298101,83028,12596202,2947,4247,309932,690129,8494,1380258,"100mill-boot"
23,12,"petite","second",37456,41968,3657510,6342599,83936,12685198,2941,4283,308021,692036,8566,1384072,"100mill-boot"
23,13,"petite","second",37336,41887,3653005,6347013,83774,12694026,2827,4322,298613,701469,8644,1402938,"100mill-boot"
23,14,"petite","second",37465,41922,3664197,6335854,83844,12671708,2802,4340,289742,710301,8680,1420602,"100mill-boot"
23,15,"petite","second",37538,41785,3668882,6331194,83570,12662388,2869,4225,303930,696121,8450,1392242,"100mill-boot"
23,16,"petite","second",37260,42020,3639478,6360613,84040,12721226,2843,4242,302321,697759,8484,1395518,"100mill-boot"
23,17,"petite","second",37384,41869,3662136,6337873,83738,12675746,2946,4271,310424,689788,8542,1379576,"100mill-boot"
23,18,"petite","second",37463,41964,3661481,6338527,83928,12677054,2809,4345,295127,705044,8690,1410088,"100mill-boot"
23,19,"petite","second",37610,41753,3670266,6329735,83506,12659470,2929,4214,310291,689756,8428,1379512,"100mill-boot"
23,20,"petite","second",37645,41797,3667106,6333002,83594,12666004,2836,4273,300392,699986,8546,1399972,"100mill-boot"
23,21,"petite","second",37501,41718,3664410,6335676,83436,12671352,2877,4319,302164,697916,8638,1395832,"100mill-boot"
23,22,"petite","second",37502,41944,3658317,6341968,83888,12683936,2806,4362,295035,705202,8724,1410404,"100mill-boot"
23,23,"petite","second",37478,41722,3665408,6334657,83444,12669314,2844,4284,297973,702119,8568,1404238,"100mill-boot"
23,24,"petite","second",37240,41897,3642045,6357968,83794,12715936,2849,4287,297237,702810,8574,1405620,"100mill-boot"
23,25,"petite","second",37396,41871,3649422,6350874,83742,12701748,2878,4282,304319,695876,8564,1391752,"100mill-boot"
23,26,"petite","second",37781,41800,3674084,6326062,83600,12652124,2786,4356,293023,707472,8712,1414944,"100mill-boot"
23,27,"petite","second",37545,41751,3678353,6321745,83502,12643490,2804,4342,292151,708549,8684,1417098,"100mill-boot"
23,28,"petite","second",37562,41804,3663195,6336825,83608,12673650,2836,4334,299623,700641,8668,1401282,"100mill-boot"
23,29,"petite","second",37520,41723,3661062,6339014,83446,12678028,2725,4383,282489,717665,8766,1435330,"100mill-boot"
23,30,"petite","second",37563,41867,3670852,6329227,83734,12658454,2769,4296,295448,704676,8592,1409352,"100mill-boot"
24,1,"petite","second",38053,41229,3698790,6301332,82458,12602664,2785,4225,295781,704514,8450,1409028,"100mill-boot"
24,2,"petite","second",37541,41395,3669966,6330083,82790,12660166,2819,4237,296716,703528,8474,1407056,"100mill-boot"
24,3,"petite","second",37555,41476,3665621,6334383,82952,12668766,2816,4305,295172,704914,8610,1409828,"100mill-boot"
24,4,"petite","second",37431,41576,3659621,6340487,83152,12680974,2863,4263,300127,700305,8526,1400610,"100mill-boot"
24,5,"petite","second",37937,41391,3682468,6317669,82782,12635338,2881,4276,303244,696952,8552,1393904,"100mill-boot"
24,6,"petite","second",37483,41587,3649618,6350389,83174,12700778,2890,4271,301422,698698,8542,1397396,"100mill-boot"
24,7,"petite","second",37412,41478,3649909,6350097,82956,12700194,2758,4289,292404,707684,8578,1415368,"100mill-boot"
24,8,"petite","second",37586,41577,3657366,6342696,83154,12685392,2839,4253,297359,702894,8506,1405788,"100mill-boot"
24,9,"petite","second",37739,41416,3671179,6328822,82832,12657644,2937,4196,305155,694982,8392,1389964,"100mill-boot"
24,10,"petite","second",37880,41292,3692926,6307182,82584,12614364,2884,4290,300105,699902,8580,1399804,"100mill-boot"
24,11,"petite","second",37782,41330,3681180,6318887,82660,12637774,2845,4255,299906,700186,8510,1400372,"100mill-boot"
24,12,"petite","second",37638,41328,3677351,6322652,82656,12645304,2733,4308,288063,712116,8616,1424232,"100mill-boot"
24,13,"petite","second",37614,41391,3666349,6333801,82782,12667602,2864,4275,296790,703324,8550,1406648,"100mill-boot"
24,14,"petite","second",37551,41599,3666273,6333730,83198,12667460,2796,4268,296564,703477,8536,1406954,"100mill-boot"
24,15,"petite","second",37633,41395,3667551,6332454,82790,12664908,2808,4318,290018,710597,8636,1421194,"100mill-boot"
24,16,"petite","second",37784,41254,3695003,6305194,82508,12610388,2956,4177,309859,690207,8354,1380414,"100mill-boot"
24,17,"petite","second",37858,41273,3688056,6312044,82546,12624088,2856,4278,297175,703233,8556,1406466,"100mill-boot"
24,18,"petite","second",37563,41459,3657079,6343122,82918,12686244,2775,4294,293050,707260,8588,1414520,"100mill-boot"
24,19,"petite","second",37784,41231,3691355,6308980,82462,12617960,2913,4229,305414,694888,8458,1389776,"100mill-boot"
24,20,"petite","second",37376,41456,3650019,6349993,82912,12699986,2803,4298,294401,705849,8596,1411698,"100mill-boot"
24,21,"petite","second",37573,41440,3660111,6339950,82880,12679900,2853,4238,302066,698089,8476,1396178,"100mill-boot"
24,22,"petite","second",37465,41548,3658593,6341536,83096,12683072,2818,4267,296367,703846,8534,1407692,"100mill-boot"
24,23,"petite","second",37700,41262,3678101,6321916,82524,12643832,2893,4230,301351,698883,8460,1397766,"100mill-boot"
24,24,"petite","second",37707,41419,3675765,6324460,82838,12648920,2941,4271,306980,693667,8542,1387334,"100mill-boot"
24,25,"petite","second",37525,41748,3648841,6351315,83496,12702630,2837,4291,299050,701253,8582,1402506,"100mill-boot"
24,26,"petite","second",37627,41449,3675368,6324819,82898,12649638,2899,4236,304025,696051,8472,1392102,"100mill-boot"
24,27,"petite","second",37425,41521,3654833,6345226,83042,12690452,2846,4219,302620,697406,8438,1394812,"100mill-boot"
24,28,"petite","second",37841,41392,3685228,6314822,82784,12629644,2821,4245,295025,704999,8490,1409998,"100mill-boot"
24,29,"petite","second",38020,41225,3715608,6284493,82450,12568986,2976,4212,313307,686882,8424,1373764,"100mill-boot"
24,30,"petite","second",37469,41466,3665571,6334459,82932,12668918,2781,4255,293761,706300,8510,1412600,"100mill-boot"
12,1,"petite","second",37799,41654,3663673,6336485,83308,12672970,2869,4309,298932,701940,8618,1403880,"100mill-boot"
12,2,"petite","second",37873,41533,3691085,6308923,83066,12617846,2879,4239,301070,699171,8478,1398342,"100mill-boot"
12,3,"petite","second",37711,41626,3674159,6325887,83252,12651774,2867,4302,300456,700014,8604,1400028,"100mill-boot"
12,4,"petite","second",37605,41793,3660298,6339864,83586,12679728,2865,4324,295141,704899,8648,1409798,"100mill-boot"
12,5,"petite","second",37540,41785,3629362,6370652,83570,12741304,2868,4347,296978,703418,8694,1406836,"100mill-boot"
12,6,"petite","second",37917,41587,3692968,6307065,83174,12614130,2837,4321,298183,702151,8642,1404302,"100mill-boot"
12,7,"petite","second",37857,41637,3682681,6317364,83274,12634728,2859,4255,297116,702972,8510,1405944,"100mill-boot"
12,8,"petite","second",38029,41429,3693875,6306159,82858,12612318,2807,4316,290398,709698,8632,1419396,"100mill-boot"
12,9,"petite","second",37936,41605,3691685,6308352,83210,12616704,2924,4298,305982,694052,8596,1388104,"100mill-boot"
12,10,"petite","second",37662,41632,3674933,6325152,83264,12650304,2799,4299,291854,708271,8598,1416542,"100mill-boot"
12,11,"petite","second",37879,41719,3681060,6319023,83438,12638046,2839,4309,297282,702992,8618,1405984,"100mill-boot"
12,12,"petite","second",37759,41537,3691594,6308459,83074,12616918,2853,4210,301322,698833,8420,1397666,"100mill-boot"
12,13,"petite","second",37774,41475,3677362,6322744,82950,12645488,2816,4286,297924,702243,8572,1404486,"100mill-boot"
12,14,"petite","second",37550,41873,3651888,6348194,83746,12696388,2906,4280,302658,697848,8560,1395696,"100mill-boot"
12,15,"petite","second",37549,41736,3637159,6362984,83472,12725968,2810,4351,291053,709152,8702,1418304,"100mill-boot"
12,16,"petite","second",37809,41408,3682234,6317892,82816,12635784,2911,4250,303552,696527,8500,1393054,"100mill-boot"
12,17,"petite","second",37553,41784,3654026,6346075,83568,12692150,2814,4318,293262,706919,8636,1413838,"100mill-boot"
12,18,"petite","second",37688,41784,3665757,6334332,83568,12668664,2909,4275,300198,699841,8550,1399682,"100mill-boot"
12,19,"petite","second",37760,41687,3672312,6327701,83374,12655402,2830,4295,295440,704609,8590,1409218,"100mill-boot"
12,20,"petite","second",37766,41725,3670098,6329964,83450,12659928,2888,4308,300516,699716,8616,1399432,"100mill-boot"
12,21,"petite","second",37625,41706,3663198,6336826,83412,12673652,2828,4389,293189,706843,8778,1413686,"100mill-boot"
12,22,"petite","second",37425,41992,3632258,6367748,83984,12735496,2874,4335,296600,703762,8670,1407524,"100mill-boot"
12,23,"petite","second",37858,41556,3674868,6325165,83112,12650330,2843,4287,298239,702106,8574,1404212,"100mill-boot"
12,24,"petite","second",37963,41518,3688411,6311654,83036,12623308,2858,4317,297767,702283,8634,1404566,"100mill-boot"
12,25,"petite","second",38158,41434,3708622,6291378,82868,12582756,2853,4320,299076,701008,8640,1402016,"100mill-boot"
12,26,"petite","second",37622,41998,3650050,6350020,83996,12700040,2840,4327,295955,704154,8654,1408308,"100mill-boot"
12,27,"petite","second",37646,41731,3666368,6333731,83462,12667462,2808,4321,295311,704967,8642,1409934,"100mill-boot"
12,28,"petite","second",37665,41795,3658965,6341076,83590,12682152,2879,4339,299309,701067,8678,1402134,"100mill-boot"
12,29,"petite","second",37810,41805,3660789,6339297,83610,12678594,2908,4274,299500,700613,8548,1401226,"100mill-boot"
12,30,"petite","second",37577,41932,3650762,6349400,83864,12698800,2881,4339,302862,697383,8678,1394766,"100mill-boot"
15,1,"petite","second",37254,41546,3627508,6372578,83092,12745156,2714,4335,287544,712523,8670,1425046,"100mill-boot"
15,2,"petite","second",37202,41418,3624673,6375357,82836,12750714,2852,4220,300555,699507,8440,1399014,"100mill-boot"
15,3,"petite","second",37153,41670,3614735,6385325,83340,12770650,2717,4371,284299,715855,8742,1431710,"100mill-boot"
15,4,"petite","second",37199,41555,3617657,6382431,83110,12764862,2783,4251,290948,709231,8502,1418462,"100mill-boot"
15,5,"petite","second",37193,41552,3617554,6382590,83104,12765180,2863,4219,301701,698519,8438,1397038,"100mill-boot"
15,6,"petite","second",37484,41645,3645435,6354881,83290,12709762,2905,4181,305022,695019,8362,1390038,"100mill-boot"
15,7,"petite","second",37345,41567,3614982,6385056,83134,12770112,2765,4277,288022,712031,8554,1424062,"100mill-boot"
15,8,"petite","second",37300,41572,3628794,6371247,83144,12742494,2769,4285,288698,711517,8570,1423034,"100mill-boot"
15,9,"petite","second",37467,41456,3630752,6369259,82912,12738518,2811,4367,290456,709620,8734,1419240,"100mill-boot"
15,10,"petite","second",36832,41711,3586349,6413849,83422,12827698,2898,4260,303109,697055,8520,1394110,"100mill-boot"
15,11,"petite","second",37405,41579,3634191,6365816,83158,12731632,2849,4276,297308,702862,8552,1405724,"100mill-boot"
15,12,"petite","second",37291,41643,3619297,6380776,83286,12761552,2877,4236,298151,701899,8472,1403798,"100mill-boot"
15,13,"petite","second",37402,41541,3645028,6354994,83082,12709988,2902,4274,302147,698287,8548,1396574,"100mill-boot"
15,14,"petite","second",37463,41717,3639972,6360064,83434,12720128,2745,4323,287760,712326,8646,1424652,"100mill-boot"
15,15,"petite","second",37470,41640,3630853,6369309,83280,12738618,2773,4361,290655,709381,8722,1418762,"100mill-boot"
15,16,"petite","second",37148,41751,3612907,6387378,83502,12774756,2877,4235,299947,700216,8470,1400432,"100mill-boot"
15,17,"petite","second",37249,41641,3616051,6383984,83282,12767968,2870,4298,297544,702526,8596,1405052,"100mill-boot"
15,18,"petite","second",37480,41533,3640277,6359773,83066,12719546,2849,4250,296637,703453,8500,1406906,"100mill-boot"
15,19,"petite","second",37086,41794,3614695,6385323,83588,12770646,2781,4321,292521,707606,8642,1415212,"100mill-boot"
15,20,"petite","second",37226,41601,3625392,6374680,83202,12749360,2823,4228,301289,698713,8456,1397426,"100mill-boot"
15,21,"petite","second",37263,41559,3626529,6373475,83118,12746950,2829,4250,295786,704371,8500,1408742,"100mill-boot"
15,22,"petite","second",37533,41497,3643125,6356923,82994,12713846,2870,4218,298559,701456,8436,1402912,"100mill-boot"
15,23,"petite","second",37638,41432,3648951,6351105,82864,12702210,2840,4237,294470,705630,8474,1411260,"100mill-boot"
15,24,"petite","second",37363,41499,3639094,6360918,82998,12721836,2855,4242,296503,703948,8484,1407896,"100mill-boot"
15,25,"petite","second",37395,41449,3633336,6366820,82898,12733640,2857,4288,293367,706897,8576,1413794,"100mill-boot"
15,26,"petite","second",37319,41614,3629788,6370287,83228,12740574,2755,4269,291646,708731,8538,1417462,"100mill-boot"
15,27,"petite","second",37429,41543,3642036,6358001,83086,12716002,2781,4307,288989,711091,8614,1422182,"100mill-boot"
15,28,"petite","second",37273,41519,3622277,6377756,83038,12755512,2836,4257,297508,702602,8514,1405204,"100mill-boot"
15,29,"petite","second",37328,41483,3635146,6364885,82966,12729770,2888,4208,302026,698008,8416,1396016,"100mill-boot"
15,30,"petite","second",37196,41680,3627276,6372725,83360,12745450,2797,4292,292484,707560,8584,1415120,"100mill-boot"
41,1,"petite","second",37613,41459,3664862,6335265,82918,12670530,2829,4330,292493,707782,8660,1415564,"100mill-boot"
41,2,"petite","second",37253,41594,3648784,6351256,83188,12702512,2897,4202,306326,693958,8404,1387916,"100mill-boot"
41,3,"petite","second",37015,41585,3616063,6384009,83170,12768018,2784,4307,288099,712036,8614,1424072,"100mill-boot"
41,4,"petite","second",37132,41751,3621902,6378179,83502,12756358,2810,4317,295663,704640,8634,1409280,"100mill-boot"
41,5,"petite","second",37298,41556,3642020,6358100,83112,12716200,2852,4270,301704,698368,8540,1396736,"100mill-boot"
41,6,"petite","second",37511,41345,3662511,6337653,82690,12675306,2832,4299,297342,703099,8598,1406198,"100mill-boot"
41,7,"petite","second",37856,41194,3683366,6316724,82388,12633448,2778,4305,291356,708971,8610,1417942,"100mill-boot"
41,8,"petite","second",37769,41438,3679283,6320818,82876,12641636,2891,4267,305486,694705,8534,1389410,"100mill-boot"
41,9,"petite","second",37545,41356,3655938,6344163,82712,12688326,2836,4299,293636,706393,8598,1412786,"100mill-boot"
41,10,"petite","second",37508,41333,3659437,6340581,82666,12681162,2816,4338,296541,703802,8676,1407604,"100mill-boot"
41,11,"petite","second",37310,41720,3628870,6371263,83440,12742526,2778,4354,289106,710971,8708,1421942,"100mill-boot"
41,12,"petite","second",37625,41360,3673991,6326158,82720,12652316,2786,4297,291110,709255,8594,1418510,"100mill-boot"
41,13,"petite","second",37364,41453,3641626,6358415,82906,12716830,2856,4307,296973,703323,8614,1406646,"100mill-boot"
41,14,"petite","second",37092,41658,3618319,6381839,83316,12763678,2811,4321,292559,707770,8642,1415540,"100mill-boot"
41,15,"petite","second",37328,41544,3642515,6357553,83088,12715106,2861,4259,301415,698841,8518,1397682,"100mill-boot"
41,16,"petite","second",37499,41528,3654649,6345408,83056,12690816,2861,4242,301588,698413,8484,1396826,"100mill-boot"
41,17,"petite","second",37284,41470,3644851,6355201,82940,12710402,2810,4267,301264,698903,8534,1397806,"100mill-boot"
41,18,"petite","second",37385,41610,3634745,6365302,83220,12730604,2842,4316,301460,698558,8632,1397116,"100mill-boot"
41,19,"petite","second",37141,41481,3638111,6361889,82962,12723778,2828,4242,299871,700209,8484,1400418,"100mill-boot"
41,20,"petite","second",37254,41527,3641339,6358710,83054,12717420,2853,4278,303155,697092,8556,1394184,"100mill-boot"
41,21,"petite","second",37317,41546,3654006,6346027,83092,12692054,2886,4236,303237,697317,8472,1394634,"100mill-boot"
41,22,"petite","second",37351,41452,3654417,6345610,82904,12691220,2825,4279,300254,699863,8558,1399726,"100mill-boot"
41,23,"petite","second",37519,41373,3655225,6344968,82746,12689936,2813,4278,294854,705680,8556,1411360,"100mill-boot"
41,24,"petite","second",37191,41710,3617425,6382587,83420,12765174,2891,4300,300659,699383,8600,1398766,"100mill-boot"
41,25,"petite","second",37606,41558,3650302,6349857,83116,12699714,2855,4250,299438,701091,8500,1402182,"100mill-boot"
41,26,"petite","second",37270,41820,3623225,6376852,83640,12753704,2792,4313,292384,707700,8626,1415400,"100mill-boot"
41,27,"petite","second",37547,41453,3675214,6324811,82906,12649622,2807,4328,292446,708236,8656,1416472,"100mill-boot"
41,28,"petite","second",37599,41576,3668021,6332020,83152,12664040,2810,4241,299625,700452,8482,1400904,"100mill-boot"
41,29,"petite","second",37383,41443,3643472,6356549,82886,12713098,2819,4287,295466,704913,8574,1409826,"100mill-boot"
41,30,"petite","second",37180,41573,3626438,6373599,83146,12747198,2775,4267,294085,705949,8534,1411898,"100mill-boot"
46,1,"petite","second",37080,41921,3626876,6373150,83842,12746300,2891,4264,303671,696417,8528,1392834,"100mill-boot"
46,2,"petite","second",36941,41997,3627512,6372599,83994,12745198,2857,4322,297105,703017,8644,1406034,"100mill-boot"
46,3,"petite","second",37017,41969,3616695,6383361,83938,12766722,2689,4357,282058,718225,8714,1436450,"100mill-boot"
46,4,"petite","second",37203,41860,3650447,6349607,83720,12699214,2914,4227,306812,693575,8454,1387150,"100mill-boot"
46,5,"petite","second",37099,41845,3628394,6371655,83690,12743310,2807,4305,294970,705063,8610,1410126,"100mill-boot"
46,6,"petite","second",37168,41950,3636146,6363865,83900,12727730,2728,4427,285317,714974,8854,1429948,"100mill-boot"
46,7,"petite","second",37100,41893,3628648,6371357,83786,12742714,2765,4343,289117,710935,8686,1421870,"100mill-boot"
46,8,"petite","second",37393,41862,3659912,6340133,83724,12680266,2805,4316,295278,704840,8632,1409680,"100mill-boot"
46,9,"petite","second",37265,41940,3648526,6351564,83880,12703128,2816,4321,295731,704453,8642,1408906,"100mill-boot"
46,10,"petite","second",37119,41913,3633435,6366692,83826,12733384,2891,4306,299478,700692,8612,1401384,"100mill-boot"
46,11,"petite","second",37153,41935,3629684,6370316,83870,12740632,2898,4263,306025,694133,8526,1388266,"100mill-boot"
46,12,"petite","second",37301,41925,3630809,6369345,83850,12738690,2879,4276,296829,703352,8552,1406704,"100mill-boot"
46,13,"petite","second",37160,41969,3635109,6364946,83938,12729892,2862,4285,297542,702816,8570,1405632,"100mill-boot"
46,14,"petite","second",36955,42058,3604128,6395902,84116,12791804,2833,4341,294879,705763,8682,1411526,"100mill-boot"
46,15,"petite","second",37085,42102,3617999,6382006,84204,12764012,2777,4298,292102,707904,8596,1415808,"100mill-boot"
46,16,"petite","second",37016,42083,3621611,6378397,84166,12756794,2779,4326,290024,710134,8652,1420268,"100mill-boot"
46,17,"petite","second",37424,41567,3671109,6328910,83134,12657820,2827,4255,296892,703234,8510,1406468,"100mill-boot"
46,18,"petite","second",36923,42001,3609274,6390748,84002,12781496,2854,4303,296274,703808,8606,1407616,"100mill-boot"
46,19,"petite","second",36946,42044,3629102,6370999,84088,12741998,2761,4362,290215,710205,8724,1420410,"100mill-boot"
46,20,"petite","second",36996,41970,3613586,6386563,83940,12773126,2855,4305,299069,701141,8610,1402282,"100mill-boot"
46,21,"petite","second",37450,41733,3673962,6326088,83466,12652176,2807,4318,293560,706482,8636,1412964,"100mill-boot"
46,22,"petite","second",37172,42114,3629449,6370918,84228,12741836,2800,4341,293832,706202,8682,1412404,"100mill-boot"
46,23,"petite","second",37290,41795,3651560,6348545,83590,12697090,2820,4309,297374,702934,8618,1405868,"100mill-boot"
46,24,"petite","second",37005,41904,3614852,6385268,83808,12770536,2818,4276,293990,706150,8552,1412300,"100mill-boot"
46,25,"petite","second",36948,41858,3620316,6379760,83716,12759520,2861,4259,300078,699956,8518,1399912,"100mill-boot"
46,26,"petite","second",37271,41986,3653432,6346658,83972,12693316,2855,4308,299285,700872,8616,1401744,"100mill-boot"
46,27,"petite","second",37256,41937,3653263,6346901,83874,12693802,2794,4325,293673,706449,8650,1412898,"100mill-boot"
46,28,"petite","second",37251,42021,3638410,6361618,84042,12723236,2833,4320,293772,706485,8640,1412970,"100mill-boot"
46,29,"petite","second",37072,41779,3642369,6357668,83558,12715336,2781,4288,293444,707004,8576,1414008,"100mill-boot"
46,30,"petite","second",36986,42221,3611263,6388768,84442,12777536,2835,4340,297943,702061,8680,1404122,"100mill-boot"
48,1,"petite","second",38226,41077,3733292,6266731,82154,12533462,2933,4229,310609,689490,8458,1378980,"100mill-boot"
48,2,"petite","second",38378,40787,3766084,6233926,81574,12467852,2834,4255,297849,702425,8510,1404850,"100mill-boot"
48,3,"petite","second",38261,41050,3738155,6261931,82100,12523862,2942,4235,309155,690923,8470,1381846,"100mill-boot"
48,4,"petite","second",38458,40972,3746435,6253690,81944,12507380,2836,4243,301027,698988,8486,1397976,"100mill-boot"
48,5,"petite","second",38238,40981,3740259,6259964,81962,12519928,2830,4256,296813,703232,8512,1406464,"100mill-boot"
48,6,"petite","second",38247,41141,3721078,6278964,82282,12557928,2894,4189,305914,694252,8378,1388504,"100mill-boot"
48,7,"petite","second",38294,41018,3732946,6267163,82036,12534326,2891,4220,304165,696158,8440,1392316,"100mill-boot"
48,8,"petite","second",38101,41299,3726078,6273980,82598,12547960,2907,4280,305679,694613,8560,1389226,"100mill-boot"
48,9,"petite","second",38693,40860,3771702,6228334,81720,12456668,2885,4242,303002,697205,8484,1394410,"100mill-boot"
48,10,"petite","second",38349,40975,3744563,6255449,81950,12510898,2971,4214,311772,688290,8428,1376580,"100mill-boot"
48,11,"petite","second",38322,41106,3744443,6255642,82212,12511284,2942,4263,308792,691263,8526,1382526,"100mill-boot"
48,12,"petite","second",38466,40975,3748895,6251179,81950,12502358,2924,4182,310121,690266,8364,1380532,"100mill-boot"
48,13,"petite","second",38117,41131,3712341,6287676,82262,12575352,2875,4285,301900,698312,8570,1396624,"100mill-boot"
48,14,"petite","second",38240,41100,3737023,6263061,82200,12526122,2993,4175,316569,683650,8350,1367300,"100mill-boot"
48,15,"petite","second",38370,41000,3746084,6254075,82000,12508150,2941,4256,310768,689929,8512,1379858,"100mill-boot"
48,16,"petite","second",38619,41088,3765903,6234099,82176,12468198,2936,4218,309621,690433,8436,1380866,"100mill-boot"
48,17,"petite","second",38365,41030,3731661,6268448,82060,12536896,2976,4247,309776,690547,8494,1381094,"100mill-boot"
48,18,"petite","second",38245,40902,3742113,6257893,81804,12515786,2898,4237,308807,691772,8474,1383544,"100mill-boot"
48,19,"petite","second",38164,40934,3734174,6265959,81868,12531918,2911,4232,308407,691741,8464,1383482,"100mill-boot"
48,20,"petite","second",38610,40893,3756213,6243863,81786,12487726,2868,4255,300648,699387,8510,1398774,"100mill-boot"
48,21,"petite","second",38222,40915,3733523,6266486,81830,12532972,2804,4198,296094,704242,8396,1408484,"100mill-boot"
48,22,"petite","second",38407,41045,3742307,6257753,82090,12515506,2867,4274,301789,698354,8548,1396708,"100mill-boot"
48,23,"petite","second",38170,41243,3717068,6282986,82486,12565972,2979,4253,308045,691991,8506,1383982,"100mill-boot"
48,24,"petite","second",38289,40983,3735736,6264266,81966,12528532,2927,4200,305072,695184,8400,1390368,"100mill-boot"
48,25,"petite","second",38162,41061,3722904,6277206,82122,12554412,2876,4259,301786,698484,8518,1396968,"100mill-boot"
48,26,"petite","second",38524,40844,3771734,6228368,81688,12456736,2960,4224,314457,685813,8448,1371626,"100mill-boot"
48,27,"petite","second",38430,40779,3761525,6238660,81558,12477320,2953,4213,308588,692049,8426,1384098,"100mill-boot"
48,28,"petite","second",38164,41010,3724977,6275103,82020,12550206,2915,4215,306364,693748,8430,1387496,"100mill-boot"
48,29,"petite","second",38574,40896,3757420,6242632,81792,12485264,2896,4219,304783,695534,8438,1391068,"100mill-boot"
48,30,"petite","second",38459,41002,3752110,6248175,82004,12496350,2835,4247,297983,702329,8494,1404658,"100mill-boot"
33,1,"petite","second",37071,41478,3691153,6308983,82956,12617966,2792,4312,297442,702786,8624,1405572,"100mill-boot"
33,2,"petite","second",36940,41477,3695938,6304143,82954,12608286,2841,4308,302213,698193,8616,1396386,"100mill-boot"
33,3,"petite","second",37098,41515,3683020,6317070,83030,12634140,2843,4246,304121,695975,8492,1391950,"100mill-boot"
33,4,"petite","second",36944,41567,3671157,6328905,83134,12657810,2790,4265,299142,700984,8530,1401968,"100mill-boot"
33,5,"petite","second",37108,41427,3690741,6309315,82854,12618630,2812,4264,299934,700232,8528,1400464,"100mill-boot"
33,6,"petite","second",37369,41353,3703833,6296190,82706,12592380,2768,4297,296730,703329,8594,1406658,"100mill-boot"
33,7,"petite","second",36976,41656,3664345,6335688,83312,12671376,2784,4309,292485,707875,8618,1415750,"100mill-boot"
33,8,"petite","second",37259,41490,3696118,6303900,82980,12607800,2802,4303,302740,697385,8606,1394770,"100mill-boot"
33,9,"petite","second",37330,41421,3715574,6284505,82842,12569010,2874,4267,307811,692203,8534,1384406,"100mill-boot"
33,10,"petite","second",37062,41478,3687916,6312149,82956,12624298,2806,4221,301124,698922,8442,1397844,"100mill-boot"
33,11,"petite","second",36778,41689,3651521,6348485,83378,12696970,2806,4274,298479,702062,8548,1404124,"100mill-boot"
33,12,"petite","second",36978,41520,3678876,6321200,83040,12642400,2768,4292,296741,703547,8584,1407094,"100mill-boot"
33,13,"petite","second",37070,41528,3694475,6305546,83056,12611092,2825,4273,300360,699825,8546,1399650,"100mill-boot"
33,14,"petite","second",37003,41470,3686605,6313427,82940,12626854,2792,4244,301739,698528,8488,1397056,"100mill-boot"
33,15,"petite","second",37236,41445,3712340,6287686,82890,12575372,2837,4270,302836,697234,8540,1394468,"100mill-boot"
33,16,"petite","second",37100,41585,3685491,6314652,83170,12629304,2767,4325,297636,702595,8650,1405190,"100mill-boot"
33,17,"petite","second",37063,41503,3697743,6302414,83006,12604828,2795,4247,299058,701046,8494,1402092,"100mill-boot"
33,18,"petite","second",37074,41548,3671709,6328319,83096,12656638,2875,4238,307797,692435,8476,1384870,"100mill-boot"
33,19,"petite","second",37020,41610,3661940,6338072,83220,12676144,2782,4298,299584,700647,8596,1401294,"100mill-boot"
33,20,"petite","second",37118,41425,3703716,6296555,82850,12593110,2857,4238,306570,693460,8476,1386920,"100mill-boot"
33,21,"petite","second",37046,41547,3673718,6326318,83094,12652636,2846,4229,304992,695178,8458,1390356,"100mill-boot"
33,22,"petite","second",37193,41483,3694571,6305456,82966,12610912,2847,4262,301120,698907,8524,1397814,"100mill-boot"
33,23,"petite","second",37039,41547,3669442,6330726,83094,12661452,2789,4356,294521,705672,8712,1411344,"100mill-boot"
33,24,"petite","second",36977,41471,3671872,6328243,82942,12656486,2800,4276,297062,703058,8552,1406116,"100mill-boot"
33,25,"petite","second",37098,41516,3685358,6314692,83032,12629384,2876,4246,308527,691567,8492,1383134,"100mill-boot"
33,26,"petite","second",37228,41515,3691528,6308694,83030,12617388,2858,4259,306847,693285,8518,1386570,"100mill-boot"
33,27,"petite","second",37680,41152,3744684,6255465,82304,12510930,2846,4272,306703,693525,8544,1387050,"100mill-boot"
33,28,"petite","second",37244,41485,3696811,6303194,82970,12606388,2913,4238,312953,687119,8476,1374238,"100mill-boot"
33,29,"petite","second",36949,41543,3679381,6320697,83086,12641394,2848,4285,303617,696510,8570,1393020,"100mill-boot"
33,30,"petite","second",37044,41475,3682154,6317859,82950,12635718,2818,4263,303353,696714,8526,1393428,"100mill-boot"
9,1,"petite","second",37153,42061,3588047,6411994,84122,12823988,2775,4339,290431,710207,8678,1420414,"100mill-boot"
9,2,"petite","second",37078,42172,3578596,6421481,84344,12842962,2821,4326,296256,704227,8652,1408454,"100mill-boot"
9,3,"petite","second",37066,42083,3579437,6420624,84166,12841248,2734,4327,283014,717187,8654,1434374,"100mill-boot"
9,4,"petite","second",37085,42343,3569169,6430846,84686,12861692,2769,4363,285122,714945,8726,1429890,"100mill-boot"
9,5,"petite","second",37257,42368,3568645,6431491,84736,12862982,2881,4336,293686,706691,8672,1413382,"100mill-boot"
9,6,"petite","second",37245,42265,3589516,6410555,84530,12821110,2848,4392,291476,708934,8784,1417868,"100mill-boot"
9,7,"petite","second",36974,42595,3549874,6450167,85190,12900334,2833,4325,293015,707121,8650,1414242,"100mill-boot"
9,8,"petite","second",37261,42098,3595440,6404608,84196,12809216,2797,4336,289151,711507,8672,1423014,"100mill-boot"
9,9,"petite","second",37068,42095,3568714,6431324,84190,12862648,2732,4369,282140,717866,8738,1435732,"100mill-boot"
9,10,"petite","second",37135,42148,3587430,6412608,84296,12825216,2819,4341,293419,706689,8682,1413378,"100mill-boot"
9,11,"petite","second",37559,41882,3608654,6391423,83764,12782846,2919,4271,301071,698998,8542,1397996,"100mill-boot"
9,12,"petite","second",37400,42065,3605084,6394941,84130,12789882,2849,4314,296089,704094,8628,1408188,"100mill-boot"
9,13,"petite","second",37330,42177,3591336,6408834,84354,12817668,2838,4322,293154,707133,8644,1414266,"100mill-boot"
9,14,"petite","second",37229,42364,3587208,6412814,84728,12825628,2704,4380,283166,717032,8760,1434064,"100mill-boot"
9,15,"petite","second",37135,42234,3573885,6426130,84468,12852260,2840,4336,295449,704818,8672,1409636,"100mill-boot"
9,16,"petite","second",36950,42299,3549588,6450578,84598,12901156,2769,4347,284353,715736,8694,1431472,"100mill-boot"
9,17,"petite","second",37205,42247,3587731,6412417,84494,12824834,2789,4358,286796,713316,8716,1426632,"100mill-boot"
9,18,"petite","second",36721,42445,3532816,6467224,84890,12934448,2764,4377,284922,715118,8754,1430236,"100mill-boot"
9,19,"petite","second",37136,42056,3597722,6402358,84112,12804716,2654,4443,275454,724587,8886,1449174,"100mill-boot"
9,20,"petite","second",37453,42121,3594671,6405334,84242,12810668,2779,4395,283934,716692,8790,1433384,"100mill-boot"
9,21,"petite","second",37058,42179,3572125,6427952,84358,12855904,2798,4298,290818,709396,8596,1418792,"100mill-boot"
9,22,"petite","second",36948,42385,3556948,6443150,84770,12886300,2739,4356,284099,716378,8712,1432756,"100mill-boot"
9,23,"petite","second",37321,41987,3595467,6404543,83974,12809086,2730,4338,285368,714659,8676,1429318,"100mill-boot"
9,24,"petite","second",37175,42136,3584823,6415219,84272,12830438,2825,4350,291803,708288,8700,1416576,"100mill-boot"
9,25,"petite","second",37191,42151,3582582,6417442,84302,12834884,2779,4336,292031,707996,8672,1415992,"100mill-boot"
9,26,"petite","second",37453,42035,3597314,6402766,84070,12805532,2779,4345,287104,712926,8690,1425852,"100mill-boot"
9,27,"petite","second",37191,42280,3584001,6416059,84560,12832118,2795,4345,290817,709235,8690,1418470,"100mill-boot"
9,28,"petite","second",37101,41997,3578614,6421419,83994,12842838,2842,4311,293309,706712,8622,1413424,"100mill-boot"
9,29,"petite","second",37383,41953,3598874,6401179,83906,12802358,2810,4349,293236,706824,8698,1413648,"100mill-boot"
9,30,"petite","second",36836,42349,3542580,6457445,84698,12914890,2732,4343,278117,722039,8686,1444078,"100mill-boot"
34,1,"petite","second",37802,41236,3681382,6318673,82472,12637346,2899,4232,302127,698044,8464,1396088,"100mill-boot"
34,2,"petite","second",37149,41408,3625898,6374246,82816,12748492,2808,4206,298335,701781,8412,1403562,"100mill-boot"
34,3,"petite","second",37310,41526,3638909,6361204,83052,12722408,2808,4264,297993,702159,8528,1404318,"100mill-boot"
34,4,"petite","second",37367,41514,3642297,6357765,83028,12715530,2794,4291,291101,709366,8582,1418732,"100mill-boot"
34,5,"petite","second",37330,41427,3650801,6349378,82854,12698756,2799,4291,295035,705034,8582,1410068,"100mill-boot"
34,6,"petite","second",37731,41385,3669603,6330421,82770,12660842,2918,4237,302968,697316,8474,1394632,"100mill-boot"
34,7,"petite","second",37691,41417,3666652,6333442,82834,12666884,2894,4266,305573,694586,8532,1389172,"100mill-boot"
34,8,"petite","second",37648,41306,3665128,6334910,82612,12669820,2831,4216,298005,702170,8432,1404340,"100mill-boot"
34,9,"petite","second",37770,41216,3678583,6321474,82432,12642948,2834,4219,299383,700780,8438,1401560,"100mill-boot"
34,10,"petite","second",37465,41349,3657306,6342707,82698,12685414,2803,4273,294586,705649,8546,1411298,"100mill-boot"
34,11,"petite","second",37091,41598,3615480,6384639,83196,12769278,2827,4297,295309,704759,8594,1409518,"100mill-boot"
34,12,"petite","second",37171,41646,3631504,6368552,83292,12737104,2883,4262,307001,693108,8524,1386216,"100mill-boot"
34,13,"petite","second",37334,41515,3633278,6366848,83030,12733696,2787,4285,293042,707091,8570,1414182,"100mill-boot"
34,14,"petite","second",37352,41572,3631433,6368589,83144,12737178,2811,4285,295471,704594,8570,1409188,"100mill-boot"
34,15,"petite","second",37557,41342,3662267,6337807,82684,12675614,2854,4287,299155,700969,8574,1401938,"100mill-boot"
34,16,"petite","second",37528,41500,3655176,6344854,83000,12689708,2851,4228,303012,697069,8456,1394138,"100mill-boot"
34,17,"petite","second",37360,41478,3638878,6361207,82956,12722414,2895,4259,302204,697990,8518,1395980,"100mill-boot"
34,18,"petite","second",37585,41293,3663810,6336227,82586,12672454,2900,4190,304343,695717,8380,1391434,"100mill-boot"
34,19,"petite","second",37459,41516,3652564,6347527,83032,12695054,2858,4235,301290,698755,8470,1397510,"100mill-boot"
34,20,"petite","second",37794,41385,3677329,6322770,82770,12645540,2792,4288,292498,707872,8576,1415744,"100mill-boot"
34,21,"petite","second",37631,41246,3672697,6327354,82492,12654708,2930,4265,307246,693081,8530,1386162,"100mill-boot"
34,22,"petite","second",37447,41514,3655363,6344727,83028,12689454,2847,4255,299512,700682,8510,1401364,"100mill-boot"
34,23,"petite","second",37552,41306,3660317,6339737,82612,12679474,2837,4237,301590,699029,8474,1398058,"100mill-boot"
34,24,"petite","second",37825,41460,3678704,6321357,82920,12642714,2874,4227,305228,694786,8454,1389572,"100mill-boot"
34,25,"petite","second",37685,41234,3673712,6326340,82468,12652680,2844,4215,300364,699945,8430,1399890,"100mill-boot"
34,26,"petite","second",37793,41281,3669693,6330387,82562,12660774,2904,4169,308216,691932,8338,1383864,"100mill-boot"
34,27,"petite","second",37492,41437,3669457,6330616,82874,12661232,2901,4210,305122,694893,8420,1389786,"100mill-boot"
34,28,"petite","second",37689,41353,3677656,6322481,82706,12644962,2977,4124,318356,681776,8248,1363552,"100mill-boot"
34,29,"petite","second",37745,41077,3681126,6318971,82154,12637942,2921,4175,310689,689560,8350,1379120,"100mill-boot"
34,30,"petite","second",37400,41665,3646083,6354081,83330,12708162,2790,4302,292709,707327,8604,1414654,"100mill-boot"
7,1,"petite","second",38118,41450,3704064,6295989,82900,12591978,2884,4257,302132,698059,8514,1396118,"100mill-boot"
7,2,"petite","second",37817,41382,3700023,6300151,82764,12600302,2907,4251,308381,691667,8502,1383334,"100mill-boot"
7,3,"petite","second",37701,41701,3681525,6318539,83402,12637078,2918,4280,306775,693609,8560,1387218,"100mill-boot"
7,4,"petite","second",38012,41396,3706852,6293231,82792,12586462,2961,4235,310908,689216,8470,1378432,"100mill-boot"
7,5,"petite","second",38010,41437,3719482,6280578,82874,12561156,2845,4288,300348,699912,8576,1399824,"100mill-boot"
7,6,"petite","second",37756,41408,3671671,6328341,82816,12656682,2912,4253,303535,696508,8506,1393016,"100mill-boot"
7,7,"petite","second",37998,41315,3699157,6300965,82630,12601930,2903,4235,301820,698259,8470,1396518,"100mill-boot"
7,8,"petite","second",38123,41298,3720924,6279301,82596,12558602,2877,4333,300188,699830,8666,1399660,"100mill-boot"
7,9,"petite","second",38322,41151,3748538,6251477,82302,12502954,2879,4305,302467,697661,8610,1395322,"100mill-boot"
7,10,"petite","second",37693,41477,3683086,6316983,82954,12633966,2919,4251,304289,696025,8502,1392050,"100mill-boot"
7,11,"petite","second",38157,41308,3730972,6269123,82616,12538246,2976,4253,311449,688623,8506,1377246,"100mill-boot"
7,12,"petite","second",37927,41420,3694527,6305544,82840,12611088,2949,4274,306188,693912,8548,1387824,"100mill-boot"
7,13,"petite","second",37811,41733,3685021,6315023,83466,12630046,2974,4319,310440,689748,8638,1379496,"100mill-boot"
7,14,"petite","second",38008,41409,3717112,6282957,82818,12565914,2920,4224,304976,695159,8448,1390318,"100mill-boot"
7,15,"petite","second",37675,41573,3677076,6322974,83146,12645948,2929,4261,303835,696358,8522,1392716,"100mill-boot"
7,16,"petite","second",37808,41542,3685116,6314908,83084,12629816,2906,4262,304692,695569,8524,1391138,"100mill-boot"
7,17,"petite","second",37824,41458,3698419,6301674,82916,12603348,2963,4242,309362,690830,8484,1381660,"100mill-boot"
7,18,"petite","second",37998,41288,3717590,6282445,82576,12564890,2984,4192,310023,690013,8384,1380026,"100mill-boot"
7,19,"petite","second",37738,41519,3699816,6300256,83038,12600512,2897,4363,302417,697601,8726,1395202,"100mill-boot"
7,20,"petite","second",38019,41398,3709339,6290724,82796,12581448,2930,4278,302913,697201,8556,1394402,"100mill-boot"
7,21,"petite","second",37773,41376,3691744,6308338,82752,12616676,2910,4211,302927,697360,8422,1394720,"100mill-boot"
7,22,"petite","second",37953,41387,3700311,6299825,82774,12599650,2853,4320,298585,701568,8640,1403136,"100mill-boot"
7,23,"petite","second",38063,41352,3715133,6284921,82704,12569842,2882,4310,301510,698695,8620,1397390,"100mill-boot"
7,24,"petite","second",37903,41411,3706091,6293910,82822,12587820,2972,4240,314012,686094,8480,1372188,"100mill-boot"
7,25,"petite","second",37787,41549,3678978,6321072,83098,12642144,2918,4303,302695,697523,8606,1395046,"100mill-boot"
7,26,"petite","second",38019,41359,3717328,6282691,82718,12565382,2879,4254,301211,699179,8508,1398358,"100mill-boot"
7,27,"petite","second",37930,41470,3707515,6292572,82940,12585144,2787,4318,291982,708122,8636,1416244,"100mill-boot"
7,28,"petite","second",37766,41456,3681628,6318442,82912,12636884,2935,4280,306713,693497,8560,1386994,"100mill-boot"
7,29,"petite","second",37738,41440,3684895,6315390,82880,12630780,2883,4289,300254,700120,8578,1400240,"100mill-boot"
7,30,"petite","second",37919,41536,3696219,6303879,83072,12607758,2948,4239,308923,691273,8478,1382546,"100mill-boot"
6,1,"petite","second",36411,41737,3600088,6399959,83474,12799918,2738,4323,287275,712799,8646,1425598,"100mill-boot"
6,2,"petite","second",36449,41669,3611698,6388332,83338,12776664,2777,4244,298951,701305,8488,1402610,"100mill-boot"
6,3,"petite","second",36369,41722,3606542,6393570,83444,12787140,2767,4266,295695,704372,8532,1408744,"100mill-boot"
6,4,"petite","second",36450,41709,3594179,6405965,83418,12811930,2805,4231,294233,706066,8462,1412132,"100mill-boot"
6,5,"petite","second",36522,41614,3613555,6386445,83228,12772890,2736,4219,295189,705356,8438,1410712,"100mill-boot"
6,6,"petite","second",36485,41758,3592997,6407110,83516,12814220,2765,4322,291802,708334,8644,1416668,"100mill-boot"
6,7,"petite","second",36676,41607,3625275,6374907,83214,12749814,2764,4290,298916,701261,8580,1402522,"100mill-boot"
6,8,"petite","second",36281,41776,3589522,6410485,83552,12820970,2732,4271,294095,705952,8542,1411904,"100mill-boot"
6,9,"petite","second",36551,41683,3606460,6393765,83366,12787530,2824,4263,297108,703186,8526,1406372,"100mill-boot"
6,10,"petite","second",36593,41540,3623682,6376339,83080,12752678,2845,4182,304752,695257,8364,1390514,"100mill-boot"
6,11,"petite","second",36288,41864,3599451,6400609,83728,12801218,2680,4320,287826,712186,8640,1424372,"100mill-boot"
6,12,"petite","second",36256,41822,3583189,6416829,83644,12833658,2715,4303,289549,711008,8606,1422016,"100mill-boot"
6,13,"petite","second",36383,41785,3585477,6414681,83570,12829362,2710,4318,287669,712941,8636,1425882,"100mill-boot"
6,14,"petite","second",36398,41806,3603853,6396195,83612,12792390,2780,4256,298040,701984,8512,1403968,"100mill-boot"
6,15,"petite","second",36333,41836,3595266,6405064,83672,12810128,2665,4380,284064,716348,8760,1432696,"100mill-boot"
6,16,"petite","second",36552,41902,3607618,6392392,83804,12784784,2729,4336,289820,710324,8672,1420648,"100mill-boot"
6,17,"petite","second",36412,41859,3590735,6409406,83718,12818812,2796,4311,295000,705116,8622,1410232,"100mill-boot"
6,18,"petite","second",36426,41802,3600777,6399468,83604,12798936,2738,4305,290045,710024,8610,1420048,"100mill-boot"
6,19,"petite","second",36545,41746,3624383,6375617,83492,12751234,2785,4313,297407,702816,8626,1405632,"100mill-boot"
6,20,"petite","second",36252,41797,3583806,6416314,83594,12832628,2713,4246,288932,711135,8492,1422270,"100mill-boot"
6,21,"petite","second",36440,41831,3601729,6398305,83662,12796610,2753,4310,294275,706031,8620,1412062,"100mill-boot"
6,22,"petite","second",36588,41807,3608219,6391941,83614,12783882,2808,4318,295548,704502,8636,1409004,"100mill-boot"
6,23,"petite","second",36767,41746,3624752,6375315,83492,12750630,2885,4238,308078,692080,8476,1384160,"100mill-boot"
6,24,"petite","second",36252,41910,3573277,6426745,83820,12853490,2683,4347,285540,714563,8694,1429126,"100mill-boot"
6,25,"petite","second",36676,41634,3623678,6376342,83268,12752684,2765,4304,292972,707143,8608,1414286,"100mill-boot"
6,26,"petite","second",36429,41822,3596295,6403825,83644,12807650,2775,4313,294893,705556,8626,1411112,"100mill-boot"
6,27,"petite","second",36203,41751,3585293,6414807,83502,12829614,2639,4335,282264,717760,8670,1435520,"100mill-boot"
6,28,"petite","second",36215,41861,3564875,6435144,83722,12870288,2696,4342,284175,715964,8684,1431928,"100mill-boot"
6,29,"petite","second",36260,41707,3582455,6417616,83414,12835232,2745,4315,288376,712060,8630,1424120,"100mill-boot"
6,30,"petite","second",36263,41782,3599499,6400706,83564,12801412,2804,4265,298182,701842,8530,1403684,"100mill-boot"
1,1,"petite","second",37665,41188,3694766,6305310,82376,12610620,2856,4264,298514,701784,8528,1403568,"100mill-boot"
1,2,"petite","second",37472,41099,3694160,6305946,82198,12611892,2932,4254,311227,688926,8508,1377852,"100mill-boot"
1,3,"petite","second",37549,41254,3701707,6298298,82508,12596596,2782,4300,294567,705649,8600,1411298,"100mill-boot"
1,4,"petite","second",37409,41294,3678753,6321341,82588,12642682,2865,4233,304756,695704,8466,1391408,"100mill-boot"
1,5,"petite","second",37737,41060,3704174,6295899,82120,12591798,2856,4278,302180,697904,8556,1395808,"100mill-boot"
1,6,"petite","second",37695,41143,3708026,6291980,82286,12583960,2874,4237,307349,692807,8474,1385614,"100mill-boot"
1,7,"petite","second",37735,41096,3700220,6300043,82192,12600086,2790,4265,298585,701742,8530,1403484,"100mill-boot"
1,8,"petite","second",37656,40992,3696883,6303252,81984,12606504,2894,4216,307676,692414,8432,1384828,"100mill-boot"
1,9,"petite","second",37762,41142,3708376,6291637,82284,12583274,2816,4285,299568,700561,8570,1401122,"100mill-boot"
1,10,"petite","second",37717,41114,3704816,6295366,82228,12590732,2906,4214,307271,692939,8428,1385878,"100mill-boot"
1,11,"petite","second",37638,41260,3688097,6311954,82520,12623908,2880,4247,301542,698580,8494,1397160,"100mill-boot"
1,12,"petite","second",37724,41092,3710022,6290188,82184,12580376,2883,4206,308447,691827,8412,1383654,"100mill-boot"
1,13,"petite","second",37864,40951,3723818,6276402,81902,12552804,2896,4221,306514,693610,8442,1387220,"100mill-boot"
1,14,"petite","second",37625,41355,3696785,6303473,82710,12606946,2853,4279,300664,699359,8558,1398718,"100mill-boot"
1,15,"petite","second",37325,41109,3682204,6317841,82218,12635682,2936,4145,313208,686974,8290,1373948,"100mill-boot"
1,16,"petite","second",37807,40971,3727394,6272622,81942,12545244,2912,4199,312213,687890,8398,1375780,"100mill-boot"
1,17,"petite","second",37543,41245,3689180,6310891,82490,12621782,2800,4234,300476,699840,8468,1399680,"100mill-boot"
1,18,"petite","second",37364,41262,3670668,6329338,82524,12658676,2814,4250,299375,700704,8500,1401408,"100mill-boot"
1,19,"petite","second",37475,41126,3696687,6303449,82252,12606898,2802,4235,298919,701082,8470,1402164,"100mill-boot"
1,20,"petite","second",37640,41069,3700698,6299337,82138,12598674,2873,4223,305795,694257,8446,1388514,"100mill-boot"
1,21,"petite","second",37714,41020,3713920,6286124,82040,12572248,2823,4250,297765,702371,8500,1404742,"100mill-boot"
1,22,"petite","second",37671,41048,3697247,6302882,82096,12605764,2820,4294,300201,699929,8588,1399858,"100mill-boot"
1,23,"petite","second",37632,41040,3687662,6312399,82080,12624798,2882,4227,302443,697575,8454,1395150,"100mill-boot"
1,24,"petite","second",37721,41062,3704679,6295347,82124,12590694,2884,4275,303948,696229,8550,1392458,"100mill-boot"
1,25,"petite","second",37808,41185,3708614,6291519,82370,12583038,2847,4271,298078,701990,8542,1403980,"100mill-boot"
1,26,"petite","second",37499,41307,3690013,6310092,82614,12620184,2890,4232,306526,693486,8464,1386972,"100mill-boot"
1,27,"petite","second",37749,41226,3708735,6291354,82452,12582708,2820,4296,300454,699723,8592,1399446,"100mill-boot"
1,28,"petite","second",37613,41222,3689314,6310692,82444,12621384,2812,4313,300151,699900,8626,1399800,"100mill-boot"
1,29,"petite","second",37425,41291,3667677,6332390,82582,12664780,2840,4275,299980,700632,8550,1401264,"100mill-boot"
1,30,"petite","second",37417,41260,3681263,6318794,82520,12637588,2784,4260,295627,704564,8520,1409128,"100mill-boot"
8,1,"petite","second",37679,41297,3683937,6316099,82594,12632198,2873,4257,304260,695882,8514,1391764,"100mill-boot"
8,2,"petite","second",37326,41479,3659211,6340811,82958,12681622,2787,4279,295727,704416,8558,1408832,"100mill-boot"
8,3,"petite","second",37542,41422,3674267,6325814,82844,12651628,2879,4237,307174,692871,8474,1385742,"100mill-boot"
8,4,"petite","second",37280,41610,3640470,6359610,83220,12719220,2907,4263,307259,692775,8526,1385550,"100mill-boot"
8,5,"petite","second",37608,41548,3664677,6335358,83096,12670716,2848,4254,301787,698240,8508,1396480,"100mill-boot"
8,6,"petite","second",37789,41407,3684108,6315895,82814,12631790,2906,4251,304094,695954,8502,1391908,"100mill-boot"
8,7,"petite","second",37338,41552,3644576,6355501,83104,12711002,2803,4312,292074,707958,8624,1415916,"100mill-boot"
8,8,"petite","second",37688,41353,3690136,6309939,82706,12619878,2976,4212,312858,687377,8424,1374754,"100mill-boot"
8,9,"petite","second",37677,41300,3697056,6302976,82600,12605952,2914,4270,305192,694947,8540,1389894,"100mill-boot"
8,10,"petite","second",37776,41231,3695490,6304646,82462,12609292,2828,4280,296389,703617,8560,1407234,"100mill-boot"
8,11,"petite","second",37449,41528,3676230,6323840,83056,12647680,2863,4341,299868,700519,8682,1401038,"100mill-boot"
8,12,"petite","second",37702,41325,3695183,6304918,82650,12609836,2758,4319,289340,710723,8638,1421446,"100mill-boot"
8,13,"petite","second",37634,41379,3691856,6308221,82758,12616442,2919,4250,305122,695239,8500,1390478,"100mill-boot"
8,14,"petite","second",37037,41734,3625991,6374044,83468,12748088,2851,4304,302019,698038,8608,1396076,"100mill-boot"
8,15,"petite","second",37315,41303,3672324,6327700,82606,12655400,2857,4218,299605,700586,8436,1401172,"100mill-boot"
8,16,"petite","second",37858,41162,3696924,6303091,82324,12606182,2911,4255,303608,696499,8510,1392998,"100mill-boot"
8,17,"petite","second",37464,41360,3679380,6320694,82720,12641388,2903,4227,303713,696411,8454,1392822,"100mill-boot"
8,18,"petite","second",37380,41496,3661807,6338198,82992,12676396,2870,4196,308224,691819,8392,1383638,"100mill-boot"
8,19,"petite","second",37396,41355,3677735,6322295,82710,12644590,2809,4290,296518,703657,8580,1407314,"100mill-boot"
8,20,"petite","second",37531,41192,3675123,6324914,82384,12649828,2895,4254,305390,694626,8508,1389252,"100mill-boot"
8,21,"petite","second",37735,41164,3713559,6286519,82328,12573038,2952,4196,312582,687837,8392,1375674,"100mill-boot"
8,22,"petite","second",37564,41407,3684805,6315246,82814,12630492,2876,4254,302303,697919,8508,1395838,"100mill-boot"
8,23,"petite","second",37487,41274,3674920,6325180,82548,12650360,2876,4282,303207,697534,8564,1395068,"100mill-boot"
8,24,"petite","second",37610,41246,3686744,6313284,82492,12626568,2793,4265,294495,705860,8530,1411720,"100mill-boot"
8,25,"petite","second",37508,41428,3667024,6332990,82856,12665980,2991,4197,313847,686259,8394,1372518,"100mill-boot"
8,26,"petite","second",37430,41498,3674531,6325651,82996,12651302,2858,4250,304744,695363,8500,1390726,"100mill-boot"
8,27,"petite","second",37315,41493,3655737,6344357,82986,12688714,2886,4263,306179,694032,8526,1388064,"100mill-boot"
8,28,"petite","second",37479,41487,3672245,6327833,82974,12655666,2873,4258,301363,698753,8516,1397506,"100mill-boot"
8,29,"petite","second",37521,41249,3687690,6312364,82498,12624728,2901,4167,309082,691200,8334,1382400,"100mill-boot"
8,30,"petite","second",37240,41599,3644705,6355449,83198,12710898,2864,4323,300287,699914,8646,1399828,"100mill-boot"
35,1,"petite","second",37521,41914,3685780,6314256,83828,12628512,2877,4289,308923,691191,8578,1382382,"100mill-boot"
35,2,"petite","second",37422,41708,3694666,6305371,83416,12610742,2889,4283,306952,693271,8566,1386542,"100mill-boot"
35,3,"petite","second",37155,41906,3675787,6324236,83812,12648472,2853,4298,305921,694409,8596,1388818,"100mill-boot"
35,4,"petite","second",37060,41912,3649363,6350706,83824,12701412,2874,4291,304831,695246,8582,1390492,"100mill-boot"
35,5,"petite","second",37066,41886,3660035,6340008,83772,12680016,2844,4344,299912,700379,8688,1400758,"100mill-boot"
35,6,"petite","second",37439,41798,3676736,6323293,83596,12646586,2747,4369,294488,705547,8738,1411094,"100mill-boot"
35,7,"petite","second",37374,41867,3681190,6318917,83734,12637834,2824,4329,301557,698765,8658,1397530,"100mill-boot"
35,8,"petite","second",37532,41783,3680946,6319137,83566,12638274,2884,4331,303189,696877,8662,1393754,"100mill-boot"
35,9,"petite","second",37453,41831,3677741,6322436,83662,12644872,2814,4372,296166,704079,8744,1408158,"100mill-boot"
35,10,"petite","second",37532,41561,3691103,6309003,83122,12618006,2903,4256,308322,691725,8512,1383450,"100mill-boot"
35,11,"petite","second",37675,41649,3702264,6297828,83298,12595656,2846,4286,300660,699439,8572,1398878,"100mill-boot"
35,12,"petite","second",37521,41616,3689702,6310362,83232,12620724,2806,4287,298261,702267,8574,1404534,"100mill-boot"
35,13,"petite","second",37716,41503,3724536,6275572,83006,12551144,2923,4272,309776,690259,8544,1380518,"100mill-boot"
35,14,"petite","second",37328,41893,3678433,6321637,83786,12643274,2875,4284,304234,695866,8568,1391732,"100mill-boot"
35,15,"petite","second",37488,41789,3683671,6316366,83578,12632732,2822,4330,301854,698451,8660,1396902,"100mill-boot"
35,16,"petite","second",37307,41931,3659049,6340966,83862,12681932,2871,4300,307681,692961,8600,1385922,"100mill-boot"
35,17,"petite","second",37479,41815,3689560,6310465,83630,12620930,2825,4329,297484,703029,8658,1406058,"100mill-boot"
35,18,"petite","second",37320,41816,3673062,6326990,83632,12653980,2877,4270,304920,695364,8540,1390728,"100mill-boot"
35,19,"petite","second",37202,41821,3674072,6326089,83642,12652178,2941,4285,314884,685460,8570,1370920,"100mill-boot"
35,20,"petite","second",37165,41880,3652419,6347687,83760,12695374,2948,4299,309269,691204,8598,1382408,"100mill-boot"
35,21,"petite","second",37376,41749,3683480,6316617,83498,12633234,2850,4313,302749,697287,8626,1394574,"100mill-boot"
35,22,"petite","second",36959,42101,3629926,6370294,84202,12740588,2885,4283,304070,696173,8566,1392346,"100mill-boot"
35,23,"petite","second",37301,41863,3666004,6334008,83726,12668016,2821,4373,296394,703629,8746,1407258,"100mill-boot"
35,24,"petite","second",37302,41848,3663874,6336153,83696,12672306,2917,4280,309339,690786,8560,1381572,"100mill-boot"
35,25,"petite","second",37577,41741,3693619,6306382,83482,12612764,2782,4363,295583,704491,8726,1408982,"100mill-boot"
35,26,"petite","second",37474,41695,3682544,6317541,83390,12635082,2834,4301,299851,700276,8602,1400552,"100mill-boot"
35,27,"petite","second",37051,41966,3653409,6346653,83932,12693306,2816,4320,303012,697477,8640,1394954,"100mill-boot"
35,28,"petite","second",37064,41930,3647381,6352694,83860,12705388,2830,4340,300995,699079,8680,1398158,"100mill-boot"
35,29,"petite","second",37748,41701,3702161,6298006,83402,12596012,2844,4339,301649,698358,8678,1396716,"100mill-boot"
35,30,"petite","second",37350,41775,3675132,6324890,83550,12649780,2828,4292,303100,696949,8584,1393898,"100mill-boot"
32,1,"petite","second",37966,41228,3681890,6318126,82456,12636252,2871,4315,299425,700583,8630,1401166,"100mill-boot"
32,2,"petite","second",37473,41372,3652684,6347386,82744,12694772,2859,4277,296277,703912,8554,1407824,"100mill-boot"
32,3,"petite","second",37893,41253,3694858,6305182,82506,12610364,2985,4222,312341,688196,8444,1376392,"100mill-boot"
32,4,"petite","second",37448,41468,3645120,6354993,82936,12709986,2860,4247,300640,699429,8494,1398858,"100mill-boot"
32,5,"petite","second",37680,41327,3662377,6337723,82654,12675446,2806,4254,291084,708933,8508,1417866,"100mill-boot"
32,6,"petite","second",37574,41272,3655647,6344382,82544,12688764,2810,4334,288230,711887,8668,1423774,"100mill-boot"
32,7,"petite","second",37605,41265,3650590,6349531,82530,12699062,2737,4322,287839,712182,8644,1424364,"100mill-boot"
32,8,"petite","second",37628,41235,3654512,6345572,82470,12691144,2754,4274,285158,714844,8548,1429688,"100mill-boot"
32,9,"petite","second",37759,41089,3671388,6328627,82178,12657254,2794,4300,291471,708976,8600,1417952,"100mill-boot"
32,10,"petite","second",37572,41160,3647339,6352693,82320,12705386,2835,4293,296159,703998,8586,1407996,"100mill-boot"
32,11,"petite","second",37698,41318,3657552,6342526,82636,12685052,2838,4269,298363,701979,8538,1403958,"100mill-boot"
32,12,"petite","second",37631,41382,3659116,6340937,82764,12681874,2818,4293,290436,709748,8586,1419496,"100mill-boot"
32,13,"petite","second",37815,41222,3663514,6336631,82444,12673262,2834,4312,292521,707501,8624,1415002,"100mill-boot"
32,14,"petite","second",37251,41439,3623761,6376259,82878,12752518,2869,4230,298994,701618,8460,1403236,"100mill-boot"
32,15,"petite","second",37840,41123,3677186,6322960,82246,12645920,2890,4212,303266,696735,8424,1393470,"100mill-boot"
32,16,"petite","second",37417,41228,3624552,6375533,82456,12751066,2791,4279,287645,712509,8558,1425018,"100mill-boot"
32,17,"petite","second",37518,41270,3643773,6356278,82540,12712556,2894,4219,301757,698531,8438,1397062,"100mill-boot"
32,18,"petite","second",37683,41223,3661585,6338431,82446,12676862,2774,4311,286811,713392,8622,1426784,"100mill-boot"
32,19,"petite","second",37545,41232,3655455,6344623,82464,12689246,2724,4257,288714,711366,8514,1422732,"100mill-boot"
32,20,"petite","second",37956,41067,3699248,6300818,82134,12601636,2851,4264,299746,700529,8528,1401058,"100mill-boot"
32,21,"petite","second",37643,41270,3665609,6334439,82540,12668878,2877,4274,301341,698807,8548,1397614,"100mill-boot"
32,22,"petite","second",37762,41224,3680068,6319967,82448,12639934,2779,4232,294419,706061,8464,1412122,"100mill-boot"
32,23,"petite","second",37857,41144,3666697,6333327,82288,12666654,2817,4246,295982,704059,8492,1408118,"100mill-boot"
32,24,"petite","second",37689,41293,3663816,6336205,82586,12672410,2815,4290,295370,704654,8580,1409308,"100mill-boot"
32,25,"petite","second",37597,41387,3649657,6350519,82774,12701038,2843,4288,293865,706182,8576,1412364,"100mill-boot"
32,26,"petite","second",37607,41413,3636659,6363584,82826,12727168,2751,4306,285043,714998,8612,1429996,"100mill-boot"
32,27,"petite","second",37520,41475,3651515,6348490,82950,12696980,2835,4259,297605,702445,8518,1404890,"100mill-boot"
32,28,"petite","second",37727,41186,3669498,6330708,82372,12661416,2896,4297,301442,698693,8594,1397386,"100mill-boot"
32,29,"petite","second",37666,41189,3658703,6341384,82378,12682768,2831,4302,296668,703411,8604,1406822,"100mill-boot"
32,30,"petite","second",37724,41278,3681356,6318659,82556,12637318,2872,4294,298792,701282,8588,1402564,"100mill-boot"
50,1,"petite","second",37573,41347,3710062,6290013,82694,12580026,2858,4246,304662,695475,8492,1390950,"100mill-boot"
50,2,"petite","second",37349,41338,3699841,6300221,82676,12600442,2811,4276,298866,701512,8552,1403024,"100mill-boot"
50,3,"petite","second",37105,41551,3669390,6330665,83102,12661330,2862,4284,300649,699372,8568,1398744,"100mill-boot"
50,4,"petite","second",37454,41258,3710587,6289477,82516,12578954,2847,4248,305051,695204,8496,1390408,"100mill-boot"
50,5,"petite","second",37388,41352,3692265,6307872,82704,12615744,2800,4230,301002,699233,8460,1398466,"100mill-boot"
50,6,"petite","second",37474,41468,3696112,6303939,82936,12607878,2914,4207,314645,685496,8414,1370992,"100mill-boot"
50,7,"petite","second",37607,41171,3710760,6289258,82342,12578516,2797,4214,298498,701544,8428,1403088,"100mill-boot"
50,8,"petite","second",37285,41379,3692485,6307595,82758,12615190,2857,4201,306907,693114,8402,1386228,"100mill-boot"
50,9,"petite","second",37982,41103,3748044,6252072,82206,12504144,2935,4230,313290,686856,8460,1373712,"100mill-boot"
50,10,"petite","second",37666,41232,3707834,6292176,82464,12584352,2890,4206,305657,694817,8412,1389634,"100mill-boot"
50,11,"petite","second",37290,41426,3675939,6324093,82852,12648186,2819,4274,300806,699442,8548,1398884,"100mill-boot"
50,12,"petite","second",37305,41568,3672019,6328005,83136,12656010,2807,4274,297755,702645,8548,1405290,"100mill-boot"
50,13,"petite","second",37477,41355,3709737,6290380,82710,12580760,2900,4268,304970,695379,8536,1390758,"100mill-boot"
50,14,"petite","second",37654,41387,3707898,6292128,82774,12584256,2935,4251,310984,689313,8502,1378626,"100mill-boot"
50,15,"petite","second",37441,41358,3697980,6302043,82716,12604086,2856,4303,300605,699587,8606,1399174,"100mill-boot"
50,16,"petite","second",37612,41272,3709158,6290890,82544,12581780,2869,4282,305479,694737,8564,1389474,"100mill-boot"
50,17,"petite","second",37491,41312,3705612,6294575,82624,12589150,2823,4329,299309,700987,8658,1401974,"100mill-boot"
50,18,"petite","second",37505,41280,3708364,6291692,82560,12583384,2820,4277,303022,697037,8554,1394074,"100mill-boot"
50,19,"petite","second",37561,41290,3710846,6289170,82580,12578340,2858,4269,304804,695414,8538,1390828,"100mill-boot"
50,20,"petite","second",37557,41340,3705772,6294271,82680,12588542,2808,4284,296270,704089,8568,1408178,"100mill-boot"
50,21,"petite","second",37822,41206,3733962,6266092,82412,12532184,2862,4247,306171,693951,8494,1387902,"100mill-boot"
50,22,"petite","second",37500,41379,3697930,6302130,82758,12604260,2880,4313,301689,698385,8626,1396770,"100mill-boot"
50,23,"petite","second",37532,41358,3702640,6297497,82716,12594994,2781,4242,297432,702583,8484,1405166,"100mill-boot"
50,24,"petite","second",37649,41276,3722537,6277502,82552,12555004,2894,4243,309620,690422,8486,1380844,"100mill-boot"
50,25,"petite","second",37551,41087,3706273,6293733,82174,12587466,2929,4234,309614,690654,8468,1381308,"100mill-boot"
50,26,"petite","second",37652,41305,3713827,6286205,82610,12572410,2824,4300,300602,699423,8600,1398846,"100mill-boot"
50,27,"petite","second",37440,41371,3702327,6297756,82742,12595512,2915,4181,309317,690764,8362,1381528,"100mill-boot"
50,28,"petite","second",37375,41442,3678035,6322133,82884,12644266,2810,4352,295226,705165,8704,1410330,"100mill-boot"
50,29,"petite","second",37396,41178,3696394,6303722,82356,12607444,2837,4226,305379,694803,8452,1389606,"100mill-boot"
50,30,"petite","second",37296,41528,3682375,6317657,83056,12635314,2829,4262,300549,699970,8524,1399940,"100mill-boot"
43,1,"petite","second",36489,42026,3598629,6401435,84052,12802870,2737,4303,291079,708980,8606,1417960,"100mill-boot"
43,2,"petite","second",36653,42080,3624562,6375547,84160,12751094,2782,4314,296114,703951,8628,1407902,"100mill-boot"
43,3,"petite","second",36127,42099,3580326,6419728,84198,12839456,2830,4284,299168,700906,8568,1401812,"100mill-boot"
43,4,"petite","second",36252,42180,3581072,6418981,84360,12837962,2691,4327,285999,714081,8654,1428162,"100mill-boot"
43,5,"petite","second",36153,42150,3589799,6410245,84300,12820490,2783,4291,302696,697508,8582,1395016,"100mill-boot"
43,6,"petite","second",36398,42068,3594301,6405838,84136,12811676,2725,4357,288582,711523,8714,1423046,"100mill-boot"
43,7,"petite","second",36449,42039,3602790,6397400,84078,12794800,2817,4291,299305,700747,8582,1401494,"100mill-boot"
43,8,"petite","second",36175,42230,3577373,6422651,84460,12845302,2858,4293,302935,697210,8586,1394420,"100mill-boot"
43,9,"petite","second",36261,42267,3596864,6403177,84534,12806354,2859,4264,306014,694074,8528,1388148,"100mill-boot"
43,10,"petite","second",36370,42181,3596617,6403387,84362,12806774,2817,4299,297868,702187,8598,1404374,"100mill-boot"
43,11,"petite","second",36284,42119,3599538,6400485,84238,12800970,2743,4345,292102,708493,8690,1416986,"100mill-boot"
43,12,"petite","second",36447,41918,3607604,6392403,83836,12784806,2827,4324,300015,700360,8648,1400720,"100mill-boot"
43,13,"petite","second",36247,42069,3601016,6399047,84138,12798094,2785,4304,297814,702613,8608,1405226,"100mill-boot"
43,14,"petite","second",36255,42260,3593492,6406535,84520,12813070,2768,4301,294283,705932,8602,1411864,"100mill-boot"
43,15,"petite","second",35915,42444,3563825,6436399,84888,12872798,2738,4325,293381,706774,8650,1413548,"100mill-boot"
43,16,"petite","second",36360,42047,3608062,6391949,84094,12783898,2816,4299,299562,700729,8598,1401458,"100mill-boot"
43,17,"petite","second",35923,42318,3548038,6452159,84636,12904318,2647,4339,285200,714832,8678,1429664,"100mill-boot"
43,18,"petite","second",36018,42232,3568482,6431710,84464,12863420,2695,4349,286629,713690,8698,1427380,"100mill-boot"
43,19,"petite","second",36075,42111,3581084,6418974,84222,12837948,2739,4307,294098,706184,8614,1412368,"100mill-boot"
43,20,"petite","second",35996,42179,3570498,6429645,84358,12859290,2804,4328,299011,700991,8656,1401982,"100mill-boot"
43,21,"petite","second",36070,42225,3576553,6423502,84450,12847004,2722,4341,292071,708322,8682,1416644,"100mill-boot"
43,22,"petite","second",36206,42051,3585150,6414966,84102,12829932,2786,4298,297345,702706,8596,1405412,"100mill-boot"
43,23,"petite","second",36372,42245,3605856,6394154,84490,12788308,2786,4353,294907,705133,8706,1410266,"100mill-boot"
43,24,"petite","second",36288,42223,3590101,6410065,84446,12820130,2731,4386,287497,712787,8772,1425574,"100mill-boot"
43,25,"petite","second",36237,42173,3583873,6416164,84346,12832328,2837,4315,301657,698423,8630,1396846,"100mill-boot"
43,26,"petite","second",35969,42129,3565252,6434831,84258,12869662,2741,4333,291519,708610,8666,1417220,"100mill-boot"
43,27,"petite","second",36543,41780,3622648,6377388,83560,12754776,2792,4264,300008,700155,8528,1400310,"100mill-boot"
43,28,"petite","second",36321,42018,3606411,6393729,84036,12787458,2782,4305,297072,703256,8610,1406512,"100mill-boot"
43,29,"petite","second",36220,42017,3582104,6417987,84034,12835974,2758,4308,294036,706226,8616,1412452,"100mill-boot"
43,30,"petite","second",35984,42202,3570723,6429302,84404,12858604,2733,4300,293074,706933,8600,1413866,"100mill-boot"
44,1,"petite","second",37333,41374,3666435,6333591,82748,12667182,2745,4258,286543,713534,8516,1427068,"100mill-boot"
44,2,"petite","second",36827,41442,3626553,6373551,82884,12747102,2883,4189,304564,695582,8378,1391164,"100mill-boot"
44,3,"petite","second",37280,41524,3660044,6340041,83048,12680082,2788,4280,294936,705107,8560,1410214,"100mill-boot"
44,4,"petite","second",37482,41385,3678171,6321863,82770,12643726,2837,4246,298499,701525,8492,1403050,"100mill-boot"
44,5,"petite","second",37246,41638,3650071,6350015,83276,12700030,2830,4266,297982,702044,8532,1404088,"100mill-boot"
44,6,"petite","second",37514,41437,3681038,6319011,82874,12638022,2890,4260,303449,696660,8520,1393320,"100mill-boot"
44,7,"petite","second",37281,41440,3662748,6337289,82880,12674578,2815,4240,296339,704026,8480,1408052,"100mill-boot"
44,8,"petite","second",37318,41414,3653311,6346699,82828,12693398,2793,4253,293280,706737,8506,1413474,"100mill-boot"
44,9,"petite","second",37649,41237,3697887,6302230,82474,12604460,2853,4212,303257,696897,8424,1393794,"100mill-boot"
44,10,"petite","second",37343,41287,3677170,6322870,82574,12645740,2859,4174,303728,696695,8348,1393390,"100mill-boot"
44,11,"petite","second",37740,41248,3705473,6294600,82496,12589200,2844,4266,302185,697905,8532,1395810,"100mill-boot"
44,12,"petite","second",37518,41436,3672533,6327588,82872,12655176,2832,4250,300191,699824,8500,1399648,"100mill-boot"
44,13,"petite","second",37524,41328,3682385,6317807,82656,12635614,2942,4151,311138,688902,8302,1377804,"100mill-boot"
44,14,"petite","second",37182,41627,3638246,6361856,83254,12723712,2794,4239,292604,707604,8478,1415208,"100mill-boot"
44,15,"petite","second",37319,41488,3664392,6335626,82976,12671252,2841,4250,300827,699413,8500,1398826,"100mill-boot"
44,16,"petite","second",37299,41584,3637606,6362441,83168,12724882,2887,4220,302821,697197,8440,1394394,"100mill-boot"
44,17,"petite","second",37903,41045,3703726,6296319,82090,12592638,2817,4241,295159,704920,8482,1409840,"100mill-boot"
44,18,"petite","second",37442,41514,3677706,6322350,83028,12644700,2834,4289,299289,700914,8578,1401828,"100mill-boot"
44,19,"petite","second",37161,41511,3649899,6350122,83022,12700244,2888,4187,307790,692251,8374,1384502,"100mill-boot"
44,20,"petite","second",37232,41435,3647808,6352320,82870,12704640,2788,4243,294194,705941,8486,1411882,"100mill-boot"
44,21,"petite","second",37516,41250,3672275,6327964,82500,12655928,2909,4209,303933,696368,8418,1392736,"100mill-boot"
44,22,"petite","second",37539,41400,3691713,6308392,82800,12616784,2886,4210,305424,694768,8420,1389536,"100mill-boot"
44,23,"petite","second",37692,41199,3695864,6304175,82398,12608350,2820,4253,298332,701782,8506,1403564,"100mill-boot"
44,24,"petite","second",37119,41400,3643616,6356402,82800,12712804,2833,4217,300375,699795,8434,1399590,"100mill-boot"
44,25,"petite","second",37480,41387,3671141,6328963,82774,12657926,2873,4247,300715,699583,8494,1399166,"100mill-boot"
44,26,"petite","second",37235,41612,3640288,6359775,83224,12719550,2826,4254,297012,703201,8508,1406402,"100mill-boot"
44,27,"petite","second",37585,41587,3674285,6325752,83174,12651504,2847,4289,302378,697695,8578,1395390,"100mill-boot"
44,28,"petite","second",37296,41368,3660608,6339411,82736,12678822,2861,4208,307073,693033,8416,1386066,"100mill-boot"
44,29,"petite","second",37301,41331,3656528,6343702,82662,12687404,2853,4274,298141,702116,8548,1404232,"100mill-boot"
44,30,"petite","second",37207,41442,3651246,6348792,82884,12697584,2782,4273,291258,708746,8546,1417492,"100mill-boot"
10,1,"petite","second",37302,41792,3676564,6323522,83584,12647044,2766,4339,292169,707895,8678,1415790,"100mill-boot"
10,2,"petite","second",37063,41857,3643847,6356310,83714,12712620,2864,4287,301812,698419,8574,1396838,"100mill-boot"
10,3,"petite","second",37111,41814,3664197,6335827,83628,12671654,2862,4236,304957,695157,8472,1390314,"100mill-boot"
10,4,"petite","second",37101,41878,3654712,6345339,83756,12690678,2786,4299,298912,701189,8598,1402378,"100mill-boot"
10,5,"petite","second",36945,41796,3647102,6353037,83592,12706074,2790,4269,294705,705445,8538,1410890,"100mill-boot"
10,6,"petite","second",37017,41904,3651344,6348685,83808,12697370,2779,4318,294869,705412,8636,1410824,"100mill-boot"
10,7,"petite","second",37015,41822,3647236,6352879,83644,12705758,2849,4310,296872,703496,8620,1406992,"100mill-boot"
10,8,"petite","second",37105,41923,3654111,6345944,83846,12691888,2794,4379,292586,707554,8758,1415108,"100mill-boot"
10,9,"petite","second",37524,41485,3708146,6291909,82970,12583818,2905,4268,307110,693142,8536,1386284,"100mill-boot"
10,10,"petite","second",37224,41726,3664151,6335900,83452,12671800,2884,4317,301898,698134,8634,1396268,"100mill-boot"
10,11,"petite","second",36790,41811,3637727,6362281,83622,12724562,2910,4271,308257,691825,8542,1383650,"100mill-boot"
10,12,"petite","second",37239,41779,3663992,6336133,83558,12672266,2852,4254,305008,695105,8508,1390210,"100mill-boot"
10,13,"petite","second",37059,41876,3653193,6346887,83752,12693774,2810,4279,299996,700128,8558,1400256,"100mill-boot"
10,14,"petite","second",37283,41817,3686179,6313945,83634,12627890,2839,4326,301558,698625,8652,1397250,"100mill-boot"
10,15,"petite","second",37068,41931,3655374,6344667,83862,12689334,2855,4323,298627,702010,8646,1404020,"100mill-boot"
10,16,"petite","second",37347,41906,3674418,6325686,83812,12651372,2838,4298,300643,699887,8596,1399774,"100mill-boot"
10,17,"petite","second",37005,41751,3650775,6349274,83502,12698548,2725,4293,290208,710271,8586,1420542,"100mill-boot"
10,18,"petite","second",37216,41790,3667312,6332879,83580,12665758,2796,4285,300235,699852,8570,1399704,"100mill-boot"
10,19,"petite","second",37381,41614,3681327,6318744,83228,12637488,2902,4289,307044,693030,8578,1386060,"100mill-boot"
10,20,"petite","second",37107,41733,3660751,6339337,83466,12678674,2867,4247,306384,693647,8494,1387294,"100mill-boot"
10,21,"petite","second",37171,41624,3662588,6337535,83248,12675070,2835,4290,298047,702060,8580,1404120,"100mill-boot"
10,22,"petite","second",37115,41863,3661748,6338284,83726,12676568,2774,4271,298376,701818,8542,1403636,"100mill-boot"
10,23,"petite","second",37393,41689,3677575,6322483,83378,12644966,2874,4299,303455,696814,8598,1393628,"100mill-boot"
10,24,"petite","second",37408,41680,3692419,6307585,83360,12615170,2928,4260,310714,689783,8520,1379566,"100mill-boot"
10,25,"petite","second",37209,41650,3665146,6334883,83300,12669766,2886,4247,307407,692940,8494,1385880,"100mill-boot"
10,26,"petite","second",37237,41771,3667975,6332175,83542,12664350,2863,4348,299325,700791,8696,1401582,"100mill-boot"
10,27,"petite","second",37101,41811,3659535,6340557,83622,12681114,2818,4293,298023,702046,8586,1404092,"100mill-boot"
10,28,"petite","second",37325,41623,3685830,6314374,83246,12628748,2881,4253,300317,699986,8506,1399972,"100mill-boot"
10,29,"petite","second",37415,41740,3676853,6323264,83480,12646528,2924,4230,310448,689590,8460,1379180,"100mill-boot"
10,30,"petite","second",37009,41904,3656986,6343033,83808,12686066,2822,4318,300449,699690,8636,1399380,"100mill-boot"
17,1,"petite","second",36699,41908,3616951,6383169,83816,12766338,2679,4322,285774,714511,8644,1429022,"100mill-boot"
17,2,"petite","second",36718,41844,3601914,6398221,83688,12796442,2814,4304,295881,704427,8608,1408854,"100mill-boot"
17,3,"petite","second",36876,41849,3611412,6388612,83698,12777224,2774,4280,290393,709609,8560,1419218,"100mill-boot"
17,4,"petite","second",36990,41872,3621367,6378683,83744,12757366,2835,4294,298264,701900,8588,1403800,"100mill-boot"
17,5,"petite","second",37040,41621,3643635,6356383,83242,12712766,2733,4310,289300,710718,8620,1421436,"100mill-boot"
17,6,"petite","second",36859,42014,3599599,6400577,84028,12801154,2762,4360,291480,708678,8720,1417356,"100mill-boot"
17,7,"petite","second",37126,41693,3653922,6346188,83386,12692376,2863,4229,305105,695021,8458,1390042,"100mill-boot"
17,8,"petite","second",36599,41850,3609757,6390460,83700,12780920,2773,4302,296318,703920,8604,1407840,"100mill-boot"
17,9,"petite","second",36932,41762,3631917,6368187,83524,12736374,2852,4274,300370,700278,8548,1400556,"100mill-boot"
17,10,"petite","second",36626,41820,3602710,6397343,83640,12794686,2703,4349,286457,713709,8698,1427418,"100mill-boot"
17,11,"petite","second",36816,41849,3625116,6374888,83698,12749776,2734,4352,290088,710220,8704,1420440,"100mill-boot"
17,12,"petite","second",37052,41727,3629890,6370142,83454,12740284,2856,4225,299275,700801,8450,1401602,"100mill-boot"
17,13,"petite","second",36936,41852,3629864,6370273,83704,12740546,2825,4294,299000,701017,8588,1402034,"100mill-boot"
17,14,"petite","second",36714,41833,3603205,6396861,83666,12793722,2763,4353,293888,706240,8706,1412480,"100mill-boot"
17,15,"petite","second",37004,41840,3631534,6368468,83680,12736936,2786,4328,293054,707389,8656,1414778,"100mill-boot"
17,16,"petite","second",37218,41852,3643916,6356215,83704,12712430,2774,4345,292792,707229,8690,1414458,"100mill-boot"
17,17,"petite","second",37101,41736,3653364,6346700,83472,12693400,2816,4279,299257,700793,8558,1401586,"100mill-boot"
17,18,"petite","second",36867,41697,3632991,6367054,83394,12734108,2777,4313,290769,709348,8626,1418696,"100mill-boot"
17,19,"petite","second",36736,41831,3611719,6388324,83662,12776648,2813,4283,295984,704186,8566,1408372,"100mill-boot"
17,20,"petite","second",36917,41786,3625263,6374770,83572,12749540,2695,4377,282704,717476,8754,1434952,"100mill-boot"
17,21,"petite","second",36854,41827,3614864,6385284,83654,12770568,2879,4273,299414,700996,8546,1401992,"100mill-boot"
17,22,"petite","second",37105,41788,3636898,6363306,83576,12726612,2767,4333,289241,711294,8666,1422588,"100mill-boot"
17,23,"petite","second",36604,42073,3583649,6416445,84146,12832890,2853,4300,299209,700800,8600,1401600,"100mill-boot"
17,24,"petite","second",36883,41766,3630709,6369499,83532,12738998,2791,4343,293963,706251,8686,1412502,"100mill-boot"
17,25,"petite","second",36570,41954,3600159,6400036,83908,12800072,2778,4315,287554,712806,8630,1425612,"100mill-boot"
17,26,"petite","second",36601,41882,3596942,6403089,83764,12806178,2690,4291,287768,712697,8582,1425394,"100mill-boot"
17,27,"petite","second",37246,41664,3646216,6353860,83328,12707720,2782,4270,294620,705418,8540,1410836,"100mill-boot"
17,28,"petite","second",37081,41611,3652244,6347833,83222,12695666,2842,4240,302372,697746,8480,1395492,"100mill-boot"
17,29,"petite","second",37032,41834,3646041,6353968,83668,12707936,2835,4279,301772,698330,8558,1396660,"100mill-boot"
17,30,"petite","second",36859,41809,3620402,6379708,83618,12759416,2786,4233,292378,708058,8466,1416116,"100mill-boot"
28,1,"petite","second",38053,41096,3711466,6288558,82192,12577116,2912,4232,303395,696694,8464,1393388,"100mill-boot"
28,2,"petite","second",38170,41055,3737874,6262261,82110,12524522,2926,4216,314670,685363,8432,1370726,"100mill-boot"
28,3,"petite","second",37679,41200,3697568,6302467,82400,12604934,2941,4185,312698,687730,8370,1375460,"100mill-boot"
28,4,"petite","second",37814,41152,3707964,6292046,82304,12584092,2890,4257,303239,696826,8514,1393652,"100mill-boot"
28,5,"petite","second",38003,41137,3704778,6295224,82274,12590448,2928,4263,307502,692568,8526,1385136,"100mill-boot"
28,6,"petite","second",38294,41067,3750607,6249412,82134,12498824,2991,4162,315393,684844,8324,1369688,"100mill-boot"
28,7,"petite","second",37945,41106,3695735,6304317,82212,12608634,2862,4262,301693,698337,8524,1396674,"100mill-boot"
28,8,"petite","second",37877,41406,3698545,6301475,82812,12602950,2914,4225,306350,693768,8450,1387536,"100mill-boot"
28,9,"petite","second",37844,41249,3697265,6302736,82498,12605472,2905,4214,308455,691568,8428,1383136,"100mill-boot"
28,10,"petite","second",37942,41138,3714206,6285839,82276,12571678,2921,4286,307188,692935,8572,1385870,"100mill-boot"
28,11,"petite","second",37998,41187,3721024,6279050,82374,12558100,2902,4244,308355,691786,8488,1383572,"100mill-boot"
28,12,"petite","second",37759,41166,3695048,6305071,82332,12610142,2821,4238,300787,699624,8476,1399248,"100mill-boot"
28,13,"petite","second",37911,41134,3715115,6284967,82268,12569934,2867,4252,301129,699173,8504,1398346,"100mill-boot"
28,14,"petite","second",37793,41373,3703144,6296929,82746,12593858,2854,4283,297212,703174,8566,1406348,"100mill-boot"
28,15,"petite","second",37924,41273,3717364,6282697,82546,12565394,2830,4270,299147,700856,8540,1401712,"100mill-boot"
28,16,"petite","second",38026,41152,3728254,6271869,82304,12543738,2923,4256,309831,690172,8512,1380344,"100mill-boot"
28,17,"petite","second",37810,41327,3702852,6297176,82654,12594352,2909,4272,303158,696936,8544,1393872,"100mill-boot"
28,18,"petite","second",37801,41229,3702573,6297502,82458,12595004,2878,4231,302922,697123,8462,1394246,"100mill-boot"
28,19,"petite","second",37815,41100,3714045,6285967,82200,12571934,2973,4166,313856,686161,8332,1372322,"100mill-boot"
28,20,"petite","second",37867,40962,3716537,6283502,81924,12567004,2899,4166,306636,693438,8332,1386876,"100mill-boot"
28,21,"petite","second",37969,41161,3714384,6285796,82322,12571592,2926,4237,305455,694654,8474,1389308,"100mill-boot"
28,22,"petite","second",38006,40975,3728068,6271964,81950,12543928,2906,4216,308117,692099,8432,1384198,"100mill-boot"
28,23,"petite","second",37941,41203,3709113,6290903,82406,12581806,2870,4276,302870,697314,8552,1394628,"100mill-boot"
28,24,"petite","second",37989,41083,3726101,6273958,82166,12547916,2912,4240,310207,690282,8480,1380564,"100mill-boot"
28,25,"petite","second",38279,41001,3741384,6258726,82002,12517452,2920,4212,308953,691089,8424,1382178,"100mill-boot"
28,26,"petite","second",37468,41566,3670907,6329188,83132,12658376,2793,4290,294478,705532,8580,1411064,"100mill-boot"
28,27,"petite","second",37819,41132,3705655,6294384,82264,12588768,2956,4221,312007,688109,8442,1376218,"100mill-boot"
28,28,"petite","second",37796,41270,3700429,6299706,82540,12599412,2893,4252,305344,694682,8504,1389364,"100mill-boot"
28,29,"petite","second",38042,41064,3731135,6268865,82128,12537730,2894,4267,305593,695261,8534,1390522,"100mill-boot"
28,30,"petite","second",37653,41430,3683029,6317106,82860,12634212,2814,4273,298665,701540,8546,1403080,"100mill-boot"
21,1,"petite","second",37089,41522,3589220,6410784,83044,12821568,2803,4292,290382,709674,8584,1419348,"100mill-boot"
21,2,"petite","second",37153,41224,3621740,6378287,82448,12756574,2828,4221,294918,705178,8442,1410356,"100mill-boot"
21,3,"petite","second",37157,41476,3611750,6388370,82952,12776740,2826,4269,295671,704587,8538,1409174,"100mill-boot"
21,4,"petite","second",37270,41361,3618105,6381966,82722,12763932,2774,4257,291462,709095,8514,1418190,"100mill-boot"
21,5,"petite","second",37328,41256,3633088,6366937,82512,12733874,2824,4213,295239,705163,8426,1410326,"100mill-boot"
21,6,"petite","second",37425,41386,3634598,6365622,82772,12731244,2895,4242,302761,697399,8484,1394798,"100mill-boot"
21,7,"petite","second",37478,41201,3632410,6367757,82402,12735514,2878,4211,299659,700398,8422,1400796,"100mill-boot"
21,8,"petite","second",37133,41489,3611260,6388765,82978,12777530,2734,4298,288106,711989,8596,1423978,"100mill-boot"
21,9,"petite","second",37590,41171,3651559,6348519,82342,12697038,2912,4223,302676,697347,8446,1394694,"100mill-boot"
21,10,"petite","second",37054,41348,3598080,6402040,82696,12804080,2862,4215,299608,700786,8430,1401572,"100mill-boot"
21,11,"petite","second",37569,41107,3654146,6345985,82214,12691970,2792,4303,292375,707665,8606,1415330,"100mill-boot"
21,12,"petite","second",37647,41246,3659330,6340725,82492,12681450,2861,4245,296698,703479,8490,1406958,"100mill-boot"
21,13,"petite","second",37422,41347,3630658,6369516,82694,12739032,2776,4257,288087,711974,8514,1423948,"100mill-boot"
21,14,"petite","second",37487,41163,3648850,6351390,82326,12702780,2825,4245,295420,704650,8490,1409300,"100mill-boot"
21,15,"petite","second",37386,41285,3640860,6359189,82570,12718378,2702,4340,283029,717510,8680,1435020,"100mill-boot"
21,16,"petite","second",37095,41624,3600829,6399228,83248,12798456,2765,4321,288378,711793,8642,1423586,"100mill-boot"
21,17,"petite","second",37329,41345,3629109,6370992,82690,12741984,2772,4249,292278,707841,8498,1415682,"100mill-boot"
21,18,"petite","second",37219,41426,3614588,6385489,82852,12770978,2761,4303,288139,712135,8606,1424270,"100mill-boot"
21,19,"petite","second",37025,41487,3597755,6402249,82974,12804498,2828,4236,297039,703152,8472,1406304,"100mill-boot"
21,20,"petite","second",37556,41225,3650561,6349475,82450,12698950,2801,4278,293007,707128,8556,1414256,"100mill-boot"
21,21,"petite","second",37263,41164,3623160,6376859,82328,12753718,2825,4250,294090,706235,8500,1412470,"100mill-boot"
21,22,"petite","second",37251,41496,3606580,6393487,82992,12786974,2755,4322,284788,715382,8644,1430764,"100mill-boot"
21,23,"petite","second",37820,41026,3668816,6331370,82052,12662740,2767,4271,289014,711604,8542,1423208,"100mill-boot"
21,24,"petite","second",37357,41476,3612498,6387630,82952,12775260,2823,4249,293607,706690,8498,1413380,"100mill-boot"
21,25,"petite","second",37471,41220,3640761,6359347,82440,12718694,2851,4210,293281,706805,8420,1413610,"100mill-boot"
21,26,"petite","second",37546,41364,3646673,6353332,82728,12706664,2851,4208,298665,701537,8416,1403074,"100mill-boot"
21,27,"petite","second",37446,41236,3640239,6359845,82472,12719690,2805,4277,292913,707193,8554,1414386,"100mill-boot"
21,28,"petite","second",37573,41181,3658314,6341690,82362,12683380,2896,4266,299906,700140,8532,1400280,"100mill-boot"
21,29,"petite","second",37402,41139,3634203,6366055,82278,12732110,2794,4224,291503,708797,8448,1417594,"100mill-boot"
21,30,"petite","second",37265,41318,3627521,6372483,82636,12744966,2852,4249,301156,699005,8498,1398010,"100mill-boot"
26,1,"petite","second",38172,40700,3691135,6308965,81400,12617930,2919,4153,302135,698085,8306,1396170,"100mill-boot"
26,2,"petite","second",37986,40782,3680928,6319296,81564,12638592,2913,4189,302312,697896,8378,1395792,"100mill-boot"
26,3,"petite","second",37980,40845,3683835,6316204,81690,12632408,2856,4197,299174,700898,8394,1401796,"100mill-boot"
26,4,"petite","second",37943,40798,3687285,6312803,81596,12625606,2917,4208,309264,690917,8416,1381834,"100mill-boot"
26,5,"petite","second",38060,40745,3690815,6309371,81490,12618742,2820,4247,294435,705622,8494,1411244,"100mill-boot"
26,6,"petite","second",38349,40687,3701209,6298921,81374,12597842,2920,4232,302954,697115,8464,1394230,"100mill-boot"
26,7,"petite","second",37903,40942,3669858,6330173,81884,12660346,2856,4234,295976,704156,8468,1408312,"100mill-boot"
26,8,"petite","second",38278,40546,3706633,6293378,81092,12586756,2880,4206,297919,702228,8412,1404456,"100mill-boot"
26,9,"petite","second",38549,40537,3722215,6277914,81074,12555828,2977,4142,312085,687928,8284,1375856,"100mill-boot"
26,10,"petite","second",38312,40613,3707104,6292940,81226,12585880,2972,4159,306794,693322,8318,1386644,"100mill-boot"
26,11,"petite","second",38304,40746,3699088,6300917,81492,12601834,2889,4148,301350,699099,8296,1398198,"100mill-boot"
26,12,"petite","second",38193,40750,3691137,6308916,81500,12617832,2824,4252,291729,708333,8504,1416666,"100mill-boot"
26,13,"petite","second",38130,40795,3682083,6318004,81590,12636008,2804,4182,292451,707733,8364,1415466,"100mill-boot"
26,14,"petite","second",37897,41031,3674610,6325497,82062,12650994,2939,4241,307819,692409,8482,1384818,"100mill-boot"
26,15,"petite","second",38249,40622,3708103,6291936,81244,12583872,2905,4209,304246,695890,8418,1391780,"100mill-boot"
26,16,"petite","second",38155,40623,3686417,6313626,81246,12627252,2789,4215,290744,709313,8430,1418626,"100mill-boot"
26,17,"petite","second",38167,40856,3678074,6321978,81712,12643956,2910,4218,299609,700981,8436,1401962,"100mill-boot"
26,18,"petite","second",38001,40885,3675138,6324984,81770,12649968,2827,4269,291033,709513,8538,1419026,"100mill-boot"
26,19,"petite","second",38009,40889,3691084,6308997,81778,12617994,2932,4114,307427,692642,8228,1385284,"100mill-boot"
26,20,"petite","second",38439,40690,3712922,6287088,81380,12574176,2956,4158,305221,694828,8316,1389656,"100mill-boot"
26,21,"petite","second",38279,40713,3714151,6285922,81426,12571844,2909,4222,302307,697723,8444,1395446,"100mill-boot"
26,22,"petite","second",38523,40644,3733673,6266424,81288,12532848,2862,4223,302217,697921,8446,1395842,"100mill-boot"
26,23,"petite","second",38583,40531,3737126,6262896,81062,12525792,2794,4251,294522,705595,8502,1411190,"100mill-boot"
26,24,"petite","second",38170,40628,3694964,6305068,81256,12610136,2819,4246,292289,707835,8492,1415670,"100mill-boot"
26,25,"petite","second",38282,40809,3693377,6306653,81618,12613306,2862,4226,294008,706333,8452,1412666,"100mill-boot"
26,26,"petite","second",38259,40958,3685889,6314334,81916,12628668,2896,4242,299108,700991,8484,1401982,"100mill-boot"
26,27,"petite","second",38178,40971,3693249,6306770,81942,12613540,2899,4250,302306,697942,8500,1395884,"100mill-boot"
26,28,"petite","second",38559,40663,3734250,6265765,81326,12531530,3023,4174,311602,688454,8348,1376908,"100mill-boot"
26,29,"petite","second",38329,40639,3699470,6300629,81278,12601258,2920,4194,304448,695732,8388,1391464,"100mill-boot"
26,30,"petite","second",38200,40777,3716654,6283453,81554,12566906,2987,4177,311304,688827,8354,1377654,"100mill-boot"
19,1,"petite","second",37603,41654,3697735,6302319,83308,12604638,2838,4294,304087,696043,8588,1392086,"100mill-boot"
19,2,"petite","second",37456,41515,3705845,6294320,83030,12588640,2819,4274,299135,701193,8548,1402386,"100mill-boot"
19,3,"petite","second",37486,41668,3697032,6303069,83336,12606138,2819,4367,296241,704063,8734,1408126,"100mill-boot"
19,4,"petite","second",37436,41628,3701894,6298111,83256,12596222,2886,4220,311787,688243,8440,1376486,"100mill-boot"
19,5,"petite","second",37651,41562,3704364,6295677,83124,12591354,2855,4259,306822,693211,8518,1386422,"100mill-boot"
19,6,"petite","second",37459,41681,3695259,6304778,83362,12609556,2871,4310,305508,694882,8620,1389764,"100mill-boot"
19,7,"petite","second",37645,41562,3715263,6284748,83124,12569496,2855,4253,302040,698102,8506,1396204,"100mill-boot"
19,8,"petite","second",37609,41586,3706386,6293620,83172,12587240,2824,4339,300543,699526,8678,1399052,"100mill-boot"
19,9,"petite","second",37664,41480,3695727,6304367,82960,12608734,2863,4248,304344,695697,8496,1391394,"100mill-boot"
19,10,"petite","second",37537,41720,3693530,6306536,83440,12613072,2905,4272,309209,690834,8544,1381668,"100mill-boot"
19,11,"petite","second",37798,41453,3726791,6273278,82906,12546556,2900,4227,309693,690615,8454,1381230,"100mill-boot"
19,12,"petite","second",37783,41537,3732384,6267629,83074,12535258,2888,4292,309210,690810,8584,1381620,"100mill-boot"
19,13,"petite","second",37729,41429,3731594,6268586,82858,12537172,2912,4279,308289,691850,8558,1383700,"100mill-boot"
19,14,"petite","second",37627,41637,3720921,6279284,83274,12558568,2829,4262,304915,695670,8524,1391340,"100mill-boot"
19,15,"petite","second",37740,41583,3711173,6288846,83166,12577692,2824,4224,300949,699189,8448,1398378,"100mill-boot"
19,16,"petite","second",37589,41596,3713874,6286174,83192,12572348,2927,4225,315515,684553,8450,1369106,"100mill-boot"
19,17,"petite","second",37353,41684,3685528,6314482,83368,12628964,2794,4334,294692,705333,8668,1410666,"100mill-boot"
19,18,"petite","second",37585,41607,3700274,6299769,83214,12599538,2806,4357,297701,702639,8714,1405278,"100mill-boot"
19,19,"petite","second",37519,41602,3707331,6292789,83204,12585578,2891,4253,309439,690737,8506,1381474,"100mill-boot"
19,20,"petite","second",37618,41533,3708514,6291577,83066,12583154,2881,4218,308075,691999,8436,1383998,"100mill-boot"
19,21,"petite","second",37590,41509,3711190,6288933,83018,12577866,2795,4321,297367,702956,8642,1405912,"100mill-boot"
19,22,"petite","second",37305,41734,3689988,6310190,83468,12620380,2852,4297,305097,694914,8594,1389828,"100mill-boot"
19,23,"petite","second",37863,41392,3725033,6275054,82784,12550108,2890,4295,303379,696727,8590,1393454,"100mill-boot"
19,24,"petite","second",37467,41675,3677071,6323111,83350,12646222,2839,4353,297997,702073,8706,1404146,"100mill-boot"
19,25,"petite","second",37674,41594,3704098,6295983,83188,12591966,2856,4288,300894,699119,8576,1398238,"100mill-boot"
19,26,"petite","second",37682,41710,3707153,6292976,83420,12585952,2740,4393,289040,711193,8786,1422386,"100mill-boot"
19,27,"petite","second",37458,41759,3695126,6304948,83518,12609896,2761,4347,292449,707577,8694,1415154,"100mill-boot"
19,28,"petite","second",37414,41662,3691777,6308409,83324,12616818,2820,4318,301291,699107,8636,1398214,"100mill-boot"
19,29,"petite","second",37402,41693,3690562,6309456,83386,12618912,2821,4307,297346,702701,8614,1405402,"100mill-boot"
19,30,"petite","second",37532,41559,3716574,6283464,83118,12566928,2935,4232,313440,686712,8464,1373424,"100mill-boot"
45,1,"petite","second",38005,41245,3689098,6310978,82490,12621956,2894,4224,304022,696100,8448,1392200,"100mill-boot"
45,2,"petite","second",37680,41442,3673082,6327060,82884,12654120,2882,4235,301708,698305,8470,1396610,"100mill-boot"
45,3,"petite","second",37403,41668,3634436,6365607,83336,12731214,2838,4310,296562,703473,8620,1406946,"100mill-boot"
45,4,"petite","second",37547,41788,3643001,6357103,83576,12714206,2878,4285,302366,697811,8570,1395622,"100mill-boot"
45,5,"petite","second",37807,41583,3663745,6336270,83166,12672540,2924,4305,306412,693980,8610,1387960,"100mill-boot"
45,6,"petite","second",38121,41225,3702118,6297972,82450,12595944,2929,4239,305920,694094,8478,1388188,"100mill-boot"
45,7,"petite","second",37544,41714,3633849,6366170,83428,12732340,2851,4335,295893,704122,8670,1408244,"100mill-boot"
45,8,"petite","second",37592,41493,3658522,6341520,82986,12683040,2786,4279,291131,709188,8558,1418376,"100mill-boot"
45,9,"petite","second",37860,41419,3680572,6319443,82838,12638886,2883,4269,300820,699281,8538,1398562,"100mill-boot"
45,10,"petite","second",38027,41184,3704428,6295650,82368,12591300,2880,4220,304850,695273,8440,1390546,"100mill-boot"
45,11,"petite","second",37583,41480,3646028,6354034,82960,12708068,2869,4263,301493,698588,8526,1397176,"100mill-boot"
45,12,"petite","second",37817,41259,3683066,6317095,82518,12634190,2846,4221,302250,697916,8442,1395832,"100mill-boot"
45,13,"petite","second",37531,41554,3649895,6350173,83108,12700346,2844,4307,293510,706630,8614,1413260,"100mill-boot"
45,14,"petite","second",37366,41619,3645247,6354805,83238,12709610,2859,4253,302637,697598,8506,1395196,"100mill-boot"
45,15,"petite","second",37515,41574,3648477,6351634,83148,12703268,2869,4279,300529,700010,8558,1400020,"100mill-boot"
45,16,"petite","second",37648,41379,3657646,6342378,82758,12684756,2915,4186,307534,692565,8372,1385130,"100mill-boot"
45,17,"petite","second",37766,41414,3685125,6314992,82828,12629984,2826,4307,297132,703056,8614,1406112,"100mill-boot"
45,18,"petite","second",37442,41632,3639174,6361035,83264,12722070,2882,4331,299758,700549,8662,1401098,"100mill-boot"
45,19,"petite","second",37617,41360,3673506,6326564,82720,12653128,2881,4271,300312,699755,8542,1399510,"100mill-boot"
45,20,"petite","second",37332,41509,3639520,6360481,83018,12720962,2976,4213,313320,687134,8426,1374268,"100mill-boot"
45,21,"petite","second",37734,41349,3666609,6333473,82698,12666946,2832,4254,297694,702440,8508,1404880,"100mill-boot"
45,22,"petite","second",37738,41359,3663265,6336758,82718,12673516,2852,4279,298717,701415,8558,1402830,"100mill-boot"
45,23,"petite","second",37778,41522,3661250,6338781,83044,12677562,2910,4231,304932,695428,8462,1390856,"100mill-boot"
45,24,"petite","second",37373,41596,3629507,6370568,83192,12741136,2830,4275,299723,700350,8550,1400700,"100mill-boot"
45,25,"petite","second",37776,41407,3673681,6326475,82814,12652950,2861,4261,300984,699167,8522,1398334,"100mill-boot"
45,26,"petite","second",37756,41574,3668224,6331887,83148,12663774,2844,4261,298166,702147,8522,1404294,"100mill-boot"
45,27,"petite","second",37688,41387,3665455,6334640,82774,12669280,2852,4229,300129,699908,8458,1399816,"100mill-boot"
45,28,"petite","second",38006,41397,3697470,6302648,82794,12605296,2856,4288,300114,700640,8576,1401280,"100mill-boot"
45,29,"petite","second",37731,41368,3668667,6331433,82736,12662866,2958,4240,308400,691896,8480,1383792,"100mill-boot"
45,30,"petite","second",37479,41584,3647919,6352135,83168,12704270,2834,4311,297964,702184,8622,1404368,"100mill-boot"
42,1,"petite","second",37360,41284,3690008,6310090,82568,12620180,2870,4263,302443,697602,8526,1395204,"100mill-boot"
42,2,"petite","second",37529,41222,3710579,6289449,82444,12578898,2849,4293,301324,699016,8586,1398032,"100mill-boot"
42,3,"petite","second",37319,41212,3694394,6305646,82424,12611292,2833,4210,304963,695099,8420,1390198,"100mill-boot"
42,4,"petite","second",37326,41481,3677860,6322176,82962,12644352,2835,4293,297799,702263,8586,1404526,"100mill-boot"
42,5,"petite","second",37280,41444,3680690,6319321,82888,12638642,2734,4293,292451,707733,8586,1415466,"100mill-boot"
42,6,"petite","second",37419,41439,3701031,6299034,82878,12598068,2898,4256,305989,694388,8512,1388776,"100mill-boot"
42,7,"petite","second",37682,41206,3722681,6277362,82412,12554724,2982,4193,314596,685498,8386,1370996,"100mill-boot"
42,8,"petite","second",37089,41684,3678386,6321632,83368,12643264,2834,4350,298625,701518,8700,1403036,"100mill-boot"
42,9,"petite","second",37434,41312,3707000,6293094,82624,12586188,2875,4241,305077,695506,8482,1391012,"100mill-boot"
42,10,"petite","second",37490,41277,3709981,6290052,82554,12580104,2896,4258,307834,692175,8516,1384350,"100mill-boot"
42,11,"petite","second",37179,41601,3662279,6337841,83202,12675682,2804,4300,298669,701497,8600,1402994,"100mill-boot"
42,12,"petite","second",37349,41381,3697254,6302818,82762,12605636,2852,4304,302748,697567,8608,1395134,"100mill-boot"
42,13,"petite","second",37492,41305,3701415,6298759,82610,12597518,2879,4245,302874,697170,8490,1394340,"100mill-boot"
42,14,"petite","second",37262,41342,3688240,6311781,82684,12623562,2811,4262,300850,699530,8524,1399060,"100mill-boot"
42,15,"petite","second",37616,41220,3712878,6287146,82440,12574292,2847,4241,301863,698811,8482,1397622,"100mill-boot"
42,16,"petite","second",37478,41371,3697145,6302943,82742,12605886,2874,4207,310308,690040,8414,1380080,"100mill-boot"
42,17,"petite","second",37727,41115,3723632,6276412,82230,12552824,2954,4173,312337,687768,8346,1375536,"100mill-boot"
42,18,"petite","second",37531,41279,3709103,6291053,82558,12582106,2905,4186,308536,691664,8372,1383328,"100mill-boot"
42,19,"petite","second",37457,41397,3697080,6302959,82794,12605918,2879,4281,301092,699166,8562,1398332,"100mill-boot"
42,20,"petite","second",37902,40919,3747665,6252354,81838,12504708,2829,4232,302732,697500,8464,1395000,"100mill-boot"
42,21,"petite","second",37417,41237,3691776,6308312,82474,12616624,2846,4244,301764,698294,8488,1396588,"100mill-boot"
42,22,"petite","second",37670,41332,3714166,6286005,82664,12572010,2812,4281,300825,699252,8562,1398504,"100mill-boot"
42,23,"petite","second",37693,41307,3717580,6282515,82614,12565030,2835,4263,304085,695935,8526,1391870,"100mill-boot"
42,24,"petite","second",37102,41606,3652174,6347941,83212,12695882,2857,4289,302825,697407,8578,1394814,"100mill-boot"
42,25,"petite","second",37499,41161,3706876,6293190,82322,12586380,2839,4284,300275,699945,8568,1399890,"100mill-boot"
42,26,"petite","second",37250,41456,3665208,6334800,82912,12669600,2810,4299,294944,705083,8598,1410166,"100mill-boot"
42,27,"petite","second",37827,41172,3729765,6270338,82344,12540676,2867,4259,302543,697526,8518,1395052,"100mill-boot"
42,28,"petite","second",37452,41287,3701377,6298772,82574,12597544,2783,4280,298472,701600,8560,1403200,"100mill-boot"
42,29,"petite","second",37670,41164,3731215,6268854,82328,12537708,2800,4254,297701,702337,8508,1404674,"100mill-boot"
42,30,"petite","second",37605,41395,3705678,6294325,82790,12588650,2831,4296,297988,702046,8592,1404092,"100mill-boot"
27,1,"petite","second",36949,41816,3633201,6366799,83632,12733598,2911,4249,307254,693164,8498,1386328,"100mill-boot"
27,2,"petite","second",36890,41827,3636227,6363773,83654,12727546,2826,4274,300717,699450,8548,1398900,"100mill-boot"
27,3,"petite","second",36701,41796,3618328,6381674,83592,12763348,2770,4267,294258,705920,8534,1411840,"100mill-boot"
27,4,"petite","second",36673,42098,3608934,6391079,84196,12782158,2711,4409,283607,716643,8818,1433286,"100mill-boot"
27,5,"petite","second",37253,41726,3662651,6337378,83452,12674756,2825,4271,300729,699325,8542,1398650,"100mill-boot"
27,6,"petite","second",36754,42016,3619177,6380935,84032,12761870,2783,4299,295940,704254,8598,1408508,"100mill-boot"
27,7,"petite","second",37030,41815,3628883,6371183,83630,12742366,2808,4328,294073,706121,8656,1412242,"100mill-boot"
27,8,"petite","second",37155,41693,3663587,6336441,83386,12672882,2851,4232,304099,696322,8464,1392644,"100mill-boot"
27,9,"petite","second",36911,41708,3639474,6360545,83416,12721090,2723,4288,290396,709862,8576,1419724,"100mill-boot"
27,10,"petite","second",36852,41849,3625971,6374064,83698,12748128,2793,4306,296749,703263,8612,1406526,"100mill-boot"
27,11,"petite","second",36932,41810,3632514,6367490,83620,12734980,2800,4313,296539,703791,8626,1407582,"100mill-boot"
27,12,"petite","second",36787,41861,3619619,6380706,83722,12761412,2829,4230,301107,699025,8460,1398050,"100mill-boot"
27,13,"petite","second",36839,41930,3624619,6375391,83860,12750782,2827,4272,299479,700658,8544,1401316,"100mill-boot"
27,14,"petite","second",36712,41944,3627972,6372076,83888,12744152,2801,4315,298431,701779,8630,1403558,"100mill-boot"
27,15,"petite","second",36790,41993,3617031,6383092,83986,12766184,2778,4315,296492,703522,8630,1407044,"100mill-boot"
27,16,"petite","second",36971,41741,3637642,6362574,83482,12725148,2870,4227,305967,694061,8454,1388122,"100mill-boot"
27,17,"petite","second",36981,41853,3635297,6364748,83706,12729496,2864,4272,308042,692022,8544,1384044,"100mill-boot"
27,18,"petite","second",36531,41990,3596842,6403177,83980,12806354,2738,4333,291295,708891,8666,1417782,"100mill-boot"
27,19,"petite","second",36661,41750,3619806,6380230,83500,12760460,2887,4201,307184,692819,8402,1385638,"100mill-boot"
27,20,"petite","second",36688,41940,3609097,6391021,83880,12782042,2816,4275,295508,704587,8550,1409174,"100mill-boot"
27,21,"petite","second",36697,41923,3614977,6385061,83846,12770122,2677,4341,283564,716628,8682,1433256,"100mill-boot"
27,22,"petite","second",36838,41832,3631536,6368577,83664,12737154,2761,4299,291702,709174,8598,1418348,"100mill-boot"
27,23,"petite","second",36851,41895,3620910,6379112,83790,12758224,2818,4234,303139,696953,8468,1393906,"100mill-boot"
27,24,"petite","second",36741,41874,3621630,6378479,83748,12756958,2907,4269,308840,691541,8538,1383082,"100mill-boot"
27,25,"petite","second",36988,41843,3628317,6371702,83686,12743404,2810,4336,293058,707033,8672,1414066,"100mill-boot"
27,26,"petite","second",36861,42009,3625668,6374407,84018,12748814,2776,4304,295577,704514,8608,1409028,"100mill-boot"
27,27,"petite","second",36733,41893,3607525,6392630,83786,12785260,2758,4298,292819,707291,8596,1414582,"100mill-boot"
27,28,"petite","second",37083,41841,3642898,6357141,83682,12714282,2856,4271,302041,698317,8542,1396634,"100mill-boot"
27,29,"petite","second",36795,41934,3613407,6386652,83868,12773304,2850,4239,304583,695603,8478,1391206,"100mill-boot"
27,30,"petite","second",36850,42059,3623577,6376516,84118,12753032,2855,4308,303889,696337,8616,1392674,"100mill-boot"
18,1,"petite","second",38486,41243,3761197,6238816,82486,12477632,2907,4308,307152,692882,8616,1385764,"100mill-boot"
18,2,"petite","second",37871,41652,3704579,6295629,83304,12591258,2872,4309,300639,699362,8618,1398724,"100mill-boot"
18,3,"petite","second",37914,41685,3704794,6295260,83370,12590520,2873,4273,304663,695601,8546,1391202,"100mill-boot"
18,4,"petite","second",37939,41626,3715256,6284891,83252,12569782,2977,4267,309193,690863,8534,1381726,"100mill-boot"
18,5,"petite","second",38141,41520,3730587,6269461,83040,12538922,2891,4288,308381,691695,8576,1383390,"100mill-boot"
18,6,"petite","second",38085,41654,3733221,6266809,83308,12533618,2922,4299,305933,694355,8598,1388710,"100mill-boot"
18,7,"petite","second",38070,41608,3722971,6277061,83216,12554122,2895,4293,303886,696258,8586,1392516,"100mill-boot"
18,8,"petite","second",38338,41410,3758667,6241564,82820,12483128,2953,4295,312444,687595,8590,1375190,"100mill-boot"
18,9,"petite","second",38101,41433,3719187,6280918,82866,12561836,2945,4231,310430,689668,8462,1379336,"100mill-boot"
18,10,"petite","second",37979,41630,3708668,6291392,83260,12582784,2913,4281,306938,693213,8562,1386426,"100mill-boot"
18,11,"petite","second",38178,41546,3747520,6252558,83092,12505116,2966,4250,315617,684633,8500,1369266,"100mill-boot"
18,12,"petite","second",38123,41392,3727559,6272442,82784,12544884,2918,4242,306988,693307,8484,1386614,"100mill-boot"
18,13,"petite","second",37693,41693,3692480,6307521,83386,12615042,2941,4308,305582,694809,8616,1389618,"100mill-boot"
18,14,"petite","second",37952,41667,3714472,6285536,83334,12571072,2897,4332,303527,696771,8664,1393542,"100mill-boot"
18,15,"petite","second",38344,41447,3750424,6249598,82894,12499196,2888,4354,303750,696383,8708,1392766,"100mill-boot"
18,16,"petite","second",37943,41508,3716402,6283753,83016,12567506,2905,4305,304835,695411,8610,1390822,"100mill-boot"
18,17,"petite","second",38167,41482,3736990,6263130,82964,12526260,2910,4325,303850,696319,8650,1392638,"100mill-boot"
18,18,"petite","second",37832,41664,3701285,6298907,83328,12597814,2829,4352,300278,699963,8704,1399926,"100mill-boot"
18,19,"petite","second",37984,41440,3733790,6266281,82880,12532562,2829,4349,300664,699599,8698,1399198,"100mill-boot"
18,20,"petite","second",37848,41535,3713980,6286087,83070,12572174,2914,4308,308130,692257,8616,1384514,"100mill-boot"
18,21,"petite","second",38064,41479,3732973,6267040,82958,12534080,2965,4236,311996,688386,8472,1376772,"100mill-boot"
18,22,"petite","second",38025,41605,3721119,6278980,83210,12557960,2875,4253,303860,696392,8506,1392784,"100mill-boot"
18,23,"petite","second",38238,41495,3727844,6272210,82990,12544420,2935,4274,306832,693637,8548,1387274,"100mill-boot"
18,24,"petite","second",38164,41509,3732736,6267361,83018,12534722,2962,4254,310263,689775,8508,1379550,"100mill-boot"
18,25,"petite","second",38055,41675,3709363,6290693,83350,12581386,2953,4314,309343,690838,8628,1381676,"100mill-boot"
18,26,"petite","second",37933,41519,3707281,6292850,83038,12585700,2834,4296,299868,700300,8592,1400600,"100mill-boot"
18,27,"petite","second",38133,41396,3742767,6257270,82792,12514540,2889,4290,304988,695615,8580,1391230,"100mill-boot"
18,28,"petite","second",37992,41529,3723467,6276640,83058,12553280,2922,4294,309514,690526,8588,1381052,"100mill-boot"
18,29,"petite","second",38288,41458,3748695,6251358,82916,12502716,2985,4349,310281,690217,8698,1380434,"100mill-boot"
18,30,"petite","second",37656,41757,3689842,6310205,83514,12620410,2948,4320,308325,691946,8640,1383892,"100mill-boot"
20,1,"petite","second",37671,41586,3644920,6355279,83172,12710558,2836,4324,297241,702824,8648,1405648,"100mill-boot"
20,2,"petite","second",37447,41804,3631974,6368076,83608,12736152,2827,4373,290525,709828,8746,1419656,"100mill-boot"
20,3,"petite","second",37559,41622,3650250,6349773,83244,12699546,2827,4286,297090,703219,8572,1406438,"100mill-boot"
20,4,"petite","second",37466,41678,3647819,6352289,83356,12704578,2825,4280,295461,704609,8560,1409218,"100mill-boot"
20,5,"petite","second",37659,41636,3656506,6343572,83272,12687144,2883,4235,301446,698938,8470,1397876,"100mill-boot"
20,6,"petite","second",37500,41735,3630509,6369595,83470,12739190,2781,4320,288486,711571,8640,1423142,"100mill-boot"
20,7,"petite","second",37685,41595,3653401,6346638,83190,12693276,2926,4215,302225,698253,8430,1396506,"100mill-boot"
20,8,"petite","second",37950,41431,3676043,6324003,82862,12648006,2847,4253,299530,700559,8506,1401118,"100mill-boot"
20,9,"petite","second",37719,41565,3668043,6331993,83130,12663986,2911,4258,306223,694052,8516,1388104,"100mill-boot"
20,10,"petite","second",37676,41557,3660222,6339895,83114,12679790,2887,4313,300566,699697,8626,1399394,"100mill-boot"
20,11,"petite","second",37526,41668,3654205,6345822,83336,12691644,2847,4285,298595,701415,8570,1402830,"100mill-boot"
20,12,"petite","second",37547,41643,3654983,6345075,83286,12690150,2908,4269,306324,693817,8538,1387634,"100mill-boot"
20,13,"petite","second",37870,41691,3672257,6327873,83382,12655746,2839,4271,298023,702063,8542,1404126,"100mill-boot"
20,14,"petite","second",37428,41690,3636415,6363641,83380,12727282,2821,4250,294317,705942,8500,1411884,"100mill-boot"
20,15,"petite","second",37610,41627,3648936,6351163,83254,12702326,2805,4357,290429,709765,8714,1419530,"100mill-boot"
20,16,"petite","second",37687,41566,3666806,6333298,83132,12666596,2933,4276,308036,692294,8552,1384588,"100mill-boot"
20,17,"petite","second",37721,41756,3653978,6346060,83512,12692120,2810,4401,289952,710218,8802,1420436,"100mill-boot"
20,18,"petite","second",37794,41498,3661376,6338758,82996,12677516,2796,4295,290893,709270,8590,1418540,"100mill-boot"
20,19,"petite","second",37803,41477,3676546,6323464,82954,12646928,2888,4295,303096,697109,8590,1394218,"100mill-boot"
20,20,"petite","second",37365,41666,3635351,6364756,83332,12729512,2851,4309,297979,702382,8618,1404764,"100mill-boot"
20,21,"petite","second",37542,41472,3641882,6358147,82944,12716294,2853,4248,297994,702447,8496,1404894,"100mill-boot"
20,22,"petite","second",37461,41729,3636978,6363235,83458,12726470,2788,4385,288897,711300,8770,1422600,"100mill-boot"
20,23,"petite","second",37886,41474,3666063,6334117,82948,12668234,2832,4346,294895,705223,8692,1410446,"100mill-boot"
20,24,"petite","second",37657,41787,3657125,6342889,83574,12685778,2924,4276,305528,695052,8552,1390104,"100mill-boot"
20,25,"petite","second",37483,41816,3645050,6355111,83632,12710222,2880,4313,303514,696888,8626,1393776,"100mill-boot"
20,26,"petite","second",37662,41703,3645101,6354935,83406,12709870,2759,4316,288012,712146,8632,1424292,"100mill-boot"
20,27,"petite","second",37563,41737,3641201,6358833,83474,12717666,2878,4298,298282,701894,8596,1403788,"100mill-boot"
20,28,"petite","second",37568,41747,3643035,6357059,83494,12714118,2807,4324,292176,708224,8648,1416448,"100mill-boot"
20,29,"petite","second",37504,41437,3643477,6356637,82874,12713274,2868,4272,299341,701149,8544,1402298,"100mill-boot"
20,30,"petite","second",37370,41865,3620105,6379917,83730,12759834,2772,4327,288514,711750,8654,1423500,"100mill-boot"
16,1,"petite","second",37559,41550,3676595,6323506,83100,12647012,2912,4258,304251,695922,8516,1391844,"100mill-boot"
16,2,"petite","second",37609,41316,3705644,6294462,82632,12588924,2881,4206,304898,695213,8412,1390426,"100mill-boot"
16,3,"petite","second",37326,41601,3676939,6323119,83202,12646238,2865,4255,299295,700753,8510,1401506,"100mill-boot"
16,4,"petite","second",37460,41567,3692077,6307984,83134,12615968,2793,4339,295522,704720,8678,1409440,"100mill-boot"
16,5,"petite","second",37529,41426,3695400,6304627,82852,12609254,2869,4208,306641,693680,8416,1387360,"100mill-boot"
16,6,"petite","second",37278,41507,3682319,6317689,83014,12635378,2923,4173,313028,687077,8346,1374154,"100mill-boot"
16,7,"petite","second",37436,41498,3695537,6304531,82996,12609062,2794,4230,297541,702552,8460,1405104,"100mill-boot"
16,8,"petite","second",37508,41571,3686341,6313683,83142,12627366,2893,4277,306184,694096,8554,1388192,"100mill-boot"
16,9,"petite","second",37642,41437,3702881,6297255,82874,12594510,2864,4261,300795,699341,8522,1398682,"100mill-boot"
16,10,"petite","second",37382,41483,3685639,6314484,82966,12628968,2782,4262,299753,700658,8524,1401316,"100mill-boot"
16,11,"petite","second",37718,41304,3701416,6298659,82608,12597318,2893,4240,306907,693104,8480,1386208,"100mill-boot"
16,12,"petite","second",37522,41330,3698549,6301578,82660,12603156,2847,4264,302015,698023,8528,1396046,"100mill-boot"
16,13,"petite","second",37682,41446,3699493,6300557,82892,12601114,2867,4293,299678,700336,8586,1400672,"100mill-boot"
16,14,"petite","second",37341,41560,3668182,6331861,83120,12663722,2805,4300,295124,705166,8600,1410332,"100mill-boot"
16,15,"petite","second",37611,41379,3691427,6308754,82758,12617508,2830,4265,297445,702630,8530,1405260,"100mill-boot"
16,16,"petite","second",37437,41346,3702014,6298170,82692,12596340,2797,4256,296764,703463,8512,1406926,"100mill-boot"
16,17,"petite","second",37653,41282,3709478,6290571,82564,12581142,2853,4205,304970,695547,8410,1391094,"100mill-boot"
16,18,"petite","second",37642,41329,3706774,6293272,82658,12586544,2711,4328,286692,713370,8656,1426740,"100mill-boot"
16,19,"petite","second",37308,41583,3671456,6328608,83166,12657216,2842,4283,300558,699455,8566,1398910,"100mill-boot"
16,20,"petite","second",37379,41629,3678236,6321823,83258,12643646,2817,4277,300276,699874,8554,1399748,"100mill-boot"
16,21,"petite","second",37726,41270,3715745,6284310,82540,12568620,2904,4220,305425,694595,8440,1389190,"100mill-boot"
16,22,"petite","second",37618,41442,3701463,6298731,82884,12597462,2912,4215,309189,691213,8430,1382426,"100mill-boot"
16,23,"petite","second",37989,41125,3746583,6253432,82250,12506864,2899,4243,307397,692927,8486,1385854,"100mill-boot"
16,24,"petite","second",37418,41451,3694551,6305546,82902,12611092,2951,4254,310982,689023,8508,1378046,"100mill-boot"
16,25,"petite","second",37736,41317,3715750,6284443,82634,12568886,2915,4192,308726,691450,8384,1382900,"100mill-boot"
16,26,"petite","second",37587,41531,3688088,6311966,83062,12623932,2814,4325,299593,700435,8650,1400870,"100mill-boot"
16,27,"petite","second",37683,41379,3708300,6291779,82758,12583558,2790,4306,295040,705003,8612,1410006,"100mill-boot"
16,28,"petite","second",37451,41397,3686904,6313117,82794,12626234,2877,4255,306503,693535,8510,1387070,"100mill-boot"
16,29,"petite","second",37337,41476,3673204,6326859,82952,12653718,2830,4262,301471,698659,8524,1397318,"100mill-boot"
16,30,"petite","second",37237,41585,3669095,6330919,83170,12661838,2843,4240,301365,698727,8480,1397454,"100mill-boot"
29,1,"petite","second",38013,41302,3689359,6310742,82604,12621484,2873,4310,298706,701546,8620,1403092,"100mill-boot"
29,2,"petite","second",38020,41293,3708372,6291720,82586,12583440,2927,4267,307669,692387,8534,1384774,"100mill-boot"
29,3,"petite","second",37716,41494,3667756,6332248,82988,12664496,2831,4269,296782,703263,8538,1406526,"100mill-boot"
29,4,"petite","second",37627,41561,3671922,6328104,83122,12656208,2884,4231,305809,694268,8462,1388536,"100mill-boot"
29,5,"petite","second",37772,41589,3674772,6325344,83178,12650688,2809,4312,293647,706874,8624,1413748,"100mill-boot"
29,6,"petite","second",37739,41567,3667349,6332712,83134,12665424,2913,4283,307074,693022,8566,1386044,"100mill-boot"
29,7,"petite","second",38013,41242,3690163,6310059,82484,12620118,2893,4209,303281,696932,8418,1393864,"100mill-boot"
29,8,"petite","second",37907,41334,3697582,6302608,82668,12605216,2913,4307,302876,697666,8614,1395332,"100mill-boot"
29,9,"petite","second",37508,41391,3656144,6343962,82782,12687924,2823,4308,295155,704855,8616,1409710,"100mill-boot"
29,10,"petite","second",37603,41425,3666010,6334012,82850,12668024,2853,4302,300608,699462,8604,1398924,"100mill-boot"
29,11,"petite","second",37548,41531,3649044,6350957,83062,12701914,2827,4292,296179,704213,8584,1408426,"100mill-boot"
29,12,"petite","second",37919,41347,3695432,6304645,82694,12609290,2850,4311,297265,702765,8622,1405530,"100mill-boot"
29,13,"petite","second",38060,41378,3689687,6310428,82756,12620856,2835,4306,295614,704478,8612,1408956,"100mill-boot"
29,14,"petite","second",37626,41621,3663835,6336254,83242,12672508,2866,4258,302077,697958,8516,1395916,"100mill-boot"
29,15,"petite","second",37452,41642,3639430,6360661,83284,12721322,2819,4309,297125,703139,8618,1406278,"100mill-boot"
29,16,"petite","second",37888,41236,3684174,6315970,82472,12631940,2896,4224,304287,695717,8448,1391434,"100mill-boot"
29,17,"petite","second",37873,41405,3689194,6310851,82810,12621702,2869,4231,305561,694601,8462,1389202,"100mill-boot"
29,18,"petite","second",37686,41695,3668668,6331372,83390,12662744,2841,4333,296486,703545,8666,1407090,"100mill-boot"
29,19,"petite","second",37663,41426,3676349,6323690,82852,12647380,2880,4288,304848,695479,8576,1390958,"100mill-boot"
29,20,"petite","second",37787,41183,3684840,6315319,82366,12630638,2845,4275,298721,701542,8550,1403084,"100mill-boot"
29,21,"petite","second",38036,41150,3706794,6293228,82300,12586456,2849,4232,299745,700444,8464,1400888,"100mill-boot"
29,22,"petite","second",37360,41546,3635046,6365111,83092,12730222,2833,4282,297234,702787,8564,1405574,"100mill-boot"
29,23,"petite","second",37824,41247,3686204,6313837,82494,12627674,2937,4233,307717,692316,8466,1384632,"100mill-boot"
29,24,"petite","second",37823,41480,3674504,6325625,82960,12651250,2895,4305,301515,698878,8610,1397756,"100mill-boot"
29,25,"petite","second",37723,41425,3662913,6337178,82850,12674356,2896,4263,300489,699614,8526,1399228,"100mill-boot"
29,26,"petite","second",37714,41570,3679979,6320048,83140,12640096,2908,4319,301081,698955,8638,1397910,"100mill-boot"
29,27,"petite","second",37630,41474,3660366,6339650,82948,12679300,2847,4233,301145,698926,8466,1397852,"100mill-boot"
29,28,"petite","second",37901,41478,3676408,6323597,82956,12647194,2803,4335,292327,707780,8670,1415560,"100mill-boot"
29,29,"petite","second",37798,41474,3665452,6334629,82948,12669258,2936,4257,306641,693924,8514,1387848,"100mill-boot"
29,30,"petite","second",37552,41535,3668047,6332036,83070,12664072,2862,4292,297863,702298,8584,1404596,"100mill-boot"
11,1,"petite","second",36998,41797,3634996,6365018,83594,12730036,2768,4340,292761,707802,8680,1415604,"100mill-boot"
11,2,"petite","second",36696,41838,3621925,6378096,83676,12756192,2831,4239,305691,694551,8478,1389102,"100mill-boot"
11,3,"petite","second",36257,42041,3581403,6418660,84082,12837320,2701,4304,286897,713207,8608,1426414,"100mill-boot"
11,4,"petite","second",36461,42094,3592554,6407479,84188,12814958,2906,4216,309104,690958,8432,1381916,"100mill-boot"
11,5,"petite","second",36550,42016,3604355,6395693,84032,12791386,2739,4340,288922,711126,8680,1422252,"100mill-boot"
11,6,"petite","second",36691,41922,3615686,6384405,83844,12768810,2722,4336,288301,712006,8672,1424012,"100mill-boot"
11,7,"petite","second",36895,41846,3627350,6372700,83692,12745400,2810,4245,300353,699727,8490,1399454,"100mill-boot"
11,8,"petite","second",36287,42288,3579129,6420938,84576,12841876,2804,4309,297821,702222,8618,1404444,"100mill-boot"
11,9,"petite","second",36602,42053,3617272,6382761,84106,12765522,2818,4251,301239,698983,8502,1397966,"100mill-boot"
11,10,"petite","second",36296,42023,3587060,6412982,84046,12825964,2709,4352,288411,711962,8704,1423924,"100mill-boot"
11,11,"petite","second",36511,42074,3603524,6396507,84148,12793014,2827,4235,304749,695441,8470,1390882,"100mill-boot"
11,12,"petite","second",36687,41972,3608237,6391893,83944,12783786,2781,4274,294696,705520,8548,1411040,"100mill-boot"
11,13,"petite","second",36314,42167,3581156,6418960,84334,12837920,2819,4268,297496,702561,8536,1405122,"100mill-boot"
11,14,"petite","second",36045,42284,3551028,6448980,84568,12897960,2687,4361,285580,715013,8722,1430026,"100mill-boot"
11,15,"petite","second",36249,42188,3571705,6428430,84376,12856860,2732,4272,289565,710526,8544,1421052,"100mill-boot"
11,16,"petite","second",36327,42141,3564379,6435746,84282,12871492,2722,4310,287143,712877,8620,1425754,"100mill-boot"
11,17,"petite","second",36452,41994,3599471,6400592,83988,12801184,2799,4283,293782,706385,8566,1412770,"100mill-boot"
11,18,"petite","second",36042,42481,3544247,6455758,84962,12911516,2744,4377,291465,708589,8754,1417178,"100mill-boot"
11,19,"petite","second",36274,42104,3598059,6402005,84208,12804010,2817,4322,296945,703530,8644,1407060,"100mill-boot"
11,20,"petite","second",36633,41886,3610907,6389257,83772,12778514,2805,4259,300495,699600,8518,1399200,"100mill-boot"
11,21,"petite","second",36724,41829,3618984,6381166,83658,12762332,2756,4260,292994,707159,8520,1414318,"100mill-boot"
11,22,"petite","second",36540,41991,3592723,6407312,83982,12814624,2707,4324,286627,713534,8648,1427068,"100mill-boot"
11,23,"petite","second",36450,42091,3593990,6406048,84182,12812096,2686,4361,287514,712657,8722,1425314,"100mill-boot"
11,24,"petite","second",36430,42096,3589633,6410398,84192,12820796,2723,4336,287173,712954,8672,1425908,"100mill-boot"
11,25,"petite","second",36462,41918,3595867,6404180,83836,12808360,2664,4347,280625,719635,8694,1439270,"100mill-boot"
11,26,"petite","second",36387,42031,3593832,6406192,84062,12812384,2752,4299,294700,705302,8598,1410604,"100mill-boot"
11,27,"petite","second",36695,41749,3619374,6380833,83498,12761666,2844,4269,300679,699379,8538,1398758,"100mill-boot"
11,28,"petite","second",36499,42058,3592449,6407672,84116,12815344,2834,4241,299947,700392,8482,1400784,"100mill-boot"
11,29,"petite","second",36386,42146,3586684,6413357,84292,12826714,2829,4291,300209,699852,8582,1399704,"100mill-boot"
11,30,"petite","second",36410,42221,3588812,6411233,84442,12822466,2784,4266,295345,704713,8532,1409426,"100mill-boot"
37,1,"petite","second",364940,420457,35922663,64077353,840914,128154706,27498,43109,2916017,7085698,86218,14171396,"1bill-boot"
37,2,"petite","second",365145,420797,35941065,64059061,841594,128118122,27661,43285,2936767,7065819,86570,14131638,"1bill-boot"
37,3,"petite","second",365364,420262,35978812,64021316,840524,128042632,27442,43229,2912662,7087722,86458,14175444,"1bill-boot"
37,4,"petite","second",366066,420581,35978052,64022030,841162,128044060,27610,43231,2915095,7086219,86462,14172438,"1bill-boot"
37,5,"petite","second",365607,420650,35998045,64002098,841300,128004196,27710,43160,2936706,7065694,86320,14131388,"1bill-boot"
37,6,"petite","second",365393,420551,35960848,64039161,841102,128078322,27634,43323,2926087,7074017,86646,14148034,"1bill-boot"
37,7,"petite","second",365121,420662,35910181,64089841,841324,128179682,27759,43197,2938249,7061970,86394,14123940,"1bill-boot"
37,8,"petite","second",365271,420415,35905657,64094391,840830,128188782,27436,43396,2902439,7099407,86792,14198814,"1bill-boot"
37,9,"petite","second",366625,420268,36034922,63965207,840536,127930414,27966,43073,2963983,7036837,86146,14073674,"1bill-boot"
37,10,"petite","second",365501,421172,35962596,64037428,842344,128074856,27580,43267,2913270,7088016,86534,14176032,"1bill-boot"
37,11,"petite","second",365028,420858,35882398,64117609,841716,128235218,27380,43407,2908487,7094424,86814,14188848,"1bill-boot"
37,12,"petite","second",364717,420964,35898274,64101731,841928,128203462,27423,43289,2903166,7098708,86578,14197416,"1bill-boot"
37,13,"petite","second",365701,420451,35989530,64010582,840902,128021164,27377,43345,2900432,7101417,86690,14202834,"1bill-boot"
37,14,"petite","second",365979,419755,36050456,63949632,839510,127899264,27908,43015,2962887,7037140,86030,14074280,"1bill-boot"
37,15,"petite","second",365933,420674,35997503,64002778,841348,128005556,27644,43174,2929844,7071216,86348,14142432,"1bill-boot"
37,16,"petite","second",364550,421163,35836938,64163195,842326,128326390,27396,43287,2896324,7105941,86574,14211882,"1bill-boot"
37,17,"petite","second",365334,420672,35935518,64064521,841344,128129042,27513,43268,2908836,7092008,86536,14184016,"1bill-boot"
37,18,"petite","second",364733,420820,35897531,64102469,841640,128204938,27589,43232,2920232,7080604,86464,14161208,"1bill-boot"
37,19,"petite","second",364576,420643,35845509,64154561,841286,128309122,27359,43329,2899378,7101793,86658,14203586,"1bill-boot"
37,20,"petite","second",364811,421117,35899581,64100519,842234,128201038,27466,43261,2922151,7078484,86522,14156968,"1bill-boot"
37,21,"petite","second",365743,420456,35988238,64011871,840912,128023742,27543,43385,2909886,7091923,86770,14183846,"1bill-boot"
37,22,"petite","second",364649,420360,35911555,64088455,840720,128176910,27441,43262,2902430,7099796,86524,14199592,"1bill-boot"
37,23,"petite","second",364555,421228,35825362,64174690,842456,128349380,27297,43285,2883470,7117884,86570,14235768,"1bill-boot"
37,24,"petite","second",365445,420348,35962810,64037254,840696,128074508,27246,43487,2895277,7106103,86974,14212206,"1bill-boot"
37,25,"petite","second",365086,420537,35955371,64044671,841074,128089342,27740,42989,2952994,7047183,85978,14094366,"1bill-boot"
37,26,"petite","second",365732,420376,35982686,64017342,840752,128034684,27799,43115,2947177,7053808,86230,14107616,"1bill-boot"
37,27,"petite","second",365092,420032,35968524,64031512,840064,128063024,27404,43276,2911715,7089311,86552,14178622,"1bill-boot"
37,28,"petite","second",366064,419936,36000288,63999929,839872,127999858,27573,43102,2916630,7084993,86204,14169986,"1bill-boot"
37,29,"petite","second",365543,420495,35956043,64044038,840990,128088076,27609,43295,2924036,7077474,86590,14154948,"1bill-boot"
37,30,"petite","second",365258,420440,35920087,64079968,840880,128159936,27585,43300,2914682,7085694,86600,14171388,"1bill-boot"
30,1,"petite","second",372457,415985,36646239,63353779,831970,126707558,28016,43021,2959342,7043361,86042,14086722,"1bill-boot"
30,2,"petite","second",372475,416371,36632046,63368012,832742,126736024,28383,42693,3014224,6986161,85386,13972322,"1bill-boot"
30,3,"petite","second",372289,415959,36597924,63402242,831918,126804484,28139,42780,2994507,7006118,85560,14012236,"1bill-boot"
30,4,"petite","second",373026,416228,36659410,63340615,832456,126681230,28518,42889,2998033,7003317,85778,14006634,"1bill-boot"
30,5,"petite","second",372438,416378,36617668,63382482,832756,126764964,28417,42735,3007755,6993419,85470,13986838,"1bill-boot"
30,6,"petite","second",373165,415507,36719336,63280705,831014,126561410,28504,42650,3016804,6984527,85300,13969054,"1bill-boot"
30,7,"petite","second",372417,415279,36651174,63348914,830558,126697828,28488,42637,3022796,6977617,85274,13955234,"1bill-boot"
30,8,"petite","second",372981,415779,36683334,63316702,831558,126633404,28443,42616,3019326,6982588,85232,13965176,"1bill-boot"
30,9,"petite","second",373840,415470,36753640,63246456,830940,126492912,28606,42637,3013241,6987082,85274,13974164,"1bill-boot"
30,10,"petite","second",371560,416651,36542407,63457636,833302,126915272,28257,42830,2993474,7007759,85660,14015518,"1bill-boot"
30,11,"petite","second",372767,415886,36678556,63321488,831772,126642976,28452,42851,3003496,6998671,85702,13997342,"1bill-boot"
30,12,"petite","second",372826,416268,36675334,63324735,832536,126649470,28540,42716,3028138,6972073,85432,13944146,"1bill-boot"
30,13,"petite","second",373431,415589,36761635,63238480,831178,126476960,28455,42673,3010001,6990937,85346,13981874,"1bill-boot"
30,14,"petite","second",372592,415407,36637586,63362420,830814,126724840,28528,42447,3029132,6973033,84894,13946066,"1bill-boot"
30,15,"petite","second",372258,416303,36602077,63397958,832606,126795916,28401,42660,3008283,6992916,85320,13985832,"1bill-boot"
30,16,"petite","second",373093,415982,36693374,63306708,831964,126613416,28646,42500,3033934,6966167,85000,13932334,"1bill-boot"
30,17,"petite","second",373463,415746,36713495,63286511,831492,126573022,28369,42747,3006990,6994340,85494,13988680,"1bill-boot"
30,18,"petite","second",372963,415898,36701984,63298066,831796,126596132,28262,42976,2981918,7019210,85952,14038420,"1bill-boot"
30,19,"petite","second",372652,416328,36611161,63388878,832656,126777756,28390,42896,2990315,7010942,85792,14021884,"1bill-boot"
30,20,"petite","second",372431,416673,36620610,63379454,833346,126758908,28131,42757,2974235,7025941,85514,14051882,"1bill-boot"
30,21,"petite","second",373387,415204,36736336,63263794,830408,126527588,28712,42492,3036125,6964787,84984,13929574,"1bill-boot"
30,22,"petite","second",372569,416342,36663349,63336846,832684,126673692,28329,42760,2999922,7000966,85520,14001932,"1bill-boot"
30,23,"petite","second",372205,416340,36599502,63400589,832680,126801178,28246,42885,2979551,7020735,85770,14041470,"1bill-boot"
30,24,"petite","second",372453,415833,36625634,63374495,831666,126748990,28129,42940,2968717,7033021,85880,14066042,"1bill-boot"
30,25,"petite","second",373428,415387,36772560,63227458,830774,126454916,28580,42617,3021915,6979997,85234,13959994,"1bill-boot"
30,26,"petite","second",373120,415432,36693963,63306113,830864,126612226,28553,42619,3019028,6980996,85238,13961992,"1bill-boot"
30,27,"petite","second",373537,415234,36752555,63247575,830468,126495150,28582,42650,3023501,6977803,85300,13955606,"1bill-boot"
30,28,"petite","second",372490,415999,36633125,63367125,831998,126734250,28652,42736,3024409,6975841,85472,13951682,"1bill-boot"
30,29,"petite","second",373775,415344,36756579,63243732,830688,126487464,28308,42853,2985951,7016818,85706,14033636,"1bill-boot"
30,30,"petite","second",373760,415334,36752316,63247786,830668,126495572,28933,42570,3051083,6951359,85140,13902718,"1bill-boot"
39,1,"petite","second",377159,413420,36597233,63402769,826840,126805538,28013,42791,2929831,7072072,85582,14144144,"1bill-boot"
39,2,"petite","second",377668,413175,36630950,63369173,826350,126738346,28265,42680,2938814,7062216,85360,14124432,"1bill-boot"
39,3,"petite","second",377510,413011,36617432,63382612,826022,126765224,28456,42527,2966023,7034983,85054,14069966,"1bill-boot"
39,4,"petite","second",377973,413226,36637457,63362770,826452,126725540,28784,42354,2995480,7004879,84708,14009758,"1bill-boot"
39,5,"petite","second",377321,413372,36596362,63403805,826744,126807610,28482,42669,2963905,7036141,85338,14072282,"1bill-boot"
39,6,"petite","second",376700,413524,36522274,63477746,827048,126955492,28596,42696,2953891,7048101,85392,14096202,"1bill-boot"
39,7,"petite","second",377490,413239,36598487,63401606,826478,126803212,28307,42609,2950845,7050646,85218,14101292,"1bill-boot"
39,8,"petite","second",377447,413394,36588568,63411514,826788,126823028,28405,42725,2942379,7058765,85450,14117530,"1bill-boot"
39,9,"petite","second",376777,413668,36522075,63477957,827336,126955914,28464,42736,2946404,7053914,85472,14107828,"1bill-boot"
39,10,"petite","second",377952,413015,36659753,63340304,826030,126680608,28392,42633,2952645,7048183,85266,14096366,"1bill-boot"
39,11,"petite","second",378637,412633,36712590,63287487,825266,126574974,28609,42620,2969355,7031012,85240,14062024,"1bill-boot"
39,12,"petite","second",376655,413567,36552667,63447395,827134,126894790,28557,42534,2965431,7034846,85068,14069692,"1bill-boot"
39,13,"petite","second",377163,413870,36574609,63425397,827740,126850794,28661,42471,2977643,7022369,84942,14044738,"1bill-boot"
39,14,"petite","second",377428,412802,36647989,63352050,825604,126704100,28546,42562,2982836,7018702,85124,14037404,"1bill-boot"
39,15,"petite","second",377759,413359,36606462,63393644,826718,126787288,28699,42362,2984894,7015841,84724,14031682,"1bill-boot"
39,16,"petite","second",377348,413158,36589489,63410562,826316,126821124,28296,42770,2941156,7059183,85540,14118366,"1bill-boot"
39,17,"petite","second",378074,413469,36619855,63380304,826938,126760608,28416,42937,2948902,7052573,85874,14105146,"1bill-boot"
39,18,"petite","second",377845,413062,36601485,63398684,826124,126797368,28646,42627,2979985,7020033,85254,14040066,"1bill-boot"
39,19,"petite","second",377801,412967,36604251,63395808,825934,126791616,28506,42650,2960988,7040156,85300,14080312,"1bill-boot"
39,20,"petite","second",377430,413475,36580427,63419663,826950,126839326,28389,42525,2950875,7050959,85050,14101918,"1bill-boot"
39,21,"petite","second",377207,413258,36627717,63372375,826516,126744750,28502,42539,2968367,7032944,85078,14065888,"1bill-boot"
39,22,"petite","second",376916,413621,36578259,63421791,827242,126843582,28416,42670,2948386,7053291,85340,14106582,"1bill-boot"
39,23,"petite","second",377008,414081,36533172,63466896,828162,126933792,28277,42591,2942536,7058270,85182,14116540,"1bill-boot"
39,24,"petite","second",376427,413607,36536829,63463256,827214,126926512,28404,42577,2954447,7045775,85154,14091550,"1bill-boot"
39,25,"petite","second",377138,412864,36556669,63443360,825728,126886720,28515,42387,2971030,7030694,84774,14061388,"1bill-boot"
39,26,"petite","second",376917,413196,36562735,63437277,826392,126874554,28305,42635,2945565,7054525,85270,14109050,"1bill-boot"
39,27,"petite","second",377111,413353,36601903,63398154,826706,126796308,28552,42535,2975500,7025615,85070,14051230,"1bill-boot"
39,28,"petite","second",377586,413485,36656773,63343352,826970,126686704,28471,42643,2959918,7040891,85286,14081782,"1bill-boot"
39,29,"petite","second",377933,412338,36665706,63334300,824676,126668600,28416,42589,2954509,7045826,85178,14091652,"1bill-boot"
39,30,"petite","second",377869,412730,36669148,63330965,825460,126661930,28709,42445,2981956,7018117,84890,14036234,"1bill-boot"
4,1,"petite","second",370885,413949,36718410,63281815,827898,126563630,28187,42458,3010555,6989577,84916,13979154,"1bill-boot"
4,2,"petite","second",370493,414287,36695841,63304208,828574,126608416,28455,42329,3036371,6964672,84658,13929344,"1bill-boot"
4,3,"petite","second",372232,413467,36802185,63197950,826934,126395900,28549,42499,3039645,6961209,84998,13922418,"1bill-boot"
4,4,"petite","second",372049,413545,36850428,63149664,827090,126299328,28433,42474,3037609,6963567,84948,13927134,"1bill-boot"
4,5,"petite","second",371144,413505,36714833,63285236,827010,126570472,28256,42482,3012747,6987351,84964,13974702,"1bill-boot"
4,6,"petite","second",371313,413526,36784575,63215526,827052,126431052,28391,42474,3026497,6973791,84948,13947582,"1bill-boot"
4,7,"petite","second",371620,413290,36815454,63184565,826580,126369130,28307,42346,3040524,6959995,84692,13919990,"1bill-boot"
4,8,"petite","second",371141,413859,36762926,63237168,827718,126474336,28262,42445,3021332,6978778,84890,13957556,"1bill-boot"
4,9,"petite","second",371591,413788,36794189,63205960,827576,126411920,28507,42302,3058516,6941818,84604,13883636,"1bill-boot"
4,10,"petite","second",370241,414436,36652515,63347485,828872,126694970,28128,42513,3008891,6993106,85026,13986212,"1bill-boot"
4,11,"petite","second",371015,413603,36746374,63253648,827206,126507296,28200,42579,3011040,6989951,85158,13979902,"1bill-boot"
4,12,"petite","second",371926,413896,36823342,63176716,827792,126353432,28432,42411,3028409,6972048,84822,13944096,"1bill-boot"
4,13,"petite","second",369854,414629,36617731,63382401,829258,126764802,28134,42532,3005559,6994607,85064,13989214,"1bill-boot"
4,14,"petite","second",371375,413686,36781013,63219050,827372,126438100,28406,42431,3045249,6955286,84862,13910572,"1bill-boot"
4,15,"petite","second",370837,413715,36728699,63271412,827430,126542824,28434,42295,3051466,6948957,84590,13897914,"1bill-boot"
4,16,"petite","second",371628,413032,36797913,63202131,826064,126404262,28342,42394,3036726,6964242,84788,13928484,"1bill-boot"
4,17,"petite","second",371644,413864,36784934,63215137,827728,126430274,28365,42428,3021496,6978891,84856,13957782,"1bill-boot"
4,18,"petite","second",372021,413981,36802997,63197034,827962,126394068,28162,42697,3000970,7000178,85394,14000356,"1bill-boot"
4,19,"petite","second",371416,413525,36769414,63230642,827050,126461284,28239,42575,3019506,6981330,85150,13962660,"1bill-boot"
4,20,"petite","second",371937,413392,36826642,63173630,826784,126347260,28475,42256,3059112,6941604,84512,13883208,"1bill-boot"
4,21,"petite","second",372532,412782,36905759,63094252,825564,126188504,28408,42434,3041357,6959817,84868,13919634,"1bill-boot"
4,22,"petite","second",370903,413371,36796891,63203111,826742,126406222,28332,42417,3034960,6965636,84834,13931272,"1bill-boot"
4,23,"petite","second",370767,413985,36710592,63289417,827970,126578834,28361,42389,3043739,6958099,84778,13916198,"1bill-boot"
4,24,"petite","second",371139,413384,36744074,63255985,826768,126511970,28197,42349,3025653,6975825,84698,13951650,"1bill-boot"
4,25,"petite","second",370679,414071,36668590,63331531,828142,126663062,28059,42534,2994071,7006731,85068,14013462,"1bill-boot"
4,26,"petite","second",372146,413582,36856078,63144105,827164,126288210,28643,42460,3056468,6944430,84920,13888860,"1bill-boot"
4,27,"petite","second",370900,413932,36757325,63242742,827864,126485484,28090,42620,3000306,6999697,85240,13999394,"1bill-boot"
4,28,"petite","second",371675,413470,36861007,63139039,826940,126278078,28294,42555,3022492,6978215,85110,13956430,"1bill-boot"
4,29,"petite","second",371244,413429,36805277,63194861,826858,126389722,28384,42450,3033728,6967653,84900,13935306,"1bill-boot"
4,30,"petite","second",371333,413405,36764096,63236092,826810,126472184,28361,42533,3023408,6978004,85066,13956008,"1bill-boot"
3,1,"petite","second",368815,420954,36147340,63852748,841908,127705496,27882,43096,2940248,7059875,86192,14119750,"1bill-boot"
3,2,"petite","second",369623,420867,36177063,63822973,841734,127645946,27679,43341,2922516,7078620,86682,14157240,"1bill-boot"
3,3,"petite","second",369671,420735,36175907,63824150,841470,127648300,27625,43318,2914219,7087174,86636,14174348,"1bill-boot"
3,4,"petite","second",370291,420359,36272034,63728011,840718,127456022,27966,43174,2943015,7057414,86348,14114828,"1bill-boot"
3,5,"petite","second",369695,420712,36210184,63789823,841424,127579646,27917,43165,2948320,7052594,86330,14105188,"1bill-boot"
3,6,"petite","second",370500,420347,36283520,63716559,840694,127433118,27951,43267,2939836,7061734,86534,14123468,"1bill-boot"
3,7,"petite","second",368968,420859,36172177,63827893,841718,127655786,27953,43095,2949195,7052306,86190,14104612,"1bill-boot"
3,8,"petite","second",369957,420439,36203136,63796913,840878,127593826,27965,43164,2938079,7062209,86328,14124418,"1bill-boot"
3,9,"petite","second",370291,420738,36256967,63743035,841476,127486070,28006,43092,2960022,7042514,86184,14085028,"1bill-boot"
3,10,"petite","second",370671,420347,36319085,63680951,840694,127361902,28232,43058,2980282,7021445,86116,14042890,"1bill-boot"
3,11,"petite","second",370325,420067,36246580,63753560,840134,127507120,28114,43067,2962223,7039358,86134,14078716,"1bill-boot"
3,12,"petite","second",370824,419721,36385613,63614391,839442,127228782,27955,43090,2952729,7047675,86180,14095350,"1bill-boot"
3,13,"petite","second",370553,419808,36314786,63685216,839616,127370432,28080,43080,2951220,7049819,86160,14099638,"1bill-boot"
3,14,"petite","second",369277,420192,36219069,63780968,840384,127561936,27666,43252,2922383,7077983,86504,14155966,"1bill-boot"
3,15,"petite","second",369486,420972,36147725,63852330,841944,127704660,28127,43002,2963139,7038946,86004,14077892,"1bill-boot"
3,16,"petite","second",370804,420315,36298985,63701197,840630,127402394,27884,43179,2942915,7057636,86358,14115272,"1bill-boot"
3,17,"petite","second",370794,420726,36291931,63708073,841452,127416146,28156,43136,2970015,7031196,86272,14062392,"1bill-boot"
3,18,"petite","second",370837,420382,36272161,63727867,840764,127455734,28011,43268,2946973,7054352,86536,14108704,"1bill-boot"
3,19,"petite","second",371128,420258,36338527,63661592,840516,127323184,28063,43011,2963934,7037665,86022,14075330,"1bill-boot"
3,20,"petite","second",370613,420326,36309991,63690171,840652,127380342,28024,43154,2951574,7049508,86308,14099016,"1bill-boot"
3,21,"petite","second",370500,420106,36271209,63728987,840212,127457974,27834,43160,2941945,7059217,86320,14118434,"1bill-boot"
3,22,"petite","second",369427,420274,36256382,63743789,840548,127487578,27719,43074,2943579,7058509,86148,14117018,"1bill-boot"
3,23,"petite","second",369303,420735,36178746,63821321,841470,127642642,28043,43160,2953109,7048680,86320,14097360,"1bill-boot"
3,24,"petite","second",369838,420355,36247301,63752740,840710,127505480,28004,43187,2944025,7056073,86374,14112146,"1bill-boot"
3,25,"petite","second",370497,420089,36237707,63762332,840178,127524664,28005,43160,2941794,7058708,86320,14117416,"1bill-boot"
3,26,"petite","second",370963,420174,36287208,63712875,840348,127425750,28365,42964,2980549,7022121,85928,14044242,"1bill-boot"
3,27,"petite","second",370091,420053,36229354,63770660,840106,127541320,28177,42866,2967328,7033544,85732,14067088,"1bill-boot"
3,28,"petite","second",369980,420589,36269579,63730552,841178,127461104,27898,43216,2943210,7057691,86432,14115382,"1bill-boot"
3,29,"petite","second",370081,420316,36240002,63760088,840632,127520176,27692,43216,2937221,7064108,86432,14128216,"1bill-boot"
3,30,"petite","second",369405,420347,36166187,63833905,840694,127667810,28198,43040,2973398,7026908,86080,14053816,"1bill-boot"
2,1,"petite","second",379738,412644,36700115,63299994,825288,126599988,28505,42930,2948097,7053639,85860,14107278,"1bill-boot"
2,2,"petite","second",380347,412697,36704204,63295822,825394,126591644,28526,42852,2952687,7049055,85704,14098110,"1bill-boot"
2,3,"petite","second",381274,412580,36734417,63265632,825160,126531264,28763,42765,2968315,7034040,85530,14068080,"1bill-boot"
2,4,"petite","second",380522,412707,36678300,63321714,825414,126643428,28807,42702,2980075,7020729,85404,14041458,"1bill-boot"
2,5,"petite","second",380657,412735,36697496,63302590,825470,126605180,28425,42885,2944924,7055121,85770,14110242,"1bill-boot"
2,6,"petite","second",381782,412255,36832616,63167429,824510,126334858,28679,42861,2962651,7039501,85722,14079002,"1bill-boot"
2,7,"petite","second",380597,412230,36743459,63256576,824460,126513152,28842,42654,2972988,7028018,85308,14056036,"1bill-boot"
2,8,"petite","second",381097,412272,36767312,63232780,824544,126465560,28833,42871,2983985,7019784,85742,14039568,"1bill-boot"
2,9,"petite","second",381201,412514,36822508,63177565,825028,126355130,28853,42713,2981135,7019537,85426,14039074,"1bill-boot"
2,10,"petite","second",379739,413249,36632774,63367269,826498,126734538,28647,42771,2969480,7031951,85542,14063902,"1bill-boot"
2,11,"petite","second",381601,412096,36813082,63187111,824192,126374222,28738,42815,2973395,7029129,85630,14058258,"1bill-boot"
2,12,"petite","second",381986,411523,36862644,63137422,823046,126274844,28889,42640,2991879,7009206,85280,14018412,"1bill-boot"
2,13,"petite","second",380887,412317,36793063,63207059,824634,126414118,28729,42598,2987451,7014282,85196,14028564,"1bill-boot"
2,14,"petite","second",380519,412151,36765380,63234705,824302,126469410,28656,42877,2961337,7040024,85754,14080048,"1bill-boot"
2,15,"petite","second",381024,412760,36759405,63240601,825520,126481202,28930,42739,2997105,7004382,85478,14008764,"1bill-boot"
2,16,"petite","second",380565,412556,36726516,63273550,825112,126547100,28927,42484,3001390,6998987,84968,13997974,"1bill-boot"
2,17,"petite","second",380240,413090,36714360,63285689,826180,126571378,28469,42924,2948502,7051966,85848,14103932,"1bill-boot"
2,18,"petite","second",380782,412522,36768006,63232025,825044,126464050,28776,42615,2996993,7005193,85230,14010386,"1bill-boot"
2,19,"petite","second",380345,412441,36705040,63295050,824882,126590100,28661,42690,2979606,7020571,85380,14041142,"1bill-boot"
2,20,"petite","second",381155,412118,36808361,63191736,824236,126383472,28791,42715,2981859,7019164,85430,14038328,"1bill-boot"
2,21,"petite","second",381554,412122,36782897,63217196,824244,126434392,28670,42812,2957505,7044018,85624,14088036,"1bill-boot"
2,22,"petite","second",380009,413204,36671252,63328847,826408,126657694,28728,42770,2966407,7033730,85540,14067460,"1bill-boot"
2,23,"petite","second",380416,412587,36737181,63262869,825174,126525738,28712,42644,2973116,7027216,85288,14054432,"1bill-boot"
2,24,"petite","second",380032,412470,36697217,63302896,824940,126605792,28584,42840,2945505,7055586,85680,14111172,"1bill-boot"
2,25,"petite","second",381591,411824,36808048,63192013,823648,126384026,28823,42684,2981046,7019430,85368,14038860,"1bill-boot"
2,26,"petite","second",382017,412012,36872744,63127287,824024,126254574,28725,42870,2963702,7036730,85740,14073460,"1bill-boot"
2,27,"petite","second",381433,412142,36763562,63236614,824284,126473228,28823,42792,2975520,7024509,85584,14049018,"1bill-boot"
2,28,"petite","second",380514,412694,36740337,63259773,825388,126519546,28933,42668,2989249,7012230,85336,14024460,"1bill-boot"
2,29,"petite","second",381534,412133,36809598,63190437,824266,126380874,28754,42740,2981270,7020818,85480,14041636,"1bill-boot"
2,30,"petite","second",380668,411903,36799593,63200448,823806,126400896,28994,42577,3008779,6991613,85154,13983226,"1bill-boot"
38,1,"petite","second",377145,413755,36925184,63074838,827510,126149676,28756,42486,3043140,6957829,84972,13915658,"1bill-boot"
38,2,"petite","second",377429,413356,36940307,63059832,826712,126119664,28519,42500,3023846,6976668,85000,13953336,"1bill-boot"
38,3,"petite","second",377151,413523,36875419,63124831,827046,126249662,28657,42445,3029128,6972038,84890,13944076,"1bill-boot"
38,4,"petite","second",377161,414185,36876051,63123992,828370,126247984,28364,42745,2999714,7001492,85490,14002984,"1bill-boot"
38,5,"petite","second",377388,413235,36927984,63072061,826470,126144122,28587,42447,3025872,6975218,84894,13950436,"1bill-boot"
38,6,"petite","second",376781,413695,36852704,63147372,827390,126294744,28841,42420,3045637,6956232,84840,13912464,"1bill-boot"
38,7,"petite","second",376558,413580,36852749,63147256,827160,126294512,28337,42517,3001185,6999732,85034,13999464,"1bill-boot"
38,8,"petite","second",378046,413157,37001724,62998301,826314,125996602,28682,42332,3040130,6961293,84664,13922586,"1bill-boot"
38,9,"petite","second",377504,413351,36949251,63050885,826702,126101770,28524,42363,3018374,6982110,84726,13964220,"1bill-boot"
38,10,"petite","second",377407,414004,36904765,63095324,828008,126190648,28571,42714,3016525,6983991,85428,13967982,"1bill-boot"
38,11,"petite","second",377830,413335,36984002,63016030,826670,126032060,28498,42626,3022609,6978748,85252,13957496,"1bill-boot"
38,12,"petite","second",377525,413563,36951597,63048457,827126,126096914,28597,42586,3012525,6988702,85172,13977404,"1bill-boot"
38,13,"petite","second",377968,413084,36963713,63036402,826168,126072804,28498,42386,3022336,6979595,84772,13959190,"1bill-boot"
38,14,"petite","second",376637,413398,36887132,63112880,826796,126225760,28636,42513,3035913,6965568,85026,13931136,"1bill-boot"
38,15,"petite","second",377645,413717,36923860,63076267,827434,126152534,28415,42561,3006510,6995059,85122,13990118,"1bill-boot"
38,16,"petite","second",377807,413377,36963200,63036844,826754,126073688,28457,42570,3021219,6980794,85140,13961588,"1bill-boot"
38,17,"petite","second",377077,413719,36929250,63070866,827438,126141732,28496,42544,3016393,6983940,85088,13967880,"1bill-boot"
38,18,"petite","second",378502,413657,36996013,63003991,827314,126007982,28650,42577,3027356,6974819,85154,13949638,"1bill-boot"
38,19,"petite","second",377713,413880,36880897,63119164,827760,126238328,28620,42463,3024505,6975734,84926,13951468,"1bill-boot"
38,20,"petite","second",377100,413588,36938753,63061379,827176,126122758,28457,42585,3013337,6986851,85170,13973702,"1bill-boot"
38,21,"petite","second",377061,413186,36915859,63084203,826372,126168406,28575,42458,3029751,6972273,84916,13944546,"1bill-boot"
38,22,"petite","second",376930,413871,36906887,63093182,827742,126186364,28331,42629,2999695,7002585,85258,14005170,"1bill-boot"
38,23,"petite","second",377078,414099,36892453,63107681,828198,126215362,28334,42735,2988829,7012303,85470,14024606,"1bill-boot"
38,24,"petite","second",376981,413319,36865663,63134346,826638,126268692,28395,42481,3004690,6996374,84962,13992748,"1bill-boot"
38,25,"petite","second",377367,413264,36918721,63081613,826528,126163226,28604,42367,3046505,6954810,84734,13909620,"1bill-boot"
38,26,"petite","second",378350,412590,37029331,62970721,825180,125941442,28326,42758,2996272,7005010,85516,14010020,"1bill-boot"
38,27,"petite","second",377881,412765,36996411,63003698,825530,126007396,28767,42329,3045118,6956255,84658,13912510,"1bill-boot"
38,28,"petite","second",376991,413866,36907143,63093034,827732,126186068,28502,42404,3025565,6974847,84808,13949694,"1bill-boot"
38,29,"petite","second",377911,413089,36968494,63031643,826178,126063286,28657,42375,3029894,6971410,84750,13942820,"1bill-boot"
38,30,"petite","second",377578,412963,36958050,63042122,825926,126084244,28618,42457,3032413,6967980,84914,13935960,"1bill-boot"
5,1,"petite","second",367751,422817,36103208,63896834,845634,127793668,27644,43476,2920278,7081736,86952,14163472,"1bill-boot"
5,2,"petite","second",367851,423549,36122841,63877199,847098,127754398,27762,43676,2924796,7076481,87352,14152962,"1bill-boot"
5,3,"petite","second",367856,423478,36091980,63908026,846956,127816052,28057,43365,2962697,7038478,86730,14076956,"1bill-boot"
5,4,"petite","second",369695,422600,36287359,63712846,845200,127425692,28497,43418,3003798,6997963,86836,13995926,"1bill-boot"
5,5,"petite","second",368370,423080,36163780,63836275,846160,127672550,28251,43328,2979122,7021872,86656,14043744,"1bill-boot"
5,6,"petite","second",368292,423286,36109806,63890205,846572,127780410,28201,43407,2969256,7032528,86814,14065056,"1bill-boot"
5,7,"petite","second",367684,423421,36080936,63919091,846842,127838182,28145,43471,2966838,7033711,86942,14067422,"1bill-boot"
5,8,"petite","second",368145,423102,36111053,63889025,846204,127778050,28139,43368,2970246,7029771,86736,14059542,"1bill-boot"
5,9,"petite","second",368931,423145,36190513,63809531,846290,127619062,27964,43681,2933307,7067832,87362,14135664,"1bill-boot"
5,10,"petite","second",369052,422935,36200597,63799449,845870,127598898,28030,43495,2941513,7061223,86990,14122446,"1bill-boot"
5,11,"petite","second",369304,422570,36210991,63789042,845140,127578084,28172,43284,2970561,7029681,86568,14059362,"1bill-boot"
5,12,"petite","second",368243,423264,36122466,63877584,846528,127755168,28004,43556,2949290,7052052,87112,14104104,"1bill-boot"
5,13,"petite","second",368451,423265,36145137,63854887,846530,127709774,28018,43498,2948579,7053491,86996,14106982,"1bill-boot"
5,14,"petite","second",368182,422552,36170499,63829679,845104,127659358,27902,43544,2936345,7063737,87088,14127474,"1bill-boot"
5,15,"petite","second",368196,423268,36130718,63869471,846536,127738942,28099,43318,2963555,7037194,86636,14074388,"1bill-boot"
5,16,"petite","second",369066,423088,36193248,63806862,846176,127613724,28039,43368,2953444,7047664,86736,14095328,"1bill-boot"
5,17,"petite","second",368747,423197,36203941,63796127,846394,127592254,28327,43334,2982139,7019475,86668,14038950,"1bill-boot"
5,18,"petite","second",368072,423078,36112055,63888004,846156,127776008,27976,43323,2942606,7058123,86646,14116246,"1bill-boot"
5,19,"petite","second",368973,422537,36199131,63800896,845074,127601792,28094,43375,2958296,7042101,86750,14084202,"1bill-boot"
5,20,"petite","second",367713,423855,36070327,63929695,847710,127859390,27961,43555,2940914,7059641,87110,14119282,"1bill-boot"
5,21,"petite","second",368661,423002,36149205,63850911,846004,127701822,27874,43572,2942599,7057845,87144,14115690,"1bill-boot"
5,22,"petite","second",366818,423518,35994054,64006059,847036,128012118,28008,43372,2945480,7054690,86744,14109380,"1bill-boot"
5,23,"petite","second",366969,423777,36020334,63979747,847554,127959494,27804,43543,2929412,7071501,87086,14143002,"1bill-boot"
5,24,"petite","second",368571,422709,36181659,63818434,845418,127636868,28261,43237,2977293,7022870,86474,14045740,"1bill-boot"
5,25,"petite","second",367922,423171,36075860,63924161,846342,127848322,27940,43361,2947079,7054233,86722,14108466,"1bill-boot"
5,26,"petite","second",369099,422783,36166853,63833163,845566,127666326,28379,43329,2980597,7022306,86658,14044612,"1bill-boot"
5,27,"petite","second",369332,422780,36236503,63763634,845560,127527268,28291,43299,2981351,7019632,86598,14039264,"1bill-boot"
5,28,"petite","second",368236,423650,36123503,63876659,847300,127753318,27922,43476,2939983,7060272,86952,14120544,"1bill-boot"
5,29,"petite","second",368193,423048,36089760,63910264,846096,127820528,28072,43653,2941124,7059912,87306,14119824,"1bill-boot"
5,30,"petite","second",369166,422223,36232202,63767847,844446,127535694,28300,43210,2982544,7017941,86420,14035882,"1bill-boot"
31,1,"petite","second",381115,411525,36853412,63146609,823050,126293218,28793,42441,2993720,7006809,84882,14013618,"1bill-boot"
31,2,"petite","second",382200,411746,36885495,63114532,823492,126229064,29017,42319,3009357,6990945,84638,13981890,"1bill-boot"
31,3,"petite","second",381160,412152,36804370,63195781,824304,126391562,28989,42211,3010567,6989839,84422,13979678,"1bill-boot"
31,4,"petite","second",382203,411528,36856775,63143306,823056,126286612,28902,42084,3010174,6991838,84168,13983676,"1bill-boot"
31,5,"petite","second",381738,411512,36840948,63159100,823024,126318200,29093,42156,3024668,6976484,84312,13952968,"1bill-boot"
31,6,"petite","second",382416,410942,36993455,63006585,821884,126013170,28919,42359,3016237,6985268,84718,13970536,"1bill-boot"
31,7,"petite","second",381736,411104,36875382,63124675,822208,126249350,28770,42342,3000772,7000027,84684,14000054,"1bill-boot"
31,8,"petite","second",382533,411184,36938228,63061894,822368,126123788,29171,42189,3028579,6972152,84378,13944304,"1bill-boot"
31,9,"petite","second",381216,412156,36845469,63154573,824312,126309146,28946,42379,3011795,6989932,84758,13979864,"1bill-boot"
31,10,"petite","second",381843,411579,36845514,63154508,823158,126309016,29017,42388,3015741,6985023,84776,13970046,"1bill-boot"
31,11,"petite","second",383686,410273,37023506,62976539,820546,125953078,28980,42163,3009200,6991143,84326,13982286,"1bill-boot"
31,12,"petite","second",382367,410691,36942683,63057566,821382,126115132,28959,42172,3022305,6977928,84344,13955856,"1bill-boot"
31,13,"petite","second",382085,411223,36922486,63077619,822446,126155238,29032,42330,3025782,6974729,84660,13949458,"1bill-boot"
31,14,"petite","second",381695,411078,36861179,63138922,822156,126277844,29104,42043,3031789,6968666,84086,13937332,"1bill-boot"
31,15,"petite","second",382160,411458,36867669,63132356,822916,126264712,28915,42280,3011405,6989881,84560,13979762,"1bill-boot"
31,16,"petite","second",383331,410971,36990950,63009096,821942,126018192,29186,42166,3047117,6953290,84332,13906580,"1bill-boot"
31,17,"petite","second",381933,411697,36886346,63113665,823394,126227330,28906,42254,3013760,6986785,84508,13973570,"1bill-boot"
31,18,"petite","second",383316,410886,36999857,63000246,821772,126000492,29073,42276,3018655,6981805,84552,13963610,"1bill-boot"
31,19,"petite","second",382047,411447,36875448,63124634,822894,126249268,28978,42128,3023177,6977055,84256,13954110,"1bill-boot"
31,20,"petite","second",382116,411207,36923288,63076760,822414,126153520,28705,42198,3004003,6998336,84396,13996672,"1bill-boot"
31,21,"petite","second",383488,411211,37002766,62997236,822422,125994472,29153,42000,3031332,6969457,84000,13938914,"1bill-boot"
31,22,"petite","second",381700,411390,36865122,63134907,822780,126269814,29002,42255,3013540,6987213,84510,13974426,"1bill-boot"
31,23,"petite","second",381925,411354,36894706,63105323,822708,126210646,28964,42053,3021353,6978954,84106,13957908,"1bill-boot"
31,24,"petite","second",380924,411528,36760150,63239935,823056,126479870,29131,42378,3012661,6988249,84756,13976498,"1bill-boot"
31,25,"petite","second",382723,410952,36958993,63041115,821904,126082230,29199,42098,3034615,6965871,84196,13931742,"1bill-boot"
31,26,"petite","second",382269,411147,36922779,63077260,822294,126154520,29356,42095,3055509,6944672,84190,13889344,"1bill-boot"
31,27,"petite","second",382368,411204,36884031,63116205,822408,126232410,28974,42299,3009411,6991734,84598,13983468,"1bill-boot"
31,28,"petite","second",381721,410935,36924721,63075320,821870,126150640,28997,42291,3020624,6980959,84582,13961918,"1bill-boot"
31,29,"petite","second",381779,411633,36869670,63130416,823266,126260832,28957,42150,3008416,6993064,84300,13986128,"1bill-boot"
31,30,"petite","second",381139,411332,36802978,63197075,822664,126394150,28823,42467,2991294,7010288,84934,14020576,"1bill-boot"
36,1,"petite","second",376639,415986,36661844,63338208,831972,126676416,28161,42987,2947079,7055808,85974,14111616,"1bill-boot"
36,2,"petite","second",376569,416656,36618403,63381645,833312,126763290,28543,42767,2992837,7007272,85534,14014544,"1bill-boot"
36,3,"petite","second",377406,416227,36719708,63280341,832454,126560682,28911,42689,3028090,6973510,85378,13947020,"1bill-boot"
36,4,"petite","second",377144,416733,36664983,63335035,833466,126670070,28650,42983,3006676,6994822,85966,13989644,"1bill-boot"
36,5,"petite","second",377516,416123,36758582,63241484,832246,126482968,28411,42906,2995403,7005616,85812,14011232,"1bill-boot"
36,6,"petite","second",376240,416573,36612503,63387569,833146,126775138,28749,42821,3003378,6997506,85642,13995012,"1bill-boot"
36,7,"petite","second",376501,416827,36650512,63349552,833654,126699104,28600,42774,3003458,6997539,85548,13995078,"1bill-boot"
36,8,"petite","second",376884,416749,36654749,63345386,833498,126690772,28583,43067,2980700,7022038,86134,14044076,"1bill-boot"
36,9,"petite","second",377992,416040,36788299,63211774,832080,126423548,28558,42805,2992782,7009083,85610,14018166,"1bill-boot"
36,10,"petite","second",376668,416853,36665771,63334337,833706,126668674,28517,42908,2993780,7007444,85816,14014888,"1bill-boot"
36,11,"petite","second",377466,416313,36716237,63283789,832626,126567578,28556,42877,2984953,7016279,85754,14032558,"1bill-boot"
36,12,"petite","second",376851,416425,36689618,63310590,832850,126621180,28695,42922,3009775,6991905,85844,13983810,"1bill-boot"
36,13,"petite","second",376933,416548,36667728,63332334,833096,126664668,28541,43000,2981817,7020230,86000,14040460,"1bill-boot"
36,14,"petite","second",376296,416966,36605003,63395122,833932,126790244,28382,43009,2970934,7030096,86018,14060192,"1bill-boot"
36,15,"petite","second",376473,416380,36648466,63351559,832760,126703118,28536,42916,2989712,7010998,85832,14021996,"1bill-boot"
36,16,"petite","second",377147,416939,36678265,63321811,833878,126643622,28327,42983,2973473,7027201,85966,14054402,"1bill-boot"
36,17,"petite","second",376239,417129,36637249,63362757,834258,126725514,28396,42841,2988037,7012252,85682,14024504,"1bill-boot"
36,18,"petite","second",376939,416731,36704073,63296123,833462,126592246,28566,43005,2985818,7014391,86010,14028782,"1bill-boot"
36,19,"petite","second",377833,416214,36732989,63267034,832428,126534068,28276,43218,2955367,7046767,86436,14093534,"1bill-boot"
36,20,"petite","second",377763,417037,36762379,63237776,834074,126475552,28409,43050,2983776,7017330,86100,14034660,"1bill-boot"
36,21,"petite","second",378198,416178,36746944,63253063,832356,126506126,28755,42833,3012121,6988862,85666,13977724,"1bill-boot"
36,22,"petite","second",376178,417179,36639671,63360388,834358,126720776,28373,42987,2968554,7031897,85974,14063794,"1bill-boot"
36,23,"petite","second",375811,417545,36532924,63467138,835090,126934276,28414,42818,2979036,7022126,85636,14044252,"1bill-boot"
36,24,"petite","second",376076,416790,36585792,63414270,833580,126828540,28339,43050,2975725,7024592,86100,14049184,"1bill-boot"
36,25,"petite","second",376737,416119,36678146,63321918,832238,126643836,28655,42736,2993520,7009033,85472,14018066,"1bill-boot"
36,26,"petite","second",378194,416014,36803322,63196734,832028,126393468,28653,42848,3002739,6997739,85696,13995478,"1bill-boot"
36,27,"petite","second",378279,415648,36791220,63208792,831296,126417584,28499,42832,2987218,7014239,85664,14028478,"1bill-boot"
36,28,"petite","second",375896,416791,36620802,63379410,833582,126758820,28498,42737,2994962,7005072,85474,14010144,"1bill-boot"
36,29,"petite","second",377287,416263,36714213,63285858,832526,126571716,28377,42978,2985447,7014751,85956,14029502,"1bill-boot"
36,30,"petite","second",377523,416282,36704222,63295886,832564,126591772,28692,42746,3012294,6987883,85492,13975766,"1bill-boot"
14,1,"petite","second",377069,415591,36829256,63170842,831182,126341684,28552,42832,3014401,6989230,85664,13978460,"1bill-boot"
14,2,"petite","second",377123,415660,36818357,63181780,831320,126363560,28626,42769,2998187,7002010,85538,14004020,"1bill-boot"
14,3,"petite","second",376394,416629,36752854,63247229,833258,126494458,28768,42728,3032396,6968555,85456,13937110,"1bill-boot"
14,4,"petite","second",377450,416161,36820900,63179252,832322,126358504,28859,42692,3036438,6964092,85384,13928184,"1bill-boot"
14,5,"petite","second",377687,415967,36856374,63143679,831934,126287358,28869,42721,3041594,6959698,85442,13919396,"1bill-boot"
14,6,"petite","second",377901,415578,36901760,63098504,831156,126197008,28754,42661,3037644,6963959,85322,13927918,"1bill-boot"
14,7,"petite","second",376446,415826,36775935,63224187,831652,126448374,28517,42858,3010840,6990345,85716,13980690,"1bill-boot"
14,8,"petite","second",377388,416045,36823185,63176861,832090,126353722,28740,42819,3024195,6976933,85638,13953866,"1bill-boot"
14,9,"petite","second",376570,416552,36789587,63210530,833104,126421060,28500,42886,3003481,6998653,85772,13997306,"1bill-boot"
14,10,"petite","second",377750,416039,36844894,63155195,832078,126310390,28540,42892,3006246,6994914,85784,13989828,"1bill-boot"
14,11,"petite","second",378071,415250,36923279,63076734,830500,126153468,28555,42738,3017071,6985164,85476,13970328,"1bill-boot"
14,12,"petite","second",377264,416045,36809823,63190183,832090,126380366,28582,42778,3010727,6990026,85556,13980052,"1bill-boot"
14,13,"petite","second",377109,416020,36796582,63203483,832040,126406966,28626,42790,3015768,6985513,85580,13971026,"1bill-boot"
14,14,"petite","second",377091,415646,36760886,63239214,831292,126478428,28701,42867,2999222,7002467,85734,14004934,"1bill-boot"
14,15,"petite","second",377172,416176,36786394,63213680,832352,126427360,28764,42848,3012348,6989060,85696,13978120,"1bill-boot"
14,16,"petite","second",377265,416551,36809090,63190940,833102,126381880,28716,42922,3020276,6980093,85844,13960186,"1bill-boot"
14,17,"petite","second",376704,416907,36764091,63236004,833814,126472008,28347,43003,2983859,7017708,86006,14035416,"1bill-boot"
14,18,"petite","second",378750,415396,36965446,63034589,830792,126069178,28804,42541,3049495,6950655,85082,13901310,"1bill-boot"
14,19,"petite","second",377942,415517,36834966,63165082,831034,126330164,28614,42737,3012511,6988846,85474,13977692,"1bill-boot"
14,20,"petite","second",377954,415486,36921822,63078191,830972,126156382,28808,42488,3043188,6957265,84976,13914530,"1bill-boot"
14,21,"petite","second",376751,416305,36749597,63250486,832610,126500972,28486,42869,3000404,7000551,85738,14001102,"1bill-boot"
14,22,"petite","second",376562,416545,36744716,63255304,833090,126510608,28618,42799,3011560,6988957,85598,13977914,"1bill-boot"
14,23,"petite","second",376814,415902,36788397,63211686,831804,126423372,28710,42647,3022537,6979585,85294,13959170,"1bill-boot"
14,24,"petite","second",376400,415961,36761461,63238580,831922,126477160,28772,42777,3033944,6966571,85554,13933142,"1bill-boot"
14,25,"petite","second",377796,415600,36800310,63199819,831200,126399638,28603,42598,3011672,6989210,85196,13978420,"1bill-boot"
14,26,"petite","second",377703,415952,36859508,63140565,831904,126281130,28655,42764,3012874,6988767,85528,13977534,"1bill-boot"
14,27,"petite","second",377241,415772,36861737,63138466,831544,126276932,28610,42569,3026841,6974723,85138,13949446,"1bill-boot"
14,28,"petite","second",376991,415991,36806778,63193243,831982,126386486,28403,42711,2999688,7001797,85422,14003594,"1bill-boot"
14,29,"petite","second",376774,416365,36745527,63254485,832730,126508970,28753,42630,3034998,6965623,85260,13931246,"1bill-boot"
14,30,"petite","second",376370,416204,36707277,63292748,832408,126585496,28994,42655,3049492,6951979,85310,13903958,"1bill-boot"
13,1,"petite","second",370668,423367,35955342,64044679,846734,128089358,28116,43471,2939769,7062480,86942,14124960,"1bill-boot"
13,2,"petite","second",371498,422772,36067838,63932435,845544,127864870,28124,43664,2932635,7068044,87328,14136088,"1bill-boot"
13,3,"petite","second",370808,423343,35955926,64044162,846686,128088324,28155,43436,2942725,7058534,86872,14117068,"1bill-boot"
13,4,"petite","second",372023,422639,36096353,63903707,845278,127807414,27854,43781,2907742,7092277,87562,14184554,"1bill-boot"
13,5,"petite","second",371201,423124,36056143,63943934,846248,127887868,28177,43558,2946025,7054007,87116,14108014,"1bill-boot"
13,6,"petite","second",370816,423015,35986366,64013754,846030,128027508,27910,43467,2920456,7080986,86934,14161972,"1bill-boot"
13,7,"petite","second",370832,423564,35996417,64003611,847128,128007222,28055,43436,2928608,7072778,86872,14145556,"1bill-boot"
13,8,"petite","second",372242,423007,36131541,63868630,846014,127737260,28276,43437,2961107,7040156,86874,14080312,"1bill-boot"
13,9,"petite","second",370884,423356,36036233,63963807,846712,127927614,28100,43437,2946718,7053383,86874,14106766,"1bill-boot"
13,10,"petite","second",371545,423252,36069623,63930381,846504,127860762,28162,43390,2947213,7054375,86780,14108750,"1bill-boot"
13,11,"petite","second",371576,422992,36065774,63934298,845984,127868596,27744,43607,2905918,7095423,87214,14190846,"1bill-boot"
13,12,"petite","second",371230,423158,36043893,63956152,846316,127912304,27928,43320,2933239,7068254,86640,14136508,"1bill-boot"
13,13,"petite","second",371320,423059,36055141,63944937,846118,127889874,28007,43341,2942156,7059033,86682,14118066,"1bill-boot"
13,14,"petite","second",371956,422352,36107806,63892217,844704,127784434,27766,43665,2908802,7091207,87330,14182414,"1bill-boot"
13,15,"petite","second",371485,423122,36075165,63924913,846244,127849826,28249,43471,2961397,7040677,86942,14081354,"1bill-boot"
13,16,"petite","second",371392,423081,36023690,63976341,846162,127952682,27802,43516,2908981,7091836,87032,14183672,"1bill-boot"
13,17,"petite","second",370939,423445,36045948,63954147,846890,127908294,27927,43566,2927898,7073336,87132,14146672,"1bill-boot"
13,18,"petite","second",370784,423257,35996444,64003641,846514,128007282,28110,43463,2934847,7065212,86926,14130424,"1bill-boot"
13,19,"petite","second",371856,422447,36118047,63882091,844894,127764182,28074,43530,2934932,7066295,87060,14132590,"1bill-boot"
13,20,"petite","second",371806,423207,36070443,63929806,846414,127859612,27768,43674,2906911,7093426,87348,14186852,"1bill-boot"
13,21,"petite","second",371801,423159,36058588,63941524,846318,127883048,28121,43494,2930426,7070781,86988,14141562,"1bill-boot"
13,22,"petite","second",370917,423034,36035317,63964799,846068,127929598,27951,43556,2926011,7075788,87112,14151576,"1bill-boot"
13,23,"petite","second",371791,422474,36111131,63888900,844948,127777800,28177,43584,2939567,7060865,87168,14121730,"1bill-boot"
13,24,"petite","second",370743,423289,36002894,63997160,846578,127994320,27911,43670,2929649,7071372,87340,14142744,"1bill-boot"
13,25,"petite","second",370975,423491,35960552,64039479,846982,128078958,27948,43679,2920480,7080435,87358,14160870,"1bill-boot"
13,26,"petite","second",371377,423077,36055740,63944335,846154,127888670,27968,43588,2928100,7072162,87176,14144324,"1bill-boot"
13,27,"petite","second",370502,423060,35981763,64018386,846120,128036772,28085,43512,2937299,7063858,87024,14127716,"1bill-boot"
13,28,"petite","second",371602,422343,36118471,63881647,844686,127763294,27954,43636,2930463,7071023,87272,14142046,"1bill-boot"
13,29,"petite","second",370879,423271,35988394,64011873,846542,128023746,27863,43718,2915181,7085738,87436,14171476,"1bill-boot"
13,30,"petite","second",371773,422245,36082467,63917620,844490,127835240,28242,43460,2949919,7051794,86920,14103588,"1bill-boot"
25,1,"petite","second",378757,414754,36755398,63244637,829508,126489274,28820,42741,2999774,7001419,85482,14002838,"1bill-boot"
25,2,"petite","second",379059,414227,36802875,63197288,828454,126394576,29001,42590,3024387,6976538,85180,13953076,"1bill-boot"
25,3,"petite","second",378102,414871,36655955,63344180,829742,126688360,28777,42636,3000098,7001301,85272,14002602,"1bill-boot"
25,4,"petite","second",379805,414535,36841638,63158438,829070,126316876,28757,42756,3000300,7000110,85512,14000220,"1bill-boot"
25,5,"petite","second",378578,414243,36745044,63255020,828486,126510040,28769,42666,2994993,7006725,85332,14013450,"1bill-boot"
25,6,"petite","second",380157,414275,36880343,63119773,828550,126239546,29092,42616,3024851,6976298,85232,13952596,"1bill-boot"
25,7,"petite","second",379126,413989,36805001,63195089,827978,126390178,28933,42623,3017409,6983189,85246,13966378,"1bill-boot"
25,8,"petite","second",379500,414379,36846709,63153372,828758,126306744,28926,42624,3007661,6993917,85248,13987834,"1bill-boot"
25,9,"petite","second",379665,414408,36833668,63166399,828816,126332798,28955,42677,3017046,6983800,85354,13967600,"1bill-boot"
25,10,"petite","second",378805,414508,36762254,63237768,829016,126475536,28977,42553,3012078,6988475,85106,13976950,"1bill-boot"
25,11,"petite","second",378837,414525,36765286,63234763,829050,126469526,28845,42621,3009474,6990781,85242,13981562,"1bill-boot"
25,12,"petite","second",378950,414515,36774053,63225979,829030,126451958,28735,42732,2996608,7004004,85464,14008008,"1bill-boot"
25,13,"petite","second",378948,414701,36750757,63249299,829402,126498598,28842,42598,3003668,6997233,85196,13994466,"1bill-boot"
25,14,"petite","second",378518,414444,36768013,63232102,828888,126464204,28707,42663,2996766,7003695,85326,14007390,"1bill-boot"
25,15,"petite","second",378194,414960,36693137,63306897,829920,126613794,28518,42733,2981313,7018720,85466,14037440,"1bill-boot"
25,16,"petite","second",378679,414905,36733589,63266417,829810,126532834,28832,42764,2999068,7001124,85528,14002248,"1bill-boot"
25,17,"petite","second",378844,414954,36791824,63208281,829908,126416562,28929,42711,3018995,6982064,85422,13964128,"1bill-boot"
25,18,"petite","second",379834,414041,36867139,63132971,828082,126265942,28904,42481,3013189,6987032,84962,13974064,"1bill-boot"
25,19,"petite","second",377393,415229,36609803,63390290,830458,126780580,28643,42758,2987780,7013351,85516,14026702,"1bill-boot"
25,20,"petite","second",379316,414407,36794354,63205777,828814,126411554,29021,42734,3013112,6987634,85468,13975268,"1bill-boot"
25,21,"petite","second",379402,414391,36776569,63223522,828782,126447044,28663,42540,2994988,7006556,85080,14013112,"1bill-boot"
25,22,"petite","second",378686,414622,36787008,63213042,829244,126426084,28723,42390,3001889,6998216,84780,13996432,"1bill-boot"
25,23,"petite","second",377888,414492,36712750,63287274,828984,126574548,28715,42610,3002170,6998304,85220,13996608,"1bill-boot"
25,24,"petite","second",378474,414671,36732167,63268014,829342,126536028,28759,42810,2979540,7022457,85620,14044914,"1bill-boot"
25,25,"petite","second",378997,414198,36779281,63220755,828396,126441510,29018,42570,3011535,6990126,85140,13980252,"1bill-boot"
25,26,"petite","second",378982,414327,36761048,63238955,828654,126477910,28715,42612,2992971,7008892,85224,14017784,"1bill-boot"
25,27,"petite","second",379356,413989,36830764,63169266,827978,126338532,28883,42573,3007446,6993015,85146,13986030,"1bill-boot"
25,28,"petite","second",379427,414053,36817542,63182489,828106,126364978,28726,42633,2990807,7011380,85266,14022760,"1bill-boot"
25,29,"petite","second",379158,414146,36803675,63196395,828292,126392790,28659,42632,2987698,7013207,85264,14026414,"1bill-boot"
25,30,"petite","second",378915,413928,36796106,63204022,827856,126408044,28764,42723,3000590,6999880,85446,13999760,"1bill-boot"
22,1,"petite","second",360719,422145,35391641,64608381,844290,129216762,27434,43246,2895576,7106568,86492,14213136,"1bill-boot"
22,2,"petite","second",360262,422961,35256232,64743791,845922,129487582,26915,43374,2847993,7153697,86748,14307394,"1bill-boot"
22,3,"petite","second",361176,422191,35342334,64657804,844382,129315608,27560,43187,2909098,7091669,86374,14183338,"1bill-boot"
22,4,"petite","second",360687,423279,35300495,64699553,846558,129399106,27230,43361,2870924,7131533,86722,14263066,"1bill-boot"
22,5,"petite","second",360736,422818,35261999,64738030,845636,129476060,27374,43323,2877920,7123471,86646,14246942,"1bill-boot"
22,6,"petite","second",360655,423011,35275552,64724459,846022,129448918,27187,43312,2869901,7130841,86624,14261682,"1bill-boot"
22,7,"petite","second",360624,422458,35295427,64704599,844916,129409198,27103,43422,2847179,7154055,86844,14308110,"1bill-boot"
22,8,"petite","second",360295,422985,35240697,64759392,845970,129518784,27365,43251,2884938,7115979,86502,14231958,"1bill-boot"
22,9,"petite","second",360541,423250,35292025,64708013,846500,129416026,27100,43455,2843194,7159074,86910,14318148,"1bill-boot"
22,10,"petite","second",360748,422845,35279554,64720666,845690,129441332,27334,43413,2877240,7124483,86826,14248966,"1bill-boot"
22,11,"petite","second",360708,423610,35258198,64741944,847220,129483888,27334,43407,2874262,7126576,86814,14253152,"1bill-boot"
22,12,"petite","second",359699,423111,35192718,64807311,846222,129614622,27203,43405,2863326,7137245,86810,14274490,"1bill-boot"
22,13,"petite","second",359491,423594,35155900,64844110,847188,129688220,27361,43329,2882443,7118359,86658,14236718,"1bill-boot"
22,14,"petite","second",360135,422789,35275409,64724591,845578,129449182,27168,43405,2868247,7131895,86810,14263790,"1bill-boot"
22,15,"petite","second",361068,422355,35357238,64642863,844710,129285726,27295,43441,2869740,7132202,86882,14264404,"1bill-boot"
22,16,"petite","second",360066,423138,35247745,64752341,846276,129504682,27796,42927,2926984,7073171,85854,14146342,"1bill-boot"
22,17,"petite","second",360683,422510,35316632,64683416,845020,129366832,27454,43336,2885680,7116923,86672,14233846,"1bill-boot"
22,18,"petite","second",360163,423021,35209090,64791095,846042,129582190,27243,43296,2872467,7130620,86592,14261240,"1bill-boot"
22,19,"petite","second",360024,423250,35249927,64750339,846500,129500678,27403,43298,2893419,7107883,86596,14215766,"1bill-boot"
22,20,"petite","second",360405,422921,35287535,64712563,845842,129425126,27311,43264,2882304,7118808,86528,14237616,"1bill-boot"
22,21,"petite","second",360507,423112,35233617,64766543,846224,129533086,27268,43358,2878583,7122857,86716,14245714,"1bill-boot"
22,22,"petite","second",360305,422340,35289265,64710776,844680,129421552,27113,43368,2855837,7145574,86736,14291148,"1bill-boot"
22,23,"petite","second",359485,423291,35150380,64849631,846582,129699262,27095,43440,2866513,7134225,86880,14268450,"1bill-boot"
22,24,"petite","second",359722,423417,35191706,64808395,846834,129616790,27183,43399,2854076,7146056,86798,14292112,"1bill-boot"
22,25,"petite","second",360042,422753,35211927,64788075,845506,129576150,27009,43428,2849857,7151257,86856,14302514,"1bill-boot"
22,26,"petite","second",360736,422785,35303445,64696695,845570,129393390,27716,43009,2926887,7074397,86018,14148794,"1bill-boot"
22,27,"petite","second",360056,422448,35284670,64715338,844896,129430676,27200,43333,2882622,7118458,86666,14236916,"1bill-boot"
22,28,"petite","second",359867,423113,35198728,64801384,846226,129602768,27275,43374,2867680,7134511,86748,14269022,"1bill-boot"
22,29,"petite","second",360775,422520,35279857,64720212,845040,129440424,27368,43210,2881078,7119500,86420,14239000,"1bill-boot"
22,30,"petite","second",360798,422798,35270769,64729237,845596,129458474,27389,43262,2889152,7112156,86524,14224312,"1bill-boot"
49,1,"petite","second",373975,419237,36846227,63153933,838474,126307866,28425,43007,3023936,6976834,86014,13953668,"1bill-boot"
49,2,"petite","second",373473,419180,36777606,63222411,838360,126444822,28432,43118,3026923,6973130,86236,13946260,"1bill-boot"
49,3,"petite","second",374774,419096,36859526,63140518,838192,126281036,28561,42998,3027307,6973968,85996,13947936,"1bill-boot"
49,4,"petite","second",374199,419405,36848844,63151249,838810,126302498,28315,43319,3005440,6996492,86638,13992984,"1bill-boot"
49,5,"petite","second",374788,418914,36851917,63148240,837828,126296480,28501,43023,3015467,6986368,86046,13972736,"1bill-boot"
49,6,"petite","second",375032,418993,36897706,63102381,837986,126204762,28856,42945,3052479,6948405,85890,13896810,"1bill-boot"
49,7,"petite","second",374364,419511,36823855,63176263,839022,126352526,28639,42988,3041796,6958774,85976,13917548,"1bill-boot"
49,8,"petite","second",374718,419455,36861869,63138133,838910,126276266,28682,42933,3041328,6960289,85866,13920578,"1bill-boot"
49,9,"petite","second",375513,419433,36943639,63056435,838866,126112870,28728,43030,3043193,6956915,86060,13913830,"1bill-boot"
49,10,"petite","second",374674,419375,36896975,63103075,838750,126206150,28960,42952,3068624,6931869,85904,13863738,"1bill-boot"
49,11,"petite","second",375248,418876,36922367,63077711,837752,126155422,28730,43032,3050332,6950168,86064,13900336,"1bill-boot"
49,12,"petite","second",373929,419416,36808598,63191404,838832,126382808,28692,42969,3036039,6964143,85938,13928286,"1bill-boot"
49,13,"petite","second",374022,419013,36836385,63163700,838026,126327400,28481,43095,3019991,6980242,86190,13960484,"1bill-boot"
49,14,"petite","second",373979,419787,36758258,63241795,839574,126483590,28475,43310,3016927,6985311,86620,13970622,"1bill-boot"
49,15,"petite","second",373715,419488,36776866,63223239,838976,126446478,28526,43053,3019468,6980592,86106,13961184,"1bill-boot"
49,16,"petite","second",374487,419529,36855553,63144447,839058,126288894,28853,42898,3058799,6943651,85796,13887302,"1bill-boot"
49,17,"petite","second",375014,419373,36932758,63067285,838746,126134570,28487,43183,3017560,6984986,86366,13969972,"1bill-boot"
49,18,"petite","second",375254,419141,36875587,63124476,838282,126248952,28637,43054,3035710,6966643,86108,13933286,"1bill-boot"
49,19,"petite","second",374511,419090,36860255,63139909,838180,126279818,28796,43002,3053341,6946679,86004,13893358,"1bill-boot"
49,20,"petite","second",374504,419395,36858456,63141609,838790,126283218,28465,43194,3027138,6975325,86388,13950650,"1bill-boot"
49,21,"petite","second",374608,418882,36844728,63155298,837764,126310596,28394,43024,3010948,6989265,86048,13978530,"1bill-boot"
49,22,"petite","second",373939,419340,36816396,63183641,838680,126367282,28427,43167,3014247,6987162,86334,13974324,"1bill-boot"
49,23,"petite","second",373453,419530,36788604,63211403,839060,126422806,28466,43192,3007332,6992980,86384,13985960,"1bill-boot"
49,24,"petite","second",374400,418802,36879205,63120863,837604,126241726,28472,43073,3029002,6973177,86146,13946354,"1bill-boot"
49,25,"petite","second",374730,419145,36850719,63149355,838290,126298710,28648,42938,3030565,6969480,85876,13938960,"1bill-boot"
49,26,"petite","second",374792,418556,36925206,63074846,837112,126149692,28458,42976,3020998,6979890,85952,13959780,"1bill-boot"
49,27,"petite","second",375097,419028,36898698,63101303,838056,126202606,28506,43147,3020053,6980474,86294,13960948,"1bill-boot"
49,28,"petite","second",373908,419105,36824614,63175532,838210,126351064,28270,43259,3005704,6995755,86518,13991510,"1bill-boot"
49,29,"petite","second",374407,418978,36848115,63151944,837956,126303888,28283,43233,3003244,6997191,86466,13994382,"1bill-boot"
49,30,"petite","second",375738,418057,36999785,63000226,836114,126000452,28778,42881,3057523,6943159,85762,13886318,"1bill-boot"
47,1,"petite","second",379516,414908,36826919,63173181,829816,126346362,28450,42743,2978276,7021869,85486,14043738,"1bill-boot"
47,2,"petite","second",380848,415063,36921516,63078550,830126,126157100,28555,42740,2995526,7005032,85480,14010064,"1bill-boot"
47,3,"petite","second",380642,414948,36893074,63106935,829896,126213870,28537,43007,2984813,7015867,86014,14031734,"1bill-boot"
47,4,"petite","second",380644,414850,36951283,63048838,829700,126097676,28462,42801,2983906,7016664,85602,14033328,"1bill-boot"
47,5,"petite","second",380482,414624,36888677,63111381,829248,126222762,28634,42763,2994567,7007740,85526,14015480,"1bill-boot"
47,6,"petite","second",381252,414422,36945677,63054390,828844,126108780,28660,42814,2995970,7004623,85628,14009246,"1bill-boot"
47,7,"petite","second",380524,414524,36943708,63056352,829048,126112704,28631,42665,3012697,6989376,85330,13978752,"1bill-boot"
47,8,"petite","second",380481,414708,36932677,63067444,829416,126134888,28569,42880,2982261,7018350,85760,14036700,"1bill-boot"
47,9,"petite","second",380153,415491,36891658,63108378,830982,126216756,28721,42759,3014592,6986734,85518,13973468,"1bill-boot"
47,10,"petite","second",380639,414652,36894496,63105620,829304,126211240,28785,42712,3011149,6990387,85424,13980774,"1bill-boot"
47,11,"petite","second",380380,415070,36892014,63108079,830140,126216158,28643,42811,2992133,7009230,85622,14018460,"1bill-boot"
47,12,"petite","second",381714,414216,37024219,62975809,828432,125951618,28880,42625,3020611,6980162,85250,13960324,"1bill-boot"
47,13,"petite","second",380516,414712,36903840,63096170,829424,126192340,28437,42911,2974575,7027324,85822,14054648,"1bill-boot"
47,14,"petite","second",380674,414504,36902875,63097227,829008,126194454,28582,42717,3003463,6996877,85434,13993754,"1bill-boot"
47,15,"petite","second",380208,415055,36859430,63140684,830110,126281368,28404,43012,2974596,7025571,86024,14051142,"1bill-boot"
47,16,"petite","second",380766,414732,36931418,63068620,829464,126137240,28769,42668,3023905,6977151,85336,13954302,"1bill-boot"
47,17,"petite","second",379948,415805,36880443,63119560,831610,126239120,28460,42881,2992661,7007793,85762,14015586,"1bill-boot"
47,18,"petite","second",380848,414898,36885069,63115008,829796,126230016,28449,42835,2982794,7018816,85670,14037632,"1bill-boot"
47,19,"petite","second",381199,414713,36912270,63087865,829426,126175730,28948,42505,3030288,6970788,85010,13941576,"1bill-boot"
47,20,"petite","second",380433,414655,36876197,63123880,829310,126247760,28536,42761,2990032,7010708,85522,14021416,"1bill-boot"
47,21,"petite","second",381280,414577,36946761,63053259,829154,126106518,28478,42911,2983104,7018696,85822,14037392,"1bill-boot"
47,22,"petite","second",380690,414618,36941805,63058197,829236,126116394,28412,42923,2978643,7022114,85846,14044228,"1bill-boot"
47,23,"petite","second",380980,414127,36983819,63016186,828254,126032372,28622,42727,3006082,6995142,85454,13990284,"1bill-boot"
47,24,"petite","second",381380,413906,37008478,62991569,827812,125983138,28718,42601,3024544,6976184,85202,13952368,"1bill-boot"
47,25,"petite","second",380310,414435,36884102,63115941,828870,126231882,28360,42770,2990086,7011071,85540,14022142,"1bill-boot"
47,26,"petite","second",380946,414402,36946878,63053182,828804,126106364,28750,42670,3013655,6987642,85340,13975284,"1bill-boot"
47,27,"petite","second",380877,414303,36944155,63055888,828606,126111776,28377,42868,2970810,7029797,85736,14059594,"1bill-boot"
47,28,"petite","second",381043,414211,36978949,63021068,828422,126042136,28562,42741,2998949,7002085,85482,14004170,"1bill-boot"
47,29,"petite","second",379973,414994,36836313,63163768,829988,126327536,28584,42997,2988763,7011528,85994,14023056,"1bill-boot"
47,30,"petite","second",380106,414694,36897514,63102596,829388,126205192,28671,42752,3009318,6993398,85504,13986796,"1bill-boot"
40,1,"petite","second",368470,415935,36658836,63341221,831870,126682442,28090,42757,3004085,6997417,85514,13994834,"1bill-boot"
40,2,"petite","second",368167,415963,36621267,63378815,831926,126757630,27883,42728,2998842,7002520,85456,14005040,"1bill-boot"
40,3,"petite","second",369337,415781,36723646,63276502,831562,126553004,28159,42810,3018071,6982871,85620,13965742,"1bill-boot"
40,4,"petite","second",368323,416537,36631714,63368432,833074,126736864,27992,42836,2993110,7008805,85672,14017610,"1bill-boot"
40,5,"petite","second",369413,415739,36723396,63276679,831478,126553358,28103,42677,3004910,6995394,85354,13990788,"1bill-boot"
40,6,"petite","second",368203,416723,36568172,63432036,833446,126864072,28233,42653,3021438,6979778,85306,13959556,"1bill-boot"
40,7,"petite","second",368241,416344,36577451,63422603,832688,126845206,27952,42905,2985798,7015515,85810,14031030,"1bill-boot"
40,8,"petite","second",368569,416444,36612668,63387341,832888,126774682,28019,42900,2992207,7009582,85800,14019164,"1bill-boot"
40,9,"petite","second",367694,416039,36578466,63421592,832078,126843184,28035,42833,3002830,6997333,85666,13994666,"1bill-boot"
40,10,"petite","second",367285,417119,36494866,63505196,834238,127010392,27758,42945,2969232,7031020,85890,14062040,"1bill-boot"
40,11,"petite","second",367837,416275,36566978,63433121,832550,126866242,27947,42849,2989932,7010355,85698,14020710,"1bill-boot"
40,12,"petite","second",368388,416649,36602563,63397488,833298,126794976,27813,42917,2973885,7027733,85834,14055466,"1bill-boot"
40,13,"petite","second",367808,417529,36515588,63484605,835058,126969210,28138,42838,3010233,6989783,85676,13979566,"1bill-boot"
40,14,"petite","second",368434,415883,36604347,63395861,831766,126791722,28017,42723,2990387,7011156,85446,14022312,"1bill-boot"
40,15,"petite","second",368653,415801,36632419,63367626,831602,126735252,28022,42886,2997888,7002978,85772,14005956,"1bill-boot"
40,16,"petite","second",368338,416521,36613569,63386510,833042,126773020,28075,42680,3006806,6994334,85360,13988668,"1bill-boot"
40,17,"petite","second",368182,416187,36609903,63390168,832374,126780336,28033,42990,2994874,7007358,85980,14014716,"1bill-boot"
40,18,"petite","second",368665,416051,36625419,63374601,832102,126749202,28306,42566,3024082,6976448,85132,13952896,"1bill-boot"
40,19,"petite","second",368243,416397,36583398,63416736,832794,126833472,28240,42886,3008056,6993232,85772,13986464,"1bill-boot"
40,20,"petite","second",369892,415835,36744595,63255511,831670,126511022,28486,42572,3041138,6959462,85144,13918924,"1bill-boot"
40,21,"petite","second",368291,416579,36581446,63418661,833158,126837322,28060,42658,3015860,6985196,85316,13970392,"1bill-boot"
40,22,"petite","second",367207,416374,36505345,63494839,832748,126989678,27940,42819,2982531,7018238,85638,14036476,"1bill-boot"
40,23,"petite","second",367998,416702,36550309,63449879,833404,126899758,27884,42770,2990118,7010485,85540,14020970,"1bill-boot"
40,24,"petite","second",367638,416285,36549862,63450363,832570,126900726,27776,42932,2971465,7028706,85864,14057412,"1bill-boot"
40,25,"petite","second",367698,416021,36560957,63439147,832042,126878294,28044,42618,3003728,6998975,85236,13997950,"1bill-boot"
40,26,"petite","second",368463,416356,36603405,63396989,832712,126793978,28085,42705,3012828,6988126,85410,13976252,"1bill-boot"
40,27,"petite","second",369566,415115,36731417,63268594,830230,126537188,28149,42795,3016760,6983472,85590,13966944,"1bill-boot"
40,28,"petite","second",368147,416544,36596015,63404035,833088,126808070,28038,42856,2994111,7006261,85712,14012522,"1bill-boot"
40,29,"petite","second",367836,416714,36579775,63420412,833428,126840824,28125,42723,3008038,6992860,85446,13985720,"1bill-boot"
40,30,"petite","second",368932,416422,36652399,63347605,832844,126695210,28124,43025,3007679,6992581,86050,13985162,"1bill-boot"
23,1,"petite","second",373242,413133,36568655,63431364,826266,126862728,28382,42509,2980935,7019131,85018,14038262,"1bill-boot"
23,2,"petite","second",373165,413195,36552563,63447485,826390,126894970,28288,42436,2988990,7012522,84872,14025044,"1bill-boot"
23,3,"petite","second",373805,412757,36623377,63376799,825514,126753598,28387,42483,2989279,7012130,84966,14024260,"1bill-boot"
23,4,"petite","second",373922,413220,36604054,63396077,826440,126792154,28220,42607,2976814,7023348,85214,14046696,"1bill-boot"
23,5,"petite","second",374264,412325,36675314,63324702,824650,126649404,28518,42531,2993478,7007943,85062,14015886,"1bill-boot"
23,6,"petite","second",374020,412696,36627132,63372929,825392,126745858,28412,42686,2985822,7015827,85372,14031654,"1bill-boot"
23,7,"petite","second",374624,412219,36702479,63297778,824438,126595556,28353,42428,2997761,7003764,84856,14007528,"1bill-boot"
23,8,"petite","second",374436,412496,36677966,63322085,824992,126644170,28268,42610,2981436,7018764,85220,14037528,"1bill-boot"
23,9,"petite","second",374197,413121,36674747,63325473,826242,126650946,28400,42611,2982100,7018604,85222,14037208,"1bill-boot"
23,10,"petite","second",373702,413120,36623571,63376540,826240,126753080,28291,42626,2988028,7013021,85252,14026042,"1bill-boot"
23,11,"petite","second",373702,413042,36567153,63432885,826084,126865770,28236,42686,2966841,7033900,85372,14067800,"1bill-boot"
23,12,"petite","second",373658,413134,36610720,63389283,826268,126778566,28278,42549,2979616,7022658,85098,14045316,"1bill-boot"
23,13,"petite","second",374436,412213,36745342,63254685,824426,126509370,28170,42552,2972200,7027869,85104,14055738,"1bill-boot"
23,14,"petite","second",373840,412611,36655345,63344919,825222,126689838,28152,42573,2980782,7021515,85146,14043030,"1bill-boot"
23,15,"petite","second",373741,412981,36606891,63393151,825962,126786302,28384,42431,2987403,7012851,84862,14025702,"1bill-boot"
23,16,"petite","second",373846,412997,36581027,63419143,825994,126838286,28425,42422,2992554,7009403,84844,14018806,"1bill-boot"
23,17,"petite","second",372879,413148,36518014,63482083,826296,126964166,28445,42499,3002213,6998270,84998,13996540,"1bill-boot"
23,18,"petite","second",374446,412930,36656192,63343911,825860,126687822,28315,42355,2988036,7013836,84710,14027672,"1bill-boot"
23,19,"petite","second",374021,412769,36645363,63354665,825538,126709330,28459,42423,2992491,7008390,84846,14016780,"1bill-boot"
23,20,"petite","second",374435,412974,36666835,63333178,825948,126666356,28286,42416,2977958,7022922,84832,14045844,"1bill-boot"
23,21,"petite","second",374108,412270,36669978,63330041,824540,126660082,28640,42387,3016985,6984789,84774,13969578,"1bill-boot"
23,22,"petite","second",373609,413329,36600030,63400012,826658,126800024,28444,42500,3013225,6988763,85000,13977526,"1bill-boot"
23,23,"petite","second",373911,412695,36682805,63317291,825390,126634582,28623,42273,3024685,6977021,84546,13954042,"1bill-boot"
23,24,"petite","second",374137,412653,36642043,63357995,825306,126715990,28190,42457,2977425,7024376,84914,14048752,"1bill-boot"
23,25,"petite","second",374541,412698,36647407,63352597,825396,126705194,28137,42529,2958187,7044067,85058,14088134,"1bill-boot"
23,26,"petite","second",373326,413265,36517777,63482249,826530,126964498,28379,42559,2976122,7025335,85118,14050670,"1bill-boot"
23,27,"petite","second",373739,412583,36655052,63344959,825166,126689918,28112,42631,2968611,7032732,85262,14065464,"1bill-boot"
23,28,"petite","second",374400,412567,36689299,63310713,825134,126621426,28766,42464,3032622,6969055,84928,13938110,"1bill-boot"
23,29,"petite","second",373086,412959,36502887,63497214,825918,126994428,28369,42419,2989059,7010952,84838,14021904,"1bill-boot"
23,30,"petite","second",373729,412621,36609120,63390892,825242,126781784,28070,42759,2960285,7040790,85518,14081580,"1bill-boot"
24,1,"petite","second",378726,409790,36691338,63308677,819580,126617354,28501,42366,2968362,7033097,84732,14066194,"1bill-boot"
24,2,"petite","second",378823,410307,36694082,63306132,820614,126612264,28598,42372,2969249,7030853,84744,14061706,"1bill-boot"
24,3,"petite","second",379334,409835,36759611,63240419,819670,126480838,28348,42352,2960412,7041394,84704,14082788,"1bill-boot"
24,4,"petite","second",379996,410031,36808895,63191115,820062,126382230,28523,42277,2972709,7027373,84554,14054746,"1bill-boot"
24,5,"petite","second",379347,409707,36738169,63261890,819414,126523780,28565,42381,2970974,7029259,84762,14058518,"1bill-boot"
24,6,"petite","second",378809,409281,36726084,63274061,818562,126548122,28393,42328,2974996,7025923,84656,14051846,"1bill-boot"
24,7,"petite","second",379270,409445,36750383,63249673,818890,126499346,28501,42292,2969230,7031293,84584,14062586,"1bill-boot"
24,8,"petite","second",380001,409372,36807268,63192751,818744,126385502,28730,42258,2986862,7013518,84516,14027036,"1bill-boot"
24,9,"petite","second",379605,409858,36753666,63246391,819716,126492782,28819,42366,2980723,7020543,84732,14041086,"1bill-boot"
24,10,"petite","second",379362,409304,36776896,63223213,818608,126446426,28512,42437,2978434,7021800,84874,14043600,"1bill-boot"
24,11,"petite","second",379100,409719,36742113,63257967,819438,126515934,28530,42399,2973373,7027201,84798,14054402,"1bill-boot"
24,12,"petite","second",379577,409781,36782694,63217433,819562,126434866,28854,42216,3003504,6998912,84432,13997824,"1bill-boot"
24,13,"petite","second",379982,409178,36822487,63177715,818356,126355430,28364,42289,2953016,7047635,84578,14095270,"1bill-boot"
24,14,"petite","second",378371,409558,36676540,63323542,819116,126647084,28694,42266,2982676,7018200,84532,14036400,"1bill-boot"
24,15,"petite","second",379608,409353,36791643,63208434,818706,126416868,28659,42243,2994101,7007574,84486,14015148,"1bill-boot"
24,16,"petite","second",379690,409501,36786810,63213251,819002,126426502,28845,42134,3004649,6996779,84268,13993558,"1bill-boot"
24,17,"petite","second",378683,410261,36676579,63323509,820522,126647018,28494,42455,2957905,7043254,84910,14086508,"1bill-boot"
24,18,"petite","second",378806,410166,36702212,63297821,820332,126595642,28597,42450,2977531,7024401,84900,14048802,"1bill-boot"
24,19,"petite","second",379703,409759,36771024,63228995,819518,126457990,28947,42179,3007104,6994611,84358,13989222,"1bill-boot"
24,20,"petite","second",378905,409962,36689249,63310799,819924,126621598,28495,42318,2963716,7036577,84636,14073154,"1bill-boot"
24,21,"petite","second",379821,409310,36773674,63226466,818620,126452932,28681,42139,2982649,7017829,84278,14035658,"1bill-boot"
24,22,"petite","second",378636,409918,36704764,63295323,819836,126590646,28398,42298,2970770,7031281,84596,14062562,"1bill-boot"
24,23,"petite","second",379026,409732,36702173,63297970,819464,126595940,28383,42500,2948310,7051978,85000,14103956,"1bill-boot"
24,24,"petite","second",379420,409565,36775223,63224850,819130,126449700,28503,42451,2979095,7021381,84902,14042762,"1bill-boot"
24,25,"petite","second",379553,409709,36731168,63268942,819418,126537884,28646,42257,2977773,7023709,84514,14047418,"1bill-boot"
24,26,"petite","second",380005,409584,36756209,63243860,819168,126487720,28645,42233,2978126,7022700,84466,14045400,"1bill-boot"
24,27,"petite","second",379305,409571,36725628,63274457,819142,126548914,28439,42442,2965202,7036267,84884,14072534,"1bill-boot"
24,28,"petite","second",379325,409511,36772216,63227793,819022,126455586,28864,42303,3001881,6998523,84606,13997046,"1bill-boot"
24,29,"petite","second",379588,409410,36754445,63245564,818820,126491128,28573,42322,2976509,7024003,84644,14048006,"1bill-boot"
24,30,"petite","second",379689,409256,36790302,63209724,818512,126419448,28701,42379,2987539,7013267,84758,14026534,"1bill-boot"
12,1,"petite","second",373595,412832,36426720,63573377,825664,127146754,28082,42504,2955708,7045767,85008,14091534,"1bill-boot"
12,2,"petite","second",373678,413117,36442944,63557058,826234,127114116,27877,42753,2918981,7082659,85506,14165318,"1bill-boot"
12,3,"petite","second",372819,413228,36372074,63628006,826456,127256012,28347,42531,2984336,7017044,85062,14034088,"1bill-boot"
12,4,"petite","second",373682,413343,36416556,63583528,826686,127167056,28348,42438,2989185,7012616,84876,14025232,"1bill-boot"
12,5,"petite","second",373034,413026,36410142,63589978,826052,127179956,28206,42473,2963874,7036353,84946,14072706,"1bill-boot"
12,6,"petite","second",374816,412539,36542685,63457344,825078,126914688,28181,42848,2940079,7061568,85696,14123136,"1bill-boot"
12,7,"petite","second",374173,412505,36517822,63482183,825010,126964366,28277,42549,2971230,7029105,85098,14058210,"1bill-boot"
12,8,"petite","second",373928,412992,36471465,63528562,825984,127057124,27980,42548,2941714,7058348,85096,14116696,"1bill-boot"
12,9,"petite","second",373803,412896,36439295,63560809,825792,127121618,28178,42561,2957010,7044984,85122,14089968,"1bill-boot"
12,10,"petite","second",374421,412741,36506339,63493800,825482,126987600,28125,42586,2956530,7043598,85172,14087196,"1bill-boot"
12,11,"petite","second",373889,413400,36467903,63532183,826800,127064366,28211,42636,2953973,7047207,85272,14094414,"1bill-boot"
12,12,"petite","second",374082,412884,36478874,63521127,825768,127042254,28081,42564,2953201,7047737,85128,14095474,"1bill-boot"
12,13,"petite","second",373610,413098,36397216,63602851,826196,127205702,28258,42503,2959540,7041266,85006,14082532,"1bill-boot"
12,14,"petite","second",374222,412455,36502908,63497107,824910,126994214,28251,42406,2974431,7026337,84812,14052674,"1bill-boot"
12,15,"petite","second",373180,413366,36393268,63606900,826732,127213800,28226,42671,2948829,7051297,85342,14102594,"1bill-boot"
12,16,"petite","second",374326,412857,36484857,63515308,825714,127030616,27967,42688,2929092,7071498,85376,14142996,"1bill-boot"
12,17,"petite","second",375257,412576,36639244,63360875,825152,126721750,28423,42484,2996502,7004726,84968,14009452,"1bill-boot"
12,18,"petite","second",374620,412874,36507848,63492198,825748,126984396,28446,42543,2976669,7024416,85086,14048832,"1bill-boot"
12,19,"petite","second",374388,412568,36511089,63488980,825136,126977960,28087,42611,2950255,7051040,85222,14102080,"1bill-boot"
12,20,"petite","second",373998,412742,36476080,63524062,825484,127048124,27959,42745,2941176,7060016,85490,14120032,"1bill-boot"
12,21,"petite","second",374700,412213,36538040,63462050,824426,126924100,28249,42401,2982906,7017302,84802,14034604,"1bill-boot"
12,22,"petite","second",373289,412610,36456513,63543536,825220,127087072,28101,42545,2957847,7042445,85090,14084890,"1bill-boot"
12,23,"petite","second",373921,412939,36475868,63524143,825878,127048286,28288,42559,2974592,7027377,85118,14054754,"1bill-boot"
12,24,"petite","second",374975,412242,36555352,63444696,824484,126889392,28365,42409,2981957,7019333,84818,14038666,"1bill-boot"
12,25,"petite","second",373851,412640,36463287,63536812,825280,127073624,28045,42708,2938137,7062295,85416,14124590,"1bill-boot"
12,26,"petite","second",373595,413194,36463125,63537025,826388,127074050,28193,42498,2966847,7033188,84996,14066376,"1bill-boot"
12,27,"petite","second",372642,412767,36375506,63624574,825534,127249148,27948,42675,2934771,7067018,85350,14134036,"1bill-boot"
12,28,"petite","second",373771,412501,36448344,63551757,825002,127103514,28201,42525,2949659,7052236,85050,14104472,"1bill-boot"
12,29,"petite","second",375056,412630,36584103,63416028,825260,126832056,28373,42662,2972802,7028480,85324,14056960,"1bill-boot"
12,30,"petite","second",373787,412431,36454944,63545069,824862,127090138,28034,42724,2943443,7057007,85448,14114014,"1bill-boot"
15,1,"petite","second",362886,421575,35954743,64045303,843150,128090606,27623,43022,2941214,7060518,86044,14121036,"1bill-boot"
15,2,"petite","second",361959,422477,35863272,64136818,844954,128273636,27451,43235,2936804,7066367,86470,14132734,"1bill-boot"
15,3,"petite","second",363868,421445,36007436,63992752,842890,127985504,27894,43110,2967130,7033675,86220,14067350,"1bill-boot"
15,4,"petite","second",363590,421706,35991135,64008893,843412,128017786,27741,43240,2960565,7039689,86480,14079378,"1bill-boot"
15,5,"petite","second",362702,421307,35906728,64093385,842614,128186770,27753,43070,2967455,7033412,86140,14066824,"1bill-boot"
15,6,"petite","second",362623,421978,35934968,64065122,843956,128130244,27553,43221,2944531,7057465,86442,14114930,"1bill-boot"
15,7,"petite","second",362822,420792,35968820,64031466,841584,128062932,27498,43050,2944351,7057459,86100,14114918,"1bill-boot"
15,8,"petite","second",363811,421661,35982578,64017428,843322,128034856,27580,43080,2939502,7061122,86160,14122244,"1bill-boot"
15,9,"petite","second",362997,421770,35916427,64083684,843540,128167368,27617,43188,2937249,7064549,86376,14129098,"1bill-boot"
15,10,"petite","second",362895,422094,35899797,64100323,844188,128200646,27451,43175,2933129,7069223,86350,14138446,"1bill-boot"
15,11,"petite","second",364287,421342,36086644,63913412,842684,127826824,27803,43109,2974398,7025624,86218,14051248,"1bill-boot"
15,12,"petite","second",362786,421922,35887059,64113072,843844,128226144,27485,43089,2929286,7073028,86178,14146056,"1bill-boot"
15,13,"petite","second",362697,422636,35899415,64100646,845272,128201292,27632,43093,2957891,7042761,86186,14085522,"1bill-boot"
15,14,"petite","second",363748,421066,36007548,63992513,842132,127985026,27664,43141,2951882,7048682,86282,14097364,"1bill-boot"
15,15,"petite","second",363512,421928,35941901,64058148,843856,128116296,27238,43273,2905461,7095418,86546,14190836,"1bill-boot"
15,16,"petite","second",363296,421767,35943570,64056655,843534,128113310,27405,43283,2919766,7081686,86566,14163372,"1bill-boot"
15,17,"petite","second",364144,420979,36101780,63898429,841958,127796858,27649,43218,2941520,7058568,86436,14117136,"1bill-boot"
15,18,"petite","second",363038,421308,35949895,64050141,842616,128100282,27502,43178,2940290,7061374,86356,14122748,"1bill-boot"
15,19,"petite","second",363718,421656,36017653,63982350,843312,127964700,27541,43204,2934598,7065423,86408,14130846,"1bill-boot"
15,20,"petite","second",362456,422079,35873431,64126638,844158,128253276,27341,43099,2927666,7074734,86198,14149468,"1bill-boot"
15,21,"petite","second",362816,422001,35913054,64087111,844002,128174222,27555,43148,2949224,7052545,86296,14105090,"1bill-boot"
15,22,"petite","second",362541,421218,35945678,64054328,842436,128108656,27306,43266,2915422,7085240,86532,14170480,"1bill-boot"
15,23,"petite","second",362988,421729,35937839,64062396,843458,128124792,27664,43094,2956635,7044553,86188,14089106,"1bill-boot"
15,24,"petite","second",362826,421524,35939561,64060439,843048,128120878,27410,43412,2924202,7077386,86824,14154772,"1bill-boot"
15,25,"petite","second",362764,421624,35920995,64079050,843248,128158100,27695,42935,2963721,7037495,85870,14074990,"1bill-boot"
15,26,"petite","second",362738,422317,35877094,64122935,844634,128245870,27575,43216,2935979,7065103,86432,14130206,"1bill-boot"
15,27,"petite","second",362809,421146,35954725,64045287,842292,128090574,27257,43192,2909629,7090432,86384,14180864,"1bill-boot"
15,28,"petite","second",362910,421764,35914111,64085914,843528,128171828,27622,43072,2947335,7053765,86144,14107530,"1bill-boot"
15,29,"petite","second",362329,422309,35839552,64160550,844618,128321100,27591,43136,2945886,7055285,86272,14110570,"1bill-boot"
15,30,"petite","second",363237,421348,35951256,64048948,842696,128097896,27554,43194,2947465,7054255,86388,14108510,"1bill-boot"
41,1,"petite","second",371356,416655,36313914,63686131,833310,127372262,28414,42772,2989861,7012585,85544,14025170,"1bill-boot"
41,2,"petite","second",371791,416433,36348194,63651895,832866,127303790,28169,42600,2964672,7035773,85200,14071546,"1bill-boot"
41,3,"petite","second",372902,415962,36423909,63576107,831924,127152214,28108,42872,2949518,7051998,85744,14103996,"1bill-boot"
41,4,"petite","second",372081,416718,36342731,63657413,833436,127314826,27856,42857,2927318,7073192,85714,14146384,"1bill-boot"
41,5,"petite","second",373119,415634,36453501,63546645,831268,127093290,28193,42642,2969415,7030928,85284,14061856,"1bill-boot"
41,6,"petite","second",371767,416928,36296433,63703604,833856,127407208,28121,42828,2942509,7058687,85656,14117374,"1bill-boot"
41,7,"petite","second",371948,416017,36360846,63639194,832034,127278388,28151,42778,2954537,7047099,85556,14094198,"1bill-boot"
41,8,"petite","second",371056,416293,36227366,63772652,832586,127545304,28088,42696,2948411,7052917,85392,14105834,"1bill-boot"
41,9,"petite","second",370999,416820,36287071,63712937,833640,127425874,28129,42777,2955008,7045824,85554,14091648,"1bill-boot"
41,10,"petite","second",371752,416260,36318812,63681359,832520,127362718,28071,42540,2950383,7051636,85080,14103272,"1bill-boot"
41,11,"petite","second",372516,415685,36425684,63574371,831370,127148742,28136,42598,2957859,7043030,85196,14086060,"1bill-boot"
41,12,"petite","second",371467,416720,36319557,63680529,833440,127361058,28048,42792,2948950,7051442,85584,14102884,"1bill-boot"
41,13,"petite","second",371547,416900,36287705,63712414,833800,127424828,28240,42754,2951267,7050186,85508,14100372,"1bill-boot"
41,14,"petite","second",371408,415836,36304080,63695967,831672,127391934,28593,42355,3011848,6988757,84710,13977514,"1bill-boot"
41,15,"petite","second",372037,416280,36329896,63670129,832560,127340258,28033,42692,2936940,7063853,85384,14127706,"1bill-boot"
41,16,"petite","second",371295,416940,36242857,63757164,833880,127514328,27962,42877,2927688,7073444,85754,14146888,"1bill-boot"
41,17,"petite","second",372034,416175,36370505,63629509,832350,127259018,27882,42664,2932965,7067508,85328,14135016,"1bill-boot"
41,18,"petite","second",372330,416391,36349360,63650708,832782,127301416,28326,42656,2959386,7043740,85312,14087480,"1bill-boot"
41,19,"petite","second",372844,416555,36386928,63613189,833110,127226378,28255,42830,2949179,7051261,85660,14102522,"1bill-boot"
41,20,"petite","second",371961,416424,36359636,63640480,832848,127280960,28032,42881,2947475,7053350,85762,14106700,"1bill-boot"
41,21,"petite","second",371663,416214,36311604,63688512,832428,127377024,28266,42660,2979164,7022539,85320,14045078,"1bill-boot"
41,22,"petite","second",371785,416323,36335639,63664366,832646,127328732,28133,42786,2961692,7039786,85572,14079572,"1bill-boot"
41,23,"petite","second",371656,416206,36341251,63658810,832412,127317620,28144,42808,2944844,7055743,85616,14111486,"1bill-boot"
41,24,"petite","second",371767,416081,36372644,63627498,832162,127254996,28120,42858,2955690,7045413,85716,14090826,"1bill-boot"
41,25,"petite","second",371794,416069,36302941,63697086,832138,127394172,28103,42617,2952821,7047773,85234,14095546,"1bill-boot"
41,26,"petite","second",371076,416434,36254048,63746067,832868,127492134,28165,42625,2971270,7031216,85250,14062432,"1bill-boot"
41,27,"petite","second",372248,415788,36414847,63585190,831576,127170380,27911,42836,2947752,7054230,85672,14108460,"1bill-boot"
41,28,"petite","second",370968,417022,36237034,63762986,834044,127525972,27929,42776,2936525,7064771,85552,14129542,"1bill-boot"
41,29,"petite","second",371862,416419,36304155,63695900,832838,127391800,27856,42854,2918590,7083334,85708,14166668,"1bill-boot"
41,30,"petite","second",371837,416150,36322295,63677737,832300,127355474,28458,42615,2977741,7023425,85230,14046850,"1bill-boot"
46,1,"petite","second",379120,414446,36963547,63036488,828892,126072976,28507,42698,3003951,6997003,85396,13994006,"1bill-boot"
46,2,"petite","second",379505,414282,36947653,63052461,828564,126104922,28767,42426,3033660,6966645,84852,13933290,"1bill-boot"
46,3,"petite","second",379563,414393,36924445,63075608,828786,126151216,28562,42716,2999164,7002531,85432,14005062,"1bill-boot"
46,4,"petite","second",380586,413920,37019178,62980925,827840,125961850,28851,42413,3045333,6956456,84826,13912912,"1bill-boot"
46,5,"petite","second",379257,414283,36919481,63080558,828566,126161116,28444,42414,2991315,7008925,84828,14017850,"1bill-boot"
46,6,"petite","second",379792,414069,36975028,63025047,828138,126050094,28867,42334,3033461,6967930,84668,13935860,"1bill-boot"
46,7,"petite","second",378560,414399,36916481,63083519,828798,126167038,28565,42657,3014158,6986325,85314,13972650,"1bill-boot"
46,8,"petite","second",380583,413725,37080489,62919578,827450,125839156,28772,42454,3033140,6966883,84908,13933766,"1bill-boot"
46,9,"petite","second",380116,414130,37000746,62999270,828260,125998540,28559,42525,3017639,6984142,85050,13968284,"1bill-boot"
46,10,"petite","second",379595,414105,36976619,63023453,828210,126046906,28884,42422,3033088,6968370,84844,13936740,"1bill-boot"
46,11,"petite","second",379066,414205,36940946,63059109,828410,126118218,28585,42483,3009319,6992623,84966,13985246,"1bill-boot"
46,12,"petite","second",381235,414007,37075828,62924230,828014,125848460,28871,42444,3031577,6968484,84888,13936968,"1bill-boot"
46,13,"petite","second",380617,413585,37047918,62952260,827170,125904520,28624,42440,3018475,6981621,84880,13963242,"1bill-boot"
46,14,"petite","second",379603,413592,36968218,63031885,827184,126063770,28688,42384,3016008,6986216,84768,13972432,"1bill-boot"
46,15,"petite","second",379545,414124,36966625,63033466,828248,126066932,28432,42515,3008209,6992697,85030,13985394,"1bill-boot"
46,16,"petite","second",379274,414532,36897188,63102887,829064,126205774,28719,42700,3013416,6987752,85400,13975504,"1bill-boot"
46,17,"petite","second",379576,414591,36929817,63070183,829182,126140366,28827,42494,3032083,6968358,84988,13936716,"1bill-boot"
46,18,"petite","second",379572,414699,36930684,63069361,829398,126138722,28584,42669,3009341,6991221,85338,13982442,"1bill-boot"
46,19,"petite","second",380834,413663,37025567,62974468,827326,125948936,28625,42617,3019789,6980783,85234,13961566,"1bill-boot"
46,20,"petite","second",379652,414381,36964316,63035697,828762,126071394,28720,42530,3021603,6979603,85060,13959206,"1bill-boot"
46,21,"petite","second",379560,414129,36947032,63053151,828258,126106302,28615,42392,3013627,6986942,84784,13973884,"1bill-boot"
46,22,"petite","second",379519,414243,36969707,63030330,828486,126060660,28735,42605,3022456,6978235,85210,13956470,"1bill-boot"
46,23,"petite","second",379896,414058,36981666,63018390,828116,126036780,28822,42602,3032875,6967458,85204,13934916,"1bill-boot"
46,24,"petite","second",379545,414286,36979663,63020401,828572,126040802,28782,42569,3028105,6973184,85138,13946368,"1bill-boot"
46,25,"petite","second",379055,414294,36891669,63108336,828588,126216672,28869,42344,3043562,6957601,84688,13915202,"1bill-boot"
46,26,"petite","second",380054,414119,37000240,62999833,828238,125999666,28806,42460,3036518,6965675,84920,13931350,"1bill-boot"
46,27,"petite","second",379192,413828,36937332,63062701,827656,126125402,28608,42567,3011090,6990045,85134,13980090,"1bill-boot"
46,28,"petite","second",380323,413751,37055126,62944949,827502,125889898,28862,42476,3037887,6963860,84952,13927720,"1bill-boot"
46,29,"petite","second",378689,414686,36890516,63109510,829372,126219020,28599,42627,3009658,6993017,85254,13986034,"1bill-boot"
46,30,"petite","second",379688,413575,37007920,62992157,827150,125984314,28869,42399,3049725,6951833,84798,13903666,"1bill-boot"
48,1,"petite","second",381806,411196,37120081,62879986,822392,125759972,28961,42599,3036965,6963113,85198,13926226,"1bill-boot"
48,2,"petite","second",382126,411857,37075941,62924139,823714,125848278,29198,42394,3047793,6952531,84788,13905062,"1bill-boot"
48,3,"petite","second",383481,410902,37209978,62790070,821804,125580140,29217,42451,3051995,6949185,84902,13898370,"1bill-boot"
48,4,"petite","second",382628,411180,37124562,62875498,822360,125750996,29007,42635,3028733,6972844,85270,13945688,"1bill-boot"
48,5,"petite","second",382530,411121,37157554,62842664,822242,125685328,29014,42570,3043744,6959285,85140,13918570,"1bill-boot"
48,6,"petite","second",381504,411885,37074819,62925248,823770,125850496,29141,42600,3058963,6943079,85200,13886158,"1bill-boot"
48,7,"petite","second",382516,410805,37166759,62833502,821610,125667004,28944,42486,3029644,6970941,84972,13941882,"1bill-boot"
48,8,"petite","second",381272,412187,37005571,62994452,824374,125988904,28967,42610,3028446,6971678,85220,13943356,"1bill-boot"
48,9,"petite","second",382230,412394,37064604,62935408,824788,125870816,28975,42643,3037399,6963114,85286,13926228,"1bill-boot"
48,10,"petite","second",381201,412412,36999306,63000750,824824,126001500,28772,42688,3029351,6972180,85376,13944360,"1bill-boot"
48,11,"petite","second",381072,412076,37026452,62973624,824152,125947248,28918,42653,3040402,6960952,85306,13921904,"1bill-boot"
48,12,"petite","second",382331,411174,37134798,62865227,822348,125730454,28902,42631,3021096,6979501,85262,13959002,"1bill-boot"
48,13,"petite","second",381413,411972,37019971,62980063,823944,125960126,28728,42762,3006856,6994980,85524,13989960,"1bill-boot"
48,14,"petite","second",382353,410685,37147885,62852176,821370,125704352,29134,42489,3054522,6947157,84978,13894314,"1bill-boot"
48,15,"petite","second",382069,411293,37095508,62904660,822586,125809320,29121,42510,3038408,6962828,85020,13925656,"1bill-boot"
48,16,"petite","second",381608,412117,37064594,62935439,824234,125870878,28889,42670,3014882,6985266,85340,13970532,"1bill-boot"
48,17,"petite","second",382391,411670,37113111,62886997,823340,125773994,29042,42753,3022111,6978637,85506,13957274,"1bill-boot"
48,18,"petite","second",382400,411607,37110564,62889473,823214,125778946,29116,42543,3047009,6954261,85086,13908522,"1bill-boot"
48,19,"petite","second",381198,411902,37031675,62968383,823804,125936766,28624,42751,2987419,7013635,85502,14027270,"1bill-boot"
48,20,"petite","second",382594,411453,37098121,62901929,822906,125803858,29186,42495,3044518,6955974,84990,13911948,"1bill-boot"
48,21,"petite","second",381859,412070,37090211,62909814,824140,125819628,29094,42597,3035716,6965939,85194,13931878,"1bill-boot"
48,22,"petite","second",381867,411818,37078674,62921407,823636,125842814,29180,42500,3047309,6952834,85000,13905668,"1bill-boot"
48,23,"petite","second",381814,411167,37096422,62903620,822334,125807240,28907,42544,3028282,6972950,85088,13945900,"1bill-boot"
48,24,"petite","second",381364,411569,37030149,62969904,823138,125939808,28771,42714,3002203,6999378,85428,13998756,"1bill-boot"
48,25,"petite","second",381167,411765,36995029,63005174,823530,126010348,28738,42595,3009731,6991205,85190,13982410,"1bill-boot"
48,26,"petite","second",381951,411648,37074042,62926032,823296,125852064,28984,42591,3033724,6967739,85182,13935478,"1bill-boot"
48,27,"petite","second",382078,411391,37094366,62905644,822782,125811288,29038,42674,3027012,6975748,85348,13951496,"1bill-boot"
48,28,"petite","second",382362,411593,37123850,62876163,823186,125752326,28864,42737,3017045,6984016,85474,13968032,"1bill-boot"
48,29,"petite","second",382030,411493,37114836,62885208,822986,125770416,29227,42542,3045380,6955118,85084,13910236,"1bill-boot"
48,30,"petite","second",383047,410571,37172133,62827980,821142,125655960,29253,42345,3068374,6933070,84690,13866140,"1bill-boot"
33,1,"petite","second",371477,419600,36121974,63878133,839200,127756266,28247,43218,2945851,7055570,86436,14111140,"1bill-boot"
33,2,"petite","second",371694,420572,36100967,63899044,841144,127798088,28257,43007,2964563,7036850,86014,14073700,"1bill-boot"
33,3,"petite","second",372747,419715,36189783,63810403,839430,127620806,28166,43091,2945133,7055580,86182,14111160,"1bill-boot"
33,4,"petite","second",371823,420321,36116307,63883816,840642,127767632,28283,43029,2958470,7044936,86058,14089872,"1bill-boot"
33,5,"petite","second",372408,419795,36165658,63834511,839590,127669022,28292,42904,2957229,7043008,85808,14086016,"1bill-boot"
33,6,"petite","second",371490,419964,36097144,63902961,839928,127805922,28049,43131,2929687,7070363,86262,14140726,"1bill-boot"
33,7,"petite","second",371509,419149,36135036,63864988,838298,127729976,28095,43105,2931899,7069478,86210,14138956,"1bill-boot"
33,8,"petite","second",371609,420056,36064677,63935404,840112,127870808,28532,43023,2970330,7032354,86046,14064708,"1bill-boot"
33,9,"petite","second",371660,420149,36121895,63878121,840298,127756242,28449,43039,2969776,7032093,86078,14064186,"1bill-boot"
33,10,"petite","second",371590,419498,36087631,63912488,838996,127824976,28327,42928,2954508,7045991,85856,14091982,"1bill-boot"
33,11,"petite","second",371828,419807,36109268,63890931,839614,127781862,27898,43149,2922377,7077907,86298,14155814,"1bill-boot"
33,12,"petite","second",371058,420520,36077000,63923052,841040,127846104,28035,43256,2920269,7081210,86512,14162420,"1bill-boot"
33,13,"petite","second",371112,420308,36077833,63922451,840616,127844902,28178,43094,2937999,7063623,86188,14127246,"1bill-boot"
33,14,"petite","second",371488,419749,36098572,63901533,839498,127803066,28083,43254,2932723,7068847,86508,14137694,"1bill-boot"
33,15,"petite","second",370791,420296,36021962,63978050,840592,127956100,28015,43180,2931911,7069807,86360,14139614,"1bill-boot"
33,16,"petite","second",371945,420714,36133547,63866484,841428,127732968,28332,43082,2960819,7040777,86164,14081554,"1bill-boot"
33,17,"petite","second",371924,420267,36146880,63853229,840534,127706458,28231,43209,2957245,7043191,86418,14086382,"1bill-boot"
33,18,"petite","second",371532,420459,36061693,63938425,840918,127876850,28013,43110,2929003,7072119,86220,14144238,"1bill-boot"
33,19,"petite","second",371592,420616,36079569,63920659,841232,127841318,28071,43248,2932571,7068241,86496,14136482,"1bill-boot"
33,20,"petite","second",371059,419939,36053256,63946804,839878,127893608,28013,43284,2916162,7084924,86568,14169848,"1bill-boot"
33,21,"petite","second",371661,420453,36084164,63915941,840906,127831882,28349,43076,2957479,7044273,86152,14088546,"1bill-boot"
33,22,"petite","second",371193,420042,36069406,63930704,840084,127861408,27942,43192,2925284,7075294,86384,14150588,"1bill-boot"
33,23,"petite","second",371434,420213,36086252,63913918,840426,127827836,28113,43212,2938634,7062659,86424,14125318,"1bill-boot"
33,24,"petite","second",371986,419366,36148692,63851311,838732,127702622,28234,43099,2941573,7060163,86198,14120326,"1bill-boot"
33,25,"petite","second",371914,419905,36096374,63903728,839810,127807456,27896,43240,2912065,7089226,86480,14178452,"1bill-boot"
33,26,"petite","second",371766,419980,36087085,63912986,839960,127825972,28370,43140,2956615,7044543,86280,14089086,"1bill-boot"
33,27,"petite","second",371392,419684,36115753,63884293,839368,127768586,28288,43124,2947633,7053667,86248,14107334,"1bill-boot"
33,28,"petite","second",371256,420051,36094091,63906021,840102,127812042,28104,43021,2936018,7065165,86042,14130330,"1bill-boot"
33,29,"petite","second",371950,419828,36074272,63925769,839656,127851538,28156,43190,2930230,7071602,86380,14143204,"1bill-boot"
33,30,"petite","second",372238,418943,36192561,63807547,837886,127615094,28323,43044,2962962,7037820,86088,14075640,"1bill-boot"
9,1,"petite","second",368400,419807,35903763,64096281,839614,128192562,28028,43159,2948715,7052391,86318,14104782,"1bill-boot"
9,2,"petite","second",368915,419871,35970668,64029425,839742,128058850,27705,43470,2905335,7094845,86940,14189690,"1bill-boot"
9,3,"petite","second",369145,420131,35917467,64082554,840262,128165108,27879,43500,2918405,7082817,87000,14165634,"1bill-boot"
9,4,"petite","second",368574,420222,35913892,64086139,840444,128172278,27869,43446,2922861,7077373,86892,14154746,"1bill-boot"
9,5,"petite","second",368703,419957,35926033,64074069,839914,128148138,28114,43098,2952235,7048158,86196,14096316,"1bill-boot"
9,6,"petite","second",369890,419272,35979232,64020801,838544,128041602,28045,43230,2938679,7062005,86460,14124010,"1bill-boot"
9,7,"petite","second",368710,419284,35904130,64095876,838568,128191752,27818,43265,2917225,7084314,86530,14168628,"1bill-boot"
9,8,"petite","second",368797,419780,35922497,64077517,839560,128155034,28001,43296,2918044,7082397,86592,14164794,"1bill-boot"
9,9,"petite","second",368715,420005,35893857,64106415,840010,128212830,27939,43349,2933518,7066833,86698,14133666,"1bill-boot"
9,10,"petite","second",368010,420046,35841194,64158828,840092,128317656,27975,43157,2933713,7067848,86314,14135696,"1bill-boot"
9,11,"petite","second",369066,419256,35940266,64059874,838512,128119748,27925,43407,2915145,7086907,86814,14173814,"1bill-boot"
9,12,"petite","second",369030,419433,35965757,64034259,838866,128068518,27977,43220,2931675,7069106,86440,14138212,"1bill-boot"
9,13,"petite","second",367587,420163,35785902,64214150,840326,128428300,27948,43230,2917833,7082482,86460,14164964,"1bill-boot"
9,14,"petite","second",367903,419953,35859608,64140776,839906,128281552,28101,43122,2944360,7056801,86244,14113602,"1bill-boot"
9,15,"petite","second",368587,419938,35911995,64088181,839876,128176362,27766,43227,2913160,7086861,86454,14173722,"1bill-boot"
9,16,"petite","second",369240,419586,35971911,64028153,839172,128056306,27755,43366,2923746,7077468,86732,14154936,"1bill-boot"
9,17,"petite","second",368820,419611,35925259,64074888,839222,128149776,28138,43152,2939171,7061669,86304,14123338,"1bill-boot"
9,18,"petite","second",368317,420232,35863991,64136080,840464,128272160,28061,43230,2935289,7064876,86460,14129752,"1bill-boot"
9,19,"petite","second",369264,419235,35974100,64025929,838470,128051858,27955,43267,2922146,7078740,86534,14157480,"1bill-boot"
9,20,"petite","second",368603,419644,35894673,64105429,839288,128210858,27813,43218,2919357,7082152,86436,14164304,"1bill-boot"
9,21,"petite","second",368922,419883,35920266,64079783,839766,128159566,28202,43224,2955136,7045705,86448,14091410,"1bill-boot"
9,22,"petite","second",368352,419879,35880501,64119532,839758,128239064,27840,43281,2921268,7078866,86562,14157732,"1bill-boot"
9,23,"petite","second",368539,420097,35888951,64111138,840194,128222276,28027,43231,2939000,7062489,86462,14124978,"1bill-boot"
9,24,"petite","second",368724,419223,35938129,64062012,838446,128124024,27813,43215,2925607,7076878,86430,14153756,"1bill-boot"
9,25,"petite","second",369112,419137,35949228,64050845,838274,128101690,27768,43432,2903419,7097859,86864,14195718,"1bill-boot"
9,26,"petite","second",368246,420137,35811082,64188925,840274,128377850,28040,43229,2939233,7061623,86458,14123246,"1bill-boot"
9,27,"petite","second",369241,419231,35977183,64022888,838462,128045776,27878,43227,2930126,7070304,86454,14140608,"1bill-boot"
9,28,"petite","second",369431,419037,36017946,63982165,838074,127964330,28080,43199,2940677,7060285,86398,14120570,"1bill-boot"
9,29,"petite","second",369470,419782,35988190,64011870,839564,128023740,27870,43351,2928717,7072017,86702,14144034,"1bill-boot"
9,30,"petite","second",368482,419393,35885099,64115056,838786,128230112,28111,43111,2953880,7047376,86222,14094752,"1bill-boot"
34,1,"petite","second",372604,415653,36562496,63437567,831306,126875134,28220,42809,2979003,7023097,85618,14046194,"1bill-boot"
34,2,"petite","second",372969,416005,36549770,63450270,832010,126900540,28397,42867,2997581,7002838,85734,14005676,"1bill-boot"
34,3,"petite","second",373809,415653,36663979,63336133,831306,126672266,28635,42719,3012502,6990334,85438,13980668,"1bill-boot"
34,4,"petite","second",373591,415677,36638295,63361879,831354,126723758,28381,42952,2992195,7008734,85904,14017468,"1bill-boot"
34,5,"petite","second",373559,415298,36591478,63408593,830596,126817186,28151,42748,2973920,7027401,85496,14054802,"1bill-boot"
34,6,"petite","second",373455,415468,36621894,63378253,830936,126756506,28493,42610,3010898,6989393,85220,13978786,"1bill-boot"
34,7,"petite","second",373455,415119,36630932,63369094,830238,126738188,28727,42503,3021703,6978492,85006,13956984,"1bill-boot"
34,8,"petite","second",373252,415828,36528492,63471574,831656,126943148,28347,42735,2992081,7010065,85470,14020130,"1bill-boot"
34,9,"petite","second",373253,415728,36607144,63392880,831456,126785760,28618,42511,3015972,6984932,85022,13969864,"1bill-boot"
34,10,"petite","second",373830,415489,36617172,63382901,830978,126765802,27886,42828,2942665,7058346,85656,14116692,"1bill-boot"
34,11,"petite","second",373995,415189,36638128,63361958,830378,126723916,28054,42934,2958237,7044433,85868,14088866,"1bill-boot"
34,12,"petite","second",373106,415692,36559436,63440657,831384,126881314,27942,42880,2955466,7044739,85760,14089478,"1bill-boot"
34,13,"petite","second",372629,416215,36543700,63456302,832430,126912604,28066,42863,2969985,7031170,85726,14062340,"1bill-boot"
34,14,"petite","second",372618,415343,36574066,63425969,830686,126851938,28223,42813,2978674,7022511,85626,14045022,"1bill-boot"
34,15,"petite","second",373090,415308,36571738,63428342,830616,126856684,28191,42861,2980470,7020586,85722,14041172,"1bill-boot"
34,16,"petite","second",373905,415130,36640351,63359725,830260,126719450,28202,42994,2964583,7036546,85988,14073092,"1bill-boot"
34,17,"petite","second",373195,415738,36623015,63377145,831476,126754290,28304,42756,2998331,7004204,85512,14008408,"1bill-boot"
34,18,"petite","second",373942,414752,36645604,63354399,829504,126708798,28282,42724,2982346,7018130,85448,14036260,"1bill-boot"
34,19,"petite","second",374174,415258,36704542,63295540,830516,126591080,28616,42539,3013861,6986349,85078,13972698,"1bill-boot"
34,20,"petite","second",372390,415917,36516933,63483116,831834,126966232,27912,42968,2950849,7050467,85936,14100934,"1bill-boot"
34,21,"petite","second",373151,415739,36595954,63404115,831478,126808230,28249,42590,2991216,7010632,85180,14021264,"1bill-boot"
34,22,"petite","second",372530,415497,36541688,63458424,830994,126916848,28425,42591,3006208,6994174,85182,13988348,"1bill-boot"
34,23,"petite","second",372664,416119,36521856,63478177,832238,126956354,28238,42739,2971712,7029886,85478,14059772,"1bill-boot"
34,24,"petite","second",372520,415295,36558439,63441601,830590,126883202,28172,42741,2975159,7026061,85482,14052122,"1bill-boot"
34,25,"petite","second",374073,414864,36655169,63344857,829728,126689714,28337,42727,2997671,7004666,85454,14009332,"1bill-boot"
34,26,"petite","second",373345,415045,36632170,63367974,830090,126735948,28368,42738,2997046,7003472,85476,14006944,"1bill-boot"
34,27,"petite","second",372979,415523,36591023,63409242,831046,126818484,28133,42643,2975152,7025175,85286,14050350,"1bill-boot"
34,28,"petite","second",373614,415402,36621688,63378314,830804,126756628,28255,42861,2976979,7023123,85722,14046246,"1bill-boot"
34,29,"petite","second",373718,414918,36635685,63364348,829836,126728696,28695,42263,3030922,6969203,84526,13938406,"1bill-boot"
34,30,"petite","second",374286,415026,36695386,63304704,830052,126609408,28648,42622,3016152,6984326,85244,13968652,"1bill-boot"
7,1,"petite","second",373097,412216,36393156,63606930,824432,127213860,28365,42522,2966865,7034068,85044,14068136,"1bill-boot"
7,2,"petite","second",372780,412109,36305441,63694583,824218,127389166,27983,42569,2934530,7066227,85138,14132454,"1bill-boot"
7,3,"petite","second",373506,411710,36365718,63634326,823420,127268652,28299,42502,2957406,7044158,85004,14088316,"1bill-boot"
7,4,"petite","second",373139,411768,36342112,63657953,823536,127315906,28168,42540,2941353,7061293,85080,14122586,"1bill-boot"
7,5,"petite","second",374093,411123,36442807,63557211,822246,127114422,28025,42562,2936239,7064609,85124,14129218,"1bill-boot"
7,6,"petite","second",373839,411930,36417709,63582400,823860,127164800,28317,42434,2970110,7032961,84868,14065922,"1bill-boot"
7,7,"petite","second",374875,411225,36515630,63484402,822450,126968804,28439,42395,2971601,7029037,84790,14058074,"1bill-boot"
7,8,"petite","second",374057,411970,36411563,63588437,823940,127176874,28400,42354,2975215,7025997,84708,14051994,"1bill-boot"
7,9,"petite","second",373708,411932,36392464,63607599,823864,127215198,28268,42606,2959145,7041245,85212,14082490,"1bill-boot"
7,10,"petite","second",373257,412380,36335259,63664807,824760,127329614,28177,42454,2942899,7057658,84908,14115316,"1bill-boot"
7,11,"petite","second",373721,412007,36395883,63604310,824014,127208620,28268,42466,2961153,7039695,84932,14079390,"1bill-boot"
7,12,"petite","second",373533,411727,36400671,63599349,823454,127198698,28308,42349,2962356,7038127,84698,14076254,"1bill-boot"
7,13,"petite","second",374370,411756,36488666,63511352,823512,127022704,28259,42455,2955306,7045670,84910,14091340,"1bill-boot"
7,14,"petite","second",373469,411450,36392039,63607977,822900,127215954,28348,42448,2968787,7031912,84896,14063824,"1bill-boot"
7,15,"petite","second",373523,411845,36364256,63635865,823690,127271730,27928,42606,2929989,7070228,85212,14140456,"1bill-boot"
7,16,"petite","second",372925,412324,36304607,63695447,824648,127390894,28013,42708,2932931,7068323,85416,14136646,"1bill-boot"
7,17,"petite","second",372815,412347,36326351,63673661,824694,127347322,28175,42668,2953731,7049064,85336,14098128,"1bill-boot"
7,18,"petite","second",373357,411997,36368480,63631567,823994,127263134,28130,42582,2935103,7065762,85164,14131524,"1bill-boot"
7,19,"petite","second",373144,411905,36344939,63655139,823810,127310278,28034,42526,2938194,7063617,85052,14127234,"1bill-boot"
7,20,"petite","second",373071,412305,36308317,63691793,824610,127383586,27887,42624,2915936,7084118,85248,14168236,"1bill-boot"
7,21,"petite","second",374010,411453,36412909,63587311,822906,127174622,28297,42653,2958368,7043319,85306,14086638,"1bill-boot"
7,22,"petite","second",372977,411858,36367824,63632192,823716,127264384,28020,42571,2946282,7054215,85142,14108430,"1bill-boot"
7,23,"petite","second",373451,412180,36388537,63611551,824360,127223102,28288,42525,2964847,7035562,85050,14071124,"1bill-boot"
7,24,"petite","second",373632,411486,36414244,63585786,822972,127171572,28163,42493,2960984,7040905,84986,14081810,"1bill-boot"
7,25,"petite","second",374250,411098,36446363,63553734,822196,127107468,28433,42310,2976603,7023670,84620,14047340,"1bill-boot"
7,26,"petite","second",373738,412244,36429560,63570494,824488,127140988,28537,42454,2996698,7004586,84908,14009172,"1bill-boot"
7,27,"petite","second",373656,411268,36462509,63537560,822536,127075120,28083,42675,2941894,7059273,85350,14118546,"1bill-boot"
7,28,"petite","second",373749,411857,36424580,63575477,823714,127150954,28215,42605,2962147,7037865,85210,14075730,"1bill-boot"
7,29,"petite","second",373700,411735,36398294,63601738,823470,127203476,28047,42569,2939743,7061772,85138,14123544,"1bill-boot"
7,30,"petite","second",374563,411370,36462211,63537824,822740,127075648,28409,42451,2967584,7032450,84902,14064900,"1bill-boot"
6,1,"petite","second",373002,415163,36570288,63429792,830326,126859584,28336,42794,2987352,7013999,85588,14027998,"1bill-boot"
6,2,"petite","second",374527,414921,36652976,63347100,829842,126694200,28537,42582,3009782,6991870,85164,13983740,"1bill-boot"
6,3,"petite","second",374534,414755,36656918,63343264,829510,126686528,28333,42786,2986547,7014712,85572,14029424,"1bill-boot"
6,4,"petite","second",374307,414919,36636345,63363765,829838,126727530,28416,42756,2991538,7008510,85512,14017020,"1bill-boot"
6,5,"petite","second",374839,414240,36706509,63293491,828480,126586982,28685,42470,3024912,6975467,84940,13950934,"1bill-boot"
6,6,"petite","second",374155,414794,36606241,63393772,829588,126787544,28214,42817,2974465,7026096,85634,14052192,"1bill-boot"
6,7,"petite","second",374686,414247,36696373,63303748,828494,126607496,28375,42780,2997129,7004934,85560,14009868,"1bill-boot"
6,8,"petite","second",374638,414662,36639801,63360424,829324,126720848,28357,42629,2984210,7015966,85258,14031932,"1bill-boot"
6,9,"petite","second",374591,414760,36648011,63352210,829520,126704420,28494,42702,3001863,6999132,85404,13998264,"1bill-boot"
6,10,"petite","second",375374,414418,36714737,63285310,828836,126570620,28602,42638,3013046,6987843,85276,13975686,"1bill-boot"
6,11,"petite","second",375349,414137,36716692,63283329,828274,126566658,28475,42486,3001255,6999115,84972,13998230,"1bill-boot"
6,12,"petite","second",374717,414278,36716007,63284069,828556,126568138,28197,42849,2985789,7015930,85698,14031860,"1bill-boot"
6,13,"petite","second",375141,414595,36734743,63265313,829190,126530626,28362,42745,2982677,7019055,85490,14038110,"1bill-boot"
6,14,"petite","second",374009,414276,36617244,63382844,828552,126765688,28488,42551,2995305,7006335,85102,14012670,"1bill-boot"
6,15,"petite","second",375790,414131,36789187,63210822,828262,126421644,28540,42712,3005251,6995361,85424,13990722,"1bill-boot"
6,16,"petite","second",375549,414256,36726119,63274062,828512,126548124,28351,42939,2979536,7021633,85878,14043266,"1bill-boot"
6,17,"petite","second",374937,414920,36683912,63316097,829840,126632194,28524,42761,2996208,7004447,85522,14008894,"1bill-boot"
6,18,"petite","second",374566,414540,36615576,63384481,829080,126768962,28209,42906,2963432,7039182,85812,14078364,"1bill-boot"
6,19,"petite","second",374768,414158,36650717,63349338,828316,126698676,28317,42667,2964259,7036749,85334,14073498,"1bill-boot"
6,20,"petite","second",374904,414273,36699287,63300778,828546,126601556,28453,42654,3005709,6994464,85308,13988928,"1bill-boot"
6,21,"petite","second",373829,414732,36573834,63426168,829464,126852336,28373,42695,2978157,7022806,85390,14045612,"1bill-boot"
6,22,"petite","second",374847,413822,36725064,63275025,827644,126550050,28800,42392,3035978,6965903,84784,13931806,"1bill-boot"
6,23,"petite","second",375143,414592,36685806,63314248,829184,126628496,28431,42748,2984020,7017639,85496,14035278,"1bill-boot"
6,24,"petite","second",375404,413343,36781737,63218351,826686,126436702,28613,42440,3025960,6974243,84880,13948486,"1bill-boot"
6,25,"petite","second",375287,413809,36740494,63259538,827618,126519076,28514,42477,3020578,6980166,84954,13960332,"1bill-boot"
6,26,"petite","second",375003,414558,36677986,63322176,829116,126644352,28333,42806,2974792,7027130,85612,14054260,"1bill-boot"
6,27,"petite","second",374419,414024,36692044,63308001,828048,126616002,28525,42619,2999369,7001756,85238,14003512,"1bill-boot"
6,28,"petite","second",375086,414136,36701070,63299178,828272,126598356,28340,42605,2988846,7011783,85210,14023566,"1bill-boot"
6,29,"petite","second",374312,414138,36640130,63359919,828276,126719838,28524,42595,3007863,6992301,85190,13984602,"1bill-boot"
6,30,"petite","second",375038,414180,36700524,63299499,828360,126598998,28579,42652,3013836,6987218,85304,13974436,"1bill-boot"
1,1,"petite","second",378071,417445,36832632,63167513,834890,126335026,28666,43091,3002706,6997660,86182,13995320,"1bill-boot"
1,2,"petite","second",378333,417621,36805971,63194103,835242,126388206,28904,42990,3021259,6980071,85980,13960142,"1bill-boot"
1,3,"petite","second",378862,417450,36844938,63155147,834900,126310294,28732,42964,3006020,6994492,85928,13988984,"1bill-boot"
1,4,"petite","second",378341,417409,36823074,63176931,834818,126353862,28526,43204,2984665,7015614,86408,14031228,"1bill-boot"
1,5,"petite","second",378341,417510,36758372,63241674,835020,126483348,28779,43044,2999137,7002771,86088,14005542,"1bill-boot"
1,6,"petite","second",379047,417209,36890190,63109893,834418,126219786,28687,43161,3003343,6997474,86322,13994948,"1bill-boot"
1,7,"petite","second",378189,417852,36790804,63209207,835704,126418414,28788,43029,2996917,7003324,86058,14006648,"1bill-boot"
1,8,"petite","second",378874,417723,36837736,63162360,835446,126324720,28813,43183,3002675,6997426,86366,13994852,"1bill-boot"
1,9,"petite","second",378768,417898,36826235,63173876,835796,126347752,28712,43287,3008088,6992469,86574,13984938,"1bill-boot"
1,10,"petite","second",378884,417369,36865889,63134299,834738,126268598,28470,43287,2980222,7022093,86574,14044186,"1bill-boot"
1,11,"petite","second",379062,417324,36859984,63140031,834648,126280062,28756,43220,3007930,6992780,86440,13985560,"1bill-boot"
1,12,"petite","second",379035,417749,36825548,63174475,835498,126348950,28788,43115,3009814,6991351,86230,13982702,"1bill-boot"
1,13,"petite","second",378755,417215,36841137,63158992,834430,126317984,28975,42955,3016836,6983173,85910,13966346,"1bill-boot"
1,14,"petite","second",379912,416995,36928330,63071717,833990,126143434,28749,43285,2997808,7002733,86570,14005466,"1bill-boot"
1,15,"petite","second",379004,417681,36872287,63127751,835362,126255502,28925,43002,3020992,6979164,86004,13958328,"1bill-boot"
1,16,"petite","second",378560,417904,36794777,63205263,835808,126410526,28826,42965,3018600,6982509,85930,13965018,"1bill-boot"
1,17,"petite","second",379402,417348,36949649,63050398,834696,126100796,28642,43134,2997246,7006339,86268,14012678,"1bill-boot"
1,18,"petite","second",380346,416634,36966759,63033282,833268,126066564,28932,42864,3018235,6983592,85728,13967184,"1bill-boot"
1,19,"petite","second",379277,417383,36908298,63091713,834766,126183426,28681,43229,2996229,7005747,86458,14011494,"1bill-boot"
1,20,"petite","second",378517,417856,36805021,63195074,835712,126390148,28472,43193,2982992,7018512,86386,14037024,"1bill-boot"
1,21,"petite","second",379767,417409,36907643,63092400,834818,126184800,28733,43212,3001112,7000484,86424,14000968,"1bill-boot"
1,22,"petite","second",378197,417727,36831084,63169047,835454,126338094,28649,43127,2998220,7002565,86254,14005130,"1bill-boot"
1,23,"petite","second",378827,417247,36851915,63148274,834494,126296548,28669,43173,2982985,7018487,86346,14036974,"1bill-boot"
1,24,"petite","second",378699,417254,36848714,63151476,834508,126302952,28684,43222,3012600,6987962,86444,13975924,"1bill-boot"
1,25,"petite","second",379109,416991,36866836,63133243,833982,126266486,28526,43049,2987981,7013570,86098,14027140,"1bill-boot"
1,26,"petite","second",379658,417162,36952884,63047222,834324,126094444,28961,42951,3022730,6978023,85902,13956046,"1bill-boot"
1,27,"petite","second",378388,417343,36789410,63210607,834686,126421214,28658,43057,2998265,7001884,86114,14003768,"1bill-boot"
1,28,"petite","second",379157,417041,36899149,63100901,834082,126201802,28889,42814,3030084,6970601,85628,13941202,"1bill-boot"
1,29,"petite","second",378232,417229,36795735,63204531,834458,126409062,28773,43045,3007470,6993746,86090,13987492,"1bill-boot"
1,30,"petite","second",378920,416948,36839890,63160117,833896,126320234,28698,43075,3007013,6993683,86150,13987366,"1bill-boot"
8,1,"petite","second",366343,415484,35945827,64054325,830968,128108650,27540,42879,2904515,7095904,85758,14191808,"1bill-boot"
8,2,"petite","second",366059,415980,35924861,64075174,831960,128150348,27796,42822,2927416,7073622,85644,14147244,"1bill-boot"
8,3,"petite","second",366804,415407,35975836,64024220,830814,128048440,27986,42550,2947759,7053374,85100,14106748,"1bill-boot"
8,4,"petite","second",366251,415787,35942407,64057720,831574,128115440,27676,42808,2916537,7083587,85616,14167174,"1bill-boot"
8,5,"petite","second",366379,415837,35968619,64031431,831674,128062862,27783,42666,2936969,7063371,85332,14126742,"1bill-boot"
8,6,"petite","second",366434,415719,35967795,64032216,831438,128064432,27772,42631,2930512,7071467,85262,14142934,"1bill-boot"
8,7,"petite","second",366328,415458,35942453,64057639,830916,128115278,27440,42675,2907839,7092270,85350,14184540,"1bill-boot"
8,8,"petite","second",366210,416321,35878782,64121220,832642,128242440,27451,42983,2891942,7110649,85966,14221298,"1bill-boot"
8,9,"petite","second",365942,416168,35924709,64075388,832336,128150776,27741,42704,2928807,7073051,85408,14146102,"1bill-boot"
8,10,"petite","second",366042,416106,35901065,64098978,832212,128197956,27674,42926,2912480,7089471,85852,14178942,"1bill-boot"
8,11,"petite","second",366333,415961,35922243,64077895,831922,128155790,27438,42914,2894455,7106680,85828,14213360,"1bill-boot"
8,12,"petite","second",366484,415378,35956750,64043251,830756,128086502,27519,42827,2901521,7100212,85654,14200424,"1bill-boot"
8,13,"petite","second",366609,415959,35936611,64063499,831918,128126998,27616,43029,2915396,7085505,86058,14171010,"1bill-boot"
8,14,"petite","second",365216,415866,35860077,64139964,831732,128279928,27456,43044,2889501,7111007,86088,14222014,"1bill-boot"
8,15,"petite","second",365757,415903,35874325,64125690,831806,128251380,27518,42818,2907637,7093021,85636,14186042,"1bill-boot"
8,16,"petite","second",365474,416280,35852998,64147015,832560,128294030,27914,42787,2942804,7060260,85574,14120520,"1bill-boot"
8,17,"petite","second",366571,415832,36004124,63995901,831664,127991802,27622,42861,2914771,7085310,85722,14170620,"1bill-boot"
8,18,"petite","second",366025,415960,35894243,64105919,831920,128211838,27623,42775,2919125,7081354,85550,14162708,"1bill-boot"
8,19,"petite","second",366782,415517,35969270,64030792,831034,128061584,27750,42775,2920861,7079574,85550,14159148,"1bill-boot"
8,20,"petite","second",365950,415867,35899468,64100538,831734,128201076,27490,42892,2891951,7109961,85784,14219922,"1bill-boot"
8,21,"petite","second",365625,416004,35894451,64105567,832008,128211134,27401,42862,2901227,7100356,85724,14200712,"1bill-boot"
8,22,"petite","second",365260,416221,35839422,64160655,832442,128321310,27807,42784,2926258,7074805,85568,14149610,"1bill-boot"
8,23,"petite","second",365133,416565,35817466,64182566,833130,128365132,27511,42866,2901482,7099412,85732,14198824,"1bill-boot"
8,24,"petite","second",365915,416356,35920420,64079670,832712,128159340,27607,42780,2920375,7079938,85560,14159876,"1bill-boot"
8,25,"petite","second",366713,415741,35937886,64062195,831482,128124390,27473,42858,2900200,7101889,85716,14203778,"1bill-boot"
8,26,"petite","second",365462,416597,35832033,64168006,833194,128336012,27767,42762,2932631,7068424,85524,14136848,"1bill-boot"
8,27,"petite","second",366240,415174,35954149,64045903,830348,128091806,27687,42721,2928659,7073299,85442,14146598,"1bill-boot"
8,28,"petite","second",365649,416497,35913419,64086605,832994,128173210,27816,42699,2929326,7071158,85398,14142316,"1bill-boot"
8,29,"petite","second",366622,415201,35992294,64007776,830402,128015552,27682,42865,2927806,7072956,85730,14145912,"1bill-boot"
8,30,"petite","second",366688,415400,35976231,64023813,830800,128047626,27854,42636,2940869,7061867,85272,14123734,"1bill-boot"
35,1,"petite","second",367313,417635,36119857,63880188,835270,127760376,27511,42886,2924846,7077212,85772,14154424,"1bill-boot"
35,2,"petite","second",367600,417368,36139707,63860412,834736,127720824,27761,42968,2938751,7062107,85936,14124214,"1bill-boot"
35,3,"petite","second",367870,417574,36119968,63880037,835148,127760074,27728,42914,2948388,7052532,85828,14105064,"1bill-boot"
35,4,"petite","second",367874,417541,36172140,63827894,835082,127655788,27602,43071,2928495,7073131,86142,14146262,"1bill-boot"
35,5,"petite","second",367787,417722,36100140,63900032,835444,127800064,27893,42899,2963084,7036920,85798,14073840,"1bill-boot"
35,6,"petite","second",367320,417514,36066289,63933721,835028,127867442,27670,43052,2926823,7074264,86104,14148528,"1bill-boot"
35,7,"petite","second",367308,417120,36106401,63893666,834240,127787332,27650,42850,2943047,7058335,85700,14116670,"1bill-boot"
35,8,"petite","second",367922,417178,36114104,63886096,834356,127772192,27804,42849,2937465,7063436,85698,14126872,"1bill-boot"
35,9,"petite","second",368968,416813,36270297,63729734,833626,127459468,27475,43153,2916944,7083698,86306,14167396,"1bill-boot"
35,10,"petite","second",368134,417855,36165998,63834109,835710,127668218,27759,42921,2944241,7056121,85842,14112242,"1bill-boot"
35,11,"petite","second",368169,417034,36147209,63852794,834068,127705588,27652,43036,2923158,7077296,86072,14154592,"1bill-boot"
35,12,"petite","second",367662,417581,36118530,63881507,835162,127763014,27795,43065,2940641,7060438,86130,14120876,"1bill-boot"
35,13,"petite","second",367566,417520,36088803,63911323,835040,127822646,27343,43136,2884808,7117565,86272,14235130,"1bill-boot"
35,14,"petite","second",367829,417090,36157278,63842952,834180,127685904,27736,43026,2939463,7061319,86052,14122638,"1bill-boot"
35,15,"petite","second",367821,417378,36161230,63838844,834756,127677688,27665,42966,2927543,7074463,85932,14148926,"1bill-boot"
35,16,"petite","second",368086,417716,36156052,63843994,835432,127687988,27582,42968,2925273,7076619,85936,14153238,"1bill-boot"
35,17,"petite","second",367842,417081,36176433,63823587,834162,127647174,27644,43047,2934597,7067520,86094,14135040,"1bill-boot"
35,18,"petite","second",367736,417552,36100132,63899897,835104,127799794,27787,42841,2950678,7049458,85682,14098916,"1bill-boot"
35,19,"petite","second",368372,417236,36165920,63834219,834472,127668438,27728,42991,2933170,7068340,85982,14136680,"1bill-boot"
35,20,"petite","second",367423,417996,36041118,63958921,835992,127917842,27668,42942,2929438,7071302,85884,14142604,"1bill-boot"
35,21,"petite","second",368136,416404,36162661,63837341,832808,127674682,27918,42702,2970568,7030685,85404,14061370,"1bill-boot"
35,22,"petite","second",367680,417139,36148724,63851329,834278,127702658,28020,42853,2969081,7033768,85706,14067536,"1bill-boot"
35,23,"petite","second",366714,418032,36034423,63965588,836064,127931176,27742,42872,2944594,7056918,85744,14113836,"1bill-boot"
35,24,"petite","second",367993,417090,36161510,63838507,834180,127677014,27619,42992,2928135,7072602,85984,14145204,"1bill-boot"
35,25,"petite","second",367493,417109,36035330,63964755,834218,127929510,27563,43104,2922649,7078061,86208,14156122,"1bill-boot"
35,26,"petite","second",368092,417741,36122365,63877673,835482,127755346,27543,43116,2920365,7080992,86232,14161984,"1bill-boot"
35,27,"petite","second",367216,417161,36063670,63936393,834322,127872786,27721,42900,2934806,7066707,85800,14133414,"1bill-boot"
35,28,"petite","second",366707,417401,36077473,63922563,834802,127845126,27502,43044,2909934,7090071,86088,14180142,"1bill-boot"
35,29,"petite","second",368887,416584,36215842,63784268,833168,127568536,28001,42673,2964088,7037866,85346,14075732,"1bill-boot"
35,30,"petite","second",368977,416523,36225301,63774762,833046,127549524,27916,42875,2963633,7036760,85750,14073520,"1bill-boot"
32,1,"petite","second",370633,420304,36601680,63398437,840608,126796874,28257,43126,2997896,7004047,86252,14008094,"1bill-boot"
32,2,"petite","second",370634,420131,36586729,63413275,840262,126826550,28133,43040,3002236,6999528,86080,13999056,"1bill-boot"
32,3,"petite","second",371449,420420,36642266,63357881,840840,126715762,28229,43120,3005906,6994608,86240,13989216,"1bill-boot"
32,4,"petite","second",370643,421004,36518215,63481795,842008,126963590,28061,43127,2984131,7016173,86254,14032346,"1bill-boot"
32,5,"petite","second",370737,420026,36581176,63418857,840052,126837714,28130,43019,3007568,6995015,86038,13990030,"1bill-boot"
32,6,"petite","second",370613,420235,36549132,63450968,840470,126901936,28271,42950,3016639,6985105,85900,13970210,"1bill-boot"
32,7,"petite","second",370828,420165,36565702,63434454,840330,126868908,28205,43150,3002825,6998302,86300,13996604,"1bill-boot"
32,8,"petite","second",370579,420964,36524815,63475242,841928,126950484,27945,43286,2981542,7020349,86572,14040698,"1bill-boot"
32,9,"petite","second",371453,420169,36645915,63354123,840338,126708246,28450,43028,3028295,6972860,86056,13945720,"1bill-boot"
32,10,"petite","second",371332,420091,36628485,63371519,840182,126743038,28287,43040,3011938,6988866,86080,13977732,"1bill-boot"
32,11,"petite","second",371564,420016,36625976,63374067,840032,126748134,28388,42919,3015711,6986083,85838,13972166,"1bill-boot"
32,12,"petite","second",371462,420268,36647194,63352974,840536,126705948,28334,43099,3017444,6983302,86198,13966604,"1bill-boot"
32,13,"petite","second",371500,420260,36647181,63352961,840520,126705922,27891,43318,2969642,7032469,86636,14064938,"1bill-boot"
32,14,"petite","second",371015,419924,36637129,63362929,839848,126725858,28157,43202,3004547,6996021,86404,13992042,"1bill-boot"
32,15,"petite","second",371026,420267,36620301,63379825,840534,126759650,28185,43033,2997856,7003414,86066,14006828,"1bill-boot"
32,16,"petite","second",371543,419943,36634679,63365343,839886,126730686,28212,42973,3002919,6999290,85946,13998580,"1bill-boot"
32,17,"petite","second",370670,420734,36602153,63397931,841468,126795862,28317,43116,3016860,6985441,86232,13970882,"1bill-boot"
32,18,"petite","second",370640,420595,36553537,63446466,841190,126892932,28043,43197,2987114,7014685,86394,14029370,"1bill-boot"
32,19,"petite","second",370800,419963,36593839,63406224,839926,126812448,28198,43227,3001011,6999027,86454,13998054,"1bill-boot"
32,20,"petite","second",370284,421358,36489427,63510596,842716,127021192,27977,43210,2986020,7014376,86420,14028752,"1bill-boot"
32,21,"petite","second",371723,420253,36615481,63384605,840506,126769210,28059,43112,2993986,7006819,86224,14013638,"1bill-boot"
32,22,"petite","second",370428,420515,36548514,63451636,841030,126903272,27991,43188,2974867,7027550,86376,14055100,"1bill-boot"
32,23,"petite","second",369916,420766,36517603,63482429,841532,126964858,27872,43268,2964827,7035483,86536,14070966,"1bill-boot"
32,24,"petite","second",370311,420267,36537129,63462995,840534,126925990,27948,43412,2964971,7035789,86824,14071578,"1bill-boot"
32,25,"petite","second",371670,419766,36646474,63353604,839532,126707208,28454,42987,3022676,6977691,85974,13955382,"1bill-boot"
32,26,"petite","second",371828,419888,36662362,63337667,839776,126675334,28450,43007,3033490,6968477,86014,13936954,"1bill-boot"
32,27,"petite","second",370121,420860,36516848,63483171,841720,126966342,28315,42918,3029918,6971324,85836,13942648,"1bill-boot"
32,28,"petite","second",370193,420809,36530142,63469904,841618,126939808,28098,43092,3000859,7001835,86184,14003670,"1bill-boot"
32,29,"petite","second",371339,419859,36666292,63333791,839718,126667582,28242,42895,3007544,6993216,85790,13986432,"1bill-boot"
32,30,"petite","second",371827,419719,36649382,63350761,839438,126701522,28298,43001,3006480,6995918,86002,13991836,"1bill-boot"
50,1,"petite","second",376477,414021,36680453,63319697,828042,126639394,28698,42532,3006332,6995783,85064,13991566,"1bill-boot"
50,2,"petite","second",376587,413910,36728435,63271627,827820,126543254,28327,42703,2981532,7020074,85406,14040148,"1bill-boot"
50,3,"petite","second",375289,415129,36568360,63431907,830258,126863814,28427,42599,2994905,7005529,85198,14011058,"1bill-boot"
50,4,"petite","second",377356,414050,36794719,63205342,828100,126410684,28844,42435,3024276,6976088,84870,13952176,"1bill-boot"
50,5,"petite","second",376046,414427,36665915,63334102,828854,126668204,28521,42672,2998108,7002531,85344,14005062,"1bill-boot"
50,6,"petite","second",376172,414609,36658534,63341634,829218,126683268,28453,42715,2975978,7025229,85430,14050458,"1bill-boot"
50,7,"petite","second",376954,413731,36774204,63225864,827462,126451728,28764,42614,3013398,6987829,85228,13975658,"1bill-boot"
50,8,"petite","second",376877,414354,36711256,63288756,828708,126577512,28563,42566,2993675,7007921,85132,14015842,"1bill-boot"
50,9,"petite","second",376639,414608,36692788,63307328,829216,126614656,28832,42714,3006191,6996635,85428,13993270,"1bill-boot"
50,10,"petite","second",376289,414613,36663245,63336769,829226,126673538,28621,42698,2991394,7008747,85396,14017494,"1bill-boot"
50,11,"petite","second",376942,414718,36714427,63285692,829436,126571384,28724,42593,3008020,6993521,85186,13987042,"1bill-boot"
50,12,"petite","second",376541,414063,36715653,63284404,828126,126568808,28605,42569,3000080,6999926,85138,13999852,"1bill-boot"
50,13,"petite","second",377059,414571,36748739,63251376,829142,126502752,28495,42986,2982675,7018609,85972,14037218,"1bill-boot"
50,14,"petite","second",376688,413738,36750391,63249663,827476,126499326,28708,42651,3012288,6990102,85302,13980204,"1bill-boot"
50,15,"petite","second",376771,414361,36728917,63271132,828722,126542264,28401,42895,2972625,7028043,85790,14056086,"1bill-boot"
50,16,"petite","second",376151,415038,36649735,63350439,830076,126700878,28318,42881,2972192,7027921,85762,14055842,"1bill-boot"
50,17,"petite","second",376094,415162,36663596,63336518,830324,126673036,28394,42727,2986127,7015279,85454,14030558,"1bill-boot"
50,18,"petite","second",376241,414875,36663362,63336709,829750,126673418,28744,42647,3017250,6984343,85294,13968686,"1bill-boot"
50,19,"petite","second",376410,414614,36686088,63313924,829228,126627848,28577,42735,2999469,7000539,85470,14001078,"1bill-boot"
50,20,"petite","second",377136,414214,36784337,63215739,828428,126431478,28691,42657,3011119,6989858,85314,13979716,"1bill-boot"
50,21,"petite","second",377482,413890,36795641,63204443,827780,126408886,28489,42733,2977368,7022702,85466,14045404,"1bill-boot"
50,22,"petite","second",376697,414349,36724018,63276035,828698,126552070,28716,42573,2998760,7002792,85146,14005584,"1bill-boot"
50,23,"petite","second",377078,413935,36792147,63207981,827870,126415962,28546,42694,2986531,7014313,85388,14028626,"1bill-boot"
50,24,"petite","second",376418,414200,36746842,63253271,828400,126506542,28412,42796,2983022,7017534,85592,14035068,"1bill-boot"
50,25,"petite","second",375949,414480,36686892,63313228,828960,126626456,28236,42788,2953610,7047692,85576,14095384,"1bill-boot"
50,26,"petite","second",376755,414254,36727656,63272378,828508,126544756,28728,42710,3006214,6995320,85420,13990640,"1bill-boot"
50,27,"petite","second",377054,413288,36745455,63254596,826576,126509192,28736,42629,3008814,6992890,85258,13985780,"1bill-boot"
50,28,"petite","second",376651,414356,36723384,63276806,828712,126553612,28585,42778,2994799,7006831,85556,14013662,"1bill-boot"
50,29,"petite","second",375770,414322,36664742,63335316,828644,126670632,28323,42809,2961836,7038301,85618,14076602,"1bill-boot"
50,30,"petite","second",376146,414454,36706946,63293154,828908,126586308,28547,42758,2990622,7010511,85516,14021022,"1bill-boot"
43,1,"petite","second",370757,421636,36469985,63530086,843272,127060172,28500,43133,3029964,6971450,86266,13942900,"1bill-boot"
43,2,"petite","second",370869,422231,36473600,63526496,844462,127052992,28257,43315,2994475,7006434,86630,14012868,"1bill-boot"
43,3,"petite","second",371963,420938,36548415,63451812,841876,126903624,28305,43336,2990596,7011760,86672,14023520,"1bill-boot"
43,4,"petite","second",371448,421679,36499176,63500836,843358,127001672,28219,43454,2987127,7013050,86908,14026100,"1bill-boot"
43,5,"petite","second",372174,420895,36628265,63371799,841790,126743598,28283,43337,3006444,6996040,86674,13992080,"1bill-boot"
43,6,"petite","second",371188,421103,36515016,63485033,842206,126970066,28278,43253,2997900,7003657,86506,14007314,"1bill-boot"
43,7,"petite","second",371353,421156,36530589,63469474,842312,126938948,28583,43086,3033434,6968391,86172,13936782,"1bill-boot"
43,8,"petite","second",371416,421570,36482301,63517906,843140,127035812,28692,43275,3031948,6968563,86550,13937126,"1bill-boot"
43,9,"petite","second",372176,420936,36623792,63376266,841872,126752532,28418,43341,3010338,6992306,86682,13984612,"1bill-boot"
43,10,"petite","second",370234,422007,36418749,63581261,844014,127162522,28130,43361,2986274,7016539,86722,14033078,"1bill-boot"
43,11,"petite","second",370757,421862,36457555,63542466,843724,127084932,28330,43435,3004718,6995927,86870,13991854,"1bill-boot"
43,12,"petite","second",372405,420656,36633340,63366720,841312,126733440,28573,43222,3018936,6982940,86444,13965880,"1bill-boot"
43,13,"petite","second",370705,422316,36432637,63567409,844632,127134818,28386,43264,3005013,6996560,86528,13993120,"1bill-boot"
43,14,"petite","second",371105,421303,36463580,63536516,842606,127073032,28239,43375,2995414,7006125,86750,14012250,"1bill-boot"
43,15,"petite","second",371471,421012,36527796,63472245,842024,126944490,28242,43257,2996548,7005040,86514,14010080,"1bill-boot"
43,16,"petite","second",371088,421641,36498685,63501347,843282,127002694,28383,43444,2997710,7002679,86888,14005358,"1bill-boot"
43,17,"petite","second",370477,422044,36420043,63580061,844088,127160122,28350,43318,3006701,6994493,86636,13988986,"1bill-boot"
43,18,"petite","second",371148,421901,36455193,63544818,843802,127089636,28256,43504,2991066,7010607,87008,14021214,"1bill-boot"
43,19,"petite","second",371832,420932,36560034,63440037,841864,126880074,28212,43412,2990473,7009625,86824,14019250,"1bill-boot"
43,20,"petite","second",370778,422398,36443254,63556832,844796,127113664,28196,43565,2977215,7024904,87130,14049808,"1bill-boot"
43,21,"petite","second",370992,421460,36503857,63496145,842920,126992290,28268,43270,2995439,7005438,86540,14010876,"1bill-boot"
43,22,"petite","second",370894,421547,36500733,63499394,843094,126998788,28357,43332,3004809,6995365,86664,13990730,"1bill-boot"
43,23,"petite","second",370571,421550,36482769,63517408,843100,127034816,28594,43248,3017491,6984982,86496,13969964,"1bill-boot"
43,24,"petite","second",371699,420855,36559192,63440846,841710,126881692,28389,43249,3016816,6983490,86498,13966980,"1bill-boot"
43,25,"petite","second",370726,421307,36454829,63545231,842614,127090462,28196,43350,2992940,7007558,86700,14015116,"1bill-boot"
43,26,"petite","second",371603,421315,36539438,63460627,842630,126921254,28446,43324,3011578,6988626,86648,13977252,"1bill-boot"
43,27,"petite","second",371562,420939,36577589,63422468,841878,126844936,28264,43421,2993912,7008586,86842,14017172,"1bill-boot"
43,28,"petite","second",371670,420856,36535852,63464192,841712,126928384,28102,43351,2975051,7026882,86702,14053764,"1bill-boot"
43,29,"petite","second",371730,420942,36527318,63472702,841884,126945404,28420,43197,3003760,6997553,86394,13995106,"1bill-boot"
43,30,"petite","second",372214,420512,36572032,63428168,841024,126856336,28200,43391,2983040,7017094,86782,14034188,"1bill-boot"
44,1,"petite","second",376630,409917,37108162,62892041,819834,125784082,28726,42162,3045591,6954848,84324,13909696,"1bill-boot"
44,2,"petite","second",376247,410032,37036442,62963582,820064,125927164,28638,42243,3029219,6972609,84486,13945218,"1bill-boot"
44,3,"petite","second",376458,410148,37093493,62906560,820296,125813120,28691,42146,3043967,6956564,84292,13913128,"1bill-boot"
44,4,"petite","second",376368,410457,37049819,62950490,820914,125900980,28458,42278,3025449,6975548,84556,13951096,"1bill-boot"
44,5,"petite","second",376593,410131,37084072,62915955,820262,125831910,28271,42426,2995068,7005804,84852,14011608,"1bill-boot"
44,6,"petite","second",375551,410279,37029373,62970801,820558,125941602,28423,42405,3010953,6990800,84810,13981600,"1bill-boot"
44,7,"petite","second",376901,409887,37113520,62886486,819774,125772972,28583,42072,3038013,6962024,84144,13924048,"1bill-boot"
44,8,"petite","second",377347,409597,37149174,62851014,819194,125702028,28637,42304,3028212,6973685,84608,13947370,"1bill-boot"
44,9,"petite","second",377815,409536,37195234,62804779,819072,125609558,28893,42063,3060622,6939486,84126,13878972,"1bill-boot"
44,10,"petite","second",376924,409767,37105368,62894884,819534,125789768,28752,41965,3046465,6955078,83930,13910156,"1bill-boot"
44,11,"petite","second",376464,409984,37040199,62959885,819968,125919770,28682,42140,3041074,6959087,84280,13918174,"1bill-boot"
44,12,"petite","second",376243,410159,37062032,62937989,820318,125875978,28401,42409,3004524,6996711,84818,13993422,"1bill-boot"
44,13,"petite","second",376888,409965,37081547,62918500,819930,125837000,28732,42186,3036934,6963118,84372,13926236,"1bill-boot"
44,14,"petite","second",377484,409039,37184045,62815960,818078,125631920,28599,42271,3032817,6967955,84542,13935910,"1bill-boot"
44,15,"petite","second",376314,410497,37028030,62972019,820994,125944038,28575,42091,3036255,6965060,84182,13930120,"1bill-boot"
44,16,"petite","second",377320,409860,37160489,62839530,819720,125679060,28733,42247,3037626,6962389,84494,13924778,"1bill-boot"
44,17,"petite","second",377164,409411,37165092,62834918,818822,125669836,28512,42147,3035284,6967029,84294,13934058,"1bill-boot"
44,18,"petite","second",376607,410203,37098957,62901122,820406,125802244,28369,42386,3010620,6989396,84772,13978792,"1bill-boot"
44,19,"petite","second",376387,409977,37102741,62897347,819954,125794694,28541,42289,3031486,6969043,84578,13938086,"1bill-boot"
44,20,"petite","second",377342,410177,37147909,62852262,820354,125704524,28866,42144,3064197,6936653,84288,13873306,"1bill-boot"
44,21,"petite","second",376728,409384,37090053,62910032,818768,125820064,28478,42159,3017147,6986097,84318,13972194,"1bill-boot"
44,22,"petite","second",376811,409473,37113613,62886393,818946,125772786,28697,42255,3034934,6967245,84510,13934490,"1bill-boot"
44,23,"petite","second",376813,410398,37101381,62898726,820796,125797452,28575,42269,3031320,6969441,84538,13938882,"1bill-boot"
44,24,"petite","second",376355,409416,37069382,62930725,818832,125861450,28513,42050,3026687,6973607,84100,13947214,"1bill-boot"
44,25,"petite","second",375944,410011,37032414,62967704,820022,125935408,28378,42125,3021760,6979265,84250,13958530,"1bill-boot"
44,26,"petite","second",377748,409686,37210832,62789267,819372,125578534,28556,42167,3039841,6961575,84334,13923150,"1bill-boot"
44,27,"petite","second",377492,409112,37211486,62788672,818224,125577344,28290,42185,3012035,6988112,84370,13976224,"1bill-boot"
44,28,"petite","second",376690,409439,37108069,62892052,818878,125784104,28823,42027,3058505,6943353,84054,13886706,"1bill-boot"
44,29,"petite","second",378052,408955,37232293,62767762,817910,125535524,28721,42080,3037105,6964181,84160,13928362,"1bill-boot"
44,30,"petite","second",377904,408861,37249233,62750823,817722,125501646,28870,41955,3076951,6924779,83910,13849558,"1bill-boot"
10,1,"petite","second",377056,414014,36890947,63109292,828028,126218584,28612,42608,3015225,6986827,85216,13973654,"1bill-boot"
10,2,"petite","second",377799,413693,36928302,63071777,827386,126143554,28709,42539,3028823,6971214,85078,13942428,"1bill-boot"
10,3,"petite","second",377447,414260,36914063,63086071,828520,126172142,28529,42688,3016034,6984811,85376,13969622,"1bill-boot"
10,4,"petite","second",378155,414185,36983950,63016170,828370,126032340,28637,42752,3019271,6980851,85504,13961702,"1bill-boot"
10,5,"petite","second",377617,414270,36904792,63095308,828540,126190616,28597,42717,3019301,6980860,85434,13961720,"1bill-boot"
10,6,"petite","second",377441,414563,36891381,63108626,829126,126217252,28640,42767,3010499,6990718,85534,13981436,"1bill-boot"
10,7,"petite","second",377663,413829,36946303,63053756,827658,126107512,28881,42376,3054392,6945656,84752,13891312,"1bill-boot"
10,8,"petite","second",377711,413934,36915572,63084506,827868,126169012,28648,42462,3022964,6979149,84924,13958298,"1bill-boot"
10,9,"petite","second",378317,414004,37023953,62976073,828008,125952146,28803,42603,3038064,6962571,85206,13925142,"1bill-boot"
10,10,"petite","second",377868,414368,36953996,63046096,828736,126092192,28498,42827,2999837,7001033,85654,14002066,"1bill-boot"
10,11,"petite","second",377561,414198,36925734,63074321,828396,126148642,28882,42619,3036747,6964129,85238,13928258,"1bill-boot"
10,12,"petite","second",377470,414034,36937629,63062475,828068,126124950,28805,42596,3034215,6967432,85192,13934864,"1bill-boot"
10,13,"petite","second",377606,414548,36919830,63080299,829096,126160598,28695,42575,3028641,6971673,85150,13943346,"1bill-boot"
10,14,"petite","second",376852,414023,36896418,63103647,828046,126207294,28623,42582,3024282,6976190,85164,13952380,"1bill-boot"
10,15,"petite","second",377797,413816,36945660,63054379,827632,126108758,28777,42450,3032125,6969067,84900,13938134,"1bill-boot"
10,16,"petite","second",378465,414191,36971145,63028959,828382,126057918,28677,42677,3018398,6983111,85354,13966222,"1bill-boot"
10,17,"petite","second",377284,414353,36919690,63080324,828706,126160648,28648,42769,3021567,6979941,85538,13959882,"1bill-boot"
10,18,"petite","second",377705,414370,36935169,63064851,828740,126129702,28729,42609,3039208,6961600,85218,13923200,"1bill-boot"
10,19,"petite","second",378126,413848,36985088,63014957,827696,126029914,28625,42710,3025882,6975692,85420,13951384,"1bill-boot"
10,20,"petite","second",377841,414433,36931549,63068502,828866,126137004,28604,42646,3011117,6990452,85292,13980904,"1bill-boot"
10,21,"petite","second",377754,414035,36897446,63102642,828070,126205284,28629,42642,3009578,6991510,85284,13983020,"1bill-boot"
10,22,"petite","second",378053,414057,36985695,63014390,828114,126028780,28534,42696,3002874,6997525,85392,13995050,"1bill-boot"
10,23,"petite","second",376221,414675,36821611,63178418,829350,126356836,28290,42857,2992840,7007685,85714,14015370,"1bill-boot"
10,24,"petite","second",377540,414166,36938468,63061616,828332,126123232,28415,42821,2994536,7008513,85642,14017026,"1bill-boot"
10,25,"petite","second",378934,413504,37070306,62929776,827008,125859552,28713,42601,3029935,6970196,85202,13940392,"1bill-boot"
10,26,"petite","second",379070,413295,37096886,62903116,826590,125806232,28507,42606,2999469,7001378,85212,14002756,"1bill-boot"
10,27,"petite","second",378232,413588,36995744,63004342,827176,126008684,28855,42640,3049109,6951471,85280,13902942,"1bill-boot"
10,28,"petite","second",377007,414366,36904862,63095203,828732,126190406,28538,42694,3022943,6978398,85388,13956796,"1bill-boot"
10,29,"petite","second",378418,413666,37029891,62970225,827332,125940450,28647,42623,3012214,6989821,85246,13979642,"1bill-boot"
10,30,"petite","second",377699,414069,36893086,63107003,828138,126214006,28616,42659,3014721,6985981,85318,13971962,"1bill-boot"
17,1,"petite","second",371895,423837,36039413,63960624,847674,127921248,28165,43541,2934945,7065219,87082,14130438,"1bill-boot"
17,2,"petite","second",372726,423282,36154885,63845218,846564,127690436,28210,43585,2937202,7063658,87170,14127316,"1bill-boot"
17,3,"petite","second",373274,423285,36176887,63823213,846570,127646426,28343,43462,2948956,7051654,86924,14103308,"1bill-boot"
17,4,"petite","second",372705,423257,36148475,63851652,846514,127703304,28397,43435,2965000,7036671,86870,14073342,"1bill-boot"
17,5,"petite","second",373191,422703,36190902,63809237,845406,127618474,28235,43605,2947733,7052292,87210,14104584,"1bill-boot"
17,6,"petite","second",373427,422552,36195388,63804704,845104,127609408,28391,43563,2948890,7052886,87126,14105772,"1bill-boot"
17,7,"petite","second",372831,422881,36163251,63836776,845762,127673552,28430,43637,2944838,7055578,87274,14111156,"1bill-boot"
17,8,"petite","second",372959,423480,36134336,63865843,846960,127731686,28506,43542,2959454,7042508,87084,14085016,"1bill-boot"
17,9,"petite","second",372349,423978,36083614,63916476,847956,127832952,28501,43352,2975367,7025591,86704,14051182,"1bill-boot"
17,10,"petite","second",372873,423550,36122567,63877433,847100,127754866,28271,43577,2943854,7056596,87154,14113192,"1bill-boot"
17,11,"petite","second",372747,423269,36149751,63850275,846538,127700550,28434,43541,2962430,7038207,87082,14076414,"1bill-boot"
17,12,"petite","second",372338,423606,36063405,63936662,847212,127873324,28199,43573,2940922,7060796,87146,14121592,"1bill-boot"
17,13,"petite","second",371343,423257,36029737,63970296,846514,127940592,28034,43598,2922599,7078236,87196,14156472,"1bill-boot"
17,14,"petite","second",371987,422975,36081132,63919022,845950,127838044,28348,43330,2959878,7041880,86660,14083760,"1bill-boot"
17,15,"petite","second",372981,422889,36152296,63847731,845778,127695462,28317,43450,2953054,7046962,86900,14093924,"1bill-boot"
17,16,"petite","second",373345,423333,36148212,63851949,846666,127703898,28224,43491,2937113,7063531,86982,14127062,"1bill-boot"
17,17,"petite","second",372395,423610,36093870,63906141,847220,127812282,28359,43672,2944375,7056242,87344,14112484,"1bill-boot"
17,18,"petite","second",373872,423019,36201180,63798892,846038,127597784,28439,43422,2961050,7040964,86844,14081928,"1bill-boot"
17,19,"petite","second",373320,423098,36185815,63814198,846196,127628396,28210,43475,2941596,7059033,86950,14118066,"1bill-boot"
17,20,"petite","second",373314,423007,36190235,63809874,846014,127619748,28338,43609,2950342,7050501,87218,14101002,"1bill-boot"
17,21,"petite","second",373386,423163,36193546,63806488,846326,127612976,28675,43290,2985126,7015688,86580,14031376,"1bill-boot"
17,22,"petite","second",372200,423416,36056249,63943789,846832,127887578,28482,43298,2960906,7039946,86596,14079892,"1bill-boot"
17,23,"petite","second",373953,422710,36272821,63727245,845420,127454490,28358,43531,2950671,7049346,87062,14098692,"1bill-boot"
17,24,"petite","second",372942,423273,36167292,63832739,846546,127665478,28441,43600,2969334,7032163,87200,14064326,"1bill-boot"
17,25,"petite","second",373719,422589,36243930,63756111,845178,127512222,28441,43349,2972692,7028463,86698,14056926,"1bill-boot"
17,26,"petite","second",372608,423056,36126878,63873185,846112,127746370,28669,43252,2989167,7013742,86504,14027484,"1bill-boot"
17,27,"petite","second",372057,422738,36103136,63896865,845476,127793730,28092,43550,2928821,7072887,87100,14145774,"1bill-boot"
17,28,"petite","second",372600,423228,36114503,63885607,846456,127771214,28390,43635,2936505,7064567,87270,14129134,"1bill-boot"
17,29,"petite","second",372815,422783,36154932,63845233,845566,127690466,28007,43606,2921891,7078887,87212,14157774,"1bill-boot"
17,30,"petite","second",372412,422938,36120693,63879404,845876,127758808,28271,43413,2944995,7056111,86826,14112222,"1bill-boot"
28,1,"petite","second",368712,417477,36323362,63676840,834954,127353680,28191,42647,2987424,7013135,85294,14026270,"1bill-boot"
28,2,"petite","second",368009,418068,36222700,63777312,836136,127554624,28009,42916,2970810,7030481,85832,14060962,"1bill-boot"
28,3,"petite","second",368583,417489,36289491,63710626,834978,127421252,28000,42634,2986155,7013950,85268,14027900,"1bill-boot"
28,4,"petite","second",368756,417745,36270959,63729155,835490,127458310,28091,42816,2975080,7027130,85632,14054260,"1bill-boot"
28,5,"petite","second",367620,417665,36223421,63776693,835330,127553386,28193,42603,2990684,7009525,85206,14019050,"1bill-boot"
28,6,"petite","second",368152,417907,36274231,63725827,835814,127451654,27988,42749,2978051,7022529,85498,14045058,"1bill-boot"
28,7,"petite","second",367766,417404,36193962,63806087,834808,127612174,28192,42584,2988044,7012444,85168,14024888,"1bill-boot"
28,8,"petite","second",367271,418116,36151148,63848966,836232,127697932,28056,42755,2965794,7036013,85510,14072026,"1bill-boot"
28,9,"petite","second",368546,418089,36266221,63733830,836178,127467660,27982,42899,2971495,7029182,85798,14058364,"1bill-boot"
28,10,"petite","second",368202,417936,36272631,63727376,835872,127454752,27705,42984,2930403,7070529,85968,14141058,"1bill-boot"
28,11,"petite","second",367815,417924,36228020,63772003,835848,127544006,27981,42711,2965224,7036332,85422,14072664,"1bill-boot"
28,12,"petite","second",368178,417810,36236125,63763881,835620,127527762,28007,42738,2963701,7038028,85476,14076056,"1bill-boot"
28,13,"petite","second",367876,417974,36223573,63776497,835948,127552994,27710,42966,2938909,7061395,85932,14122790,"1bill-boot"
28,14,"petite","second",367814,417105,36269884,63730131,834210,127460262,28094,42561,2989855,7010924,85122,14021848,"1bill-boot"
28,15,"petite","second",367549,417991,36187467,63812534,835982,127625068,27802,42764,2946958,7054882,85528,14109764,"1bill-boot"
28,16,"petite","second",367750,417998,36238209,63761809,835996,127523618,28027,42827,2978159,7023755,85654,14047510,"1bill-boot"
28,17,"petite","second",368175,417735,36252296,63747727,835470,127495454,28185,42758,2991175,7009974,85516,14019948,"1bill-boot"
28,18,"petite","second",367967,418111,36229109,63770983,836222,127541966,28050,42817,2969710,7030423,85634,14060846,"1bill-boot"
28,19,"petite","second",367668,417973,36161805,63838223,835946,127676446,28153,42659,2978754,7021771,85318,14043542,"1bill-boot"
28,20,"petite","second",368002,417692,36230456,63769639,835384,127539278,27944,42844,2966675,7034995,85688,14069990,"1bill-boot"
28,21,"petite","second",368886,417085,36366345,63633707,834170,127267414,28425,42482,3012729,6988027,84964,13976054,"1bill-boot"
28,22,"petite","second",368173,417628,36254433,63745584,835256,127491168,27975,42840,2973280,7027901,85680,14055802,"1bill-boot"
28,23,"petite","second",367829,417917,36209250,63790838,835834,127581676,28065,42840,2971869,7028619,85680,14057238,"1bill-boot"
28,24,"petite","second",369028,416894,36374805,63625268,833788,127250536,28112,42747,2990621,7011403,85494,14022806,"1bill-boot"
28,25,"petite","second",368153,417421,36277124,63722884,834842,127445768,28018,42696,2970418,7030508,85392,14061016,"1bill-boot"
28,26,"petite","second",367956,418177,36202759,63797289,836354,127594578,27916,42899,2948962,7052053,85798,14104106,"1bill-boot"
28,27,"petite","second",368210,417038,36246939,63753298,834076,127506596,27822,42847,2951362,7048786,85694,14097572,"1bill-boot"
28,28,"petite","second",368772,417392,36320677,63679376,834784,127358752,28243,42753,2986628,7013783,85506,14027566,"1bill-boot"
28,29,"petite","second",367746,417903,36214416,63785638,835806,127571276,27957,42739,2956468,7043676,85478,14087352,"1bill-boot"
28,30,"petite","second",367829,417410,36278181,63721927,834820,127443854,28120,42656,2997767,7002894,85312,14005788,"1bill-boot"
21,1,"petite","second",379665,414254,36910707,63089354,828508,126178708,28735,42801,3007648,6992404,85602,13984808,"1bill-boot"
21,2,"petite","second",379833,414666,36917082,63083043,829332,126166086,28975,42688,3033144,6968174,85376,13936348,"1bill-boot"
21,3,"petite","second",380242,414504,36941934,63058092,829008,126116184,28856,42794,3029107,6971039,85588,13942078,"1bill-boot"
21,4,"petite","second",380447,414639,36956298,63043770,829278,126087540,28681,42847,3011004,6990142,85694,13980284,"1bill-boot"
21,5,"petite","second",380739,414002,36968962,63031143,828004,126062286,28838,42690,3017498,6983507,85380,13967014,"1bill-boot"
21,6,"petite","second",380622,414337,36965228,63034885,828674,126069770,28934,42718,3016987,6983683,85436,13967366,"1bill-boot"
21,7,"petite","second",380269,413973,37003314,62996710,827946,125993420,29032,42750,3050652,6949441,85500,13898882,"1bill-boot"
21,8,"petite","second",380584,414406,36959923,63040114,828812,126080228,28570,42798,2995302,7006406,85596,14012812,"1bill-boot"
21,9,"petite","second",380002,415002,36929958,63070080,830004,126140160,28788,42905,3011488,6991388,85810,13982776,"1bill-boot"
21,10,"petite","second",380342,414690,36907861,63092386,829380,126184772,29032,42800,3032379,6969649,85600,13939298,"1bill-boot"
21,11,"petite","second",381071,414224,37023366,62976669,828448,125953338,29179,42792,3042416,6960085,85584,13920170,"1bill-boot"
21,12,"petite","second",380755,413944,37040171,62959939,827888,125919878,29031,42664,3032887,6969042,85328,13938084,"1bill-boot"
21,13,"petite","second",379180,414780,36852314,63147754,829560,126295508,28808,42739,3009831,6991871,85478,13983742,"1bill-boot"
21,14,"petite","second",379910,413924,36926035,63074026,827848,126148052,28990,42705,3025819,6975128,85410,13950256,"1bill-boot"
21,15,"petite","second",380055,414388,36909242,63090797,828776,126181594,28779,42847,3013214,6987609,85694,13975218,"1bill-boot"
21,16,"petite","second",381080,414365,37029162,62970874,828730,125941748,28899,42803,3003254,6996832,85606,13993664,"1bill-boot"
21,17,"petite","second",380561,414617,36988345,63011740,829234,126023480,28817,42877,3010308,6992910,85754,13985820,"1bill-boot"
21,18,"petite","second",379661,414708,36852986,63147064,829416,126294128,28906,42694,3028020,6972272,85388,13944544,"1bill-boot"
21,19,"petite","second",380760,414092,37005070,62994965,828184,125989930,28854,42794,3018661,6982870,85588,13965740,"1bill-boot"
21,20,"petite","second",379568,414777,36864435,63135640,829554,126271280,28892,42791,3022410,6978693,85582,13957386,"1bill-boot"
21,21,"petite","second",380872,414454,36990429,63009572,828908,126019144,28943,42757,3026066,6973948,85514,13947896,"1bill-boot"
21,22,"petite","second",379303,414766,36878870,63121364,829532,126242728,28593,42868,2993566,7006691,85736,14013382,"1bill-boot"
21,23,"petite","second",379277,414695,36866127,63133970,829390,126267940,28802,42849,3010071,6989931,85698,13979862,"1bill-boot"
21,24,"petite","second",380609,413596,37006402,62993648,827192,125987296,28940,42448,3040871,6960448,84896,13920896,"1bill-boot"
21,25,"petite","second",380962,413394,37001251,62998814,826788,125997628,28153,42899,2949640,7050839,85798,14101678,"1bill-boot"
21,26,"petite","second",381035,414535,37011054,62989015,829070,125978030,28585,43021,2992607,7007456,86042,14014912,"1bill-boot"
21,27,"petite","second",379233,414459,36873160,63126949,828918,126253898,28679,42672,3016147,6983923,85344,13967846,"1bill-boot"
21,28,"petite","second",379927,414091,36930640,63069491,828182,126138982,28641,42928,2997625,7003655,85856,14007310,"1bill-boot"
21,29,"petite","second",380186,414110,36948843,63051196,828220,126102392,28949,42689,3033488,6966617,85378,13933234,"1bill-boot"
21,30,"petite","second",381066,413861,37002706,62997496,827722,125994992,29081,42729,3041902,6959656,85458,13919312,"1bill-boot"
26,1,"petite","second",371116,415350,36477106,63522934,830700,127045868,28220,42646,2993717,7007366,85292,14014732,"1bill-boot"
26,2,"petite","second",370735,415694,36412240,63587794,831388,127175588,28093,42682,2982595,7018491,85364,14036982,"1bill-boot"
26,3,"petite","second",371970,415626,36538926,63461129,831252,126922258,28236,42601,2994104,7007163,85202,14014326,"1bill-boot"
26,4,"petite","second",370591,416161,36386557,63613484,832322,127226968,28131,42677,2981426,7018762,85354,14037524,"1bill-boot"
26,5,"petite","second",371898,415270,36540211,63459826,830540,126919652,28173,42734,3000434,6999992,85468,13999984,"1bill-boot"
26,6,"petite","second",370533,416484,36428837,63571165,832968,127142330,28090,42863,2966140,7036057,85726,14072114,"1bill-boot"
26,7,"petite","second",371871,414909,36545317,63454697,829818,126909394,28265,42645,2993951,7007692,85290,14015384,"1bill-boot"
26,8,"petite","second",371470,415419,36469486,63530591,830838,127061182,28041,42737,2967679,7032578,85474,14065156,"1bill-boot"
26,9,"petite","second",370986,416031,36396107,63603895,832062,127207790,28052,42525,2975479,7025267,85050,14050534,"1bill-boot"
26,10,"petite","second",371139,415708,36433382,63566745,831416,127133490,28052,42705,2975320,7025111,85410,14050222,"1bill-boot"
26,11,"petite","second",371697,416254,36448736,63551290,832508,127102580,28263,42577,3000447,7000707,85154,14001414,"1bill-boot"
26,12,"petite","second",371124,415775,36397675,63602424,831550,127204848,28153,42457,2971743,7030063,84914,14060126,"1bill-boot"
26,13,"petite","second",371191,416083,36434229,63565883,832166,127131766,27942,42829,2958764,7042273,85658,14084546,"1bill-boot"
26,14,"petite","second",370384,415707,36378161,63621933,831414,127243866,27924,42741,2956192,7044400,85482,14088800,"1bill-boot"
26,15,"petite","second",371255,415650,36472387,63527673,831300,127055346,27966,42784,2962624,7039037,85568,14078074,"1bill-boot"
26,16,"petite","second",371282,415380,36462647,63537471,830760,127074942,28424,42492,3010421,6991198,84984,13982396,"1bill-boot"
26,17,"petite","second",371160,415595,36455106,63545064,831190,127090128,28221,42590,3005471,6995555,85180,13991110,"1bill-boot"
26,18,"petite","second",371779,415541,36493235,63506766,831082,127013532,28145,42580,2992053,7007999,85160,14015998,"1bill-boot"
26,19,"petite","second",371658,415233,36505079,63495044,830466,126990088,28141,42631,2982535,7018031,85262,14036062,"1bill-boot"
26,20,"petite","second",370934,415870,36433214,63566921,831740,127133842,28216,42694,2988214,7012465,85388,14024930,"1bill-boot"
26,21,"petite","second",370574,415563,36385368,63614673,831126,127229346,28074,42568,2980169,7020005,85136,14040010,"1bill-boot"
26,22,"petite","second",371154,415475,36485123,63514913,830950,127029826,28029,42658,2979968,7021247,85316,14042494,"1bill-boot"
26,23,"petite","second",370711,415911,36400947,63599113,831822,127198226,27961,42651,2963395,7038248,85302,14076496,"1bill-boot"
26,24,"petite","second",371317,415597,36465911,63534118,831194,127068236,28109,42676,2987174,7014062,85352,14028124,"1bill-boot"
26,25,"petite","second",370934,415630,36423629,63576372,831260,127152744,28124,42521,2982085,7019435,85042,14038870,"1bill-boot"
26,26,"petite","second",370481,416490,36373161,63626871,832980,127253742,28210,42572,2993088,7007077,85144,14014154,"1bill-boot"
26,27,"petite","second",371460,415628,36514396,63485687,831256,126971374,28290,42585,3003178,6996908,85170,13993816,"1bill-boot"
26,28,"petite","second",369912,415970,36367311,63632794,831940,127265588,27906,42861,2966137,7035024,85722,14070048,"1bill-boot"
26,29,"petite","second",371312,415955,36444182,63555964,831910,127111928,28297,42566,2996662,7003396,85132,14006792,"1bill-boot"
26,30,"petite","second",371521,415525,36460181,63539821,831050,127079642,28320,42765,2995827,7005135,85530,14010270,"1bill-boot"
19,1,"petite","second",369082,417903,36404334,63595719,835806,127191438,28327,42673,3023811,6976999,85346,13953998,"1bill-boot"
19,2,"petite","second",368491,418283,36367577,63632444,836566,127264888,27988,42871,2988946,7012241,85742,14024482,"1bill-boot"
19,3,"petite","second",368937,418748,36399487,63600580,837496,127201160,27863,42961,2968913,7031258,85922,14062516,"1bill-boot"
19,4,"petite","second",369926,418200,36455355,63544738,836400,127089476,27617,43088,2941227,7058886,86176,14117772,"1bill-boot"
19,5,"petite","second",369066,419021,36406183,63593956,838042,127187912,28101,43036,2990218,7011017,86072,14022034,"1bill-boot"
19,6,"petite","second",369114,417970,36426954,63573124,835940,127146248,28018,42945,2987614,7014170,85890,14028340,"1bill-boot"
19,7,"petite","second",367771,418463,36308702,63691384,836926,127382768,27774,42976,2950658,7050455,85952,14100910,"1bill-boot"
19,8,"petite","second",369232,418277,36409761,63590342,836554,127180684,28240,42844,3001469,6999314,85688,13998628,"1bill-boot"
19,9,"petite","second",370459,417757,36508956,63491124,835514,126982248,28089,43034,2981830,7018485,86068,14036970,"1bill-boot"
19,10,"petite","second",369196,418352,36394049,63605976,836704,127211952,28098,43007,2983136,7019953,86014,14039906,"1bill-boot"
19,11,"petite","second",369366,418517,36401976,63598062,837034,127196124,28051,42818,2983892,7017595,85636,14035190,"1bill-boot"
19,12,"petite","second",369055,418052,36379813,63620224,836104,127240448,27875,43000,2971657,7028356,86000,14056712,"1bill-boot"
19,13,"petite","second",370050,417682,36497112,63502990,835364,127005980,27935,42932,2980753,7021555,85864,14043110,"1bill-boot"
19,14,"petite","second",368820,418337,36417559,63582478,836674,127164956,27988,42889,2987995,7012978,85778,14025956,"1bill-boot"
19,15,"petite","second",368568,418949,36364387,63635646,837898,127271292,27976,42905,2988529,7013189,85810,14026378,"1bill-boot"
19,16,"petite","second",369137,418395,36402522,63597606,836790,127195212,28000,42848,2975768,7024368,85696,14048736,"1bill-boot"
19,17,"petite","second",370026,417919,36492832,63507357,835838,127014714,27997,42924,2980215,7021347,85848,14042694,"1bill-boot"
19,18,"petite","second",369162,418841,36350182,63649919,837682,127299838,27857,43033,2962759,7038305,86066,14076610,"1bill-boot"
19,19,"petite","second",368898,418313,36336116,63663901,836626,127327802,27902,42937,2975787,7024378,85874,14048756,"1bill-boot"
19,20,"petite","second",368672,418839,36336125,63663951,837678,127327902,28061,42858,2987822,7012457,85716,14024914,"1bill-boot"
19,21,"petite","second",368676,418760,36333610,63666441,837520,127332882,28057,42927,2981323,7020120,85854,14040240,"1bill-boot"
19,22,"petite","second",368482,418235,36365291,63634751,836470,127269502,27956,42957,2975928,7026187,85914,14052374,"1bill-boot"
19,23,"petite","second",369000,418994,36372434,63627607,837988,127255214,28015,42976,2980565,7019838,85952,14039676,"1bill-boot"
19,24,"petite","second",369458,418161,36416315,63583904,836322,127167808,27912,43205,2963164,7038835,86410,14077670,"1bill-boot"
19,25,"petite","second",368515,418305,36331986,63668155,836610,127336310,27927,43036,2969210,7033317,86072,14066634,"1bill-boot"
19,26,"petite","second",369110,418188,36405202,63594868,836376,127189736,27767,43020,2957213,7044108,86040,14088216,"1bill-boot"
19,27,"petite","second",369677,417578,36480439,63519569,835156,127039138,28123,42959,2990230,7011390,85918,14022780,"1bill-boot"
19,28,"petite","second",369395,418331,36420192,63579815,836662,127159630,27858,42915,2969920,7031732,85830,14063464,"1bill-boot"
19,29,"petite","second",369641,418122,36406537,63593519,836244,127187038,27921,43009,2979190,7021688,86018,14043376,"1bill-boot"
19,30,"petite","second",369205,418104,36401624,63598505,836208,127197010,28080,42999,2987035,7013736,85998,14027472,"1bill-boot"
45,1,"petite","second",378917,410875,37093743,62906334,821750,125812668,28905,42613,3035286,6966733,85226,13933466,"1bill-boot"
45,2,"petite","second",379394,410726,37101060,62899030,821452,125798060,28822,42502,3024020,6978264,85004,13956528,"1bill-boot"
45,3,"petite","second",379431,410905,37096030,62904077,821810,125808154,29037,42230,3070154,6930366,84460,13860732,"1bill-boot"
45,4,"petite","second",379669,411093,37099400,62900634,822186,125801268,29007,42299,3058781,6943237,84598,13886474,"1bill-boot"
45,5,"petite","second",379456,411025,37107989,62892161,822050,125784322,28939,42473,3046100,6955919,84946,13911838,"1bill-boot"
45,6,"petite","second",379110,410980,37086499,62913546,821960,125827092,28623,42599,3016217,6984334,85198,13968668,"1bill-boot"
45,7,"petite","second",379329,410711,37099754,62900348,821422,125800696,28792,42373,3030350,6969950,84746,13939900,"1bill-boot"
45,8,"petite","second",378638,411571,37015600,62984443,823142,125968886,28627,42735,3011870,6989028,85470,13978056,"1bill-boot"
45,9,"petite","second",379576,411596,37095479,62904538,823192,125809076,28885,42538,3035010,6965462,85076,13930924,"1bill-boot"
45,10,"petite","second",379382,411544,37126301,62873784,823088,125747568,29040,42312,3057191,6943408,84624,13886816,"1bill-boot"
45,11,"petite","second",379149,411308,37072843,62927223,822616,125854446,28696,42420,3024214,6978060,84840,13956120,"1bill-boot"
45,12,"petite","second",379390,410993,37081728,62918299,821986,125836598,29042,42400,3046208,6954432,84800,13908864,"1bill-boot"
45,13,"petite","second",378878,411750,37009537,62990497,823500,125980994,28704,42521,3024499,6975675,85042,13951350,"1bill-boot"
45,14,"petite","second",378802,410992,37064447,62935606,821984,125871212,28919,42382,3044236,6959236,84764,13918472,"1bill-boot"
45,15,"petite","second",379969,410425,37141472,62858574,820850,125717148,29018,42451,3051934,6948480,84902,13896960,"1bill-boot"
45,16,"petite","second",379647,411142,37128376,62871690,822284,125743380,29051,42465,3045310,6956056,84930,13912112,"1bill-boot"
45,17,"petite","second",379573,411431,37095526,62904474,822862,125808948,28912,42489,3045859,6955840,84978,13911680,"1bill-boot"
45,18,"petite","second",379429,411597,37087834,62912381,823194,125824762,28719,42667,3021445,6979783,85334,13959566,"1bill-boot"
45,19,"petite","second",379548,411426,37072941,62927123,822852,125854246,28877,42581,3033543,6967274,85162,13934548,"1bill-boot"
45,20,"petite","second",379906,411308,37125886,62874180,822616,125748360,28858,42529,3047797,6953181,85058,13906362,"1bill-boot"
45,21,"petite","second",379978,410729,37146270,62853763,821458,125707526,28920,42450,3040398,6961053,84900,13922106,"1bill-boot"
45,22,"petite","second",379423,410841,37129684,62870365,821682,125740730,28862,42444,3040110,6961289,84888,13922578,"1bill-boot"
45,23,"petite","second",379673,411237,37117748,62882293,822474,125764586,28869,42633,3044469,6956242,85266,13912484,"1bill-boot"
45,24,"petite","second",379433,410594,37119419,62880707,821188,125761414,28988,42319,3059312,6940830,84638,13881660,"1bill-boot"
45,25,"petite","second",379729,411230,37110719,62889356,822460,125778712,28967,42474,3045330,6954757,84948,13909514,"1bill-boot"
45,26,"petite","second",379780,410982,37147613,62852420,821964,125704840,28719,42576,3028649,6971993,85152,13943986,"1bill-boot"
45,27,"petite","second",380229,410508,37207005,62793120,821016,125586240,28686,42500,3028362,6973155,85000,13946310,"1bill-boot"
45,28,"petite","second",379535,411561,37079137,62921030,823122,125842060,28979,42529,3037968,6962253,85058,13924506,"1bill-boot"
45,29,"petite","second",379438,411049,37072748,62927327,822098,125854654,28536,42746,2996569,7004578,85492,14009156,"1bill-boot"
45,30,"petite","second",379001,410954,37065149,62934869,821908,125869738,28855,42404,3032212,6968323,84808,13936646,"1bill-boot"
42,1,"petite","second",379716,411724,37042432,62957668,823448,125915336,28916,42238,3029615,6971892,84476,13943784,"1bill-boot"
42,2,"petite","second",380117,411734,37040110,62959918,823468,125919836,28767,42438,3013857,6987701,84876,13975402,"1bill-boot"
42,3,"petite","second",379945,411720,37037488,62962609,823440,125925218,28707,42605,3024242,6977635,85210,13955270,"1bill-boot"
42,4,"petite","second",379693,412192,36982890,63017409,824384,126034818,28567,42575,2981797,7020681,85150,14041362,"1bill-boot"
42,5,"petite","second",380271,411411,37109231,62890806,822822,125781612,29012,42345,3055399,6947561,84690,13895122,"1bill-boot"
42,6,"petite","second",380364,411471,37066433,62933638,822942,125867276,28981,42305,3037833,6964383,84610,13928766,"1bill-boot"
42,7,"petite","second",381098,410731,37206158,62793994,821462,125587988,28673,42335,3024538,6977523,84670,13955046,"1bill-boot"
42,8,"petite","second",381345,411190,37191894,62808106,822380,125616212,29094,42220,3053586,6947031,84440,13894062,"1bill-boot"
42,9,"petite","second",380829,412037,37155189,62844952,824074,125689904,29082,42507,3057600,6943510,85014,13887020,"1bill-boot"
42,10,"petite","second",380570,411539,37074747,62925275,823078,125850550,28525,42470,3010129,6990093,84940,13980186,"1bill-boot"
42,11,"petite","second",380386,411433,37081103,62918949,822866,125837898,28749,42441,3009430,6992330,84882,13984660,"1bill-boot"
42,12,"petite","second",380096,411562,37081225,62918811,823124,125837622,29090,42221,3056890,6944871,84442,13889742,"1bill-boot"
42,13,"petite","second",380270,411618,37076384,62923695,823236,125847390,28921,42378,3024333,6977568,84756,13955136,"1bill-boot"
42,14,"petite","second",378929,411960,36951735,63048355,823920,126096710,28876,42547,3019861,6980630,85094,13961260,"1bill-boot"
42,15,"petite","second",379654,411736,37036689,62963405,823472,125926810,28727,42398,3018505,6982302,84796,13964604,"1bill-boot"
42,16,"petite","second",380919,411509,37114104,62886008,823018,125772016,28762,42392,3016779,6984270,84784,13968540,"1bill-boot"
42,17,"petite","second",380581,411935,37131508,62868617,823870,125737234,29117,42407,3047317,6953061,84814,13906122,"1bill-boot"
42,18,"petite","second",379732,412373,37021294,62978768,824746,125957536,28713,42480,3007127,6993283,84960,13986566,"1bill-boot"
42,19,"petite","second",381127,411468,37152780,62847440,822936,125694880,28913,42491,3027365,6973062,84982,13946124,"1bill-boot"
42,20,"petite","second",380731,411257,37112438,62887600,822514,125775200,28714,42597,3007201,6994144,85194,13988288,"1bill-boot"
42,21,"petite","second",379729,412373,37027653,62972476,824746,125944952,28938,42276,3050249,6950427,84552,13900854,"1bill-boot"
42,22,"petite","second",380034,411665,37111209,62888894,823330,125777788,28906,42274,3039470,6962422,84548,13924844,"1bill-boot"
42,23,"petite","second",379130,412704,36947298,63052731,825408,126105462,28731,42524,3016916,6983852,85048,13967704,"1bill-boot"
42,24,"petite","second",380376,411241,37144109,62856027,822482,125712054,28800,42370,3018609,6982324,84740,13964648,"1bill-boot"
42,25,"petite","second",380697,411405,37125564,62874523,822810,125749046,28560,42494,3003746,6997116,84988,13994232,"1bill-boot"
42,26,"petite","second",380423,411289,37105608,62894438,822578,125788876,28713,42721,3009344,6992548,85442,13985096,"1bill-boot"
42,27,"petite","second",379880,411821,37064924,62935098,823642,125870196,28918,42506,3031620,6971402,85012,13942804,"1bill-boot"
42,28,"petite","second",379938,411628,37058992,62941029,823256,125882058,29039,42237,3048384,6953925,84474,13907850,"1bill-boot"
42,29,"petite","second",380970,411140,37182878,62817185,822280,125634370,28841,42385,3026401,6975269,84770,13950538,"1bill-boot"
42,30,"petite","second",380557,411063,37132034,62868114,822126,125736228,29076,42163,3059235,6941649,84326,13883298,"1bill-boot"
27,1,"petite","second",365608,424383,35743997,64256061,848766,128512122,27647,43610,2918365,7083145,87220,14166290,"1bill-boot"
27,2,"petite","second",365727,424702,35797463,64202568,849404,128405136,27686,43521,2929214,7072581,87042,14145162,"1bill-boot"
27,3,"petite","second",365744,424749,35733809,64266244,849498,128532488,27875,43604,2942518,7058376,87208,14116752,"1bill-boot"
27,4,"petite","second",365899,424681,35771619,64228431,849362,128456862,27549,43607,2914676,7086772,87214,14173544,"1bill-boot"
27,5,"petite","second",365571,424405,35758020,64241982,848810,128483964,27745,43590,2924992,7075906,87180,14151812,"1bill-boot"
27,6,"petite","second",365369,425019,35736564,64263547,850038,128527094,27610,43739,2901620,7100358,87478,14200716,"1bill-boot"
27,7,"petite","second",365117,424677,35712219,64287825,849354,128575650,27780,43470,2927920,7073142,86940,14146284,"1bill-boot"
27,8,"petite","second",365698,424898,35758028,64242012,849796,128484024,27666,43666,2924790,7076118,87332,14152236,"1bill-boot"
27,9,"petite","second",365500,425435,35693101,64307013,850870,128614026,27680,43552,2914192,7086322,87104,14172644,"1bill-boot"
27,10,"petite","second",365397,425114,35716774,64283236,850228,128566472,27846,43526,2927294,7073308,87052,14146616,"1bill-boot"
27,11,"petite","second",364707,425488,35676025,64323985,850976,128647970,27617,43739,2913408,7088686,87478,14177372,"1bill-boot"
27,12,"petite","second",365588,425256,35708810,64291214,850512,128582428,27758,43592,2922777,7079141,87184,14158282,"1bill-boot"
27,13,"petite","second",365007,425156,35697772,64302457,850312,128604914,27955,43566,2938994,7063466,87132,14126932,"1bill-boot"
27,14,"petite","second",365498,424067,35790936,64209065,848134,128418130,27780,43513,2931387,7068810,87026,14137620,"1bill-boot"
27,15,"petite","second",366473,424857,35803230,64196922,849714,128393844,27697,43665,2913968,7087140,87330,14174280,"1bill-boot"
27,16,"petite","second",365492,425256,35711747,64288371,850512,128576742,27729,43752,2924199,7077217,87504,14154434,"1bill-boot"
27,17,"petite","second",364865,424972,35698210,64301823,849944,128603646,27798,43743,2917938,7082896,87486,14165792,"1bill-boot"
27,18,"petite","second",365360,425335,35686823,64313280,850670,128626560,27675,43641,2909647,7091470,87282,14182940,"1bill-boot"
27,19,"petite","second",364911,424990,35710780,64289253,849980,128578506,27533,43531,2899172,7101800,87062,14203600,"1bill-boot"
27,20,"petite","second",365617,424758,35725858,64274178,849516,128548356,27816,43448,2930755,7070286,86896,14140572,"1bill-boot"
27,21,"petite","second",365694,424816,35763582,64236469,849632,128472938,27630,43532,2918632,7082111,87064,14164222,"1bill-boot"
27,22,"petite","second",365706,424646,35753779,64246297,849292,128492594,27568,43768,2901014,7101163,87536,14202326,"1bill-boot"
27,23,"petite","second",364867,424951,35671295,64328835,849902,128657670,28029,43418,2951516,7048524,86836,14097048,"1bill-boot"
27,24,"petite","second",365567,424432,35755917,64244085,848864,128488170,27950,43625,2956516,7043710,87250,14087420,"1bill-boot"
27,25,"petite","second",364715,424893,35687025,64313104,849786,128626208,27511,43562,2903882,7097191,87124,14194382,"1bill-boot"
27,26,"petite","second",365597,424931,35708899,64291169,849862,128582338,27632,43652,2897117,7104087,87304,14208174,"1bill-boot"
27,27,"petite","second",365519,424404,35735045,64265069,848808,128530138,27577,43765,2907670,7094347,87530,14188694,"1bill-boot"
27,28,"petite","second",365852,424716,35740485,64259537,849432,128519074,27611,43618,2902003,7098546,87236,14197092,"1bill-boot"
27,29,"petite","second",365126,424725,35686291,64313780,849450,128627560,27919,43591,2945653,7055625,87182,14111250,"1bill-boot"
27,30,"petite","second",366537,424241,35821920,64178084,848482,128356168,28060,43342,2956939,7043701,86684,14087402,"1bill-boot"
18,1,"petite","second",373254,413424,36808987,63191109,826848,126382218,28270,42578,2996190,7003894,85156,14007788,"1bill-boot"
18,2,"petite","second",373406,413845,36808406,63191603,827690,126383206,28571,42394,3034609,6965945,84788,13931890,"1bill-boot"
18,3,"petite","second",372997,413821,36761481,63238662,827642,126477324,28306,42768,3004050,6996890,85536,13993780,"1bill-boot"
18,4,"petite","second",373483,413824,36853851,63146253,827648,126292506,28435,42659,3012489,6989173,85318,13978346,"1bill-boot"
18,5,"petite","second",374253,412891,36897444,63102610,825782,126205220,28499,42478,3035025,6965291,84956,13930582,"1bill-boot"
18,6,"petite","second",373449,413637,36814588,63185593,827274,126371186,28337,42688,2995846,7005002,85376,14010004,"1bill-boot"
18,7,"petite","second",373761,413078,36832656,63167347,826156,126334694,28319,42636,3004271,6997502,85272,13995004,"1bill-boot"
18,8,"petite","second",374229,413305,36871493,63128589,826610,126257178,28536,42448,3035322,6965744,84896,13931488,"1bill-boot"
18,9,"petite","second",374199,413631,36875133,63124941,827262,126249882,28438,42496,3017776,6983102,84992,13966204,"1bill-boot"
18,10,"petite","second",374712,413201,36939861,63060211,826402,126120422,28426,42556,3027279,6975105,85112,13950210,"1bill-boot"
18,11,"petite","second",373319,413665,36796775,63203300,827330,126406600,28349,42585,3006106,6994353,85170,13988706,"1bill-boot"
18,12,"petite","second",373641,413555,36844439,63155721,827110,126311442,28280,42797,2992989,7009848,85594,14019696,"1bill-boot"
18,13,"petite","second",373081,413467,36827909,63172151,826934,126344302,28407,42566,3012776,6987633,85132,13975266,"1bill-boot"
18,14,"petite","second",373240,413366,36799121,63200935,826732,126401870,28661,42276,3041544,6959182,84552,13918364,"1bill-boot"
18,15,"petite","second",373582,413310,36821919,63178214,826620,126356428,28437,42382,3029065,6972886,84764,13945772,"1bill-boot"
18,16,"petite","second",373542,413932,36805949,63194081,827864,126388162,28582,42455,3045163,6956230,84910,13912460,"1bill-boot"
18,17,"petite","second",372819,414214,36742608,63257512,828428,126515024,28235,42713,2991876,7008202,85426,14016404,"1bill-boot"
18,18,"petite","second",374129,413044,36873162,63126965,826088,126253930,28679,42327,3040268,6963178,84654,13926356,"1bill-boot"
18,19,"petite","second",373969,413286,36876327,63123775,826572,126247550,28311,42564,3013279,6987187,85128,13974374,"1bill-boot"
18,20,"petite","second",373524,413403,36800922,63199199,826806,126398398,28103,42653,2970260,7030332,85306,14060664,"1bill-boot"
18,21,"petite","second",373681,413124,36816580,63183459,826248,126366918,28494,42342,3021064,6979343,84684,13958686,"1bill-boot"
18,22,"petite","second",372482,413859,36739183,63260942,827718,126521884,28272,42555,2992471,7007619,85110,14015238,"1bill-boot"
18,23,"petite","second",372879,413834,36756777,63243225,827668,126486450,28241,42611,3000647,7000914,85222,14001828,"1bill-boot"
18,24,"petite","second",373464,413741,36829132,63170886,827482,126341772,28463,42479,3027899,6973378,84958,13946756,"1bill-boot"
18,25,"petite","second",373860,413434,36819740,63180320,826868,126360640,28197,42618,2989109,7011678,85236,14023356,"1bill-boot"
18,26,"petite","second",373275,414178,36797150,63202966,828356,126405932,28476,42647,3014967,6985154,85294,13970308,"1bill-boot"
18,27,"petite","second",372956,413604,36787350,63212680,827208,126425360,28604,42454,3028447,6971662,84908,13943324,"1bill-boot"
18,28,"petite","second",373974,413504,36880696,63119328,827008,126238656,28570,42463,3017803,6983239,84926,13966478,"1bill-boot"
18,29,"petite","second",373627,413419,36847260,63152778,826838,126305556,28311,42628,3005189,6997096,85256,13994192,"1bill-boot"
18,30,"petite","second",374459,412744,36965378,63034711,825488,126069422,28375,42558,3023273,6977655,85116,13955310,"1bill-boot"
20,1,"petite","second",378366,415028,36900905,63099200,830056,126198400,28490,42839,2993129,7009074,85678,14018148,"1bill-boot"
20,2,"petite","second",378222,415664,36843013,63157095,831328,126314190,28586,42771,3010735,6990168,85542,13980336,"1bill-boot"
20,3,"petite","second",379199,414973,36891995,63108007,829946,126216014,28702,42657,3016185,6984301,85314,13968602,"1bill-boot"
20,4,"petite","second",377355,415884,36770803,63229321,831768,126458642,28356,42809,2982983,7018666,85618,14037332,"1bill-boot"
20,5,"petite","second",379850,414718,37010229,62989927,829436,125979854,28659,42770,3006708,6994089,85540,13988178,"1bill-boot"
20,6,"petite","second",379384,414300,36935933,63064146,828600,126128292,28877,42648,3014098,6987617,85296,13975234,"1bill-boot"
20,7,"petite","second",378756,414647,36902378,63097761,829294,126195522,28753,42568,3027713,6974122,85136,13948244,"1bill-boot"
20,8,"petite","second",378859,415170,36866620,63133426,830340,126266852,28625,42741,3001449,7000515,85482,14001030,"1bill-boot"
20,9,"petite","second",378558,415605,36852552,63147567,831210,126295134,28842,42602,3032431,6969344,85204,13938688,"1bill-boot"
20,10,"petite","second",378057,415805,36848687,63151450,831610,126302900,28817,42732,3023052,6978510,85464,13957020,"1bill-boot"
20,11,"petite","second",378856,415414,36901895,63098203,830828,126196406,28651,42819,2993262,7008298,85638,14016596,"1bill-boot"
20,12,"petite","second",379593,414809,36968346,63031662,829618,126063324,28845,42647,3024627,6976707,85294,13953414,"1bill-boot"
20,13,"petite","second",377569,415259,36801268,63198751,830518,126397502,28603,42679,2998126,7003106,85358,14006212,"1bill-boot"
20,14,"petite","second",378882,415117,36919997,63080057,830234,126160114,28952,42570,3030144,6971020,85140,13942040,"1bill-boot"
20,15,"petite","second",377230,415645,36743989,63256145,831290,126512290,28602,42618,3005901,6995292,85236,13990584,"1bill-boot"
20,16,"petite","second",378419,415721,36854136,63145866,831442,126291732,28564,42820,2992967,7009023,85640,14018046,"1bill-boot"
20,17,"petite","second",378097,415918,36809528,63190487,831836,126380974,29051,42534,3047130,6954635,85068,13909270,"1bill-boot"
20,18,"petite","second",379181,415209,36908450,63091595,830418,126183190,28816,42766,3009379,6991331,85532,13982662,"1bill-boot"
20,19,"petite","second",378303,415286,36796569,63203651,830572,126407302,28811,42546,3018128,6982895,85092,13965790,"1bill-boot"
20,20,"petite","second",377660,416180,36753409,63246661,832360,126493322,28587,42907,2991432,7011019,85814,14022038,"1bill-boot"
20,21,"petite","second",378420,415069,36853885,63146149,830138,126292298,28670,42762,3000697,7001090,85524,14002180,"1bill-boot"
20,22,"petite","second",378343,415189,36859566,63140613,830378,126281226,29038,42368,3054651,6945698,84736,13891396,"1bill-boot"
20,23,"petite","second",378597,415396,36886251,63113894,830792,126227788,29025,42469,3046503,6953546,84938,13907092,"1bill-boot"
20,24,"petite","second",378188,415405,36855863,63144158,830810,126288316,28600,42820,3005976,6996441,85640,13992882,"1bill-boot"
20,25,"petite","second",379073,414566,36912883,63087136,829132,126174272,28855,42490,3021412,6979602,84980,13959204,"1bill-boot"
20,26,"petite","second",378609,414820,36859987,63140100,829640,126280200,28803,42562,3014707,6987404,85124,13974808,"1bill-boot"
20,27,"petite","second",378997,414928,36949287,63050850,829856,126101700,29151,42746,3046551,6953712,85492,13907424,"1bill-boot"
20,28,"petite","second",378153,415296,36885829,63114352,830592,126228704,28607,42923,2997534,7002820,85846,14005640,"1bill-boot"
20,29,"petite","second",378549,414881,36902882,63097132,829762,126194264,28697,42646,3005006,6995394,85292,13990788,"1bill-boot"
20,30,"petite","second",379240,414593,36947926,63052086,829186,126104172,28646,42694,2996285,7004490,85388,14008980,"1bill-boot"
16,1,"petite","second",378702,411676,36902604,63097656,823352,126195312,28455,42289,3000470,7000155,84578,14000310,"1bill-boot"
16,2,"petite","second",378294,412380,36855286,63144740,824760,126289480,28687,42335,3013173,6988520,84670,13977040,"1bill-boot"
16,3,"petite","second",379152,411399,36961096,63039005,822798,126078010,28517,42582,2986279,7014829,85164,14029658,"1bill-boot"
16,4,"petite","second",379094,411651,36952474,63047733,823302,126095466,28886,42451,3026641,6974308,84902,13948616,"1bill-boot"
16,5,"petite","second",377743,412116,36782531,63217628,824232,126435256,28380,42484,2987159,7013409,84968,14026818,"1bill-boot"
16,6,"petite","second",378212,412276,36836320,63163694,824552,126327388,28575,42407,2995042,7005001,84814,14010002,"1bill-boot"
16,7,"petite","second",379083,411302,36962042,63038005,822604,126076010,28603,42199,3017836,6984540,84398,13969080,"1bill-boot"
16,8,"petite","second",379472,411487,36948520,63051603,822974,126103206,28528,42301,3009799,6991772,84602,13983544,"1bill-boot"
16,9,"petite","second",379458,411770,36961725,63038304,823540,126076608,28681,42268,3021139,6979550,84536,13959100,"1bill-boot"
16,10,"petite","second",379136,411966,36911912,63088143,823932,126176286,28785,42404,3013005,6987667,84808,13975334,"1bill-boot"
16,11,"petite","second",378840,412013,36913669,63086339,824026,126172678,28544,42424,2998472,7002471,84848,14004942,"1bill-boot"
16,12,"petite","second",378351,411806,36881784,63118277,823612,126236554,28555,42235,3014967,6985103,84470,13970206,"1bill-boot"
16,13,"petite","second",378953,412104,36922662,63077386,824208,126154772,28769,42264,3026761,6975018,84528,13950036,"1bill-boot"
16,14,"petite","second",378632,411190,36916449,63083616,822380,126167232,28297,42373,2983052,7017535,84746,14035070,"1bill-boot"
16,15,"petite","second",377995,411350,36856400,63143839,822700,126287678,28718,42307,3010805,6990066,84614,13980132,"1bill-boot"
16,16,"petite","second",378328,411654,36859193,63140916,823308,126281832,28416,42403,2976567,7023463,84806,14046926,"1bill-boot"
16,17,"petite","second",378934,412001,36961264,63038742,824002,126077484,28579,42347,3017294,6984454,84694,13968908,"1bill-boot"
16,18,"petite","second",379231,411818,36900781,63099377,823636,126198754,28486,42495,2981343,7019716,84990,14039432,"1bill-boot"
16,19,"petite","second",378798,411618,36892265,63107760,823236,126215520,28451,42384,2986681,7014020,84768,14028040,"1bill-boot"
16,20,"petite","second",378280,412168,36845782,63154245,824336,126308490,28455,42449,2990766,7010518,84898,14021036,"1bill-boot"
16,21,"petite","second",379494,411303,36962124,63037900,822606,126075800,28467,42312,3004627,6996344,84624,13992688,"1bill-boot"
16,22,"petite","second",378479,411736,36901012,63099205,823472,126198410,28673,42378,3017042,6983779,84756,13967558,"1bill-boot"
16,23,"petite","second",378343,411634,36871670,63128415,823268,126256830,28432,42519,2982370,7017807,85038,14035614,"1bill-boot"
16,24,"petite","second",379166,411424,36966892,63033296,822848,126066592,28565,42396,3021003,6980514,84792,13961028,"1bill-boot"
16,25,"petite","second",377101,412631,36738371,63261727,825262,126523454,28463,42310,3000355,7000878,84620,14001756,"1bill-boot"
16,26,"petite","second",378988,411833,36913442,63086623,823666,126173246,28424,42480,2984563,7017800,84960,14035600,"1bill-boot"
16,27,"petite","second",379106,411160,36979581,63020511,822320,126041022,28566,42295,3006122,6994963,84590,13989926,"1bill-boot"
16,28,"petite","second",378605,412108,36852333,63147683,824216,126295366,28683,42302,3001486,6999489,84604,13998978,"1bill-boot"
16,29,"petite","second",379213,411565,36986159,63013852,823130,126027704,28566,42409,3010880,6990966,84818,13981932,"1bill-boot"
16,30,"petite","second",379144,411273,36901401,63098645,822546,126197290,28664,42271,3012269,6989575,84542,13979150,"1bill-boot"
29,1,"petite","second",377109,415603,37023618,62976441,831206,125952882,28634,42623,3025359,6976653,85246,13953306,"1bill-boot"
29,2,"petite","second",378307,415676,37083406,62916758,831352,125833516,28635,42691,3016086,6984688,85382,13969376,"1bill-boot"
29,3,"petite","second",376575,416027,36909950,63090108,832054,126180216,28548,42646,3011024,6989166,85292,13978332,"1bill-boot"
29,4,"petite","second",377354,415844,37002532,62997561,831688,125995122,28682,42690,3021133,6980544,85380,13961088,"1bill-boot"
29,5,"petite","second",378093,415332,37063210,62936792,830664,125873584,28621,42700,3019639,6980547,85400,13961094,"1bill-boot"
29,6,"petite","second",377593,415756,37035279,62964840,831512,125929680,28725,42849,3020291,6981933,85698,13963866,"1bill-boot"
29,7,"petite","second",376957,415638,37026291,62973791,831276,125947582,28739,42697,3031921,6969493,85394,13938986,"1bill-boot"
29,8,"petite","second",377950,415592,37071655,62928402,831184,125856804,28734,42665,3027103,6975128,85330,13950256,"1bill-boot"
29,9,"petite","second",378121,415744,37128102,62871935,831488,125743870,29039,42680,3049983,6950718,85360,13901436,"1bill-boot"
29,10,"petite","second",377917,415143,37081352,62918689,830286,125837378,28491,42891,2999932,7000604,85782,14001208,"1bill-boot"
29,11,"petite","second",378228,415225,37093905,62906125,830450,125812250,28919,42641,3041177,6959138,85282,13918276,"1bill-boot"
29,12,"petite","second",377950,415411,37087407,62912668,830822,125825336,28736,42665,3031211,6969680,85330,13939360,"1bill-boot"
29,13,"petite","second",378532,415319,37166016,62833999,830638,125667998,28775,42653,3036026,6965350,85306,13930700,"1bill-boot"
29,14,"petite","second",377486,415643,37053461,62946597,831286,125893194,28827,42567,3037911,6963408,85134,13926816,"1bill-boot"
29,15,"petite","second",377820,415537,37068643,62931469,831074,125862938,28544,42695,3018367,6983399,85390,13966798,"1bill-boot"
29,16,"petite","second",377788,415572,37045734,62954272,831144,125908544,28801,42657,3032123,6968642,85314,13937284,"1bill-boot"
29,17,"petite","second",378439,415834,37115428,62884670,831668,125769340,28940,42621,3052357,6947786,85242,13895572,"1bill-boot"
29,18,"petite","second",378238,415427,37102914,62897091,830854,125794182,28955,42668,3042896,6957581,85336,13915162,"1bill-boot"
29,19,"petite","second",377715,415756,37015608,62984404,831512,125968808,28611,42640,3015716,6985282,85280,13970564,"1bill-boot"
29,20,"petite","second",377725,415780,37085621,62914401,831560,125828802,28752,42726,3032298,6969027,85452,13938054,"1bill-boot"
29,21,"petite","second",377810,415987,37032215,62967922,831974,125935844,28486,42848,2993368,7007470,85696,14014940,"1bill-boot"
29,22,"petite","second",377340,415637,37071488,62928586,831274,125857172,28843,42509,3043925,6957913,85018,13915826,"1bill-boot"
29,23,"petite","second",377426,416237,37029924,62970177,832474,125940354,28695,42820,3025302,6976189,85640,13952378,"1bill-boot"
29,24,"petite","second",377683,415532,37078381,62921625,831064,125843250,28973,42552,3061325,6940666,85104,13881332,"1bill-boot"
29,25,"petite","second",377927,415427,37054845,62945222,830854,125890444,28927,42530,3055778,6944949,85060,13889898,"1bill-boot"
29,26,"petite","second",378887,415226,37149461,62850576,830452,125701152,28906,42680,3032874,6967677,85360,13935354,"1bill-boot"
29,27,"petite","second",377217,415767,37015670,62984412,831534,125968824,28588,42604,3021781,6978763,85208,13957526,"1bill-boot"
29,28,"petite","second",376782,416077,36988247,63011820,832154,126023640,28632,42817,3014481,6986223,85634,13972446,"1bill-boot"
29,29,"petite","second",377453,415392,37054898,62945123,830784,125890246,28761,42584,3034904,6966360,85168,13932720,"1bill-boot"
29,30,"petite","second",378105,414893,37107276,62892764,829786,125785528,28979,42310,3064939,6935939,84620,13871878,"1bill-boot"
11,1,"petite","second",376500,412712,37079966,62920085,825424,125840170,28452,42593,3006569,6993669,85186,13987338,"1bill-boot"
11,2,"petite","second",377466,412547,37146001,62854017,825094,125708034,28909,42445,3055311,6944891,84890,13889782,"1bill-boot"
11,3,"petite","second",378563,412094,37208550,62791490,824188,125582980,28592,42440,3030239,6971530,84880,13943060,"1bill-boot"
11,4,"petite","second",378816,412146,37205919,62794145,824292,125588290,28758,42505,3045312,6955265,85010,13910530,"1bill-boot"
11,5,"petite","second",377861,412118,37193075,62807060,824236,125614120,28840,42359,3062650,6937419,84718,13874838,"1bill-boot"
11,6,"petite","second",377207,412484,37097338,62902838,824968,125805676,28642,42518,3039128,6963108,85036,13926216,"1bill-boot"
11,7,"petite","second",377944,412081,37168978,62831100,824162,125662200,28831,42370,3056812,6944797,84740,13889594,"1bill-boot"
11,8,"petite","second",378364,412005,37206492,62793630,824010,125587260,28724,42408,3049386,6950614,84816,13901228,"1bill-boot"
11,9,"petite","second",378425,412572,37175710,62824300,825144,125648600,28703,42662,3026228,6975009,85324,13950018,"1bill-boot"
11,10,"petite","second",377480,412582,37127996,62872100,825164,125744200,28559,42630,3019319,6981864,85260,13963728,"1bill-boot"
11,11,"petite","second",378178,412094,37167506,62832569,824188,125665138,28704,42451,3044562,6956059,84902,13912118,"1bill-boot"
11,12,"petite","second",377840,411894,37208648,62791396,823788,125582792,28783,42420,3040388,6960664,84840,13921328,"1bill-boot"
11,13,"petite","second",377207,412776,37131364,62868865,825552,125737730,28944,42553,3057608,6943398,85106,13886796,"1bill-boot"
11,14,"petite","second",378284,412011,37216676,62783462,824022,125566924,28731,42369,3053825,6947038,84738,13894076,"1bill-boot"
11,15,"petite","second",377670,412726,37120924,62879158,825452,125758316,28689,42611,3038412,6963132,85222,13926264,"1bill-boot"
11,16,"petite","second",378480,412034,37205529,62794574,824068,125589148,29014,42379,3070247,6931709,84758,13863418,"1bill-boot"
11,17,"petite","second",378829,411731,37261774,62738295,823462,125476590,29065,42320,3078669,6923266,84640,13846532,"1bill-boot"
11,18,"petite","second",378027,412690,37149141,62850953,825380,125701906,28812,42546,3052772,6948722,85092,13897444,"1bill-boot"
11,19,"petite","second",377958,413022,37114800,62885326,826044,125770652,29020,42424,3066824,6933190,84848,13866380,"1bill-boot"
11,20,"petite","second",378479,412639,37199919,62800196,825278,125600392,28908,42501,3052881,6947187,85002,13894374,"1bill-boot"
11,21,"petite","second",378655,411983,37246292,62753740,823966,125507480,28845,42428,3050773,6949230,84856,13898460,"1bill-boot"
11,22,"petite","second",377623,412257,37168189,62831853,824514,125663706,28752,42524,3041485,6959194,85048,13918388,"1bill-boot"
11,23,"petite","second",377731,412472,37140335,62859772,824944,125719544,28957,42462,3058079,6943472,84924,13886944,"1bill-boot"
11,24,"petite","second",378849,412057,37245909,62754122,824114,125508244,28900,42332,3069547,6932540,84664,13865080,"1bill-boot"
11,25,"petite","second",378433,411841,37209638,62790496,823682,125580992,28749,42383,3041568,6958938,84766,13917876,"1bill-boot"
11,26,"petite","second",378119,412664,37138635,62861451,825328,125722902,29057,42451,3074072,6927797,84902,13855594,"1bill-boot"
11,27,"petite","second",377224,412833,37078080,62921995,825666,125843990,28966,42591,3056228,6945103,85182,13890206,"1bill-boot"
11,28,"petite","second",378003,412320,37175471,62824576,824640,125649152,28714,42625,3029773,6970488,85250,13940976,"1bill-boot"
11,29,"petite","second",379088,411286,37284354,62715826,822572,125431652,28974,42305,3066972,6933736,84610,13867472,"1bill-boot"
11,30,"petite","second",378675,412016,37189944,62810073,824032,125620146,28781,42612,3027742,6974141,85224,13948282,"1bill-boot"
