"sim_number","bootstrap_num","strain1","strain2","clusters_pop1_b","clusters_pop2_b","cells_pop1_b","cells_pop2_b","total_clusters_b","total_cells_b","clusters_pop1_a","clusters_pop2_a","cells_pop1_a","cells_pop2_a","total_clusters_a","total_cells_a","carr_cap"
37,1,"petite","second",3779,4164,368689,631357,8328,1262714,14,384,2476,97832,768,195664,"10mill-boot"
37,2,"petite","second",3791,4171,369186,630821,8342,1261642,12,394,2335,97727,788,195454,"10mill-boot"
37,3,"petite","second",3797,4139,371662,628533,8278,1257066,15,390,2596,97492,780,194984,"10mill-boot"
37,4,"petite","second",3590,4236,351733,648345,8472,1296690,8,385,1497,98619,770,197238,"10mill-boot"
37,5,"petite","second",3678,4204,357139,642933,8408,1285866,17,375,3190,96835,750,193670,"10mill-boot"
37,6,"petite","second",3745,4155,365813,634237,8310,1268474,15,394,2849,97590,788,195180,"10mill-boot"
37,7,"petite","second",3703,4158,363355,636712,8316,1273424,13,383,2522,97998,766,195996,"10mill-boot"
37,8,"petite","second",3718,4165,365021,635100,8330,1270200,16,375,2800,97237,750,194474,"10mill-boot"
37,9,"petite","second",3794,4167,374583,625537,8334,1251074,12,386,2125,98151,772,196302,"10mill-boot"
37,10,"petite","second",3706,4147,362612,637409,8294,1274818,8,380,1484,98884,760,197768,"10mill-boot"
37,11,"petite","second",3826,4088,375272,624793,8176,1249586,15,391,2578,97447,782,194894,"10mill-boot"
37,12,"petite","second",3764,4141,368957,631095,8282,1262190,13,386,2292,97976,772,195952,"10mill-boot"
37,13,"petite","second",3674,4202,361163,638900,8404,1277800,11,386,2052,98141,772,196282,"10mill-boot"
37,14,"petite","second",3716,4221,360955,639092,8442,1278184,19,386,3310,97178,772,194356,"10mill-boot"
37,15,"petite","second",3670,4143,363936,636117,8286,1272234,10,386,1798,98346,772,196692,"10mill-boot"
37,16,"petite","second",3690,4175,362455,637636,8350,1275272,9,389,1571,98573,778,197146,"10mill-boot"
37,17,"petite","second",3649,4173,356044,644006,8346,1288012,10,379,1919,98094,758,196188,"10mill-boot"
37,18,"petite","second",3759,4180,367407,632604,8360,1265208,9,384,1594,98500,768,197000,"10mill-boot"
37,19,"petite","second",3755,4128,366880,633214,8256,1266428,13,388,2542,97691,776,195382,"10mill-boot"
37,20,"petite","second",3728,4133,362091,637947,8266,1275894,6,376,1019,99124,752,198248,"10mill-boot"
37,21,"petite","second",3744,4140,369930,630111,8280,1260222,12,381,2083,98070,762,196140,"10mill-boot"
37,22,"petite","second",3669,4212,361266,638806,8424,1277612,14,391,2446,98019,782,196038,"10mill-boot"
37,23,"petite","second",3775,4115,369410,630623,8230,1261246,13,376,2360,97691,752,195382,"10mill-boot"
37,24,"petite","second",3722,4193,365017,635085,8386,1270170,21,375,3920,96235,750,192470,"10mill-boot"
37,25,"petite","second",3749,4125,366386,633622,8250,1267244,11,381,1962,98173,762,196346,"10mill-boot"
37,26,"petite","second",3659,4216,352205,647997,8432,1295994,6,384,1019,99525,768,199050,"10mill-boot"
37,27,"petite","second",3665,4232,357800,642222,8464,1284444,13,393,2247,97809,786,195618,"10mill-boot"
37,28,"petite","second",3664,4182,359659,640380,8364,1280760,20,373,3641,96575,746,193150,"10mill-boot"
37,29,"petite","second",3671,4179,359296,640949,8358,1281898,11,386,1865,98176,772,196352,"10mill-boot"
37,30,"petite","second",3787,4099,370878,629211,8198,1258422,9,389,1736,98448,778,196896,"10mill-boot"
30,1,"petite","second",3822,4152,372255,627821,8304,1255642,13,374,2792,97250,748,194500,"10mill-boot"
30,2,"petite","second",3783,4190,363867,636145,8380,1272290,17,378,3625,96517,756,193034,"10mill-boot"
30,3,"petite","second",3780,4149,368789,631274,8298,1262548,19,386,3965,96154,772,192308,"10mill-boot"
30,4,"petite","second",3681,4154,363666,636392,8308,1272784,13,382,3068,96969,764,193938,"10mill-boot"
30,5,"petite","second",3867,4152,373818,626232,8304,1252464,16,388,3004,97112,776,194224,"10mill-boot"
30,6,"petite","second",3754,4104,367252,632959,8208,1265918,7,373,1608,98399,746,196798,"10mill-boot"
30,7,"petite","second",3731,4166,365262,634854,8332,1269708,17,378,3465,96701,756,193402,"10mill-boot"
30,8,"petite","second",3742,4215,361608,638421,8430,1276842,16,382,3355,96759,764,193518,"10mill-boot"
30,9,"petite","second",3838,4125,371756,628256,8250,1256512,12,377,2716,97411,754,194822,"10mill-boot"
30,10,"petite","second",3676,4193,362509,637539,8386,1275078,16,382,3293,97085,764,194170,"10mill-boot"
30,11,"petite","second",3787,4166,371415,628603,8332,1257206,19,378,4123,96218,756,192436,"10mill-boot"
30,12,"petite","second",3745,4152,367286,632746,8304,1265492,9,382,2135,97962,764,195924,"10mill-boot"
30,13,"petite","second",3780,4150,368963,631066,8300,1262132,14,387,2735,97324,774,194648,"10mill-boot"
30,14,"petite","second",3763,4175,365389,634700,8350,1269400,13,380,2414,97632,760,195264,"10mill-boot"
30,15,"petite","second",3772,4185,363117,637027,8370,1274054,19,384,3953,96120,768,192240,"10mill-boot"
30,16,"petite","second",3759,4153,366542,633700,8306,1267400,12,385,2528,97853,770,195706,"10mill-boot"
30,17,"petite","second",3808,4205,366873,633202,8410,1266404,10,398,2189,97882,796,195764,"10mill-boot"
30,18,"petite","second",3718,4195,364948,635268,8390,1270536,13,377,2780,97610,754,195220,"10mill-boot"
30,19,"petite","second",3742,4173,363017,636996,8346,1273992,16,391,3559,96685,782,193370,"10mill-boot"
30,20,"petite","second",3801,4167,368552,631458,8334,1262916,17,399,3449,96740,798,193480,"10mill-boot"
30,21,"petite","second",3814,4196,370229,629804,8392,1259608,8,405,1395,98694,810,197388,"10mill-boot"
30,22,"petite","second",3839,4192,376058,624040,8384,1248080,19,397,4189,95924,794,191848,"10mill-boot"
30,23,"petite","second",3700,4161,361955,638045,8322,1276090,13,382,2649,97425,764,194850,"10mill-boot"
30,24,"petite","second",3771,4152,371084,628942,8304,1257884,19,392,4330,96321,784,192642,"10mill-boot"
30,25,"petite","second",3754,4158,370068,630002,8316,1260004,21,376,4389,96008,752,192016,"10mill-boot"
30,26,"petite","second",3770,4186,365745,634382,8372,1268764,16,396,3266,96904,792,193808,"10mill-boot"
30,27,"petite","second",3747,4176,366925,633159,8352,1266318,14,384,2760,97559,768,195118,"10mill-boot"
30,28,"petite","second",3811,4073,377363,622704,8146,1245408,17,390,3391,96726,780,193452,"10mill-boot"
30,29,"petite","second",3739,4167,364533,635485,8334,1270970,18,380,3652,96967,760,193934,"10mill-boot"
30,30,"petite","second",3733,4170,366971,633040,8340,1266080,16,395,3037,97130,790,194260,"10mill-boot"
39,1,"petite","second",3869,4116,375049,624955,8232,1249910,15,386,2594,97577,772,195154,"10mill-boot"
39,2,"petite","second",3824,4120,369131,631051,8240,1262102,13,402,3209,97429,804,194858,"10mill-boot"
39,3,"petite","second",3869,4071,378277,621845,8142,1243690,15,399,2842,97353,798,194706,"10mill-boot"
39,4,"petite","second",3879,4084,374437,625745,8168,1251490,16,389,3577,96506,778,193012,"10mill-boot"
39,5,"petite","second",3652,4160,354002,646055,8320,1292110,10,384,2080,97962,768,195924,"10mill-boot"
39,6,"petite","second",3858,4126,369239,630951,8252,1261902,8,397,1640,98547,794,197094,"10mill-boot"
39,7,"petite","second",3820,4177,370071,629970,8354,1259940,10,412,1856,98790,824,197580,"10mill-boot"
39,8,"petite","second",3723,4159,360345,639784,8318,1279568,12,390,2260,98096,780,196192,"10mill-boot"
39,9,"petite","second",3859,4111,372175,627946,8222,1255892,11,403,2326,97815,806,195630,"10mill-boot"
39,10,"petite","second",3658,4204,354877,645194,8408,1290388,10,402,1977,98162,804,196324,"10mill-boot"
39,11,"petite","second",3828,4051,374825,625176,8102,1250352,9,392,1883,98279,784,196558,"10mill-boot"
39,12,"petite","second",3751,4111,367044,633078,8222,1266156,13,400,2699,97418,800,194836,"10mill-boot"
39,13,"petite","second",3797,4104,371450,628586,8208,1257172,12,396,2239,98063,792,196126,"10mill-boot"
39,14,"petite","second",3742,4180,364028,636052,8360,1272104,13,386,2537,97594,772,195188,"10mill-boot"
39,15,"petite","second",3827,4038,376530,623528,8076,1247056,11,393,2345,97889,786,195778,"10mill-boot"
39,16,"petite","second",3882,4140,374952,625058,8280,1250116,14,394,2871,97453,788,194906,"10mill-boot"
39,17,"petite","second",3700,4151,362396,637630,8302,1275260,10,403,2185,99240,806,198480,"10mill-boot"
39,18,"petite","second",3790,4114,366508,633538,8228,1267076,13,389,2738,97293,778,194586,"10mill-boot"
39,19,"petite","second",3763,4189,361681,638363,8378,1276726,13,398,2371,97772,796,195544,"10mill-boot"
39,20,"petite","second",3811,4120,368149,631863,8240,1263726,16,398,2890,97605,796,195210,"10mill-boot"
39,21,"petite","second",3782,4139,365732,634360,8278,1268720,14,387,2559,97544,774,195088,"10mill-boot"
39,22,"petite","second",3809,4137,369140,630973,8274,1261946,12,400,2586,97434,800,194868,"10mill-boot"
39,23,"petite","second",3763,4117,373142,626938,8234,1253876,12,401,2191,98047,802,196094,"10mill-boot"
39,24,"petite","second",3770,4107,369184,630823,8214,1261646,13,393,2609,97619,786,195238,"10mill-boot"
39,25,"petite","second",3805,4094,369554,630516,8188,1261032,19,396,3606,96511,792,193022,"10mill-boot"
39,26,"petite","second",3816,4132,370983,629104,8264,1258208,14,395,2307,97941,790,195882,"10mill-boot"
39,27,"petite","second",3836,4042,373405,626668,8084,1253336,9,391,1662,98614,782,197228,"10mill-boot"
39,28,"petite","second",3787,4104,372297,627893,8208,1255786,16,389,3362,96681,778,193362,"10mill-boot"
39,29,"petite","second",3787,4125,369832,630173,8250,1260346,13,385,2380,97776,770,195552,"10mill-boot"
39,30,"petite","second",3831,4059,376127,623935,8118,1247870,16,384,3246,96951,768,193902,"10mill-boot"
4,1,"petite","second",3853,4151,369510,630592,8302,1261184,10,387,1740,98459,774,196918,"10mill-boot"
4,2,"petite","second",3822,4095,372816,627243,8190,1254486,6,383,935,99134,766,198268,"10mill-boot"
4,3,"petite","second",3730,4227,361321,638701,8454,1277402,8,380,1486,98592,760,197184,"10mill-boot"
4,4,"petite","second",3860,4117,374323,625731,8234,1251462,6,390,1212,98995,780,197990,"10mill-boot"
4,5,"petite","second",3871,4163,373726,626386,8326,1252772,8,380,1473,98733,760,197466,"10mill-boot"
4,6,"petite","second",3705,4208,362478,637604,8416,1275208,5,381,897,99151,762,198302,"10mill-boot"
4,7,"petite","second",3801,4179,364085,635989,8358,1271978,7,389,1236,98830,778,197660,"10mill-boot"
4,8,"petite","second",3807,4164,371836,628229,8328,1256458,6,394,1119,99008,788,198016,"10mill-boot"
4,9,"petite","second",3806,4120,368501,631617,8240,1263234,4,385,856,99170,770,198340,"10mill-boot"
4,10,"petite","second",3844,4134,372487,627552,8268,1255104,6,389,1241,99230,778,198460,"10mill-boot"
4,11,"petite","second",3786,4115,370517,629535,8230,1259070,4,382,951,100099,764,200198,"10mill-boot"
4,12,"petite","second",3855,4100,378760,621400,8200,1242800,7,396,1428,98688,792,197376,"10mill-boot"
4,13,"petite","second",3750,4125,366711,633307,8250,1266614,7,374,1483,98750,748,197500,"10mill-boot"
4,14,"petite","second",3726,4236,361206,638839,8472,1277678,4,384,676,99610,768,199220,"10mill-boot"
4,15,"petite","second",3773,4257,361422,638744,8514,1277488,7,386,1352,98852,772,197704,"10mill-boot"
4,16,"petite","second",3772,4174,365645,634428,8348,1268856,10,379,2087,97943,758,195886,"10mill-boot"
4,17,"petite","second",3772,4169,368817,631316,8338,1262632,4,386,845,99210,772,198420,"10mill-boot"
4,18,"petite","second",3741,4165,358643,641450,8330,1282900,3,374,491,99651,748,199302,"10mill-boot"
4,19,"petite","second",3812,4148,370209,629824,8296,1259648,3,373,511,99970,746,199940,"10mill-boot"
4,20,"petite","second",3739,4227,361240,638783,8454,1277566,4,383,845,99218,766,198436,"10mill-boot"
4,21,"petite","second",3839,4149,370082,630115,8298,1260230,6,394,1140,99149,788,198298,"10mill-boot"
4,22,"petite","second",3752,4175,365527,634494,8350,1268988,5,387,913,99961,774,199922,"10mill-boot"
4,23,"petite","second",3757,4182,368923,631243,8364,1262486,5,392,1133,99139,784,198278,"10mill-boot"
4,24,"petite","second",3862,4086,378387,621700,8172,1243400,2,378,367,99899,756,199798,"10mill-boot"
4,25,"petite","second",3753,4173,367217,632851,8346,1265702,2,397,376,99629,794,199258,"10mill-boot"
4,26,"petite","second",3838,4128,374483,625568,8256,1251136,5,383,842,99932,766,199864,"10mill-boot"
4,27,"petite","second",3755,4145,366222,633832,8290,1267664,3,387,502,99671,774,199342,"10mill-boot"
4,28,"petite","second",3711,4197,363832,636196,8394,1272392,4,385,877,99311,770,198622,"10mill-boot"
4,29,"petite","second",3794,4159,367553,632476,8318,1264952,4,384,764,99385,768,198770,"10mill-boot"
4,30,"petite","second",3820,4134,368823,631520,8268,1263040,7,381,1473,98752,762,197504,"10mill-boot"
3,1,"petite","second",3685,4188,360055,639954,8376,1279908,13,396,2328,97738,792,195476,"10mill-boot"
3,2,"petite","second",3756,4214,364882,635198,8428,1270396,7,412,1211,99396,824,198792,"10mill-boot"
3,3,"petite","second",3596,4238,353102,647055,8476,1294110,14,380,2717,97602,760,195204,"10mill-boot"
3,4,"petite","second",3695,4177,362196,637835,8354,1275670,10,392,2133,98061,784,196122,"10mill-boot"
3,5,"petite","second",3622,4256,354713,645346,8512,1290692,14,393,2523,97587,786,195174,"10mill-boot"
3,6,"petite","second",3732,4173,367522,632623,8346,1265246,13,392,2328,98167,784,196334,"10mill-boot"
3,7,"petite","second",3664,4237,358446,641633,8474,1283266,14,401,2677,98243,802,196486,"10mill-boot"
3,8,"petite","second",3605,4328,356345,643664,8656,1287328,11,402,1919,98631,804,197262,"10mill-boot"
3,9,"petite","second",3698,4193,363257,636924,8386,1273848,12,390,2264,97813,780,195626,"10mill-boot"
3,10,"petite","second",3810,4117,375576,624465,8234,1248930,17,378,3440,96706,756,193412,"10mill-boot"
3,11,"petite","second",3603,4238,359376,640633,8476,1281266,17,395,2967,97147,790,194294,"10mill-boot"
3,12,"petite","second",3697,4236,363159,636845,8472,1273690,14,390,2645,97539,780,195078,"10mill-boot"
3,13,"petite","second",3612,4178,358793,641260,8356,1282520,14,388,2916,97256,776,194512,"10mill-boot"
3,14,"petite","second",3751,4207,364997,635040,8414,1270080,10,390,1904,98096,780,196192,"10mill-boot"
3,15,"petite","second",3704,4133,369370,630759,8266,1261518,13,394,2664,97502,788,195004,"10mill-boot"
3,16,"petite","second",3644,4211,356626,643432,8422,1286864,11,390,1937,98160,780,196320,"10mill-boot"
3,17,"petite","second",3686,4195,363504,636700,8390,1273400,10,388,1708,98572,776,197144,"10mill-boot"
3,18,"petite","second",3662,4222,358850,641202,8444,1282404,9,387,1895,98392,774,196784,"10mill-boot"
3,19,"petite","second",3627,4218,353522,646497,8436,1292994,10,399,1909,98424,798,196848,"10mill-boot"
3,20,"petite","second",3670,4246,357989,642032,8492,1284064,14,393,2625,98087,786,196174,"10mill-boot"
3,21,"petite","second",3671,4199,361937,638168,8398,1276336,17,396,3538,97129,792,194258,"10mill-boot"
3,22,"petite","second",3639,4227,360093,640054,8454,1280108,11,398,2179,98176,796,196352,"10mill-boot"
3,23,"petite","second",3780,4157,370876,629281,8314,1258562,16,392,2827,97380,784,194760,"10mill-boot"
3,24,"petite","second",3636,4276,354784,645318,8552,1290636,12,408,2396,97983,816,195966,"10mill-boot"
3,25,"petite","second",3771,4164,368930,631181,8328,1262362,12,382,2128,98082,764,196164,"10mill-boot"
3,26,"petite","second",3614,4248,350276,649759,8496,1299518,7,397,1336,98764,794,197528,"10mill-boot"
3,27,"petite","second",3696,4194,368006,632124,8388,1264248,14,409,2824,97200,818,194400,"10mill-boot"
3,28,"petite","second",3664,4210,361173,638983,8420,1277966,8,396,1560,98667,792,197334,"10mill-boot"
3,29,"petite","second",3651,4235,358730,641330,8470,1282660,13,387,2707,97504,774,195008,"10mill-boot"
3,30,"petite","second",3708,4142,366729,633375,8284,1266750,5,395,1026,98995,790,197990,"10mill-boot"
2,1,"petite","second",3718,4069,367074,633015,8138,1266030,16,389,3513,97032,778,194064,"10mill-boot"
2,2,"petite","second",3835,4058,378535,621656,8116,1243312,9,397,1959,98053,794,196106,"10mill-boot"
2,3,"petite","second",3738,4099,365032,635027,8198,1270054,17,381,3680,96822,762,193644,"10mill-boot"
2,4,"petite","second",3702,4101,365184,634972,8202,1269944,8,387,2002,98125,774,196250,"10mill-boot"
2,5,"petite","second",3738,4171,364728,635432,8342,1270864,8,399,1535,98526,798,197052,"10mill-boot"
2,6,"petite","second",3749,4151,369811,630201,8302,1260402,15,392,3354,97039,784,194078,"10mill-boot"
2,7,"petite","second",3699,4142,361735,638332,8284,1276664,11,388,2322,97802,776,195604,"10mill-boot"
2,8,"petite","second",3753,4101,367478,632596,8202,1265192,7,396,1459,98705,792,197410,"10mill-boot"
2,9,"petite","second",3656,4208,355885,644176,8416,1288352,9,402,1683,98695,804,197390,"10mill-boot"
2,10,"petite","second",3767,4130,369149,630858,8260,1261716,10,394,2076,98195,788,196390,"10mill-boot"
2,11,"petite","second",3753,4142,367904,632206,8284,1264412,9,394,2062,98193,788,196386,"10mill-boot"
2,12,"petite","second",3749,4144,369074,630971,8288,1261942,10,392,2113,97996,784,195992,"10mill-boot"
2,13,"petite","second",3691,4231,358624,641423,8462,1282846,15,398,3313,97162,796,194324,"10mill-boot"
2,14,"petite","second",3685,4101,360594,639510,8202,1279020,11,392,2318,97862,784,195724,"10mill-boot"
2,15,"petite","second",3684,4154,361157,638978,8308,1277956,8,388,1545,99204,776,198408,"10mill-boot"
2,16,"petite","second",3735,4150,365126,634981,8300,1269962,13,400,2785,97492,800,194984,"10mill-boot"
2,17,"petite","second",3659,4175,355567,644464,8350,1288928,10,389,2002,98160,778,196320,"10mill-boot"
2,18,"petite","second",3804,4088,370144,629882,8176,1259764,13,388,2749,97907,776,195814,"10mill-boot"
2,19,"petite","second",3726,4096,366886,633144,8192,1266288,9,396,1949,98624,792,197248,"10mill-boot"
2,20,"petite","second",3680,4154,362414,637648,8308,1275296,10,398,2135,97980,796,195960,"10mill-boot"
2,21,"petite","second",3736,4152,367639,632467,8304,1264934,10,378,2218,97975,756,195950,"10mill-boot"
2,22,"petite","second",3755,4129,367962,632084,8258,1264168,9,400,2104,98297,800,196594,"10mill-boot"
2,23,"petite","second",3779,4120,370578,629510,8240,1259020,11,404,2772,97462,808,194924,"10mill-boot"
2,24,"petite","second",3747,4140,365611,634394,8280,1268788,6,396,1098,98920,792,197840,"10mill-boot"
2,25,"petite","second",3760,4119,368991,631038,8238,1262076,9,391,1826,98552,782,197104,"10mill-boot"
2,26,"petite","second",3754,4111,367199,632803,8222,1265606,10,392,2325,97697,784,195394,"10mill-boot"
2,27,"petite","second",3730,4109,371245,628791,8218,1257582,7,393,1509,98564,786,197128,"10mill-boot"
2,28,"petite","second",3752,4096,367736,632501,8192,1265002,6,402,1271,99367,804,198734,"10mill-boot"
2,29,"petite","second",3758,4126,368758,631340,8252,1262680,11,393,2620,97545,786,195090,"10mill-boot"
2,30,"petite","second",3713,4141,361544,638669,8282,1277338,10,404,1713,98528,808,197056,"10mill-boot"
38,1,"petite","second",3765,4143,370047,629999,8286,1259998,7,415,1167,99188,830,198376,"10mill-boot"
38,2,"petite","second",3874,4082,380077,619946,8164,1239892,9,403,1447,98646,806,197292,"10mill-boot"
38,3,"petite","second",3731,4139,368079,632009,8278,1264018,7,403,1263,98834,806,197668,"10mill-boot"
38,4,"petite","second",3726,4154,367734,632363,8308,1264726,14,407,2255,98054,814,196108,"10mill-boot"
38,5,"petite","second",3827,4104,373171,626946,8208,1253892,8,400,1367,98658,800,197316,"10mill-boot"
38,6,"petite","second",3794,4074,375392,624698,8148,1249396,7,405,1189,99307,810,198614,"10mill-boot"
38,7,"petite","second",3733,4160,365109,635025,8320,1270050,11,398,1914,98389,796,196778,"10mill-boot"
38,8,"petite","second",3684,4189,364066,636004,8378,1272008,12,391,2029,98190,782,196380,"10mill-boot"
38,9,"petite","second",3803,4124,370498,629597,8248,1259194,7,408,1061,99022,816,198044,"10mill-boot"
38,10,"petite","second",3760,4134,371774,628279,8268,1256558,16,392,2789,97415,784,194830,"10mill-boot"
38,11,"petite","second",3759,4131,368449,631595,8262,1263190,10,401,1834,98407,802,196814,"10mill-boot"
38,12,"petite","second",3797,4126,373952,626090,8252,1252180,10,406,1658,98392,812,196784,"10mill-boot"
38,13,"petite","second",3736,4136,364773,635423,8272,1270846,11,399,1845,99311,798,198622,"10mill-boot"
38,14,"petite","second",3769,4118,372482,627523,8236,1255046,8,403,1386,98866,806,197732,"10mill-boot"
38,15,"petite","second",3782,4112,375610,624491,8224,1248982,10,407,1769,98335,814,196670,"10mill-boot"
38,16,"petite","second",3811,4132,376672,623398,8264,1246796,13,409,2528,97607,818,195214,"10mill-boot"
38,17,"petite","second",3736,4183,368812,631245,8366,1262490,4,409,686,99410,818,198820,"10mill-boot"
38,18,"petite","second",3692,4077,366913,633291,8154,1266582,5,400,845,99682,800,199364,"10mill-boot"
38,19,"petite","second",3791,4145,370983,629111,8290,1258222,12,400,2029,97988,800,195976,"10mill-boot"
38,20,"petite","second",3756,4138,371224,628911,8276,1257822,9,394,1493,98576,788,197152,"10mill-boot"
38,21,"petite","second",3802,4102,375683,624358,8204,1248716,13,399,2173,98189,798,196378,"10mill-boot"
38,22,"petite","second",3786,4118,371582,628502,8236,1257004,10,415,1687,98538,830,197076,"10mill-boot"
38,23,"petite","second",3772,4161,370149,629899,8322,1259798,10,407,1579,98756,814,197512,"10mill-boot"
38,24,"petite","second",3764,4102,372219,627816,8204,1255632,11,403,1779,98547,806,197094,"10mill-boot"
38,25,"petite","second",3632,4136,360628,639493,8272,1278986,10,397,1640,98692,794,197384,"10mill-boot"
38,26,"petite","second",3732,4153,368360,631704,8306,1263408,11,408,1858,98331,816,196662,"10mill-boot"
38,27,"petite","second",3797,4093,374327,625687,8186,1251374,11,403,1966,98047,806,196094,"10mill-boot"
38,28,"petite","second",3737,4150,369476,630569,8300,1261138,13,405,2106,98059,810,196118,"10mill-boot"
38,29,"petite","second",3717,4141,369921,630166,8282,1260332,5,416,829,99572,832,199144,"10mill-boot"
38,30,"petite","second",3720,4126,369454,630660,8252,1261320,9,408,1494,98617,816,197234,"10mill-boot"
5,1,"petite","second",3671,4147,365058,635035,8294,1270070,14,390,3000,97056,780,194112,"10mill-boot"
5,2,"petite","second",3708,4139,366523,633645,8278,1267290,18,390,3747,96410,780,192820,"10mill-boot"
5,3,"petite","second",3673,4131,361978,638088,8262,1276176,15,398,3386,96691,796,193382,"10mill-boot"
5,4,"petite","second",3610,4196,356904,643155,8392,1286310,12,388,2696,97690,776,195380,"10mill-boot"
5,5,"petite","second",3644,4181,360980,639094,8362,1278188,20,386,4681,95340,772,190680,"10mill-boot"
5,6,"petite","second",3699,4155,363519,636545,8310,1273090,14,401,3225,97177,802,194354,"10mill-boot"
5,7,"petite","second",3659,4127,364938,635137,8254,1270274,23,373,5425,94942,746,189884,"10mill-boot"
5,8,"petite","second",3657,4139,366628,633499,8278,1266998,17,389,3991,96192,778,192384,"10mill-boot"
5,9,"petite","second",3647,4180,359885,640158,8360,1280316,15,387,3829,96340,774,192680,"10mill-boot"
5,10,"petite","second",3531,4204,346542,653494,8408,1306988,13,374,3265,96788,748,193576,"10mill-boot"
5,11,"petite","second",3730,4157,368196,631830,8314,1263660,21,399,4529,95780,798,191560,"10mill-boot"
5,12,"petite","second",3583,4201,351548,648487,8402,1296974,11,397,2365,98054,794,196108,"10mill-boot"
5,13,"petite","second",3606,4178,358617,641455,8356,1282910,16,395,3022,97126,790,194252,"10mill-boot"
5,14,"petite","second",3661,4165,361216,639002,8330,1278004,20,391,3883,96229,782,192458,"10mill-boot"
5,15,"petite","second",3622,4117,362925,637110,8234,1274220,15,377,3871,96420,754,192840,"10mill-boot"
5,16,"petite","second",3637,4172,358185,641854,8344,1283708,13,390,2978,97757,780,195514,"10mill-boot"
5,17,"petite","second",3602,4166,360700,639355,8332,1278710,15,387,3417,96731,774,193462,"10mill-boot"
5,18,"petite","second",3652,4145,359930,640125,8290,1280250,18,389,3922,96239,778,192478,"10mill-boot"
5,19,"petite","second",3633,4197,357734,642338,8394,1284676,14,395,3020,97199,790,194398,"10mill-boot"
5,20,"petite","second",3610,4172,360101,639910,8344,1279820,15,385,3364,96636,770,193272,"10mill-boot"
5,21,"petite","second",3684,4079,367120,633055,8158,1266110,7,392,1679,98617,784,197234,"10mill-boot"
5,22,"petite","second",3567,4212,353420,646618,8424,1293236,17,379,3716,96285,758,192570,"10mill-boot"
5,23,"petite","second",3627,4136,360795,639312,8272,1278624,10,401,2259,97781,802,195562,"10mill-boot"
5,24,"petite","second",3662,4156,364360,635673,8312,1271346,17,386,3742,96395,772,192790,"10mill-boot"
5,25,"petite","second",3620,4128,360923,639156,8256,1278312,22,380,4881,95194,760,190388,"10mill-boot"
5,26,"petite","second",3641,4202,361665,638370,8404,1276740,17,389,3864,96225,778,192450,"10mill-boot"
5,27,"petite","second",3569,4169,349308,650841,8338,1301682,12,384,2771,98189,768,196378,"10mill-boot"
5,28,"petite","second",3604,4210,354143,645931,8420,1291862,14,385,3235,97037,770,194074,"10mill-boot"
5,29,"petite","second",3712,4115,367893,632258,8230,1264516,15,395,3824,96676,790,193352,"10mill-boot"
5,30,"petite","second",3666,4172,360663,639347,8344,1278694,16,394,2755,97384,788,194768,"10mill-boot"
31,1,"petite","second",3851,4122,375354,624696,8244,1249392,22,392,4449,95872,784,191744,"10mill-boot"
31,2,"petite","second",3694,4199,361504,638516,8398,1277032,12,408,2630,97517,816,195034,"10mill-boot"
31,3,"petite","second",3783,4151,369559,630486,8302,1260972,17,397,3448,96612,794,193224,"10mill-boot"
31,4,"petite","second",3893,4098,377081,622996,8196,1245992,15,396,2819,97431,792,194862,"10mill-boot"
31,5,"petite","second",3713,4235,363899,636213,8470,1272426,22,390,4574,95714,780,191428,"10mill-boot"
31,6,"petite","second",3736,4212,362448,637553,8424,1275106,21,391,4227,95959,782,191918,"10mill-boot"
31,7,"petite","second",3759,4125,368026,632122,8250,1264244,18,390,3942,96567,780,193134,"10mill-boot"
31,8,"petite","second",3779,4170,365957,634088,8340,1268176,13,396,2938,97271,792,194542,"10mill-boot"
31,9,"petite","second",3854,4131,374187,625933,8262,1251866,13,409,2375,97818,818,195636,"10mill-boot"
31,10,"petite","second",3743,4192,363974,636127,8384,1272254,21,384,4237,95843,768,191686,"10mill-boot"
31,11,"petite","second",3727,4206,362746,637395,8412,1274790,22,390,4308,96063,780,192126,"10mill-boot"
31,12,"petite","second",3800,4090,375632,624498,8180,1248996,16,395,3163,97176,790,194352,"10mill-boot"
31,13,"petite","second",3910,4084,383914,616143,8168,1232286,24,384,4244,95888,768,191776,"10mill-boot"
31,14,"petite","second",3821,4153,373716,626334,8306,1252668,21,397,4086,96125,794,192250,"10mill-boot"
31,15,"petite","second",3872,4117,377596,622572,8234,1245144,24,391,4694,95526,782,191052,"10mill-boot"
31,16,"petite","second",3763,4185,368402,631607,8370,1263214,24,400,4388,95771,800,191542,"10mill-boot"
31,17,"petite","second",3792,4185,367557,632444,8370,1264888,15,396,3178,96869,792,193738,"10mill-boot"
31,18,"petite","second",3799,4206,369278,630799,8412,1261598,11,412,2152,97895,824,195790,"10mill-boot"
31,19,"petite","second",3683,4234,365362,634674,8468,1269348,13,402,2655,97519,804,195038,"10mill-boot"
31,20,"petite","second",3656,4156,361498,638553,8312,1277106,11,404,2226,98246,808,196492,"10mill-boot"
31,21,"petite","second",3787,4227,364785,635304,8454,1270608,14,404,2692,97707,808,195414,"10mill-boot"
31,22,"petite","second",3833,4087,379505,620522,8174,1241044,18,389,3738,96353,778,192706,"10mill-boot"
31,23,"petite","second",3845,4152,374056,626068,8304,1252136,21,401,4165,95902,802,191804,"10mill-boot"
31,24,"petite","second",3669,4189,354660,645399,8378,1290798,11,400,1818,98447,800,196894,"10mill-boot"
31,25,"petite","second",3627,4217,354603,645426,8434,1290852,20,377,3895,96189,754,192378,"10mill-boot"
31,26,"petite","second",3753,4205,365282,634720,8410,1269440,20,390,3953,96213,780,192426,"10mill-boot"
31,27,"petite","second",3771,4133,367743,632278,8266,1264556,11,401,2148,97941,802,195882,"10mill-boot"
31,28,"petite","second",3794,4136,372995,627119,8272,1254238,18,393,3612,96973,786,193946,"10mill-boot"
31,29,"petite","second",3725,4165,363731,636334,8330,1272668,19,390,3959,96096,780,192192,"10mill-boot"
31,30,"petite","second",3811,4110,367959,632063,8220,1264126,18,393,3726,96422,786,192844,"10mill-boot"
36,1,"petite","second",3696,4182,366302,633860,8364,1267720,19,376,3862,96294,752,192588,"10mill-boot"
36,2,"petite","second",3658,4158,363347,636726,8316,1273452,16,398,2968,97380,796,194760,"10mill-boot"
36,3,"petite","second",3800,4129,373631,626411,8258,1252822,11,391,2116,98054,782,196108,"10mill-boot"
36,4,"petite","second",3646,4190,359603,640523,8380,1281046,16,382,3225,96872,764,193744,"10mill-boot"
36,5,"petite","second",3737,4141,367919,632261,8282,1264522,15,394,3019,97081,788,194162,"10mill-boot"
36,6,"petite","second",3547,4219,351339,648740,8438,1297480,16,384,2859,97178,768,194356,"10mill-boot"
36,7,"petite","second",3825,4068,373351,626724,8136,1253448,16,384,3447,96829,768,193658,"10mill-boot"
36,8,"petite","second",3713,4155,361713,638483,8310,1276966,16,386,3185,97078,772,194156,"10mill-boot"
36,9,"petite","second",3751,4166,368861,631414,8332,1262828,19,398,4321,95867,796,191734,"10mill-boot"
36,10,"petite","second",3809,4082,375067,625004,8164,1250008,19,379,4338,95950,758,191900,"10mill-boot"
36,11,"petite","second",3668,4162,361609,638420,8324,1276840,16,369,3341,96832,738,193664,"10mill-boot"
36,12,"petite","second",3726,4111,369408,630724,8222,1261448,14,385,3104,97303,770,194606,"10mill-boot"
36,13,"petite","second",3707,4128,369551,630571,8256,1261142,18,385,3579,96817,770,193634,"10mill-boot"
36,14,"petite","second",3692,4221,365741,634392,8442,1268784,10,408,2221,98001,816,196002,"10mill-boot"
36,15,"petite","second",3729,4159,369054,630957,8318,1261914,17,392,3125,97540,784,195080,"10mill-boot"
36,16,"petite","second",3853,4107,381006,619121,8214,1238242,11,399,2476,97712,798,195424,"10mill-boot"
36,17,"petite","second",3644,4169,360253,639909,8338,1279818,20,380,4066,96068,760,192136,"10mill-boot"
36,18,"petite","second",3706,4124,368768,631311,8248,1262622,15,385,3311,96813,770,193626,"10mill-boot"
36,19,"petite","second",3728,4135,366767,633356,8270,1266712,13,384,2652,97569,768,195138,"10mill-boot"
36,20,"petite","second",3718,4162,365730,634281,8324,1268562,20,395,4330,95671,790,191342,"10mill-boot"
36,21,"petite","second",3667,4199,362135,637904,8398,1275808,16,396,3298,97311,792,194622,"10mill-boot"
36,22,"petite","second",3770,4137,372728,627431,8274,1254862,18,380,3548,96533,760,193066,"10mill-boot"
36,23,"petite","second",3557,4231,351422,648624,8462,1297248,15,390,2988,97324,780,194648,"10mill-boot"
36,24,"petite","second",3741,4110,373219,626862,8220,1253724,16,387,3080,97188,774,194376,"10mill-boot"
36,25,"petite","second",3757,4117,375814,624234,8234,1248468,19,378,4020,96221,756,192442,"10mill-boot"
36,26,"petite","second",3687,4117,365172,634897,8234,1269794,23,386,4568,95995,772,191990,"10mill-boot"
36,27,"petite","second",3720,4177,368787,631273,8354,1262546,19,384,3782,96319,768,192638,"10mill-boot"
36,28,"petite","second",3764,4123,375362,624677,8246,1249354,14,402,2909,97186,804,194372,"10mill-boot"
36,29,"petite","second",3736,4134,371140,628918,8268,1257836,23,380,4395,95789,760,191578,"10mill-boot"
36,30,"petite","second",3806,4059,378132,621951,8118,1243902,17,376,3552,96815,752,193630,"10mill-boot"
14,1,"petite","second",3830,4113,372922,627159,8226,1254318,13,398,2546,97521,796,195042,"10mill-boot"
14,2,"petite","second",3787,4160,369764,630333,8320,1260666,16,391,2823,97515,782,195030,"10mill-boot"
14,3,"petite","second",3669,4194,361264,638923,8388,1277846,12,388,2328,97750,776,195500,"10mill-boot"
14,4,"petite","second",3690,4108,363536,636574,8216,1273148,28,380,5133,95672,760,191344,"10mill-boot"
14,5,"petite","second",3840,4110,375707,624391,8220,1248782,13,384,2456,97917,768,195834,"10mill-boot"
14,6,"petite","second",3772,4121,365129,634959,8242,1269918,15,378,3080,97001,756,194002,"10mill-boot"
14,7,"petite","second",3769,4146,368626,631378,8292,1262756,25,384,4719,95432,768,190864,"10mill-boot"
14,8,"petite","second",3711,4156,367170,632835,8312,1265670,22,388,4166,96120,776,192240,"10mill-boot"
14,9,"petite","second",3789,4128,369252,630898,8256,1261796,16,388,3008,97424,776,194848,"10mill-boot"
14,10,"petite","second",3744,4114,369147,630912,8228,1261824,25,378,4347,95773,756,191546,"10mill-boot"
14,11,"petite","second",3701,4175,363260,636778,8350,1273556,17,394,3578,96956,788,193912,"10mill-boot"
14,12,"petite","second",3763,4151,366551,633572,8302,1267144,15,375,3132,96944,750,193888,"10mill-boot"
14,13,"petite","second",3825,4106,373324,626708,8212,1253416,29,372,5897,94182,744,188364,"10mill-boot"
14,14,"petite","second",3790,4154,371126,628888,8308,1257776,17,378,3390,96791,756,193582,"10mill-boot"
14,15,"petite","second",3838,4100,371783,628326,8200,1256652,23,376,4268,95970,752,191940,"10mill-boot"
14,16,"petite","second",3720,4160,364956,635178,8320,1270356,15,385,3081,97744,770,195488,"10mill-boot"
14,17,"petite","second",3752,4145,365264,634815,8290,1269630,19,377,3731,96724,754,193448,"10mill-boot"
14,18,"petite","second",3692,4152,364976,635038,8304,1270076,23,387,4435,95809,774,191618,"10mill-boot"
14,19,"petite","second",3768,4187,369419,630621,8374,1261242,18,375,3722,96663,750,193326,"10mill-boot"
14,20,"petite","second",3758,4102,369179,630837,8204,1261674,16,378,3299,96805,756,193610,"10mill-boot"
14,21,"petite","second",3776,4183,369144,630902,8366,1261804,23,389,3729,96766,778,193532,"10mill-boot"
14,22,"petite","second",3871,4072,378169,622011,8144,1244022,18,383,3424,97081,766,194162,"10mill-boot"
14,23,"petite","second",3708,4186,362082,638060,8372,1276120,21,382,3765,96276,764,192552,"10mill-boot"
14,24,"petite","second",3760,4095,369088,631012,8190,1262024,11,388,1911,98465,776,196930,"10mill-boot"
14,25,"petite","second",3884,4113,381524,618565,8226,1237130,22,392,3864,96194,784,192388,"10mill-boot"
14,26,"petite","second",3762,4146,366261,633858,8292,1267716,19,376,3566,96454,752,192908,"10mill-boot"
14,27,"petite","second",3728,4166,364335,635733,8332,1271466,16,385,3202,97057,770,194114,"10mill-boot"
14,28,"petite","second",3784,4084,372221,627876,8168,1255752,22,385,4422,96110,770,192220,"10mill-boot"
14,29,"petite","second",3789,4122,373579,626456,8244,1252912,22,373,4140,95880,746,191760,"10mill-boot"
14,30,"petite","second",3734,4192,363027,637029,8384,1274058,11,388,1848,98269,776,196538,"10mill-boot"
13,1,"petite","second",3799,4195,368969,631142,8390,1262284,12,398,2494,97700,796,195400,"10mill-boot"
13,2,"petite","second",3759,4097,367718,632408,8194,1264816,23,379,4306,95944,758,191888,"10mill-boot"
13,3,"petite","second",3784,4108,371376,628758,8216,1257516,14,390,2734,97654,780,195308,"10mill-boot"
13,4,"petite","second",3767,4136,367018,632985,8272,1265970,9,397,1935,98357,794,196714,"10mill-boot"
13,5,"petite","second",3737,4202,362046,638017,8404,1276034,16,388,2896,97404,776,194808,"10mill-boot"
13,6,"petite","second",3814,4118,372687,627360,8236,1254720,12,386,2189,97946,772,195892,"10mill-boot"
13,7,"petite","second",3735,4200,362214,637833,8400,1275666,12,393,2682,97432,786,194864,"10mill-boot"
13,8,"petite","second",3770,4098,367593,632599,8196,1265198,17,380,3448,96664,760,193328,"10mill-boot"
13,9,"petite","second",3724,4200,363494,636687,8400,1273374,9,403,1640,98489,806,196978,"10mill-boot"
13,10,"petite","second",3747,4206,363199,636802,8412,1273604,15,392,2967,97190,784,194380,"10mill-boot"
13,11,"petite","second",3717,4184,360939,639088,8368,1278176,15,387,3229,97928,774,195856,"10mill-boot"
13,12,"petite","second",3703,4174,360148,640077,8348,1280154,16,386,3253,96783,772,193566,"10mill-boot"
13,13,"petite","second",3792,4129,373249,626829,8258,1253658,13,396,2815,97297,792,194594,"10mill-boot"
13,14,"petite","second",3792,4155,369811,630288,8310,1260576,12,395,2421,97630,790,195260,"10mill-boot"
13,15,"petite","second",3739,4113,364928,635080,8226,1270160,12,396,2355,98233,792,196466,"10mill-boot"
13,16,"petite","second",3835,4123,373826,626205,8246,1252410,22,381,4420,95712,762,191424,"10mill-boot"
13,17,"petite","second",3724,4160,365433,634623,8320,1269246,14,379,2780,97769,758,195538,"10mill-boot"
13,18,"petite","second",3741,4196,364419,635679,8392,1271358,17,393,3561,96558,786,193116,"10mill-boot"
13,19,"petite","second",3701,4254,358689,641356,8508,1282712,15,392,2852,97150,784,194300,"10mill-boot"
13,20,"petite","second",3774,4097,371905,628122,8194,1256244,23,379,4690,96079,758,192158,"10mill-boot"
13,21,"petite","second",3744,4159,362652,637452,8318,1274904,8,397,1565,98709,794,197418,"10mill-boot"
13,22,"petite","second",3740,4161,363688,636360,8322,1272720,20,389,4162,96011,778,192022,"10mill-boot"
13,23,"petite","second",3664,4232,357138,642900,8464,1285800,13,393,2807,97247,786,194494,"10mill-boot"
13,24,"petite","second",3806,4126,370241,629782,8252,1259564,15,402,3147,97820,804,195640,"10mill-boot"
13,25,"petite","second",3762,4181,367807,632436,8362,1264872,17,391,3352,96981,782,193962,"10mill-boot"
13,26,"petite","second",3728,4211,366081,633954,8422,1267908,15,402,2858,97354,804,194708,"10mill-boot"
13,27,"petite","second",3765,4180,370014,629994,8360,1259988,17,382,3565,96490,764,192980,"10mill-boot"
13,28,"petite","second",3789,4141,373398,626611,8282,1253222,10,391,1945,98458,782,196916,"10mill-boot"
13,29,"petite","second",3783,4162,366631,633426,8324,1266852,13,396,2510,97763,792,195526,"10mill-boot"
13,30,"petite","second",3739,4136,363475,636632,8272,1273264,16,387,3000,97159,774,194318,"10mill-boot"
25,1,"petite","second",3707,4157,365592,634628,8314,1269256,20,380,4433,95754,760,191508,"10mill-boot"
25,2,"petite","second",3823,4127,370992,629084,8254,1258168,22,390,4862,95210,780,190420,"10mill-boot"
25,3,"petite","second",3810,4123,370600,629441,8246,1258882,16,389,3377,96817,778,193634,"10mill-boot"
25,4,"petite","second",3774,4149,369552,630533,8298,1261066,18,399,3399,96738,798,193476,"10mill-boot"
25,5,"petite","second",3802,4171,370156,629987,8342,1259974,19,389,4053,96145,778,192290,"10mill-boot"
25,6,"petite","second",3848,4074,379181,620926,8148,1241852,12,401,2439,97741,802,195482,"10mill-boot"
25,7,"petite","second",3753,4179,366239,633941,8358,1267882,15,384,3249,97161,768,194322,"10mill-boot"
25,8,"petite","second",3799,4141,372572,627459,8282,1254918,23,386,4994,95785,772,191570,"10mill-boot"
25,9,"petite","second",3816,4124,370877,629225,8248,1258450,16,399,3087,97036,798,194072,"10mill-boot"
25,10,"petite","second",3804,4167,367476,632617,8334,1265234,17,387,3322,96907,774,193814,"10mill-boot"
25,11,"petite","second",3940,4023,388773,611331,8046,1222662,18,397,3408,96923,794,193846,"10mill-boot"
25,12,"petite","second",3797,4117,370308,629809,8234,1259618,14,397,3070,97647,794,195294,"10mill-boot"
25,13,"petite","second",3798,4125,372300,627703,8250,1255406,20,397,4052,96421,794,192842,"10mill-boot"
25,14,"petite","second",3788,4172,366711,633389,8344,1266778,19,384,4382,95802,768,191604,"10mill-boot"
25,15,"petite","second",3787,4115,370539,629468,8230,1258936,17,392,3614,96520,784,193040,"10mill-boot"
25,16,"petite","second",3748,4160,365124,634962,8320,1269924,9,398,1811,98341,796,196682,"10mill-boot"
25,17,"petite","second",3798,4139,370106,629996,8278,1259992,15,394,3252,96907,788,193814,"10mill-boot"
25,18,"petite","second",3744,4115,369326,630756,8230,1261512,16,391,3114,97465,782,194930,"10mill-boot"
25,19,"petite","second",3786,4147,371794,628244,8294,1256488,22,393,4562,95703,786,191406,"10mill-boot"
25,20,"petite","second",3858,4117,381777,618281,8234,1236562,10,394,2570,97546,788,195092,"10mill-boot"
25,21,"petite","second",3824,4096,371575,628463,8192,1256926,15,385,3356,96969,770,193938,"10mill-boot"
25,22,"petite","second",3779,4101,372931,627113,8202,1254226,17,395,3769,96716,790,193432,"10mill-boot"
25,23,"petite","second",3782,4136,367882,632278,8272,1264556,14,396,2818,97948,792,195896,"10mill-boot"
25,24,"petite","second",3751,4129,369711,630446,8258,1260892,14,394,2664,97351,788,194702,"10mill-boot"
25,25,"petite","second",3708,4156,364559,635446,8312,1270892,20,377,4361,96276,754,192552,"10mill-boot"
25,26,"petite","second",3767,4089,369429,630632,8178,1261264,20,394,4028,96014,788,192028,"10mill-boot"
25,27,"petite","second",3810,4110,373146,626994,8220,1253988,18,393,3791,96820,786,193640,"10mill-boot"
25,28,"petite","second",3766,4119,370432,629595,8238,1259190,15,385,3060,97179,770,194358,"10mill-boot"
25,29,"petite","second",3858,4085,377460,622642,8170,1245284,16,393,3447,96729,786,193458,"10mill-boot"
25,30,"petite","second",3781,4135,368517,631563,8270,1263126,17,384,3821,96220,768,192440,"10mill-boot"
22,1,"petite","second",3793,4136,370999,629111,8272,1258222,22,393,4101,96588,786,193176,"10mill-boot"
22,2,"petite","second",3819,4060,378059,621981,8120,1243962,21,381,4059,95966,762,191932,"10mill-boot"
22,3,"petite","second",3828,4084,374146,625949,8168,1251898,7,389,1724,98519,778,197038,"10mill-boot"
22,4,"petite","second",3861,4070,378790,621256,8140,1242512,11,394,2320,97777,788,195554,"10mill-boot"
22,5,"petite","second",3930,3997,387947,612096,7994,1224192,25,376,5166,95363,752,190726,"10mill-boot"
22,6,"petite","second",3967,4066,383548,616489,8132,1232978,15,394,2964,97060,788,194120,"10mill-boot"
22,7,"petite","second",3659,4205,360574,639487,8410,1278974,10,390,2241,98016,780,196032,"10mill-boot"
22,8,"petite","second",3770,4135,363860,636243,8270,1272486,15,390,2828,97479,780,194958,"10mill-boot"
22,9,"petite","second",3753,4112,365054,634996,8224,1269992,12,378,2413,97632,756,195264,"10mill-boot"
22,10,"petite","second",3750,4121,365898,634136,8242,1268272,19,385,3966,96250,770,192500,"10mill-boot"
22,11,"petite","second",3703,4207,357589,642484,8414,1284968,9,395,1853,98288,790,196576,"10mill-boot"
22,12,"petite","second",3721,4121,360701,639311,8242,1278622,9,397,1943,98434,794,196868,"10mill-boot"
22,13,"petite","second",3725,4120,363296,636706,8240,1273412,10,387,1974,98165,774,196330,"10mill-boot"
22,14,"petite","second",3762,4127,365343,634733,8254,1269466,18,380,3570,96805,760,193610,"10mill-boot"
22,15,"petite","second",3796,4108,373473,626528,8216,1253056,23,380,5417,94781,760,189562,"10mill-boot"
22,16,"petite","second",3694,4124,361683,638344,8248,1276688,13,387,2398,98545,774,197090,"10mill-boot"
22,17,"petite","second",3833,4137,372028,628334,8274,1256668,17,389,3543,96820,778,193640,"10mill-boot"
22,18,"petite","second",3724,4146,364227,635783,8292,1271566,11,382,2123,98299,764,196598,"10mill-boot"
22,19,"petite","second",3807,4103,375468,624642,8206,1249284,19,392,3974,96207,784,192414,"10mill-boot"
22,20,"petite","second",3730,4163,365213,634800,8326,1269600,9,397,1866,98416,794,196832,"10mill-boot"
22,21,"petite","second",3770,4062,372879,627260,8124,1254520,13,384,2599,97659,768,195318,"10mill-boot"
22,22,"petite","second",3896,4059,378970,621091,8118,1242182,23,383,4648,95804,766,191608,"10mill-boot"
22,23,"petite","second",3796,4114,370777,629269,8228,1258538,21,382,4071,96150,764,192300,"10mill-boot"
22,24,"petite","second",3739,4106,364081,636008,8212,1272016,13,381,2534,97534,762,195068,"10mill-boot"
22,25,"petite","second",3825,4080,374036,626000,8160,1252000,10,381,1997,98250,762,196500,"10mill-boot"
22,26,"petite","second",3833,4056,375267,624745,8112,1249490,17,381,3323,97567,762,195134,"10mill-boot"
22,27,"petite","second",3753,4167,364841,635172,8334,1270344,22,377,4576,95646,754,191292,"10mill-boot"
22,28,"petite","second",3764,4091,370303,629721,8182,1259442,19,386,3846,96213,772,192426,"10mill-boot"
22,29,"petite","second",3809,4082,374198,625894,8164,1251788,19,380,4172,96015,760,192030,"10mill-boot"
22,30,"petite","second",3861,4053,375118,624980,8106,1249960,18,385,3671,96943,770,193886,"10mill-boot"
49,1,"petite","second",3821,4065,375239,624765,8130,1249530,13,386,2789,97495,772,194990,"10mill-boot"
49,2,"petite","second",3872,4063,376931,623074,8126,1246148,16,385,3211,97248,770,194496,"10mill-boot"
49,3,"petite","second",3639,4185,356708,643330,8370,1286660,8,385,1436,98641,770,197282,"10mill-boot"
49,4,"petite","second",3809,4098,370338,629865,8196,1259730,7,385,1369,99873,770,199746,"10mill-boot"
49,5,"petite","second",3788,4092,369593,630684,8184,1261368,8,383,1542,98618,766,197236,"10mill-boot"
49,6,"petite","second",3808,4058,375251,624760,8116,1249520,23,384,4570,95593,768,191186,"10mill-boot"
49,7,"petite","second",3800,4097,368037,632053,8194,1264106,12,376,2106,98266,752,196532,"10mill-boot"
49,8,"petite","second",3710,4133,363068,636943,8266,1273886,8,384,1612,98504,768,197008,"10mill-boot"
49,9,"petite","second",3810,4012,372647,627416,8024,1254832,7,397,1373,99012,794,198024,"10mill-boot"
49,10,"petite","second",3740,4096,364171,635917,8192,1271834,12,390,2416,98159,780,196318,"10mill-boot"
49,11,"petite","second",3740,4150,364838,635275,8300,1270550,19,385,3935,96174,770,192348,"10mill-boot"
49,12,"petite","second",3737,4102,368881,631230,8204,1262460,15,378,2680,97444,756,194888,"10mill-boot"
49,13,"petite","second",3730,4140,363707,636520,8280,1273040,20,389,3742,96332,778,192664,"10mill-boot"
49,14,"petite","second",3802,4046,374029,626122,8092,1252244,14,381,2836,97269,762,194538,"10mill-boot"
49,15,"petite","second",3796,4077,370330,629682,8154,1259364,18,381,3298,96949,762,193898,"10mill-boot"
49,16,"petite","second",3754,4075,369377,630860,8150,1261720,12,380,2353,97929,760,195858,"10mill-boot"
49,17,"petite","second",3761,4106,367627,632484,8212,1264968,17,384,3051,97005,768,194010,"10mill-boot"
49,18,"petite","second",3794,4083,372549,627572,8166,1255144,17,377,2975,97313,754,194626,"10mill-boot"
49,19,"petite","second",3748,4100,366373,633727,8200,1267454,14,379,2783,97339,758,194678,"10mill-boot"
49,20,"petite","second",3712,4122,364857,635168,8244,1270336,12,378,2418,97766,756,195532,"10mill-boot"
49,21,"petite","second",3807,4043,376146,623975,8086,1247950,17,384,3472,96612,768,193224,"10mill-boot"
49,22,"petite","second",3804,4032,374009,626040,8064,1252080,14,384,2538,97502,768,195004,"10mill-boot"
49,23,"petite","second",3772,4098,367355,632716,8196,1265432,12,394,2127,98490,788,196980,"10mill-boot"
49,24,"petite","second",3662,4138,354460,645571,8276,1291142,12,382,2471,97680,764,195360,"10mill-boot"
49,25,"petite","second",3667,4118,364101,635903,8236,1271806,11,379,2373,98054,758,196108,"10mill-boot"
49,26,"petite","second",3751,4134,363706,636394,8268,1272788,13,384,2647,97572,768,195144,"10mill-boot"
49,27,"petite","second",3818,4089,373822,626243,8178,1252486,10,391,1703,98339,782,196678,"10mill-boot"
49,28,"petite","second",3727,4117,366398,633617,8234,1267234,18,381,3973,96298,762,192596,"10mill-boot"
49,29,"petite","second",3721,4127,364260,635814,8254,1271628,12,385,2338,97821,770,195642,"10mill-boot"
49,30,"petite","second",3746,4089,370474,629641,8178,1259282,12,385,2288,97771,770,195542,"10mill-boot"
47,1,"petite","second",3818,4128,369841,630229,8256,1260458,14,392,2682,97532,784,195064,"10mill-boot"
47,2,"petite","second",3778,4098,362849,637313,8196,1274626,12,394,1916,98281,788,196562,"10mill-boot"
47,3,"petite","second",3908,4126,375959,624092,8252,1248184,13,396,2295,98124,792,196248,"10mill-boot"
47,4,"petite","second",3908,4112,374025,626014,8224,1252028,9,396,1522,98651,792,197302,"10mill-boot"
47,5,"petite","second",3878,4148,372037,628139,8296,1256278,8,404,1328,98898,808,197796,"10mill-boot"
47,6,"petite","second",3768,4129,364478,635624,8258,1271248,14,398,2340,97748,796,195496,"10mill-boot"
47,7,"petite","second",3906,4103,374579,625479,8206,1250958,7,408,1310,98908,816,197816,"10mill-boot"
47,8,"petite","second",3774,4179,364303,635730,8358,1271460,7,397,1157,99056,794,198112,"10mill-boot"
47,9,"petite","second",3821,4125,370994,629013,8250,1258026,11,398,2025,98361,796,196722,"10mill-boot"
47,10,"petite","second",3819,4167,367817,632250,8334,1264500,10,400,2037,98330,800,196660,"10mill-boot"
47,11,"petite","second",3751,4169,361739,638288,8338,1276576,6,393,1363,98702,786,197404,"10mill-boot"
47,12,"petite","second",3794,4184,365310,634820,8368,1269640,4,395,782,99361,790,198722,"10mill-boot"
47,13,"petite","second",3908,4099,374277,625810,8198,1251620,12,401,1955,98149,802,196298,"10mill-boot"
47,14,"petite","second",3787,4151,365300,634738,8302,1269476,8,399,1710,98418,798,196836,"10mill-boot"
47,15,"petite","second",3852,4112,371490,628523,8224,1257046,12,398,1920,98133,796,196266,"10mill-boot"
47,16,"petite","second",3871,4132,368237,631765,8264,1263530,9,400,1433,98719,800,197438,"10mill-boot"
47,17,"petite","second",3820,4132,370229,629851,8264,1259702,8,390,1377,98719,780,197438,"10mill-boot"
47,18,"petite","second",3856,4162,368664,631420,8324,1262840,6,400,1035,99977,800,199954,"10mill-boot"
47,19,"petite","second",3885,4092,379996,620022,8184,1240044,4,403,950,99170,806,198340,"10mill-boot"
47,20,"petite","second",3836,4116,369395,630785,8232,1261570,11,393,1860,98167,786,196334,"10mill-boot"
47,21,"petite","second",3806,4130,367168,632907,8260,1265814,6,401,859,99354,802,198708,"10mill-boot"
47,22,"petite","second",3868,4117,370531,629490,8234,1258980,7,398,1206,99733,796,199466,"10mill-boot"
47,23,"petite","second",3847,4112,371296,628901,8224,1257802,13,399,2578,97564,798,195128,"10mill-boot"
47,24,"petite","second",3809,4162,367478,632587,8324,1265174,5,396,794,99568,792,199136,"10mill-boot"
47,25,"petite","second",3757,4173,363349,636705,8346,1273410,9,397,1627,98653,794,197306,"10mill-boot"
47,26,"petite","second",3865,4113,374632,625372,8226,1250744,11,390,1980,98080,780,196160,"10mill-boot"
47,27,"petite","second",3751,4212,364912,635144,8424,1270288,8,396,1388,98659,792,197318,"10mill-boot"
47,28,"petite","second",3858,4118,374404,625611,8236,1251222,7,402,1158,99028,804,198056,"10mill-boot"
47,29,"petite","second",3878,4159,375346,624663,8318,1249326,6,414,961,99213,828,198426,"10mill-boot"
47,30,"petite","second",3757,4184,365610,634447,8368,1268894,11,403,1744,98311,806,196622,"10mill-boot"
40,1,"petite","second",3736,4153,361788,638288,8306,1276576,10,387,2451,97650,774,195300,"10mill-boot"
40,2,"petite","second",3693,4151,357794,642212,8302,1284424,9,383,1746,98431,766,196862,"10mill-boot"
40,3,"petite","second",3687,4160,357541,642591,8320,1285182,24,378,4755,95468,756,190936,"10mill-boot"
40,4,"petite","second",3740,4119,362814,637187,8238,1274374,12,374,2204,98159,748,196318,"10mill-boot"
40,5,"petite","second",3813,4111,373629,626424,8222,1252848,13,384,2931,97105,768,194210,"10mill-boot"
40,6,"petite","second",3719,4168,361068,638940,8336,1277880,6,397,1240,98974,794,197948,"10mill-boot"
40,7,"petite","second",3635,4187,348554,651484,8374,1302968,10,379,2058,98774,758,197548,"10mill-boot"
40,8,"petite","second",3672,4121,357725,642316,8242,1284632,10,380,2035,97978,760,195956,"10mill-boot"
40,9,"petite","second",3775,4145,364443,635701,8290,1271402,1,396,171,100247,792,200494,"10mill-boot"
40,10,"petite","second",3723,4154,361300,638730,8308,1277460,14,376,2721,97883,752,195766,"10mill-boot"
40,11,"petite","second",3764,4161,365757,634288,8322,1268576,7,382,1374,98871,764,197742,"10mill-boot"
40,12,"petite","second",3725,4168,360574,639477,8336,1278954,7,378,1550,98751,756,197502,"10mill-boot"
40,13,"petite","second",3797,4201,362799,637288,8402,1274576,10,398,2235,97924,796,195848,"10mill-boot"
40,14,"petite","second",3764,4083,363637,636470,8166,1272940,5,382,937,99210,764,198420,"10mill-boot"
40,15,"petite","second",3702,4204,358667,641482,8408,1282964,15,383,2870,97145,766,194290,"10mill-boot"
40,16,"petite","second",3765,4190,365060,635107,8380,1270214,15,388,2918,97167,776,194334,"10mill-boot"
40,17,"petite","second",3693,4142,357760,642248,8284,1284496,5,388,869,99235,776,198470,"10mill-boot"
40,18,"petite","second",3737,4177,361989,638053,8354,1276106,6,388,1372,98814,776,197628,"10mill-boot"
40,19,"petite","second",3762,4101,367503,632672,8202,1265344,9,386,1696,98367,772,196734,"10mill-boot"
40,20,"petite","second",3717,4140,360728,639320,8280,1278640,10,382,1861,98140,764,196280,"10mill-boot"
40,21,"petite","second",3723,4125,363314,636802,8250,1273604,9,392,2003,98215,784,196430,"10mill-boot"
40,22,"petite","second",3657,4213,355323,644777,8426,1289554,8,392,1808,98447,784,196894,"10mill-boot"
40,23,"petite","second",3739,4123,362181,637930,8246,1275860,12,380,2690,97358,760,194716,"10mill-boot"
40,24,"petite","second",3699,4228,355328,644702,8456,1289404,9,399,1978,98033,798,196066,"10mill-boot"
40,25,"petite","second",3791,4096,367490,632514,8192,1265028,8,392,1400,98879,784,197758,"10mill-boot"
40,26,"petite","second",3754,4120,365562,634549,8240,1269098,15,391,3011,97628,782,195256,"10mill-boot"
40,27,"petite","second",3833,4091,367568,632544,8182,1265088,9,385,1796,98323,770,196646,"10mill-boot"
40,28,"petite","second",3746,4150,358195,641896,8300,1283792,12,380,2415,97601,760,195202,"10mill-boot"
40,29,"petite","second",3827,4061,376228,623811,8122,1247622,8,389,1601,98733,778,197466,"10mill-boot"
40,30,"petite","second",3768,4195,366368,633721,8390,1267442,13,397,2744,98686,794,197372,"10mill-boot"
23,1,"petite","second",3723,4199,362821,637195,8398,1274390,6,398,1269,98755,796,197510,"10mill-boot"
23,2,"petite","second",3835,4100,373971,626117,8200,1252234,16,392,2863,97540,784,195080,"10mill-boot"
23,3,"petite","second",3719,4187,360607,639396,8374,1278792,13,392,2324,97704,784,195408,"10mill-boot"
23,4,"petite","second",3641,4195,356860,643169,8390,1286338,14,392,2763,97709,784,195418,"10mill-boot"
23,5,"petite","second",3706,4219,360882,639165,8438,1278330,7,392,1526,98744,784,197488,"10mill-boot"
23,6,"petite","second",3778,4053,375824,624253,8106,1248506,13,393,2609,97395,786,194790,"10mill-boot"
23,7,"petite","second",3715,4194,361756,638324,8388,1276648,5,395,792,99736,790,199472,"10mill-boot"
23,8,"petite","second",3763,4118,372243,627812,8236,1255624,17,386,4179,96235,772,192470,"10mill-boot"
23,9,"petite","second",3812,4156,372816,627389,8312,1254778,18,392,3844,96236,784,192472,"10mill-boot"
23,10,"petite","second",3715,4106,363694,636438,8212,1272876,23,371,4874,95162,742,190324,"10mill-boot"
23,11,"petite","second",3804,4113,368678,631429,8226,1262858,8,396,1461,99189,792,198378,"10mill-boot"
23,12,"petite","second",3663,4215,356077,643924,8430,1287848,10,386,2181,98248,772,196496,"10mill-boot"
23,13,"petite","second",3789,4123,370055,629969,8246,1259938,15,393,2825,97208,786,194416,"10mill-boot"
23,14,"petite","second",3803,4129,369803,630210,8258,1260420,15,384,2924,97173,768,194346,"10mill-boot"
23,15,"petite","second",3750,4164,362811,637304,8328,1274608,13,388,2418,97587,776,195174,"10mill-boot"
23,16,"petite","second",3668,4160,359512,640491,8320,1280982,17,376,3553,96663,752,193326,"10mill-boot"
23,17,"petite","second",3809,4082,372933,627144,8164,1254288,11,392,2242,97946,784,195892,"10mill-boot"
23,18,"petite","second",3675,4210,355686,644374,8420,1288748,8,391,1902,98524,782,197048,"10mill-boot"
23,19,"petite","second",3675,4124,360339,639678,8248,1279356,20,377,4477,95637,754,191274,"10mill-boot"
23,20,"petite","second",3668,4205,357258,642839,8410,1285678,7,395,1475,98657,790,197314,"10mill-boot"
23,21,"petite","second",3709,4165,361518,638494,8330,1276988,8,388,1824,98340,776,196680,"10mill-boot"
23,22,"petite","second",3683,4130,364295,635726,8260,1271452,6,387,1171,98857,774,197714,"10mill-boot"
23,23,"petite","second",3837,4120,374133,625973,8240,1251946,13,389,2687,97375,778,194750,"10mill-boot"
23,24,"petite","second",3767,4114,370137,630047,8228,1260094,18,378,3489,96670,756,193340,"10mill-boot"
23,25,"petite","second",3725,4165,364192,635829,8330,1271658,15,394,3240,97115,788,194230,"10mill-boot"
23,26,"petite","second",3776,4199,359866,640270,8398,1280540,7,389,1387,98920,778,197840,"10mill-boot"
23,27,"petite","second",3754,4178,369685,630397,8356,1260794,18,383,4570,95599,766,191198,"10mill-boot"
23,28,"petite","second",3838,4088,374520,625566,8176,1251132,18,392,3445,96633,784,193266,"10mill-boot"
23,29,"petite","second",3656,4218,355897,644172,8436,1288344,10,392,1959,98222,784,196444,"10mill-boot"
23,30,"petite","second",3670,4168,358218,641796,8336,1283592,13,384,2480,97998,768,195996,"10mill-boot"
24,1,"petite","second",3856,4102,376080,623927,8204,1247854,19,395,3681,96571,790,193142,"10mill-boot"
24,2,"petite","second",4004,4001,386684,613350,8002,1226700,13,392,2614,97505,784,195010,"10mill-boot"
24,3,"petite","second",3847,4080,373937,626118,8160,1252236,9,399,2026,98471,798,196942,"10mill-boot"
24,4,"petite","second",3905,4083,376027,624053,8166,1248106,10,404,2168,97875,808,195750,"10mill-boot"
24,5,"petite","second",3815,4112,370245,629799,8224,1259598,9,394,2029,97973,788,195946,"10mill-boot"
24,6,"petite","second",3799,4113,369044,631133,8226,1262266,10,399,2336,97956,798,195912,"10mill-boot"
24,7,"petite","second",3883,4058,377418,622611,8116,1245222,11,384,2362,97945,768,195890,"10mill-boot"
24,8,"petite","second",3884,4066,382368,617705,8132,1235410,14,400,3024,97356,800,194712,"10mill-boot"
24,9,"petite","second",3863,4066,374123,625887,8132,1251774,11,394,2332,97811,788,195622,"10mill-boot"
24,10,"petite","second",3824,4135,373292,626816,8270,1253632,16,390,3387,96626,780,193252,"10mill-boot"
24,11,"petite","second",3794,4092,370174,629884,8184,1259768,14,389,3077,97029,778,194058,"10mill-boot"
24,12,"petite","second",3846,4091,372706,627370,8182,1254740,13,387,2643,97699,774,195398,"10mill-boot"
24,13,"petite","second",3800,4093,371878,628135,8186,1256270,14,390,2953,97383,780,194766,"10mill-boot"
24,14,"petite","second",3931,4016,383439,616595,8032,1233190,11,379,2595,97762,758,195524,"10mill-boot"
24,15,"petite","second",3871,4055,376524,623485,8110,1246970,12,403,2340,97912,806,195824,"10mill-boot"
24,16,"petite","second",3938,4043,383386,616850,8086,1233700,7,400,1464,98936,800,197872,"10mill-boot"
24,17,"petite","second",3802,4144,369825,630291,8288,1260582,19,399,3995,96186,798,192372,"10mill-boot"
24,18,"petite","second",3983,4010,386797,613448,8020,1226896,19,376,4308,95705,752,191410,"10mill-boot"
24,19,"petite","second",3851,4103,374431,625828,8206,1251656,15,396,2888,97727,792,195454,"10mill-boot"
24,20,"petite","second",3910,4090,380872,619203,8180,1238406,20,397,4129,96151,794,192302,"10mill-boot"
24,21,"petite","second",3864,4089,376037,624026,8178,1248052,19,383,3835,96277,766,192554,"10mill-boot"
24,22,"petite","second",3860,4058,374403,625599,8116,1251198,13,388,2898,97743,776,195486,"10mill-boot"
24,23,"petite","second",3808,4107,375691,624350,8214,1248700,22,394,4542,96061,788,192122,"10mill-boot"
24,24,"petite","second",3935,3976,384567,615501,7952,1231002,16,379,3659,96560,758,193120,"10mill-boot"
24,25,"petite","second",3914,4058,379178,620880,8116,1241760,13,389,3014,97689,778,195378,"10mill-boot"
24,26,"petite","second",3745,4100,367780,632268,8200,1264536,11,396,2162,98150,792,196300,"10mill-boot"
24,27,"petite","second",3876,4057,375711,624432,8114,1248864,19,388,3721,96401,776,192802,"10mill-boot"
24,28,"petite","second",3847,4064,372368,627671,8128,1255342,9,405,1914,98100,810,196200,"10mill-boot"
24,29,"petite","second",3758,4126,364130,635934,8252,1271868,16,377,3789,96648,754,193296,"10mill-boot"
24,30,"petite","second",3813,4119,371887,628145,8238,1256290,12,390,2541,97758,780,195516,"10mill-boot"
12,1,"petite","second",3672,4169,360115,639885,8338,1279770,9,402,1791,98494,804,196988,"10mill-boot"
12,2,"petite","second",3810,4111,367250,632759,8222,1265518,14,392,2542,97598,784,195196,"10mill-boot"
12,3,"petite","second",3756,4098,366476,633534,8196,1267068,17,385,3097,96970,770,193940,"10mill-boot"
12,4,"petite","second",3756,4122,368178,631886,8244,1263772,14,394,2461,97680,788,195360,"10mill-boot"
12,5,"petite","second",3766,4143,365484,634605,8286,1269210,11,401,2160,98375,802,196750,"10mill-boot"
12,6,"petite","second",3725,4185,362473,637591,8370,1275182,14,401,2430,97842,802,195684,"10mill-boot"
12,7,"petite","second",3800,4153,370191,629833,8306,1259666,10,402,1755,98745,804,197490,"10mill-boot"
12,8,"petite","second",3825,4113,371573,628588,8226,1257176,6,407,934,99256,814,198512,"10mill-boot"
12,9,"petite","second",3668,4178,358411,641726,8356,1283452,10,391,1663,98627,782,197254,"10mill-boot"
12,10,"petite","second",3751,4141,366540,633637,8282,1267274,9,406,1548,98666,812,197332,"10mill-boot"
12,11,"petite","second",3767,4174,367401,632629,8348,1265258,14,397,2415,98044,794,196088,"10mill-boot"
12,12,"petite","second",3695,4177,360173,640028,8354,1280056,15,394,2778,97337,788,194674,"10mill-boot"
12,13,"petite","second",3644,4207,354877,645193,8414,1290386,9,394,1576,99212,788,198424,"10mill-boot"
12,14,"petite","second",3766,4183,362672,637401,8366,1274802,6,407,969,99410,814,198820,"10mill-boot"
12,15,"petite","second",3754,4109,366292,633891,8218,1267782,12,395,2072,98190,790,196380,"10mill-boot"
12,16,"petite","second",3777,4170,364294,635864,8340,1271728,10,399,1577,98527,798,197054,"10mill-boot"
12,17,"petite","second",3862,4067,378052,621994,8134,1243988,16,399,2787,97377,798,194754,"10mill-boot"
12,18,"petite","second",3766,4197,367596,632492,8394,1264984,10,403,1630,98433,806,196866,"10mill-boot"
12,19,"petite","second",3826,4123,369713,630345,8246,1260690,13,390,2313,98053,780,196106,"10mill-boot"
12,20,"petite","second",3700,4221,362362,637795,8442,1275590,11,412,2040,98682,824,197364,"10mill-boot"
12,21,"petite","second",3727,4123,365610,634519,8246,1269038,14,396,2580,97618,792,195236,"10mill-boot"
12,22,"petite","second",3747,4168,362415,637646,8336,1275292,8,404,1377,99051,808,198102,"10mill-boot"
12,23,"petite","second",3716,4167,361293,638866,8334,1277732,13,391,2350,97938,782,195876,"10mill-boot"
12,24,"petite","second",3766,4119,369014,630987,8238,1261974,13,405,2061,98304,810,196608,"10mill-boot"
12,25,"petite","second",3689,4142,359363,640780,8284,1281560,13,397,2293,97805,794,195610,"10mill-boot"
12,26,"petite","second",3834,4109,373210,626891,8218,1253782,10,411,1460,98702,822,197404,"10mill-boot"
12,27,"petite","second",3702,4161,359960,640198,8322,1280396,7,386,1151,98966,772,197932,"10mill-boot"
12,28,"petite","second",3794,4116,370117,629926,8232,1259852,13,409,2130,98012,818,196024,"10mill-boot"
12,29,"petite","second",3815,4139,372613,627480,8278,1254960,8,396,1521,98491,792,196982,"10mill-boot"
12,30,"petite","second",3751,4174,366086,633921,8348,1267842,5,405,821,99250,810,198500,"10mill-boot"
15,1,"petite","second",3705,4120,363736,636425,8240,1272850,14,375,2915,97462,750,194924,"10mill-boot"
15,2,"petite","second",3775,4104,364141,635981,8208,1271962,9,391,1573,98574,782,197148,"10mill-boot"
15,3,"petite","second",3719,4134,364838,635287,8268,1270574,5,395,1113,99072,790,198144,"10mill-boot"
15,4,"petite","second",3731,4083,365745,634389,8166,1268778,14,382,2892,97318,764,194636,"10mill-boot"
15,5,"petite","second",3773,4112,368932,631146,8224,1262292,9,397,1729,98560,794,197120,"10mill-boot"
15,6,"petite","second",3744,4129,363477,636538,8258,1273076,9,395,1821,98261,790,196522,"10mill-boot"
15,7,"petite","second",3762,4094,372594,627430,8188,1254860,13,390,2409,97895,780,195790,"10mill-boot"
15,8,"petite","second",3809,4100,369083,630937,8200,1261874,8,386,1694,98365,772,196730,"10mill-boot"
15,9,"petite","second",3682,4066,363503,636542,8132,1273084,22,374,4314,95892,748,191784,"10mill-boot"
15,10,"petite","second",3709,4186,356024,643999,8372,1287998,11,393,2151,98222,786,196444,"10mill-boot"
15,11,"petite","second",3740,4118,370046,630040,8236,1260080,19,374,4011,96018,748,192036,"10mill-boot"
15,12,"petite","second",3736,4124,368662,631400,8248,1262800,10,390,1716,98584,780,197168,"10mill-boot"
15,13,"petite","second",3786,4107,370519,629565,8214,1259130,16,400,3298,96854,800,193708,"10mill-boot"
15,14,"petite","second",3783,4077,372935,627092,8154,1254184,18,387,3780,96284,774,192568,"10mill-boot"
15,15,"petite","second",3836,4048,374691,625328,8096,1250656,21,377,4359,95803,754,191606,"10mill-boot"
15,16,"petite","second",3773,4086,366716,633349,8172,1266698,13,393,2493,97531,786,195062,"10mill-boot"
15,17,"petite","second",3845,4130,374902,625132,8260,1250264,19,390,3459,96687,780,193374,"10mill-boot"
15,18,"petite","second",3781,4093,370989,629129,8186,1258258,22,385,4539,95902,770,191804,"10mill-boot"
15,19,"petite","second",3771,4091,366751,633348,8182,1266696,16,381,3341,96759,762,193518,"10mill-boot"
15,20,"petite","second",3697,4138,362784,637252,8276,1274504,13,384,2542,97961,768,195922,"10mill-boot"
15,21,"petite","second",3838,4038,377550,622546,8076,1245092,22,392,4089,96411,784,192822,"10mill-boot"
15,22,"petite","second",3816,4052,375171,625067,8104,1250134,13,392,2605,97563,784,195126,"10mill-boot"
15,23,"petite","second",3712,4150,365249,634822,8300,1269644,16,380,3375,96853,760,193706,"10mill-boot"
15,24,"petite","second",3862,3990,381434,618611,7980,1237222,19,385,3946,96634,770,193268,"10mill-boot"
15,25,"petite","second",3755,4133,368395,631694,8266,1263388,12,386,2249,98003,772,196006,"10mill-boot"
15,26,"petite","second",3758,4063,371370,628745,8126,1257490,16,379,3256,96949,758,193898,"10mill-boot"
15,27,"petite","second",3700,4104,364783,635280,8208,1270560,13,378,2616,97549,756,195098,"10mill-boot"
15,28,"petite","second",3834,4026,378138,621912,8052,1243824,16,380,3239,96926,760,193852,"10mill-boot"
15,29,"petite","second",3782,4070,372268,627838,8140,1255676,21,384,3881,96151,768,192302,"10mill-boot"
15,30,"petite","second",3826,4106,378422,621672,8212,1243344,11,400,2090,98167,800,196334,"10mill-boot"
41,1,"petite","second",3721,4189,360212,640011,8378,1280022,13,381,2577,97693,762,195386,"10mill-boot"
41,2,"petite","second",3812,4162,369691,630479,8324,1260958,11,391,2221,97804,782,195608,"10mill-boot"
41,3,"petite","second",3816,4127,372358,627722,8254,1255444,10,385,1975,98393,770,196786,"10mill-boot"
41,4,"petite","second",3792,4139,371995,628016,8278,1256032,13,389,2585,97616,778,195232,"10mill-boot"
41,5,"petite","second",3763,4192,364420,635685,8384,1271370,7,388,1177,99023,776,198046,"10mill-boot"
41,6,"petite","second",3782,4111,366942,633107,8222,1266214,13,369,2661,97429,738,194858,"10mill-boot"
41,7,"petite","second",3777,4126,368422,631684,8252,1263368,15,381,2985,97679,762,195358,"10mill-boot"
41,8,"petite","second",3668,4213,357616,642426,8426,1284852,13,377,2425,98215,754,196430,"10mill-boot"
41,9,"petite","second",3763,4107,372294,627810,8214,1255620,14,382,3019,97121,764,194242,"10mill-boot"
41,10,"petite","second",3701,4191,357883,642157,8382,1284314,13,379,2569,97482,758,194964,"10mill-boot"
41,11,"petite","second",3768,4147,365722,634410,8294,1268820,9,384,1859,98438,768,196876,"10mill-boot"
41,12,"petite","second",3715,4137,364738,635340,8274,1270680,15,384,3322,96722,768,193444,"10mill-boot"
41,13,"petite","second",3826,4127,372542,627558,8254,1255116,13,394,2835,97248,788,194496,"10mill-boot"
41,14,"petite","second",3830,4174,368296,631773,8348,1263546,10,397,2160,97930,794,195860,"10mill-boot"
41,15,"petite","second",3761,4201,363395,636677,8402,1273354,14,392,3000,97262,784,194524,"10mill-boot"
41,16,"petite","second",3780,4197,362996,637064,8394,1274128,7,393,1581,98673,786,197346,"10mill-boot"
41,17,"petite","second",3690,4177,361893,638229,8354,1276458,12,387,2440,97813,774,195626,"10mill-boot"
41,18,"petite","second",3681,4160,358518,641592,8320,1283184,10,371,2253,97864,742,195728,"10mill-boot"
41,19,"petite","second",3662,4204,359841,640229,8408,1280458,15,391,2970,97175,782,194350,"10mill-boot"
41,20,"petite","second",3724,4168,362057,637966,8336,1275932,17,384,3595,96528,768,193056,"10mill-boot"
41,21,"petite","second",3753,4175,368528,631617,8350,1263234,22,380,4388,95688,760,191376,"10mill-boot"
41,22,"petite","second",3720,4180,363744,636317,8360,1272634,18,377,3684,96851,754,193702,"10mill-boot"
41,23,"petite","second",3701,4167,365228,634868,8334,1269736,14,389,2846,97221,778,194442,"10mill-boot"
41,24,"petite","second",3727,4138,364135,635978,8276,1271956,15,381,3584,96493,762,192986,"10mill-boot"
41,25,"petite","second",3608,4224,350964,649147,8448,1298294,19,379,4200,96167,758,192334,"10mill-boot"
41,26,"petite","second",3666,4210,358272,641759,8420,1283518,7,386,1596,98564,772,197128,"10mill-boot"
41,27,"petite","second",3677,4179,361030,639006,8358,1278012,11,384,2306,97843,768,195686,"10mill-boot"
41,28,"petite","second",3700,4180,365203,634837,8360,1269674,5,385,770,99447,770,198894,"10mill-boot"
41,29,"petite","second",3696,4162,361905,638237,8324,1276474,9,383,1863,98470,766,196940,"10mill-boot"
41,30,"petite","second",3721,4136,362158,638020,8272,1276040,10,375,1976,98053,750,196106,"10mill-boot"
46,1,"petite","second",3720,4171,362503,637590,8342,1275180,16,388,3087,97057,776,194114,"10mill-boot"
46,2,"petite","second",3717,4177,365721,634409,8354,1268818,10,389,1800,98349,778,196698,"10mill-boot"
46,3,"petite","second",3650,4164,361680,638511,8328,1277022,14,402,2847,97382,804,194764,"10mill-boot"
46,4,"petite","second",3694,4143,357723,642316,8286,1284632,10,384,1764,98372,768,196744,"10mill-boot"
46,5,"petite","second",3591,4223,352997,647020,8446,1294040,11,390,2104,97966,780,195932,"10mill-boot"
46,6,"petite","second",3719,4131,361833,638279,8262,1276558,10,386,1891,98179,772,196358,"10mill-boot"
46,7,"petite","second",3656,4233,356333,643723,8466,1287446,11,393,1739,98447,786,196894,"10mill-boot"
46,8,"petite","second",3598,4273,348087,652136,8546,1304272,9,405,1649,98913,810,197826,"10mill-boot"
46,9,"petite","second",3660,4227,359579,640510,8454,1281020,17,387,3410,96749,774,193498,"10mill-boot"
46,10,"petite","second",3545,4307,347665,652374,8614,1304748,13,395,2259,97825,790,195650,"10mill-boot"
46,11,"petite","second",3671,4118,357813,642207,8236,1284414,16,375,3118,96930,750,193860,"10mill-boot"
46,12,"petite","second",3617,4187,357430,642637,8374,1285274,14,384,2708,97491,768,194982,"10mill-boot"
46,13,"petite","second",3765,4136,366587,633422,8272,1266844,10,392,1749,98446,784,196892,"10mill-boot"
46,14,"petite","second",3609,4247,356369,643747,8494,1287494,16,382,3206,96980,764,193960,"10mill-boot"
46,15,"petite","second",3741,4113,368222,632014,8226,1264028,16,386,3459,97004,772,194008,"10mill-boot"
46,16,"petite","second",3743,4159,367261,632774,8318,1265548,17,389,3361,96929,778,193858,"10mill-boot"
46,17,"petite","second",3679,4177,362163,637913,8354,1275826,23,387,4562,95785,774,191570,"10mill-boot"
46,18,"petite","second",3757,4183,363688,636420,8366,1272840,13,395,2377,97633,790,195266,"10mill-boot"
46,19,"petite","second",3598,4219,357110,642923,8438,1285846,15,383,2932,97105,766,194210,"10mill-boot"
46,20,"petite","second",3743,4157,368929,631100,8314,1262200,20,396,4023,96383,792,192766,"10mill-boot"
46,21,"petite","second",3690,4208,358935,641075,8416,1282150,11,399,2283,98340,798,196680,"10mill-boot"
46,22,"petite","second",3681,4153,361697,638357,8306,1276714,18,379,3579,96497,758,192994,"10mill-boot"
46,23,"petite","second",3701,4188,362007,638031,8376,1276062,12,399,2135,97947,798,195894,"10mill-boot"
46,24,"petite","second",3703,4173,364747,635267,8346,1270534,15,398,3177,96848,796,193696,"10mill-boot"
46,25,"petite","second",3676,4188,360002,640009,8376,1280018,11,394,1966,98389,788,196778,"10mill-boot"
46,26,"petite","second",3727,4165,368637,631451,8330,1262902,19,382,3671,96572,764,193144,"10mill-boot"
46,27,"petite","second",3740,4151,369246,630810,8302,1261620,19,388,3880,96315,776,192630,"10mill-boot"
46,28,"petite","second",3749,4128,372091,627936,8256,1255872,15,385,2892,97452,770,194904,"10mill-boot"
46,29,"petite","second",3673,4158,362733,637297,8316,1274594,19,388,3301,96774,776,193548,"10mill-boot"
46,30,"petite","second",3688,4169,363702,636350,8338,1272700,12,379,2239,97792,758,195584,"10mill-boot"
48,1,"petite","second",3907,4145,380909,619201,8290,1238402,17,408,3532,96604,816,193208,"10mill-boot"
48,2,"petite","second",3747,4182,366541,633552,8364,1267104,16,395,3300,96836,790,193672,"10mill-boot"
48,3,"petite","second",3813,4140,371838,628248,8280,1256496,15,404,2856,97317,808,194634,"10mill-boot"
48,4,"petite","second",3838,4118,375270,624806,8236,1249612,15,404,3263,96894,808,193788,"10mill-boot"
48,5,"petite","second",3808,4092,375728,624371,8184,1248742,15,398,3532,96644,796,193288,"10mill-boot"
48,6,"petite","second",3838,4100,374279,625770,8200,1251540,12,401,2648,97427,802,194854,"10mill-boot"
48,7,"petite","second",3752,4207,366906,633319,8414,1266638,13,397,2754,97330,794,194660,"10mill-boot"
48,8,"petite","second",3789,4119,370111,629968,8238,1259936,12,400,2651,97940,800,195880,"10mill-boot"
48,9,"petite","second",3822,4075,379009,621054,8150,1242108,17,400,3692,96547,800,193094,"10mill-boot"
48,10,"petite","second",3748,4152,371514,628690,8304,1257380,18,387,4025,96010,774,192020,"10mill-boot"
48,11,"petite","second",3883,4080,376499,623504,8160,1247008,9,402,1901,98191,804,196382,"10mill-boot"
48,12,"petite","second",3767,4174,366862,633264,8348,1266528,14,400,2959,97744,800,195488,"10mill-boot"
48,13,"petite","second",3886,4101,378404,621665,8202,1243330,13,399,2689,97362,798,194724,"10mill-boot"
48,14,"petite","second",3874,4141,378304,621833,8282,1243666,24,395,4983,95173,790,190346,"10mill-boot"
48,15,"petite","second",3864,4086,378760,621295,8172,1242590,20,393,4136,95919,786,191838,"10mill-boot"
48,16,"petite","second",3836,4117,375973,624179,8234,1248358,13,401,2657,97651,802,195302,"10mill-boot"
48,17,"petite","second",3889,4030,381012,619002,8060,1238004,15,400,2599,97485,800,194970,"10mill-boot"
48,18,"petite","second",3826,4107,378767,621291,8214,1242582,21,389,4669,95362,778,190724,"10mill-boot"
48,19,"petite","second",3847,4110,377111,622920,8220,1245840,14,415,2833,97254,830,194508,"10mill-boot"
48,20,"petite","second",3846,4092,381588,618473,8184,1236946,25,395,5763,94385,790,188770,"10mill-boot"
48,21,"petite","second",3920,4088,382869,617171,8176,1234342,23,396,4740,95412,792,190824,"10mill-boot"
48,22,"petite","second",3777,4126,368887,631118,8252,1262236,15,409,3057,97014,818,194028,"10mill-boot"
48,23,"petite","second",3814,4113,375841,624171,8226,1248342,9,422,1711,98323,844,196646,"10mill-boot"
48,24,"petite","second",3961,4070,389471,610564,8140,1221128,18,405,3757,96376,810,192752,"10mill-boot"
48,25,"petite","second",3765,4151,368208,631852,8302,1263704,15,399,2911,97457,798,194914,"10mill-boot"
48,26,"petite","second",3757,4141,371856,628184,8282,1256368,15,412,3185,96951,824,193902,"10mill-boot"
48,27,"petite","second",3798,4129,372659,627447,8258,1254894,19,401,3863,96180,802,192360,"10mill-boot"
48,28,"petite","second",3859,4059,383507,616495,8118,1232990,26,393,5205,95045,786,190090,"10mill-boot"
48,29,"petite","second",3846,4167,374481,625552,8334,1251104,14,408,2866,97345,816,194690,"10mill-boot"
48,30,"petite","second",3850,4126,377320,622758,8252,1245516,17,408,3490,96621,816,193242,"10mill-boot"
33,1,"petite","second",3815,4074,374282,625794,8148,1251588,10,395,1866,98195,790,196390,"10mill-boot"
33,2,"petite","second",3914,4044,385192,614894,8088,1229788,12,402,2419,98222,804,196444,"10mill-boot"
33,3,"petite","second",3734,4061,371217,628824,8122,1257648,10,393,1835,98247,786,196494,"10mill-boot"
33,4,"petite","second",3748,4108,369641,630412,8216,1260824,14,390,2810,97692,780,195384,"10mill-boot"
33,5,"petite","second",3763,4093,371455,628622,8186,1257244,6,398,1054,99057,796,198114,"10mill-boot"
33,6,"petite","second",3803,4111,374767,625324,8222,1250648,9,404,1639,98509,808,197018,"10mill-boot"
33,7,"petite","second",3791,4104,372472,627576,8208,1255152,14,398,2508,97673,796,195346,"10mill-boot"
33,8,"petite","second",3753,4176,367698,632381,8352,1264762,10,396,2018,98174,792,196348,"10mill-boot"
33,9,"petite","second",3796,4061,374961,625044,8122,1250088,6,392,1038,98983,784,197966,"10mill-boot"
33,10,"petite","second",3787,4083,371898,628175,8166,1256350,5,383,794,99270,766,198540,"10mill-boot"
33,11,"petite","second",3757,4071,372824,627231,8142,1254462,8,375,1376,98751,750,197502,"10mill-boot"
33,12,"petite","second",3897,4063,383695,616366,8126,1232732,13,397,2418,97774,794,195548,"10mill-boot"
33,13,"petite","second",3760,4071,374558,625452,8142,1250904,11,398,1968,98157,796,196314,"10mill-boot"
33,14,"petite","second",3719,4164,367997,632029,8328,1264058,9,397,1596,98905,794,197810,"10mill-boot"
33,15,"petite","second",3720,4082,371052,629004,8164,1258008,9,394,1964,98250,788,196500,"10mill-boot"
33,16,"petite","second",3821,4029,380788,619318,8058,1238636,11,388,2054,98171,776,196342,"10mill-boot"
33,17,"petite","second",3707,4110,369241,630762,8220,1261524,11,397,1999,98230,794,196460,"10mill-boot"
33,18,"petite","second",3734,4097,365762,634333,8194,1268666,13,381,2196,97954,762,195908,"10mill-boot"
33,19,"petite","second",3798,4076,375200,625049,8152,1250098,9,394,1804,98290,788,196580,"10mill-boot"
33,20,"petite","second",3686,4122,365424,634580,8244,1269160,16,384,2741,97365,768,194730,"10mill-boot"
33,21,"petite","second",3720,4121,366041,634098,8242,1268196,6,402,1232,98909,804,197818,"10mill-boot"
33,22,"petite","second",3832,4044,379431,620627,8088,1241254,7,404,1568,98775,808,197550,"10mill-boot"
33,23,"petite","second",3698,4166,364836,635289,8332,1270578,16,400,2822,97289,800,194578,"10mill-boot"
33,24,"petite","second",3714,4115,366061,634054,8230,1268108,13,374,2701,97367,748,194734,"10mill-boot"
33,25,"petite","second",3759,4091,371186,628879,8182,1257758,12,386,2202,98224,772,196448,"10mill-boot"
33,26,"petite","second",3741,4103,373502,626675,8206,1253350,8,386,1814,98589,772,197178,"10mill-boot"
33,27,"petite","second",3799,4066,373613,626451,8132,1252902,15,386,2608,97511,772,195022,"10mill-boot"
33,28,"petite","second",3696,4127,362960,637070,8254,1274140,16,380,2927,97576,760,195152,"10mill-boot"
33,29,"petite","second",3673,4170,361561,638609,8340,1277218,12,394,1874,98172,788,196344,"10mill-boot"
33,30,"petite","second",3695,4197,364125,635924,8394,1271848,9,384,2004,98157,768,196314,"10mill-boot"
9,1,"petite","second",3797,4170,373169,626949,8340,1253898,13,393,2987,97325,786,194650,"10mill-boot"
9,2,"petite","second",3731,4165,369160,630869,8330,1261738,21,374,4287,96213,748,192426,"10mill-boot"
9,3,"petite","second",3814,4154,371950,628092,8308,1256184,20,376,4153,95972,752,191944,"10mill-boot"
9,4,"petite","second",3679,4216,357447,642645,8432,1285290,20,379,4110,96067,758,192134,"10mill-boot"
9,5,"petite","second",3755,4176,368767,631361,8352,1262722,17,388,3436,97204,776,194408,"10mill-boot"
9,6,"petite","second",3710,4178,362955,637187,8356,1274374,10,386,1924,98248,772,196496,"10mill-boot"
9,7,"petite","second",3788,4172,367250,632810,8344,1265620,15,399,2961,97144,798,194288,"10mill-boot"
9,8,"petite","second",3639,4208,357660,642422,8416,1284844,5,391,1151,98975,782,197950,"10mill-boot"
9,9,"petite","second",3687,4207,362654,637351,8414,1274702,18,374,3424,96786,748,193572,"10mill-boot"
9,10,"petite","second",3619,4225,354875,645126,8450,1290252,10,379,2147,98274,758,196548,"10mill-boot"
9,11,"petite","second",3733,4196,367889,632344,8392,1264688,24,385,5036,95071,770,190142,"10mill-boot"
9,12,"petite","second",3679,4161,361915,638180,8322,1276360,13,380,2679,97360,760,194720,"10mill-boot"
9,13,"petite","second",3703,4162,369813,630218,8324,1260436,19,377,3863,96364,754,192728,"10mill-boot"
9,14,"petite","second",3714,4193,360762,639355,8386,1278710,14,380,2960,97227,760,194454,"10mill-boot"
9,15,"petite","second",3727,4159,365653,634441,8318,1268882,17,375,3489,96577,750,193154,"10mill-boot"
9,16,"petite","second",3770,4131,368608,631526,8262,1263052,18,387,3728,96430,774,192860,"10mill-boot"
9,17,"petite","second",3825,4073,377452,622556,8146,1245112,22,375,4594,95552,750,191104,"10mill-boot"
9,18,"petite","second",3668,4189,356716,643426,8378,1286852,14,388,2837,97413,776,194826,"10mill-boot"
9,19,"petite","second",3748,4154,368625,631440,8308,1262880,17,378,3800,96203,756,192406,"10mill-boot"
9,20,"petite","second",3676,4182,357600,642423,8364,1284846,9,385,1986,98191,770,196382,"10mill-boot"
9,21,"petite","second",3660,4192,358563,641439,8384,1282878,14,375,2794,97361,750,194722,"10mill-boot"
9,22,"petite","second",3698,4182,361471,638744,8364,1277488,16,387,3385,96831,774,193662,"10mill-boot"
9,23,"petite","second",3855,4105,377343,622783,8210,1245566,17,386,3095,97000,772,194000,"10mill-boot"
9,24,"petite","second",3637,4157,354259,645768,8314,1291536,9,379,1809,98199,758,196398,"10mill-boot"
9,25,"petite","second",3777,4149,371435,628754,8298,1257508,18,381,3645,96680,762,193360,"10mill-boot"
9,26,"petite","second",3663,4168,363312,636756,8336,1273512,19,380,4457,95822,760,191644,"10mill-boot"
9,27,"petite","second",3689,4096,363015,637127,8192,1274254,18,377,3751,96272,754,192544,"10mill-boot"
9,28,"petite","second",3794,4131,371710,628356,8262,1256712,23,379,4362,95733,758,191466,"10mill-boot"
9,29,"petite","second",3659,4165,360358,639745,8330,1279490,16,381,3962,96797,762,193594,"10mill-boot"
9,30,"petite","second",3763,4124,368610,631471,8248,1262942,21,380,4596,95416,760,190832,"10mill-boot"
34,1,"petite","second",3710,4136,369828,630174,8272,1260348,16,390,3237,97464,780,194928,"10mill-boot"
34,2,"petite","second",3712,4168,361564,638457,8336,1276914,12,395,2137,97907,790,195814,"10mill-boot"
34,3,"petite","second",3796,4119,373665,626376,8238,1252752,17,387,3580,96592,774,193184,"10mill-boot"
34,4,"petite","second",3684,4163,360988,639025,8326,1278050,19,388,3621,96944,776,193888,"10mill-boot"
34,5,"petite","second",3721,4155,366510,633519,8310,1267038,17,388,3294,96897,776,193794,"10mill-boot"
34,6,"petite","second",3874,4079,378264,621778,8158,1243556,15,390,3134,97051,780,194102,"10mill-boot"
34,7,"petite","second",3616,4177,354307,645753,8354,1291506,13,390,2880,97152,780,194304,"10mill-boot"
34,8,"petite","second",3754,4116,371813,628261,8232,1256522,20,385,4084,96009,770,192018,"10mill-boot"
34,9,"petite","second",3684,4166,362390,637653,8332,1275306,14,398,2974,97104,796,194208,"10mill-boot"
34,10,"petite","second",3807,4060,376729,623326,8120,1246652,17,381,3584,96822,762,193644,"10mill-boot"
34,11,"petite","second",3773,4050,373776,626255,8100,1252510,19,383,3802,96316,766,192632,"10mill-boot"
34,12,"petite","second",3698,4140,364727,635402,8280,1270804,16,394,3145,96950,788,193900,"10mill-boot"
34,13,"petite","second",3706,4185,367951,632128,8370,1264256,18,390,3415,97002,780,194004,"10mill-boot"
34,14,"petite","second",3714,4163,364678,635434,8326,1270868,15,391,2961,97099,782,194198,"10mill-boot"
34,15,"petite","second",3715,4114,368443,631597,8228,1263194,14,388,2660,97380,776,194760,"10mill-boot"
34,16,"petite","second",3805,4130,368329,631774,8260,1263548,16,387,2882,97350,774,194700,"10mill-boot"
34,17,"petite","second",3715,4184,362534,637542,8368,1275084,9,402,1791,98587,804,197174,"10mill-boot"
34,18,"petite","second",3742,4157,368730,631308,8314,1262616,12,400,2409,97995,800,195990,"10mill-boot"
34,19,"petite","second",3836,4123,374073,626047,8246,1252094,13,397,2329,97772,794,195544,"10mill-boot"
34,20,"petite","second",3669,4217,360708,639398,8434,1278796,14,390,2661,97515,780,195030,"10mill-boot"
34,21,"petite","second",3639,4182,359819,640204,8364,1280408,15,386,2858,97172,772,194344,"10mill-boot"
34,22,"petite","second",3629,4149,361381,638804,8298,1277608,19,382,4021,96305,764,192610,"10mill-boot"
34,23,"petite","second",3720,4169,365747,634284,8338,1268568,18,393,3950,96093,786,192186,"10mill-boot"
34,24,"petite","second",3870,4113,380253,619782,8226,1239564,13,397,2778,97737,794,195474,"10mill-boot"
34,25,"petite","second",3764,4119,374387,625789,8238,1251578,21,394,4243,95896,788,191792,"10mill-boot"
34,26,"petite","second",3674,4127,363397,636629,8254,1273258,21,391,4489,95932,782,191864,"10mill-boot"
34,27,"petite","second",3726,4118,366273,633872,8236,1267744,19,381,3365,96728,762,193456,"10mill-boot"
34,28,"petite","second",3740,4121,369448,630564,8242,1261128,14,392,3016,97281,784,194562,"10mill-boot"
34,29,"petite","second",3675,4138,361899,638115,8276,1276230,13,399,2473,98190,798,196380,"10mill-boot"
34,30,"petite","second",3724,4141,367039,632967,8282,1265934,10,400,1784,98446,800,196892,"10mill-boot"
7,1,"petite","second",3768,4112,371180,628883,8224,1257766,11,381,2373,97671,762,195342,"10mill-boot"
7,2,"petite","second",3790,4117,368582,631525,8234,1263050,11,376,2375,97788,752,195576,"10mill-boot"
7,3,"petite","second",3886,4092,381873,618239,8184,1236478,16,393,3042,98124,786,196248,"10mill-boot"
7,4,"petite","second",3736,4154,364552,635489,8308,1270978,12,396,2530,98117,792,196234,"10mill-boot"
7,5,"petite","second",3848,4119,373690,626359,8238,1252718,15,393,2982,97350,786,194700,"10mill-boot"
7,6,"petite","second",3870,4074,376848,623308,8148,1246616,10,398,1902,98165,796,196330,"10mill-boot"
7,7,"petite","second",3811,4127,371931,628118,8254,1256236,9,400,1732,98519,800,197038,"10mill-boot"
7,8,"petite","second",3724,4147,368082,631990,8294,1263980,7,396,1452,98674,792,197348,"10mill-boot"
7,9,"petite","second",3742,4150,367034,632989,8300,1265978,10,390,2180,98351,780,196702,"10mill-boot"
7,10,"petite","second",3772,4106,370801,629481,8212,1258962,15,371,3083,97105,742,194210,"10mill-boot"
7,11,"petite","second",3781,4158,371071,628942,8316,1257884,21,387,4238,95920,774,191840,"10mill-boot"
7,12,"petite","second",3832,4123,374960,625109,8246,1250218,14,382,3065,97344,764,194688,"10mill-boot"
7,13,"petite","second",3860,4035,382812,617199,8070,1234398,18,376,3721,96517,752,193034,"10mill-boot"
7,14,"petite","second",3785,4117,373876,626214,8234,1252428,14,389,2720,97785,778,195570,"10mill-boot"
7,15,"petite","second",3787,4100,369726,630373,8200,1260746,5,392,941,99308,784,198616,"10mill-boot"
7,16,"petite","second",3834,4121,376196,623889,8242,1247778,22,385,4288,95960,770,191920,"10mill-boot"
7,17,"petite","second",3859,4114,381421,618609,8228,1237218,7,396,1723,98338,792,196676,"10mill-boot"
7,18,"petite","second",3752,4140,368604,631494,8280,1262988,12,383,2287,97865,766,195730,"10mill-boot"
7,19,"petite","second",3889,4077,377667,622428,8154,1244856,8,399,1670,98360,798,196720,"10mill-boot"
7,20,"petite","second",3812,4118,371404,628625,8236,1257250,10,391,2010,98016,782,196032,"10mill-boot"
7,21,"petite","second",3812,4132,371312,628729,8264,1257458,13,386,2848,97306,772,194612,"10mill-boot"
7,22,"petite","second",3798,4147,369944,630184,8294,1260368,14,380,2869,97396,760,194792,"10mill-boot"
7,23,"petite","second",3804,4141,367838,632199,8282,1264398,15,388,3181,97254,776,194508,"10mill-boot"
7,24,"petite","second",3805,4153,367557,632592,8306,1265184,12,383,2224,97801,766,195602,"10mill-boot"
7,25,"petite","second",3724,4149,368566,631474,8298,1262948,14,387,2964,97249,774,194498,"10mill-boot"
7,26,"petite","second",3818,4081,376501,623741,8162,1247482,18,386,3877,96606,772,193212,"10mill-boot"
7,27,"petite","second",3771,4136,368071,631946,8272,1263892,11,387,2422,97714,774,195428,"10mill-boot"
7,28,"petite","second",3740,4139,365540,634490,8278,1268980,11,390,2288,97849,780,195698,"10mill-boot"
7,29,"petite","second",3811,4106,375181,624853,8212,1249706,11,395,2364,97918,790,195836,"10mill-boot"
7,30,"petite","second",3772,4112,369232,630816,8224,1261632,8,396,1577,98602,792,197204,"10mill-boot"
6,1,"petite","second",3664,4161,360402,639708,8322,1279416,10,385,1926,98185,770,196370,"10mill-boot"
6,2,"petite","second",3777,4157,367306,632706,8314,1265412,14,385,2422,97710,770,195420,"10mill-boot"
6,3,"petite","second",3715,4186,361893,638120,8372,1276240,16,380,3181,97417,760,194834,"10mill-boot"
6,4,"petite","second",3822,4114,373243,626779,8228,1253558,12,377,2283,97730,754,195460,"10mill-boot"
6,5,"petite","second",3742,4196,363018,637024,8392,1274048,13,385,2080,97933,770,195866,"10mill-boot"
6,6,"petite","second",3638,4245,358844,641254,8490,1282508,19,386,3876,96651,772,193302,"10mill-boot"
6,7,"petite","second",3779,4153,374619,625515,8306,1251030,11,388,2435,97566,776,195132,"10mill-boot"
6,8,"petite","second",3773,4152,371324,628846,8304,1257692,14,381,3108,97032,762,194064,"10mill-boot"
6,9,"petite","second",3831,4132,380266,619822,8264,1239644,15,396,3102,97361,792,194722,"10mill-boot"
6,10,"petite","second",3728,4194,365918,634217,8388,1268434,17,383,3099,97331,766,194662,"10mill-boot"
6,11,"petite","second",3735,4204,363578,636583,8408,1273166,9,406,1644,98585,812,197170,"10mill-boot"
6,12,"petite","second",3762,4197,364648,635353,8394,1270706,10,391,2154,98312,782,196624,"10mill-boot"
6,13,"petite","second",3686,4204,359938,640347,8408,1280694,12,393,2101,98178,786,196356,"10mill-boot"
6,14,"petite","second",3760,4180,364649,635466,8360,1270932,16,394,2865,97574,788,195148,"10mill-boot"
6,15,"petite","second",3688,4252,357635,642431,8504,1284862,18,393,3361,96710,786,193420,"10mill-boot"
6,16,"petite","second",3782,4172,370361,629657,8344,1259314,8,393,1493,98649,786,197298,"10mill-boot"
6,17,"petite","second",3768,4151,369606,630508,8302,1261016,3,394,691,99435,788,198870,"10mill-boot"
6,18,"petite","second",3687,4210,358689,641376,8420,1282752,19,374,3862,96227,748,192454,"10mill-boot"
6,19,"petite","second",3622,4219,357271,642820,8438,1285640,14,381,2992,97195,762,194390,"10mill-boot"
6,20,"petite","second",3746,4143,365996,634102,8286,1268204,21,378,3962,96536,756,193072,"10mill-boot"
6,21,"petite","second",3733,4176,364224,635978,8352,1271956,17,384,3100,96913,768,193826,"10mill-boot"
6,22,"petite","second",3738,4182,369026,631080,8364,1262160,10,398,1811,98357,796,196714,"10mill-boot"
6,23,"petite","second",3682,4159,360040,640008,8318,1280016,7,386,1421,98732,772,197464,"10mill-boot"
6,24,"petite","second",3678,4170,360994,639029,8340,1278058,21,375,3816,96434,750,192868,"10mill-boot"
6,25,"petite","second",3734,4168,364903,635097,8336,1270194,17,384,3429,96620,768,193240,"10mill-boot"
6,26,"petite","second",3628,4229,356768,643251,8458,1286502,15,393,2802,97250,786,194500,"10mill-boot"
6,27,"petite","second",3728,4218,366490,633618,8436,1267236,18,389,3638,96383,778,192766,"10mill-boot"
6,28,"petite","second",3827,4061,372504,627585,8122,1255170,7,395,1458,98630,790,197260,"10mill-boot"
6,29,"petite","second",3749,4130,366929,633287,8260,1266574,13,389,2538,98001,778,196002,"10mill-boot"
6,30,"petite","second",3742,4165,366970,633072,8330,1266144,15,384,2956,97271,768,194542,"10mill-boot"
1,1,"petite","second",3641,4248,359409,640613,8496,1281226,24,382,5288,95252,764,190504,"10mill-boot"
1,2,"petite","second",3614,4239,359489,640593,8478,1281186,13,389,2962,97340,778,194680,"10mill-boot"
1,3,"petite","second",3764,4210,374364,625648,8420,1251296,15,392,3328,96809,784,193618,"10mill-boot"
1,4,"petite","second",3700,4192,367895,632110,8384,1264220,8,395,1749,99283,790,198566,"10mill-boot"
1,5,"petite","second",3625,4242,360423,639754,8484,1279508,23,379,4833,95470,758,190940,"10mill-boot"
1,6,"petite","second",3557,4311,352378,647719,8622,1295438,19,391,4338,95710,782,191420,"10mill-boot"
1,7,"petite","second",3623,4253,362829,637281,8506,1274562,16,390,3334,96877,780,193754,"10mill-boot"
1,8,"petite","second",3549,4345,353279,646789,8690,1293578,17,388,3544,96570,776,193140,"10mill-boot"
1,9,"petite","second",3623,4268,360456,639669,8536,1279338,12,400,2492,97554,800,195108,"10mill-boot"
1,10,"petite","second",3726,4240,368672,631328,8480,1262656,17,393,3824,96201,786,192402,"10mill-boot"
1,11,"petite","second",3568,4289,354778,645254,8578,1290508,18,395,3988,96220,790,192440,"10mill-boot"
1,12,"petite","second",3660,4250,362054,638006,8500,1276012,12,395,2474,97749,790,195498,"10mill-boot"
1,13,"petite","second",3608,4280,357482,642646,8560,1285292,17,393,3759,96289,786,192578,"10mill-boot"
1,14,"petite","second",3714,4212,364704,635354,8424,1270708,13,382,2810,97230,764,194460,"10mill-boot"
1,15,"petite","second",3709,4205,366251,633845,8410,1267690,17,383,3844,96203,766,192406,"10mill-boot"
1,16,"petite","second",3581,4294,356926,643094,8588,1286188,24,385,4946,95517,770,191034,"10mill-boot"
1,17,"petite","second",3636,4230,361984,638088,8460,1276176,25,384,5059,94944,768,189888,"10mill-boot"
1,18,"petite","second",3674,4215,367429,632605,8430,1265210,22,396,4456,96192,792,192384,"10mill-boot"
1,19,"petite","second",3684,4235,365596,634451,8470,1268902,19,385,4016,96119,770,192238,"10mill-boot"
1,20,"petite","second",3601,4254,359883,640171,8508,1280342,18,382,3872,96228,764,192456,"10mill-boot"
1,21,"petite","second",3592,4298,355461,644641,8596,1289282,11,400,2474,97567,800,195134,"10mill-boot"
1,22,"petite","second",3635,4282,356423,643755,8564,1287510,17,402,3584,96799,804,193598,"10mill-boot"
1,23,"petite","second",3603,4279,361315,638718,8558,1277436,20,394,4135,95949,788,191898,"10mill-boot"
1,24,"petite","second",3647,4234,366272,633811,8468,1267622,15,398,3209,97215,796,194430,"10mill-boot"
1,25,"petite","second",3580,4274,353797,646288,8548,1292576,15,397,3286,96925,794,193850,"10mill-boot"
1,26,"petite","second",3625,4189,366469,633616,8378,1267232,27,371,5698,94560,742,189120,"10mill-boot"
1,27,"petite","second",3683,4196,367096,632938,8392,1265876,21,390,4925,95235,780,190470,"10mill-boot"
1,28,"petite","second",3605,4253,357829,642288,8506,1284576,20,398,4141,97085,796,194170,"10mill-boot"
1,29,"petite","second",3619,4285,362016,638099,8570,1276198,18,397,3645,96479,794,192958,"10mill-boot"
1,30,"petite","second",3652,4269,361178,638841,8538,1277682,26,383,5956,94471,766,188942,"10mill-boot"
8,1,"petite","second",3716,4221,356774,643247,8442,1286494,9,378,1780,98391,756,196782,"10mill-boot"
8,2,"petite","second",3594,4221,353278,646723,8442,1293446,10,388,2144,97957,776,195914,"10mill-boot"
8,3,"petite","second",3655,4212,356542,643461,8424,1286922,14,385,3187,96869,770,193738,"10mill-boot"
8,4,"petite","second",3648,4237,353155,646853,8474,1293706,7,390,1529,98730,780,197460,"10mill-boot"
8,5,"petite","second",3624,4256,348588,651481,8512,1302962,9,374,2086,97947,748,195894,"10mill-boot"
8,6,"petite","second",3626,4217,354358,645739,8434,1291478,6,385,1256,98959,770,197918,"10mill-boot"
8,7,"petite","second",3692,4236,361000,639003,8472,1278006,15,385,3119,97073,770,194146,"10mill-boot"
8,8,"petite","second",3548,4277,346030,654068,8554,1308136,9,381,1975,98080,762,196160,"10mill-boot"
8,9,"petite","second",3644,4172,357908,642139,8344,1284278,10,382,1928,98138,764,196276,"10mill-boot"
8,10,"petite","second",3558,4246,346433,653656,8492,1307312,5,388,1078,99292,776,198584,"10mill-boot"
8,11,"petite","second",3621,4285,352518,647738,8570,1295476,12,378,2405,97731,756,195462,"10mill-boot"
8,12,"petite","second",3624,4215,352532,647563,8430,1295126,7,390,1529,98650,780,197300,"10mill-boot"
8,13,"petite","second",3714,4221,358860,641308,8442,1282616,13,389,2841,97244,778,194488,"10mill-boot"
8,14,"petite","second",3459,4288,337339,662743,8576,1325486,6,375,1396,98759,750,197518,"10mill-boot"
8,15,"petite","second",3733,4196,360071,639942,8392,1279884,12,406,2428,98019,812,196038,"10mill-boot"
8,16,"petite","second",3603,4252,351434,648687,8504,1297374,15,378,3013,97238,756,194476,"10mill-boot"
8,17,"petite","second",3669,4252,355429,644823,8504,1289646,10,387,2045,98515,774,197030,"10mill-boot"
8,18,"petite","second",3650,4256,351838,648255,8512,1296510,18,381,3702,96449,762,192898,"10mill-boot"
8,19,"petite","second",3639,4184,354634,645404,8368,1290808,10,377,2207,97904,754,195808,"10mill-boot"
8,20,"petite","second",3529,4246,341488,658608,8492,1317216,12,378,2663,97421,756,194842,"10mill-boot"
8,21,"petite","second",3627,4222,353455,646625,8444,1293250,9,383,1865,98674,766,197348,"10mill-boot"
8,22,"petite","second",3636,4235,351863,648137,8470,1296274,12,372,2613,97477,744,194954,"10mill-boot"
8,23,"petite","second",3642,4188,350630,649497,8376,1298994,2,391,373,99704,782,199408,"10mill-boot"
8,24,"petite","second",3576,4256,347449,652615,8512,1305230,3,386,617,99659,772,199318,"10mill-boot"
8,25,"petite","second",3697,4180,360359,639666,8360,1279332,11,387,2502,98395,774,196790,"10mill-boot"
8,26,"petite","second",3547,4258,343282,656746,8516,1313492,8,380,1546,99309,760,198618,"10mill-boot"
8,27,"petite","second",3660,4214,358038,642352,8428,1284704,13,381,2647,98053,762,196106,"10mill-boot"
8,28,"petite","second",3597,4245,347135,652925,8490,1305850,5,388,1005,99082,776,198164,"10mill-boot"
8,29,"petite","second",3636,4158,354165,645933,8316,1291866,7,380,1409,98725,760,197450,"10mill-boot"
8,30,"petite","second",3649,4163,356274,643836,8326,1287672,12,384,2375,98015,768,196030,"10mill-boot"
35,1,"petite","second",3876,4074,375958,624245,8148,1248490,17,378,3337,97381,756,194762,"10mill-boot"
35,2,"petite","second",3733,4119,363130,636944,8238,1273888,8,384,1766,98303,768,196606,"10mill-boot"
35,3,"petite","second",3727,4136,360950,639102,8272,1278204,9,391,1662,98749,782,197498,"10mill-boot"
35,4,"petite","second",3610,4184,352075,648127,8368,1296254,13,381,2516,97984,762,195968,"10mill-boot"
35,5,"petite","second",3786,4141,366568,633495,8282,1266990,21,384,3929,96097,768,192194,"10mill-boot"
35,6,"petite","second",3713,4187,361961,638101,8374,1276202,12,383,2231,97908,766,195816,"10mill-boot"
35,7,"petite","second",3653,4198,358088,642001,8396,1284002,8,399,1584,99526,798,199052,"10mill-boot"
35,8,"petite","second",3728,4172,361351,638748,8344,1277496,18,382,3375,96733,764,193466,"10mill-boot"
35,9,"petite","second",3702,4139,363496,636555,8278,1273110,8,398,1392,99147,796,198294,"10mill-boot"
35,10,"petite","second",3827,4085,373147,627052,8170,1254104,21,386,3725,96307,772,192614,"10mill-boot"
35,11,"petite","second",3672,4129,357266,642866,8258,1285732,10,368,2077,98243,736,196486,"10mill-boot"
35,12,"petite","second",3787,4118,368311,631727,8236,1263454,10,384,1806,98256,768,196512,"10mill-boot"
35,13,"petite","second",3715,4164,362028,637999,8328,1275998,12,396,2153,98434,792,196868,"10mill-boot"
35,14,"petite","second",3881,4111,377445,622638,8222,1245276,8,392,1646,98420,784,196840,"10mill-boot"
35,15,"petite","second",3559,4213,347898,652134,8426,1304268,5,383,884,99213,766,198426,"10mill-boot"
35,16,"petite","second",3782,4099,369314,630702,8198,1261404,18,396,3252,97028,792,194056,"10mill-boot"
35,17,"petite","second",3699,4178,360614,639421,8356,1278842,17,401,3371,97148,802,194296,"10mill-boot"
35,18,"petite","second",3796,4104,369567,630460,8208,1260920,9,384,1928,98284,768,196568,"10mill-boot"
35,19,"petite","second",3700,4178,360164,639855,8356,1279710,10,389,2155,97957,778,195914,"10mill-boot"
35,20,"petite","second",3771,4162,369224,630781,8324,1261562,12,400,2226,97792,800,195584,"10mill-boot"
35,21,"petite","second",3681,4160,358786,641239,8320,1282478,12,379,2399,97819,758,195638,"10mill-boot"
35,22,"petite","second",3721,4143,358730,641298,8286,1282596,8,389,1659,98505,778,197010,"10mill-boot"
35,23,"petite","second",3720,4178,362260,637902,8356,1275804,16,379,3435,96868,758,193736,"10mill-boot"
35,24,"petite","second",3725,4133,364065,636077,8266,1272154,17,376,3155,96941,752,193882,"10mill-boot"
35,25,"petite","second",3691,4150,360744,639321,8300,1278642,18,382,3481,96584,764,193168,"10mill-boot"
35,26,"petite","second",3695,4182,360070,640020,8364,1280040,14,385,2476,97732,770,195464,"10mill-boot"
35,27,"petite","second",3784,4149,369261,630764,8298,1261528,11,400,2191,98247,800,196494,"10mill-boot"
35,28,"petite","second",3722,4153,361037,638976,8306,1277952,8,378,1505,98545,756,197090,"10mill-boot"
35,29,"petite","second",3690,4170,358918,641180,8340,1282360,11,380,2116,97913,760,195826,"10mill-boot"
35,30,"petite","second",3704,4216,361134,638978,8432,1277956,20,393,3894,96336,786,192672,"10mill-boot"
32,1,"petite","second",3805,4140,367323,632816,8280,1265632,11,393,2156,97934,786,195868,"10mill-boot"
32,2,"petite","second",3792,4108,372845,627182,8216,1254364,12,407,2318,97769,814,195538,"10mill-boot"
32,3,"petite","second",3727,4196,362766,637238,8392,1274476,7,392,1279,99000,784,198000,"10mill-boot"
32,4,"petite","second",3807,4120,370398,629611,8240,1259222,20,399,3274,96789,798,193578,"10mill-boot"
32,5,"petite","second",3775,4151,370402,629613,8302,1259226,14,383,2491,97956,766,195912,"10mill-boot"
32,6,"petite","second",3846,4148,376128,623928,8296,1247856,11,393,2115,98171,786,196342,"10mill-boot"
32,7,"petite","second",3822,4183,366484,633582,8366,1267164,15,391,2832,97195,782,194390,"10mill-boot"
32,8,"petite","second",3827,4096,374681,625396,8192,1250792,8,397,1514,98590,794,197180,"10mill-boot"
32,9,"petite","second",3789,4137,370075,630043,8274,1260086,10,390,1922,98323,780,196646,"10mill-boot"
32,10,"petite","second",3870,4061,378608,621434,8122,1242868,17,389,3117,97222,778,194444,"10mill-boot"
32,11,"petite","second",3693,4169,360656,639435,8338,1278870,12,394,2379,98106,788,196212,"10mill-boot"
32,12,"petite","second",3798,4173,370374,629795,8346,1259590,18,394,3577,96852,788,193704,"10mill-boot"
32,13,"petite","second",3830,4145,370424,629605,8290,1259210,12,395,2453,97681,790,195362,"10mill-boot"
32,14,"petite","second",3789,4092,375699,624301,8184,1248602,17,393,3057,96951,786,193902,"10mill-boot"
32,15,"petite","second",3732,4228,361607,638474,8456,1276948,15,388,2711,97421,776,194842,"10mill-boot"
32,16,"petite","second",3745,4130,366911,633112,8260,1266224,8,384,1325,98743,768,197486,"10mill-boot"
32,17,"petite","second",3793,4137,368486,631589,8274,1263178,8,389,1475,98788,778,197576,"10mill-boot"
32,18,"petite","second",3772,4123,370946,629195,8246,1258390,11,392,1978,98229,784,196458,"10mill-boot"
32,19,"petite","second",3717,4170,366397,633604,8340,1267208,8,403,1501,99441,806,198882,"10mill-boot"
32,20,"petite","second",3777,4173,368785,631245,8346,1262490,13,398,2396,97769,796,195538,"10mill-boot"
32,21,"petite","second",3781,4193,367071,632998,8386,1265996,5,401,949,99243,802,198486,"10mill-boot"
32,22,"petite","second",3775,4146,366704,633416,8292,1266832,18,386,3208,96800,772,193600,"10mill-boot"
32,23,"petite","second",3760,4154,367806,632288,8308,1264576,10,400,1644,98495,800,196990,"10mill-boot"
32,24,"petite","second",3777,4111,372107,627906,8222,1255812,15,380,3077,97653,760,195306,"10mill-boot"
32,25,"petite","second",3853,4073,379597,620620,8146,1241240,10,400,2010,98431,800,196862,"10mill-boot"
32,26,"petite","second",3770,4107,370449,629571,8214,1259142,16,377,3141,97306,754,194612,"10mill-boot"
32,27,"petite","second",3825,4146,375807,624351,8292,1248702,15,397,2678,97803,794,195606,"10mill-boot"
32,28,"petite","second",3649,4182,357733,642339,8364,1284678,12,387,2144,97874,774,195748,"10mill-boot"
32,29,"petite","second",3895,4075,383174,616829,8150,1233658,18,398,3305,96781,796,193562,"10mill-boot"
32,30,"petite","second",3817,4139,374711,625295,8278,1250590,9,395,1746,98534,790,197068,"10mill-boot"
50,1,"petite","second",3845,4109,372729,627430,8218,1254860,17,385,3535,96627,770,193254,"10mill-boot"
50,2,"petite","second",3791,4085,372812,627377,8170,1254754,11,396,1984,98229,792,196458,"10mill-boot"
50,3,"petite","second",3748,4043,368856,631176,8086,1262352,24,368,4970,95449,736,190898,"10mill-boot"
50,4,"petite","second",3745,4112,366581,633525,8224,1267050,17,376,3341,96821,752,193642,"10mill-boot"
50,5,"petite","second",3701,4140,362819,637234,8280,1274468,9,397,2010,98165,794,196330,"10mill-boot"
50,6,"petite","second",3801,4088,373326,626707,8176,1253414,13,382,2631,97545,764,195090,"10mill-boot"
50,7,"petite","second",3794,4101,371619,628588,8202,1257176,15,390,3054,97077,780,194154,"10mill-boot"
50,8,"petite","second",3745,4136,368257,631932,8272,1263864,11,388,2198,98295,776,196590,"10mill-boot"
50,9,"petite","second",3762,4096,370838,629228,8192,1258456,11,388,2195,98317,776,196634,"10mill-boot"
50,10,"petite","second",3768,4107,368491,631603,8214,1263206,14,397,2748,97606,794,195212,"10mill-boot"
50,11,"petite","second",3693,4207,361345,638738,8414,1277476,17,382,3363,96783,764,193566,"10mill-boot"
50,12,"petite","second",3772,4069,375473,624657,8138,1249314,9,392,1549,98694,784,197388,"10mill-boot"
50,13,"petite","second",3722,4170,364698,635337,8340,1270674,16,388,2922,97117,776,194234,"10mill-boot"
50,14,"petite","second",3737,4076,369158,631026,8152,1262052,16,379,3267,97234,758,194468,"10mill-boot"
50,15,"petite","second",3692,4115,363668,636503,8230,1273006,20,367,3954,96157,734,192314,"10mill-boot"
50,16,"petite","second",3804,4115,372525,627590,8230,1255180,17,396,3679,96358,792,192716,"10mill-boot"
50,17,"petite","second",3809,4129,370099,629911,8258,1259822,15,386,3127,97347,772,194694,"10mill-boot"
50,18,"petite","second",3794,4135,366518,633559,8270,1267118,10,387,2141,98375,774,196750,"10mill-boot"
50,19,"petite","second",3738,4121,366442,633625,8242,1267250,17,378,3355,97415,756,194830,"10mill-boot"
50,20,"petite","second",3783,4052,374882,625205,8104,1250410,12,384,2376,97739,768,195478,"10mill-boot"
50,21,"petite","second",3773,4138,369985,630074,8276,1260148,16,390,3223,96813,780,193626,"10mill-boot"
50,22,"petite","second",3765,4109,373032,627136,8218,1254272,16,392,3404,96625,784,193250,"10mill-boot"
50,23,"petite","second",3743,4104,368743,631311,8208,1262622,13,390,2882,98551,780,197102,"10mill-boot"
50,24,"petite","second",3711,4049,371333,628671,8098,1257342,14,379,2925,97252,758,194504,"10mill-boot"
50,25,"petite","second",3818,4098,374390,625774,8196,1251548,24,393,4403,95823,786,191646,"10mill-boot"
50,26,"petite","second",3758,4097,372116,628043,8194,1256086,18,391,3552,96457,782,192914,"10mill-boot"
50,27,"petite","second",3765,4096,367121,632959,8192,1265918,14,394,3136,97704,788,195408,"10mill-boot"
50,28,"petite","second",3695,4173,362609,637469,8346,1274938,14,382,2963,97163,764,194326,"10mill-boot"
50,29,"petite","second",3646,4182,357562,642530,8364,1285060,16,383,3108,97074,766,194148,"10mill-boot"
50,30,"petite","second",3832,4072,375732,624293,8144,1248586,17,380,3522,96955,760,193910,"10mill-boot"
43,1,"petite","second",3765,4127,367074,632999,8254,1265998,13,389,2664,97746,778,195492,"10mill-boot"
43,2,"petite","second",3751,4112,367173,632855,8224,1265710,13,384,2481,97792,768,195584,"10mill-boot"
43,3,"petite","second",3780,4131,363072,637014,8262,1274028,17,371,3396,97025,742,194050,"10mill-boot"
43,4,"petite","second",3763,4122,367274,632789,8244,1265578,24,375,4744,95379,750,190758,"10mill-boot"
43,5,"petite","second",3851,4043,378496,621543,8086,1243086,20,361,3880,96331,722,192662,"10mill-boot"
43,6,"petite","second",3801,4088,374014,626006,8176,1252012,16,389,2838,97218,778,194436,"10mill-boot"
43,7,"petite","second",3754,4096,368181,631831,8192,1263662,16,380,2917,97195,760,194390,"10mill-boot"
43,8,"petite","second",3751,4114,366701,633344,8228,1266688,23,372,4531,95614,744,191228,"10mill-boot"
43,9,"petite","second",3773,4159,367865,632223,8318,1264446,13,389,2627,97433,778,194866,"10mill-boot"
43,10,"petite","second",3744,4134,369100,630985,8268,1261970,14,388,2390,98103,776,196206,"10mill-boot"
43,11,"petite","second",3812,4032,372899,627271,8064,1254542,18,366,3414,96699,732,193398,"10mill-boot"
43,12,"petite","second",3763,4113,368431,631631,8226,1263262,18,376,3330,96772,752,193544,"10mill-boot"
43,13,"petite","second",3849,4126,373892,626125,8252,1252250,19,375,3864,96337,750,192674,"10mill-boot"
43,14,"petite","second",3749,4147,363433,636658,8294,1273316,12,386,1949,98320,772,196640,"10mill-boot"
43,15,"petite","second",3795,4175,367816,632234,8350,1264468,21,369,4045,96333,738,192666,"10mill-boot"
43,16,"petite","second",3766,4144,370277,629830,8288,1259660,18,386,3821,96724,772,193448,"10mill-boot"
43,17,"petite","second",3795,4124,366391,633644,8248,1267288,8,391,1579,98539,782,197078,"10mill-boot"
43,18,"petite","second",3651,4176,360051,640072,8352,1280144,16,377,3754,96262,754,192524,"10mill-boot"
43,19,"petite","second",3757,4093,369691,630684,8186,1261368,10,376,1875,98169,752,196338,"10mill-boot"
43,20,"petite","second",3779,4114,369727,630282,8228,1260564,16,384,3135,97455,768,194910,"10mill-boot"
43,21,"petite","second",3820,4121,373140,626894,8242,1253788,13,390,2373,97793,780,195586,"10mill-boot"
43,22,"petite","second",3707,4107,362116,637958,8214,1275916,14,383,2872,97475,766,194950,"10mill-boot"
43,23,"petite","second",3856,4067,380933,619068,8134,1238136,29,378,5399,94680,756,189360,"10mill-boot"
43,24,"petite","second",3776,4151,366792,633236,8302,1266472,16,376,3477,96573,752,193146,"10mill-boot"
43,25,"petite","second",3820,4031,379314,620806,8062,1241612,17,378,3613,96585,756,193170,"10mill-boot"
43,26,"petite","second",3716,4151,368294,631732,8302,1263464,27,374,5440,94988,748,189976,"10mill-boot"
43,27,"petite","second",3750,4141,365037,635049,8282,1270098,21,379,4400,95942,758,191884,"10mill-boot"
43,28,"petite","second",3759,4087,370771,629418,8174,1258836,14,379,2812,97436,758,194872,"10mill-boot"
43,29,"petite","second",3801,4112,369826,630239,8224,1260478,16,380,3113,96993,760,193986,"10mill-boot"
43,30,"petite","second",3773,4145,368792,631331,8290,1262662,19,378,3684,96458,756,192916,"10mill-boot"
44,1,"petite","second",3804,4108,374902,625247,8216,1250494,4,395,668,99400,790,198800,"10mill-boot"
44,2,"petite","second",3754,4115,371341,628672,8230,1257344,8,396,1293,99092,792,198184,"10mill-boot"
44,3,"petite","second",3816,4121,371138,628976,8242,1257952,3,414,494,99557,828,199114,"10mill-boot"
44,4,"petite","second",3740,4137,369044,630995,8274,1261990,4,396,687,99431,792,198862,"10mill-boot"
44,5,"petite","second",3682,4161,360720,639447,8322,1278894,2,398,315,99774,796,199548,"10mill-boot"
44,6,"petite","second",3734,4132,368494,631525,8264,1263050,6,390,1066,99220,780,198440,"10mill-boot"
44,7,"petite","second",3782,4142,367417,632631,8284,1265262,2,396,358,99859,792,199718,"10mill-boot"
44,8,"petite","second",3657,4103,358412,641613,8206,1283226,3,377,468,99614,754,199228,"10mill-boot"
44,9,"petite","second",3771,4133,367853,632254,8266,1264508,12,385,2109,98126,770,196252,"10mill-boot"
44,10,"petite","second",3706,4139,365418,634664,8278,1269328,7,398,1174,99391,796,198782,"10mill-boot"
44,11,"petite","second",3706,4173,365657,634392,8346,1268784,10,393,1800,99073,786,198146,"10mill-boot"
44,12,"petite","second",3806,4087,374658,625347,8174,1250694,3,394,479,100113,788,200226,"10mill-boot"
44,13,"petite","second",3791,4100,374077,626091,8200,1252182,2,395,416,99601,790,199202,"10mill-boot"
44,14,"petite","second",3791,4097,371219,628821,8194,1257642,4,387,696,99413,774,198826,"10mill-boot"
44,15,"petite","second",3759,4126,367972,632057,8252,1264114,7,389,1262,98866,778,197732,"10mill-boot"
44,16,"petite","second",3838,4087,370418,629630,8174,1259260,7,398,1220,98882,796,197764,"10mill-boot"
44,17,"petite","second",3789,4086,369200,630829,8172,1261658,4,395,673,100182,790,200364,"10mill-boot"
44,18,"petite","second",3760,4119,366930,633127,8238,1266254,7,387,1229,98970,774,197940,"10mill-boot"
44,19,"petite","second",3692,4134,366177,633950,8268,1267900,3,403,494,99623,806,199246,"10mill-boot"
44,20,"petite","second",3808,4081,372355,627785,8162,1255570,4,389,691,99317,778,198634,"10mill-boot"
44,21,"petite","second",3673,4124,365348,634673,8248,1269346,5,378,890,99185,756,198370,"10mill-boot"
44,22,"petite","second",3795,4078,373703,626430,8156,1252860,9,386,1626,98406,772,196812,"10mill-boot"
44,23,"petite","second",3769,4117,373476,626542,8234,1253084,6,405,1005,99157,810,198314,"10mill-boot"
44,24,"petite","second",3693,4130,364833,635197,8260,1270394,5,402,818,99824,804,199648,"10mill-boot"
44,25,"petite","second",3687,4155,358783,641385,8310,1282770,6,402,1141,99155,804,198310,"10mill-boot"
44,26,"petite","second",3743,4118,369084,630977,8236,1261954,5,393,823,99410,786,198820,"10mill-boot"
44,27,"petite","second",3709,4191,362843,637215,8382,1274430,7,392,1225,98918,784,197836,"10mill-boot"
44,28,"petite","second",3662,4131,365240,634808,8262,1269616,3,405,552,99533,810,199066,"10mill-boot"
44,29,"petite","second",3682,4115,362918,637135,8230,1274270,2,386,358,99933,772,199866,"10mill-boot"
44,30,"petite","second",3766,4097,370920,629170,8194,1258340,4,383,717,99493,766,198986,"10mill-boot"
10,1,"petite","second",3705,4145,368425,631580,8290,1263160,23,379,5052,95146,758,190292,"10mill-boot"
10,2,"petite","second",3716,4123,368371,631845,8246,1263690,21,380,4568,95760,760,191520,"10mill-boot"
10,3,"petite","second",3701,4103,368065,631960,8206,1263920,20,383,4035,96361,766,192722,"10mill-boot"
10,4,"petite","second",3677,4176,366284,633741,8352,1267482,16,371,3630,96581,742,193162,"10mill-boot"
10,5,"petite","second",3894,4024,385989,614278,8048,1228556,23,382,5326,95104,764,190208,"10mill-boot"
10,6,"petite","second",3758,4147,371866,628394,8294,1256788,25,365,5538,94704,730,189408,"10mill-boot"
10,7,"petite","second",3814,4084,378894,621190,8168,1242380,24,379,5494,95148,758,190296,"10mill-boot"
10,8,"petite","second",3750,4112,370818,629396,8224,1258792,21,383,4212,95942,766,191884,"10mill-boot"
10,9,"petite","second",3694,4074,370091,630013,8148,1260026,17,369,3762,96332,738,192664,"10mill-boot"
10,10,"petite","second",3685,4146,368490,631627,8292,1263254,14,389,2559,97801,778,195602,"10mill-boot"
10,11,"petite","second",3682,4224,359909,640099,8448,1280198,22,384,4836,95281,768,190562,"10mill-boot"
10,12,"petite","second",3724,4129,368912,631170,8258,1262340,17,374,3974,96727,748,193454,"10mill-boot"
10,13,"petite","second",3658,4171,364171,635857,8342,1271714,21,385,4492,96653,770,193306,"10mill-boot"
10,14,"petite","second",3691,4151,367250,632809,8302,1265618,18,380,3550,97015,760,194030,"10mill-boot"
10,15,"petite","second",3678,4085,364904,635231,8170,1270462,24,368,5072,95250,736,190500,"10mill-boot"
10,16,"petite","second",3696,4112,365949,634095,8224,1268190,29,367,6180,94017,734,188034,"10mill-boot"
10,17,"petite","second",3710,4098,374958,625150,8196,1250300,28,381,5931,94882,762,189764,"10mill-boot"
10,18,"petite","second",3784,4093,376567,623481,8186,1246962,19,393,4246,96404,786,192808,"10mill-boot"
10,19,"petite","second",3844,4052,382256,617752,8104,1235504,8,389,1714,98400,778,196800,"10mill-boot"
10,20,"petite","second",3689,4215,366559,633513,8430,1267026,29,381,6443,93781,762,187562,"10mill-boot"
10,21,"petite","second",3613,4111,363383,636806,8222,1273612,16,375,3312,96734,750,193468,"10mill-boot"
10,22,"petite","second",3769,4094,375511,624571,8188,1249142,19,382,4480,95744,764,191488,"10mill-boot"
10,23,"petite","second",3643,4139,361113,638970,8278,1277940,9,379,2002,98246,758,196492,"10mill-boot"
10,24,"petite","second",3688,4199,368750,631319,8398,1262638,17,387,3951,97617,774,195234,"10mill-boot"
10,25,"petite","second",3767,4145,371520,628526,8290,1257052,20,385,4311,95929,770,191858,"10mill-boot"
10,26,"petite","second",3669,4167,368602,631427,8334,1262854,24,379,4991,95156,758,190312,"10mill-boot"
10,27,"petite","second",3715,4108,372238,627799,8216,1255598,26,384,5135,95250,768,190500,"10mill-boot"
10,28,"petite","second",3635,4124,361532,638510,8248,1277020,15,374,3573,96807,748,193614,"10mill-boot"
10,29,"petite","second",3637,4182,361431,638659,8364,1277318,11,385,2054,98006,770,196012,"10mill-boot"
10,30,"petite","second",3708,4116,374043,626013,8232,1252026,21,381,4748,95470,762,190940,"10mill-boot"
17,1,"petite","second",3799,4095,368208,631905,8190,1263810,14,381,2976,97041,762,194082,"10mill-boot"
17,2,"petite","second",3610,4150,354460,645597,8300,1291194,7,397,1294,99329,794,198658,"10mill-boot"
17,3,"petite","second",3705,4128,358936,641258,8256,1282516,11,383,2458,98516,766,197032,"10mill-boot"
17,4,"petite","second",3794,4132,368368,631642,8264,1263284,16,377,3757,96687,754,193374,"10mill-boot"
17,5,"petite","second",3628,4130,354153,645985,8260,1291970,11,381,2545,97940,762,195880,"10mill-boot"
17,6,"petite","second",3880,4095,375219,624861,8190,1249722,12,392,2833,97201,784,194402,"10mill-boot"
17,7,"petite","second",3756,4087,364423,635657,8174,1271314,9,370,1950,98359,740,196718,"10mill-boot"
17,8,"petite","second",3713,4146,361982,638035,8292,1276070,15,389,3419,96805,778,193610,"10mill-boot"
17,9,"petite","second",3761,4101,369127,631042,8202,1262084,7,408,1374,98694,816,197388,"10mill-boot"
17,10,"petite","second",3698,4173,361918,638207,8346,1276414,15,376,3363,97135,752,194270,"10mill-boot"
17,11,"petite","second",3659,4165,353835,646189,8330,1292378,13,366,2985,97047,732,194094,"10mill-boot"
17,12,"petite","second",3770,4161,367826,632228,8322,1264456,16,396,3478,96840,792,193680,"10mill-boot"
17,13,"petite","second",3770,4102,368013,632018,8204,1264036,19,381,4080,95978,762,191956,"10mill-boot"
17,14,"petite","second",3737,4115,364453,635603,8230,1271206,12,396,2538,97525,792,195050,"10mill-boot"
17,15,"petite","second",3749,4106,366827,633203,8212,1266406,11,374,2651,97414,748,194828,"10mill-boot"
17,16,"petite","second",3729,4164,361185,638855,8328,1277710,16,398,3503,96632,796,193264,"10mill-boot"
17,17,"petite","second",3782,4097,369796,630264,8194,1260528,12,387,2573,97669,774,195338,"10mill-boot"
17,18,"petite","second",3657,4147,359772,640461,8294,1280922,7,382,1641,98449,764,196898,"10mill-boot"
17,19,"petite","second",3727,4096,369234,630846,8192,1261692,14,383,3182,96857,766,193714,"10mill-boot"
17,20,"petite","second",3799,4080,374845,625334,8160,1250668,25,371,5424,94717,742,189434,"10mill-boot"
17,21,"petite","second",3771,4091,370257,629803,8182,1259606,16,377,3335,96707,754,193414,"10mill-boot"
17,22,"petite","second",3746,4091,364787,635224,8182,1270448,16,383,3547,96605,766,193210,"10mill-boot"
17,23,"petite","second",3666,4127,354672,645349,8254,1290698,13,380,2976,97305,760,194610,"10mill-boot"
17,24,"petite","second",3717,4123,367030,633074,8246,1266148,15,381,3486,96764,762,193528,"10mill-boot"
17,25,"petite","second",3717,4127,361450,638762,8254,1277524,17,384,3588,96864,768,193728,"10mill-boot"
17,26,"petite","second",3818,4115,372218,627848,8230,1255696,15,374,3307,96793,748,193586,"10mill-boot"
17,27,"petite","second",3794,4087,371338,628751,8174,1257502,20,381,4464,95599,762,191198,"10mill-boot"
17,28,"petite","second",3669,4131,359581,640446,8262,1280892,14,381,3185,96977,762,193954,"10mill-boot"
17,29,"petite","second",3653,4115,359344,640705,8230,1281410,19,381,4180,96011,762,192022,"10mill-boot"
17,30,"petite","second",3713,4090,367466,632627,8180,1265254,11,393,2503,97690,786,195380,"10mill-boot"
28,1,"petite","second",3695,4211,361660,638385,8422,1276770,20,385,3859,96347,770,192694,"10mill-boot"
28,2,"petite","second",3620,4229,355302,644699,8458,1289398,15,397,2919,97401,794,194802,"10mill-boot"
28,3,"petite","second",3684,4219,359306,640725,8438,1281450,21,383,3828,96385,766,192770,"10mill-boot"
28,4,"petite","second",3682,4204,358463,641625,8408,1283250,20,373,3869,96587,746,193174,"10mill-boot"
28,5,"petite","second",3613,4163,360220,639944,8326,1279888,23,381,4256,95776,762,191552,"10mill-boot"
28,6,"petite","second",3671,4217,358579,641462,8434,1282924,21,384,3912,96308,768,192616,"10mill-boot"
28,7,"petite","second",3679,4267,361721,638379,8534,1276758,21,388,3907,96260,776,192520,"10mill-boot"
28,8,"petite","second",3795,4135,374306,625739,8270,1251478,23,387,4243,95863,774,191726,"10mill-boot"
28,9,"petite","second",3668,4235,356972,643084,8470,1286168,24,383,4573,95551,766,191102,"10mill-boot"
28,10,"petite","second",3743,4144,369098,630953,8288,1261906,25,380,4630,95414,760,190828,"10mill-boot"
28,11,"petite","second",3708,4167,367272,632791,8334,1265582,19,387,3923,96105,774,192210,"10mill-boot"
28,12,"petite","second",3729,4205,363734,636365,8410,1272730,21,398,3702,96718,796,193436,"10mill-boot"
28,13,"petite","second",3726,4215,365574,634453,8430,1268906,26,382,4955,95634,764,191268,"10mill-boot"
28,14,"petite","second",3677,4211,359588,640546,8422,1281092,19,400,3284,96894,800,193788,"10mill-boot"
28,15,"petite","second",3704,4190,363879,636123,8380,1272246,29,384,5554,94633,768,189266,"10mill-boot"
28,16,"petite","second",3707,4191,364714,635308,8382,1270616,20,399,4109,96157,798,192314,"10mill-boot"
28,17,"petite","second",3643,4168,361163,638984,8336,1277968,14,390,2595,98897,780,197794,"10mill-boot"
28,18,"petite","second",3759,4174,368428,631646,8348,1263292,26,380,5408,94919,760,189838,"10mill-boot"
28,19,"petite","second",3781,4155,369408,630640,8310,1261280,17,391,3339,97079,782,194158,"10mill-boot"
28,20,"petite","second",3709,4162,365467,634625,8324,1269250,17,385,3314,97034,770,194068,"10mill-boot"
28,21,"petite","second",3624,4267,357156,642871,8534,1285742,24,382,4498,95781,764,191562,"10mill-boot"
28,22,"petite","second",3655,4202,360523,639488,8404,1278976,16,386,3131,96869,772,193738,"10mill-boot"
28,23,"petite","second",3707,4214,358974,641034,8428,1282068,22,384,4039,96487,768,192974,"10mill-boot"
28,24,"petite","second",3717,4178,363783,636355,8356,1272710,15,394,2807,97505,788,195010,"10mill-boot"
28,25,"petite","second",3706,4134,363575,636447,8268,1272894,28,368,5262,94900,736,189800,"10mill-boot"
28,26,"petite","second",3684,4188,360089,639924,8376,1279848,18,377,3312,96929,754,193858,"10mill-boot"
28,27,"petite","second",3734,4114,368878,631285,8228,1262570,21,389,3540,96564,778,193128,"10mill-boot"
28,28,"petite","second",3696,4121,363358,636668,8242,1273336,22,384,4110,95947,768,191894,"10mill-boot"
28,29,"petite","second",3683,4189,362538,637701,8378,1275402,20,388,3720,96448,776,192896,"10mill-boot"
28,30,"petite","second",3692,4177,364752,635407,8354,1270814,27,391,4923,95143,782,190286,"10mill-boot"
21,1,"petite","second",3697,4158,363071,636974,8316,1273948,18,393,3551,96523,786,193046,"10mill-boot"
21,2,"petite","second",3889,4065,381461,618641,8130,1237282,14,383,3089,96999,766,193998,"10mill-boot"
21,3,"petite","second",3849,4140,371193,628879,8280,1257758,12,400,2746,97556,800,195112,"10mill-boot"
21,4,"petite","second",3767,4130,366697,633459,8260,1266918,13,389,2628,97663,778,195326,"10mill-boot"
21,5,"petite","second",3780,4144,372605,627452,8288,1254904,13,393,2885,97289,786,194578,"10mill-boot"
21,6,"petite","second",3887,4008,382642,617427,8016,1234854,15,384,3361,96709,768,193418,"10mill-boot"
21,7,"petite","second",3784,4169,366933,633179,8338,1266358,10,394,2226,98140,788,196280,"10mill-boot"
21,8,"petite","second",3797,4178,369759,630303,8356,1260606,4,397,828,99542,794,199084,"10mill-boot"
21,9,"petite","second",3835,4138,372056,628028,8276,1256056,11,386,2406,97951,772,195902,"10mill-boot"
21,10,"petite","second",3827,4088,375649,624370,8176,1248740,14,385,3037,96979,770,193958,"10mill-boot"
21,11,"petite","second",3950,4063,381480,618563,8126,1237126,13,389,2912,97204,778,194408,"10mill-boot"
21,12,"petite","second",3658,4170,357954,642076,8340,1284152,13,380,2750,97316,760,194632,"10mill-boot"
21,13,"petite","second",3845,4106,376153,623882,8212,1247764,9,395,2086,97916,790,195832,"10mill-boot"
21,14,"petite","second",3832,4126,371967,628047,8252,1256094,11,392,2277,98538,784,197076,"10mill-boot"
21,15,"petite","second",3810,4102,369785,630231,8204,1260462,14,380,2926,97115,760,194230,"10mill-boot"
21,16,"petite","second",3770,4144,369623,630434,8288,1260868,11,391,2397,97617,782,195234,"10mill-boot"
21,17,"petite","second",3653,4212,355910,644097,8424,1288194,14,385,2864,97194,770,194388,"10mill-boot"
21,18,"petite","second",3786,4124,370016,630049,8248,1260098,11,376,2567,97948,752,195896,"10mill-boot"
21,19,"petite","second",3918,4027,382248,617807,8054,1235614,9,386,1908,98160,772,196320,"10mill-boot"
21,20,"petite","second",3831,4121,376666,623357,8242,1246714,13,391,2803,97306,782,194612,"10mill-boot"
21,21,"petite","second",3822,4118,374837,625227,8236,1250454,11,396,2507,97697,792,195394,"10mill-boot"
21,22,"petite","second",3825,4091,377490,622551,8182,1245102,14,396,3366,96787,792,193574,"10mill-boot"
21,23,"petite","second",3890,4082,377822,622186,8164,1244372,12,396,2848,97544,792,195088,"10mill-boot"
21,24,"petite","second",3794,4117,376965,623079,8234,1246158,16,392,3342,97049,784,194098,"10mill-boot"
21,25,"petite","second",3816,4135,375575,624581,8270,1249162,9,398,1564,98499,796,196998,"10mill-boot"
21,26,"petite","second",3744,4128,369286,630771,8256,1261542,16,383,3511,96575,766,193150,"10mill-boot"
21,27,"petite","second",3831,4107,375448,624617,8214,1249234,13,385,2907,97155,770,194310,"10mill-boot"
21,28,"petite","second",3880,4102,376455,623663,8204,1247326,14,392,3121,97415,784,194830,"10mill-boot"
21,29,"petite","second",3817,4126,374228,625809,8252,1251618,12,393,2815,97384,786,194768,"10mill-boot"
21,30,"petite","second",3850,4085,376555,623513,8170,1247026,12,376,2786,97851,752,195702,"10mill-boot"
26,1,"petite","second",3701,4136,361128,638873,8272,1277746,24,379,5369,94772,758,189544,"10mill-boot"
26,2,"petite","second",3727,4093,364257,635839,8186,1271678,18,398,3419,96587,796,193174,"10mill-boot"
26,3,"petite","second",3702,4071,359608,640464,8142,1280928,14,387,2920,97114,774,194228,"10mill-boot"
26,4,"petite","second",3767,4107,369809,630228,8214,1260456,16,389,4368,95886,778,191772,"10mill-boot"
26,5,"petite","second",3741,4114,367534,632476,8228,1264952,19,383,4046,96175,766,192350,"10mill-boot"
26,6,"petite","second",3740,4056,367487,632635,8112,1265270,12,387,3098,97139,774,194278,"10mill-boot"
26,7,"petite","second",3804,4005,371322,628810,8010,1257620,9,382,2217,97827,764,195654,"10mill-boot"
26,8,"petite","second",3784,4139,367990,632062,8278,1264124,17,390,3638,96474,780,192948,"10mill-boot"
26,9,"petite","second",3782,4125,367003,633076,8250,1266152,9,396,2208,97943,792,195886,"10mill-boot"
26,10,"petite","second",3673,4159,354886,645155,8318,1290310,15,390,2673,97527,780,195054,"10mill-boot"
26,11,"petite","second",3818,4061,373144,626899,8122,1253798,14,395,2945,97281,790,194562,"10mill-boot"
26,12,"petite","second",3768,4111,367487,632606,8222,1265212,16,384,3445,96747,768,193494,"10mill-boot"
26,13,"petite","second",3761,4077,369228,630962,8154,1261924,16,390,3181,96873,780,193746,"10mill-boot"
26,14,"petite","second",3846,4069,375238,624763,8138,1249526,18,402,3825,96593,804,193186,"10mill-boot"
26,15,"petite","second",3729,4104,366069,633947,8208,1267894,18,395,3476,96924,790,193848,"10mill-boot"
26,16,"petite","second",3779,4131,366563,633577,8262,1267154,16,382,3904,96316,764,192632,"10mill-boot"
26,17,"petite","second",3740,4125,361254,638788,8250,1277576,13,394,2812,97280,788,194560,"10mill-boot"
26,18,"petite","second",3732,4078,366828,633286,8156,1266572,21,390,4039,96655,780,193310,"10mill-boot"
26,19,"petite","second",3739,4089,366784,633473,8178,1266946,15,404,3136,97252,808,194504,"10mill-boot"
26,20,"petite","second",3752,4035,369772,630261,8070,1260522,18,389,3585,96735,778,193470,"10mill-boot"
26,21,"petite","second",3636,4178,355680,644350,8356,1288700,20,385,4117,96108,770,192216,"10mill-boot"
26,22,"petite","second",3751,4086,366061,633970,8172,1267940,17,380,4200,96449,760,192898,"10mill-boot"
26,23,"petite","second",3637,4152,352797,647267,8304,1294534,12,388,2477,97809,776,195618,"10mill-boot"
26,24,"petite","second",3745,4140,364441,635587,8280,1271174,16,390,3337,96981,780,193962,"10mill-boot"
26,25,"petite","second",3715,4071,369275,630730,8142,1261460,18,384,3674,96646,768,193292,"10mill-boot"
26,26,"petite","second",3755,4115,365245,634856,8230,1269712,17,381,4002,96095,762,192190,"10mill-boot"
26,27,"petite","second",3725,4118,362218,637834,8236,1275668,18,376,3941,96442,752,192884,"10mill-boot"
26,28,"petite","second",3756,4125,372177,627823,8250,1255646,11,405,2683,97498,810,194996,"10mill-boot"
26,29,"petite","second",3756,4112,364020,636029,8224,1272058,14,397,2703,97348,794,194696,"10mill-boot"
26,30,"petite","second",3726,4127,366228,633786,8254,1267572,27,387,5104,94908,774,189816,"10mill-boot"
19,1,"petite","second",3928,4085,381333,618808,8170,1237616,7,391,1216,99035,782,198070,"10mill-boot"
19,2,"petite","second",3702,4231,359259,640817,8462,1281634,4,397,806,99330,794,198660,"10mill-boot"
19,3,"petite","second",3763,4169,369828,630219,8338,1260438,13,391,2429,98050,782,196100,"10mill-boot"
19,4,"petite","second",3758,4262,364272,635777,8524,1271554,17,385,3791,96295,770,192590,"10mill-boot"
19,5,"petite","second",3739,4233,366050,634020,8466,1268040,11,397,2108,98007,794,196014,"10mill-boot"
19,6,"petite","second",3798,4203,365681,634384,8406,1268768,6,398,1383,99046,796,198092,"10mill-boot"
19,7,"petite","second",3676,4225,356685,643326,8450,1286652,7,386,1458,98667,772,197334,"10mill-boot"
19,8,"petite","second",3743,4191,367791,632225,8382,1264450,9,389,1580,98585,778,197170,"10mill-boot"
19,9,"petite","second",3737,4220,361493,638508,8440,1277016,11,395,2199,98011,790,196022,"10mill-boot"
19,10,"petite","second",3737,4227,363378,636706,8454,1273412,10,395,1774,99005,790,198010,"10mill-boot"
19,11,"petite","second",3774,4176,369421,630639,8352,1261278,10,393,2001,98124,786,196248,"10mill-boot"
19,12,"petite","second",3790,4186,366981,633216,8372,1266432,11,391,2061,98082,782,196164,"10mill-boot"
19,13,"petite","second",3662,4238,360325,639759,8476,1279518,13,394,2659,97446,788,194892,"10mill-boot"
19,14,"petite","second",3681,4271,357739,642334,8542,1284668,10,395,2242,98032,790,196064,"10mill-boot"
19,15,"petite","second",3763,4222,366959,633143,8444,1266286,7,395,1377,98836,790,197672,"10mill-boot"
19,16,"petite","second",3707,4252,361176,638857,8504,1277714,12,400,2273,98201,800,196402,"10mill-boot"
19,17,"petite","second",3717,4187,362649,637394,8374,1274788,8,379,1720,99010,758,198020,"10mill-boot"
19,18,"petite","second",3675,4216,360198,639834,8432,1279668,13,386,2458,97923,772,195846,"10mill-boot"
19,19,"petite","second",3720,4194,363581,636435,8388,1272870,7,394,1188,99024,788,198048,"10mill-boot"
19,20,"petite","second",3783,4202,371330,628747,8404,1257494,12,391,2508,97521,782,195042,"10mill-boot"
19,21,"petite","second",3758,4196,363755,636360,8392,1272720,8,395,1703,98311,790,196622,"10mill-boot"
19,22,"petite","second",3717,4239,362654,637563,8478,1275126,14,387,2595,97465,774,194930,"10mill-boot"
19,23,"petite","second",3736,4155,369078,630969,8310,1261938,5,385,1128,99091,770,198182,"10mill-boot"
19,24,"petite","second",3736,4188,367895,632124,8376,1264248,8,392,1736,98464,784,196928,"10mill-boot"
19,25,"petite","second",3831,4184,373875,626182,8368,1252364,17,399,3505,96562,798,193124,"10mill-boot"
19,26,"petite","second",3701,4214,363908,636117,8428,1272234,12,387,2414,97738,774,195476,"10mill-boot"
19,27,"petite","second",3777,4189,366855,633176,8378,1266352,10,382,2130,98041,764,196082,"10mill-boot"
19,28,"petite","second",3721,4212,361535,638604,8424,1277208,10,388,1919,98309,776,196618,"10mill-boot"
19,29,"petite","second",3764,4222,368380,631769,8444,1263538,11,394,2304,97716,788,195432,"10mill-boot"
19,30,"petite","second",3783,4208,369649,630467,8416,1260934,15,377,2607,97704,754,195408,"10mill-boot"
45,1,"petite","second",3738,4142,365447,634661,8284,1269322,10,389,1893,98948,778,197896,"10mill-boot"
45,2,"petite","second",3816,4088,380557,619459,8176,1238918,20,390,4364,95855,780,191710,"10mill-boot"
45,3,"petite","second",3829,4118,373905,626134,8236,1252268,11,386,2361,97791,772,195582,"10mill-boot"
45,4,"petite","second",3752,4143,367908,632179,8286,1264358,11,390,2122,97909,780,195818,"10mill-boot"
45,5,"petite","second",3803,4098,376305,623763,8196,1247526,16,387,3374,97122,774,194244,"10mill-boot"
45,6,"petite","second",3788,4143,371817,628300,8286,1256600,13,389,2551,97696,778,195392,"10mill-boot"
45,7,"petite","second",3776,4119,370515,629494,8238,1258988,9,385,2114,98231,770,196462,"10mill-boot"
45,8,"petite","second",3683,4174,361399,638604,8348,1277208,7,391,1547,98853,782,197706,"10mill-boot"
45,9,"petite","second",3808,4141,371801,628336,8282,1256672,16,386,3385,96827,772,193654,"10mill-boot"
45,10,"petite","second",3736,4144,365991,634050,8288,1268100,6,381,1372,98657,762,197314,"10mill-boot"
45,11,"petite","second",3838,4046,377094,622934,8092,1245868,9,383,1989,98337,766,196674,"10mill-boot"
45,12,"petite","second",3708,4144,364707,635338,8288,1270676,17,380,3639,96902,760,193804,"10mill-boot"
45,13,"petite","second",3744,4164,370946,629197,8328,1258394,8,389,1792,98312,778,196624,"10mill-boot"
45,14,"petite","second",3716,4128,366080,633943,8256,1267886,13,383,3100,97672,766,195344,"10mill-boot"
45,15,"petite","second",3801,4089,375015,625106,8178,1250212,17,380,3734,96491,760,192982,"10mill-boot"
45,16,"petite","second",3799,4068,375762,624242,8136,1248484,16,391,3367,96836,782,193672,"10mill-boot"
45,17,"petite","second",3802,4120,374333,625690,8240,1251380,14,384,3081,97644,768,195288,"10mill-boot"
45,18,"petite","second",3795,4137,372643,627452,8274,1254904,9,394,2287,98567,788,197134,"10mill-boot"
45,19,"petite","second",3809,4137,375480,624524,8274,1249048,11,402,2104,98165,804,196330,"10mill-boot"
45,20,"petite","second",3924,4082,378873,621139,8164,1242278,9,375,1917,98091,750,196182,"10mill-boot"
45,21,"petite","second",3770,4159,369804,630411,8318,1260822,11,392,2424,97813,784,195626,"10mill-boot"
45,22,"petite","second",3786,4104,371156,628921,8208,1257842,3,383,536,99661,766,199322,"10mill-boot"
45,23,"petite","second",3743,4096,367931,632155,8192,1264310,9,377,1926,98117,754,196234,"10mill-boot"
45,24,"petite","second",3784,4145,372041,628063,8290,1256126,14,380,2902,97401,760,194802,"10mill-boot"
45,25,"petite","second",3852,4058,378376,621719,8116,1243438,11,392,2142,97911,784,195822,"10mill-boot"
45,26,"petite","second",3777,4138,370129,629887,8276,1259774,18,374,4036,96036,748,192072,"10mill-boot"
45,27,"petite","second",3849,4059,377942,622068,8118,1244136,9,388,2050,97966,776,195932,"10mill-boot"
45,28,"petite","second",3779,4140,371058,629058,8280,1258116,15,377,3097,96939,754,193878,"10mill-boot"
45,29,"petite","second",3857,4070,379315,620797,8140,1241594,8,393,1782,98326,786,196652,"10mill-boot"
45,30,"petite","second",3702,4142,366313,633753,8284,1267506,16,389,3226,97245,778,194490,"10mill-boot"
42,1,"petite","second",3808,4166,370146,630033,8332,1260066,11,413,2305,97789,826,195578,"10mill-boot"
42,2,"petite","second",3745,4175,366394,633677,8350,1267354,9,405,1849,98328,810,196656,"10mill-boot"
42,3,"petite","second",3653,4183,355927,644144,8366,1288288,11,392,2365,97992,784,195984,"10mill-boot"
42,4,"petite","second",3734,4219,365516,634575,8438,1269150,21,397,4123,96079,794,192158,"10mill-boot"
42,5,"petite","second",3699,4236,361053,639087,8472,1278174,8,410,1380,98690,820,197380,"10mill-boot"
42,6,"petite","second",3766,4203,369375,630686,8406,1261372,18,406,3580,96535,812,193070,"10mill-boot"
42,7,"petite","second",3720,4258,362414,637688,8516,1275376,8,409,1590,98516,818,197032,"10mill-boot"
42,8,"petite","second",3798,4120,370486,629619,8240,1259238,13,401,2549,97539,802,195078,"10mill-boot"
42,9,"petite","second",3702,4209,361678,638334,8418,1276668,18,393,3421,96701,786,193402,"10mill-boot"
42,10,"petite","second",3763,4169,369433,630589,8338,1261178,8,406,1977,98067,812,196134,"10mill-boot"
42,11,"petite","second",3807,4136,373550,626513,8272,1253026,10,406,1720,98552,812,197104,"10mill-boot"
42,12,"petite","second",3825,4122,375755,624276,8244,1248552,11,403,2310,98109,806,196218,"10mill-boot"
42,13,"petite","second",3671,4275,354888,645133,8550,1290266,14,395,3212,96835,790,193670,"10mill-boot"
42,14,"petite","second",3667,4215,360389,639623,8430,1279246,13,387,2761,97519,774,195038,"10mill-boot"
42,15,"petite","second",3743,4127,367521,632530,8254,1265060,11,399,2285,97788,798,195576,"10mill-boot"
42,16,"petite","second",3674,4220,361167,638900,8440,1277800,11,390,2374,97912,780,195824,"10mill-boot"
42,17,"petite","second",3826,4135,372324,627770,8270,1255540,11,399,2486,98304,798,196608,"10mill-boot"
42,18,"petite","second",3666,4197,356993,643022,8394,1286044,9,403,1737,98692,806,197384,"10mill-boot"
42,19,"petite","second",3798,4193,368364,631764,8386,1263528,15,400,2970,97124,800,194248,"10mill-boot"
42,20,"petite","second",3706,4200,358501,641532,8400,1283064,6,410,1165,99475,820,198950,"10mill-boot"
42,21,"petite","second",3820,4143,371856,628220,8286,1256440,8,408,1480,98770,816,197540,"10mill-boot"
42,22,"petite","second",3684,4193,363353,636739,8386,1273478,9,393,1810,98260,786,196520,"10mill-boot"
42,23,"petite","second",3701,4197,362591,637598,8394,1275196,8,394,1608,98505,788,197010,"10mill-boot"
42,24,"petite","second",3674,4181,358027,642138,8362,1284276,13,395,2544,97797,790,195594,"10mill-boot"
42,25,"petite","second",3674,4228,360037,640016,8456,1280032,8,402,1679,98376,804,196752,"10mill-boot"
42,26,"petite","second",3759,4172,370156,629895,8344,1259790,9,403,1928,98152,806,196304,"10mill-boot"
42,27,"petite","second",3785,4102,371361,628712,8204,1257424,11,387,2067,98244,774,196488,"10mill-boot"
42,28,"petite","second",3724,4244,363181,636870,8488,1273740,9,400,1956,98260,800,196520,"10mill-boot"
42,29,"petite","second",3654,4255,356980,643099,8510,1286198,11,396,2192,97810,792,195620,"10mill-boot"
42,30,"petite","second",3702,4219,360037,639979,8438,1279958,16,392,3398,96664,784,193328,"10mill-boot"
27,1,"petite","second",3870,4115,372981,627178,8230,1254356,21,381,3942,96142,762,192284,"10mill-boot"
27,2,"petite","second",3815,4163,369715,630311,8326,1260622,12,375,2115,98129,750,196258,"10mill-boot"
27,3,"petite","second",3767,4109,369007,631052,8218,1262104,24,384,4498,95687,768,191374,"10mill-boot"
27,4,"petite","second",3891,4156,378296,621712,8312,1243424,20,389,3866,96226,778,192452,"10mill-boot"
27,5,"petite","second",3811,4164,371188,628868,8328,1257736,13,384,2647,97624,768,195248,"10mill-boot"
27,6,"petite","second",3832,4132,373940,626213,8264,1252426,27,380,5831,94299,760,188598,"10mill-boot"
27,7,"petite","second",3850,4129,378264,621901,8258,1243802,20,383,4126,96201,766,192402,"10mill-boot"
27,8,"petite","second",3759,4158,365136,634891,8316,1269782,17,383,3753,96463,766,192926,"10mill-boot"
27,9,"petite","second",3761,4140,370450,629673,8280,1259346,16,380,2981,97156,760,194312,"10mill-boot"
27,10,"petite","second",3849,4135,371165,628852,8270,1257704,12,386,1960,98212,772,196424,"10mill-boot"
27,11,"petite","second",3745,4141,368968,631213,8282,1262426,14,386,2528,97543,772,195086,"10mill-boot"
27,12,"petite","second",3829,4099,375010,625125,8198,1250250,22,368,4296,95959,736,191918,"10mill-boot"
27,13,"petite","second",3693,4210,360515,639679,8420,1279358,14,382,2455,97653,764,195306,"10mill-boot"
27,14,"petite","second",3690,4171,361975,638094,8342,1276188,20,369,3675,96339,738,192678,"10mill-boot"
27,15,"petite","second",3661,4202,359915,640089,8404,1280178,11,388,1912,98331,776,196662,"10mill-boot"
27,16,"petite","second",3780,4140,368196,631961,8280,1263922,10,384,2142,98487,768,196974,"10mill-boot"
27,17,"petite","second",3753,4149,367577,632478,8298,1264956,19,381,3792,96383,762,192766,"10mill-boot"
27,18,"petite","second",3742,4179,366014,634004,8358,1268008,19,369,3449,96919,738,193838,"10mill-boot"
27,19,"petite","second",3772,4153,366153,633947,8306,1267894,19,394,3776,96262,788,192524,"10mill-boot"
27,20,"petite","second",3842,4156,373854,626183,8312,1252366,16,388,3032,97155,776,194310,"10mill-boot"
27,21,"petite","second",3756,4181,361973,638070,8362,1276140,19,377,3571,96948,754,193896,"10mill-boot"
27,22,"petite","second",3718,4145,365944,634227,8290,1268454,14,373,3015,96987,746,193974,"10mill-boot"
27,23,"petite","second",3775,4094,370668,629397,8188,1258794,13,385,2292,97946,770,195892,"10mill-boot"
27,24,"petite","second",3688,4191,364189,635889,8382,1271778,16,386,2978,97127,772,194254,"10mill-boot"
27,25,"petite","second",3743,4133,366910,633226,8266,1266452,18,382,3447,96864,764,193728,"10mill-boot"
27,26,"petite","second",3805,4078,376701,623502,8156,1247004,20,384,4190,96048,768,192096,"10mill-boot"
27,27,"petite","second",3694,4213,357209,642854,8426,1285708,12,395,2290,97900,790,195800,"10mill-boot"
27,28,"petite","second",3687,4184,358347,641824,8368,1283648,13,377,2373,97785,754,195570,"10mill-boot"
27,29,"petite","second",3785,4115,373246,626789,8230,1253578,25,375,5180,94844,750,189688,"10mill-boot"
27,30,"petite","second",3774,4157,367016,633181,8314,1266362,19,384,4024,96383,768,192766,"10mill-boot"
18,1,"petite","second",3727,4249,360285,639773,8498,1279546,10,396,2175,98011,792,196022,"10mill-boot"
18,2,"petite","second",3798,4118,372457,627618,8236,1255236,22,391,4624,95765,782,191530,"10mill-boot"
18,3,"petite","second",3764,4084,366422,633585,8168,1267170,16,386,3230,96953,772,193906,"10mill-boot"
18,4,"petite","second",3810,4214,363822,636320,8428,1272640,7,396,1503,99008,792,198016,"10mill-boot"
18,5,"petite","second",3889,4111,377169,622992,8222,1245984,13,408,2521,97610,816,195220,"10mill-boot"
18,6,"petite","second",3755,4172,365808,634239,8344,1268478,18,378,4114,95997,756,191994,"10mill-boot"
18,7,"petite","second",3738,4241,358611,641418,8482,1282836,13,401,2406,97730,802,195460,"10mill-boot"
18,8,"petite","second",3812,4151,368869,631282,8302,1262564,18,392,4344,95780,784,191560,"10mill-boot"
18,9,"petite","second",3718,4136,365698,634445,8272,1268890,15,389,3373,96777,778,193554,"10mill-boot"
18,10,"petite","second",3810,4145,365444,634661,8290,1269322,19,376,3601,96827,752,193654,"10mill-boot"
18,11,"petite","second",3778,4206,365098,634998,8412,1269996,10,394,1734,98687,788,197374,"10mill-boot"
18,12,"petite","second",3815,4094,367959,632145,8188,1264290,11,392,2351,97864,784,195728,"10mill-boot"
18,13,"petite","second",3786,4177,366952,633123,8354,1266246,17,395,3549,96460,790,192920,"10mill-boot"
18,14,"petite","second",3782,4178,365119,634925,8356,1269850,7,394,1455,99091,788,198182,"10mill-boot"
18,15,"petite","second",3763,4145,367864,632139,8290,1264278,10,391,2283,97943,782,195886,"10mill-boot"
18,16,"petite","second",3758,4187,365330,634743,8374,1269486,10,389,2012,98045,778,196090,"10mill-boot"
18,17,"petite","second",3751,4157,362060,637945,8314,1275890,12,384,2371,97871,768,195742,"10mill-boot"
18,18,"petite","second",3743,4199,362816,637193,8398,1274386,13,385,2936,97690,770,195380,"10mill-boot"
18,19,"petite","second",3894,4097,378689,621365,8194,1242730,25,377,5665,94594,754,189188,"10mill-boot"
18,20,"petite","second",3719,4169,367572,632445,8338,1264890,12,386,2710,97555,772,195110,"10mill-boot"
18,21,"petite","second",3956,4070,381233,618888,8140,1237776,10,398,2097,98082,796,196164,"10mill-boot"
18,22,"petite","second",3831,4130,374243,625846,8260,1251692,21,391,4970,95104,782,190208,"10mill-boot"
18,23,"petite","second",3787,4163,367944,632169,8326,1264338,17,386,3922,96116,772,192232,"10mill-boot"
18,24,"petite","second",3837,4144,372551,627544,8288,1255088,7,404,1338,98957,808,197914,"10mill-boot"
18,25,"petite","second",3825,4140,371387,628639,8280,1257278,16,388,3530,96901,776,193802,"10mill-boot"
18,26,"petite","second",3808,4135,371940,628105,8270,1256210,10,396,1650,98401,792,196802,"10mill-boot"
18,27,"petite","second",3717,4199,364235,635815,8398,1271630,10,394,2199,97832,788,195664,"10mill-boot"
18,28,"petite","second",3727,4099,364806,635428,8198,1270856,12,392,2324,98173,784,196346,"10mill-boot"
18,29,"petite","second",3749,4147,365589,634435,8294,1268870,15,384,3415,96672,768,193344,"10mill-boot"
18,30,"petite","second",3801,4127,374442,625631,8254,1251262,14,387,3132,97338,774,194676,"10mill-boot"
20,1,"petite","second",3751,4103,366664,633340,8206,1266680,17,389,3217,96947,778,193894,"10mill-boot"
20,2,"petite","second",3840,4084,376935,623122,8168,1246244,19,388,3587,96613,776,193226,"10mill-boot"
20,3,"petite","second",3641,4181,357466,642609,8362,1285218,16,391,3354,96661,782,193322,"10mill-boot"
20,4,"petite","second",3830,4127,371282,628730,8254,1257460,26,386,5248,94904,772,189808,"10mill-boot"
20,5,"petite","second",3812,4049,374166,625896,8098,1251792,16,395,3549,96641,790,193282,"10mill-boot"
20,6,"petite","second",3756,4077,371060,629036,8154,1258072,19,383,3663,96673,766,193346,"10mill-boot"
20,7,"petite","second",3764,4155,369451,630724,8310,1261448,16,402,3371,96946,804,193892,"10mill-boot"
20,8,"petite","second",3764,4094,371529,628527,8188,1257054,22,390,4218,96061,780,192122,"10mill-boot"
20,9,"petite","second",3689,4150,363467,636550,8300,1273100,12,399,2517,97655,798,195310,"10mill-boot"
20,10,"petite","second",3775,4137,370825,629192,8274,1258384,20,387,4113,96327,774,192654,"10mill-boot"
20,11,"petite","second",3719,4184,361643,638409,8368,1276818,15,399,2911,97415,798,194830,"10mill-boot"
20,12,"petite","second",3824,4042,374899,625127,8084,1250254,25,382,4980,95053,764,190106,"10mill-boot"
20,13,"petite","second",3706,4151,363477,636566,8302,1273132,14,393,2506,97768,786,195536,"10mill-boot"
20,14,"petite","second",3850,4052,377000,623026,8104,1246052,15,389,2626,97926,778,195852,"10mill-boot"
20,15,"petite","second",3805,4104,369905,630164,8208,1260328,15,389,2888,97327,778,194654,"10mill-boot"
20,16,"petite","second",3790,4126,367951,632120,8252,1264240,14,402,2937,97174,804,194348,"10mill-boot"
20,17,"petite","second",3815,4109,371912,628209,8218,1256418,21,392,4051,96238,784,192476,"10mill-boot"
20,18,"petite","second",3763,4059,372180,627846,8118,1255692,12,397,2257,97756,794,195512,"10mill-boot"
20,19,"petite","second",3717,4133,369406,630801,8266,1261602,16,392,3298,96823,784,193646,"10mill-boot"
20,20,"petite","second",3685,4180,357973,642034,8360,1284068,14,398,2573,97851,796,195702,"10mill-boot"
20,21,"petite","second",3782,4064,375956,624159,8128,1248318,17,391,3054,97087,782,194174,"10mill-boot"
20,22,"petite","second",3759,4124,366953,633167,8248,1266334,15,403,2778,97569,806,195138,"10mill-boot"
20,23,"petite","second",3740,4154,368276,631868,8308,1263736,25,392,4535,95810,784,191620,"10mill-boot"
20,24,"petite","second",3761,4122,367939,632085,8244,1264170,20,398,3652,97045,796,194090,"10mill-boot"
20,25,"petite","second",3833,4060,377339,622701,8120,1245402,20,394,4103,96660,788,193320,"10mill-boot"
20,26,"petite","second",3774,4152,371932,628099,8304,1256198,21,394,4189,96211,788,192422,"10mill-boot"
20,27,"petite","second",3749,4126,370066,630022,8252,1260044,20,398,3955,96259,796,192518,"10mill-boot"
20,28,"petite","second",3754,4130,367271,632825,8260,1265650,14,397,2583,97539,794,195078,"10mill-boot"
20,29,"petite","second",3701,4098,365828,634215,8196,1268430,18,386,3788,96297,772,192594,"10mill-boot"
20,30,"petite","second",3855,4079,377727,622306,8158,1244612,18,381,3576,96434,762,192868,"10mill-boot"
16,1,"petite","second",3880,4067,378063,622092,8134,1244184,15,391,3163,97106,782,194212,"10mill-boot"
16,2,"petite","second",3822,4117,374537,625494,8234,1250988,19,395,3871,96186,790,192372,"10mill-boot"
16,3,"petite","second",3780,4126,368725,631335,8252,1262670,20,384,4117,96297,768,192594,"10mill-boot"
16,4,"petite","second",3807,4124,368179,631860,8248,1263720,23,386,5172,95443,772,190886,"10mill-boot"
16,5,"petite","second",3820,4131,373919,626311,8262,1252622,16,385,3384,96784,770,193568,"10mill-boot"
16,6,"petite","second",3854,4076,375176,625006,8152,1250012,18,379,3775,96708,758,193416,"10mill-boot"
16,7,"petite","second",3827,4115,369535,630504,8230,1261008,17,379,3640,96509,758,193018,"10mill-boot"
16,8,"petite","second",3836,4111,370951,629077,8222,1258154,9,385,1875,98320,770,196640,"10mill-boot"
16,9,"petite","second",3876,4036,381844,618234,8072,1236468,20,394,3890,96251,788,192502,"10mill-boot"
16,10,"petite","second",3837,4078,376857,623287,8156,1246574,19,391,4158,96126,782,192252,"10mill-boot"
16,11,"petite","second",3773,4119,367780,632265,8238,1264530,14,395,2976,97265,790,194530,"10mill-boot"
16,12,"petite","second",3744,4122,366967,633159,8244,1266318,17,373,3726,96460,746,192920,"10mill-boot"
16,13,"petite","second",3776,4162,369654,630348,8324,1260696,10,385,2241,97904,770,195808,"10mill-boot"
16,14,"petite","second",3730,4154,363874,636176,8308,1272352,26,373,5506,94649,746,189298,"10mill-boot"
16,15,"petite","second",3816,4090,372255,628001,8180,1256002,21,384,4332,95860,768,191720,"10mill-boot"
16,16,"petite","second",3866,4106,376369,623654,8212,1247308,15,389,3204,97189,778,194378,"10mill-boot"
16,17,"petite","second",3777,4094,365710,634311,8188,1268622,11,394,2237,97880,788,195760,"10mill-boot"
16,18,"petite","second",3818,4125,370166,629920,8250,1259840,27,386,4979,95339,772,190678,"10mill-boot"
16,19,"petite","second",3794,4115,371166,628894,8230,1257788,15,394,3283,96850,788,193700,"10mill-boot"
16,20,"petite","second",3826,4117,374085,626021,8234,1252042,11,395,2442,97565,790,195130,"10mill-boot"
16,21,"petite","second",3793,4167,369658,630354,8334,1260708,15,390,3080,97033,780,194066,"10mill-boot"
16,22,"petite","second",3705,4162,362986,637044,8324,1274088,13,395,2677,97541,790,195082,"10mill-boot"
16,23,"petite","second",3727,4120,363495,636567,8240,1273134,9,394,1744,98370,788,196740,"10mill-boot"
16,24,"petite","second",3793,4138,369085,630959,8276,1261918,17,391,3488,96714,782,193428,"10mill-boot"
16,25,"petite","second",3834,4112,373042,627044,8224,1254088,17,389,3724,97002,778,194004,"10mill-boot"
16,26,"petite","second",3785,4107,369934,630185,8214,1260370,15,393,3171,97131,786,194262,"10mill-boot"
16,27,"petite","second",3827,4117,372066,628032,8234,1256064,13,386,2843,97338,772,194676,"10mill-boot"
16,28,"petite","second",3799,4075,369498,630513,8150,1261026,14,384,2690,97776,768,195552,"10mill-boot"
16,29,"petite","second",3738,4105,367881,632249,8210,1264498,11,390,2442,97912,780,195824,"10mill-boot"
16,30,"petite","second",3863,4080,374220,625796,8160,1251592,6,389,1355,98761,778,197522,"10mill-boot"
29,1,"petite","second",3802,4139,369898,630154,8278,1260308,4,401,805,99494,802,198988,"10mill-boot"
29,2,"petite","second",3855,4082,372731,627307,8164,1254614,8,387,1730,98726,774,197452,"10mill-boot"
29,3,"petite","second",3864,4116,378781,621309,8232,1242618,3,407,519,99776,814,199552,"10mill-boot"
29,4,"petite","second",3739,4135,363892,636245,8270,1272490,7,395,1426,99100,790,198200,"10mill-boot"
29,5,"petite","second",3838,4131,368990,631021,8262,1262042,4,397,892,99646,794,199292,"10mill-boot"
29,6,"petite","second",3639,4206,352687,647381,8412,1294762,3,397,526,99874,794,199748,"10mill-boot"
29,7,"petite","second",3822,4127,368735,631283,8254,1262566,6,395,1256,99157,790,198314,"10mill-boot"
29,8,"petite","second",3832,4140,368731,631389,8280,1262778,6,398,1162,98986,796,197972,"10mill-boot"
29,9,"petite","second",3805,4100,369882,630185,8200,1260370,7,389,1315,99499,778,198998,"10mill-boot"
29,10,"petite","second",3804,4117,373163,626868,8234,1253736,3,400,785,99360,800,198720,"10mill-boot"
29,11,"petite","second",3768,4145,365444,634592,8290,1269184,9,395,1937,98174,790,196348,"10mill-boot"
29,12,"petite","second",3728,4147,358959,641168,8294,1282336,3,399,643,99781,798,199562,"10mill-boot"
29,13,"petite","second",3841,4086,371133,628902,8172,1257804,4,401,721,99754,802,199508,"10mill-boot"
29,14,"petite","second",3803,4139,370092,629936,8278,1259872,10,396,1962,98993,792,197986,"10mill-boot"
29,15,"petite","second",3757,4186,363115,636922,8372,1273844,2,402,336,99935,804,199870,"10mill-boot"
29,16,"petite","second",3847,4077,373727,626310,8154,1252620,5,386,1083,99066,772,198132,"10mill-boot"
29,17,"petite","second",3816,4109,372312,627712,8218,1255424,5,399,974,99268,798,198536,"10mill-boot"
29,18,"petite","second",3800,4078,371480,628627,8156,1257254,6,394,1010,99675,788,199350,"10mill-boot"
29,19,"petite","second",3762,4162,365044,635109,8324,1270218,10,391,2517,97702,782,195404,"10mill-boot"
29,20,"petite","second",3815,4128,369705,630314,8256,1260628,5,400,953,99171,800,198342,"10mill-boot"
29,21,"petite","second",3827,4160,369782,630332,8320,1260664,5,408,869,99272,816,198544,"10mill-boot"
29,22,"petite","second",3764,4127,364326,635806,8254,1271612,1,401,174,100401,802,200802,"10mill-boot"
29,23,"petite","second",3770,4122,365705,634366,8244,1268732,4,400,743,99771,800,199542,"10mill-boot"
29,24,"petite","second",3798,4135,367491,632626,8270,1265252,7,396,1840,98202,792,196404,"10mill-boot"
29,25,"petite","second",3745,4084,365059,635100,8168,1270200,5,390,1280,98991,780,197982,"10mill-boot"
29,26,"petite","second",3875,4108,373663,626374,8216,1252748,4,394,783,99853,788,199706,"10mill-boot"
29,27,"petite","second",3822,4077,373974,626254,8154,1252508,7,407,1466,98931,814,197862,"10mill-boot"
29,28,"petite","second",3825,4128,369249,630822,8256,1261644,4,397,759,99328,794,198656,"10mill-boot"
29,29,"petite","second",3793,4062,368212,631867,8124,1263734,2,400,331,99748,800,199496,"10mill-boot"
29,30,"petite","second",3768,4135,366472,633533,8270,1267066,5,395,855,99488,790,198976,"10mill-boot"
11,1,"petite","second",3867,4124,371731,628485,8248,1256970,3,405,525,99718,810,199436,"10mill-boot"
11,3,"petite","second",3866,4127,371863,628215,8254,1256430,2,401,352,100012,802,200024,"10mill-boot"
11,4,"petite","second",3723,4189,361556,638510,8378,1277020,2,396,332,99869,792,199738,"10mill-boot"
11,5,"petite","second",3787,4090,370804,629389,8180,1258778,5,399,995,99218,798,198436,"10mill-boot"
11,6,"petite","second",3773,4119,367288,632910,8238,1265820,4,390,669,99633,780,199266,"10mill-boot"
11,7,"petite","second",3720,4215,360415,639703,8430,1279406,3,401,532,99674,802,199348,"10mill-boot"
11,8,"petite","second",3808,4117,372629,627447,8234,1254894,1,409,136,99932,818,199864,"10mill-boot"
11,9,"petite","second",3771,4095,368008,632037,8190,1264074,4,399,637,99387,798,198774,"10mill-boot"
11,10,"petite","second",3713,4153,361266,638763,8306,1277526,3,406,539,99469,812,198938,"10mill-boot"
11,11,"petite","second",3718,4164,362276,637839,8328,1275678,6,383,930,99270,766,198540,"10mill-boot"
11,12,"petite","second",3665,4240,354725,645431,8480,1290862,6,409,995,99170,818,198340,"10mill-boot"
11,13,"petite","second",3711,4162,362099,637975,8324,1275950,5,401,815,100087,802,200174,"10mill-boot"
11,14,"petite","second",3723,4137,361602,638507,8274,1277014,6,410,1001,99346,820,198692,"10mill-boot"
11,15,"petite","second",3766,4111,368405,631643,8222,1263286,5,396,873,99768,792,199536,"10mill-boot"
11,16,"petite","second",3796,4123,368345,631688,8246,1263376,9,401,1629,99128,802,198256,"10mill-boot"
11,17,"petite","second",3786,4182,363622,636529,8364,1273058,8,401,1447,99320,802,198640,"10mill-boot"
11,18,"petite","second",3774,4163,364655,635390,8326,1270780,3,399,524,99801,798,199602,"10mill-boot"
11,19,"petite","second",3771,4130,374392,625646,8260,1251292,7,411,1289,98964,822,197928,"10mill-boot"
11,20,"petite","second",3734,4085,366706,633414,8170,1266828,8,387,1437,98870,774,197740,"10mill-boot"
11,21,"petite","second",3751,4156,369681,630359,8312,1260718,6,398,1089,99654,796,199308,"10mill-boot"
11,22,"petite","second",3786,4131,367415,632623,8262,1265246,11,399,1839,98412,798,196824,"10mill-boot"
11,23,"petite","second",3717,4159,363260,636744,8318,1273488,12,403,2254,97752,806,195504,"10mill-boot"
11,24,"petite","second",3786,4136,369957,630077,8272,1260154,11,401,1989,98471,802,196942,"10mill-boot"
11,25,"petite","second",3760,4063,366138,633948,8126,1267896,5,390,782,99441,780,198882,"10mill-boot"
11,26,"petite","second",3674,4180,359445,640557,8360,1281114,9,400,1532,98593,800,197186,"10mill-boot"
11,27,"petite","second",3767,4155,366063,633960,8310,1267920,3,399,484,99553,798,199106,"10mill-boot"
11,28,"petite","second",3672,4162,359451,640598,8324,1281196,4,402,762,99840,804,199680,"10mill-boot"
11,29,"petite","second",3785,4106,367608,632463,8212,1264926,7,396,1163,99034,792,198068,"10mill-boot"
11,30,"petite","second",3779,4103,370849,629357,8206,1258714,3,395,557,99825,790,199650,"10mill-boot"
37,1,"petite","second",36631,41611,3623150,6376895,83222,12753790,58,3847,10211,990266,7694,1980532,"100mill-boot"
37,2,"petite","second",36657,41749,3619905,6380137,83498,12760274,53,3880,9915,991900,7760,1983800,"100mill-boot"
37,3,"petite","second",36495,41805,3620439,6379613,83610,12759226,65,3859,11723,989307,7718,1978614,"100mill-boot"
37,4,"petite","second",36744,41398,3644222,6355801,82796,12711602,53,3850,9435,991743,7700,1983486,"100mill-boot"
37,5,"petite","second",36484,41683,3616594,6383500,83366,12767000,56,3878,10507,993155,7756,1986310,"100mill-boot"
37,6,"petite","second",36331,41658,3603068,6396971,83316,12793942,60,3855,10652,992357,7710,1984714,"100mill-boot"
37,7,"petite","second",36646,41602,3630496,6369645,83204,12739290,45,3840,8285,993732,7680,1987464,"100mill-boot"
37,8,"petite","second",36534,41714,3628032,6372057,83428,12744114,66,3839,12053,990740,7678,1981480,"100mill-boot"
37,9,"petite","second",36931,41556,3652813,6347254,83112,12694508,54,3873,9617,991729,7746,1983458,"100mill-boot"
37,10,"petite","second",36537,41634,3623940,6376129,83268,12752258,67,3884,11731,989261,7768,1978522,"100mill-boot"
37,11,"petite","second",36941,41399,3652353,6347900,82798,12695800,66,3852,12166,989585,7704,1979170,"100mill-boot"
37,12,"petite","second",36774,41466,3645006,6355094,82932,12710188,67,3834,12574,988757,7668,1977514,"100mill-boot"
37,13,"petite","second",36611,41668,3616948,6383207,83336,12766414,48,3857,8514,992977,7714,1985954,"100mill-boot"
37,14,"petite","second",36843,41557,3641590,6358466,83114,12716932,46,3895,8209,992558,7790,1985116,"100mill-boot"
37,15,"petite","second",36860,41405,3653185,6346923,82810,12693846,63,3852,11712,989968,7704,1979936,"100mill-boot"
37,16,"petite","second",36698,41682,3633082,6367027,83364,12734054,62,3895,10997,989429,7790,1978858,"100mill-boot"
37,17,"petite","second",36591,41664,3639410,6360735,83328,12721470,64,3895,11523,989980,7790,1979960,"100mill-boot"
37,18,"petite","second",36735,41482,3630647,6369480,82964,12738960,63,3851,11105,991270,7702,1982540,"100mill-boot"
37,19,"petite","second",36507,41675,3623302,6376849,83350,12753698,43,3874,8250,992224,7748,1984448,"100mill-boot"
37,20,"petite","second",36479,41601,3621065,6378966,83202,12757932,56,3857,10286,991534,7714,1983068,"100mill-boot"
37,21,"petite","second",36694,41649,3640590,6359463,83298,12718926,61,3880,10785,989796,7760,1979592,"100mill-boot"
37,22,"petite","second",36457,41664,3617777,6382329,83328,12764658,63,3857,11546,989146,7714,1978292,"100mill-boot"
37,23,"petite","second",36326,41728,3607409,6392700,83456,12785400,59,3848,10405,989801,7696,1979602,"100mill-boot"
37,24,"petite","second",36774,41415,3631048,6368983,82830,12737966,51,3826,8814,991467,7652,1982934,"100mill-boot"
37,25,"petite","second",36550,41581,3632636,6367536,83162,12735072,58,3891,10707,990681,7782,1981362,"100mill-boot"
37,26,"petite","second",36331,41817,3600606,6399537,83634,12799074,72,3807,13049,987731,7614,1975462,"100mill-boot"
37,27,"petite","second",36250,41979,3591648,6408417,83958,12816834,67,3851,12148,988549,7702,1977098,"100mill-boot"
37,28,"petite","second",36784,41597,3645334,6354729,83194,12709458,68,3872,12068,989025,7744,1978050,"100mill-boot"
37,29,"petite","second",36566,41738,3625410,6374650,83476,12749300,63,3855,10906,989760,7710,1979520,"100mill-boot"
37,30,"petite","second",36352,41714,3598450,6401573,83428,12803146,53,3845,9459,991724,7690,1983448,"100mill-boot"
30,1,"petite","second",37382,42150,3642666,6357392,84300,12714784,217,3857,43429,958186,7714,1916372,"100mill-boot"
30,2,"petite","second",37403,41912,3643457,6356615,83824,12713230,174,3835,34406,967140,7670,1934280,"100mill-boot"
30,3,"petite","second",37457,41698,3655610,6344494,83396,12688988,195,3778,39327,962558,7556,1925116,"100mill-boot"
30,4,"petite","second",37457,41724,3668365,6331639,83448,12663278,198,3829,38832,961340,7658,1922680,"100mill-boot"
30,5,"petite","second",37481,41836,3662702,6337369,83672,12674738,197,3870,38122,964205,7740,1928410,"100mill-boot"
30,6,"petite","second",37547,41822,3662124,6338130,83644,12676260,200,3845,40625,960049,7690,1920098,"100mill-boot"
30,7,"petite","second",37162,41959,3630351,6369795,83918,12739590,206,3834,40848,960460,7668,1920920,"100mill-boot"
30,8,"petite","second",37385,41998,3645681,6354343,83996,12708686,185,3854,36370,964924,7708,1929848,"100mill-boot"
30,9,"petite","second",37633,41945,3661343,6338673,83890,12677346,182,3865,36208,964100,7730,1928200,"100mill-boot"
30,10,"petite","second",37592,41647,3673716,6326324,83294,12652648,204,3791,40031,961995,7582,1923990,"100mill-boot"
30,11,"petite","second",37574,41889,3680271,6319761,83778,12639522,205,3874,41328,961280,7748,1922560,"100mill-boot"
30,12,"petite","second",37654,41873,3680165,6319900,83746,12639800,217,3842,41572,959513,7684,1919026,"100mill-boot"
30,13,"petite","second",37211,41939,3644002,6355998,83878,12711996,204,3827,41682,958859,7654,1917718,"100mill-boot"
30,14,"petite","second",37506,41948,3664734,6335327,83896,12670654,199,3843,39615,961046,7686,1922092,"100mill-boot"
30,15,"petite","second",37624,41904,3665912,6334170,83808,12668340,209,3857,40166,960208,7714,1920416,"100mill-boot"
30,16,"petite","second",37295,42041,3644807,6355195,84082,12710390,210,3823,41011,959462,7646,1918924,"100mill-boot"
30,17,"petite","second",37540,41770,3671537,6328542,83540,12657084,194,3840,38668,961395,7680,1922790,"100mill-boot"
30,18,"petite","second",37411,41858,3654564,6345463,83716,12690926,190,3789,37178,963072,7578,1926144,"100mill-boot"
30,19,"petite","second",37692,41702,3691367,6308726,83404,12617452,193,3862,39116,961836,7724,1923672,"100mill-boot"
30,20,"petite","second",37345,41945,3645886,6354236,83890,12708472,209,3823,42057,960146,7646,1920292,"100mill-boot"
30,21,"petite","second",37502,41846,3661573,6338461,83692,12676922,198,3843,39368,962137,7686,1924274,"100mill-boot"
30,22,"petite","second",37430,42084,3650378,6349640,84168,12699280,209,3894,41985,958935,7788,1917870,"100mill-boot"
30,23,"petite","second",37532,41892,3669179,6330874,83784,12661748,201,3847,40837,960375,7694,1920750,"100mill-boot"
30,24,"petite","second",37373,41893,3652420,6347664,83786,12695328,185,3847,36483,964663,7694,1929326,"100mill-boot"
30,25,"petite","second",37564,41774,3660906,6339100,83548,12678200,184,3826,36788,963649,7652,1927298,"100mill-boot"
30,26,"petite","second",37738,41729,3672729,6327280,83458,12654560,183,3795,38003,962255,7590,1924510,"100mill-boot"
30,27,"petite","second",37381,41877,3654089,6345927,83754,12691854,187,3810,37622,964021,7620,1928042,"100mill-boot"
30,28,"petite","second",37571,42023,3671980,6328056,84046,12656112,192,3876,38565,962939,7752,1925878,"100mill-boot"
30,29,"petite","second",37615,41751,3667773,6332305,83502,12664610,189,3813,37825,964608,7626,1929216,"100mill-boot"
30,30,"petite","second",37507,41719,3659335,6340669,83438,12681338,192,3804,38757,961398,7608,1922796,"100mill-boot"
39,1,"petite","second",36543,41587,3616267,6383800,83174,12767600,100,3946,21303,979335,7892,1958670,"100mill-boot"
39,2,"petite","second",36765,41363,3648098,6351965,82726,12703930,104,3956,22174,979031,7912,1958062,"100mill-boot"
39,3,"petite","second",37046,41101,3658827,6341252,82202,12682504,126,3894,29151,971663,7788,1943326,"100mill-boot"
39,4,"petite","second",36834,41439,3650391,6349677,82878,12699354,98,3939,22017,978305,7878,1956610,"100mill-boot"
39,5,"petite","second",36437,41567,3609472,6390539,83134,12781078,126,3888,27311,977516,7776,1955032,"100mill-boot"
39,6,"petite","second",36666,41441,3619904,6380204,82882,12760408,119,3898,24764,976846,7796,1953692,"100mill-boot"
39,7,"petite","second",36825,41364,3647277,6352852,82728,12705704,107,3964,22736,977665,7928,1955330,"100mill-boot"
39,8,"petite","second",36822,41569,3630933,6369333,83138,12738666,96,3942,20592,981511,7884,1963022,"100mill-boot"
39,9,"petite","second",36962,41330,3660554,6339637,82660,12679274,91,4025,19417,981442,8050,1962884,"100mill-boot"
39,10,"petite","second",37058,41245,3653699,6346405,82490,12692810,97,3962,19797,980550,7924,1961100,"100mill-boot"
39,11,"petite","second",36885,41451,3638018,6362090,82902,12724180,111,3916,22840,977369,7832,1954738,"100mill-boot"
39,12,"petite","second",36709,41378,3623015,6377006,82756,12754012,99,3875,23517,976633,7750,1953266,"100mill-boot"
39,13,"petite","second",36794,41370,3640251,6359803,82740,12719606,133,3869,29141,973465,7738,1946930,"100mill-boot"
39,14,"petite","second",37112,41183,3670407,6329673,82366,12659346,77,3977,17001,983820,7954,1967640,"100mill-boot"
39,15,"petite","second",36924,41439,3654753,6345335,82878,12690670,98,3980,20796,979630,7960,1959260,"100mill-boot"
39,16,"petite","second",36808,41537,3635925,6364086,83074,12728172,120,3951,25307,976818,7902,1953636,"100mill-boot"
39,17,"petite","second",37027,41166,3665563,6334521,82332,12669042,90,3981,18220,983773,7962,1967546,"100mill-boot"
39,18,"petite","second",36816,41356,3634921,6365356,82712,12730712,96,3912,21070,980394,7824,1960788,"100mill-boot"
39,19,"petite","second",36743,41312,3643264,6356757,82624,12713514,102,3956,21178,979584,7912,1959168,"100mill-boot"
39,20,"petite","second",36806,41386,3656131,6343973,82772,12687946,123,3955,26954,974784,7910,1949568,"100mill-boot"
39,21,"petite","second",37368,40925,3700018,6300183,81850,12600366,111,3949,24753,976887,7898,1953774,"100mill-boot"
39,22,"petite","second",36830,41380,3644964,6355091,82760,12710182,114,3952,25629,975214,7904,1950428,"100mill-boot"
39,23,"petite","second",36883,41331,3653420,6346648,82662,12693296,121,3966,25675,974501,7932,1949002,"100mill-boot"
39,24,"petite","second",37131,41281,3674231,6325951,82562,12651902,114,3955,24291,976674,7910,1953348,"100mill-boot"
39,25,"petite","second",36919,41374,3641726,6358413,82748,12716826,107,3975,21414,980994,7950,1961988,"100mill-boot"
39,26,"petite","second",36935,41452,3657870,6342170,82904,12684340,99,3951,21757,979111,7902,1958222,"100mill-boot"
39,27,"petite","second",36692,41411,3632137,6367958,82822,12735916,115,3908,26498,974772,7816,1949544,"100mill-boot"
39,28,"petite","second",36601,41585,3613488,6386532,83170,12773064,96,3962,20536,980787,7924,1961574,"100mill-boot"
39,29,"petite","second",36771,41340,3639617,6360383,82680,12720766,91,3917,20401,980110,7834,1960220,"100mill-boot"
39,30,"petite","second",36942,41180,3655753,6344259,82360,12688518,110,3946,23506,977842,7892,1955684,"100mill-boot"
4,1,"petite","second",37355,41452,3648286,6351853,82904,12703706,135,3855,27989,974233,7710,1948466,"100mill-boot"
4,2,"petite","second",37453,41328,3673721,6326370,82656,12652740,110,3877,23592,977016,7754,1954032,"100mill-boot"
4,3,"petite","second",37468,41328,3678253,6321818,82656,12643636,134,3877,28242,975457,7754,1950914,"100mill-boot"
4,4,"petite","second",37109,41474,3644296,6355744,82948,12711488,129,3885,27915,973216,7770,1946432,"100mill-boot"
4,5,"petite","second",37347,41321,3669783,6330251,82642,12660502,112,3897,23217,978480,7794,1956960,"100mill-boot"
4,6,"petite","second",37120,41669,3634899,6365145,83338,12730290,145,3874,29983,971432,7748,1942864,"100mill-boot"
4,7,"petite","second",37412,41501,3670810,6329305,83002,12658610,137,3873,28978,973124,7746,1946248,"100mill-boot"
4,8,"petite","second",37453,41395,3688793,6311293,82790,12622586,124,3878,26226,974768,7756,1949536,"100mill-boot"
4,9,"petite","second",37627,41432,3677565,6322497,82864,12644994,132,3862,27922,972193,7724,1944386,"100mill-boot"
4,10,"petite","second",37410,41327,3668464,6331564,82654,12663128,123,3888,26198,977750,7776,1955500,"100mill-boot"
4,11,"petite","second",37637,41197,3698140,6301939,82394,12603878,136,3887,28576,972470,7774,1944940,"100mill-boot"
4,12,"petite","second",37521,41472,3673141,6326922,82944,12653844,143,3868,29332,971400,7736,1942800,"100mill-boot"
4,13,"petite","second",37451,41368,3663711,6336389,82736,12672778,130,3874,27051,974800,7748,1949600,"100mill-boot"
4,14,"petite","second",37710,41126,3706729,6293303,82252,12586606,124,3856,27520,972639,7712,1945278,"100mill-boot"
4,15,"petite","second",37370,41453,3647108,6352909,82906,12705818,116,3869,23863,976667,7738,1953334,"100mill-boot"
4,16,"petite","second",37353,41296,3666799,6333248,82592,12666496,126,3870,26603,975191,7740,1950382,"100mill-boot"
4,17,"petite","second",37371,41381,3658529,6341493,82762,12682986,139,3852,28322,973658,7704,1947316,"100mill-boot"
4,18,"petite","second",37588,41375,3676472,6323648,82750,12647296,130,3900,26011,979092,7800,1958184,"100mill-boot"
4,19,"petite","second",37782,41380,3701936,6298215,82760,12596430,131,3886,27314,974171,7772,1948342,"100mill-boot"
4,20,"petite","second",37684,41272,3692460,6307608,82544,12615216,123,3897,25593,975494,7794,1950988,"100mill-boot"
4,21,"petite","second",37448,41487,3659547,6340515,82974,12681030,117,3898,24750,976507,7796,1953014,"100mill-boot"
4,22,"petite","second",37591,41270,3696932,6303098,82540,12606196,129,3905,27219,975154,7810,1950308,"100mill-boot"
4,23,"petite","second",37336,41396,3654435,6345577,82792,12691154,114,3861,24850,977687,7722,1955374,"100mill-boot"
4,24,"petite","second",37029,41652,3621993,6378043,83304,12756086,143,3837,30632,972037,7674,1944074,"100mill-boot"
4,25,"petite","second",37721,41238,3698112,6301929,82476,12603858,137,3829,28637,972989,7658,1945978,"100mill-boot"
4,26,"petite","second",37625,41362,3687430,6312619,82724,12625238,130,3867,27197,974460,7734,1948920,"100mill-boot"
4,27,"petite","second",37423,41394,3671314,6328695,82788,12657390,120,3873,25234,977233,7746,1954466,"100mill-boot"
4,28,"petite","second",37424,41500,3669090,6331004,83000,12662008,135,3874,28762,971299,7748,1942598,"100mill-boot"
4,29,"petite","second",37175,41630,3634525,6365586,83260,12731172,127,3880,26451,973596,7760,1947192,"100mill-boot"
4,30,"petite","second",37508,41408,3676587,6323420,82816,12646840,127,3899,26229,975077,7798,1950154,"100mill-boot"
3,1,"petite","second",38014,41260,3699317,6300730,82520,12601460,88,3953,16239,984801,7906,1969602,"100mill-boot"
3,2,"petite","second",37668,41381,3652401,6347691,82762,12695382,77,3922,13747,989779,7844,1979558,"100mill-boot"
3,3,"petite","second",37480,41432,3642995,6357090,82864,12714180,87,3913,15965,984680,7826,1969360,"100mill-boot"
3,4,"petite","second",37546,41425,3644829,6355185,82850,12710370,99,3891,17432,982835,7782,1965670,"100mill-boot"
3,5,"petite","second",37371,41592,3633573,6366449,83184,12732898,72,3898,12686,988292,7796,1976584,"100mill-boot"
3,6,"petite","second",37426,41506,3638387,6361634,83012,12723268,71,3892,13063,987250,7784,1974500,"100mill-boot"
3,7,"petite","second",37766,41319,3663791,6336432,82638,12672864,80,3893,15266,986904,7786,1973808,"100mill-boot"
3,8,"petite","second",37958,41532,3669960,6330134,83064,12660268,107,3934,19151,981244,7868,1962488,"100mill-boot"
3,9,"petite","second",37577,41401,3661100,6338982,82802,12677964,96,3920,17532,984597,7840,1969194,"100mill-boot"
3,10,"petite","second",37652,41312,3667542,6332466,82624,12664932,93,3947,17189,988565,7894,1977130,"100mill-boot"
3,11,"petite","second",37756,41420,3660239,6339794,82840,12679588,84,3921,15785,986380,7842,1972760,"100mill-boot"
3,12,"petite","second",37670,41436,3648735,6351449,82872,12702898,87,3889,16551,985907,7778,1971814,"100mill-boot"
3,13,"petite","second",37753,41423,3666057,6334040,82846,12668080,102,3905,18533,984596,7810,1969192,"100mill-boot"
3,14,"petite","second",37717,41421,3658802,6341401,82842,12682802,89,3920,16063,985545,7840,1971090,"100mill-boot"
3,15,"petite","second",37504,41525,3645047,6354970,83050,12709940,86,3918,16174,985034,7836,1970068,"100mill-boot"
3,16,"petite","second",37664,41464,3655249,6344777,82928,12689554,77,3943,14362,989016,7886,1978032,"100mill-boot"
3,17,"petite","second",37769,41472,3663791,6336331,82944,12672662,87,3946,16128,985014,7892,1970028,"100mill-boot"
3,18,"petite","second",37852,41305,3676465,6323736,82610,12647472,59,3894,11131,989492,7788,1978984,"100mill-boot"
3,19,"petite","second",37596,41411,3655842,6344175,82822,12688350,78,3889,14251,986066,7778,1972132,"100mill-boot"
3,20,"petite","second",37741,41402,3656998,6343062,82804,12686124,85,3924,15850,986554,7848,1973108,"100mill-boot"
3,21,"petite","second",37948,41167,3671939,6328076,82334,12656152,87,3876,15714,984587,7752,1969174,"100mill-boot"
3,22,"petite","second",37477,41421,3633443,6366560,82842,12733120,69,3880,12964,988592,7760,1977184,"100mill-boot"
3,23,"petite","second",37745,41455,3662546,6337631,82910,12675262,84,3901,16447,984859,7802,1969718,"100mill-boot"
3,24,"petite","second",37833,41446,3669223,6330825,82892,12661650,101,3909,18507,983439,7818,1966878,"100mill-boot"
3,25,"petite","second",37779,41357,3668957,6331135,82714,12662270,100,3925,18421,984335,7850,1968670,"100mill-boot"
3,26,"petite","second",37677,41513,3653647,6346438,83026,12692876,79,3921,14156,985924,7842,1971848,"100mill-boot"
3,27,"petite","second",37726,41471,3670917,6329203,82942,12658406,75,3923,14079,988448,7846,1976896,"100mill-boot"
3,28,"petite","second",37880,41530,3670179,6329902,83060,12659804,95,3926,17509,983437,7852,1966874,"100mill-boot"
3,29,"petite","second",37652,41352,3657572,6342510,82704,12685020,101,3902,18118,983499,7804,1966998,"100mill-boot"
3,30,"petite","second",37994,41191,3684224,6315788,82382,12631576,87,3896,16357,984236,7792,1968472,"100mill-boot"
2,1,"petite","second",37409,41172,3709016,6291102,82344,12582204,109,3860,22832,978215,7720,1956430,"100mill-boot"
2,2,"petite","second",37482,41161,3718127,6282030,82322,12564060,103,3891,21388,980684,7782,1961368,"100mill-boot"
2,3,"petite","second",37561,41038,3712408,6287717,82076,12575434,95,3891,19184,986449,7782,1972898,"100mill-boot"
2,4,"petite","second",37450,41365,3704867,6295327,82730,12590654,111,3895,23026,977649,7790,1955298,"100mill-boot"
2,5,"petite","second",37182,41362,3681204,6318945,82724,12637890,112,3862,23268,979647,7724,1959294,"100mill-boot"
2,6,"petite","second",37512,41415,3706461,6293606,82830,12587212,116,3860,24753,976488,7720,1952976,"100mill-boot"
2,7,"petite","second",37584,41281,3713431,6286602,82562,12573204,92,3884,19391,981299,7768,1962598,"100mill-boot"
2,8,"petite","second",37298,41508,3675937,6324152,83016,12648304,98,3892,20384,980924,7784,1961848,"100mill-boot"
2,9,"petite","second",37228,41398,3665790,6334431,82796,12668862,96,3886,20103,981366,7772,1962732,"100mill-boot"
2,10,"petite","second",37654,41094,3723598,6276566,82188,12553132,105,3866,22525,978735,7732,1957470,"100mill-boot"
2,11,"petite","second",37510,41351,3701943,6298150,82702,12596300,122,3818,25423,975253,7636,1950506,"100mill-boot"
2,12,"petite","second",37579,41240,3718981,6281129,82480,12562258,114,3863,24992,976330,7726,1952660,"100mill-boot"
2,13,"petite","second",37662,41123,3727884,6272130,82246,12544260,105,3856,22451,978186,7712,1956372,"100mill-boot"
2,14,"petite","second",37566,41204,3713316,6286770,82408,12573540,97,3842,20461,979893,7684,1959786,"100mill-boot"
2,15,"petite","second",37336,41498,3695347,6304791,82996,12609582,99,3890,20435,980684,7780,1961368,"100mill-boot"
2,16,"petite","second",37626,41308,3716658,6283432,82616,12566864,121,3903,24479,978278,7806,1956556,"100mill-boot"
2,17,"petite","second",37665,41256,3717150,6282995,82512,12565990,99,3889,20712,980325,7778,1960650,"100mill-boot"
2,18,"petite","second",37542,41179,3709697,6290418,82358,12580836,122,3868,24909,976877,7736,1953754,"100mill-boot"
2,19,"petite","second",37474,41348,3705531,6294518,82696,12589036,86,3878,18148,982108,7756,1964216,"100mill-boot"
2,20,"petite","second",37820,41208,3723543,6276511,82416,12553022,109,3893,22192,978421,7786,1956842,"100mill-boot"
2,21,"petite","second",37335,41465,3689661,6310604,82930,12621208,104,3886,20297,981576,7772,1963152,"100mill-boot"
2,22,"petite","second",37521,41398,3691470,6308845,82796,12617690,111,3873,22973,980414,7746,1960828,"100mill-boot"
2,23,"petite","second",37450,41232,3696302,6303731,82464,12607462,98,3856,20986,979888,7712,1959776,"100mill-boot"
2,24,"petite","second",37664,41262,3706703,6293359,82524,12586718,100,3873,20523,980265,7746,1960530,"100mill-boot"
2,25,"petite","second",37595,41299,3706052,6294064,82598,12588128,111,3875,22791,978380,7750,1956760,"100mill-boot"
2,26,"petite","second",37067,41652,3659955,6340099,83304,12680198,102,3891,20757,981545,7782,1963090,"100mill-boot"
2,27,"petite","second",37425,41381,3696083,6303928,82762,12607856,106,3849,22617,977500,7698,1955000,"100mill-boot"
2,28,"petite","second",37629,41299,3716743,6283306,82598,12566612,102,3895,20907,979753,7790,1959506,"100mill-boot"
2,29,"petite","second",37596,41321,3723097,6276931,82642,12553862,94,3897,19763,981524,7794,1963048,"100mill-boot"
2,30,"petite","second",37462,41142,3698065,6301964,82284,12603928,123,3859,25613,975277,7718,1950554,"100mill-boot"
38,1,"petite","second",38041,41021,3700836,6299218,82042,12598436,120,3865,23525,977115,7730,1954230,"100mill-boot"
38,2,"petite","second",38231,40990,3716357,6283715,81980,12567430,129,3852,24514,975650,7704,1951300,"100mill-boot"
38,3,"petite","second",37613,41069,3672236,6327768,82138,12655536,139,3842,27189,973617,7684,1947234,"100mill-boot"
38,4,"petite","second",37715,41169,3679683,6320371,82338,12640742,130,3868,24531,976086,7736,1952172,"100mill-boot"
38,5,"petite","second",37820,41017,3697816,6302369,82034,12604738,148,3823,28259,971953,7646,1943906,"100mill-boot"
38,6,"petite","second",37755,41186,3689550,6310497,82372,12620994,111,3844,21229,978808,7688,1957616,"100mill-boot"
38,7,"petite","second",37879,41034,3702515,6297637,82068,12595274,121,3826,23745,977360,7652,1954720,"100mill-boot"
38,8,"petite","second",38123,41002,3716743,6283289,82004,12566578,131,3892,25218,976200,7784,1952400,"100mill-boot"
38,9,"petite","second",37708,41144,3680657,6319387,82288,12638774,113,3855,21803,978365,7710,1956730,"100mill-boot"
38,10,"petite","second",38036,40892,3710658,6289476,81784,12578952,135,3884,26446,974682,7768,1949364,"100mill-boot"
38,11,"petite","second",37971,41106,3698654,6301419,82212,12602838,128,3883,23995,978639,7766,1957278,"100mill-boot"
38,12,"petite","second",38010,41065,3691356,6308707,82130,12617414,128,3881,24477,976963,7762,1953926,"100mill-boot"
38,13,"petite","second",37984,41067,3695043,6305046,82134,12610092,117,3846,21969,978133,7692,1956266,"100mill-boot"
38,14,"petite","second",37942,40888,3708740,6291332,81776,12582664,108,3891,21075,981249,7782,1962498,"100mill-boot"
38,15,"petite","second",37860,41213,3698164,6301891,82426,12603782,131,3859,25659,975081,7718,1950162,"100mill-boot"
38,16,"petite","second",38006,40908,3699904,6300119,81816,12600238,108,3870,20901,981773,7740,1963546,"100mill-boot"
38,17,"petite","second",38275,40866,3732800,6267287,81732,12534574,147,3844,27414,972617,7688,1945234,"100mill-boot"
38,18,"petite","second",38162,40946,3722824,6277247,81892,12554494,126,3846,23530,977213,7692,1954426,"100mill-boot"
38,19,"petite","second",38006,41020,3710669,6289393,82040,12578786,132,3815,26420,973720,7630,1947440,"100mill-boot"
38,20,"petite","second",37973,41058,3696393,6303664,82116,12607328,96,3877,18412,983849,7754,1967698,"100mill-boot"
38,21,"petite","second",37820,41061,3698896,6301211,82122,12602422,119,3882,22762,980321,7764,1960642,"100mill-boot"
38,22,"petite","second",37824,40936,3698955,6301119,81872,12602238,132,3817,24396,976401,7634,1952802,"100mill-boot"
38,23,"petite","second",37642,41155,3663119,6336935,82310,12673870,121,3882,23377,978666,7764,1957332,"100mill-boot"
38,24,"petite","second",37790,41129,3682627,6317441,82258,12634882,104,3911,20026,980077,7822,1960154,"100mill-boot"
38,25,"petite","second",37785,41203,3685595,6314439,82406,12628878,122,3876,23060,977318,7752,1954636,"100mill-boot"
38,26,"petite","second",37680,41372,3663485,6336685,82744,12673370,121,3864,23198,977462,7728,1954924,"100mill-boot"
38,27,"petite","second",37818,41361,3677338,6322707,82722,12645414,125,3903,23903,977850,7806,1955700,"100mill-boot"
38,28,"petite","second",37743,41254,3687175,6313053,82508,12626106,112,3890,21491,980902,7780,1961804,"100mill-boot"
38,29,"petite","second",37688,41269,3675301,6324718,82538,12649436,126,3875,23443,979841,7750,1959682,"100mill-boot"
38,30,"petite","second",38125,40929,3714208,6285874,81858,12571748,129,3870,24677,977665,7740,1955330,"100mill-boot"
5,1,"petite","second",37343,41539,3673149,6326954,83078,12653908,189,3906,34289,966934,7812,1933868,"100mill-boot"
5,2,"petite","second",37006,41666,3631733,6368477,83332,12736954,164,3931,29511,971919,7862,1943838,"100mill-boot"
5,3,"petite","second",37281,41427,3665560,6334518,82854,12669036,174,3905,30446,970840,7810,1941680,"100mill-boot"
5,4,"petite","second",36906,41574,3625062,6374974,83148,12749948,174,3911,31319,971519,7822,1943038,"100mill-boot"
5,5,"petite","second",37041,41595,3639264,6360773,83190,12721546,157,3934,29507,974347,7868,1948694,"100mill-boot"
5,6,"petite","second",37487,41507,3690496,6309632,83014,12619264,182,3931,32368,970777,7862,1941554,"100mill-boot"
5,7,"petite","second",37468,41433,3690177,6309924,82866,12619848,191,3928,34616,966073,7856,1932146,"100mill-boot"
5,8,"petite","second",37068,41743,3641156,6358903,83486,12717806,178,3938,31368,970800,7876,1941600,"100mill-boot"
5,9,"petite","second",37041,41733,3636323,6363727,83466,12727454,205,3901,36725,965288,7802,1930576,"100mill-boot"
5,10,"petite","second",37410,41439,3669535,6330523,82878,12661046,184,3925,33261,968624,7850,1937248,"100mill-boot"
5,11,"petite","second",37304,41681,3666753,6333334,83362,12666668,195,3952,35003,969512,7904,1939024,"100mill-boot"
5,12,"petite","second",37252,41626,3651488,6348585,83252,12697170,201,3931,37119,964678,7862,1929356,"100mill-boot"
5,13,"petite","second",37251,41572,3650313,6349804,83144,12699608,161,3925,29389,971168,7850,1942336,"100mill-boot"
5,14,"petite","second",37518,41477,3679521,6320498,82954,12640996,184,3909,32267,967945,7818,1935890,"100mill-boot"
5,15,"petite","second",37017,41842,3617942,6382207,83684,12764414,198,3916,35203,966953,7832,1933906,"100mill-boot"
5,16,"petite","second",37311,41625,3653667,6346368,83250,12692736,165,3936,29489,974289,7872,1948578,"100mill-boot"
5,17,"petite","second",36881,41727,3626994,6373103,83454,12746206,181,3932,31852,970244,7864,1940488,"100mill-boot"
5,18,"petite","second",37339,41483,3668764,6331344,82966,12662688,201,3933,36046,965167,7866,1930334,"100mill-boot"
5,19,"petite","second",36921,41687,3630174,6369839,83374,12739678,169,3914,30311,970585,7828,1941170,"100mill-boot"
5,20,"petite","second",37020,41718,3638813,6361265,83436,12722530,185,3915,32209,969530,7830,1939060,"100mill-boot"
5,21,"petite","second",37418,41288,3662987,6337033,82576,12674066,148,3933,26904,974956,7866,1949912,"100mill-boot"
5,22,"petite","second",37034,41664,3643807,6356290,83328,12712580,175,3937,31311,968906,7874,1937812,"100mill-boot"
5,23,"petite","second",37093,41634,3645234,6354833,83268,12709666,166,3925,29655,973983,7850,1947966,"100mill-boot"
5,24,"petite","second",37455,41554,3666043,6334149,83108,12668298,177,3956,32224,970966,7912,1941932,"100mill-boot"
5,25,"petite","second",37216,41592,3637368,6362703,83184,12725406,177,3936,30619,970395,7872,1940790,"100mill-boot"
5,26,"petite","second",37313,41681,3657295,6342755,83362,12685510,176,3919,31200,970333,7838,1940666,"100mill-boot"
5,27,"petite","second",36930,41857,3617558,6382491,83714,12764982,142,3954,25155,975913,7908,1951826,"100mill-boot"
5,28,"petite","second",37375,41406,3674410,6325647,82812,12651294,190,3911,34907,965160,7822,1930320,"100mill-boot"
5,29,"petite","second",37114,41586,3649597,6350405,83172,12700810,190,3886,33959,966491,7772,1932982,"100mill-boot"
5,30,"petite","second",36971,41552,3645021,6355001,83104,12710002,148,3939,26796,974652,7878,1949304,"100mill-boot"
31,1,"petite","second",38348,40850,3735241,6264781,81700,12529562,125,3829,21859,978666,7658,1957332,"100mill-boot"
31,2,"petite","second",38145,40840,3718302,6281770,81680,12563540,108,3836,18751,983878,7672,1967756,"100mill-boot"
31,3,"petite","second",38169,40853,3737854,6262312,81706,12524624,130,3864,22768,978367,7728,1956734,"100mill-boot"
31,4,"petite","second",37765,41106,3693950,6306055,82212,12612110,94,3889,17207,983654,7778,1967308,"100mill-boot"
31,5,"petite","second",38111,40888,3727349,6272732,81776,12545464,105,3815,18877,981751,7630,1963502,"100mill-boot"
31,6,"petite","second",37859,41224,3697798,6302216,82448,12604432,124,3834,21315,979055,7668,1958110,"100mill-boot"
31,7,"petite","second",37752,41189,3690560,6309485,82378,12618970,103,3872,17920,982614,7744,1965228,"100mill-boot"
31,8,"petite","second",38025,41014,3716803,6283229,82028,12566458,118,3851,21220,978970,7702,1957940,"100mill-boot"
31,9,"petite","second",37799,41154,3686919,6313144,82308,12626288,124,3833,21670,979629,7666,1959258,"100mill-boot"
31,10,"petite","second",38237,40914,3732049,6267972,81828,12535944,133,3873,23626,977766,7746,1955532,"100mill-boot"
31,11,"petite","second",38486,40983,3758235,6241809,81966,12483618,122,3887,20964,980637,7774,1961274,"100mill-boot"
31,12,"petite","second",38148,40981,3711433,6288683,81962,12577366,108,3860,18872,982630,7720,1965260,"100mill-boot"
31,13,"petite","second",38394,40925,3736095,6263913,81850,12527826,100,3874,17472,983584,7748,1967168,"100mill-boot"
31,14,"petite","second",38175,41004,3714612,6285449,82008,12570898,100,3867,18282,983120,7734,1966240,"100mill-boot"
31,15,"petite","second",38329,40818,3736082,6263953,81636,12527906,110,3852,20440,984227,7704,1968454,"100mill-boot"
31,16,"petite","second",38044,41102,3725085,6274923,82204,12549846,140,3864,25381,975317,7728,1950634,"100mill-boot"
31,17,"petite","second",38417,40790,3751967,6248040,81580,12496080,98,3882,17271,984131,7764,1968262,"100mill-boot"
31,18,"petite","second",38183,40939,3730914,6269086,81878,12538172,102,3865,18049,985075,7730,1970150,"100mill-boot"
31,19,"petite","second",37956,41041,3703388,6296660,82082,12593320,113,3843,20639,981744,7686,1963488,"100mill-boot"
31,20,"petite","second",38101,41071,3717546,6282523,82142,12565046,100,3862,17128,984843,7724,1969686,"100mill-boot"
31,21,"petite","second",38103,41107,3709719,6290286,82214,12580572,116,3840,20515,979686,7680,1959372,"100mill-boot"
31,22,"petite","second",37864,41119,3701385,6298723,82238,12597446,107,3836,18917,981849,7672,1963698,"100mill-boot"
31,23,"petite","second",37963,40861,3714273,6285787,81722,12571574,103,3804,17740,983380,7608,1966760,"100mill-boot"
31,24,"petite","second",38031,41043,3712431,6287669,82086,12575338,111,3898,19271,982174,7796,1964348,"100mill-boot"
31,25,"petite","second",38152,41037,3709015,6291370,82074,12582740,101,3884,18537,981751,7768,1963502,"100mill-boot"
31,26,"petite","second",37793,41128,3685899,6314158,82256,12628316,113,3815,19923,980967,7630,1961934,"100mill-boot"
31,27,"petite","second",37964,41155,3692648,6307450,82310,12614900,132,3876,23718,977985,7752,1955970,"100mill-boot"
31,28,"petite","second",37929,41139,3699543,6300572,82278,12601144,111,3834,19596,980609,7668,1961218,"100mill-boot"
31,29,"petite","second",38224,40944,3734197,6266078,81888,12532156,105,3868,18023,982484,7736,1964968,"100mill-boot"
31,30,"petite","second",38240,40996,3725165,6274960,81992,12549920,123,3883,22001,978877,7766,1957754,"100mill-boot"
36,1,"petite","second",38000,41555,3679276,6320770,83110,12641540,103,3894,20914,979350,7788,1958700,"100mill-boot"
36,2,"petite","second",37837,41530,3667079,6333007,83060,12666014,111,3906,23772,978034,7812,1956068,"100mill-boot"
36,3,"petite","second",37563,41585,3653568,6346458,83170,12692916,90,3871,17114,983769,7742,1967538,"100mill-boot"
36,4,"petite","second",37576,41623,3639351,6360764,83246,12721528,105,3850,21489,979835,7700,1959670,"100mill-boot"
36,5,"petite","second",37649,41780,3636480,6363630,83560,12727260,107,3875,20277,979885,7750,1959770,"100mill-boot"
36,6,"petite","second",37356,41830,3626437,6373655,83660,12747310,117,3867,23837,977855,7734,1955710,"100mill-boot"
36,7,"petite","second",37695,41794,3637572,6362460,83588,12724920,114,3831,23890,977509,7662,1955018,"100mill-boot"
36,8,"petite","second",37920,41491,3674787,6325244,82982,12650488,98,3870,18486,981673,7740,1963346,"100mill-boot"
36,9,"petite","second",37870,41745,3651630,6348537,83490,12697074,134,3818,27173,973181,7636,1946362,"100mill-boot"
36,10,"petite","second",37785,41562,3661491,6338529,83124,12677058,88,3884,17628,983171,7768,1966342,"100mill-boot"
36,11,"petite","second",38007,41559,3687328,6312801,83118,12625602,152,3835,31473,969770,7670,1939540,"100mill-boot"
36,12,"petite","second",38139,41522,3692543,6307581,83044,12615162,122,3875,25233,978079,7750,1956158,"100mill-boot"
36,13,"petite","second",37841,41617,3668829,6331245,83234,12662490,123,3885,24693,976458,7770,1952916,"100mill-boot"
36,14,"petite","second",38097,41445,3701950,6298134,82890,12596268,113,3865,24198,980742,7730,1961484,"100mill-boot"
36,15,"petite","second",37785,41495,3659249,6340758,82990,12681516,98,3853,18952,981641,7706,1963282,"100mill-boot"
36,16,"petite","second",37977,41609,3665089,6334972,83218,12669944,90,3914,17501,985152,7828,1970304,"100mill-boot"
36,17,"petite","second",38069,41394,3680290,6319712,82788,12639424,114,3868,22916,977131,7736,1954262,"100mill-boot"
36,18,"petite","second",38078,41405,3690194,6309951,82810,12619902,115,3881,23874,978489,7762,1956978,"100mill-boot"
36,19,"petite","second",38156,41447,3694172,6305927,82894,12611854,101,3879,19307,982547,7758,1965094,"100mill-boot"
36,20,"petite","second",37828,41681,3663565,6336441,83362,12672882,102,3891,18573,981960,7782,1963920,"100mill-boot"
36,21,"petite","second",38060,41562,3685199,6314864,83124,12629728,110,3881,22426,979627,7762,1959254,"100mill-boot"
36,22,"petite","second",37738,41654,3659094,6341022,83308,12682044,95,3903,19188,982329,7806,1964658,"100mill-boot"
36,23,"petite","second",37886,41647,3667689,6332581,83294,12665162,116,3848,23936,977403,7696,1954806,"100mill-boot"
36,24,"petite","second",37747,41763,3652380,6347668,83526,12695336,107,3865,22031,980457,7730,1960914,"100mill-boot"
36,25,"petite","second",37827,41660,3663964,6336036,83320,12672072,93,3854,18148,984138,7708,1968276,"100mill-boot"
36,26,"petite","second",37884,41600,3656901,6343214,83200,12686428,101,3866,18889,981438,7732,1962876,"100mill-boot"
36,27,"petite","second",37417,41811,3631713,6368617,83622,12737234,126,3849,25399,975314,7698,1950628,"100mill-boot"
36,28,"petite","second",37818,41639,3662288,6337774,83278,12675548,109,3915,21838,982701,7830,1965402,"100mill-boot"
36,29,"petite","second",37870,41408,3678121,6321968,82816,12643936,93,3871,17865,983171,7742,1966342,"100mill-boot"
36,30,"petite","second",37704,41777,3643561,6356531,83554,12713062,126,3846,25742,974723,7692,1949446,"100mill-boot"
14,1,"petite","second",37740,41134,3688035,6312014,82268,12624028,159,3857,28333,975618,7714,1951236,"100mill-boot"
14,2,"petite","second",37579,41174,3681873,6318202,82348,12636404,165,3794,30413,970639,7588,1941278,"100mill-boot"
14,3,"petite","second",37686,40894,3707673,6292349,81788,12584698,164,3802,29011,973705,7604,1947410,"100mill-boot"
14,4,"petite","second",37736,40991,3694392,6305639,81982,12611278,176,3780,32745,968311,7560,1936622,"100mill-boot"
14,5,"petite","second",37607,41037,3703816,6296333,82074,12592666,201,3762,36883,964835,7524,1929670,"100mill-boot"
14,6,"petite","second",37647,41163,3690604,6309684,82326,12619368,157,3855,28301,974378,7710,1948756,"100mill-boot"
14,7,"petite","second",37663,41077,3704674,6295429,82154,12590858,164,3812,29122,971741,7624,1943482,"100mill-boot"
14,8,"petite","second",37548,41245,3689230,6310785,82490,12621570,143,3788,25938,974239,7576,1948478,"100mill-boot"
14,9,"petite","second",37865,40921,3723329,6276702,81842,12553404,173,3826,30924,970703,7652,1941406,"100mill-boot"
14,10,"petite","second",37803,41006,3698137,6301965,82012,12603930,162,3813,29021,971459,7626,1942918,"100mill-boot"
14,11,"petite","second",37808,41239,3705268,6294817,82478,12589634,190,3809,33566,969576,7618,1939152,"100mill-boot"
14,12,"petite","second",37948,41114,3712008,6288024,82228,12576048,140,3842,25605,975637,7684,1951274,"100mill-boot"
14,13,"petite","second",37783,41122,3692032,6308043,82244,12616086,149,3800,27285,972772,7600,1945544,"100mill-boot"
14,14,"petite","second",37402,41239,3670998,6329017,82478,12658034,161,3853,28699,971735,7706,1943470,"100mill-boot"
14,15,"petite","second",37951,40910,3715234,6284804,81820,12569608,183,3823,32574,969017,7646,1938034,"100mill-boot"
14,16,"petite","second",37421,41310,3677133,6322955,82620,12645910,158,3828,29452,971018,7656,1942036,"100mill-boot"
14,17,"petite","second",38215,40899,3743315,6256771,81798,12513542,178,3807,31484,968765,7614,1937530,"100mill-boot"
14,18,"petite","second",37717,40943,3711766,6288354,81886,12576708,165,3801,30094,971068,7602,1942136,"100mill-boot"
14,19,"petite","second",37831,40772,3717470,6282683,81544,12565366,173,3790,31051,971036,7580,1942072,"100mill-boot"
14,20,"petite","second",37539,41196,3682329,6317775,82392,12635550,127,3836,23627,977401,7672,1954802,"100mill-boot"
14,21,"petite","second",37784,41171,3699496,6300532,82342,12601064,171,3839,30812,969404,7678,1938808,"100mill-boot"
14,22,"petite","second",37465,41293,3659397,6340656,82586,12681312,169,3815,30407,970105,7630,1940210,"100mill-boot"
14,23,"petite","second",37751,41019,3697167,6302842,82038,12605684,153,3791,27298,972921,7582,1945842,"100mill-boot"
14,24,"petite","second",37625,41125,3689178,6310988,82250,12621976,162,3826,29222,971448,7652,1942896,"100mill-boot"
14,25,"petite","second",37594,41072,3690243,6309862,82144,12619724,171,3820,30387,971013,7640,1942026,"100mill-boot"
14,26,"petite","second",37629,41254,3677757,6322294,82508,12644588,165,3822,29671,972595,7644,1945190,"100mill-boot"
14,27,"petite","second",37757,41235,3703634,6296384,82470,12592768,161,3836,28440,972830,7672,1945660,"100mill-boot"
14,28,"petite","second",37608,41220,3696619,6303432,82440,12606864,154,3838,29304,972559,7676,1945118,"100mill-boot"
14,29,"petite","second",37821,40939,3714506,6285569,81878,12571138,160,3799,29526,971238,7598,1942476,"100mill-boot"
14,30,"petite","second",37658,41240,3686579,6313470,82480,12626940,167,3858,29945,971169,7716,1942338,"100mill-boot"
13,1,"petite","second",37851,41750,3681301,6318800,83500,12637600,90,4121,18929,982469,8242,1964938,"100mill-boot"
13,2,"petite","second",37683,41811,3671646,6328370,83622,12656740,74,4088,16759,985680,8176,1971360,"100mill-boot"
13,3,"petite","second",37940,41816,3698484,6301564,83632,12603128,75,4127,15563,985278,8254,1970556,"100mill-boot"
13,4,"petite","second",37590,41704,3686316,6313885,83408,12627770,94,4089,20049,981696,8178,1963392,"100mill-boot"
13,5,"petite","second",37539,41791,3669189,6330817,83582,12661634,83,4071,18738,983453,8142,1966906,"100mill-boot"
13,6,"petite","second",37381,42190,3637831,6362249,84380,12724498,80,4126,16590,984263,8252,1968526,"100mill-boot"
13,7,"petite","second",37574,41864,3669738,6330279,83728,12660558,68,4090,15339,986322,8180,1972644,"100mill-boot"
13,8,"petite","second",37660,41820,3680554,6319568,83640,12639136,77,4105,16745,983702,8210,1967404,"100mill-boot"
13,9,"petite","second",37870,41756,3683157,6316910,83512,12633820,67,4071,14555,986071,8142,1972142,"100mill-boot"
13,10,"petite","second",37575,41892,3670044,6330003,83784,12660006,76,4102,15989,986902,8204,1973804,"100mill-boot"
13,11,"petite","second",37599,41940,3659043,6340982,83880,12681964,89,4087,19812,982001,8174,1964002,"100mill-boot"
13,12,"petite","second",37634,41984,3656399,6343608,83968,12687216,71,4063,16189,983975,8126,1967950,"100mill-boot"
13,13,"petite","second",37736,41888,3671912,6328117,83776,12656234,89,4089,18315,982525,8178,1965050,"100mill-boot"
13,14,"petite","second",37505,41912,3664146,6335952,83824,12671904,88,4078,18935,982253,8156,1964506,"100mill-boot"
13,15,"petite","second",37873,41763,3695193,6304946,83526,12609892,90,4097,19006,981434,8194,1962868,"100mill-boot"
13,16,"petite","second",37673,41776,3681822,6318202,83552,12636404,89,4067,20006,980971,8134,1961942,"100mill-boot"
13,17,"petite","second",37480,42026,3667356,6332695,84052,12665390,75,4138,14769,987202,8276,1974404,"100mill-boot"
13,18,"petite","second",37409,41977,3651500,6348500,83954,12697000,79,4081,17578,983814,8162,1967628,"100mill-boot"
13,19,"petite","second",37423,41991,3643576,6356467,83982,12712934,73,4098,16451,983833,8196,1967666,"100mill-boot"
13,20,"petite","second",37420,41932,3651511,6348627,83864,12697254,74,4076,17007,983867,8152,1967734,"100mill-boot"
13,21,"petite","second",37800,41752,3679458,6320545,83504,12641090,78,4144,16291,985872,8288,1971744,"100mill-boot"
13,22,"petite","second",37795,41691,3689990,6310127,83382,12620254,80,4082,17105,983543,8164,1967086,"100mill-boot"
13,23,"petite","second",37588,42053,3667032,6332980,84106,12665960,66,4151,14534,987117,8302,1974234,"100mill-boot"
13,24,"petite","second",37741,41744,3682235,6317827,83488,12635654,83,4069,18159,981930,8138,1963860,"100mill-boot"
13,25,"petite","second",37725,41762,3671219,6328838,83524,12657676,61,4082,13828,987933,8164,1975866,"100mill-boot"
13,26,"petite","second",38036,41677,3705978,6294189,83354,12588378,89,4085,18833,982781,8170,1965562,"100mill-boot"
13,27,"petite","second",38026,41674,3711059,6288947,83348,12577894,71,4088,16008,985040,8176,1970080,"100mill-boot"
13,28,"petite","second",37776,41907,3684828,6315295,83814,12630590,89,4117,18675,983390,8234,1966780,"100mill-boot"
13,29,"petite","second",37442,41915,3654524,6345519,83830,12691038,78,4074,17662,982805,8148,1965610,"100mill-boot"
13,30,"petite","second",38281,41597,3728600,6271494,83194,12542988,95,4105,20548,979766,8210,1959532,"100mill-boot"
25,1,"petite","second",37438,41282,3649436,6350570,82564,12701140,131,3834,27718,973063,7668,1946126,"100mill-boot"
25,2,"petite","second",37630,41372,3662638,6337460,82744,12674920,140,3892,28293,973706,7784,1947412,"100mill-boot"
25,3,"petite","second",37002,41614,3618623,6381431,83228,12762862,149,3898,29503,973192,7796,1946384,"100mill-boot"
25,4,"petite","second",37092,41462,3626535,6373537,82924,12747074,145,3861,30299,971304,7722,1942608,"100mill-boot"
25,5,"petite","second",37097,41396,3627593,6372603,82792,12745206,136,3869,27928,973358,7738,1946716,"100mill-boot"
25,6,"petite","second",37009,41622,3609061,6391089,83244,12782178,122,3885,24998,975421,7770,1950842,"100mill-boot"
25,7,"petite","second",37304,41527,3650918,6349256,83054,12698512,166,3875,33355,969319,7750,1938638,"100mill-boot"
25,8,"petite","second",37092,41397,3620940,6379169,82794,12758338,133,3871,27546,974875,7742,1949750,"100mill-boot"
25,9,"petite","second",37799,41300,3673766,6326317,82600,12652634,124,3911,25108,975298,7822,1950596,"100mill-boot"
25,10,"petite","second",37186,41360,3632556,6367527,82720,12735054,129,3903,25400,976719,7806,1953438,"100mill-boot"
25,11,"petite","second",37691,41161,3678930,6321111,82322,12642222,145,3891,28627,973534,7782,1947068,"100mill-boot"
25,12,"petite","second",37195,41593,3630832,6369282,83186,12738564,154,3917,29679,971498,7834,1942996,"100mill-boot"
25,13,"petite","second",37540,41436,3660264,6339819,82872,12679638,129,3904,26856,974917,7808,1949834,"100mill-boot"
25,14,"petite","second",37498,41241,3657802,6342299,82482,12684598,138,3863,28708,972726,7726,1945452,"100mill-boot"
25,15,"petite","second",37395,41337,3639410,6360603,82674,12721206,126,3899,25999,975805,7798,1951610,"100mill-boot"
25,16,"petite","second",37363,41517,3654552,6345584,83034,12691168,157,3884,31767,969960,7768,1939920,"100mill-boot"
25,17,"petite","second",37440,41384,3655520,6344581,82768,12689162,162,3898,32576,969198,7796,1938396,"100mill-boot"
25,18,"petite","second",37404,41209,3645812,6354248,82418,12708496,150,3859,31121,970320,7718,1940640,"100mill-boot"
25,19,"petite","second",37471,41306,3655693,6344368,82612,12688736,160,3870,31941,970498,7740,1940996,"100mill-boot"
25,20,"petite","second",37414,41266,3657265,6342779,82532,12685558,127,3896,25547,975007,7792,1950014,"100mill-boot"
25,21,"petite","second",37422,41267,3662370,6337667,82534,12675334,138,3871,28143,972544,7742,1945088,"100mill-boot"
25,22,"petite","second",37320,41364,3645134,6354897,82728,12709794,129,3888,25776,979816,7776,1959632,"100mill-boot"
25,23,"petite","second",37477,41231,3660239,6339784,82462,12679568,158,3860,31291,968712,7720,1937424,"100mill-boot"
25,24,"petite","second",36717,41709,3572572,6427519,83418,12855038,116,3891,24213,976761,7782,1953522,"100mill-boot"
25,25,"petite","second",37545,41334,3660635,6339375,82668,12678750,151,3920,30221,974882,7840,1949764,"100mill-boot"
25,26,"petite","second",37606,41324,3674020,6326057,82648,12652114,134,3931,26623,976507,7862,1953014,"100mill-boot"
25,27,"petite","second",37368,41463,3656472,6343554,82926,12687108,162,3887,32943,967547,7774,1935094,"100mill-boot"
25,28,"petite","second",37360,41427,3647685,6352332,82854,12704664,173,3897,33466,968204,7794,1936408,"100mill-boot"
25,29,"petite","second",37142,41563,3631851,6368162,83126,12736324,114,3911,22451,978825,7822,1957650,"100mill-boot"
25,30,"petite","second",37587,41330,3669049,6331012,82660,12662024,161,3886,32884,968727,7772,1937454,"100mill-boot"
22,1,"petite","second",37337,41560,3668962,6331045,83120,12662090,180,3866,32796,968020,7732,1936040,"100mill-boot"
22,2,"petite","second",37264,41431,3671238,6328767,82862,12657534,179,3909,33787,969135,7818,1938270,"100mill-boot"
22,3,"petite","second",37344,41304,3687840,6312224,82608,12624448,156,3863,28397,971780,7726,1943560,"100mill-boot"
22,4,"petite","second",37285,41364,3675712,6324333,82728,12648666,170,3831,32132,967885,7662,1935770,"100mill-boot"
22,5,"petite","second",37098,41581,3656908,6343097,83162,12686194,153,3867,28203,972141,7734,1944282,"100mill-boot"
22,6,"petite","second",37142,41531,3655479,6344600,83062,12689200,131,3886,23138,978102,7772,1956204,"100mill-boot"
22,7,"petite","second",37055,41598,3650405,6349696,83196,12699392,127,3892,22964,977189,7784,1954378,"100mill-boot"
22,8,"petite","second",37452,41334,3691171,6308877,82668,12617754,183,3866,33331,968691,7732,1937382,"100mill-boot"
22,9,"petite","second",37232,41512,3657667,6342499,83024,12684998,149,3883,26816,974065,7766,1948130,"100mill-boot"
22,10,"petite","second",37428,41378,3684484,6315533,82756,12631066,152,3848,27929,972963,7696,1945926,"100mill-boot"
22,11,"petite","second",37436,41408,3691440,6308620,82816,12617240,166,3871,30607,971679,7742,1943358,"100mill-boot"
22,12,"petite","second",37348,41449,3675579,6324449,82898,12648898,150,3898,27252,975538,7796,1951076,"100mill-boot"
22,13,"petite","second",37084,41603,3640445,6359605,83206,12719210,136,3875,24273,978067,7750,1956134,"100mill-boot"
22,14,"petite","second",37363,41497,3662407,6337599,82994,12675198,176,3855,31824,968299,7710,1936598,"100mill-boot"
22,15,"petite","second",37598,41290,3702362,6297684,82580,12595368,164,3881,29990,972968,7762,1945936,"100mill-boot"
22,16,"petite","second",37456,41483,3688005,6312142,82966,12624284,178,3858,31787,970013,7716,1940026,"100mill-boot"
22,17,"petite","second",37660,41297,3703969,6296077,82594,12592154,148,3877,27793,973067,7754,1946134,"100mill-boot"
22,18,"petite","second",37572,41334,3697158,6302868,82668,12605736,154,3872,27438,973403,7744,1946806,"100mill-boot"
22,19,"petite","second",37349,41300,3685365,6314776,82600,12629552,202,3844,39026,963766,7688,1927532,"100mill-boot"
22,20,"petite","second",37455,41432,3683094,6317109,82864,12634218,155,3872,28251,972470,7744,1944940,"100mill-boot"
22,21,"petite","second",37659,41356,3705630,6294469,82712,12588938,183,3897,34274,966364,7794,1932728,"100mill-boot"
22,22,"petite","second",37176,41530,3645143,6354970,83060,12709940,154,3849,27168,973387,7698,1946774,"100mill-boot"
22,23,"petite","second",37412,41413,3686693,6313517,82826,12627034,162,3872,29089,971015,7744,1942030,"100mill-boot"
22,24,"petite","second",37284,41435,3662264,6337789,82870,12675578,170,3874,30016,972817,7748,1945634,"100mill-boot"
22,25,"petite","second",37558,41311,3699962,6300164,82622,12600328,166,3853,32008,969174,7706,1938348,"100mill-boot"
22,26,"petite","second",37318,41418,3674107,6326039,82836,12652078,155,3860,29219,971506,7720,1943012,"100mill-boot"
22,27,"petite","second",37284,41563,3674154,6325850,83126,12651700,152,3876,26721,975397,7752,1950794,"100mill-boot"
22,28,"petite","second",37107,41588,3645894,6354181,83176,12708362,144,3886,26738,973786,7772,1947572,"100mill-boot"
22,29,"petite","second",37527,41354,3707825,6292191,82708,12584382,185,3879,34785,967258,7758,1934516,"100mill-boot"
22,30,"petite","second",37533,41321,3695982,6304079,82642,12608158,165,3878,30124,974080,7756,1948160,"100mill-boot"
49,1,"petite","second",38239,41300,3673159,6326943,82600,12653886,186,3710,33611,968274,7420,1936548,"100mill-boot"
49,2,"petite","second",38556,41076,3708497,6291665,82152,12583330,179,3679,34172,967049,7358,1934098,"100mill-boot"
49,3,"petite","second",38418,41106,3699819,6300211,82212,12600422,212,3696,39358,963406,7392,1926812,"100mill-boot"
49,4,"petite","second",37998,41446,3656232,6343773,82892,12687546,174,3707,31954,969511,7414,1939022,"100mill-boot"
49,5,"petite","second",38198,41225,3685614,6314411,82450,12628822,186,3700,35672,966351,7400,1932702,"100mill-boot"
49,6,"petite","second",38297,41216,3688902,6311245,82432,12622490,213,3657,40162,960567,7314,1921134,"100mill-boot"
49,7,"petite","second",38265,41255,3674368,6325745,82510,12651490,199,3671,36973,964013,7342,1928026,"100mill-boot"
49,8,"petite","second",38454,41298,3686645,6313396,82596,12626792,180,3720,33914,966231,7440,1932462,"100mill-boot"
49,9,"petite","second",38375,41226,3703179,6296837,82452,12593674,209,3710,39350,961771,7420,1923542,"100mill-boot"
49,10,"petite","second",38367,41140,3678805,6321208,82280,12642416,182,3706,35279,968408,7412,1936816,"100mill-boot"
49,11,"petite","second",38350,41438,3679219,6320898,82876,12641796,174,3686,32722,969967,7372,1939934,"100mill-boot"
49,12,"petite","second",38450,41295,3689134,6310984,82590,12621968,187,3678,35047,965475,7356,1930950,"100mill-boot"
49,13,"petite","second",38599,41190,3708995,6291072,82380,12582144,210,3671,39388,960946,7342,1921892,"100mill-boot"
49,14,"petite","second",38453,41251,3692272,6307836,82502,12615672,170,3726,31815,969996,7452,1939992,"100mill-boot"
49,15,"petite","second",38189,41352,3666324,6333831,82704,12667662,184,3708,35355,965576,7416,1931152,"100mill-boot"
49,16,"petite","second",38256,41342,3671291,6328851,82684,12657702,209,3690,38413,962158,7380,1924316,"100mill-boot"
49,17,"petite","second",38656,41017,3705244,6294801,82034,12589602,183,3668,34840,965536,7336,1931072,"100mill-boot"
49,18,"petite","second",38356,41196,3682149,6317894,82392,12635788,180,3687,34240,967054,7374,1934108,"100mill-boot"
49,19,"petite","second",38286,41245,3685258,6314750,82490,12629500,224,3641,40355,961888,7282,1923776,"100mill-boot"
49,20,"petite","second",38435,41143,3700800,6299201,82286,12598402,174,3681,33543,967725,7362,1935450,"100mill-boot"
49,21,"petite","second",38857,41029,3722989,6277065,82058,12554130,178,3713,32574,968706,7426,1937412,"100mill-boot"
49,22,"petite","second",38405,41204,3682528,6317484,82408,12634968,196,3697,37200,965952,7394,1931904,"100mill-boot"
49,23,"petite","second",38276,41272,3679797,6320394,82544,12640788,172,3695,33406,968138,7390,1936276,"100mill-boot"
49,24,"petite","second",38691,40937,3715263,6284817,81874,12569634,192,3673,34987,967219,7346,1934438,"100mill-boot"
49,25,"petite","second",38259,41373,3670060,6330000,82746,12660000,212,3670,40628,961317,7340,1922634,"100mill-boot"
49,26,"petite","second",38237,41325,3673143,6326906,82650,12653812,209,3658,39889,960268,7316,1920536,"100mill-boot"
49,27,"petite","second",38255,41391,3672292,6327717,82782,12655434,181,3683,35777,965102,7366,1930204,"100mill-boot"
49,28,"petite","second",38532,41160,3698590,6301517,82320,12603034,176,3686,32569,968609,7372,1937218,"100mill-boot"
49,29,"petite","second",38590,41065,3705069,6295064,82130,12590128,199,3683,37669,965334,7366,1930668,"100mill-boot"
49,30,"petite","second",38474,41069,3712690,6287364,82138,12574728,216,3677,43222,957356,7354,1914712,"100mill-boot"
47,1,"petite","second",37249,41472,3652255,6347774,82944,12695548,134,3872,26105,976598,7744,1953196,"100mill-boot"
47,2,"petite","second",37312,41401,3664761,6335282,82802,12670564,152,3854,30493,970811,7708,1941622,"100mill-boot"
47,3,"petite","second",36888,41621,3614194,6385894,83242,12771788,130,3902,25684,977777,7804,1955554,"100mill-boot"
47,4,"petite","second",36974,41523,3638100,6361917,83046,12723834,139,3862,28654,975949,7724,1951898,"100mill-boot"
47,5,"petite","second",37221,41509,3649931,6350286,83018,12700572,115,3923,22506,983303,7846,1966606,"100mill-boot"
47,6,"petite","second",37043,41481,3640979,6359085,82962,12718170,124,3891,24590,978697,7782,1957394,"100mill-boot"
47,7,"petite","second",37066,41462,3648422,6351714,82924,12703428,123,3860,25269,975477,7720,1950954,"100mill-boot"
47,8,"petite","second",37001,41756,3623808,6376301,83512,12752602,132,3897,27183,973329,7794,1946658,"100mill-boot"
47,9,"petite","second",37276,41489,3646347,6353696,82978,12707392,125,3888,24098,978297,7776,1956594,"100mill-boot"
47,10,"petite","second",37197,41407,3655180,6344893,82814,12689786,138,3901,27835,975822,7802,1951644,"100mill-boot"
47,11,"petite","second",37327,41393,3652756,6347305,82786,12694610,135,3869,27208,974136,7738,1948272,"100mill-boot"
47,12,"petite","second",36954,41742,3615277,6384758,83484,12769516,112,3881,21783,981068,7762,1962136,"100mill-boot"
47,13,"petite","second",37384,41375,3659549,6340588,82750,12681176,149,3850,28829,971842,7700,1943684,"100mill-boot"
47,14,"petite","second",36891,41762,3614725,6385407,83524,12770814,147,3870,29084,973022,7740,1946044,"100mill-boot"
47,15,"petite","second",37194,41365,3650184,6349866,82730,12699732,149,3844,30824,970228,7688,1940456,"100mill-boot"
47,16,"petite","second",37258,41516,3652266,6347824,83032,12695648,132,3855,27952,973457,7710,1946914,"100mill-boot"
47,17,"petite","second",37071,41569,3632189,6367874,83138,12735748,104,3911,20961,980644,7822,1961288,"100mill-boot"
47,18,"petite","second",37279,41371,3671967,6328046,82742,12656092,144,3865,29136,973952,7730,1947904,"100mill-boot"
47,19,"petite","second",36975,41459,3644136,6355903,82918,12711806,135,3876,27194,973807,7752,1947614,"100mill-boot"
47,20,"petite","second",37095,41671,3636827,6363349,83342,12726698,118,3860,23885,976259,7720,1952518,"100mill-boot"
47,21,"petite","second",36912,41689,3620016,6380069,83378,12760138,138,3899,27112,973329,7798,1946658,"100mill-boot"
47,22,"petite","second",36896,41638,3616635,6383427,83276,12766854,124,3877,25245,976925,7754,1953850,"100mill-boot"
47,23,"petite","second",37180,41485,3653956,6346071,82970,12692142,139,3873,28576,975088,7746,1950176,"100mill-boot"
47,24,"petite","second",36938,41518,3624739,6375344,83036,12750688,125,3855,25243,976011,7710,1952022,"100mill-boot"
47,25,"petite","second",36762,41633,3602583,6397444,83266,12794888,123,3875,24067,978267,7750,1956534,"100mill-boot"
47,26,"petite","second",37454,41590,3671012,6329143,83180,12658286,154,3898,29663,970863,7796,1941726,"100mill-boot"
47,27,"petite","second",37222,41638,3645080,6354927,83276,12709854,134,3869,27370,973886,7738,1947772,"100mill-boot"
47,28,"petite","second",37122,41549,3646440,6353590,83098,12707180,133,3875,25845,976345,7750,1952690,"100mill-boot"
47,29,"petite","second",36998,41466,3636661,6363530,82932,12727060,115,3910,23113,977633,7820,1955266,"100mill-boot"
47,30,"petite","second",37017,41600,3632657,6367385,83200,12734770,110,3896,21558,980029,7792,1960058,"100mill-boot"
40,1,"petite","second",36824,42015,3596180,6403919,84030,12807838,130,3792,24091,976502,7584,1953004,"100mill-boot"
40,2,"petite","second",36737,42204,3592344,6407838,84408,12815676,184,3801,32149,969195,7602,1938390,"100mill-boot"
40,3,"petite","second",36727,42080,3595447,6404600,84160,12809200,159,3858,27983,975515,7716,1951030,"100mill-boot"
40,4,"petite","second",36816,41913,3604712,6395342,83826,12790684,110,3825,19670,982253,7650,1964506,"100mill-boot"
40,5,"petite","second",36671,42086,3596590,6403509,84172,12807018,124,3840,21921,981286,7680,1962572,"100mill-boot"
40,6,"petite","second",36868,42254,3605586,6394606,84508,12789212,190,3795,34059,967600,7590,1935200,"100mill-boot"
40,7,"petite","second",36642,42317,3573673,6426408,84634,12852816,148,3839,26533,973550,7678,1947100,"100mill-boot"
40,8,"petite","second",37128,42111,3630367,6369701,84222,12739402,183,3815,33286,968006,7630,1936012,"100mill-boot"
40,9,"petite","second",36738,42163,3592368,6407640,84326,12815280,155,3808,27193,972817,7616,1945634,"100mill-boot"
40,10,"petite","second",36828,42058,3611352,6388655,84116,12777310,179,3784,33078,967181,7568,1934362,"100mill-boot"
40,11,"petite","second",37061,42172,3623872,6376153,84344,12752306,174,3795,30820,969248,7590,1938496,"100mill-boot"
40,12,"petite","second",36804,42063,3594524,6405584,84126,12811168,151,3836,27342,973025,7672,1946050,"100mill-boot"
40,13,"petite","second",36932,42121,3596054,6404054,84242,12808108,144,3814,25687,976846,7628,1953692,"100mill-boot"
40,14,"petite","second",37156,42023,3639724,6360352,84046,12720704,171,3844,30990,970673,7688,1941346,"100mill-boot"
40,15,"petite","second",36748,42385,3577973,6422057,84770,12844114,123,3812,22234,979103,7624,1958206,"100mill-boot"
40,16,"petite","second",36635,42060,3598001,6402004,84120,12804008,147,3802,25401,975143,7604,1950286,"100mill-boot"
40,17,"petite","second",37096,42006,3618237,6382065,84012,12764130,120,3835,22091,979348,7670,1958696,"100mill-boot"
40,18,"petite","second",36856,42032,3611119,6388922,84064,12777844,154,3804,26757,973964,7608,1947928,"100mill-boot"
40,19,"petite","second",36974,41990,3613387,6386709,83980,12773418,121,3843,21804,980703,7686,1961406,"100mill-boot"
40,20,"petite","second",36728,42164,3579648,6420386,84328,12840772,141,3820,24927,975791,7640,1951582,"100mill-boot"
40,21,"petite","second",36828,42164,3595580,6404610,84328,12809220,168,3814,30614,970116,7628,1940232,"100mill-boot"
40,22,"petite","second",37121,41859,3627274,6372799,83718,12745598,144,3838,26004,974337,7676,1948674,"100mill-boot"
40,23,"petite","second",36692,42308,3578573,6421439,84616,12842878,161,3870,29120,971605,7740,1943210,"100mill-boot"
40,24,"petite","second",36955,42219,3613263,6386820,84438,12773640,140,3832,24885,975609,7664,1951218,"100mill-boot"
40,25,"petite","second",37077,41996,3621200,6378804,83992,12757608,172,3781,31292,969814,7562,1939628,"100mill-boot"
40,26,"petite","second",36596,42351,3578959,6421062,84702,12842124,140,3814,25056,976349,7628,1952698,"100mill-boot"
40,27,"petite","second",36957,42106,3601578,6398512,84212,12797024,150,3801,26527,973496,7602,1946992,"100mill-boot"
40,28,"petite","second",36762,42196,3588221,6411834,84392,12823668,161,3803,28851,971761,7606,1943522,"100mill-boot"
40,29,"petite","second",36846,42205,3611464,6388566,84410,12777132,173,3832,31039,969045,7664,1938090,"100mill-boot"
40,30,"petite","second",37111,42107,3619815,6380203,84214,12760406,151,3856,27028,973182,7712,1946364,"100mill-boot"
23,1,"petite","second",37123,41404,3614922,6385205,82808,12770410,131,3961,26422,974135,7922,1948270,"100mill-boot"
23,2,"petite","second",37420,41173,3646477,6353666,82346,12707332,154,3957,30264,970190,7914,1940380,"100mill-boot"
23,3,"petite","second",37106,41326,3626689,6373443,82652,12746886,110,3982,22066,978590,7964,1957180,"100mill-boot"
23,4,"petite","second",37294,41396,3636981,6363370,82792,12726740,124,3980,25357,975551,7960,1951102,"100mill-boot"
23,5,"petite","second",37073,41491,3618866,6381136,82982,12762272,128,4000,24817,975801,8000,1951602,"100mill-boot"
23,6,"petite","second",37076,41465,3614003,6386020,82930,12772040,118,3970,24620,977594,7940,1955188,"100mill-boot"
23,7,"petite","second",37250,41373,3626062,6373999,82746,12747998,130,3997,25754,976981,7994,1953962,"100mill-boot"
23,8,"petite","second",37271,41419,3617800,6382206,82838,12764412,133,3977,27074,975260,7954,1950520,"100mill-boot"
23,9,"petite","second",37025,41393,3610906,6389176,82786,12778352,135,3983,27015,975479,7966,1950958,"100mill-boot"
23,10,"petite","second",37291,41400,3622091,6377982,82800,12755964,120,3982,23314,978628,7964,1957256,"100mill-boot"
23,11,"petite","second",37339,41349,3640823,6359230,82698,12718460,120,3980,23394,977040,7960,1954080,"100mill-boot"
23,12,"petite","second",37223,41542,3618067,6382046,83084,12764092,118,3992,23658,979089,7984,1958178,"100mill-boot"
23,13,"petite","second",37177,41518,3609469,6390596,83036,12781192,117,3978,22930,977426,7956,1954852,"100mill-boot"
23,14,"petite","second",37264,41410,3616367,6383720,82820,12767440,120,4016,23863,978418,8032,1956836,"100mill-boot"
23,15,"petite","second",37458,41174,3646397,6353701,82348,12707402,111,3969,22702,977380,7938,1954760,"100mill-boot"
23,16,"petite","second",37347,41307,3634662,6365499,82614,12730998,124,3985,24147,976647,7970,1953294,"100mill-boot"
23,17,"petite","second",37224,41394,3624807,6375302,82788,12750604,121,3971,24593,975548,7942,1951096,"100mill-boot"
23,18,"petite","second",36971,41432,3599097,6400960,82864,12801920,97,3964,19207,981248,7928,1962496,"100mill-boot"
23,19,"petite","second",37346,41255,3646533,6353480,82510,12706960,112,3959,22514,978504,7918,1957008,"100mill-boot"
23,20,"petite","second",36921,41613,3596572,6403478,83226,12806956,121,3987,23880,976814,7974,1953628,"100mill-boot"
23,21,"petite","second",36990,41495,3603680,6396365,82990,12792730,126,3938,26181,974823,7876,1949646,"100mill-boot"
23,22,"petite","second",37249,41301,3625366,6374768,82602,12749536,119,3959,23251,979127,7918,1958254,"100mill-boot"
23,23,"petite","second",37022,41572,3604220,6395966,83144,12791932,116,4005,23482,977204,8010,1954408,"100mill-boot"
23,24,"petite","second",37423,41409,3646397,6353615,82818,12707230,124,3991,24776,976764,7982,1953528,"100mill-boot"
23,25,"petite","second",37161,41329,3630160,6370044,82658,12740088,118,3972,23641,976395,7944,1952790,"100mill-boot"
23,26,"petite","second",37033,41432,3612245,6387756,82864,12775512,103,3994,21153,980124,7988,1960248,"100mill-boot"
23,27,"petite","second",37040,41634,3593250,6406898,83268,12813796,98,3972,19894,980449,7944,1960898,"100mill-boot"
23,28,"petite","second",37005,41515,3610568,6389512,83030,12779024,127,3965,25725,975179,7930,1950358,"100mill-boot"
23,29,"petite","second",37117,41438,3625087,6375045,82876,12750090,129,3983,26578,975197,7966,1950394,"100mill-boot"
23,30,"petite","second",37165,41206,3618741,6381414,82412,12762828,111,3972,22244,978736,7944,1957472,"100mill-boot"
24,1,"petite","second",37989,41374,3684887,6315116,82748,12630232,137,3862,24875,976086,7724,1952172,"100mill-boot"
24,2,"petite","second",37837,41383,3676632,6323371,82766,12646742,110,3872,19443,981262,7744,1962524,"100mill-boot"
24,3,"petite","second",37601,41440,3671606,6328546,82880,12657092,103,3914,20338,981456,7828,1962912,"100mill-boot"
24,4,"petite","second",38087,41109,3707419,6292603,82218,12585206,109,3892,19586,982056,7784,1964112,"100mill-boot"
24,5,"petite","second",37806,41295,3682829,6317235,82590,12634470,130,3877,24200,981915,7754,1963830,"100mill-boot"
24,6,"petite","second",38033,41302,3705827,6294233,82604,12588466,129,3899,25015,976467,7798,1952934,"100mill-boot"
24,7,"petite","second",37818,41408,3679504,6320713,82816,12641426,133,3874,25382,975112,7748,1950224,"100mill-boot"
24,8,"petite","second",38191,41342,3712333,6287693,82684,12575386,120,3915,21357,981294,7830,1962588,"100mill-boot"
24,9,"petite","second",38248,41140,3727254,6272851,82280,12545702,121,3866,22507,979092,7732,1958184,"100mill-boot"
24,10,"petite","second",37779,41350,3676860,6323338,82700,12646676,118,3869,21530,979008,7738,1958016,"100mill-boot"
24,11,"petite","second",37819,41413,3673977,6326037,82826,12652074,122,3857,23379,977891,7714,1955782,"100mill-boot"
24,12,"petite","second",38136,41256,3706376,6293735,82512,12587470,113,3879,20929,979950,7758,1959900,"100mill-boot"
24,13,"petite","second",38303,41247,3718345,6281674,82494,12563348,131,3877,25076,977257,7754,1954514,"100mill-boot"
24,14,"petite","second",38078,41144,3703487,6296560,82288,12593120,119,3820,22040,978260,7640,1956520,"100mill-boot"
24,15,"petite","second",38229,41006,3729512,6270546,82012,12541092,110,3876,21042,979001,7752,1958002,"100mill-boot"
24,16,"petite","second",37782,41411,3676310,6323827,82822,12647654,121,3854,22871,980829,7708,1961658,"100mill-boot"
24,17,"petite","second",38119,41267,3697975,6302092,82534,12604184,108,3915,20380,980541,7830,1961082,"100mill-boot"
24,18,"petite","second",38177,41009,3718699,6281370,82018,12562740,120,3883,22246,978664,7766,1957328,"100mill-boot"
24,19,"petite","second",38083,41026,3713295,6286937,82052,12573874,124,3812,23471,977067,7624,1954134,"100mill-boot"
24,20,"petite","second",37964,41357,3678347,6321727,82714,12643454,116,3897,21889,979135,7794,1958270,"100mill-boot"
24,21,"petite","second",38222,41167,3714722,6285308,82334,12570616,136,3878,24864,975933,7756,1951866,"100mill-boot"
24,22,"petite","second",38092,41281,3705286,6294800,82562,12589600,108,3911,19316,982317,7822,1964634,"100mill-boot"
24,23,"petite","second",38045,41349,3694285,6305750,82698,12611500,136,3838,25594,976507,7676,1953014,"100mill-boot"
24,24,"petite","second",37989,41235,3691339,6308722,82470,12617444,104,3888,18853,982327,7776,1964654,"100mill-boot"
24,25,"petite","second",38321,40992,3736089,6263957,81984,12527914,137,3863,25935,975501,7726,1951002,"100mill-boot"
24,26,"petite","second",38081,41417,3689392,6310824,82834,12621648,124,3886,23199,979991,7772,1959982,"100mill-boot"
24,27,"petite","second",37648,41484,3668223,6331915,82968,12663830,123,3918,23256,984106,7836,1968212,"100mill-boot"
24,28,"petite","second",37767,41472,3683540,6316534,82944,12633068,133,3879,25379,977651,7758,1955302,"100mill-boot"
24,29,"petite","second",38035,41150,3705608,6294465,82300,12588930,104,3896,19945,981366,7792,1962732,"100mill-boot"
24,30,"petite","second",38248,41038,3738489,6261554,82076,12523108,112,3898,20949,980580,7796,1961160,"100mill-boot"
12,1,"petite","second",38581,40801,3724375,6275642,81602,12551284,137,4020,25896,974134,8040,1948268,"100mill-boot"
12,2,"petite","second",38477,40875,3726600,6273427,81750,12546854,172,4004,32793,968734,8008,1937468,"100mill-boot"
12,3,"petite","second",38237,40767,3694880,6305177,81534,12610354,141,3992,26817,974566,7984,1949132,"100mill-boot"
12,4,"petite","second",37885,41113,3657153,6342877,82226,12685754,142,4004,26332,974375,8008,1948750,"100mill-boot"
12,5,"petite","second",38173,41081,3696548,6303521,82162,12607042,144,4021,27050,973969,8042,1947938,"100mill-boot"
12,6,"petite","second",38147,41208,3673225,6327004,82416,12654008,142,4027,27640,975533,8054,1951066,"100mill-boot"
12,7,"petite","second",38358,40892,3707115,6292934,81784,12585868,163,4013,30772,970028,8026,1940056,"100mill-boot"
12,8,"petite","second",38333,41016,3692731,6307291,82032,12614582,134,4040,26574,973986,8080,1947972,"100mill-boot"
12,9,"petite","second",38071,41050,3682842,6317180,82100,12634360,137,4044,25245,979251,8088,1958502,"100mill-boot"
12,10,"petite","second",38580,40735,3729926,6270113,81470,12540226,143,4042,27062,973691,8084,1947382,"100mill-boot"
12,11,"petite","second",38152,41050,3677587,6322468,82100,12644936,157,4003,29370,970778,8006,1941556,"100mill-boot"
12,12,"petite","second",38416,40769,3712689,6287428,81538,12574856,153,4013,28910,971506,8026,1943012,"100mill-boot"
12,13,"petite","second",38677,40738,3739766,6260336,81476,12520672,140,4049,26831,977632,8098,1955264,"100mill-boot"
12,14,"petite","second",38197,40856,3691732,6308360,81712,12616720,150,4029,27598,974331,8058,1948662,"100mill-boot"
12,15,"petite","second",38355,40977,3698638,6301451,81954,12602902,143,4046,26978,973648,8092,1947296,"100mill-boot"
12,16,"petite","second",38418,40825,3721674,6278373,81650,12556746,150,4005,28439,973305,8010,1946610,"100mill-boot"
12,17,"petite","second",38641,40741,3727128,6272935,81482,12545870,152,4044,28553,972331,8088,1944662,"100mill-boot"
12,18,"petite","second",38432,40871,3701558,6298451,81742,12596902,136,4062,25051,976531,8124,1953062,"100mill-boot"
12,19,"petite","second",38412,41001,3701476,6298583,82002,12597166,170,4017,31485,969852,8034,1939704,"100mill-boot"
12,20,"petite","second",38647,40802,3728725,6271301,81604,12542602,138,4046,26037,974720,8092,1949440,"100mill-boot"
12,21,"petite","second",38319,40783,3709396,6290637,81566,12581274,141,4023,26120,977786,8046,1955572,"100mill-boot"
12,22,"petite","second",38291,40956,3705571,6294441,81912,12588882,139,4051,25835,977822,8102,1955644,"100mill-boot"
12,23,"petite","second",38480,40939,3717576,6282441,81878,12564882,140,4041,26350,977131,8082,1954262,"100mill-boot"
12,24,"petite","second",38350,40908,3705940,6294189,81816,12588378,142,4054,27422,974743,8108,1949486,"100mill-boot"
12,25,"petite","second",38396,40871,3710223,6289796,81742,12579592,153,3981,28121,972435,7962,1944870,"100mill-boot"
12,26,"petite","second",38315,40792,3708889,6291276,81584,12582552,157,3987,29277,971619,7974,1943238,"100mill-boot"
12,27,"petite","second",38529,40833,3721435,6278751,81666,12557502,140,4001,26995,973974,8002,1947948,"100mill-boot"
12,28,"petite","second",38195,41043,3699712,6300462,82086,12600924,114,4033,21638,978440,8066,1956880,"100mill-boot"
12,29,"petite","second",38458,40841,3709565,6290552,81682,12581104,114,4062,21737,980077,8124,1960154,"100mill-boot"
12,30,"petite","second",38197,40757,3701131,6298941,81514,12597882,124,4006,23747,977828,8012,1955656,"100mill-boot"
15,1,"petite","second",37098,41865,3631428,6368709,83730,12737418,104,3955,20613,981749,7910,1963498,"100mill-boot"
15,2,"petite","second",37019,41858,3626249,6373793,83716,12747586,114,3933,23789,976983,7866,1953966,"100mill-boot"
15,3,"petite","second",37144,41887,3643904,6356126,83774,12712252,90,4005,18637,981502,8010,1963004,"100mill-boot"
15,4,"petite","second",36995,41855,3648385,6351687,83710,12703374,102,4006,20897,982015,8012,1964030,"100mill-boot"
15,5,"petite","second",37045,41824,3647049,6352954,83648,12705908,109,3957,22572,977981,7914,1955962,"100mill-boot"
15,6,"petite","second",37242,41765,3649909,6350145,83530,12700290,106,3966,21835,980346,7932,1960692,"100mill-boot"
15,7,"petite","second",36911,42000,3624397,6375730,84000,12751460,102,3984,20073,981445,7968,1962890,"100mill-boot"
15,8,"petite","second",36832,42023,3607761,6392393,84046,12784786,106,3999,21911,978772,7998,1957544,"100mill-boot"
15,9,"petite","second",37045,42009,3640139,6360068,84018,12720136,115,3952,23868,977198,7904,1954396,"100mill-boot"
15,10,"petite","second",36788,41834,3634915,6365154,83668,12730308,124,3931,25155,975151,7862,1950302,"100mill-boot"
15,11,"petite","second",37169,41755,3649943,6350061,83510,12700122,90,3953,19119,981585,7906,1963170,"100mill-boot"
15,12,"petite","second",37304,41753,3662498,6337621,83506,12675242,116,3999,23650,976955,7998,1953910,"100mill-boot"
15,13,"petite","second",37242,41804,3639491,6360626,83608,12721252,120,3921,24851,975594,7842,1951188,"100mill-boot"
15,14,"petite","second",37072,41844,3624416,6375594,83688,12751188,101,3964,21066,978967,7928,1957934,"100mill-boot"
15,15,"petite","second",36984,41873,3632481,6367543,83746,12735086,110,3971,22736,977884,7942,1955768,"100mill-boot"
15,16,"petite","second",37095,41785,3654049,6346136,83570,12692272,107,3958,21777,980066,7916,1960132,"100mill-boot"
15,17,"petite","second",37102,41843,3647060,6352961,83686,12705922,112,3966,22010,979944,7932,1959888,"100mill-boot"
15,18,"petite","second",37104,41762,3629688,6370312,83524,12740624,113,3957,23338,976790,7914,1953580,"100mill-boot"
15,19,"petite","second",37228,41539,3665631,6334372,83078,12668744,105,3951,22065,978944,7902,1957888,"100mill-boot"
15,20,"petite","second",36705,41989,3610465,6389663,83978,12779326,104,3931,21337,978820,7862,1957640,"100mill-boot"
15,21,"petite","second",36931,41989,3615764,6384319,83978,12768638,105,3971,21289,983231,7942,1966462,"100mill-boot"
15,22,"petite","second",36664,41941,3598667,6401455,83882,12802910,100,3935,20560,980147,7870,1960294,"100mill-boot"
15,23,"petite","second",37394,41678,3654752,6345472,83356,12690944,111,3961,22792,977653,7922,1955306,"100mill-boot"
15,24,"petite","second",36940,42033,3628952,6371129,84066,12742258,133,3970,26592,973806,7940,1947612,"100mill-boot"
15,25,"petite","second",36912,42031,3608823,6391249,84062,12782498,86,3982,17961,986186,7964,1972372,"100mill-boot"
15,26,"petite","second",37081,41858,3637043,6363102,83716,12726204,114,3969,22758,979417,7938,1958834,"100mill-boot"
15,27,"petite","second",36771,42026,3620383,6379668,84052,12759336,126,3952,25356,975276,7904,1950552,"100mill-boot"
15,28,"petite","second",37047,41944,3639125,6360997,83888,12721994,102,3958,21046,979594,7916,1959188,"100mill-boot"
15,29,"petite","second",36872,42005,3621484,6378518,84010,12757036,102,3984,21473,979607,7968,1959214,"100mill-boot"
15,30,"petite","second",37149,41856,3650745,6349342,83712,12698684,92,3968,18923,981318,7936,1962636,"100mill-boot"
41,1,"petite","second",37402,41392,3659089,6340928,82784,12681856,112,3888,24667,975741,7776,1951482,"100mill-boot"
41,2,"petite","second",37452,41401,3656938,6343114,82802,12686228,134,3865,29476,973527,7730,1947054,"100mill-boot"
41,3,"petite","second",37661,41232,3677094,6322936,82464,12645872,134,3834,28448,972104,7668,1944208,"100mill-boot"
41,4,"petite","second",37561,41272,3675786,6324330,82544,12648660,120,3898,27237,973113,7796,1946226,"100mill-boot"
41,5,"petite","second",37163,41505,3635129,6364980,83010,12729960,119,3911,25515,977595,7822,1955190,"100mill-boot"
41,6,"petite","second",37839,41317,3696798,6303239,82634,12606478,127,3928,27809,978665,7856,1957330,"100mill-boot"
41,7,"petite","second",37611,41372,3672324,6327676,82744,12655352,133,3881,28258,976004,7762,1952008,"100mill-boot"
41,8,"petite","second",37648,41354,3663500,6336524,82708,12673048,146,3833,31378,970218,7666,1940436,"100mill-boot"
41,9,"petite","second",37754,41309,3663843,6336303,82618,12672606,121,3867,26292,974195,7734,1948390,"100mill-boot"
41,10,"petite","second",38009,40988,3708553,6291463,81976,12582926,134,3867,28989,972074,7734,1944148,"100mill-boot"
41,11,"petite","second",37709,41268,3671070,6328982,82536,12657964,120,3896,25383,977023,7792,1954046,"100mill-boot"
41,12,"petite","second",37504,41554,3653027,6347002,83108,12694004,123,3888,26608,974407,7776,1948814,"100mill-boot"
41,13,"petite","second",37527,41474,3664711,6335342,82948,12670684,125,3892,26858,973439,7784,1946878,"100mill-boot"
41,14,"petite","second",37464,41438,3646856,6353211,82876,12706422,113,3875,25518,975515,7750,1951030,"100mill-boot"
41,15,"petite","second",37504,41399,3664110,6335941,82798,12671882,137,3916,29474,971674,7832,1943348,"100mill-boot"
41,16,"petite","second",37379,41477,3655600,6344513,82954,12689026,138,3859,30983,969842,7718,1939684,"100mill-boot"
41,17,"petite","second",37719,41263,3677675,6322329,82526,12644658,135,3902,29178,972300,7804,1944600,"100mill-boot"
41,18,"petite","second",37994,41196,3705605,6294467,82392,12588934,133,3882,29060,972488,7764,1944976,"100mill-boot"
41,19,"petite","second",37760,41127,3683569,6316466,82254,12632932,120,3942,26048,976326,7884,1952652,"100mill-boot"
41,20,"petite","second",37588,41160,3677741,6322297,82320,12644594,144,3899,31874,970843,7798,1941686,"100mill-boot"
41,21,"petite","second",37915,41259,3681511,6318497,82518,12636994,111,3882,23309,977483,7764,1954966,"100mill-boot"
41,22,"petite","second",37574,41419,3668767,6331305,82838,12662610,143,3848,30724,970952,7696,1941904,"100mill-boot"
41,23,"petite","second",37698,41323,3686082,6313935,82646,12627870,141,3871,30457,969848,7742,1939696,"100mill-boot"
41,24,"petite","second",37551,41422,3657604,6342457,82844,12684914,127,3924,26938,974624,7848,1949248,"100mill-boot"
41,25,"petite","second",37584,41318,3660579,6339459,82636,12678918,123,3869,26427,976835,7738,1953670,"100mill-boot"
41,26,"petite","second",37510,41390,3661849,6338297,82780,12676594,130,3850,27201,973433,7700,1946866,"100mill-boot"
41,27,"petite","second",37421,41458,3673003,6327035,82916,12654070,143,3893,31042,969099,7786,1938198,"100mill-boot"
41,28,"petite","second",37568,41466,3667329,6332763,82932,12665526,144,3926,30590,970323,7852,1940646,"100mill-boot"
41,29,"petite","second",37633,41427,3673265,6326779,82854,12653558,145,3881,33046,967953,7762,1935906,"100mill-boot"
41,30,"petite","second",37645,41278,3671322,6328736,82556,12657472,139,3873,30418,971412,7746,1942824,"100mill-boot"
46,1,"petite","second",37765,41324,3692335,6307916,82648,12615832,142,3949,25879,974789,7898,1949578,"100mill-boot"
46,2,"petite","second",37580,41433,3689110,6310965,82866,12621930,118,4005,21176,979343,8010,1958686,"100mill-boot"
46,3,"petite","second",37571,41456,3689555,6310482,82912,12620964,140,3969,25021,977116,7938,1954232,"100mill-boot"
46,4,"petite","second",37373,41431,3672163,6327853,82862,12655706,150,3948,27313,973011,7896,1946022,"100mill-boot"
46,5,"petite","second",37238,41474,3666857,6333169,82948,12666338,142,4001,25356,976650,8002,1953300,"100mill-boot"
46,6,"petite","second",37573,41305,3690376,6309684,82610,12619368,127,3983,22313,978153,7966,1956306,"100mill-boot"
46,7,"petite","second",37426,41499,3674497,6325624,82998,12651248,151,3976,27191,974675,7952,1949350,"100mill-boot"
46,8,"petite","second",37572,41334,3694113,6305889,82668,12611778,135,3948,24215,976168,7896,1952336,"100mill-boot"
46,9,"petite","second",37632,41367,3683651,6316489,82734,12632978,131,3999,23812,976976,7998,1953952,"100mill-boot"
46,10,"petite","second",37584,41239,3681109,6319003,82478,12638006,147,3962,26579,975184,7924,1950368,"100mill-boot"
46,11,"petite","second",37362,41577,3658687,6341388,83154,12682776,132,3985,23986,977468,7970,1954936,"100mill-boot"
46,12,"petite","second",37621,41461,3698587,6301481,82922,12602962,133,3974,24126,979328,7948,1958656,"100mill-boot"
46,13,"petite","second",37787,41288,3692592,6307461,82576,12614922,145,3970,26192,976256,7940,1952512,"100mill-boot"
46,14,"petite","second",37566,41195,3692320,6307729,82390,12615458,140,3917,24810,975559,7834,1951118,"100mill-boot"
46,15,"petite","second",37607,41279,3695968,6304154,82558,12608308,141,3973,24983,975331,7946,1950662,"100mill-boot"
46,16,"petite","second",36977,41663,3639618,6360539,83326,12721078,137,3939,24735,975544,7878,1951088,"100mill-boot"
46,17,"petite","second",37601,41308,3683769,6316349,82616,12632698,137,3958,24816,976492,7916,1952984,"100mill-boot"
46,18,"petite","second",37533,41286,3689745,6310266,82572,12620532,140,3947,25360,974744,7894,1949488,"100mill-boot"
46,19,"petite","second",37638,41175,3711866,6288157,82350,12576314,134,3984,23966,977667,7968,1955334,"100mill-boot"
46,20,"petite","second",37742,41208,3711923,6288189,82416,12576378,127,3950,23015,977878,7900,1955756,"100mill-boot"
46,21,"petite","second",37747,41228,3713852,6286224,82456,12572448,154,3967,27646,973867,7934,1947734,"100mill-boot"
46,22,"petite","second",37392,41663,3669688,6330445,83326,12660890,122,4005,21822,978789,8010,1957578,"100mill-boot"
46,23,"petite","second",37427,41408,3691553,6308493,82816,12616986,133,3995,24341,976965,7990,1953930,"100mill-boot"
46,24,"petite","second",37361,41460,3659771,6340304,82920,12680608,126,3949,22721,977559,7898,1955118,"100mill-boot"
46,25,"petite","second",37769,41216,3713041,6287025,82432,12574050,129,3975,23058,978302,7950,1956604,"100mill-boot"
46,26,"petite","second",37443,41503,3668893,6331149,83006,12662298,163,3949,29850,971772,7898,1943544,"100mill-boot"
46,27,"petite","second",37582,41445,3696413,6303623,82890,12607246,132,3999,24621,975858,7998,1951716,"100mill-boot"
46,28,"petite","second",37389,41380,3677132,6322948,82760,12645896,130,3945,23477,976864,7890,1953728,"100mill-boot"
46,29,"petite","second",37493,41379,3684333,6315722,82758,12631444,148,3984,26575,975290,7968,1950580,"100mill-boot"
46,30,"petite","second",37482,41579,3665506,6334739,83158,12669478,114,4000,20525,979981,8000,1959962,"100mill-boot"
48,1,"petite","second",37426,42089,3662882,6337228,84178,12674456,157,3972,34644,966634,7944,1933268,"100mill-boot"
48,2,"petite","second",37563,42133,3674053,6325988,84266,12651976,165,3972,35590,965458,7944,1930916,"100mill-boot"
48,3,"petite","second",36839,42250,3613301,6386882,84500,12773764,160,3920,35785,965889,7840,1931778,"100mill-boot"
48,4,"petite","second",37493,41912,3676852,6323274,83824,12646548,156,3972,34232,968349,7944,1936698,"100mill-boot"
48,5,"petite","second",37279,42112,3647777,6352296,84224,12704592,149,3995,31476,968672,7990,1937344,"100mill-boot"
48,6,"petite","second",36935,42294,3611545,6388511,84588,12777022,148,3983,31821,968574,7966,1937148,"100mill-boot"
48,7,"petite","second",37382,42082,3642406,6357634,84164,12715268,150,3928,33769,967144,7856,1934288,"100mill-boot"
48,8,"petite","second",37306,42092,3642107,6357952,84184,12715904,149,3956,32385,968350,7912,1936700,"100mill-boot"
48,9,"petite","second",37517,42089,3664470,6335572,84178,12671144,154,3972,31806,969035,7944,1938070,"100mill-boot"
48,10,"petite","second",37340,42064,3653357,6346713,84128,12693426,124,3994,25955,976637,7988,1953274,"100mill-boot"
48,11,"petite","second",37355,42146,3649923,6350102,84292,12700204,160,3959,35393,966760,7918,1933520,"100mill-boot"
48,12,"petite","second",37322,42250,3643835,6356188,84500,12712376,150,3942,33136,967069,7884,1934138,"100mill-boot"
48,13,"petite","second",37310,42060,3639460,6360654,84120,12721308,164,3913,35479,966088,7826,1932176,"100mill-boot"
48,14,"petite","second",37388,42090,3634978,6365131,84180,12730262,137,3929,28528,973200,7858,1946400,"100mill-boot"
48,15,"petite","second",37323,42126,3651640,6348388,84252,12696776,177,3956,38813,961855,7912,1923710,"100mill-boot"
48,16,"petite","second",37374,42141,3652811,6347417,84282,12694834,151,3938,33247,967748,7876,1935496,"100mill-boot"
48,17,"petite","second",37082,42289,3627088,6373118,84578,12746236,142,3940,30419,970583,7880,1941166,"100mill-boot"
48,18,"petite","second",37169,42091,3627598,6372424,84182,12744848,138,3955,31220,968794,7910,1937588,"100mill-boot"
48,19,"petite","second",37381,41945,3658448,6341582,83890,12683164,170,3923,36813,964838,7846,1929676,"100mill-boot"
48,20,"petite","second",37471,41861,3675340,6324742,83722,12649484,157,3907,35574,965622,7814,1931244,"100mill-boot"
48,21,"petite","second",37699,41871,3674126,6325875,83742,12651750,169,3918,36206,964953,7836,1929906,"100mill-boot"
48,22,"petite","second",37316,42202,3634997,6365258,84404,12730516,137,3958,31519,970169,7916,1940338,"100mill-boot"
48,23,"petite","second",37453,41990,3658315,6341756,83980,12683512,157,3937,35268,964736,7874,1929472,"100mill-boot"
48,24,"petite","second",37063,42290,3600029,6400018,84580,12800036,137,3953,29132,973207,7906,1946414,"100mill-boot"
48,25,"petite","second",37424,41987,3663164,6336885,83974,12673770,166,3911,37107,963530,7822,1927060,"100mill-boot"
48,26,"petite","second",37429,42105,3662402,6337618,84210,12675236,137,3988,29905,973181,7976,1946362,"100mill-boot"
48,27,"petite","second",37060,42314,3618120,6381977,84628,12763954,137,3924,30504,970939,7848,1941878,"100mill-boot"
48,28,"petite","second",37626,42040,3672156,6327875,84080,12655750,155,3966,34181,967344,7932,1934688,"100mill-boot"
48,29,"petite","second",37319,42075,3629321,6370777,84150,12741554,138,3924,30094,970051,7848,1940102,"100mill-boot"
48,30,"petite","second",37253,42107,3640745,6359308,84214,12718616,154,3952,33230,966907,7904,1933814,"100mill-boot"
33,1,"petite","second",37946,41544,3696982,6303075,83088,12606150,143,3869,25882,975344,7738,1950688,"100mill-boot"
33,2,"petite","second",37521,41662,3671695,6328364,83324,12656728,137,3840,25711,975801,7680,1951602,"100mill-boot"
33,3,"petite","second",37895,41400,3717829,6282189,82800,12564378,134,3843,25072,975882,7686,1951764,"100mill-boot"
33,4,"petite","second",37884,41322,3715582,6284463,82644,12568926,112,3845,20122,981847,7690,1963694,"100mill-boot"
33,5,"petite","second",37543,41560,3675572,6324507,83120,12649014,138,3865,25296,975286,7730,1950572,"100mill-boot"
33,6,"petite","second",37682,41609,3674845,6325202,83218,12650404,112,3861,20681,980475,7722,1960950,"100mill-boot"
33,7,"petite","second",38061,41565,3719059,6281167,83130,12562334,144,3825,26351,974053,7650,1948106,"100mill-boot"
33,8,"petite","second",38012,41619,3709512,6290538,83238,12581076,111,3883,20149,981233,7766,1962466,"100mill-boot"
33,9,"petite","second",38221,41447,3725668,6274516,82894,12549032,148,3857,26891,973137,7714,1946274,"100mill-boot"
33,10,"petite","second",37779,41538,3681480,6318600,83076,12637200,122,3879,22418,978873,7758,1957746,"100mill-boot"
33,11,"petite","second",38169,41405,3724815,6275297,82810,12550594,140,3863,26119,975062,7726,1950124,"100mill-boot"
33,12,"petite","second",37893,41652,3682416,6317632,83304,12635264,104,3867,19250,981468,7734,1962936,"100mill-boot"
33,13,"petite","second",37952,41553,3695502,6304551,83106,12609102,155,3871,27923,972984,7742,1945968,"100mill-boot"
33,14,"petite","second",37953,41462,3704112,6295893,82924,12591786,133,3862,24427,976166,7724,1952332,"100mill-boot"
33,15,"petite","second",38186,41332,3726839,6273241,82664,12546482,154,3862,28038,974396,7724,1948792,"100mill-boot"
33,16,"petite","second",37739,41586,3682144,6317856,83172,12635712,133,3866,24181,976736,7732,1953472,"100mill-boot"
33,17,"petite","second",38074,41441,3714919,6285106,82882,12570212,160,3866,28517,973090,7732,1946180,"100mill-boot"
33,18,"petite","second",37905,41330,3712433,6287583,82660,12575166,124,3884,22906,978982,7768,1957964,"100mill-boot"
33,19,"petite","second",37747,41439,3702142,6297957,82878,12595914,129,3827,24042,976443,7654,1952886,"100mill-boot"
33,20,"petite","second",37719,41743,3669092,6330977,83486,12661954,143,3816,26299,974144,7632,1948288,"100mill-boot"
33,21,"petite","second",38092,41429,3721344,6278759,82858,12557518,148,3868,26820,975860,7736,1951720,"100mill-boot"
33,22,"petite","second",37601,41765,3671407,6328746,83530,12657492,128,3878,23417,976927,7756,1953854,"100mill-boot"
33,23,"petite","second",37894,41444,3694782,6305226,82888,12610452,131,3871,25089,976991,7742,1953982,"100mill-boot"
33,24,"petite","second",38032,41444,3727028,6273004,82888,12546008,155,3873,27162,974187,7746,1948374,"100mill-boot"
33,25,"petite","second",37690,41707,3680387,6319760,83414,12639520,133,3870,24338,976930,7740,1953860,"100mill-boot"
33,26,"petite","second",37788,41618,3698166,6301836,83236,12603672,136,3864,24441,976654,7728,1953308,"100mill-boot"
33,27,"petite","second",37605,41679,3669677,6330346,83358,12660692,130,3828,24179,977500,7656,1955000,"100mill-boot"
33,28,"petite","second",37845,41568,3689832,6310325,83136,12620650,131,3886,24772,975469,7772,1950938,"100mill-boot"
33,29,"petite","second",37726,41642,3678359,6321654,83284,12643308,140,3873,25616,974946,7746,1949892,"100mill-boot"
33,30,"petite","second",37626,41514,3691551,6308556,83028,12617112,130,3877,24111,977848,7754,1955696,"100mill-boot"
9,1,"petite","second",37124,41019,3623704,6376348,82038,12752696,99,3838,21885,981457,7676,1962914,"100mill-boot"
9,2,"petite","second",37387,40758,3673260,6326931,81516,12653862,90,3860,19553,984417,7720,1968834,"100mill-boot"
9,3,"petite","second",37276,40849,3667427,6332624,81698,12665248,100,3853,22301,980530,7706,1961060,"100mill-boot"
9,4,"petite","second",37198,40883,3649930,6350159,81766,12700318,99,3850,21558,981146,7700,1962292,"100mill-boot"
9,5,"petite","second",37261,40940,3658677,6341378,81880,12682756,108,3836,24862,978064,7672,1956128,"100mill-boot"
9,6,"petite","second",37282,40799,3657026,6343014,81598,12686028,110,3778,23473,978270,7556,1956540,"100mill-boot"
9,7,"petite","second",37437,40759,3687112,6313122,81518,12626244,103,3834,23161,977808,7668,1955616,"100mill-boot"
9,8,"petite","second",37023,41119,3629838,6370327,82238,12740654,98,3839,20787,980459,7678,1960918,"100mill-boot"
9,9,"petite","second",36976,41020,3642594,6357420,82040,12714840,97,3856,21392,979004,7712,1958008,"100mill-boot"
9,10,"petite","second",37425,40843,3679977,6320063,81686,12640126,102,3838,22518,977871,7676,1955742,"100mill-boot"
9,11,"petite","second",37598,40786,3683630,6316524,81572,12633048,120,3799,26225,975330,7598,1950660,"100mill-boot"
9,12,"petite","second",37338,40883,3646136,6353956,81766,12707912,100,3827,22589,977691,7654,1955382,"100mill-boot"
9,13,"petite","second",37275,40779,3665295,6334781,81558,12669562,101,3837,21845,979896,7674,1959792,"100mill-boot"
9,14,"petite","second",37261,41041,3645280,6354805,82082,12709610,88,3827,19550,982480,7654,1964960,"100mill-boot"
9,15,"petite","second",37212,40809,3652149,6347888,81618,12695776,96,3862,20268,980987,7724,1961974,"100mill-boot"
9,16,"petite","second",37386,40825,3673268,6326788,81650,12653576,93,3852,19593,981439,7704,1962878,"100mill-boot"
9,17,"petite","second",37146,40908,3643623,6356473,81816,12712946,84,3851,18608,983456,7702,1966912,"100mill-boot"
9,18,"petite","second",37213,40909,3651467,6348625,81818,12697250,96,3832,19702,980775,7664,1961550,"100mill-boot"
9,19,"petite","second",37219,40964,3648756,6351375,81928,12702750,95,3837,20285,981372,7674,1962744,"100mill-boot"
9,20,"petite","second",37316,40859,3654853,6345221,81718,12690442,78,3854,16561,984317,7708,1968634,"100mill-boot"
9,21,"petite","second",36689,41101,3601940,6398205,82202,12796410,97,3828,20834,980804,7656,1961608,"100mill-boot"
9,22,"petite","second",37328,40985,3645597,6354448,81970,12708896,96,3842,21309,981825,7684,1963650,"100mill-boot"
9,23,"petite","second",37560,40784,3680132,6319951,81568,12639902,106,3842,22896,980195,7684,1960390,"100mill-boot"
9,24,"petite","second",37725,40863,3689788,6310284,81726,12620568,89,3912,19302,982801,7824,1965602,"100mill-boot"
9,25,"petite","second",36828,41012,3613283,6386793,82024,12773586,103,3831,23459,977822,7662,1955644,"100mill-boot"
9,26,"petite","second",37051,41091,3646155,6353930,82182,12707860,106,3818,23586,979470,7636,1958940,"100mill-boot"
9,27,"petite","second",37213,41092,3655670,6344393,82184,12688786,115,3829,24451,977467,7658,1954934,"100mill-boot"
9,28,"petite","second",37148,41005,3642550,6357548,82010,12715096,112,3830,24116,979171,7660,1958342,"100mill-boot"
9,29,"petite","second",37137,40907,3656520,6343630,81814,12687260,102,3836,23256,977172,7672,1954344,"100mill-boot"
9,30,"petite","second",37137,40971,3643190,6356834,81942,12713668,94,3874,20261,982258,7748,1964516,"100mill-boot"
34,1,"petite","second",38087,40956,3707951,6292161,81912,12584322,144,3853,33526,967307,7706,1934614,"100mill-boot"
34,2,"petite","second",38269,40902,3731011,6269047,81804,12538094,183,3837,41021,959031,7674,1918062,"100mill-boot"
34,3,"petite","second",38113,40813,3735049,6264973,81626,12529946,140,3872,33023,968036,7744,1936072,"100mill-boot"
34,4,"petite","second",38288,40941,3740899,6259163,81882,12518326,208,3858,47097,955442,7716,1910884,"100mill-boot"
34,5,"petite","second",38419,40944,3747641,6252363,81888,12504726,172,3863,38473,961751,7726,1923502,"100mill-boot"
34,6,"petite","second",38010,41073,3710351,6289701,82146,12579402,168,3831,38093,962085,7662,1924170,"100mill-boot"
34,7,"petite","second",38243,40776,3733889,6266181,81552,12532362,142,3843,34176,966426,7686,1932852,"100mill-boot"
34,8,"petite","second",38457,40934,3748918,6251198,81868,12502396,181,3881,40622,960850,7762,1921700,"100mill-boot"
34,9,"petite","second",38333,40841,3738813,6261188,81682,12522376,166,3884,36773,964032,7768,1928064,"100mill-boot"
34,10,"petite","second",38314,40858,3734627,6265442,81716,12530884,167,3837,37196,963080,7674,1926160,"100mill-boot"
34,11,"petite","second",38444,40800,3754374,6245718,81600,12491436,157,3860,36687,965002,7720,1930004,"100mill-boot"
34,12,"petite","second",38210,40911,3709552,6290524,81822,12581048,133,3864,29766,970322,7728,1940644,"100mill-boot"
34,13,"petite","second",38220,40852,3725021,6275022,81704,12550044,178,3805,39341,962633,7610,1925266,"100mill-boot"
34,14,"petite","second",38253,40908,3732364,6267647,81816,12535294,159,3876,36451,963682,7752,1927364,"100mill-boot"
34,15,"petite","second",38484,40757,3748884,6251166,81514,12502332,173,3848,38318,962695,7696,1925390,"100mill-boot"
34,16,"petite","second",38389,40796,3739764,6260310,81592,12520620,154,3832,35222,965284,7664,1930568,"100mill-boot"
34,17,"petite","second",38606,40734,3762556,6237462,81468,12474924,211,3833,46181,955709,7666,1911418,"100mill-boot"
34,18,"petite","second",38467,40762,3743382,6256695,81524,12513390,205,3838,44611,956186,7676,1912372,"100mill-boot"
34,19,"petite","second",38095,40934,3715554,6284566,81868,12569132,176,3849,39194,961025,7698,1922050,"100mill-boot"
34,20,"petite","second",38349,40848,3746172,6253951,81696,12507902,208,3832,46249,955656,7664,1911312,"100mill-boot"
34,21,"petite","second",38004,40993,3713041,6287084,81986,12574168,183,3836,40603,961064,7672,1922128,"100mill-boot"
34,22,"petite","second",38670,40693,3770358,6229683,81386,12459366,189,3836,40973,960713,7672,1921426,"100mill-boot"
34,23,"petite","second",38264,40814,3721492,6278570,81628,12557140,127,3853,29358,971941,7706,1943882,"100mill-boot"
34,24,"petite","second",38191,40972,3721994,6278073,81944,12556146,186,3840,39924,963205,7680,1926410,"100mill-boot"
34,25,"petite","second",37929,41092,3693597,6306405,82184,12612810,170,3823,37486,963686,7646,1927372,"100mill-boot"
34,26,"petite","second",38210,40886,3736047,6263960,81772,12527920,149,3865,33636,967672,7730,1935344,"100mill-boot"
34,27,"petite","second",38152,40961,3719859,6280225,81922,12560450,152,3862,34297,967494,7724,1934988,"100mill-boot"
34,28,"petite","second",37981,41104,3713450,6286579,82208,12573158,140,3849,32373,968378,7698,1936756,"100mill-boot"
34,29,"petite","second",38250,40969,3730190,6269930,81938,12539860,150,3860,34323,966952,7720,1933904,"100mill-boot"
34,30,"petite","second",38583,40508,3770119,6229892,81016,12459784,180,3820,40516,960783,7640,1921566,"100mill-boot"
7,1,"petite","second",37293,41823,3639412,6360629,83646,12721258,79,3881,15647,986259,7762,1972518,"100mill-boot"
7,2,"petite","second",37327,41641,3653443,6346572,83282,12693144,86,3890,16924,986841,7780,1973682,"100mill-boot"
7,3,"petite","second",37557,41579,3663322,6336726,83158,12673452,93,3832,18762,982316,7664,1964632,"100mill-boot"
7,4,"petite","second",37331,41693,3648474,6351558,83386,12703116,81,3839,16298,984678,7678,1969356,"100mill-boot"
7,5,"petite","second",37581,41653,3671033,6329030,83306,12658060,81,3862,16715,985215,7724,1970430,"100mill-boot"
7,6,"petite","second",37595,41708,3680493,6319620,83416,12639240,106,3845,21688,980331,7690,1960662,"100mill-boot"
7,7,"petite","second",37550,41831,3655708,6344319,83662,12688638,78,3853,14910,985332,7706,1970664,"100mill-boot"
7,8,"petite","second",37872,41549,3685720,6314348,83098,12628696,79,3880,15838,985103,7760,1970206,"100mill-boot"
7,9,"petite","second",37407,41665,3651757,6348283,83330,12696566,90,3869,17303,983129,7738,1966258,"100mill-boot"
7,10,"petite","second",37910,41556,3700720,6299486,83112,12598972,82,3932,15596,987054,7864,1974108,"100mill-boot"
7,11,"petite","second",37552,41694,3661804,6338207,83388,12676414,85,3859,17206,985930,7718,1971860,"100mill-boot"
7,12,"petite","second",37578,41716,3666019,6334022,83432,12668044,93,3850,18088,983416,7700,1966832,"100mill-boot"
7,13,"petite","second",37791,41530,3681733,6318282,83060,12636564,73,3869,14438,987853,7738,1975706,"100mill-boot"
7,14,"petite","second",37718,41513,3683946,6316184,83026,12632368,89,3849,17885,984806,7698,1969612,"100mill-boot"
7,15,"petite","second",37532,41714,3658840,6341182,83428,12682364,92,3842,17713,982319,7684,1964638,"100mill-boot"
7,16,"petite","second",37814,41533,3690285,6309775,83066,12619550,83,3842,16785,984770,7684,1969540,"100mill-boot"
7,17,"petite","second",37693,41514,3675101,6324977,83028,12649954,80,3859,15436,986265,7718,1972530,"100mill-boot"
7,18,"petite","second",37977,41406,3713791,6286248,82812,12572496,78,3850,15286,987002,7700,1974004,"100mill-boot"
7,19,"petite","second",37353,41741,3649974,6350083,83482,12700166,88,3838,17328,982995,7676,1965990,"100mill-boot"
7,20,"petite","second",37485,41643,3649910,6350208,83286,12700416,83,3813,16283,984223,7626,1968446,"100mill-boot"
7,21,"petite","second",37664,41711,3676212,6323846,83422,12647692,90,3864,17781,982471,7728,1964942,"100mill-boot"
7,22,"petite","second",37749,41572,3693599,6306557,83144,12613114,81,3843,16231,984589,7686,1969178,"100mill-boot"
7,23,"petite","second",37997,41419,3716706,6283450,82838,12566900,93,3849,19137,981958,7698,1963916,"100mill-boot"
7,24,"petite","second",37506,41695,3667410,6332622,83390,12665244,97,3872,18650,982214,7744,1964428,"100mill-boot"
7,25,"petite","second",37755,41642,3697696,6302430,83284,12604860,87,3869,17606,983254,7738,1966508,"100mill-boot"
7,26,"petite","second",37202,42018,3630884,6369140,84036,12738280,61,3859,11863,988401,7718,1976802,"100mill-boot"
7,27,"petite","second",37643,41582,3657394,6342645,83164,12685290,83,3897,16496,984267,7794,1968534,"100mill-boot"
7,28,"petite","second",37579,41439,3674981,6325157,82878,12650314,85,3843,16514,987379,7686,1974758,"100mill-boot"
7,29,"petite","second",37645,41736,3663985,6336097,83472,12672194,75,3874,15048,987621,7748,1975242,"100mill-boot"
7,30,"petite","second",37570,41522,3667437,6332595,83044,12665190,75,3859,14483,986849,7718,1973698,"100mill-boot"
6,1,"petite","second",37403,41415,3634288,6365764,82830,12731528,101,3883,19589,981457,7766,1962914,"100mill-boot"
6,2,"petite","second",37309,41443,3631436,6368604,82886,12737208,115,3901,22645,980749,7802,1961498,"100mill-boot"
6,3,"petite","second",37494,41083,3649565,6350479,82166,12700958,105,3865,20252,980371,7730,1960742,"100mill-boot"
6,4,"petite","second",37055,41453,3601099,6398910,82906,12797820,93,3898,18169,984862,7796,1969724,"100mill-boot"
6,5,"petite","second",37226,41481,3615938,6384147,82962,12768294,117,3906,22175,980922,7812,1961844,"100mill-boot"
6,6,"petite","second",37218,41476,3611179,6388921,82952,12777842,93,3852,18378,982097,7704,1964194,"100mill-boot"
6,7,"petite","second",37364,41363,3638600,6361435,82726,12722870,101,3876,20227,980154,7752,1960308,"100mill-boot"
6,8,"petite","second",37593,41326,3654662,6345371,82652,12690742,114,3895,21636,978668,7790,1957336,"100mill-boot"
6,9,"petite","second",37537,41304,3653402,6346669,82608,12693338,93,3890,18043,983236,7780,1966472,"100mill-boot"
6,10,"petite","second",37869,41112,3683503,6316599,82224,12633198,104,3914,20466,980207,7828,1960414,"100mill-boot"
6,11,"petite","second",37423,41487,3638528,6361479,82974,12722958,110,3873,21902,979195,7746,1958390,"100mill-boot"
6,12,"petite","second",37178,41460,3615893,6384132,82920,12768264,99,3850,19295,980936,7700,1961872,"100mill-boot"
6,13,"petite","second",37622,41282,3656022,6343985,82564,12687970,90,3889,18472,983288,7778,1966576,"100mill-boot"
6,14,"petite","second",37541,41293,3645269,6355066,82586,12710132,111,3884,21891,979372,7768,1958744,"100mill-boot"
6,15,"petite","second",37476,41449,3646440,6353634,82898,12707268,128,3856,24877,976950,7712,1953900,"100mill-boot"
6,16,"petite","second",37661,41270,3661810,6338297,82540,12676594,112,3884,22686,978243,7768,1956486,"100mill-boot"
6,17,"petite","second",37628,41201,3645149,6354986,82402,12709972,98,3904,18923,981810,7808,1963620,"100mill-boot"
6,18,"petite","second",37420,41189,3640053,6360010,82378,12720020,103,3879,19941,982278,7758,1964556,"100mill-boot"
6,19,"petite","second",37547,41250,3650335,6349672,82500,12699344,103,3852,20464,981814,7704,1963628,"100mill-boot"
6,20,"petite","second",37623,41238,3652347,6347704,82476,12695408,95,3872,19011,983127,7744,1966254,"100mill-boot"
6,21,"petite","second",37262,41366,3610743,6389402,82732,12778804,107,3860,20422,982366,7720,1964732,"100mill-boot"
6,22,"petite","second",37489,41383,3639296,6360728,82766,12721456,95,3863,18325,982162,7726,1964324,"100mill-boot"
6,23,"petite","second",37290,41474,3633231,6367008,82948,12734016,118,3897,23200,977730,7794,1955460,"100mill-boot"
6,24,"petite","second",37619,41329,3649542,6350596,82658,12701192,89,3900,17353,985042,7800,1970084,"100mill-boot"
6,25,"petite","second",37305,41533,3615237,6384809,83066,12769618,123,3837,24378,975861,7674,1951722,"100mill-boot"
6,26,"petite","second",37106,41404,3605551,6394488,82808,12788976,100,3875,19436,983196,7750,1966392,"100mill-boot"
6,27,"petite","second",37423,41237,3638638,6361411,82474,12722822,84,3880,16082,986460,7760,1972920,"100mill-boot"
6,28,"petite","second",37710,41304,3656937,6343141,82608,12686282,112,3899,22282,978242,7798,1956484,"100mill-boot"
6,29,"petite","second",37453,41017,3656588,6343501,82034,12687002,112,3871,22091,978084,7742,1956168,"100mill-boot"
6,30,"petite","second",37310,41258,3642251,6357765,82516,12715530,133,3856,27435,974067,7712,1948134,"100mill-boot"
1,1,"petite","second",37283,42247,3626846,6373275,84494,12746550,144,3954,26847,976279,7908,1952558,"100mill-boot"
1,2,"petite","second",37364,42222,3625003,6375060,84444,12750120,146,3959,26983,974519,7918,1949038,"100mill-boot"
1,3,"petite","second",37370,42025,3639653,6360389,84050,12720778,145,3924,25653,977048,7848,1954096,"100mill-boot"
1,4,"petite","second",36941,42353,3603805,6396309,84706,12792618,123,3967,21752,979608,7934,1959216,"100mill-boot"
1,5,"petite","second",37149,42315,3612789,6387384,84630,12774768,111,3965,19523,981886,7930,1963772,"100mill-boot"
1,6,"petite","second",37200,42315,3625145,6374867,84630,12749734,126,3991,22704,978776,7982,1957552,"100mill-boot"
1,7,"petite","second",37528,42062,3645646,6354437,84124,12708874,125,3945,22671,977807,7890,1955614,"100mill-boot"
1,8,"petite","second",37501,42167,3631367,6368669,84334,12737338,125,3982,21677,979459,7964,1958918,"100mill-boot"
1,9,"petite","second",37206,42363,3606360,6393694,84726,12787388,109,3984,20129,981208,7968,1962416,"100mill-boot"
1,10,"petite","second",37495,42124,3648253,6351757,84248,12703514,136,3949,24860,977609,7898,1955218,"100mill-boot"
1,11,"petite","second",37375,42206,3631315,6368798,84412,12737596,128,3982,23729,977378,7964,1954756,"100mill-boot"
1,12,"petite","second",37470,42153,3644410,6355607,84306,12711214,124,3951,21691,978324,7902,1956648,"100mill-boot"
1,13,"petite","second",37517,42107,3642396,6357630,84214,12715260,142,3975,26075,974504,7950,1949008,"100mill-boot"
1,14,"petite","second",37397,42051,3632865,6367203,84102,12734406,130,3969,23528,977716,7938,1955432,"100mill-boot"
1,15,"petite","second",37059,42222,3612530,6387525,84444,12775050,112,3939,19844,980182,7878,1960364,"100mill-boot"
1,16,"petite","second",37414,42075,3630273,6369740,84150,12739480,118,3984,21272,979144,7968,1958288,"100mill-boot"
1,17,"petite","second",37391,41975,3645584,6354529,83950,12709058,102,3987,18567,983186,7974,1966372,"100mill-boot"
1,18,"petite","second",37690,41890,3676635,6323414,83780,12646828,130,3982,24171,977060,7964,1954120,"100mill-boot"
1,19,"petite","second",37373,42132,3643084,6356933,84264,12713866,147,3977,27205,975479,7954,1950958,"100mill-boot"
1,20,"petite","second",37553,42220,3639047,6360998,84440,12721996,119,3962,21001,979117,7924,1958234,"100mill-boot"
1,21,"petite","second",37467,42266,3635873,6364153,84532,12728306,141,3967,26554,974785,7934,1949570,"100mill-boot"
1,22,"petite","second",37347,42194,3635855,6364321,84388,12728642,152,3946,27891,972432,7892,1944864,"100mill-boot"
1,23,"petite","second",37297,42333,3604917,6395174,84666,12790348,124,3990,22411,977647,7980,1955294,"100mill-boot"
1,24,"petite","second",37369,42196,3631620,6368481,84392,12736962,135,3968,24824,975723,7936,1951446,"100mill-boot"
1,25,"petite","second",37319,42220,3636773,6363407,84440,12726814,148,3978,27287,973849,7956,1947698,"100mill-boot"
1,26,"petite","second",37103,42501,3600979,6399123,85002,12798246,147,3940,26632,974739,7880,1949478,"100mill-boot"
1,27,"petite","second",37218,42206,3630843,6369259,84412,12738518,137,3968,25357,977174,7936,1954348,"100mill-boot"
1,28,"petite","second",37314,42230,3627867,6372182,84460,12744364,133,3951,24587,976651,7902,1953302,"100mill-boot"
1,29,"petite","second",37339,42258,3627674,6372448,84516,12744896,137,3954,24926,975882,7908,1951764,"100mill-boot"
1,30,"petite","second",37523,42169,3646820,6353347,84338,12706694,140,4014,25712,975696,8028,1951392,"100mill-boot"
8,1,"petite","second",37219,41878,3604993,6395034,83756,12790068,72,3968,15137,987520,7936,1975040,"100mill-boot"
8,2,"petite","second",37040,42020,3591329,6408682,84040,12817364,81,3945,16711,986009,7890,1972018,"100mill-boot"
8,3,"petite","second",36814,42181,3576387,6423704,84362,12847408,88,3972,18374,982575,7944,1965150,"100mill-boot"
8,4,"petite","second",37550,41707,3652748,6347259,83414,12694518,79,3986,15828,984716,7972,1969432,"100mill-boot"
8,5,"petite","second",37181,41858,3607476,6392554,83716,12785108,73,3938,13618,986702,7876,1973404,"100mill-boot"
8,6,"petite","second",37464,41833,3639858,6360152,83666,12720304,77,3965,15402,985989,7930,1971978,"100mill-boot"
8,7,"petite","second",37319,41945,3612127,6387968,83890,12775936,84,3978,16910,984590,7956,1969180,"100mill-boot"
8,8,"petite","second",37405,41809,3633931,6366252,83618,12732504,77,3972,15544,985083,7944,1970166,"100mill-boot"
8,9,"petite","second",37389,41916,3623031,6377124,83832,12754248,84,3944,16747,985138,7888,1970276,"100mill-boot"
8,10,"petite","second",37062,41832,3602261,6397746,83664,12795492,75,3991,14136,988767,7982,1977534,"100mill-boot"
8,11,"petite","second",37084,41922,3590539,6409578,83844,12819156,60,3973,11338,990537,7946,1981074,"100mill-boot"
8,12,"petite","second",37149,42100,3603645,6396389,84200,12792778,81,3970,16831,983958,7940,1967916,"100mill-boot"
8,13,"petite","second",37084,41926,3599333,6400923,83852,12801846,83,3956,15690,985603,7912,1971206,"100mill-boot"
8,14,"petite","second",36965,42004,3591107,6408974,84008,12817948,88,3954,16595,983895,7908,1967790,"100mill-boot"
8,15,"petite","second",37253,41849,3624651,6375409,83698,12750818,75,3935,16560,983929,7870,1967858,"100mill-boot"
8,16,"petite","second",37047,41949,3596718,6403302,83898,12806604,86,3928,16566,984491,7856,1968982,"100mill-boot"
8,17,"petite","second",36928,42063,3584525,6415478,84126,12830956,78,3969,16262,984846,7938,1969692,"100mill-boot"
8,18,"petite","second",37223,41811,3608799,6391521,83622,12783042,72,3964,14500,988022,7928,1976044,"100mill-boot"
8,19,"petite","second",37501,41800,3642289,6357742,83600,12715484,76,3972,15841,984643,7944,1969286,"100mill-boot"
8,20,"petite","second",37122,41846,3607482,6392561,83692,12785122,78,3958,15934,985056,7916,1970112,"100mill-boot"
8,21,"petite","second",37336,41664,3622571,6377470,83328,12754940,66,3941,13402,986896,7882,1973792,"100mill-boot"
8,22,"petite","second",37291,41804,3615070,6384975,83608,12769950,85,3948,17048,983184,7896,1966368,"100mill-boot"
8,23,"petite","second",37128,41946,3595723,6404281,83892,12808562,81,3954,15987,987456,7908,1974912,"100mill-boot"
8,24,"petite","second",37212,42119,3603124,6396884,84238,12793768,69,4033,14392,986090,8066,1972180,"100mill-boot"
8,25,"petite","second",37296,41799,3621460,6378551,83598,12757102,89,3934,17659,983728,7868,1967456,"100mill-boot"
8,26,"petite","second",37396,41743,3632041,6368019,83486,12736038,96,3963,19542,982110,7926,1964220,"100mill-boot"
8,27,"petite","second",37091,41914,3594698,6405387,83828,12810774,87,3926,18088,983434,7852,1966868,"100mill-boot"
8,28,"petite","second",37213,42052,3605702,6394341,84104,12788682,95,3977,19309,983018,7954,1966036,"100mill-boot"
8,29,"petite","second",36621,42076,3555916,6444117,84152,12888234,62,3965,13072,987358,7930,1974716,"100mill-boot"
8,30,"petite","second",36998,41939,3595169,6404852,83878,12809704,79,3942,15415,984876,7884,1969752,"100mill-boot"
35,1,"petite","second",36807,41637,3606081,6394068,83274,12788136,151,3809,32918,967183,7618,1934366,"100mill-boot"
35,2,"petite","second",36461,41716,3582676,6417324,83432,12834648,146,3795,32128,968873,7590,1937746,"100mill-boot"
35,3,"petite","second",36719,41604,3602759,6397292,83208,12794584,171,3805,38098,963740,7610,1927480,"100mill-boot"
35,4,"petite","second",36528,41614,3590767,6409329,83228,12818658,164,3773,36780,966047,7546,1932094,"100mill-boot"
35,5,"petite","second",36433,41795,3575393,6424786,83590,12849572,173,3786,37531,962672,7572,1925344,"100mill-boot"
35,6,"petite","second",36386,41765,3578577,6421619,83530,12843238,181,3779,40878,960092,7558,1920184,"100mill-boot"
35,7,"petite","second",36444,41711,3584226,6415895,83422,12831790,160,3778,36095,964528,7556,1929056,"100mill-boot"
35,8,"petite","second",36694,41630,3606168,6393969,83260,12787938,190,3737,42866,958203,7474,1916406,"100mill-boot"
35,9,"petite","second",36405,41873,3569225,6430780,83746,12861560,171,3795,38323,963211,7590,1926422,"100mill-boot"
35,10,"petite","second",36603,41523,3591070,6408936,83046,12817872,178,3777,39260,964005,7554,1928010,"100mill-boot"
35,11,"petite","second",36675,41549,3595676,6404368,83098,12808736,166,3794,36635,966707,7588,1933414,"100mill-boot"
35,12,"petite","second",36762,41563,3611864,6388205,83126,12776410,183,3777,40715,960819,7554,1921638,"100mill-boot"
35,13,"petite","second",36565,41726,3595322,6404699,83452,12809398,176,3792,38737,964197,7584,1928394,"100mill-boot"
35,14,"petite","second",36638,41643,3603471,6396670,83286,12793340,164,3800,36555,963669,7600,1927338,"100mill-boot"
35,15,"petite","second",36677,41574,3592437,6407705,83148,12815410,172,3739,37938,962827,7478,1925654,"100mill-boot"
35,16,"petite","second",36628,41686,3593853,6406203,83372,12812406,169,3810,36179,966429,7620,1932858,"100mill-boot"
35,17,"petite","second",36147,41828,3552976,6447269,83656,12894538,149,3793,32485,968883,7586,1937766,"100mill-boot"
35,18,"petite","second",36667,41426,3598298,6401717,82852,12803434,188,3748,42316,959569,7496,1919138,"100mill-boot"
35,19,"petite","second",36789,41359,3617060,6382969,82718,12765938,184,3791,40401,962746,7582,1925492,"100mill-boot"
35,20,"petite","second",36550,41714,3602093,6397986,83428,12795972,135,3801,29918,970086,7602,1940172,"100mill-boot"
35,21,"petite","second",36797,41502,3616646,6383366,83004,12766732,166,3778,36686,965008,7556,1930016,"100mill-boot"
35,22,"petite","second",36621,41531,3598518,6401497,83062,12802994,167,3753,37012,963067,7506,1926134,"100mill-boot"
35,23,"petite","second",36274,41828,3561231,6438937,83656,12877874,188,3777,40288,962762,7554,1925524,"100mill-boot"
35,24,"petite","second",36735,41644,3606629,6393436,83288,12786872,189,3752,41625,960232,7504,1920464,"100mill-boot"
35,25,"petite","second",37020,41375,3638958,6361131,82750,12722262,184,3793,41547,962401,7586,1924802,"100mill-boot"
35,26,"petite","second",36521,41668,3593211,6406801,83336,12813602,146,3799,33189,967846,7598,1935692,"100mill-boot"
35,27,"petite","second",36470,41695,3587035,6412979,83390,12825958,174,3785,37785,963000,7570,1926000,"100mill-boot"
35,28,"petite","second",36577,41712,3587830,6412318,83424,12824636,171,3794,38059,963207,7588,1926414,"100mill-boot"
35,29,"petite","second",36643,41641,3590455,6409587,83282,12819174,188,3762,41501,959020,7524,1918040,"100mill-boot"
35,30,"petite","second",36603,41643,3595446,6404590,83286,12809180,158,3807,34809,965532,7614,1931064,"100mill-boot"
32,1,"petite","second",37277,41796,3670497,6329632,83592,12659264,178,3867,35407,966446,7734,1932892,"100mill-boot"
32,2,"petite","second",36909,41788,3621216,6378823,83576,12757646,129,3900,25774,976312,7800,1952624,"100mill-boot"
32,3,"petite","second",36990,41493,3641480,6358552,82986,12717104,173,3810,34365,966145,7620,1932290,"100mill-boot"
32,4,"petite","second",37175,41639,3657402,6342675,83278,12685350,177,3872,34872,965719,7744,1931438,"100mill-boot"
32,5,"petite","second",37021,41722,3631846,6368249,83444,12736498,177,3876,35326,964864,7752,1929728,"100mill-boot"
32,6,"petite","second",36918,41693,3634418,6365693,83386,12731386,154,3823,31286,970062,7646,1940124,"100mill-boot"
32,7,"petite","second",37036,41691,3644100,6355983,83382,12711966,152,3822,30263,971311,7644,1942622,"100mill-boot"
32,8,"petite","second",37098,41892,3623115,6377015,83784,12754030,147,3897,28768,971416,7794,1942832,"100mill-boot"
32,9,"petite","second",37353,41515,3669187,6330862,83030,12661724,150,3834,30348,969891,7668,1939782,"100mill-boot"
32,10,"petite","second",36780,41583,3613588,6386445,83166,12772890,147,3843,29424,972497,7686,1944994,"100mill-boot"
32,11,"petite","second",37264,41619,3664881,6335345,83238,12670690,170,3861,34002,966451,7722,1932902,"100mill-boot"
32,12,"petite","second",37132,41802,3653373,6346647,83604,12693294,142,3870,28729,971348,7740,1942696,"100mill-boot"
32,13,"petite","second",37195,41549,3652700,6347530,83098,12695060,156,3828,30820,970744,7656,1941488,"100mill-boot"
32,14,"petite","second",36980,41834,3617730,6382438,83668,12764876,177,3824,34984,966692,7648,1933384,"100mill-boot"
32,15,"petite","second",37045,41656,3637097,6363032,83312,12726064,159,3865,32248,968952,7730,1937904,"100mill-boot"
32,16,"petite","second",36948,41785,3621632,6378406,83570,12756812,136,3875,27800,975598,7750,1951196,"100mill-boot"
32,17,"petite","second",37354,41434,3664435,6335602,82868,12671204,169,3843,33604,966656,7686,1933312,"100mill-boot"
32,18,"petite","second",36956,41611,3631456,6368688,83222,12737376,161,3859,32108,969624,7718,1939248,"100mill-boot"
32,19,"petite","second",36966,41592,3646279,6353728,83184,12707456,169,3823,34476,965594,7646,1931188,"100mill-boot"
32,20,"petite","second",37107,41736,3636489,6363583,83472,12727166,154,3863,31624,969878,7726,1939756,"100mill-boot"
32,21,"petite","second",37125,41424,3657430,6342585,82848,12685170,167,3835,34391,966698,7670,1933396,"100mill-boot"
32,22,"petite","second",37090,41598,3661308,6338843,83196,12677686,180,3836,37140,964775,7672,1929550,"100mill-boot"
32,23,"petite","second",37267,41648,3651158,6348943,83296,12697886,175,3864,35085,966161,7728,1932322,"100mill-boot"
32,24,"petite","second",37027,41620,3630475,6369552,83240,12739104,185,3815,37378,962942,7630,1925884,"100mill-boot"
32,25,"petite","second",36862,41957,3621559,6378590,83914,12757180,174,3861,35529,965325,7722,1930650,"100mill-boot"
32,26,"petite","second",36742,41893,3623187,6376902,83786,12753804,153,3869,30042,970741,7738,1941482,"100mill-boot"
32,27,"petite","second",37069,41645,3650950,6349147,83290,12698294,170,3828,33645,966770,7656,1933540,"100mill-boot"
32,28,"petite","second",37032,41702,3638482,6361675,83404,12723350,160,3863,32523,968288,7726,1936576,"100mill-boot"
32,29,"petite","second",36972,41789,3634695,6365349,83578,12730698,157,3863,31394,968908,7726,1937816,"100mill-boot"
32,30,"petite","second",37326,41468,3658280,6341760,82936,12683520,137,3892,27322,973342,7784,1946684,"100mill-boot"
50,1,"petite","second",37054,41310,3642483,6357704,82620,12715408,133,3782,26861,973358,7564,1946716,"100mill-boot"
50,2,"petite","second",36733,41236,3632264,6367988,82472,12735976,117,3842,22892,979106,7684,1958212,"100mill-boot"
50,3,"petite","second",36429,41448,3601998,6398123,82896,12796246,162,3778,31399,969751,7556,1939502,"100mill-boot"
50,4,"petite","second",36725,41443,3625240,6374832,82886,12749664,163,3764,30947,969726,7528,1939452,"100mill-boot"
50,5,"petite","second",36827,41334,3634413,6365653,82668,12731306,147,3829,28808,971560,7658,1943120,"100mill-boot"
50,6,"petite","second",36963,41444,3638870,6361146,82888,12722292,140,3820,26879,974983,7640,1949966,"100mill-boot"
50,7,"petite","second",36432,41811,3586853,6413182,83622,12826364,139,3785,26530,974168,7570,1948336,"100mill-boot"
50,8,"petite","second",37001,41444,3644567,6355463,82888,12710926,127,3829,25029,976340,7658,1952680,"100mill-boot"
50,9,"petite","second",36702,41451,3608567,6391575,82902,12783150,124,3843,24564,975995,7686,1951990,"100mill-boot"
50,10,"petite","second",36916,41341,3634478,6365600,82682,12731200,146,3786,27883,972179,7572,1944358,"100mill-boot"
50,11,"petite","second",37075,41310,3653997,6346245,82620,12692490,114,3804,22722,978492,7608,1956984,"100mill-boot"
50,12,"petite","second",36988,41334,3636228,6363772,82668,12727544,137,3819,25961,975374,7638,1950748,"100mill-boot"
50,13,"petite","second",36897,41406,3639266,6360835,82812,12721670,147,3795,28987,972196,7590,1944392,"100mill-boot"
50,14,"petite","second",36656,41556,3598390,6401748,83112,12803496,148,3851,28702,975602,7702,1951204,"100mill-boot"
50,15,"petite","second",37022,41394,3639575,6360471,82788,12720942,130,3801,25235,975585,7602,1951170,"100mill-boot"
50,16,"petite","second",36316,41745,3574684,6425342,83490,12850684,132,3809,27266,974936,7618,1949872,"100mill-boot"
50,17,"petite","second",36866,41405,3627815,6372244,82810,12744488,135,3811,25759,975398,7622,1950796,"100mill-boot"
50,18,"petite","second",36628,41432,3611241,6388774,82864,12777548,156,3778,30009,973113,7556,1946226,"100mill-boot"
50,19,"petite","second",36892,41361,3652757,6347347,82722,12694694,163,3802,32896,968396,7604,1936792,"100mill-boot"
50,20,"petite","second",36497,41678,3601366,6398690,83356,12797380,141,3810,27700,974539,7620,1949078,"100mill-boot"
50,21,"petite","second",36757,41473,3619132,6380969,82946,12761938,129,3789,25561,975833,7578,1951666,"100mill-boot"
50,22,"petite","second",36856,41395,3626605,6373553,82790,12747106,152,3788,29874,970980,7576,1941960,"100mill-boot"
50,23,"petite","second",36932,41353,3645707,6354307,82706,12708614,165,3789,31460,969581,7578,1939162,"100mill-boot"
50,24,"petite","second",37206,41295,3663457,6336559,82590,12673118,147,3809,28023,973484,7618,1946968,"100mill-boot"
50,25,"petite","second",36813,41348,3617472,6382535,82696,12765070,130,3774,25619,975673,7548,1951346,"100mill-boot"
50,26,"petite","second",36980,41389,3636790,6363260,82778,12726520,171,3809,32684,970214,7618,1940428,"100mill-boot"
50,27,"petite","second",36619,41440,3616836,6383413,82880,12766826,164,3743,32128,968033,7486,1936066,"100mill-boot"
50,28,"petite","second",36709,41509,3617217,6382862,83018,12765724,131,3821,26118,974575,7642,1949150,"100mill-boot"
50,29,"petite","second",36490,41540,3590762,6409256,83080,12818512,148,3793,28937,971830,7586,1943660,"100mill-boot"
50,30,"petite","second",36722,41298,3634753,6365299,82596,12730598,142,3779,27858,972306,7558,1944612,"100mill-boot"
43,1,"petite","second",37287,41981,3605255,6394844,83962,12789688,137,3924,24388,976201,7848,1952402,"100mill-boot"
43,2,"petite","second",37598,41695,3636722,6363411,83390,12726822,148,3941,25960,976379,7882,1952758,"100mill-boot"
43,3,"petite","second",37776,41652,3652867,6347144,83304,12694288,143,3931,25115,977009,7862,1954018,"100mill-boot"
43,4,"petite","second",37398,42013,3611175,6388960,84026,12777920,169,3914,29081,972019,7828,1944038,"100mill-boot"
43,5,"petite","second",37546,41858,3623847,6376227,83716,12752454,164,3943,28435,971688,7886,1943376,"100mill-boot"
43,6,"petite","second",37318,42025,3599672,6400337,84050,12800674,131,3926,22808,977423,7852,1954846,"100mill-boot"
43,7,"petite","second",37826,41698,3641977,6358051,83396,12716102,162,3915,28376,971648,7830,1943296,"100mill-boot"
43,8,"petite","second",37634,41860,3617918,6382106,83720,12764212,174,3905,30683,971208,7810,1942416,"100mill-boot"
43,9,"petite","second",37473,41870,3615261,6384764,83740,12769528,142,3918,25656,975617,7836,1951234,"100mill-boot"
43,10,"petite","second",37679,41988,3624086,6375944,83976,12751888,172,3912,30603,970207,7824,1940414,"100mill-boot"
43,11,"petite","second",37631,41843,3625987,6374090,83686,12748180,160,3935,27729,973840,7870,1947680,"100mill-boot"
43,12,"petite","second",37266,42052,3590424,6409577,84104,12819154,170,3897,29634,970370,7794,1940740,"100mill-boot"
43,13,"petite","second",37865,41696,3647802,6352277,83392,12704554,171,3919,29053,972702,7838,1945404,"100mill-boot"
43,14,"petite","second",37661,41870,3635375,6364644,83740,12729288,140,3927,24930,975677,7854,1951354,"100mill-boot"
43,15,"petite","second",37218,42007,3585080,6415125,84014,12830250,152,3928,26353,974157,7856,1948314,"100mill-boot"
43,16,"petite","second",37802,41813,3644484,6355689,83626,12711378,158,3942,28149,973480,7884,1946960,"100mill-boot"
43,17,"petite","second",37611,41855,3635493,6364521,83710,12729042,173,3879,30390,971684,7758,1943368,"100mill-boot"
43,18,"petite","second",37685,41645,3633866,6366385,83290,12732770,137,3898,24239,976746,7796,1953492,"100mill-boot"
43,19,"petite","second",37413,41992,3604803,6395243,83984,12790486,148,3951,25683,974805,7902,1949610,"100mill-boot"
43,20,"petite","second",37883,41633,3653359,6346726,83266,12693452,188,3919,32707,968126,7838,1936252,"100mill-boot"
43,21,"petite","second",37551,42004,3619214,6380931,84008,12761862,144,3950,24683,976004,7900,1952008,"100mill-boot"
43,22,"petite","second",37244,42059,3591357,6408761,84118,12817522,171,3959,29513,970502,7918,1941004,"100mill-boot"
43,23,"petite","second",37836,41695,3651819,6348222,83390,12696444,148,3939,26312,977909,7878,1955818,"100mill-boot"
43,24,"petite","second",37517,41853,3609939,6390123,83706,12780246,182,3885,31711,971235,7770,1942470,"100mill-boot"
43,25,"petite","second",37530,42010,3614626,6385560,84020,12771120,151,3862,26559,974152,7724,1948304,"100mill-boot"
43,26,"petite","second",37325,42139,3595855,6404294,84278,12808588,154,3909,27337,973486,7818,1946972,"100mill-boot"
43,27,"petite","second",37603,41885,3623237,6376787,83770,12753574,152,3913,26471,973962,7826,1947924,"100mill-boot"
43,28,"petite","second",37550,42042,3617514,6382609,84084,12765218,166,3927,29016,971993,7854,1943986,"100mill-boot"
43,29,"petite","second",37681,41802,3631306,6368798,83604,12737596,171,3909,29561,970702,7818,1941404,"100mill-boot"
43,30,"petite","second",37563,42024,3612498,6387573,84048,12775146,147,3921,25517,976527,7842,1953054,"100mill-boot"
44,1,"petite","second",38481,41243,3704176,6295969,82486,12591938,121,3813,24003,977146,7626,1954292,"100mill-boot"
44,2,"petite","second",38332,41230,3703276,6296748,82460,12593496,119,3811,24674,976961,7622,1953922,"100mill-boot"
44,3,"petite","second",38090,41211,3685412,6314716,82422,12629432,139,3779,28561,973961,7558,1947922,"100mill-boot"
44,4,"petite","second",38353,41095,3687109,6313123,82190,12626246,127,3794,25856,976512,7588,1953024,"100mill-boot"
44,5,"petite","second",37844,41557,3649411,6350716,83114,12701432,119,3803,25062,978097,7606,1956194,"100mill-boot"
44,6,"petite","second",38199,41186,3681204,6318843,82372,12637686,132,3795,27089,974605,7590,1949210,"100mill-boot"
44,7,"petite","second",38288,41245,3705533,6294517,82490,12589034,131,3788,27034,973069,7576,1946138,"100mill-boot"
44,8,"petite","second",38648,41212,3721043,6278979,82424,12557958,103,3831,21985,980202,7662,1960404,"100mill-boot"
44,9,"petite","second",38299,41253,3681231,6318855,82506,12637710,118,3798,24791,976463,7596,1952926,"100mill-boot"
44,10,"petite","second",38299,41275,3688139,6311908,82550,12623816,126,3802,26144,976092,7604,1952184,"100mill-boot"
44,11,"petite","second",38212,41360,3679704,6320333,82720,12640666,112,3806,22938,977840,7612,1955680,"100mill-boot"
44,12,"petite","second",38314,41407,3682677,6317444,82814,12634888,94,3866,19082,982856,7732,1965712,"100mill-boot"
44,13,"petite","second",38167,41413,3675557,6324539,82826,12649078,107,3827,22324,979491,7654,1958982,"100mill-boot"
44,14,"petite","second",38555,41046,3721376,6278663,82092,12557326,114,3795,23430,977319,7590,1954638,"100mill-boot"
44,15,"petite","second",38304,41193,3693652,6306364,82386,12612728,115,3827,23297,977094,7654,1954188,"100mill-boot"
44,16,"petite","second",38143,41395,3671574,6328496,82790,12656992,96,3815,19491,982472,7630,1964944,"100mill-boot"
44,17,"petite","second",38473,41055,3712587,6287458,82110,12574916,124,3806,25407,977155,7612,1954310,"100mill-boot"
44,18,"petite","second",38024,41219,3665618,6334482,82438,12668964,119,3783,25590,975300,7566,1950600,"100mill-boot"
44,19,"petite","second",38029,41432,3658599,6341414,82864,12682828,113,3802,23665,976607,7604,1953214,"100mill-boot"
44,20,"petite","second",38177,41482,3675572,6324521,82964,12649042,119,3812,23681,977247,7624,1954494,"100mill-boot"
44,21,"petite","second",38715,40925,3717551,6282451,81850,12564902,105,3804,22308,977894,7608,1955788,"100mill-boot"
44,22,"petite","second",38097,41264,3680449,6319627,82528,12639254,122,3792,25186,977322,7584,1954644,"100mill-boot"
44,23,"petite","second",38332,41332,3687105,6312960,82664,12625920,95,3783,19794,981498,7566,1962996,"100mill-boot"
44,24,"petite","second",38132,41386,3673803,6326342,82772,12652684,123,3808,24853,977320,7616,1954640,"100mill-boot"
44,25,"petite","second",38452,40932,3715218,6284926,81864,12569852,112,3816,22660,979354,7632,1958708,"100mill-boot"
44,26,"petite","second",38491,41274,3708840,6291282,82548,12582564,120,3811,24874,975434,7622,1950868,"100mill-boot"
44,27,"petite","second",38355,41292,3695723,6304338,82584,12608676,129,3786,26996,973652,7572,1947304,"100mill-boot"
44,28,"petite","second",38306,41462,3680437,6319577,82924,12639154,118,3786,24675,979481,7572,1958962,"100mill-boot"
44,29,"petite","second",38651,41005,3722044,6277982,82010,12555964,125,3810,24885,976757,7620,1953514,"100mill-boot"
44,30,"petite","second",38411,41044,3709529,6290730,82088,12581460,123,3817,25592,977184,7634,1954368,"100mill-boot"
10,1,"petite","second",36739,41639,3610002,6390081,83278,12780162,63,3859,12874,988134,7718,1976268,"100mill-boot"
10,2,"petite","second",36728,41546,3614222,6385899,83092,12771798,50,3891,9668,990745,7782,1981490,"100mill-boot"
10,3,"petite","second",36773,41705,3594303,6405914,83410,12811828,48,3906,9021,991216,7812,1982432,"100mill-boot"
10,4,"petite","second",36625,41846,3582469,6417676,83692,12835352,63,3841,12502,988850,7682,1977700,"100mill-boot"
10,5,"petite","second",36715,41736,3605267,6394788,83472,12789576,58,3919,11717,990620,7838,1981240,"100mill-boot"
10,6,"petite","second",36740,41832,3598049,6402079,83664,12804158,66,3879,12827,987607,7758,1975214,"100mill-boot"
10,7,"petite","second",36888,41622,3611565,6388518,83244,12777036,49,3870,9888,990166,7740,1980332,"100mill-boot"
10,8,"petite","second",36946,41643,3615125,6384877,83286,12769754,61,3861,11849,988590,7722,1977180,"100mill-boot"
10,9,"petite","second",36839,41655,3613659,6386427,83310,12772854,64,3878,12547,987883,7756,1975766,"100mill-boot"
10,10,"petite","second",37010,41665,3623118,6376918,83330,12753836,59,3890,11591,989140,7780,1978280,"100mill-boot"
10,11,"petite","second",37073,41579,3638251,6361800,83158,12723600,62,3900,12284,989415,7800,1978830,"100mill-boot"
10,12,"petite","second",36596,41725,3585919,6414256,83450,12828512,76,3817,14686,986722,7634,1973444,"100mill-boot"
10,13,"petite","second",36825,41706,3588185,6412003,83412,12824006,58,3867,11274,990018,7734,1980036,"100mill-boot"
10,14,"petite","second",37045,41531,3626961,6373298,83062,12746596,56,3906,11165,990380,7812,1980760,"100mill-boot"
10,15,"petite","second",36986,41654,3619458,6380582,83308,12761164,56,3901,11193,990569,7802,1981138,"100mill-boot"
10,16,"petite","second",36836,41583,3614772,6385228,83166,12770456,79,3894,15799,989067,7788,1978134,"100mill-boot"
10,17,"petite","second",36838,41707,3612872,6387220,83414,12774440,54,3902,10354,990051,7804,1980102,"100mill-boot"
10,18,"petite","second",37080,41607,3634409,6365742,83214,12731484,60,3887,11639,988646,7774,1977292,"100mill-boot"
10,19,"petite","second",36562,41830,3577632,6422420,83660,12844840,61,3879,12101,990853,7758,1981706,"100mill-boot"
10,20,"petite","second",37204,41756,3642909,6357171,83512,12714342,67,3905,13263,987272,7810,1974544,"100mill-boot"
10,21,"petite","second",36577,41810,3587499,6412552,83620,12825104,40,3917,8027,992332,7834,1984664,"100mill-boot"
10,22,"petite","second",36797,41720,3604732,6395332,83440,12790664,64,3883,12576,988492,7766,1976984,"100mill-boot"
10,23,"petite","second",36764,41817,3596443,6403660,83634,12807320,52,3916,9879,993020,7832,1986040,"100mill-boot"
10,24,"petite","second",36869,41769,3622650,6377385,83538,12754770,64,3903,12838,987579,7806,1975158,"100mill-boot"
10,25,"petite","second",37049,41602,3624281,6375788,83204,12751576,65,3876,12839,988371,7752,1976742,"100mill-boot"
10,26,"petite","second",36624,41926,3583006,6417061,83852,12834122,48,3927,8946,993178,7854,1986356,"100mill-boot"
10,27,"petite","second",36885,41879,3597160,6402906,83758,12805812,52,3912,10138,990598,7824,1981196,"100mill-boot"
10,28,"petite","second",36999,41514,3617927,6382140,83028,12764280,59,3870,11351,989583,7740,1979166,"100mill-boot"
10,29,"petite","second",36483,41842,3584506,6415596,83684,12831192,56,3867,10907,990920,7734,1981840,"100mill-boot"
10,30,"petite","second",37314,41460,3659580,6340474,82920,12680948,65,3901,12525,989317,7802,1978634,"100mill-boot"
17,1,"petite","second",38223,41644,3694843,6305299,83288,12610598,128,3926,21784,979821,7852,1959642,"100mill-boot"
17,2,"petite","second",37959,41586,3692422,6307682,83172,12615364,144,3891,25163,975318,7782,1950636,"100mill-boot"
17,3,"petite","second",37793,41544,3683599,6316499,83088,12632998,131,3925,22096,982467,7850,1964934,"100mill-boot"
17,4,"petite","second",37856,41612,3675556,6324529,83224,12649058,120,3938,20672,980394,7876,1960788,"100mill-boot"
17,5,"petite","second",37738,41690,3680995,6319011,83380,12638022,125,3915,21678,980452,7830,1960904,"100mill-boot"
17,6,"petite","second",37810,41774,3676799,6323385,83548,12646770,125,3925,21258,982566,7850,1965132,"100mill-boot"
17,7,"petite","second",37577,41810,3664756,6335251,83620,12670502,124,3925,21814,980166,7850,1960332,"100mill-boot"
17,8,"petite","second",38132,41555,3711935,6288161,83110,12576322,124,3896,22193,978218,7792,1956436,"100mill-boot"
17,9,"petite","second",38186,41551,3709213,6290912,83102,12581824,134,3910,24228,975822,7820,1951644,"100mill-boot"
17,10,"petite","second",38232,41383,3713777,6286229,82766,12572458,138,3895,24593,976810,7790,1953620,"100mill-boot"
17,11,"petite","second",38055,41709,3699910,6300166,83418,12600332,138,3942,24395,975860,7884,1951720,"100mill-boot"
17,12,"petite","second",37986,41702,3676377,6323889,83404,12647778,134,3930,23778,979189,7860,1958378,"100mill-boot"
17,13,"petite","second",38056,41690,3687578,6312455,83380,12624910,131,3899,22917,979380,7798,1958760,"100mill-boot"
17,14,"petite","second",37888,41635,3679545,6320524,83270,12641048,143,3887,24842,975518,7774,1951036,"100mill-boot"
17,15,"petite","second",38134,41705,3691005,6309306,83410,12618612,131,3923,23221,978696,7846,1957392,"100mill-boot"
17,16,"petite","second",38079,41710,3706986,6293027,83420,12586054,127,3903,22318,977908,7806,1955816,"100mill-boot"
17,17,"petite","second",38192,41513,3710942,6289280,83026,12578560,142,3908,24409,976829,7816,1953658,"100mill-boot"
17,18,"petite","second",38209,41494,3717078,6282989,82988,12565978,133,3920,22846,980851,7840,1961702,"100mill-boot"
17,19,"petite","second",38241,41492,3708654,6291348,82984,12582696,144,3937,24401,976784,7874,1953568,"100mill-boot"
17,20,"petite","second",38163,41589,3712045,6288020,83178,12576040,140,3938,24785,977141,7876,1954282,"100mill-boot"
17,21,"petite","second",38204,41470,3707020,6293034,82940,12586068,128,3908,22615,978047,7816,1956094,"100mill-boot"
17,22,"petite","second",37831,41674,3684038,6315974,83348,12631948,132,3914,22251,980550,7828,1961100,"100mill-boot"
17,23,"petite","second",38295,41562,3710294,6289775,83124,12579550,142,3885,24679,979733,7770,1959466,"100mill-boot"
17,24,"petite","second",37828,41794,3668189,6331942,83588,12663884,136,3917,24096,979164,7834,1958328,"100mill-boot"
17,25,"petite","second",38009,41628,3688496,6311543,83256,12623086,144,3920,25283,978003,7840,1956006,"100mill-boot"
17,26,"petite","second",37863,41931,3662083,6337967,83862,12675934,116,3911,20849,979442,7822,1958884,"100mill-boot"
17,27,"petite","second",37949,41827,3679844,6320172,83654,12640344,127,3941,21098,981090,7882,1962180,"100mill-boot"
17,28,"petite","second",37702,41796,3664713,6335315,83592,12670630,131,3909,22924,978073,7818,1956146,"100mill-boot"
17,29,"petite","second",38025,41680,3689343,6310696,83360,12621392,122,3913,21000,980297,7826,1960594,"100mill-boot"
17,30,"petite","second",38316,41397,3721718,6278282,82794,12556564,134,3924,23354,977887,7848,1955774,"100mill-boot"
28,1,"petite","second",37424,42049,3649278,6350724,84098,12701448,117,3871,23624,979331,7742,1958662,"100mill-boot"
28,2,"petite","second",37006,42293,3609987,6390032,84586,12780064,132,3889,27206,975240,7778,1950480,"100mill-boot"
28,3,"petite","second",37115,42034,3626781,6373431,84068,12746862,124,3887,25016,977659,7774,1955318,"100mill-boot"
28,4,"petite","second",37214,42142,3624987,6375096,84284,12750192,109,3880,22869,979483,7760,1958966,"100mill-boot"
28,5,"petite","second",37052,42334,3609177,6390865,84668,12781730,101,3906,20169,981863,7812,1963726,"100mill-boot"
28,6,"petite","second",37511,41989,3655956,6344133,83978,12688266,122,3885,24209,975987,7770,1951974,"100mill-boot"
28,7,"petite","second",37301,42051,3639797,6360230,84102,12720460,128,3872,25292,975018,7744,1950036,"100mill-boot"
28,8,"petite","second",37121,42198,3606177,6393847,84396,12787694,98,3905,19645,982519,7810,1965038,"100mill-boot"
28,9,"petite","second",37292,42088,3629185,6370867,84176,12741734,120,3883,23802,979351,7766,1958702,"100mill-boot"
28,10,"petite","second",37751,41898,3667424,6332578,83796,12665156,128,3861,25069,975441,7722,1950882,"100mill-boot"
28,11,"petite","second",37528,42183,3652291,6347800,84366,12695600,106,3876,22399,978361,7752,1956722,"100mill-boot"
28,12,"petite","second",37430,42097,3644668,6355459,84194,12710918,120,3892,24331,977292,7784,1954584,"100mill-boot"
28,13,"petite","second",37721,41956,3664435,6335642,83912,12671284,103,3876,21327,979427,7752,1958854,"100mill-boot"
28,14,"petite","second",37717,42063,3671100,6328944,84126,12657888,121,3903,24630,975768,7806,1951536,"100mill-boot"
28,15,"petite","second",37348,42001,3639956,6360234,84002,12720468,101,3883,20830,979584,7766,1959168,"100mill-boot"
28,16,"petite","second",37352,42069,3636388,6363695,84138,12727390,102,3845,21740,978784,7690,1957568,"100mill-boot"
28,17,"petite","second",37573,42014,3657199,6342851,84028,12685702,115,3930,23029,979145,7860,1958290,"100mill-boot"
28,18,"petite","second",37450,41843,3657268,6342746,83686,12685492,102,3866,20697,979955,7732,1959910,"100mill-boot"
28,19,"petite","second",37248,42182,3622102,6377914,84364,12755828,112,3878,23489,978373,7756,1956746,"100mill-boot"
28,20,"petite","second",37405,42109,3628814,6371204,84218,12742408,117,3874,24559,977848,7748,1955696,"100mill-boot"
28,21,"petite","second",37487,41893,3651338,6348699,83786,12697398,105,3853,22539,978917,7706,1957834,"100mill-boot"
28,22,"petite","second",37419,42053,3633881,6366418,84106,12732836,94,3858,19686,981599,7716,1963198,"100mill-boot"
28,23,"petite","second",37353,42192,3623195,6376805,84384,12753610,105,3905,20807,980499,7810,1960998,"100mill-boot"
28,24,"petite","second",37181,42111,3611397,6388643,84222,12777286,115,3897,22793,979285,7794,1958570,"100mill-boot"
28,25,"petite","second",37442,41926,3640528,6359485,83852,12718970,101,3883,20588,982000,7766,1964000,"100mill-boot"
28,26,"petite","second",36967,42261,3602221,6397924,84522,12795848,116,3862,23833,976639,7724,1953278,"100mill-boot"
28,27,"petite","second",37534,42081,3656063,6343946,84162,12687892,129,3875,26448,974826,7750,1949652,"100mill-boot"
28,28,"petite","second",37255,42206,3630405,6369648,84412,12739296,124,3864,25131,976050,7728,1952100,"100mill-boot"
28,29,"petite","second",37414,41967,3644888,6355121,83934,12710242,93,3857,19249,981106,7714,1962212,"100mill-boot"
28,30,"petite","second",37019,42088,3602090,6398040,84176,12796080,120,3866,23874,978196,7732,1956392,"100mill-boot"
21,1,"petite","second",37725,41965,3659494,6340506,83930,12681012,149,4043,30729,969932,8086,1939864,"100mill-boot"
21,2,"petite","second",37549,42140,3639166,6360870,84280,12721740,113,4108,22527,979285,8216,1958570,"100mill-boot"
21,3,"petite","second",37462,42172,3630082,6370091,84344,12740182,147,4013,29466,972221,8026,1944442,"100mill-boot"
21,4,"petite","second",37837,41841,3688952,6311118,83682,12622236,140,4053,28367,972974,8106,1945948,"100mill-boot"
21,5,"petite","second",37489,42063,3641723,6358322,84126,12716644,144,4029,28857,972634,8058,1945268,"100mill-boot"
21,6,"petite","second",37601,42115,3645918,6354168,84230,12708336,153,4050,30557,972644,8100,1945288,"100mill-boot"
21,7,"petite","second",37750,42127,3650904,6349164,84254,12698328,149,4081,29555,972526,8162,1945052,"100mill-boot"
21,8,"petite","second",37607,42009,3655788,6344254,84018,12688508,139,4021,27990,973649,8042,1947298,"100mill-boot"
21,9,"petite","second",38208,41997,3677917,6322096,83994,12644192,137,4105,27278,973965,8210,1947930,"100mill-boot"
21,10,"petite","second",37762,41927,3654882,6345203,83854,12690406,139,4055,28946,972505,8110,1945010,"100mill-boot"
21,11,"petite","second",38190,41841,3699573,6300435,83682,12600870,137,4072,27193,973468,8144,1946936,"100mill-boot"
21,12,"petite","second",37736,42159,3647309,6352696,84318,12705392,127,4094,25389,975178,8188,1950356,"100mill-boot"
21,13,"petite","second",37569,42006,3641901,6358187,84012,12716374,133,4039,27612,973639,8078,1947278,"100mill-boot"
21,14,"petite","second",37637,42114,3642136,6357986,84228,12715972,142,4076,28946,972968,8152,1945936,"100mill-boot"
21,15,"petite","second",37651,41901,3643257,6356782,83802,12713564,150,4027,30371,969967,8054,1939934,"100mill-boot"
21,16,"petite","second",37843,42106,3668504,6331534,84212,12663068,148,4051,30577,969567,8102,1939134,"100mill-boot"
21,17,"petite","second",37903,41819,3672906,6327134,83638,12654268,161,4053,32509,968189,8106,1936378,"100mill-boot"
21,18,"petite","second",37702,42034,3651804,6348267,84068,12696534,134,4071,26330,974873,8142,1949746,"100mill-boot"
21,19,"petite","second",37865,41880,3672722,6327314,83760,12654628,159,4049,33572,970002,8098,1940004,"100mill-boot"
21,20,"petite","second",37633,41999,3655164,6344895,83998,12689790,147,4053,29779,970751,8106,1941502,"100mill-boot"
21,21,"petite","second",38088,41780,3690642,6309498,83560,12618996,120,4059,24329,978588,8118,1957176,"100mill-boot"
21,22,"petite","second",37753,42180,3651129,6348892,84360,12697784,139,4071,28434,972611,8142,1945222,"100mill-boot"
21,23,"petite","second",37693,41933,3655157,6344843,83866,12689686,135,4032,27241,974865,8064,1949730,"100mill-boot"
21,24,"petite","second",37896,41924,3659846,6340334,83848,12680668,118,4062,23602,977617,8124,1955234,"100mill-boot"
21,25,"petite","second",37659,41989,3648417,6351590,83978,12703180,133,4030,26760,975186,8060,1950372,"100mill-boot"
21,26,"petite","second",37844,42026,3662639,6337399,84052,12674798,124,4067,26140,975743,8134,1951486,"100mill-boot"
21,27,"petite","second",37373,42258,3615825,6384312,84516,12768624,147,4034,29291,971118,8068,1942236,"100mill-boot"
21,28,"petite","second",37407,42215,3629379,6370660,84430,12741320,138,4075,29112,973368,8150,1946736,"100mill-boot"
21,29,"petite","second",37693,42058,3647429,6352665,84116,12705330,129,4094,26724,975040,8188,1950080,"100mill-boot"
21,30,"petite","second",37863,41766,3671157,6328882,83532,12657764,106,4066,20863,979190,8132,1958380,"100mill-boot"
26,1,"petite","second",37373,41028,3685107,6314983,82056,12629966,111,3869,19600,980635,7738,1961270,"100mill-boot"
26,2,"petite","second",37157,41249,3666321,6333715,82498,12667430,100,3921,17934,982093,7842,1964186,"100mill-boot"
26,3,"petite","second",37271,41219,3674866,6325234,82438,12650468,79,3885,14961,985338,7770,1970676,"100mill-boot"
26,4,"petite","second",36791,41364,3627066,6373003,82728,12746006,101,3890,17735,984840,7780,1969680,"100mill-boot"
26,5,"petite","second",37079,41271,3666037,6334036,82542,12668072,115,3914,20781,981089,7828,1962178,"100mill-boot"
26,6,"petite","second",37058,41316,3650272,6349800,82632,12699600,100,3917,18347,981892,7834,1963784,"100mill-boot"
26,7,"petite","second",36902,41464,3624557,6375466,82928,12750932,112,3907,20237,980394,7814,1960788,"100mill-boot"
26,8,"petite","second",37067,41272,3643044,6357009,82544,12714018,91,3883,16118,985680,7766,1971360,"100mill-boot"
26,9,"petite","second",36937,41368,3648331,6351761,82736,12703522,106,3872,18903,982999,7744,1965998,"100mill-boot"
26,10,"petite","second",37019,41200,3661136,6338864,82400,12677728,101,3889,17968,982993,7778,1965986,"100mill-boot"
26,11,"petite","second",36987,41454,3638361,6361661,82908,12723322,84,3942,14978,986851,7884,1973702,"100mill-boot"
26,12,"petite","second",37104,41327,3643744,6356314,82654,12712628,105,3887,19345,980986,7774,1961972,"100mill-boot"
26,13,"petite","second",37299,41339,3669173,6330941,82678,12661882,82,3934,14798,987339,7868,1974678,"100mill-boot"
26,14,"petite","second",37193,41169,3652568,6347485,82338,12694970,80,3914,13932,989460,7828,1978920,"100mill-boot"
26,15,"petite","second",36913,41440,3638828,6361196,82880,12722392,83,3905,14902,985554,7810,1971108,"100mill-boot"
26,16,"petite","second",37075,41448,3639870,6360203,82896,12720406,100,3876,17664,984212,7752,1968424,"100mill-boot"
26,17,"petite","second",37343,41236,3683366,6316691,82472,12633382,95,3906,16983,983654,7812,1967308,"100mill-boot"
26,18,"petite","second",37104,41447,3651895,6348281,82894,12696562,81,3894,14485,986757,7788,1973514,"100mill-boot"
26,19,"petite","second",36997,41416,3638622,6361435,82832,12722870,95,3897,17321,984155,7794,1968310,"100mill-boot"
26,20,"petite","second",37289,41203,3677814,6322255,82406,12644510,84,3935,15371,986675,7870,1973350,"100mill-boot"
26,21,"petite","second",37123,41275,3668279,6331742,82550,12663484,97,3902,17219,983167,7804,1966334,"100mill-boot"
26,22,"petite","second",36813,41455,3638235,6361775,82910,12723550,110,3892,19564,980720,7784,1961440,"100mill-boot"
26,23,"petite","second",37073,41423,3643308,6356752,82846,12713504,84,3949,14697,985363,7898,1970726,"100mill-boot"
26,24,"petite","second",37257,41181,3665289,6334791,82362,12669582,91,3872,16698,986344,7744,1972688,"100mill-boot"
26,25,"petite","second",37065,41324,3650147,6349914,82648,12699828,98,3914,17664,983392,7828,1966784,"100mill-boot"
26,26,"petite","second",36908,41442,3639470,6360713,82884,12721426,87,3907,15978,985234,7814,1970468,"100mill-boot"
26,27,"petite","second",37279,41364,3663989,6336033,82728,12672066,82,3918,13732,986315,7836,1972630,"100mill-boot"
26,28,"petite","second",36882,41428,3638735,6361304,82856,12722608,83,3897,15439,984955,7794,1969910,"100mill-boot"
26,29,"petite","second",37159,41424,3662629,6337421,82848,12674842,97,3909,17525,982485,7818,1964970,"100mill-boot"
26,30,"petite","second",37204,41170,3669380,6330774,82340,12661548,96,3903,17164,983529,7806,1967058,"100mill-boot"
19,1,"petite","second",38073,41152,3697378,6302655,82304,12605310,129,3850,22903,977521,7700,1955042,"100mill-boot"
19,2,"petite","second",37920,41357,3701745,6298284,82714,12596568,156,3868,27779,973402,7736,1946804,"100mill-boot"
19,3,"petite","second",37778,41236,3688754,6311249,82472,12622498,132,3876,22686,979163,7752,1958326,"100mill-boot"
19,4,"petite","second",37993,41214,3710391,6289613,82428,12579226,157,3872,27419,975396,7744,1950792,"100mill-boot"
19,5,"petite","second",37697,41431,3679830,6320279,82862,12640558,149,3839,26879,973286,7678,1946572,"100mill-boot"
19,6,"petite","second",37840,41284,3701235,6298806,82568,12597612,148,3845,26200,977002,7690,1954004,"100mill-boot"
19,7,"petite","second",37690,41500,3673471,6326548,83000,12653096,140,3863,24475,976083,7726,1952166,"100mill-boot"
19,8,"petite","second",38224,41177,3732286,6267926,82354,12535852,175,3875,29638,973004,7750,1946008,"100mill-boot"
19,9,"petite","second",38075,41240,3708326,6291676,82480,12583352,144,3844,26294,974773,7688,1949546,"100mill-boot"
19,10,"petite","second",38071,41179,3716097,6283920,82358,12567840,154,3862,28382,972788,7724,1945576,"100mill-boot"
19,11,"petite","second",38143,41118,3723481,6276669,82236,12553338,151,3887,27756,972677,7774,1945354,"100mill-boot"
19,12,"petite","second",37930,41263,3702320,6297703,82526,12595406,157,3866,27117,975096,7732,1950192,"100mill-boot"
19,13,"petite","second",37898,41292,3691720,6308412,82584,12616824,132,3835,22794,977571,7670,1955142,"100mill-boot"
19,14,"petite","second",37841,41316,3692883,6307127,82632,12614254,165,3876,28914,972445,7752,1944890,"100mill-boot"
19,15,"petite","second",38097,41120,3719891,6280341,82240,12560682,150,3863,26028,975158,7726,1950316,"100mill-boot"
19,16,"petite","second",37638,41493,3671394,6328629,82986,12657258,139,3870,25378,976350,7740,1952700,"100mill-boot"
19,17,"petite","second",38334,41039,3733667,6266391,82078,12532782,154,3885,27337,974626,7770,1949252,"100mill-boot"
19,18,"petite","second",38000,41177,3709727,6290494,82354,12580988,147,3839,25707,975472,7678,1950944,"100mill-boot"
19,19,"petite","second",38007,41146,3712888,6287142,82292,12574284,163,3902,28811,971519,7804,1943038,"100mill-boot"
19,20,"petite","second",37823,41307,3702279,6297849,82614,12595698,147,3879,26149,975174,7758,1950348,"100mill-boot"
19,21,"petite","second",38093,41227,3717022,6283209,82454,12566418,150,3869,27182,973039,7738,1946078,"100mill-boot"
19,22,"petite","second",37679,41504,3668655,6331365,83008,12662730,137,3877,23919,977356,7754,1954712,"100mill-boot"
19,23,"petite","second",38013,41270,3704324,6295694,82540,12591388,142,3868,25100,977177,7736,1954354,"100mill-boot"
19,24,"petite","second",38077,41224,3714996,6285019,82448,12570038,147,3871,25856,974958,7742,1949916,"100mill-boot"
19,25,"petite","second",37973,41306,3706476,6293534,82612,12587068,132,3882,23714,977488,7764,1954976,"100mill-boot"
19,26,"petite","second",37967,41353,3703456,6296657,82706,12593314,155,3863,26879,974868,7726,1949736,"100mill-boot"
19,27,"petite","second",37829,41306,3701878,6298202,82612,12596404,135,3848,23414,976994,7696,1953988,"100mill-boot"
19,28,"petite","second",37929,41175,3715899,6284113,82350,12568226,159,3861,28383,973757,7722,1947514,"100mill-boot"
19,29,"petite","second",38190,41233,3720224,6279850,82466,12559700,148,3890,25973,974611,7780,1949222,"100mill-boot"
19,30,"petite","second",37709,41298,3674440,6325599,82596,12651198,153,3859,27235,974554,7718,1949108,"100mill-boot"
45,1,"petite","second",37576,41974,3665657,6334348,83948,12668696,106,3976,21529,978590,7952,1957180,"100mill-boot"
45,2,"petite","second",37096,42282,3622261,6377876,84564,12755752,103,4003,19274,982910,8006,1965820,"100mill-boot"
45,3,"petite","second",37496,41874,3679375,6320691,83748,12641382,102,4008,19884,981302,8016,1962604,"100mill-boot"
45,4,"petite","second",37503,41905,3671514,6328725,83810,12657450,107,3983,21090,979325,7966,1958650,"100mill-boot"
45,5,"petite","second",37141,42247,3643595,6356454,84494,12712908,114,3989,22827,977812,7978,1955624,"100mill-boot"
45,6,"petite","second",37218,42163,3633578,6366653,84326,12733306,126,3984,25364,976962,7968,1953924,"100mill-boot"
45,7,"petite","second",37441,42086,3660467,6339603,84172,12679206,109,3995,22026,978909,7990,1957818,"100mill-boot"
45,8,"petite","second",37519,41949,3670265,6329884,83898,12659768,104,3984,20677,979854,7968,1959708,"100mill-boot"
45,9,"petite","second",37299,42019,3660370,6339802,84038,12679604,116,3965,23418,977461,7930,1954922,"100mill-boot"
45,10,"petite","second",37466,42087,3665773,6334259,84174,12668518,114,3967,21816,979260,7934,1958520,"100mill-boot"
45,11,"petite","second",37449,42044,3657720,6342327,84088,12684654,108,3969,20801,979433,7938,1958866,"100mill-boot"
45,12,"petite","second",37268,42154,3640470,6359564,84308,12719128,83,4007,16532,985108,8014,1970216,"100mill-boot"
45,13,"petite","second",37415,41986,3656119,6343901,83972,12687802,110,3993,21858,981525,7986,1963050,"100mill-boot"
45,14,"petite","second",37329,42120,3651407,6348656,84240,12697312,108,3985,20934,979797,7970,1959594,"100mill-boot"
45,15,"petite","second",37532,41965,3670620,6329448,83930,12658896,125,3911,25894,974506,7822,1949012,"100mill-boot"
45,16,"petite","second",37622,42033,3689765,6310301,84066,12620602,126,4004,24185,976470,8008,1952940,"100mill-boot"
45,17,"petite","second",37611,41928,3660546,6339489,83856,12678978,103,3964,19933,980764,7928,1961528,"100mill-boot"
45,18,"petite","second",37433,41993,3669512,6330723,83986,12661446,100,4000,19574,980958,8000,1961916,"100mill-boot"
45,19,"petite","second",37168,42133,3645388,6354712,84266,12709424,115,4036,22266,979598,8072,1959196,"100mill-boot"
45,20,"petite","second",37479,42038,3669187,6330826,84076,12661652,108,3968,21908,978220,7936,1956440,"100mill-boot"
45,21,"petite","second",37502,42047,3664581,6335507,84094,12671014,120,3988,22757,977475,7976,1954950,"100mill-boot"
45,22,"petite","second",37191,42244,3637456,6362629,84488,12725258,93,3999,19389,981470,7998,1962940,"100mill-boot"
45,23,"petite","second",37692,41837,3694673,6305329,83674,12610658,112,4016,21722,979338,8032,1958676,"100mill-boot"
45,24,"petite","second",37367,42157,3648837,6351295,84314,12702590,117,4010,22254,979189,8020,1958378,"100mill-boot"
45,25,"petite","second",37435,41994,3659349,6340927,83988,12681854,118,4005,23520,977295,8010,1954590,"100mill-boot"
45,26,"petite","second",37511,42153,3667711,6332371,84306,12664742,106,4009,21427,980554,8018,1961108,"100mill-boot"
45,27,"petite","second",37758,42012,3699913,6300134,84024,12600268,108,4019,21245,979699,8038,1959398,"100mill-boot"
45,28,"petite","second",36972,42393,3622796,6377208,84786,12754416,114,4002,22389,978032,8004,1956064,"100mill-boot"
45,29,"petite","second",37128,42277,3621287,6378762,84554,12757524,114,3998,23173,979807,7996,1959614,"100mill-boot"
45,30,"petite","second",37365,42134,3645693,6354407,84268,12708814,97,4016,19520,980686,8032,1961372,"100mill-boot"
42,1,"petite","second",37452,41274,3653681,6346437,82548,12692874,136,3871,26513,973702,7742,1947404,"100mill-boot"
42,2,"petite","second",37446,41192,3664826,6335362,82384,12670724,130,3905,24863,975713,7810,1951426,"100mill-boot"
42,3,"petite","second",37818,41007,3683206,6316817,82014,12633634,117,3886,23893,976633,7772,1953266,"100mill-boot"
42,4,"petite","second",37694,41144,3678633,6321411,82288,12642822,138,3896,28702,972114,7792,1944228,"100mill-boot"
42,5,"petite","second",37540,41168,3654498,6345538,82336,12691076,137,3866,26556,975450,7732,1950900,"100mill-boot"
42,6,"petite","second",37976,41032,3713516,6286543,82064,12573086,102,3949,20015,980449,7898,1960898,"100mill-boot"
42,7,"petite","second",37828,41123,3696352,6303662,82246,12607324,128,3904,26401,973606,7808,1947212,"100mill-boot"
42,8,"petite","second",37911,41013,3691899,6308111,82026,12616222,138,3905,27598,972832,7810,1945664,"100mill-boot"
42,9,"petite","second",37727,41062,3681266,6318747,82124,12637494,122,3938,25296,975919,7876,1951838,"100mill-boot"
42,10,"petite","second",38141,40886,3711202,6288863,81772,12577726,116,3964,22628,977444,7928,1954888,"100mill-boot"
42,11,"petite","second",38019,41318,3689210,6310842,82636,12621684,99,3955,19514,982448,7910,1964896,"100mill-boot"
42,12,"petite","second",37903,41081,3700222,6299960,82162,12599920,135,3953,25668,980280,7906,1960560,"100mill-boot"
42,13,"petite","second",38066,40960,3722977,6277044,81920,12554088,149,3896,29858,970437,7792,1940874,"100mill-boot"
42,14,"petite","second",37957,40929,3699208,6300891,81858,12601782,128,3894,26626,974876,7788,1949752,"100mill-boot"
42,15,"petite","second",37514,41400,3659984,6340045,82800,12680090,136,3914,26950,973993,7828,1947986,"100mill-boot"
42,16,"petite","second",37920,40951,3708940,6291090,81902,12582180,124,3923,24449,976524,7846,1953048,"100mill-boot"
42,17,"petite","second",37837,41083,3692088,6307919,82166,12615838,106,3937,21182,980813,7874,1961626,"100mill-boot"
42,18,"petite","second",37723,41152,3674041,6325970,82304,12651940,128,3935,26461,975680,7870,1951360,"100mill-boot"
42,19,"petite","second",38195,40851,3731992,6268137,81702,12536274,122,3928,24102,976208,7856,1952416,"100mill-boot"
42,20,"petite","second",37889,41074,3689777,6310248,82148,12620496,110,3935,21339,979497,7870,1958994,"100mill-boot"
42,21,"petite","second",37537,41214,3665581,6334537,82428,12669074,120,3909,23831,977516,7818,1955032,"100mill-boot"
42,22,"petite","second",37966,41119,3694335,6305693,82238,12611386,121,3930,24759,977517,7860,1955034,"100mill-boot"
42,23,"petite","second",37734,41058,3687006,6313189,82116,12626378,121,3888,24438,976521,7776,1953042,"100mill-boot"
42,24,"petite","second",37847,41197,3681605,6318453,82394,12636906,134,3933,25595,975278,7866,1950556,"100mill-boot"
42,25,"petite","second",37985,40984,3717618,6282393,81968,12564786,138,3894,28187,973079,7788,1946158,"100mill-boot"
42,26,"petite","second",37833,41212,3685278,6314890,82424,12629780,132,3906,25444,977456,7812,1954912,"100mill-boot"
42,27,"petite","second",37911,41185,3711692,6288354,82370,12576708,124,3951,24247,977645,7902,1955290,"100mill-boot"
42,28,"petite","second",37744,41141,3678877,6321128,82282,12642256,123,3905,23731,976602,7810,1953204,"100mill-boot"
42,29,"petite","second",37825,40989,3689462,6310589,81978,12621178,144,3909,28691,972715,7818,1945430,"100mill-boot"
42,30,"petite","second",37818,40923,3696921,6303139,81846,12606278,123,3873,25206,977245,7746,1954490,"100mill-boot"
27,1,"petite","second",37511,41363,3678674,6321437,82726,12642874,131,3958,23783,977773,7916,1955546,"100mill-boot"
27,2,"petite","second",37586,41218,3692593,6307440,82436,12614880,120,3956,22344,979089,7912,1958178,"100mill-boot"
27,3,"petite","second",37416,41169,3709475,6290650,82338,12581300,137,3898,25723,975674,7796,1951348,"100mill-boot"
27,4,"petite","second",37003,41415,3649622,6350402,82830,12700804,127,3908,22749,977622,7816,1955244,"100mill-boot"
27,5,"petite","second",37398,41318,3685817,6314245,82636,12628490,129,3913,21954,978989,7826,1957978,"100mill-boot"
27,6,"petite","second",37330,41384,3679773,6320402,82768,12640804,122,3907,22031,978115,7814,1956230,"100mill-boot"
27,7,"petite","second",37480,41355,3693910,6306125,82710,12612250,129,3927,23141,978899,7854,1957798,"100mill-boot"
27,8,"petite","second",37111,41529,3658595,6341452,83058,12682904,135,3920,23618,977563,7840,1955126,"100mill-boot"
27,9,"petite","second",37476,41279,3689429,6310637,82558,12621274,122,3964,21994,981802,7928,1963604,"100mill-boot"
27,10,"petite","second",37544,41185,3687923,6312270,82370,12624540,115,3937,21340,979861,7874,1959722,"100mill-boot"
27,11,"petite","second",37215,41525,3658175,6341842,83050,12683684,117,3929,21770,978841,7858,1957682,"100mill-boot"
27,12,"petite","second",37603,41235,3688313,6311716,82470,12623432,115,3964,20697,982284,7928,1964568,"100mill-boot"
27,13,"petite","second",37602,41364,3703116,6297146,82728,12594292,113,3964,20611,979619,7928,1959238,"100mill-boot"
27,14,"petite","second",37194,41402,3655763,6344282,82804,12688564,100,3960,17471,983305,7920,1966610,"100mill-boot"
27,15,"petite","second",37442,41195,3684628,6315467,82390,12630934,136,3923,24452,975752,7846,1951504,"100mill-boot"
27,16,"petite","second",37289,41640,3656051,6344168,83280,12688336,121,3982,22905,977718,7964,1955436,"100mill-boot"
27,17,"petite","second",37356,41282,3668205,6331850,82564,12663700,137,3917,24916,975691,7834,1951382,"100mill-boot"
27,18,"petite","second",37277,41368,3680252,6319903,82736,12639806,144,3896,26252,976387,7792,1952774,"100mill-boot"
27,19,"petite","second",37619,41130,3701639,6298420,82260,12596840,111,3926,20359,980719,7852,1961438,"100mill-boot"
27,20,"petite","second",37318,41406,3668169,6331961,82812,12663922,123,3932,20967,981232,7864,1962464,"100mill-boot"
27,21,"petite","second",37383,41493,3677789,6322365,82986,12644730,123,3956,23937,976450,7912,1952900,"100mill-boot"
27,22,"petite","second",37229,41501,3661596,6338477,83002,12676954,108,3923,20039,981234,7846,1962468,"100mill-boot"
27,23,"petite","second",37614,41262,3701116,6298895,82524,12597790,118,3934,21800,978315,7868,1956630,"100mill-boot"
27,24,"petite","second",37360,41411,3676534,6323609,82822,12647218,121,3951,22679,979407,7902,1958814,"100mill-boot"
27,25,"petite","second",37500,41343,3687037,6313023,82686,12626046,117,3975,22439,980387,7950,1960774,"100mill-boot"
27,26,"petite","second",37377,41519,3685904,6314161,83038,12628322,121,3963,22744,978902,7926,1957804,"100mill-boot"
27,27,"petite","second",37321,41343,3670526,6329625,82686,12659250,121,3956,22817,986999,7912,1973998,"100mill-boot"
27,28,"petite","second",37116,41572,3656266,6343756,83144,12687512,110,3952,19011,981995,7904,1963990,"100mill-boot"
27,29,"petite","second",37216,41531,3660601,6339429,83062,12678858,121,3901,22138,979051,7802,1958102,"100mill-boot"
27,30,"petite","second",37426,41342,3686757,6313394,82684,12626788,138,3933,25796,974226,7866,1948452,"100mill-boot"
18,1,"petite","second",37106,41639,3626913,6373107,83278,12746214,112,3866,23584,978091,7732,1956182,"100mill-boot"
18,2,"petite","second",36900,41582,3598789,6401223,83164,12802446,93,3867,20082,980951,7734,1961902,"100mill-boot"
18,3,"petite","second",37195,41228,3646997,6353266,82456,12706532,94,3843,20782,979719,7686,1959438,"100mill-boot"
18,4,"petite","second",37153,41391,3638638,6361439,82782,12722878,125,3844,28294,972750,7688,1945500,"100mill-boot"
18,5,"petite","second",36867,41714,3589485,6410669,83428,12821338,84,3869,18404,982756,7738,1965512,"100mill-boot"
18,6,"petite","second",37220,41552,3614739,6385289,83104,12770578,113,3853,24241,977941,7706,1955882,"100mill-boot"
18,7,"petite","second",37058,41364,3622151,6378118,82728,12756236,76,3877,17008,983645,7754,1967290,"100mill-boot"
18,8,"petite","second",37358,41539,3631540,6368632,83078,12737264,114,3864,24960,977286,7728,1954572,"100mill-boot"
18,9,"petite","second",37107,41283,3629087,6371048,82566,12742096,103,3847,23347,979920,7694,1959840,"100mill-boot"
18,10,"petite","second",37704,41314,3664911,6335190,82628,12670380,103,3876,23340,978580,7752,1957160,"100mill-boot"
18,11,"petite","second",37283,41531,3633672,6366450,83062,12732900,110,3841,24406,976058,7682,1952116,"100mill-boot"
18,12,"petite","second",37414,41484,3636453,6363645,82968,12727290,108,3851,23032,977867,7702,1955734,"100mill-boot"
18,13,"petite","second",37149,41436,3622631,6377433,82872,12754866,102,3839,22613,978502,7678,1957004,"100mill-boot"
18,14,"petite","second",37457,41391,3647269,6352772,82782,12705544,108,3892,22566,979479,7784,1958958,"100mill-boot"
18,15,"petite","second",37209,41425,3629455,6370563,82850,12741126,92,3878,20447,980766,7756,1961532,"100mill-boot"
18,16,"petite","second",37461,41386,3652940,6347083,82772,12694166,112,3845,24243,976101,7690,1952202,"100mill-boot"
18,17,"petite","second",37444,41394,3657042,6343055,82788,12686110,108,3873,23933,977718,7746,1955436,"100mill-boot"
18,18,"petite","second",37286,41522,3634389,6365760,83044,12731520,151,3818,31464,969245,7636,1938490,"100mill-boot"
18,19,"petite","second",36899,41530,3608747,6391299,83060,12782598,105,3872,22591,978892,7744,1957784,"100mill-boot"
18,20,"petite","second",37614,41290,3672850,6327284,82580,12654568,124,3846,27296,972933,7692,1945866,"100mill-boot"
18,21,"petite","second",37786,41205,3688444,6311562,82410,12623124,147,3856,31439,969538,7712,1939076,"100mill-boot"
18,22,"petite","second",37306,41379,3646604,6353434,82758,12706868,98,3898,21981,983818,7796,1967636,"100mill-boot"
18,23,"petite","second",37412,41448,3648401,6351725,82896,12703450,105,3875,23108,978860,7750,1957720,"100mill-boot"
18,24,"petite","second",36956,41604,3602051,6397961,83208,12795922,106,3831,23302,976910,7662,1953820,"100mill-boot"
18,25,"petite","second",37125,41588,3617066,6383019,83176,12766038,92,3899,18861,981266,7798,1962532,"100mill-boot"
18,26,"petite","second",37156,41651,3621204,6378812,83302,12757624,112,3863,24464,977487,7726,1954974,"100mill-boot"
18,27,"petite","second",37331,41374,3653748,6346362,82748,12692724,112,3846,24596,976385,7692,1952770,"100mill-boot"
18,28,"petite","second",37220,41488,3635304,6364786,82976,12729572,111,3853,23847,977481,7706,1954962,"100mill-boot"
18,29,"petite","second",37172,41335,3629480,6370522,82670,12741044,107,3861,22527,978734,7722,1957468,"100mill-boot"
18,30,"petite","second",37393,41273,3639730,6360372,82546,12720744,109,3851,23150,977668,7702,1955336,"100mill-boot"
20,1,"petite","second",37263,41429,3662377,6337687,82858,12675374,165,3905,31393,971072,7810,1942144,"100mill-boot"
20,2,"petite","second",37366,41346,3680129,6319912,82692,12639824,150,3927,28149,975318,7854,1950636,"100mill-boot"
20,3,"petite","second",37333,41415,3671838,6328228,82830,12656456,152,3923,29762,972460,7846,1944920,"100mill-boot"
20,4,"petite","second",37280,41368,3669880,6330126,82736,12660252,126,3945,24404,976845,7890,1953690,"100mill-boot"
20,5,"petite","second",37134,41493,3672694,6327470,82986,12654940,145,3932,27706,975766,7864,1951532,"100mill-boot"
20,6,"petite","second",37407,41294,3677839,6322363,82588,12644726,140,3927,27847,972744,7854,1945488,"100mill-boot"
20,7,"petite","second",37385,41400,3684310,6315691,82800,12631382,141,3965,26412,977715,7930,1955430,"100mill-boot"
20,8,"petite","second",37531,41435,3683291,6316865,82870,12633730,127,3961,23136,977879,7922,1955758,"100mill-boot"
20,9,"petite","second",37575,41304,3687980,6312046,82608,12624092,130,3910,24776,976461,7820,1952922,"100mill-boot"
20,10,"petite","second",37212,41328,3666772,6333277,82656,12666554,154,3916,29792,972014,7832,1944028,"100mill-boot"
20,11,"petite","second",37430,41398,3688854,6311204,82796,12622408,160,3915,31413,969082,7830,1938164,"100mill-boot"
20,12,"petite","second",37339,41429,3673016,6327242,82858,12654484,131,3923,24681,975648,7846,1951296,"100mill-boot"
20,13,"petite","second",37017,41580,3637667,6362423,83160,12724846,134,3928,25219,976060,7856,1952120,"100mill-boot"
20,14,"petite","second",37302,41463,3674997,6325054,82926,12650108,137,3918,26863,973969,7836,1947938,"100mill-boot"
20,15,"petite","second",37472,41194,3702576,6297616,82388,12595232,140,3911,26941,973064,7822,1946128,"100mill-boot"
20,16,"petite","second",37174,41548,3654459,6345684,83096,12691368,145,3921,27394,973020,7842,1946040,"100mill-boot"
20,17,"petite","second",37204,41522,3658067,6342015,83044,12684030,137,3909,26653,975052,7818,1950104,"100mill-boot"
20,18,"petite","second",37634,41266,3705336,6294704,82532,12589408,141,3901,27971,972591,7802,1945182,"100mill-boot"
20,19,"petite","second",37406,41397,3689215,6310905,82794,12621810,159,3920,30130,970928,7840,1941856,"100mill-boot"
20,20,"petite","second",37046,41545,3650061,6349965,83090,12699930,133,3902,25391,975865,7804,1951730,"100mill-boot"
20,21,"petite","second",37481,41366,3676095,6323935,82732,12647870,145,3872,28250,972351,7744,1944702,"100mill-boot"
20,22,"petite","second",36993,41646,3632599,6367453,83292,12734906,133,3914,25572,976859,7828,1953718,"100mill-boot"
20,23,"petite","second",37544,41212,3697349,6302746,82424,12605492,152,3920,30190,970893,7840,1941786,"100mill-boot"
20,24,"petite","second",36972,41656,3635205,6364947,83312,12729894,126,3909,25106,975550,7818,1951100,"100mill-boot"
20,25,"petite","second",37424,41295,3679999,6320110,82590,12640220,137,3903,26541,976195,7806,1952390,"100mill-boot"
20,26,"petite","second",37306,41497,3663164,6336928,82994,12673856,132,3916,26092,976264,7832,1952528,"100mill-boot"
20,27,"petite","second",37170,41640,3666772,6333281,83280,12666562,153,3933,28508,972857,7866,1945714,"100mill-boot"
20,28,"petite","second",37176,41550,3661584,6338501,83100,12677002,125,3911,24127,977202,7822,1954404,"100mill-boot"
20,29,"petite","second",37455,41461,3686712,6313337,82922,12626674,145,3927,28849,973816,7854,1947632,"100mill-boot"
20,30,"petite","second",37261,41379,3677655,6322439,82758,12644878,139,3898,27510,975461,7796,1950922,"100mill-boot"
16,1,"petite","second",37508,41781,3630627,6369396,83562,12738792,186,3874,36727,964103,7748,1928206,"100mill-boot"
16,2,"petite","second",37220,41892,3610314,6389714,83784,12779428,200,3786,38944,961388,7572,1922776,"100mill-boot"
16,3,"petite","second",37046,41687,3600044,6399996,83374,12799992,189,3803,38114,962236,7606,1924472,"100mill-boot"
16,4,"petite","second",37373,41780,3607308,6392709,83560,12785418,191,3836,37092,963712,7672,1927424,"100mill-boot"
16,5,"petite","second",37443,41774,3632983,6367076,83548,12734152,185,3811,35838,964477,7622,1928954,"100mill-boot"
16,6,"petite","second",37701,41626,3642138,6357893,83252,12715786,151,3887,28923,973775,7774,1947550,"100mill-boot"
16,7,"petite","second",37332,41716,3622550,6377477,83432,12754954,168,3842,31019,969635,7684,1939270,"100mill-boot"
16,8,"petite","second",37404,41713,3633307,6366734,83426,12733468,203,3822,39805,960931,7644,1921862,"100mill-boot"
16,9,"petite","second",37835,41620,3655711,6344367,83240,12688734,175,3870,33499,967373,7740,1934746,"100mill-boot"
16,10,"petite","second",37844,41329,3672599,6327442,82658,12654884,176,3875,33993,967096,7750,1934192,"100mill-boot"
16,11,"petite","second",37708,41541,3645964,6354039,83082,12708078,195,3858,37730,963357,7716,1926714,"100mill-boot"
16,12,"petite","second",37582,41693,3631647,6368447,83386,12736894,190,3818,37238,962929,7636,1925858,"100mill-boot"
16,13,"petite","second",37219,41824,3610384,6389693,83648,12779386,162,3870,31543,971499,7740,1942998,"100mill-boot"
16,14,"petite","second",37291,41782,3610851,6389296,83564,12778592,173,3850,33652,967840,7700,1935680,"100mill-boot"
16,15,"petite","second",37554,41678,3637544,6362514,83356,12725028,163,3867,32860,967764,7734,1935528,"100mill-boot"
16,16,"petite","second",37684,41775,3644653,6355348,83550,12710696,186,3837,37181,966439,7674,1932878,"100mill-boot"
16,17,"petite","second",37635,41627,3642806,6357231,83254,12714462,159,3855,30582,970860,7710,1941720,"100mill-boot"
16,18,"petite","second",37530,41572,3636113,6363921,83144,12727842,176,3830,34087,967013,7660,1934026,"100mill-boot"
16,19,"petite","second",37554,41591,3637148,6362884,83182,12725768,187,3856,36893,963189,7712,1926378,"100mill-boot"
16,20,"petite","second",37246,41900,3607340,6392768,83800,12785536,190,3832,37055,962983,7664,1925966,"100mill-boot"
16,21,"petite","second",37408,41778,3611013,6389129,83556,12778258,173,3820,33861,966222,7640,1932444,"100mill-boot"
16,22,"petite","second",37454,41830,3633806,6366277,83660,12732554,160,3856,31472,968564,7712,1937128,"100mill-boot"
16,23,"petite","second",37688,41565,3655129,6344898,83130,12689796,204,3829,39564,960888,7658,1921776,"100mill-boot"
16,24,"petite","second",37551,41741,3639258,6360899,83482,12721798,171,3863,33615,968159,7726,1936318,"100mill-boot"
16,25,"petite","second",37160,41765,3593771,6406272,83530,12812544,162,3826,31371,969184,7652,1938368,"100mill-boot"
16,26,"petite","second",37326,41836,3616382,6383634,83672,12767268,190,3845,37400,963984,7690,1927968,"100mill-boot"
16,27,"petite","second",37588,41651,3643106,6356912,83302,12713824,176,3854,34395,966502,7708,1933004,"100mill-boot"
16,28,"petite","second",37438,41791,3630303,6369764,83582,12739528,190,3850,36359,965014,7700,1930028,"100mill-boot"
16,29,"petite","second",37559,41820,3621541,6378560,83640,12757120,169,3819,32894,968120,7638,1936240,"100mill-boot"
16,30,"petite","second",37590,41596,3648390,6351636,83192,12703272,160,3828,31630,968506,7656,1937012,"100mill-boot"
29,1,"petite","second",37910,41205,3696479,6303609,82410,12607218,129,3882,23961,978709,7764,1957418,"100mill-boot"
29,2,"petite","second",37618,41461,3669263,6330811,82922,12661622,165,3853,30984,969427,7706,1938854,"100mill-boot"
29,3,"petite","second",37313,41498,3650751,6349346,82996,12698692,147,3865,27408,974128,7730,1948256,"100mill-boot"
29,4,"petite","second",37778,41278,3700848,6299209,82556,12598418,147,3900,27315,973987,7800,1947974,"100mill-boot"
29,5,"petite","second",37487,41455,3659967,6340054,82910,12680108,128,3901,23756,976990,7802,1953980,"100mill-boot"
29,6,"petite","second",37681,41426,3682144,6317872,82852,12635744,148,3861,27580,973411,7722,1946822,"100mill-boot"
29,7,"petite","second",37642,41320,3676569,6323434,82640,12646868,155,3870,27705,973218,7740,1946436,"100mill-boot"
29,8,"petite","second",37849,41264,3689667,6310444,82528,12620888,144,3880,27263,977093,7760,1954186,"100mill-boot"
29,9,"petite","second",37891,41247,3686600,6313422,82494,12626844,160,3864,30068,972531,7728,1945062,"100mill-boot"
29,10,"petite","second",37725,41329,3664367,6335706,82658,12671412,141,3892,26490,975063,7784,1950126,"100mill-boot"
29,11,"petite","second",38003,41148,3711185,6288871,82296,12577742,133,3897,25783,976253,7794,1952506,"100mill-boot"
29,12,"petite","second",37825,41366,3690317,6309750,82732,12619500,150,3922,27597,975549,7844,1951098,"100mill-boot"
29,13,"petite","second",37744,41334,3671100,6328910,82668,12657820,142,3899,27021,974979,7798,1949958,"100mill-boot"
29,14,"petite","second",38028,41285,3713018,6287019,82570,12574038,165,3861,31444,968897,7722,1937794,"100mill-boot"
29,15,"petite","second",38063,41138,3711449,6288569,82276,12577138,161,3890,30240,971045,7780,1942090,"100mill-boot"
29,16,"petite","second",37423,41448,3660858,6339446,82896,12678892,149,3876,27524,972530,7752,1945060,"100mill-boot"
29,17,"petite","second",38130,41187,3715478,6284666,82374,12569332,155,3876,28316,971837,7752,1943674,"100mill-boot"
29,18,"petite","second",37759,41225,3693428,6306668,82450,12613336,132,3904,25481,975203,7808,1950406,"100mill-boot"
29,19,"petite","second",37377,41417,3647226,6352819,82834,12705638,155,3884,29152,972839,7768,1945678,"100mill-boot"
29,20,"petite","second",37982,41327,3700777,6299365,82654,12598730,146,3879,27298,972893,7758,1945786,"100mill-boot"
29,21,"petite","second",37819,41301,3693712,6306331,82602,12612662,152,3870,28749,976355,7740,1952710,"100mill-boot"
29,22,"petite","second",37694,41323,3679309,6320736,82646,12641472,140,3869,25985,975483,7738,1950966,"100mill-boot"
29,23,"petite","second",37865,41373,3700003,6300160,82746,12600320,133,3943,24728,977132,7886,1954264,"100mill-boot"
29,24,"petite","second",37810,41381,3675457,6324567,82762,12649134,135,3904,25642,975170,7808,1950340,"100mill-boot"
29,25,"petite","second",37967,41273,3714875,6285272,82546,12570544,139,3934,25580,976940,7868,1953880,"100mill-boot"
29,26,"petite","second",37869,41405,3701515,6298582,82810,12597164,139,3925,26016,975374,7850,1950748,"100mill-boot"
29,27,"petite","second",37894,41114,3712162,6287873,82228,12575746,155,3877,28996,971024,7754,1942048,"100mill-boot"
29,28,"petite","second",37674,41483,3672099,6328004,82966,12656008,151,3903,28238,971823,7806,1943646,"100mill-boot"
29,29,"petite","second",37403,41441,3669781,6330271,82882,12660542,157,3892,29724,970758,7784,1941516,"100mill-boot"
29,30,"petite","second",37789,41128,3686973,6313227,82256,12626454,157,3848,29110,971659,7696,1943318,"100mill-boot"
11,1,"petite","second",37137,42304,3634404,6365602,84608,12731204,111,3973,23060,979657,7946,1959314,"100mill-boot"
11,2,"petite","second",36505,42457,3584736,6415292,84914,12830584,125,3940,26289,974580,7880,1949160,"100mill-boot"
11,3,"petite","second",36971,41841,3642034,6358003,83682,12716006,101,3964,21697,979492,7928,1958984,"100mill-boot"
11,4,"petite","second",37111,42123,3648164,6352044,84246,12704088,141,3935,30500,970335,7870,1940670,"100mill-boot"
11,5,"petite","second",36945,42295,3618490,6381652,84590,12763304,147,3940,30179,970639,7880,1941278,"100mill-boot"
11,6,"petite","second",37164,42101,3644646,6355412,84202,12710824,132,3943,27648,973731,7886,1947462,"100mill-boot"
11,7,"petite","second",36922,42223,3633587,6366434,84446,12732868,149,3965,31515,970288,7930,1940576,"100mill-boot"
11,8,"petite","second",37217,42043,3637930,6362077,84086,12724154,116,3939,24804,977781,7878,1955562,"100mill-boot"
11,9,"petite","second",37162,42194,3649677,6350330,84388,12700660,133,3925,27775,973149,7850,1946298,"100mill-boot"
11,10,"petite","second",36956,42225,3615350,6384722,84450,12769444,116,3992,24169,979587,7984,1959174,"100mill-boot"
11,11,"petite","second",36967,42520,3619118,6380951,85040,12761902,157,3951,33722,970190,7902,1940380,"100mill-boot"
11,12,"petite","second",37045,42335,3619012,6381091,84670,12762182,121,3938,26386,973951,7876,1947902,"100mill-boot"
11,13,"petite","second",36859,42279,3610897,6389283,84558,12778566,132,3911,28443,972981,7822,1945962,"100mill-boot"
11,14,"petite","second",37237,42169,3660759,6339334,84338,12678668,168,3916,34455,967007,7832,1934014,"100mill-boot"
11,15,"petite","second",36850,42582,3607646,6392464,85164,12784928,98,3941,21327,978743,7882,1957486,"100mill-boot"
11,16,"petite","second",36943,42253,3628898,6371340,84506,12742680,141,3958,29050,971143,7916,1942286,"100mill-boot"
11,17,"petite","second",36999,42229,3623510,6376615,84458,12753230,114,3930,24251,977874,7860,1955748,"100mill-boot"
11,18,"petite","second",37304,42189,3651387,6348613,84378,12697226,146,3922,30886,970096,7844,1940192,"100mill-boot"
11,19,"petite","second",36951,42187,3629377,6370805,84374,12741610,112,3961,23602,979087,7922,1958174,"100mill-boot"
11,20,"petite","second",37035,42190,3624370,6375724,84380,12751448,125,3934,25763,975479,7868,1950958,"100mill-boot"
11,21,"petite","second",36797,42289,3600585,6399496,84578,12798992,102,3944,21045,981044,7888,1962088,"100mill-boot"
11,22,"petite","second",37183,42155,3646463,6353588,84310,12707176,123,3951,25348,977614,7902,1955228,"100mill-boot"
11,23,"petite","second",36910,42215,3619046,6381030,84430,12762060,133,3963,28124,973654,7926,1947308,"100mill-boot"
11,24,"petite","second",37078,42189,3632937,6367125,84378,12734250,105,3931,21999,981375,7862,1962750,"100mill-boot"
11,25,"petite","second",37075,42152,3628547,6371517,84304,12743034,138,3938,29804,971516,7876,1943032,"100mill-boot"
11,26,"petite","second",37184,42149,3644890,6355242,84298,12710484,120,3949,26107,974309,7898,1948618,"100mill-boot"
11,27,"petite","second",37037,42230,3634530,6365540,84460,12731080,168,3966,34071,971706,7932,1943412,"100mill-boot"
11,28,"petite","second",37034,42226,3634168,6365916,84452,12731832,110,3958,21460,979383,7916,1958766,"100mill-boot"
11,29,"petite","second",37066,42211,3632364,6367694,84422,12735388,157,3936,32827,969175,7872,1938350,"100mill-boot"
11,30,"petite","second",36692,42255,3596530,6403517,84510,12807034,130,3932,26820,976014,7864,1952028,"100mill-boot"
37,1,"petite","second",373031,416261,36886134,63113901,832522,126227802,1397,39128,292277,9716159,78256,19432318,"1bill-boot"
37,2,"petite","second",374403,415852,36965135,63035146,831704,126070292,1343,39380,281313,9761287,78760,19522574,"1bill-boot"
37,3,"petite","second",373722,416073,36946248,63053819,832146,126107638,1373,39327,288523,9734853,78654,19469706,"1bill-boot"
37,4,"petite","second",374453,415262,37014209,62985907,830524,125971814,1590,39217,320261,9703158,78434,19406316,"1bill-boot"
37,5,"petite","second",374128,415942,36936524,63063477,831884,126126954,1398,39234,288788,9740705,78468,19481410,"1bill-boot"
37,6,"petite","second",373134,416446,36865163,63134868,832892,126269736,1430,39187,300346,9724363,78374,19448726,"1bill-boot"
37,7,"petite","second",373209,416655,36845331,63154693,833310,126309386,1404,39282,295941,9740812,78564,19481624,"1bill-boot"
37,8,"petite","second",373988,415355,36936134,63063907,830710,126127814,1413,39135,297480,9703151,78270,19406302,"1bill-boot"
37,9,"petite","second",373793,416186,36940083,63060004,832372,126120008,1347,39346,280899,9738051,78692,19476102,"1bill-boot"
37,10,"petite","second",374468,415671,37001040,62999010,831342,125998020,1371,39189,286641,9716427,78378,19432854,"1bill-boot"
37,11,"petite","second",373481,416568,36872948,63127053,833136,126254106,1499,39221,300441,9705880,78442,19411760,"1bill-boot"
37,12,"petite","second",374556,415383,37009911,62990140,830766,125980280,1343,39189,283051,9718208,78378,19436416,"1bill-boot"
37,13,"petite","second",373358,415637,36887522,63112620,831274,126225240,1433,39071,299146,9710330,78142,19420660,"1bill-boot"
37,14,"petite","second",373201,416192,36876990,63123068,832384,126246136,1426,38993,298771,9707444,77986,19414888,"1bill-boot"
37,15,"petite","second",374704,415554,37058740,62941439,831108,125882878,1435,39188,303847,9707410,78376,19414820,"1bill-boot"
37,16,"petite","second",373832,416323,36922904,63077117,832646,126154234,1348,39257,281017,9727459,78514,19454918,"1bill-boot"
37,17,"petite","second",373760,416710,36889520,63110529,833420,126221058,1410,39243,296741,9731248,78486,19462496,"1bill-boot"
37,18,"petite","second",375320,415218,37081919,62918121,830436,125836242,1565,39077,318712,9689871,78154,19379742,"1bill-boot"
37,19,"petite","second",373752,416700,36904795,63095212,833400,126190424,1455,39219,305326,9705769,78438,19411538,"1bill-boot"
37,20,"petite","second",373790,416341,36905021,63095056,832682,126190112,1419,39219,296438,9708499,78438,19416998,"1bill-boot"
37,21,"petite","second",373836,416442,36910069,63089972,832884,126179944,1360,39263,285990,9742221,78526,19484442,"1bill-boot"
37,22,"petite","second",373676,416368,36936333,63063796,832736,126127592,1370,39167,287444,9720199,78334,19440398,"1bill-boot"
37,23,"petite","second",373697,415816,36922031,63078017,831632,126156034,1405,39314,296620,9714642,78628,19429284,"1bill-boot"
37,24,"petite","second",372942,416528,36859765,63140323,833056,126280646,1422,39045,297323,9707991,78090,19415982,"1bill-boot"
37,25,"petite","second",373854,416500,36906749,63093265,833000,126186530,1421,39203,295688,9735433,78406,19470866,"1bill-boot"
37,26,"petite","second",373677,416254,36906820,63093221,832508,126186442,1440,39353,300732,9732858,78706,19465716,"1bill-boot"
37,27,"petite","second",373440,415842,36902941,63097065,831684,126194130,1372,39299,287858,9760334,78598,19520668,"1bill-boot"
37,28,"petite","second",374818,416266,37014437,62985604,832532,125971208,1485,39230,304833,9704393,78460,19408786,"1bill-boot"
37,29,"petite","second",373484,416267,36879229,63120821,832534,126241642,1349,39222,283540,9732828,78444,19465656,"1bill-boot"
37,30,"petite","second",374745,415440,36995831,63004408,830880,126008816,1367,39208,286875,9721502,78416,19443004,"1bill-boot"
30,1,"petite","second",368912,417242,36147936,63852106,834484,127704212,1682,38174,354590,9657876,76348,19315752,"1bill-boot"
30,2,"petite","second",369597,417287,36208654,63791397,834574,127582794,1699,38128,358555,9652085,76256,19304170,"1bill-boot"
30,3,"petite","second",369990,416784,36240714,63759369,833568,127518738,1711,38180,365560,9648062,76360,19296124,"1bill-boot"
30,4,"petite","second",370637,416559,36340763,63659397,833118,127318794,1702,38260,363040,9652815,76520,19305630,"1bill-boot"
30,5,"petite","second",370904,416573,36325479,63674522,833146,127349044,1639,38288,347076,9655445,76576,19310890,"1bill-boot"
30,6,"petite","second",370039,417019,36253025,63747041,834038,127494082,1631,38085,346956,9662065,76170,19324130,"1bill-boot"
30,7,"petite","second",370802,416674,36327424,63672790,833348,127345580,1639,38318,347110,9655844,76636,19311688,"1bill-boot"
30,8,"petite","second",370125,416619,36327267,63672742,833238,127345484,1614,38276,345059,9675486,76552,19350972,"1bill-boot"
30,9,"petite","second",369715,416832,36213751,63786444,833664,127572888,1619,38084,346034,9654079,76168,19308158,"1bill-boot"
30,10,"petite","second",370424,415992,36306842,63693185,831984,127386370,1687,38141,358346,9646500,76282,19293000,"1bill-boot"
30,11,"petite","second",369727,417050,36272690,63727311,834100,127454622,1693,38118,356407,9644754,76236,19289508,"1bill-boot"
30,12,"petite","second",370320,416772,36283162,63716950,833544,127433900,1741,38143,368610,9654231,76286,19308462,"1bill-boot"
30,13,"petite","second",370109,416625,36301654,63698399,833250,127396798,1683,38152,359389,9647555,76304,19295110,"1bill-boot"
30,14,"petite","second",370088,416756,36287755,63712270,833512,127424540,1763,38099,374107,9640077,76198,19280154,"1bill-boot"
30,15,"petite","second",369919,416861,36259960,63740066,833722,127480132,1658,38196,357467,9648905,76392,19297810,"1bill-boot"
30,16,"petite","second",369775,416554,36290713,63709299,833108,127418598,1643,38332,348093,9672992,76664,19345984,"1bill-boot"
30,17,"petite","second",369779,417066,36219663,63780467,834132,127560934,1677,38098,353378,9654267,76196,19308534,"1bill-boot"
30,18,"petite","second",369970,416754,36240675,63759480,833508,127518960,1687,38139,356092,9645996,76278,19291992,"1bill-boot"
30,19,"petite","second",369528,417372,36193654,63806503,834744,127613006,1678,38086,359043,9653853,76172,19307706,"1bill-boot"
30,20,"petite","second",370945,416018,36356138,63644080,832036,127288160,1662,38090,349883,9651549,76180,19303098,"1bill-boot"
30,21,"petite","second",371075,416557,36323090,63676941,833114,127353882,1661,38309,350919,9677047,76618,19354094,"1bill-boot"
30,22,"petite","second",370435,416263,36296868,63703340,832526,127406680,1648,38242,350856,9667961,76484,19335922,"1bill-boot"
30,23,"petite","second",370186,416401,36292954,63707229,832802,127414458,1713,38028,363958,9644515,76056,19289030,"1bill-boot"
30,24,"petite","second",369923,417131,36208937,63791123,834262,127582246,1679,38242,360704,9665021,76484,19330042,"1bill-boot"
30,25,"petite","second",370371,416942,36258737,63741388,833884,127482776,1719,38152,364482,9641101,76304,19282202,"1bill-boot"
30,26,"petite","second",370473,416716,36281820,63718300,833432,127436600,1662,38139,353303,9653287,76278,19306574,"1bill-boot"
30,27,"petite","second",369053,417047,36186582,63813445,834094,127626890,1627,38304,345373,9665941,76608,19331882,"1bill-boot"
30,28,"petite","second",369795,417313,36270607,63729506,834626,127459012,1727,38154,364034,9644725,76308,19289450,"1bill-boot"
30,29,"petite","second",370002,416827,36252694,63747425,833654,127494850,1694,38028,362291,9643990,76056,19287980,"1bill-boot"
30,30,"petite","second",370567,417006,36324296,63675878,834012,127351756,1647,38340,346563,9669108,76680,19338216,"1bill-boot"
39,1,"petite","second",376681,414302,36648591,63351425,828604,126702850,990,38192,198105,9804379,76384,19608758,"1bill-boot"
39,2,"petite","second",376955,414720,36666222,63333858,829440,126667716,1055,38296,208712,9799928,76592,19599856,"1bill-boot"
39,3,"petite","second",376759,414845,36611535,63388550,829690,126777100,1052,38234,208048,9809387,76468,19618774,"1bill-boot"
39,4,"petite","second",376914,414736,36640566,63359508,829472,126719016,1088,38309,213969,9818929,76618,19637858,"1bill-boot"
39,5,"petite","second",376869,414547,36617010,63383048,829094,126766096,1158,38229,227381,9789272,76458,19578544,"1bill-boot"
39,6,"petite","second",377477,414148,36703449,63296652,828296,126593304,1099,38158,216321,9785649,76316,19571298,"1bill-boot"
39,7,"petite","second",376699,414810,36605431,63394608,829620,126789216,1000,38259,199847,9814379,76518,19628758,"1bill-boot"
39,8,"petite","second",377723,413761,36736815,63263245,827522,126526490,1129,38192,218178,9803133,76384,19606266,"1bill-boot"
39,9,"petite","second",376974,414530,36627787,63372253,829060,126744506,1106,38207,217596,9795988,76414,19591976,"1bill-boot"
39,10,"petite","second",377119,414215,36655370,63344717,828430,126689434,1080,37985,213266,9791610,75970,19583220,"1bill-boot"
39,11,"petite","second",376945,414411,36659999,63340045,828822,126680090,1090,38118,220740,9784626,76236,19569252,"1bill-boot"
39,12,"petite","second",376942,414276,36677323,63322721,828552,126645442,1093,38216,213061,9805700,76432,19611400,"1bill-boot"
39,13,"petite","second",376499,414376,36589622,63410380,828752,126820760,1098,38264,213760,9806792,76528,19613584,"1bill-boot"
39,14,"petite","second",376818,414315,36619349,63380736,828630,126761472,1004,38248,201717,9801962,76496,19603924,"1bill-boot"
39,15,"petite","second",377713,413765,36692719,63307283,827530,126614566,1109,38141,218525,9788306,76282,19576612,"1bill-boot"
39,16,"petite","second",376634,414360,36640261,63359808,828720,126719616,1104,38155,219804,9793588,76310,19587176,"1bill-boot"
39,17,"petite","second",377119,414561,36641486,63358582,829122,126717164,1069,38152,211333,9803231,76304,19606462,"1bill-boot"
39,18,"petite","second",377061,414991,36600705,63399359,829982,126798718,1130,38117,221001,9782091,76234,19564182,"1bill-boot"
39,19,"petite","second",376988,414666,36642687,63357313,829332,126714626,1141,38101,222386,9781870,76202,19563740,"1bill-boot"
39,20,"petite","second",376664,414151,36612149,63387872,828302,126775744,1049,38062,210407,9793979,76124,19587958,"1bill-boot"
39,21,"petite","second",377693,414294,36706644,63293378,828588,126586756,1046,38289,208366,9810708,76578,19621416,"1bill-boot"
39,22,"petite","second",377439,414319,36678100,63321907,828638,126643814,1156,38255,227887,9787869,76510,19575738,"1bill-boot"
39,23,"petite","second",376093,414716,36513112,63486930,829432,126973860,1021,38225,204216,9817008,76450,19634016,"1bill-boot"
39,24,"petite","second",377403,414347,36668652,63331408,828694,126662816,1110,38179,216351,9785657,76358,19571314,"1bill-boot"
39,25,"petite","second",377373,414444,36675643,63324425,828888,126648850,1077,38098,211127,9791855,76196,19583710,"1bill-boot"
39,26,"petite","second",377559,413859,36717271,63282904,827718,126565808,1140,38094,224251,9780848,76188,19561696,"1bill-boot"
39,27,"petite","second",376668,413902,36682993,63317045,827804,126634090,1045,38147,209854,9805823,76294,19611646,"1bill-boot"
39,28,"petite","second",377581,414842,36681857,63318221,829684,126636442,1132,38373,221439,9784905,76746,19569810,"1bill-boot"
39,29,"petite","second",376876,414988,36612467,63387649,829976,126775298,1130,38335,221157,9801762,76670,19603524,"1bill-boot"
39,30,"petite","second",376924,414898,36614434,63385704,829796,126771408,1099,38254,215760,9793808,76508,19587616,"1bill-boot"
4,1,"petite","second",378523,413692,36820733,63179310,827384,126358620,1019,38569,194306,9814499,77138,19628998,"1bill-boot"
4,2,"petite","second",379869,413234,36909471,63090606,826468,126181212,1096,38451,212050,9792298,76902,19584596,"1bill-boot"
4,3,"petite","second",380145,413458,36919820,63080336,826916,126160672,1062,38680,205482,9814007,77360,19628014,"1bill-boot"
4,4,"petite","second",380059,412798,36942086,63057950,825596,126115900,1082,38578,206859,9810404,77156,19620808,"1bill-boot"
4,5,"petite","second",380764,412911,36984141,63015922,825822,126031844,1076,38606,208185,9801352,77212,19602704,"1bill-boot"
4,6,"petite","second",378904,414074,36796423,63203579,828148,126407158,1087,38572,208283,9802302,77144,19604604,"1bill-boot"
4,7,"petite","second",379646,413804,36911983,63088091,827608,126176182,1072,38599,205197,9808754,77198,19617508,"1bill-boot"
4,8,"petite","second",379120,412745,36870960,63129156,825490,126258312,1111,38496,213017,9789788,76992,19579576,"1bill-boot"
4,9,"petite","second",378960,414124,36824954,63175053,828248,126350106,1110,38638,212333,9806337,77276,19612674,"1bill-boot"
4,10,"petite","second",380615,412503,37004622,62995497,825006,125990994,1087,38542,209265,9804775,77084,19609550,"1bill-boot"
4,11,"petite","second",379193,413710,36823454,63176593,827420,126353186,1115,38595,213252,9804832,77190,19609664,"1bill-boot"
4,12,"petite","second",380622,413110,37019422,62980709,826220,125961418,1102,38607,207884,9809835,77214,19619670,"1bill-boot"
4,13,"petite","second",378807,413647,36847130,63152889,827294,126305778,1113,38449,215944,9791749,76898,19583498,"1bill-boot"
4,14,"petite","second",380069,412502,36949657,63050393,825004,126100786,1095,38478,210505,9799915,76956,19599830,"1bill-boot"
4,15,"petite","second",379711,413588,36869679,63130400,827176,126260800,1090,38715,210190,9818404,77430,19636808,"1bill-boot"
4,16,"petite","second",379838,412754,36877698,63122303,825508,126244606,1127,38484,216039,9792284,76968,19584568,"1bill-boot"
4,17,"petite","second",380310,413926,36935158,63064876,827852,126129752,1061,38833,200833,9802794,77666,19605588,"1bill-boot"
4,18,"petite","second",379606,413310,36880506,63119515,826620,126239030,1153,38521,221094,9800692,77042,19601384,"1bill-boot"
4,19,"petite","second",379457,413561,36846047,63154061,827122,126308122,1040,38569,196829,9803423,77138,19606846,"1bill-boot"
4,20,"petite","second",380849,413077,37015586,62984528,826154,125969056,1069,38688,202635,9809779,77376,19619558,"1bill-boot"
4,21,"petite","second",380201,413301,36921930,63078159,826602,126156318,1113,38541,212023,9793144,77082,19586288,"1bill-boot"
4,22,"petite","second",380582,412973,37001188,62998837,825946,125997674,1101,38572,209806,9798003,77144,19596006,"1bill-boot"
4,23,"petite","second",380275,412789,36984320,63015743,825578,126031486,1114,38587,211452,9809178,77174,19618356,"1bill-boot"
4,24,"petite","second",379636,413755,36873104,63127034,827510,126254068,1024,38653,195227,9811585,77306,19623170,"1bill-boot"
4,25,"petite","second",380077,413166,36901062,63099076,826332,126198152,1053,38591,201137,9802877,77182,19605754,"1bill-boot"
4,26,"petite","second",379785,413199,36904946,63095066,826398,126190132,1087,38581,212444,9799280,77162,19598560,"1bill-boot"
4,27,"petite","second",380130,412681,36978697,63021444,825362,126042888,1075,38574,203382,9802047,77148,19604094,"1bill-boot"
4,28,"petite","second",380022,413337,36917638,63082479,826674,126164958,1040,38583,199234,9806866,77166,19613732,"1bill-boot"
4,29,"petite","second",380183,413134,36926033,63074062,826268,126148124,1053,38590,202356,9809667,77180,19619334,"1bill-boot"
4,30,"petite","second",380358,412463,36967907,63032199,824926,126064398,1100,38529,211000,9803889,77058,19607778,"1bill-boot"
3,1,"petite","second",370279,418711,36359316,63640693,837422,127281386,1317,38867,257742,9763374,77734,19526748,"1bill-boot"
3,2,"petite","second",370670,418474,36437462,63562611,836948,127125222,1349,38816,269330,9731903,77632,19463806,"1bill-boot"
3,3,"petite","second",371580,418924,36497498,63502577,837848,127005154,1398,39026,277627,9741583,78052,19483166,"1bill-boot"
3,4,"petite","second",372202,417798,36586155,63413967,835596,126827934,1328,38937,265889,9742016,77874,19484032,"1bill-boot"
3,5,"petite","second",370698,419028,36358497,63641524,838056,127283048,1400,38848,274823,9731457,77696,19462914,"1bill-boot"
3,6,"petite","second",372069,418588,36496660,63503578,837176,127007156,1375,38943,272107,9745705,77886,19491410,"1bill-boot"
3,7,"petite","second",372301,418882,36510052,63490188,837764,126980376,1361,39014,268057,9745813,78028,19491626,"1bill-boot"
3,8,"petite","second",371744,418087,36500442,63499677,836174,126999354,1393,38989,275862,9752656,77978,19505312,"1bill-boot"
3,9,"petite","second",370739,418791,36413123,63587008,837582,127174016,1379,38887,274444,9740191,77774,19480382,"1bill-boot"
3,10,"petite","second",371880,418149,36504675,63495415,836298,126990830,1406,38869,277043,9753490,77738,19506980,"1bill-boot"
3,11,"petite","second",370985,418578,36424497,63575519,837156,127151038,1335,38756,265431,9734908,77512,19469816,"1bill-boot"
3,12,"petite","second",371671,418508,36511879,63488145,837016,126976290,1375,38864,273389,9731197,77728,19462394,"1bill-boot"
3,13,"petite","second",371207,418201,36457293,63542869,836402,127085738,1367,38833,271101,9740711,77666,19481422,"1bill-boot"
3,14,"petite","second",371892,418146,36523951,63476275,836292,126952550,1334,38835,262473,9740041,77670,19480082,"1bill-boot"
3,15,"petite","second",371105,418861,36421383,63578664,837722,127157328,1293,38926,252220,9760357,77852,19520714,"1bill-boot"
3,16,"petite","second",371473,418149,36447293,63552750,836298,127105500,1366,38812,269020,9731992,77624,19463984,"1bill-boot"
3,17,"petite","second",370549,419332,36403837,63596212,838664,127192424,1297,39023,254957,9760841,78046,19521682,"1bill-boot"
3,18,"petite","second",371771,418432,36526076,63473961,836864,126947922,1304,39010,260227,9750697,78020,19501394,"1bill-boot"
3,19,"petite","second",371673,418291,36464246,63535809,836582,127071618,1380,38943,274863,9744080,77886,19488160,"1bill-boot"
3,20,"petite","second",371153,418658,36445540,63554481,837316,127108962,1485,38767,291690,9722916,77534,19445832,"1bill-boot"
3,21,"petite","second",371760,418802,36479598,63520472,837604,127040944,1321,38941,260085,9749053,77882,19498106,"1bill-boot"
3,22,"petite","second",372083,418215,36522131,63478064,836430,126956128,1343,39070,265507,9766251,78140,19532502,"1bill-boot"
3,23,"petite","second",371283,418521,36466434,63533641,837042,127067282,1322,38970,261642,9759963,77940,19519926,"1bill-boot"
3,24,"petite","second",370694,419068,36379641,63620507,838136,127241014,1376,38698,275049,9733776,77396,19467552,"1bill-boot"
3,25,"petite","second",372003,418202,36527729,63472285,836404,126944570,1370,38870,270869,9749142,77740,19498284,"1bill-boot"
3,26,"petite","second",371596,418149,36502826,63497374,836298,126994748,1392,38833,275736,9727019,77666,19454038,"1bill-boot"
3,27,"petite","second",371024,418425,36455534,63544590,836850,127089180,1410,38951,280049,9738385,77902,19476770,"1bill-boot"
3,28,"petite","second",372082,419038,36503200,63496906,838076,126993812,1439,38769,286358,9724177,77538,19448354,"1bill-boot"
3,29,"petite","second",371605,418791,36458855,63541170,837582,127082340,1449,38884,289881,9741059,77768,19482118,"1bill-boot"
3,30,"petite","second",372082,418216,36516748,63483307,836432,126966614,1448,38790,285215,9741450,77580,19482900,"1bill-boot"
2,1,"petite","second",377852,412465,36771567,63228483,824930,126456966,1176,39257,262873,9748599,78514,19497198,"1bill-boot"
2,2,"petite","second",379412,411884,36887887,63112175,823768,126224350,1230,39190,270240,9737390,78380,19474780,"1bill-boot"
2,3,"petite","second",379110,412386,36839575,63160594,824772,126321188,1180,39238,264753,9751097,78476,19502194,"1bill-boot"
2,4,"petite","second",378230,412544,36774448,63225582,825088,126451164,1139,39360,251011,9759907,78720,19519814,"1bill-boot"
2,5,"petite","second",378795,412511,36824119,63175966,825022,126351932,1209,39201,266616,9752120,78402,19504240,"1bill-boot"
2,6,"petite","second",379197,411849,36864447,63135604,823698,126271208,1225,39161,270591,9736486,78322,19472972,"1bill-boot"
2,7,"petite","second",378679,412655,36798862,63201196,825310,126402392,1146,39426,251959,9768150,78852,19536300,"1bill-boot"
2,8,"petite","second",379236,411395,36862617,63137443,822790,126274886,1188,39254,260527,9764650,78508,19529300,"1bill-boot"
2,9,"petite","second",379002,412591,36807761,63192293,825182,126384586,1167,39320,253993,9759115,78640,19518230,"1bill-boot"
2,10,"petite","second",379760,411611,36926761,63073458,823222,126146916,1224,39263,265376,9756173,78526,19512346,"1bill-boot"
2,11,"petite","second",379420,412060,36922570,63077445,824120,126154890,1217,39263,274602,9726106,78526,19452212,"1bill-boot"
2,12,"petite","second",379870,412095,36950642,63049403,824190,126098806,1184,39306,259999,9751519,78612,19503038,"1bill-boot"
2,13,"petite","second",378355,412550,36808696,63191387,825100,126382774,1171,39261,259831,9745787,78522,19491574,"1bill-boot"
2,14,"petite","second",379426,411497,36911605,63088457,822994,126176914,1236,39138,273061,9734338,78276,19468676,"1bill-boot"
2,15,"petite","second",379033,412309,36821102,63179006,824618,126358012,1125,39347,247053,9779505,78694,19559010,"1bill-boot"
2,16,"petite","second",379825,412153,36935235,63064766,824306,126129532,1196,39208,264511,9741764,78416,19483528,"1bill-boot"
2,17,"petite","second",378325,413246,36760266,63239776,826492,126479552,1143,39307,250701,9765169,78614,19530338,"1bill-boot"
2,18,"petite","second",379132,412356,36857822,63142199,824712,126284398,1232,39288,271179,9751281,78576,19502562,"1bill-boot"
2,19,"petite","second",377844,412667,36730694,63269338,825334,126538676,1188,39249,260612,9745968,78498,19491936,"1bill-boot"
2,20,"petite","second",379731,411697,36916808,63083267,823394,126166534,1182,39208,260171,9747700,78416,19495400,"1bill-boot"
2,21,"petite","second",379836,412453,36896556,63103577,824906,126207154,1163,39322,255254,9752382,78644,19504764,"1bill-boot"
2,22,"petite","second",379664,412008,36913285,63086770,824016,126173540,1268,39182,281653,9732414,78364,19464828,"1bill-boot"
2,23,"petite","second",379225,412202,36878078,63122016,824404,126244032,1168,39422,257733,9764291,78844,19528582,"1bill-boot"
2,24,"petite","second",378473,412753,36766895,63233172,825506,126466344,1158,39319,253610,9756063,78638,19512126,"1bill-boot"
2,25,"petite","second",379211,412414,36891836,63108216,824828,126216432,1223,39194,276954,9732893,78388,19465786,"1bill-boot"
2,26,"petite","second",378695,412100,36828063,63171937,824200,126343874,1177,39230,261872,9750436,78460,19500872,"1bill-boot"
2,27,"petite","second",378954,412095,36844673,63155414,824190,126310828,1194,39313,265033,9753784,78626,19507568,"1bill-boot"
2,28,"petite","second",379610,412485,36902002,63098213,824970,126196426,1135,39315,250003,9754575,78630,19509150,"1bill-boot"
2,29,"petite","second",378869,412507,36825122,63175001,825014,126350002,1200,39212,268194,9741090,78424,19482180,"1bill-boot"
2,30,"petite","second",379463,411749,36889974,63110080,823498,126220160,1234,39141,274029,9733072,78282,19466144,"1bill-boot"
38,1,"petite","second",374446,416404,36958971,63041047,832808,126082094,1771,38993,361795,9641793,77986,19283586,"1bill-boot"
38,2,"petite","second",373552,417243,36859865,63140244,834486,126280488,1716,39187,353051,9661804,78374,19323608,"1bill-boot"
38,3,"petite","second",374894,416373,36968239,63031919,832746,126063838,1724,39383,348099,9677312,78766,19354624,"1bill-boot"
38,4,"petite","second",374143,417218,36869282,63130764,834436,126261528,1789,39127,362934,9643255,78254,19286510,"1bill-boot"
38,5,"petite","second",374969,416792,36935300,63064703,833584,126129406,1736,39214,351060,9650654,78428,19301308,"1bill-boot"
38,6,"petite","second",374554,416878,36906485,63093537,833756,126187074,1699,39266,344685,9659385,78532,19318770,"1bill-boot"
38,7,"petite","second",374191,417240,36863721,63136385,834480,126272770,1752,39250,357429,9652336,78500,19304672,"1bill-boot"
38,8,"petite","second",374095,416720,36911129,63088958,833440,126177916,1806,39273,367723,9650240,78546,19300480,"1bill-boot"
38,9,"petite","second",375808,416231,37025149,62974903,832462,125949806,1801,39039,358769,9647654,78078,19295308,"1bill-boot"
38,10,"petite","second",373769,416700,36862657,63137401,833400,126274802,1745,39194,348472,9659215,78388,19318430,"1bill-boot"
38,11,"petite","second",374553,417055,36955796,63044309,834110,126088618,1787,39195,362724,9639162,78390,19278324,"1bill-boot"
38,12,"petite","second",374256,417214,36882905,63117133,834428,126234266,1837,38965,372828,9628783,77930,19257566,"1bill-boot"
38,13,"petite","second",374756,416089,37001489,62998518,832178,125997036,1865,38949,380357,9623389,77898,19246778,"1bill-boot"
38,14,"petite","second",374573,417050,36897512,63102544,834100,126205088,1751,39233,354371,9652548,78466,19305096,"1bill-boot"
38,15,"petite","second",374477,416943,36915828,63084236,833886,126168472,1697,39367,347161,9676442,78734,19352884,"1bill-boot"
38,16,"petite","second",375250,416646,36995852,63004348,833292,126008696,1833,39173,368567,9638161,78346,19276322,"1bill-boot"
38,17,"petite","second",373853,417691,36882011,63118060,835382,126236120,1827,39180,374561,9647534,78360,19295068,"1bill-boot"
38,18,"petite","second",374227,417242,36891732,63108373,834484,126216746,1747,39202,351242,9653765,78404,19307530,"1bill-boot"
38,19,"petite","second",374771,416984,36958168,63041848,833968,126083696,1799,39286,364502,9641642,78572,19283284,"1bill-boot"
38,20,"petite","second",374443,416569,36904603,63095429,833138,126190858,1813,39047,371288,9645705,78094,19291410,"1bill-boot"
38,21,"petite","second",374728,417153,36927793,63072273,834306,126144546,1757,39205,359508,9644951,78410,19289902,"1bill-boot"
38,22,"petite","second",374655,417000,36931189,63068883,834000,126137766,1736,39275,353607,9662858,78550,19325716,"1bill-boot"
38,23,"petite","second",374830,416825,36941704,63058308,833650,126116616,1734,39256,350018,9669363,78512,19338726,"1bill-boot"
38,24,"petite","second",374239,416692,36875704,63124304,833384,126248608,1797,39114,365826,9637931,78228,19275862,"1bill-boot"
38,25,"petite","second",373886,417462,36830827,63169274,834924,126338548,1798,39093,363430,9641321,78186,19282642,"1bill-boot"
38,26,"petite","second",374565,416621,36955688,63044340,833242,126088680,1742,38964,353603,9650556,77928,19301112,"1bill-boot"
38,27,"petite","second",374037,417204,36884479,63115608,834408,126231216,1812,39221,367942,9642628,78442,19285256,"1bill-boot"
38,28,"petite","second",375033,417233,36947580,63052461,834466,126104922,1726,39219,353297,9651458,78438,19302916,"1bill-boot"
38,29,"petite","second",375260,416648,36972940,63027110,833296,126054220,1745,39291,352662,9665127,78582,19330254,"1bill-boot"
38,30,"petite","second",374110,416808,36887940,63112115,833616,126224230,1767,39229,353678,9650612,78458,19301224,"1bill-boot"
5,1,"petite","second",376669,410036,36908165,63092041,820072,126184082,774,39351,142915,9861003,78702,19722006,"1bill-boot"
5,2,"petite","second",377339,409266,36981430,63018730,818532,126037460,811,39276,153420,9853395,78552,19706790,"1bill-boot"
5,3,"petite","second",376565,410637,36889039,63111084,821274,126222168,769,39483,142944,9888329,78966,19776658,"1bill-boot"
5,4,"petite","second",376588,410015,36931308,63068721,820030,126137442,803,39486,151621,9850193,78972,19700386,"1bill-boot"
5,5,"petite","second",377820,409558,36969875,63030264,819116,126060528,781,39479,147860,9855391,78958,19710782,"1bill-boot"
5,6,"petite","second",375859,410640,36850747,63149375,821280,126298750,801,39408,149297,9875529,78816,19751058,"1bill-boot"
5,7,"petite","second",377397,409761,36936713,63063491,819522,126126982,779,39510,147690,9868299,79020,19736598,"1bill-boot"
5,8,"petite","second",377417,409502,36955341,63044712,819004,126089424,774,39515,146739,9890533,79030,19781066,"1bill-boot"
5,9,"petite","second",377093,409659,36959794,63040239,819318,126080478,780,39462,147421,9865465,78924,19730930,"1bill-boot"
5,10,"petite","second",376898,410113,36936118,63064093,820226,126128186,774,39438,142899,9869181,78876,19738362,"1bill-boot"
5,11,"petite","second",376751,410487,36889488,63110565,820974,126221130,814,39384,155376,9845056,78768,19690112,"1bill-boot"
5,12,"petite","second",376784,409620,36971459,63028605,819240,126057210,780,39515,146860,9864932,79030,19729864,"1bill-boot"
5,13,"petite","second",376550,409894,36878512,63121523,819788,126243046,747,39394,140503,9860920,78788,19721840,"1bill-boot"
5,14,"petite","second",377446,409716,36977144,63022963,819432,126045926,787,39445,150741,9899399,78890,19798798,"1bill-boot"
5,15,"petite","second",377581,409301,37007704,62992523,818602,125985046,791,39353,147536,9869370,78706,19738740,"1bill-boot"
5,16,"petite","second",376358,410454,36894853,63105266,820908,126210532,823,39633,152752,9892349,79266,19784698,"1bill-boot"
5,17,"petite","second",377487,409817,36970394,63029678,819634,126059356,751,39503,141146,9868149,79006,19736298,"1bill-boot"
5,18,"petite","second",378210,409666,37037872,62962211,819332,125924422,768,39588,143101,9882705,79176,19765410,"1bill-boot"
5,19,"petite","second",376097,410585,36823488,63176595,821170,126353190,773,39447,143246,9877753,78894,19755506,"1bill-boot"
5,20,"petite","second",377607,409879,36981518,63018515,819758,126037030,762,39493,142996,9871726,78986,19743452,"1bill-boot"
5,21,"petite","second",377015,410487,36901465,63098605,820974,126197210,772,39559,143547,9867912,79118,19735824,"1bill-boot"
5,22,"petite","second",376740,409842,36924151,63075870,819684,126151740,783,39490,146361,9881033,78980,19762066,"1bill-boot"
5,23,"petite","second",376562,410759,36869372,63130693,821518,126261386,824,39534,151933,9879435,79068,19758870,"1bill-boot"
5,24,"petite","second",376961,409899,36927682,63072334,819798,126144668,811,39582,150127,9903365,79164,19806730,"1bill-boot"
5,25,"petite","second",376373,410376,36836347,63163793,820752,126327586,777,39460,145821,9861404,78920,19722808,"1bill-boot"
5,26,"petite","second",376801,409886,36956869,63043227,819772,126086454,808,39394,151442,9860154,78788,19720308,"1bill-boot"
5,27,"petite","second",376725,409491,36947451,63052565,818982,126105130,812,39476,154144,9878894,78952,19757788,"1bill-boot"
5,28,"petite","second",377599,409837,36988598,63011484,819674,126022968,898,39440,160664,9858259,78880,19716518,"1bill-boot"
5,29,"petite","second",377393,409932,36919847,63080261,819864,126160522,826,39398,152610,9861735,78796,19723470,"1bill-boot"
5,30,"petite","second",377409,409601,36992725,63007288,819202,126014576,818,39444,153117,9865656,78888,19731312,"1bill-boot"
31,1,"petite","second",369708,419986,36301439,63698663,839972,127397326,1360,38156,269766,9743214,76312,19486428,"1bill-boot"
31,2,"petite","second",371704,419825,36383592,63616596,839650,127233192,1400,38112,274532,9733118,76224,19466236,"1bill-boot"
31,3,"petite","second",370022,420518,36293650,63706362,841036,127412724,1369,37981,267432,9747014,75962,19494028,"1bill-boot"
31,4,"petite","second",370467,419564,36320488,63679681,839128,127359362,1371,38055,267829,9745905,76110,19491810,"1bill-boot"
31,5,"petite","second",369790,420766,36234146,63765877,841532,127531754,1407,37996,275559,9730824,75992,19461648,"1bill-boot"
31,6,"petite","second",370356,420259,36309527,63690484,840518,127380968,1443,38218,281286,9734573,76436,19469146,"1bill-boot"
31,7,"petite","second",369757,420763,36183886,63816255,841526,127632510,1348,38018,264164,9760367,76036,19520734,"1bill-boot"
31,8,"petite","second",370796,419128,36345387,63654690,838256,127309380,1407,38081,275512,9746365,76162,19492730,"1bill-boot"
31,9,"petite","second",369765,420581,36235120,63764961,841162,127529922,1356,38071,268664,9749759,76142,19499518,"1bill-boot"
31,10,"petite","second",370702,419542,36383800,63616299,839084,127232598,1453,37877,285122,9728673,75754,19457346,"1bill-boot"
31,11,"petite","second",369865,420558,36221277,63778729,841116,127557458,1370,38014,266979,9738245,76028,19476490,"1bill-boot"
31,12,"petite","second",369775,420428,36257541,63742578,840856,127485156,1373,38080,267695,9742901,76160,19485802,"1bill-boot"
31,13,"petite","second",369898,420230,36246698,63753422,840460,127506844,1344,38024,264565,9748092,76048,19496184,"1bill-boot"
31,14,"petite","second",370303,420073,36308231,63691799,840146,127383598,1357,38153,266232,9750388,76306,19500776,"1bill-boot"
31,15,"petite","second",370177,420913,36254872,63745164,841826,127490328,1421,38038,276966,9729694,76076,19459388,"1bill-boot"
31,16,"petite","second",369431,420492,36215248,63784860,840984,127569720,1373,38105,268798,9761707,76210,19523414,"1bill-boot"
31,17,"petite","second",370951,419740,36399278,63600807,839480,127201614,1477,37897,293512,9714792,75794,19429584,"1bill-boot"
31,18,"petite","second",370475,420409,36273398,63726673,840818,127453346,1359,38097,265670,9753277,76194,19506554,"1bill-boot"
31,19,"petite","second",370244,420108,36325264,63674992,840216,127349984,1345,37977,266706,9739604,75954,19479208,"1bill-boot"
31,20,"petite","second",370414,420300,36302394,63697609,840600,127395218,1404,37961,277844,9726193,75922,19452386,"1bill-boot"
31,21,"petite","second",370090,420680,36256595,63743479,841360,127486958,1410,38052,275478,9737677,76104,19475354,"1bill-boot"
31,22,"petite","second",369701,420106,36258944,63741089,840212,127482178,1410,37959,276167,9724074,75918,19448148,"1bill-boot"
31,23,"petite","second",370076,420415,36248216,63751937,840830,127503874,1375,38101,268424,9742532,76202,19485064,"1bill-boot"
31,24,"petite","second",369531,420392,36249519,63750608,840784,127501216,1418,38065,279455,9745672,76130,19491344,"1bill-boot"
31,25,"petite","second",370496,419735,36342706,63657321,839470,127314642,1333,37961,260614,9750859,75922,19501718,"1bill-boot"
31,26,"petite","second",369826,420175,36254397,63745631,840350,127491262,1380,38080,268500,9754041,76160,19508082,"1bill-boot"
31,27,"petite","second",369540,420178,36234819,63765271,840356,127530542,1383,37985,272682,9741550,75970,19483100,"1bill-boot"
31,28,"petite","second",370847,420121,36318895,63681327,840242,127362654,1383,37989,270346,9729758,75978,19459516,"1bill-boot"
31,29,"petite","second",370774,420009,36337417,63662600,840018,127325200,1284,38148,250986,9761475,76296,19522950,"1bill-boot"
31,30,"petite","second",370181,420292,36268393,63731778,840584,127463556,1410,38031,274442,9744223,76062,19488446,"1bill-boot"
36,1,"petite","second",375470,418561,36415440,63584624,837122,127169248,1749,39084,356053,9646918,78168,19293836,"1bill-boot"
36,2,"petite","second",376592,418529,36472749,63527366,837058,127054732,1762,39230,356636,9667316,78460,19334632,"1bill-boot"
36,3,"petite","second",375740,418290,36418060,63581969,836580,127163938,1762,39037,359128,9648395,78074,19296790,"1bill-boot"
36,4,"petite","second",376720,417788,36550246,63449832,835576,126899664,1840,38983,376060,9629940,77966,19259880,"1bill-boot"
36,5,"petite","second",375134,418847,36317917,63682244,837694,127364488,1810,38982,369077,9648637,77964,19297274,"1bill-boot"
36,6,"petite","second",376389,418017,36460882,63539244,836034,127078488,1740,38997,354155,9654578,77994,19309156,"1bill-boot"
36,7,"petite","second",375833,418868,36408483,63591751,837736,127183502,1729,38981,352551,9649360,77962,19298720,"1bill-boot"
36,8,"petite","second",375534,418022,36424870,63575225,836044,127150450,1814,38972,374742,9642355,77944,19284710,"1bill-boot"
36,9,"petite","second",375957,418553,36390639,63609604,837106,127219208,1743,39005,352977,9663656,78010,19327312,"1bill-boot"
36,10,"petite","second",376541,417932,36504152,63495989,835864,126991978,1823,38907,376365,9624763,77814,19249526,"1bill-boot"
36,11,"petite","second",375416,418624,36349288,63650929,837248,127301858,1830,38855,372040,9629304,77710,19258608,"1bill-boot"
36,12,"petite","second",377180,418030,36547172,63453082,836060,126906164,1723,39060,348482,9657817,78120,19315634,"1bill-boot"
36,13,"petite","second",375630,418502,36415400,63584662,837004,127169324,1745,39111,354926,9650044,78222,19300088,"1bill-boot"
36,14,"petite","second",376450,417941,36469609,63530399,835882,127060798,1705,38914,346912,9664875,77828,19329750,"1bill-boot"
36,15,"petite","second",376327,418213,36481720,63518556,836426,127037112,1720,39133,348511,9673609,78266,19347218,"1bill-boot"
36,16,"petite","second",375829,418584,36399913,63600162,837168,127200324,1771,39127,355518,9671151,78254,19342302,"1bill-boot"
36,17,"petite","second",375881,418877,36409469,63590642,837754,127181284,1824,38967,374014,9633206,77934,19266412,"1bill-boot"
36,18,"petite","second",376050,418437,36424487,63575626,836874,127151252,1860,38950,378816,9631391,77900,19262782,"1bill-boot"
36,19,"petite","second",376286,418527,36469060,63530998,837054,127061996,1805,39006,366259,9634658,78012,19269316,"1bill-boot"
36,20,"petite","second",376929,417904,36529205,63470846,835808,126941692,1880,38906,384889,9631781,77812,19263562,"1bill-boot"
36,21,"petite","second",376676,417901,36477440,63522633,835802,127045266,1701,39089,344798,9676976,78178,19353952,"1bill-boot"
36,22,"petite","second",376929,417326,36536762,63463242,834652,126926484,1752,39142,360661,9662455,78284,19324910,"1bill-boot"
36,23,"petite","second",376630,418098,36465780,63534237,836196,127068474,1792,39005,370628,9649960,78010,19299920,"1bill-boot"
36,24,"petite","second",376170,418522,36462903,63537189,837044,127074378,1799,39017,368339,9635687,78034,19271374,"1bill-boot"
36,25,"petite","second",375925,418238,36426211,63573822,836476,127147644,1754,38998,355482,9657820,77996,19315640,"1bill-boot"
36,26,"petite","second",375608,418636,36380213,63619814,837272,127239628,1806,39024,366167,9647839,78048,19295678,"1bill-boot"
36,27,"petite","second",376211,417723,36480687,63519383,835446,127038766,1710,39023,350813,9669615,78046,19339230,"1bill-boot"
36,28,"petite","second",375741,418793,36432620,63567432,837586,127134864,1754,39075,364669,9642083,78150,19284166,"1bill-boot"
36,29,"petite","second",375975,418675,36353148,63646941,837350,127293882,1783,38991,361909,9638422,77982,19276844,"1bill-boot"
36,30,"petite","second",376479,418435,36461858,63538168,836870,127076336,1776,39027,360569,9651694,78054,19303388,"1bill-boot"
14,1,"petite","second",382815,407297,37571266,62428815,814594,124857630,1193,38790,254860,9760253,77580,19520506,"1bill-boot"
14,2,"petite","second",382333,408519,37508401,62491722,817038,124983444,1185,38995,250328,9778832,77990,19557664,"1bill-boot"
14,3,"petite","second",382872,407753,37555760,62444305,815506,124888610,1204,38918,254600,9752846,77836,19505692,"1bill-boot"
14,4,"petite","second",382913,407444,37571993,62428072,814888,124856144,1205,38847,255150,9757459,77694,19514918,"1bill-boot"
14,5,"petite","second",382682,408212,37511445,62488803,816424,124977606,1203,38958,253616,9767527,77916,19535054,"1bill-boot"
14,6,"petite","second",382331,408104,37458742,62541333,816208,125082666,1175,38870,243961,9761975,77740,19523950,"1bill-boot"
14,7,"petite","second",383032,407878,37546532,62453583,815756,124907166,1165,38904,245008,9756915,77808,19513830,"1bill-boot"
14,8,"petite","second",383160,407553,37577591,62422454,815106,124844908,1219,38914,255932,9764421,77828,19528842,"1bill-boot"
14,9,"petite","second",383540,407291,37616399,62383842,814582,124767684,1233,38800,260001,9741444,77600,19482888,"1bill-boot"
14,10,"petite","second",382431,407776,37489483,62510517,815552,125021034,1169,38751,247893,9764204,77502,19528408,"1bill-boot"
14,11,"petite","second",382002,408222,37475341,62524713,816444,125049426,1199,38913,250434,9758909,77826,19517818,"1bill-boot"
14,12,"petite","second",382518,407866,37520831,62479190,815732,124958380,1167,38924,246888,9765886,77848,19531772,"1bill-boot"
14,13,"petite","second",382128,407917,37477065,62523099,815834,125046198,1158,38823,239952,9766059,77646,19532118,"1bill-boot"
14,14,"petite","second",382098,408268,37488919,62511141,816536,125022282,1194,38834,250391,9751451,77668,19502902,"1bill-boot"
14,15,"petite","second",382362,407830,37454918,62545300,815660,125090600,1174,38868,245912,9761049,77736,19522098,"1bill-boot"
14,16,"petite","second",381859,407803,37449691,62550358,815606,125100716,1171,38828,250542,9766514,77656,19533028,"1bill-boot"
14,17,"petite","second",381790,408543,37444138,62556055,817086,125112110,1156,38975,242468,9769396,77950,19538792,"1bill-boot"
14,18,"petite","second",381699,408681,37436578,62563435,817362,125126870,1189,38937,249790,9764548,77874,19529096,"1bill-boot"
14,19,"petite","second",382253,408149,37498802,62501279,816298,125002558,1196,38922,253793,9766481,77844,19532962,"1bill-boot"
14,20,"petite","second",382133,408192,37426564,62573445,816384,125146890,1186,38890,251056,9766092,77780,19532184,"1bill-boot"
14,21,"petite","second",382941,407655,37560049,62439999,815310,124879998,1166,38896,245951,9755979,77792,19511958,"1bill-boot"
14,22,"petite","second",384006,407390,37645341,62354837,814780,124709674,1118,39022,236302,9782245,78044,19564490,"1bill-boot"
14,23,"petite","second",382352,407743,37532949,62467098,815486,124934196,1217,38746,257411,9743704,77492,19487408,"1bill-boot"
14,24,"petite","second",382362,407848,37496335,62503680,815696,125007360,1208,38995,254581,9755624,77990,19511248,"1bill-boot"
14,25,"petite","second",382386,408129,37504051,62496007,816258,124992014,1143,38927,240214,9776404,77854,19552808,"1bill-boot"
14,26,"petite","second",382458,408498,37501325,62498821,816996,124997642,1222,38958,258141,9757717,77916,19515434,"1bill-boot"
14,27,"petite","second",381906,407859,37486531,62513523,815718,125027046,1139,38884,239842,9760389,77768,19520778,"1bill-boot"
14,28,"petite","second",382478,408637,37516803,62483295,817274,124966590,1162,38990,244954,9762997,77980,19525994,"1bill-boot"
14,29,"petite","second",381946,408216,37418256,62581752,816432,125163504,1175,38835,248778,9770988,77670,19541976,"1bill-boot"
14,30,"petite","second",381672,408874,37406198,62593909,817748,125187818,1162,38975,244327,9770373,77950,19540746,"1bill-boot"
13,1,"petite","second",370880,418230,36371738,63628384,836460,127256768,803,39204,161615,9855917,78408,19711834,"1bill-boot"
13,2,"petite","second",372116,418107,36470128,63530009,836214,127060018,807,39490,159016,9863038,78980,19726076,"1bill-boot"
13,3,"petite","second",372520,418016,36465740,63534296,836032,127068592,789,39300,158659,9855403,78600,19710806,"1bill-boot"
13,4,"petite","second",372781,417274,36599402,63400609,834548,126801218,804,39453,160793,9855058,78906,19710116,"1bill-boot"
13,5,"petite","second",371507,418750,36381847,63618198,837500,127236396,770,39249,154177,9848538,78498,19697076,"1bill-boot"
13,6,"petite","second",372734,417246,36558849,63441224,834492,126882448,812,39284,161078,9856041,78568,19712082,"1bill-boot"
13,7,"petite","second",372894,418196,36543939,63456177,836392,126912354,818,39298,163081,9839617,78596,19679234,"1bill-boot"
13,8,"petite","second",372155,417409,36511719,63488282,834818,126976564,749,39292,149054,9866765,78584,19733530,"1bill-boot"
13,9,"petite","second",371485,418085,36408002,63592048,836170,127184096,812,39292,162763,9847754,78584,19695508,"1bill-boot"
13,10,"petite","second",373285,416967,36610772,63389324,833934,126778648,797,39372,158737,9848443,78744,19696886,"1bill-boot"
13,11,"petite","second",372496,417961,36507627,63492428,835922,126984856,801,39393,159427,9840844,78786,19681688,"1bill-boot"
13,12,"petite","second",373345,417740,36593577,63406480,835480,126812960,720,39404,142920,9870668,78808,19741336,"1bill-boot"
13,13,"petite","second",372238,418003,36474426,63525616,836006,127051232,703,39438,139276,9877200,78876,19754400,"1bill-boot"
13,14,"petite","second",373466,417015,36633120,63366905,834030,126733810,833,39301,166186,9851518,78602,19703036,"1bill-boot"
13,15,"petite","second",372609,418165,36493923,63506081,836330,127012162,760,39429,152311,9850450,78858,19700900,"1bill-boot"
13,16,"petite","second",373008,417503,36562317,63437873,835006,126875746,785,39401,157094,9848231,78802,19696462,"1bill-boot"
13,17,"petite","second",371832,418788,36467897,63532122,837576,127064244,788,39291,156900,9852724,78582,19705448,"1bill-boot"
13,18,"petite","second",373068,417917,36524110,63475938,835834,126951876,789,39362,157137,9853415,78724,19706830,"1bill-boot"
13,19,"petite","second",371891,417934,36459490,63540561,835868,127081122,754,39284,150334,9864239,78568,19728478,"1bill-boot"
13,20,"petite","second",373516,417301,36599277,63400753,834602,126801506,778,39315,154698,9852055,78630,19704110,"1bill-boot"
13,21,"petite","second",372743,417613,36533510,63466508,835226,126933016,784,39186,157361,9845283,78372,19690566,"1bill-boot"
13,22,"petite","second",372637,417490,36539238,63460804,834980,126921608,790,39330,158148,9858521,78660,19717042,"1bill-boot"
13,23,"petite","second",373927,416821,36669225,63330818,833642,126661636,818,39365,163817,9844968,78730,19689936,"1bill-boot"
13,24,"petite","second",371973,418044,36443272,63557007,836088,127114014,821,39211,161820,9852933,78422,19705866,"1bill-boot"
13,25,"petite","second",372869,417729,36549879,63450143,835458,126900286,784,39336,154674,9863112,78672,19726224,"1bill-boot"
13,26,"petite","second",372303,418196,36521429,63478625,836392,126957250,726,39468,143900,9873690,78936,19747380,"1bill-boot"
13,27,"petite","second",372804,417135,36557019,63442995,834270,126885990,773,39467,155457,9864998,78934,19729996,"1bill-boot"
13,28,"petite","second",371654,418533,36437514,63562579,837066,127125158,780,39265,156842,9847820,78530,19695640,"1bill-boot"
13,29,"petite","second",372454,418040,36459463,63540603,836080,127081206,793,39290,158647,9844948,78580,19689896,"1bill-boot"
13,30,"petite","second",373053,417144,36600181,63399831,834288,126799662,780,39404,153833,9854543,78808,19709086,"1bill-boot"
25,1,"petite","second",373771,415089,36374558,63625746,830178,127251492,1207,38228,267648,9743615,76456,19487230,"1bill-boot"
25,2,"petite","second",374790,414898,36500738,63499316,829796,126998632,1176,38253,258679,9743770,76506,19487540,"1bill-boot"
25,3,"petite","second",374313,414657,36410839,63589237,829314,127178474,1201,38252,263197,9751780,76504,19503560,"1bill-boot"
25,4,"petite","second",374334,413878,36458762,63541410,827756,127082820,1143,38265,252131,9766132,76530,19532264,"1bill-boot"
25,5,"petite","second",375582,414238,36567988,63432227,828476,126864454,1187,38278,266109,9744271,76556,19488542,"1bill-boot"
25,6,"petite","second",375300,414158,36545137,63454939,828316,126909878,1210,38234,268754,9732595,76468,19465190,"1bill-boot"
25,7,"petite","second",374949,414588,36501209,63498809,829176,126997618,1137,38326,254601,9761902,76652,19523804,"1bill-boot"
25,8,"petite","second",375511,413933,36586707,63413387,827866,126826774,1198,38425,265841,9736076,76850,19472152,"1bill-boot"
25,9,"petite","second",375326,414246,36514501,63485513,828492,126971026,1237,38124,272853,9728864,76248,19457728,"1bill-boot"
25,10,"petite","second",375355,413448,36566650,63433462,826896,126866924,1153,38209,255726,9744947,76418,19489894,"1bill-boot"
25,11,"petite","second",374955,414286,36499082,63500973,828572,127001946,1177,38250,262639,9744187,76500,19488374,"1bill-boot"
25,12,"petite","second",375642,413580,36606413,63393591,827160,126787182,1141,38308,251750,9754036,76616,19508072,"1bill-boot"
25,13,"petite","second",374561,414183,36500555,63499597,828366,126999194,1134,38291,253649,9762450,76582,19524900,"1bill-boot"
25,14,"petite","second",375491,413596,36591372,63408642,827192,126817284,1175,38341,259840,9756461,76682,19512922,"1bill-boot"
25,15,"petite","second",375382,413885,36547443,63452610,827770,126905220,1192,38215,266027,9748575,76430,19497150,"1bill-boot"
25,16,"petite","second",375769,413925,36586222,63413867,827850,126827734,1126,38446,247623,9757724,76892,19515448,"1bill-boot"
25,17,"petite","second",374412,414949,36417705,63582403,829898,127164806,1108,38386,243700,9768735,76772,19537470,"1bill-boot"
25,18,"petite","second",375045,414331,36500932,63499203,828662,126998406,1166,38228,256535,9748553,76456,19497106,"1bill-boot"
25,19,"petite","second",374967,414234,36503250,63496825,828468,126993650,1182,38129,261675,9739927,76258,19479854,"1bill-boot"
25,20,"petite","second",375248,414033,36516810,63483244,828066,126966488,1176,38299,257711,9747925,76598,19495850,"1bill-boot"
25,21,"petite","second",375497,413533,36572697,63427321,827066,126854642,1256,38223,281857,9730162,76446,19460324,"1bill-boot"
25,22,"petite","second",374767,414567,36469440,63530574,829134,127061148,1145,38372,253193,9764105,76744,19528210,"1bill-boot"
25,23,"petite","second",374736,414386,36499213,63500877,828772,127001754,1219,38302,270144,9756864,76604,19513728,"1bill-boot"
25,24,"petite","second",374962,414606,36520037,63480065,829212,126960130,1194,38416,261600,9751278,76832,19502556,"1bill-boot"
25,25,"petite","second",375569,414319,36546829,63453245,828638,126906490,1131,38319,256795,9753004,76638,19506008,"1bill-boot"
25,26,"petite","second",375671,413656,36586182,63413876,827312,126827752,1265,38173,278398,9727077,76346,19454154,"1bill-boot"
25,27,"petite","second",375270,413797,36548722,63451293,827594,126902586,1203,38285,268751,9739783,76570,19479566,"1bill-boot"
25,28,"petite","second",375575,414497,36522170,63477878,828994,126955756,1179,38308,263192,9753507,76616,19507014,"1bill-boot"
25,29,"petite","second",375863,413535,36619859,63380154,827070,126760308,1191,38347,263154,9758683,76694,19517366,"1bill-boot"
25,30,"petite","second",374660,414171,36532544,63467595,828342,126935190,1183,38292,261969,9742144,76584,19484288,"1bill-boot"
22,1,"petite","second",374217,405942,37034755,62965336,811884,125930672,1256,38647,243422,9757357,77294,19514714,"1bill-boot"
22,2,"petite","second",376266,405642,37199631,62800496,811284,125600992,1278,38808,248815,9775324,77616,19550648,"1bill-boot"
22,3,"petite","second",374809,406438,37127124,62872935,812876,125745870,1245,38697,242214,9758617,77394,19517234,"1bill-boot"
22,4,"petite","second",374770,405713,37075564,62924462,811426,125848924,1298,38776,254929,9771385,77552,19542770,"1bill-boot"
22,5,"petite","second",375038,406552,37067632,62932398,813104,125864796,1345,38717,263640,9758354,77434,19516708,"1bill-boot"
22,6,"petite","second",375061,406148,37141162,62858906,812296,125717812,1256,38850,241668,9780642,77700,19561284,"1bill-boot"
22,7,"petite","second",375592,406172,37154955,62845184,812344,125690368,1280,38999,246805,9785099,77998,19570198,"1bill-boot"
22,8,"petite","second",375578,405449,37224648,62775545,810898,125551090,1298,38967,247874,9793222,77934,19586444,"1bill-boot"
22,9,"petite","second",374796,406524,37110042,62889959,813048,125779918,1296,38916,249148,9780215,77832,19560430,"1bill-boot"
22,10,"petite","second",374137,406268,37056648,62943492,812536,125886984,1281,38783,251825,9780873,77566,19561746,"1bill-boot"
22,11,"petite","second",374861,406470,37074763,62925327,812940,125850654,1257,38878,244165,9801467,77756,19602934,"1bill-boot"
22,12,"petite","second",374255,406588,37054424,62945874,813176,125891748,1329,38727,256580,9743944,77454,19487888,"1bill-boot"
22,13,"petite","second",374941,405654,37148953,62851076,811308,125702152,1216,38979,237015,9810607,77958,19621214,"1bill-boot"
22,14,"petite","second",374173,406236,37053380,62946622,812472,125893244,1380,38821,270378,9761741,77642,19523482,"1bill-boot"
22,15,"petite","second",374901,406345,37092986,62907126,812690,125814252,1249,38918,243295,9810074,77836,19620148,"1bill-boot"
22,16,"petite","second",374803,406339,37055210,62944811,812678,125889622,1283,38960,248132,9811375,77920,19622750,"1bill-boot"
22,17,"petite","second",375329,405877,37157504,62842516,811754,125685032,1246,39016,241795,9812027,78032,19624054,"1bill-boot"
22,18,"petite","second",374939,406395,37090377,62909665,812790,125819330,1301,38876,253660,9762733,77752,19525466,"1bill-boot"
22,19,"petite","second",374841,406322,37100886,62899245,812644,125798490,1287,38948,250396,9811657,77896,19623314,"1bill-boot"
22,20,"petite","second",375842,405476,37162385,62837635,810952,125675270,1281,38849,247383,9801856,77698,19603712,"1bill-boot"
22,21,"petite","second",374317,406311,37069086,62931138,812622,125862276,1293,38608,251463,9749828,77216,19499656,"1bill-boot"
22,22,"petite","second",376036,405125,37271575,62728480,810250,125456960,1266,38801,243621,9778016,77602,19556032,"1bill-boot"
22,23,"petite","second",374465,406572,37074680,62925441,813144,125850882,1231,39033,237442,9800473,78066,19600946,"1bill-boot"
22,24,"petite","second",375765,405499,37209743,62790316,810998,125580632,1318,38894,254923,9791518,77788,19583036,"1bill-boot"
22,25,"petite","second",374462,406693,37065666,62934413,813386,125868826,1257,38737,243080,9760163,77474,19520326,"1bill-boot"
22,26,"petite","second",375029,406249,37098039,62902056,812498,125804112,1237,38722,244372,9759778,77444,19519556,"1bill-boot"
22,27,"petite","second",375154,406007,37139021,62861061,812014,125722122,1309,38920,253330,9799665,77840,19599330,"1bill-boot"
22,28,"petite","second",374102,406614,37008512,62991547,813228,125983094,1246,38803,242686,9779163,77606,19558326,"1bill-boot"
22,29,"petite","second",374477,406227,37081757,62918252,812454,125836504,1266,38873,245865,9801748,77746,19603496,"1bill-boot"
22,30,"petite","second",375184,405409,37173867,62826204,810818,125652408,1299,38755,253649,9765682,77510,19531364,"1bill-boot"
49,1,"petite","second",371270,415292,36418291,63581719,830584,127163438,1307,38761,250546,9753052,77522,19506104,"1bill-boot"
49,2,"petite","second",373987,413964,36602377,63397641,827928,126795282,1327,38889,257047,9759598,77778,19519196,"1bill-boot"
49,3,"petite","second",372238,415009,36519506,63480629,830018,126961258,1257,38945,241855,9765230,77890,19530460,"1bill-boot"
49,4,"petite","second",373355,414391,36617111,63382896,828782,126765792,1285,38815,247019,9755633,77630,19511266,"1bill-boot"
49,5,"petite","second",373587,414584,36584277,63415785,829168,126831570,1274,38911,242483,9772087,77822,19544174,"1bill-boot"
49,6,"petite","second",373434,414320,36590872,63409183,828640,126818366,1280,38872,244588,9763525,77744,19527050,"1bill-boot"
49,7,"petite","second",372901,415368,36546471,63453663,830736,126907326,1320,38885,254761,9748437,77770,19496874,"1bill-boot"
49,8,"petite","second",373127,414244,36595550,63404511,828488,126809022,1252,38877,239833,9769525,77754,19539050,"1bill-boot"
49,9,"petite","second",372727,414884,36498462,63501576,829768,127003152,1137,38848,219686,9782363,77696,19564726,"1bill-boot"
49,10,"petite","second",373177,414588,36541715,63458406,829176,126916812,1235,39038,237205,9770932,78076,19541864,"1bill-boot"
49,11,"petite","second",372098,414966,36433320,63566684,829932,127133368,1174,38913,225891,9781105,77826,19562210,"1bill-boot"
49,12,"petite","second",372489,414736,36535824,63464242,829472,126928484,1300,38874,250135,9763391,77748,19526782,"1bill-boot"
49,13,"petite","second",373810,414333,36658688,63341392,828666,126682784,1221,39008,236527,9780000,78016,19560000,"1bill-boot"
49,14,"petite","second",372687,414410,36543971,63456072,828820,126912144,1262,38876,243817,9764526,77752,19529052,"1bill-boot"
49,15,"petite","second",373073,414870,36565742,63434470,829740,126868940,1297,39033,250695,9768764,78066,19537528,"1bill-boot"
49,16,"petite","second",372915,414845,36526210,63473936,829690,126947872,1265,38921,240827,9772980,77842,19545960,"1bill-boot"
49,17,"petite","second",373156,414597,36594048,63405981,829194,126811962,1312,38921,251261,9750828,77842,19501656,"1bill-boot"
49,18,"petite","second",372454,414965,36465165,63534853,829930,127069706,1177,38956,226521,9788749,77912,19577498,"1bill-boot"
49,19,"petite","second",372670,414898,36476217,63523820,829796,127047640,1226,38937,239911,9780818,77874,19561636,"1bill-boot"
49,20,"petite","second",373498,414305,36635753,63364247,828610,126728494,1247,39027,237310,9782385,78054,19564770,"1bill-boot"
49,21,"petite","second",373555,414192,36576078,63423973,828384,126847946,1284,38859,246248,9766885,77718,19533770,"1bill-boot"
49,22,"petite","second",372932,414860,36592939,63407143,829720,126814286,1310,39023,252959,9766959,78046,19533918,"1bill-boot"
49,23,"petite","second",372780,414859,36538698,63461399,829718,126922798,1275,38993,247784,9755492,77986,19510984,"1bill-boot"
49,24,"petite","second",371804,415429,36494504,63505615,830858,127011230,1235,39040,238081,9763175,78080,19526350,"1bill-boot"
49,25,"petite","second",373177,414819,36615186,63384910,829638,126769820,1334,39023,257406,9761493,78046,19522986,"1bill-boot"
49,26,"petite","second",374259,414070,36675159,63324861,828140,126649722,1267,39055,239177,9768570,78110,19537140,"1bill-boot"
49,27,"petite","second",372930,414732,36556994,63443026,829464,126886052,1205,39069,230290,9772615,78138,19545230,"1bill-boot"
49,28,"petite","second",373813,414662,36591125,63408939,829324,126817878,1352,38896,257494,9769695,77792,19539390,"1bill-boot"
49,29,"petite","second",372606,415254,36512064,63487936,830508,126975872,1337,38917,255244,9766062,77834,19532124,"1bill-boot"
49,30,"petite","second",373373,414863,36561607,63438393,829726,126876786,1316,38867,253134,9754453,77734,19508906,"1bill-boot"
47,1,"petite","second",378242,414288,37169958,62830172,828576,125660344,2018,39284,393307,9610979,78568,19221958,"1bill-boot"
47,2,"petite","second",379790,414430,37257605,62742407,828860,125484814,2080,39284,407084,9596553,78568,19193106,"1bill-boot"
47,3,"petite","second",378010,415027,37109021,62891001,830054,125782002,2054,39263,405041,9595355,78526,19190710,"1bill-boot"
47,4,"petite","second",379486,413858,37274497,62725615,827716,125451230,1997,39319,388420,9612912,78638,19225824,"1bill-boot"
47,5,"petite","second",379890,414125,37281549,62718529,828250,125437058,2052,39532,401697,9607861,79064,19215722,"1bill-boot"
47,6,"petite","second",378717,414828,37185604,62814525,829656,125629050,2103,39288,412514,9588825,78576,19177650,"1bill-boot"
47,7,"petite","second",378229,415236,37129582,62870607,830472,125741214,2090,39284,406360,9607780,78568,19215560,"1bill-boot"
47,8,"petite","second",378307,414531,37137984,62862166,829062,125724332,1888,39524,369817,9634459,79048,19268918,"1bill-boot"
47,9,"petite","second",378742,414883,37175601,62824407,829766,125648814,2098,39349,407535,9599903,78698,19199806,"1bill-boot"
47,10,"petite","second",378496,414648,37157191,62842983,829296,125685966,2084,39301,405192,9603511,78602,19207022,"1bill-boot"
47,11,"petite","second",378684,415104,37181209,62818905,830208,125637810,2034,39446,397702,9623161,78892,19246322,"1bill-boot"
47,12,"petite","second",378519,414650,37196170,62803876,829300,125607752,1954,39503,386043,9629631,79006,19259262,"1bill-boot"
47,13,"petite","second",379140,414003,37265015,62735030,828006,125470060,2072,39245,403476,9602584,78490,19205168,"1bill-boot"
47,14,"petite","second",378225,414995,37118076,62881988,829990,125763976,2022,39333,395530,9606410,78666,19212820,"1bill-boot"
47,15,"petite","second",378997,414598,37229302,62770848,829196,125541696,2065,39381,402327,9599566,78762,19199132,"1bill-boot"
47,16,"petite","second",378448,415030,37157435,62842582,830060,125685164,2093,39408,408438,9601785,78816,19203570,"1bill-boot"
47,17,"petite","second",379457,414333,37227345,62772760,828666,125545520,2040,39317,398506,9601944,78634,19203888,"1bill-boot"
47,18,"petite","second",379457,414373,37267038,62733089,828746,125466178,2099,39329,410888,9590470,78658,19180940,"1bill-boot"
47,19,"petite","second",378885,414901,37170059,62829960,829802,125659920,2117,39313,412037,9606830,78626,19213660,"1bill-boot"
47,20,"petite","second",378287,415142,37119429,62880761,830284,125761522,2058,39646,398094,9625670,79292,19251340,"1bill-boot"
47,21,"petite","second",379865,414509,37273220,62726852,829018,125453704,1970,39470,383225,9632086,78940,19264172,"1bill-boot"
47,22,"petite","second",378333,414329,37156264,62843976,828658,125687952,2012,39337,398468,9614424,78674,19228848,"1bill-boot"
47,23,"petite","second",378774,415017,37219046,62780990,830034,125561980,1998,39695,388869,9625000,79390,19250000,"1bill-boot"
47,24,"petite","second",378841,414842,37229792,62770247,829684,125540494,2029,39426,396883,9611660,78852,19223320,"1bill-boot"
47,25,"petite","second",378552,414858,37145663,62854383,829716,125708766,2037,39325,396696,9610793,78650,19221586,"1bill-boot"
47,26,"petite","second",379102,414626,37214062,62785965,829252,125571930,2080,39434,406664,9609117,78868,19218234,"1bill-boot"
47,27,"petite","second",378494,414636,37208295,62791773,829272,125583546,2041,39331,399565,9602236,78662,19204472,"1bill-boot"
47,28,"petite","second",379022,415330,37176567,62823470,830660,125646940,2019,39571,391991,9617579,79142,19235158,"1bill-boot"
47,29,"petite","second",379195,414451,37199153,62800874,828902,125601748,2013,39400,392142,9612172,78800,19224344,"1bill-boot"
47,30,"petite","second",379131,414582,37228100,62772101,829164,125544202,2045,39434,397483,9608385,78868,19216770,"1bill-boot"
40,1,"petite","second",379240,404708,37155528,62844478,809416,125688956,868,37536,176201,9847891,75072,19695782,"1bill-boot"
40,2,"petite","second",377768,405752,36959325,63040681,811504,126081362,850,37537,173718,9832976,75074,19665952,"1bill-boot"
40,3,"petite","second",378364,405024,37089926,62910311,810048,125820622,878,37599,178690,9829026,75198,19658052,"1bill-boot"
40,4,"petite","second",378253,404894,37039757,62960244,809788,125920488,873,37595,177892,9836899,75190,19673798,"1bill-boot"
40,5,"petite","second",379252,405001,37102185,62898062,810002,125796124,899,37439,182418,9821167,74878,19642334,"1bill-boot"
40,6,"petite","second",379022,404892,37119687,62880467,809784,125760934,939,37711,188748,9835721,75422,19671442,"1bill-boot"
40,7,"petite","second",378472,406007,37016588,62983596,812014,125967192,845,37617,168737,9839169,75234,19678338,"1bill-boot"
40,8,"petite","second",379616,403755,37218552,62781470,807510,125562940,927,37492,188009,9825789,74984,19651578,"1bill-boot"
40,9,"petite","second",379612,404326,37196691,62803370,808652,125606740,930,37427,188201,9828957,74854,19657914,"1bill-boot"
40,10,"petite","second",377994,404956,37055258,62944797,809912,125889594,862,37617,174710,9835895,75234,19671790,"1bill-boot"
40,11,"petite","second",378816,404770,37074742,62925288,809540,125850576,896,37573,180998,9833256,75146,19666512,"1bill-boot"
40,12,"petite","second",378582,405423,37082063,62917996,810846,125835992,931,37665,189894,9838755,75330,19677510,"1bill-boot"
40,13,"petite","second",379035,405126,37108948,62891084,810252,125782168,906,37511,182104,9828741,75022,19657482,"1bill-boot"
40,14,"petite","second",377843,405656,36997287,63002740,811312,126005480,889,37631,176453,9830884,75262,19661768,"1bill-boot"
40,15,"petite","second",379200,404481,37147360,62852655,808962,125705310,896,37568,182916,9820533,75136,19641066,"1bill-boot"
40,16,"petite","second",378679,405050,37131887,62868289,810100,125736578,895,37676,179148,9825786,75352,19651572,"1bill-boot"
40,17,"petite","second",379003,404931,37170097,62830039,809862,125660078,947,37565,192519,9813371,75130,19626742,"1bill-boot"
40,18,"petite","second",379006,405185,37112302,62887873,810370,125775746,877,37563,179935,9829125,75126,19658250,"1bill-boot"
40,19,"petite","second",378801,404758,37067659,62932420,809516,125864840,938,37630,192482,9838886,75260,19677772,"1bill-boot"
40,20,"petite","second",377906,405346,37009045,62991153,810692,125982306,930,37582,187592,9816590,75164,19633180,"1bill-boot"
40,21,"petite","second",378699,405087,37057074,62943077,810174,125886154,848,37554,172858,9830240,75108,19660480,"1bill-boot"
40,22,"petite","second",378346,405004,37065795,62934231,810008,125868462,918,37583,183440,9840222,75166,19680444,"1bill-boot"
40,23,"petite","second",378792,405032,37084431,62915692,810064,125831384,929,37516,189536,9814088,75032,19628176,"1bill-boot"
40,24,"petite","second",379061,405377,37129557,62870525,810754,125741050,902,37557,183836,9817559,75114,19635118,"1bill-boot"
40,25,"petite","second",378783,405361,37074846,62925242,810722,125850484,891,37592,180218,9839084,75184,19678168,"1bill-boot"
40,26,"petite","second",378790,405054,37103137,62896941,810108,125793882,888,37562,181103,9826532,75124,19653064,"1bill-boot"
40,27,"petite","second",378462,404807,37085583,62914425,809614,125828850,902,37649,180522,9836371,75298,19672742,"1bill-boot"
40,28,"petite","second",378778,405229,37061365,62938635,810458,125877270,911,37598,184270,9829056,75196,19658112,"1bill-boot"
40,29,"petite","second",378734,405067,37084081,62915957,810134,125831914,848,37543,170500,9840687,75086,19681374,"1bill-boot"
40,30,"petite","second",377756,405144,37028088,62972007,810288,125944014,894,37477,178964,9831930,74954,19663860,"1bill-boot"
23,1,"petite","second",367644,420937,36146990,63853063,841874,127706126,1283,38818,253182,9753306,77636,19506612,"1bill-boot"
23,2,"petite","second",368141,421047,36232651,63767396,842094,127534792,1296,38880,252767,9756612,77760,19513224,"1bill-boot"
23,3,"petite","second",368511,420846,36170534,63829534,841692,127659068,1367,38795,265417,9747074,77590,19494148,"1bill-boot"
23,4,"petite","second",367911,421026,36137198,63862806,842052,127725612,1308,38836,253969,9749193,77672,19498386,"1bill-boot"
23,5,"petite","second",367859,421185,36152820,63847234,842370,127694468,1317,38777,263109,9744201,77554,19488402,"1bill-boot"
23,6,"petite","second",368052,420793,36153916,63846244,841586,127692488,1362,38688,265092,9750904,77376,19501808,"1bill-boot"
23,7,"petite","second",368333,420972,36167629,63832394,841944,127664788,1301,39059,256573,9756354,78118,19512708,"1bill-boot"
23,8,"petite","second",368113,420473,36178019,63822071,840946,127644142,1309,38924,258854,9750453,77848,19500906,"1bill-boot"
23,9,"petite","second",367977,420787,36187466,63812668,841574,127625336,1326,38732,259936,9741111,77464,19482222,"1bill-boot"
23,10,"petite","second",368545,420213,36222218,63777790,840426,127555580,1287,38821,255416,9754796,77642,19509592,"1bill-boot"
23,11,"petite","second",368760,420512,36219765,63780370,841024,127560740,1268,38884,248855,9766190,77768,19532380,"1bill-boot"
23,12,"petite","second",368546,421149,36221885,63778160,842298,127556320,1270,38955,247739,9755695,77910,19511390,"1bill-boot"
23,13,"petite","second",368171,420704,36177433,63822628,841408,127645256,1363,38873,263263,9751997,77746,19503994,"1bill-boot"
23,14,"petite","second",367547,421323,36080721,63919288,842646,127838576,1290,38885,249121,9751702,77770,19503404,"1bill-boot"
23,15,"petite","second",369166,420599,36243735,63756335,841198,127512670,1292,38798,253169,9757915,77596,19515830,"1bill-boot"
23,16,"petite","second",368809,420546,36229914,63770162,841092,127540324,1305,38812,254545,9754346,77624,19508692,"1bill-boot"
23,17,"petite","second",368360,421239,36202707,63797388,842478,127594776,1288,38868,252478,9762777,77736,19525554,"1bill-boot"
23,18,"petite","second",367820,421043,36165323,63834685,842086,127669370,1320,38750,258740,9749705,77500,19499410,"1bill-boot"
23,19,"petite","second",367816,421345,36099082,63900921,842690,127801842,1274,38889,249037,9769216,77778,19538432,"1bill-boot"
23,20,"petite","second",368474,420610,36202905,63797098,841220,127594196,1266,38834,248064,9756791,77668,19513582,"1bill-boot"
23,21,"petite","second",369117,420732,36248618,63751402,841464,127502804,1316,38787,256847,9743782,77574,19487564,"1bill-boot"
23,22,"petite","second",368547,420444,36224993,63775022,840888,127550044,1314,38857,261155,9747226,77714,19494452,"1bill-boot"
23,23,"petite","second",367818,420900,36113649,63886417,841800,127772834,1324,38752,260901,9739975,77504,19479950,"1bill-boot"
23,24,"petite","second",366804,421903,36032349,63967706,843806,127935412,1350,38833,266166,9745827,77666,19491654,"1bill-boot"
23,25,"petite","second",368752,421235,36195032,63805089,842470,127610178,1263,39063,247940,9753675,78126,19507350,"1bill-boot"
23,26,"petite","second",367887,421073,36151144,63848880,842146,127697760,1243,38953,246817,9768202,77906,19536404,"1bill-boot"
23,27,"petite","second",367715,420443,36137750,63862309,840886,127724618,1283,38688,254216,9761412,77376,19522824,"1bill-boot"
23,28,"petite","second",367770,421373,36143806,63856207,842746,127712414,1260,38785,246162,9754214,77570,19508428,"1bill-boot"
23,29,"petite","second",367279,421785,36054021,63946011,843570,127892022,1291,38847,254069,9761517,77694,19523034,"1bill-boot"
23,30,"petite","second",368322,420456,36197927,63802107,840912,127604214,1265,38853,249306,9767209,77706,19534418,"1bill-boot"
24,1,"petite","second",370665,419460,36037022,63963110,838920,127926220,1725,39394,310838,9694541,78788,19389082,"1bill-boot"
24,2,"petite","second",371360,419491,36062886,63937195,838982,127874390,1739,39338,313159,9698809,78676,19397618,"1bill-boot"
24,3,"petite","second",371471,419341,36115913,63884185,838682,127768370,1702,39442,306816,9715422,78884,19430844,"1bill-boot"
24,4,"petite","second",370897,419344,36015628,63984441,838688,127968882,1737,39223,313224,9690251,78446,19380502,"1bill-boot"
24,5,"petite","second",371618,419282,36121468,63878608,838564,127757216,1642,39495,296499,9713805,78990,19427610,"1bill-boot"
24,6,"petite","second",371890,419025,36142148,63857905,838050,127715810,1723,39357,310107,9695820,78714,19391640,"1bill-boot"
24,7,"petite","second",371896,419677,36098293,63901766,839354,127803532,1684,39451,305283,9709379,78902,19418758,"1bill-boot"
24,8,"petite","second",372820,418420,36221878,63778214,836840,127556428,1736,39300,313486,9696456,78600,19392912,"1bill-boot"
24,9,"petite","second",371645,419474,36135331,63864724,838948,127729448,1673,39471,302351,9728401,78942,19456802,"1bill-boot"
24,10,"petite","second",371837,418966,36180496,63819615,837932,127639230,1723,39382,311295,9706680,78764,19413360,"1bill-boot"
24,11,"petite","second",372481,418439,36218106,63781952,836878,127563904,1694,39344,307319,9706843,78688,19413686,"1bill-boot"
24,12,"petite","second",370947,419663,36041280,63958765,839326,127917530,1658,39498,299466,9732413,78996,19464826,"1bill-boot"
24,13,"petite","second",372404,418684,36206513,63793530,837368,127587060,1689,39377,304505,9706479,78754,19412958,"1bill-boot"
24,14,"petite","second",372225,418710,36170472,63829547,837420,127659094,1663,39391,298637,9715204,78782,19430408,"1bill-boot"
24,15,"petite","second",373114,418487,36239127,63760938,836974,127521876,1769,39175,316826,9690219,78350,19380438,"1bill-boot"
24,16,"petite","second",372338,418959,36179027,63820977,837918,127641954,1912,39175,352846,9658491,78350,19316982,"1bill-boot"
24,17,"petite","second",372375,418864,36219404,63780775,837728,127561550,1764,39403,315946,9699413,78806,19398826,"1bill-boot"
24,18,"petite","second",371695,419120,36108070,63892095,838240,127784190,1680,39341,302702,9717142,78682,19434284,"1bill-boot"
24,19,"petite","second",371692,419159,36110083,63889976,838318,127779952,1737,39289,313145,9687893,78578,19375786,"1bill-boot"
24,20,"petite","second",372107,418864,36177468,63822558,837728,127645116,1791,39314,323826,9684083,78628,19368166,"1bill-boot"
24,21,"petite","second",372538,419034,36123966,63876090,838068,127752180,1657,39367,298055,9713512,78734,19427024,"1bill-boot"
24,22,"petite","second",371709,418875,36116261,63883835,837750,127767670,1751,39330,316128,9705490,78660,19410980,"1bill-boot"
24,23,"petite","second",372530,418719,36183277,63816938,837438,127633876,1678,39411,301327,9704380,78822,19408760,"1bill-boot"
24,24,"petite","second",371786,419252,36133043,63867102,838504,127734204,1735,39448,311282,9695161,78896,19390322,"1bill-boot"
24,25,"petite","second",371186,419671,36100184,63899864,839342,127799728,1745,39298,314547,9697155,78596,19394310,"1bill-boot"
24,26,"petite","second",372216,418482,36200353,63799745,836964,127599490,1645,39479,293433,9722216,78958,19444432,"1bill-boot"
24,27,"petite","second",370789,419569,36057177,63942872,839138,127885744,1748,39455,313673,9706854,78910,19413708,"1bill-boot"
24,28,"petite","second",372357,419181,36157382,63842649,838362,127685298,1665,39365,298716,9706406,78730,19412812,"1bill-boot"
24,29,"petite","second",371425,419254,36047648,63952461,838508,127904922,1637,39326,295694,9706033,78652,19412066,"1bill-boot"
24,30,"petite","second",371865,418774,36130029,63870003,837548,127740006,1749,39257,317388,9696438,78514,19392876,"1bill-boot"
12,1,"petite","second",368265,418171,36360379,63639685,836342,127279370,1626,39071,293909,9715537,78142,19431074,"1bill-boot"
12,2,"petite","second",369226,417494,36424149,63575904,834988,127151808,1510,39199,272276,9743771,78398,19487542,"1bill-boot"
12,3,"petite","second",367863,418171,36319720,63680348,836342,127360696,1639,38949,293550,9714902,77898,19429804,"1bill-boot"
12,4,"petite","second",368495,417545,36386027,63614035,835090,127228070,1542,39097,275823,9733449,78194,19466898,"1bill-boot"
12,5,"petite","second",368173,418538,36295999,63704014,837076,127408028,1542,39109,277923,9732319,78218,19464638,"1bill-boot"
12,6,"petite","second",368659,417845,36394919,63605092,835690,127210184,1543,39063,279537,9724042,78126,19448084,"1bill-boot"
12,7,"petite","second",369096,418372,36369469,63630612,836744,127261224,1453,39228,263366,9746132,78456,19492264,"1bill-boot"
12,8,"petite","second",369957,417232,36521936,63478177,834464,126956354,1635,39290,289721,9741223,78580,19482446,"1bill-boot"
12,9,"petite","second",368675,418403,36394108,63605935,836806,127211870,1611,39205,288711,9711783,78410,19423566,"1bill-boot"
12,10,"petite","second",369534,417401,36457019,63542997,834802,127085994,1549,39227,277931,9745745,78454,19491490,"1bill-boot"
12,11,"petite","second",368678,417854,36392666,63607383,835708,127214766,1583,39127,284328,9728052,78254,19456104,"1bill-boot"
12,12,"petite","second",368249,417747,36390455,63609557,835494,127219114,1576,39038,283374,9726705,78076,19453410,"1bill-boot"
12,13,"petite","second",368680,417666,36409413,63590739,835332,127181478,1566,39231,280819,9735148,78462,19470296,"1bill-boot"
12,14,"petite","second",368180,417776,36350747,63649430,835552,127298860,1530,39172,272951,9735183,78344,19470366,"1bill-boot"
12,15,"petite","second",369005,418215,36358579,63641452,836430,127282904,1543,39186,278308,9729091,78372,19458182,"1bill-boot"
12,16,"petite","second",368041,418406,36338012,63662000,836812,127324000,1571,39140,282892,9726587,78280,19453174,"1bill-boot"
12,17,"petite","second",369220,417722,36404890,63595168,835444,127190336,1550,39110,278153,9724519,78220,19449038,"1bill-boot"
12,18,"petite","second",367822,418577,36286777,63713238,837154,127426476,1566,39052,281084,9721339,78104,19442678,"1bill-boot"
12,19,"petite","second",368035,418431,36339804,63660703,836862,127321406,1554,39267,281328,9737342,78534,19474684,"1bill-boot"
12,20,"petite","second",368453,418305,36357659,63642360,836610,127284720,1573,39210,280306,9727113,78420,19454226,"1bill-boot"
12,21,"petite","second",369137,417786,36382585,63617494,835572,127234988,1548,39215,275731,9742533,78430,19485066,"1bill-boot"
12,22,"petite","second",368830,418018,36399856,63600228,836036,127200456,1556,39282,279829,9735694,78564,19471388,"1bill-boot"
12,23,"petite","second",368335,418330,36342412,63657605,836660,127315210,1541,39245,277974,9738633,78490,19477266,"1bill-boot"
12,24,"petite","second",368556,417948,36387999,63612075,835896,127224150,1556,39177,280407,9734393,78354,19468786,"1bill-boot"
12,25,"petite","second",368434,417894,36400946,63599107,835788,127198214,1483,39297,269705,9748376,78594,19496752,"1bill-boot"
12,26,"petite","second",368537,417942,36400416,63599751,835884,127199502,1634,39081,293159,9719248,78162,19438496,"1bill-boot"
12,27,"petite","second",368434,417964,36367860,63632221,835928,127264442,1500,39132,272039,9735571,78264,19471142,"1bill-boot"
12,28,"petite","second",368062,418508,36278179,63721860,837016,127443720,1527,39192,275407,9734487,78384,19468974,"1bill-boot"
12,29,"petite","second",369273,417889,36402810,63597241,835778,127194482,1544,39217,275767,9737328,78434,19474656,"1bill-boot"
12,30,"petite","second",368107,417977,36288881,63711277,835954,127422554,1486,39109,267020,9740228,78218,19480456,"1bill-boot"
15,1,"petite","second",374549,418157,36516279,63483893,836314,126967786,1251,39194,252235,9762900,78388,19525800,"1bill-boot"
15,2,"petite","second",374990,418165,36554481,63445519,836330,126891038,1195,39306,242882,9770414,78612,19540828,"1bill-boot"
15,3,"petite","second",375651,417316,36663051,63337150,834632,126674300,1229,39302,249017,9760661,78604,19521322,"1bill-boot"
15,4,"petite","second",375040,417668,36568610,63431465,835336,126862930,1099,39438,223136,9810539,78876,19621078,"1bill-boot"
15,5,"petite","second",375822,417667,36600070,63399990,835334,126799980,1147,39357,231345,9773706,78714,19547412,"1bill-boot"
15,6,"petite","second",374585,417957,36542174,63457893,835914,126915786,1188,39283,241674,9759533,78566,19519066,"1bill-boot"
15,7,"petite","second",375128,418424,36536231,63463922,836848,126927844,1148,39324,233445,9766893,78648,19533786,"1bill-boot"
15,8,"petite","second",375402,417137,36586083,63413976,834274,126827952,1166,39264,236401,9771896,78528,19543792,"1bill-boot"
15,9,"petite","second",375937,417178,36642899,63357147,834356,126714294,1223,39441,248708,9772694,78882,19545388,"1bill-boot"
15,10,"petite","second",375219,417894,36588839,63411216,835788,126822432,1203,39249,242633,9763988,78498,19527976,"1bill-boot"
15,11,"petite","second",375682,417883,36606861,63393185,835766,126786370,1197,39233,239664,9771595,78466,19543190,"1bill-boot"
15,12,"petite","second",374956,417695,36542277,63457840,835390,126915680,1125,39386,226752,9790760,78772,19581520,"1bill-boot"
15,13,"petite","second",374801,417749,36565484,63434569,835498,126869138,1203,39295,241425,9759003,78590,19518006,"1bill-boot"
15,14,"petite","second",374207,417901,36481820,63518284,835802,127036568,1191,39144,243471,9770696,78288,19541392,"1bill-boot"
15,15,"petite","second",375913,417526,36612442,63387729,835052,126775458,1180,39361,238364,9771526,78722,19543052,"1bill-boot"
15,16,"petite","second",375310,417938,36561653,63438419,835876,126876838,1145,39450,232100,9796491,78900,19592982,"1bill-boot"
15,17,"petite","second",375274,418655,36558365,63441637,837310,126883274,1133,39535,229775,9780550,79070,19561100,"1bill-boot"
15,18,"petite","second",375907,417843,36645252,63354777,835686,126709554,1177,39534,237242,9779957,79068,19559914,"1bill-boot"
15,19,"petite","second",375558,417749,36596657,63403393,835498,126806786,1199,39235,243071,9767440,78470,19534880,"1bill-boot"
15,20,"petite","second",375096,417636,36556235,63443766,835272,126887532,1144,39321,231145,9786408,78642,19572816,"1bill-boot"
15,21,"petite","second",375254,417830,36565874,63434126,835660,126868252,1201,39224,243977,9773155,78448,19546310,"1bill-boot"
15,22,"petite","second",375544,417701,36621847,63378374,835402,126756748,1205,39295,242716,9773740,78590,19547480,"1bill-boot"
15,23,"petite","second",376002,417545,36648688,63351499,835090,126702998,1208,39294,245066,9757479,78588,19514958,"1bill-boot"
15,24,"petite","second",376190,417452,36671683,63328415,834904,126656830,1191,39361,240539,9777545,78722,19555090,"1bill-boot"
15,25,"petite","second",374366,418308,36471805,63528206,836616,127056412,1073,39278,222659,9782889,78556,19565778,"1bill-boot"
15,26,"petite","second",375608,417285,36625582,63374419,834570,126748838,1112,39292,233263,9777761,78584,19555522,"1bill-boot"
15,27,"petite","second",375113,417343,36568127,63431957,834686,126863914,1200,39288,241768,9772582,78576,19545164,"1bill-boot"
15,28,"petite","second",375927,417736,36645615,63354470,835472,126708940,1174,39452,236337,9773063,78904,19546126,"1bill-boot"
15,29,"petite","second",374492,418170,36507713,63492302,836340,126984604,1165,39284,233243,9790821,78568,19581642,"1bill-boot"
15,30,"petite","second",375990,417159,36664560,63335483,834318,126670966,1216,39382,246251,9764997,78764,19529994,"1bill-boot"
41,1,"petite","second",380314,409441,37342909,62657164,818882,125314328,1009,38637,196383,9840316,77274,19680632,"1bill-boot"
41,2,"petite","second",381479,408429,37447917,62552140,816858,125104280,1026,38390,202720,9802296,76780,19604592,"1bill-boot"
41,3,"petite","second",380303,409193,37338631,62661450,818386,125322900,1008,38452,196367,9819539,76904,19639078,"1bill-boot"
41,4,"petite","second",380492,409010,37336377,62663742,818020,125327484,911,38368,182980,9822398,76736,19644796,"1bill-boot"
41,5,"petite","second",380882,408865,37367932,62632144,817730,125264288,994,38325,194127,9816500,76650,19633000,"1bill-boot"
41,6,"petite","second",379574,409694,37279182,62720905,819388,125441810,1016,38298,204520,9807825,76596,19615650,"1bill-boot"
41,7,"petite","second",381136,408930,37377448,62622555,817860,125245110,966,38407,194336,9835321,76814,19670642,"1bill-boot"
41,8,"petite","second",380323,408702,37369466,62630695,817404,125261390,998,38353,203721,9801533,76706,19603066,"1bill-boot"
41,9,"petite","second",380998,408727,37420261,62579802,817454,125159604,998,38206,200162,9812324,76412,19624648,"1bill-boot"
41,10,"petite","second",380089,408950,37341668,62658460,817900,125316920,986,38293,199385,9820675,76586,19641350,"1bill-boot"
41,11,"petite","second",379528,409781,37243698,62756448,819562,125512896,986,38257,196115,9811683,76514,19623366,"1bill-boot"
41,12,"petite","second",379812,409807,37286830,62713182,819614,125426364,997,38433,198427,9815825,76866,19631650,"1bill-boot"
41,13,"petite","second",380167,409380,37306549,62693611,818760,125387222,980,38312,189764,9817693,76624,19635386,"1bill-boot"
41,14,"petite","second",380756,409118,37345676,62654462,818236,125308924,967,38389,193436,9814259,76778,19628518,"1bill-boot"
41,15,"petite","second",380522,409396,37359758,62640333,818792,125280666,992,38398,197137,9806983,76796,19613966,"1bill-boot"
41,16,"petite","second",380014,409176,37367034,62632974,818352,125265948,970,38545,199248,9834423,77090,19668846,"1bill-boot"
41,17,"petite","second",380846,409281,37366003,62634058,818562,125268116,950,38298,191664,9810561,76596,19621122,"1bill-boot"
41,18,"petite","second",380057,409643,37282157,62717849,819286,125435698,916,38371,182217,9845451,76742,19690902,"1bill-boot"
41,19,"petite","second",379917,409967,37267467,62732642,819934,125465284,967,38407,189896,9813230,76814,19626460,"1bill-boot"
41,20,"petite","second",380736,408771,37379022,62621059,817542,125242118,980,38332,192761,9814039,76664,19628078,"1bill-boot"
41,21,"petite","second",380722,409377,37398756,62601353,818754,125202706,1006,38561,199323,9828369,77122,19656738,"1bill-boot"
41,22,"petite","second",381990,408502,37505875,62494148,817004,124988296,999,38474,198435,9824533,76948,19649066,"1bill-boot"
41,23,"petite","second",379670,409459,37269522,62730628,818918,125461256,950,38243,191702,9808647,76486,19617294,"1bill-boot"
41,24,"petite","second",380515,409034,37363352,62636684,818068,125273368,982,38302,197052,9818080,76604,19636160,"1bill-boot"
41,25,"petite","second",380370,409484,37330481,62669719,818968,125339438,952,38446,187366,9835055,76892,19670110,"1bill-boot"
41,26,"petite","second",381112,409193,37431701,62568419,818386,125136838,983,38435,199598,9810675,76870,19621350,"1bill-boot"
41,27,"petite","second",380733,408877,37378717,62621322,817754,125242644,913,38407,181492,9819270,76814,19638540,"1bill-boot"
41,28,"petite","second",379609,410051,37253491,62746550,820102,125493100,1043,38427,209239,9805952,76854,19611904,"1bill-boot"
41,29,"petite","second",380579,409017,37403875,62596154,818034,125192308,973,38481,191435,9813101,76962,19626202,"1bill-boot"
41,30,"petite","second",379912,409606,37316836,62683207,819212,125366414,963,38505,192895,9817037,77010,19634074,"1bill-boot"
46,1,"petite","second",375590,410951,36852772,63147359,821902,126294718,688,39218,128659,9876016,78436,19752032,"1bill-boot"
46,2,"petite","second",376740,410288,36971734,63028486,820576,126056972,793,39340,144890,9869083,78680,19738166,"1bill-boot"
46,3,"petite","second",376074,410834,36907652,63092371,821668,126184742,746,39391,135087,9874396,78782,19748792,"1bill-boot"
46,4,"petite","second",376434,410404,36925408,63074747,820808,126149494,732,39371,132696,9875018,78742,19750036,"1bill-boot"
46,5,"petite","second",376667,410360,36945776,63054250,820720,126108500,704,39313,129918,9875912,78626,19751824,"1bill-boot"
46,6,"petite","second",375529,410557,36883691,63116438,821114,126232876,713,39166,132946,9871914,78332,19743828,"1bill-boot"
46,7,"petite","second",375307,410770,36809668,63190354,821540,126380708,668,39361,123256,9904964,78722,19809928,"1bill-boot"
46,8,"petite","second",375883,410457,36842919,63157230,820914,126314460,645,39333,120026,9890847,78666,19781694,"1bill-boot"
46,9,"petite","second",376365,410615,36951800,63048289,821230,126096578,804,39261,146882,9856147,78522,19712294,"1bill-boot"
46,10,"petite","second",376378,410479,36889710,63110310,820958,126220620,717,39189,132976,9871292,78378,19742584,"1bill-boot"
46,11,"petite","second",376350,410279,36932601,63067653,820558,126135306,683,39244,129213,9879511,78488,19759022,"1bill-boot"
46,12,"petite","second",375800,410363,36913264,63086805,820726,126173610,798,39240,146332,9859095,78480,19718190,"1bill-boot"
46,13,"petite","second",375712,410252,36862569,63137504,820504,126275008,691,39283,127491,9880922,78566,19761844,"1bill-boot"
46,14,"petite","second",375207,411118,36812415,63187720,822236,126375440,662,39345,121984,9878702,78690,19757404,"1bill-boot"
46,15,"petite","second",376718,410363,36968917,63031145,820726,126062290,768,39348,141056,9865243,78696,19730486,"1bill-boot"
46,16,"petite","second",375724,410657,36861303,63138788,821314,126277576,726,39197,135345,9871922,78394,19743844,"1bill-boot"
46,17,"petite","second",376470,410764,36914001,63086030,821528,126172060,760,39360,139597,9863471,78720,19726942,"1bill-boot"
46,18,"petite","second",377262,410172,36991959,63008046,820344,126016092,775,39301,141371,9872056,78602,19744112,"1bill-boot"
46,19,"petite","second",375390,411565,36821507,63178595,823130,126357190,706,39347,131372,9885945,78694,19771890,"1bill-boot"
46,20,"petite","second",377256,409804,37043849,62956177,819608,125912354,839,39266,152851,9852885,78532,19705770,"1bill-boot"
46,21,"petite","second",376070,410976,36917480,63082579,821952,126165158,796,39314,145441,9869211,78628,19738422,"1bill-boot"
46,22,"petite","second",376338,410858,36906926,63093102,821716,126186204,810,39312,147249,9858956,78624,19717912,"1bill-boot"
46,23,"petite","second",376012,410906,36876515,63123565,821812,126247130,725,39236,135411,9889003,78472,19778006,"1bill-boot"
46,24,"petite","second",376469,410658,36901424,63098657,821316,126197314,710,39242,133479,9882311,78484,19764622,"1bill-boot"
46,25,"petite","second",375475,410901,36832751,63167291,821802,126334582,696,39260,130454,9881759,78520,19763518,"1bill-boot"
46,26,"petite","second",375770,410962,36834888,63165206,821924,126330412,793,39289,145389,9858647,78578,19717294,"1bill-boot"
46,27,"petite","second",375549,411069,36842878,63157180,822138,126314360,785,39447,142137,9863398,78894,19726796,"1bill-boot"
46,28,"petite","second",376359,411027,36896044,63103989,822054,126207978,775,39237,143272,9857882,78474,19715764,"1bill-boot"
46,29,"petite","second",375300,411450,36791889,63208211,822900,126416422,727,39315,135784,9884312,78630,19768624,"1bill-boot"
46,30,"petite","second",375912,410295,36894406,63105623,820590,126211246,773,39275,141401,9871136,78550,19742272,"1bill-boot"
48,1,"petite","second",383595,416651,37246263,62753790,833302,125507580,1082,39311,200817,9824578,78622,19649156,"1bill-boot"
48,2,"petite","second",383855,416278,37260730,62739496,832556,125478992,1121,39214,207344,9804441,78428,19608882,"1bill-boot"
48,3,"petite","second",383797,416051,37232974,62767176,832102,125534352,1098,39026,201834,9809367,78052,19618734,"1bill-boot"
48,4,"petite","second",383891,415733,37275599,62724464,831466,125448928,1120,39163,207155,9806352,78326,19612704,"1bill-boot"
48,5,"petite","second",383715,416079,37239064,62761184,832158,125522368,1095,39166,203669,9816006,78332,19632012,"1bill-boot"
48,6,"petite","second",383164,416526,37188668,62811401,833052,125622802,1065,39331,196774,9829535,78662,19659070,"1bill-boot"
48,7,"petite","second",383242,416428,37199060,62801070,832856,125602140,1136,38956,211915,9792928,77912,19585856,"1bill-boot"
48,8,"petite","second",384222,415653,37315223,62684815,831306,125369630,1130,39084,210311,9803225,78168,19606450,"1bill-boot"
48,9,"petite","second",384742,416070,37328429,62671592,832140,125343184,1065,39170,195032,9812599,78340,19625198,"1bill-boot"
48,10,"petite","second",383653,415826,37205694,62794336,831652,125588672,1096,38951,205515,9798299,77902,19596598,"1bill-boot"
48,11,"petite","second",383682,416668,37188537,62811570,833336,125623140,1111,39174,205190,9815018,78348,19630036,"1bill-boot"
48,12,"petite","second",384068,416130,37312132,62687960,832260,125375920,1110,39271,204224,9815354,78542,19630708,"1bill-boot"
48,13,"petite","second",383503,416118,37242139,62757994,832236,125515988,1118,39302,206246,9825571,78604,19651142,"1bill-boot"
48,14,"petite","second",383457,415877,37295288,62704773,831754,125409546,1071,39226,199128,9820355,78452,19640710,"1bill-boot"
48,15,"petite","second",383773,417089,37177801,62822281,834178,125644562,1024,39226,188388,9811623,78452,19623246,"1bill-boot"
48,16,"petite","second",383999,416123,37289355,62710755,832246,125421510,1115,39089,207734,9798079,78178,19596158,"1bill-boot"
48,17,"petite","second",384790,415733,37373991,62626009,831466,125252018,1072,39194,200417,9816083,78388,19632166,"1bill-boot"
48,18,"petite","second",383833,416851,37247506,62752535,833702,125505070,1079,39217,201092,9799221,78434,19598442,"1bill-boot"
48,19,"petite","second",383814,416785,37246225,62753894,833570,125507788,1082,39201,200754,9811897,78402,19623794,"1bill-boot"
48,20,"petite","second",383153,416947,37153962,62846066,833894,125692132,1034,39251,192269,9821163,78502,19642326,"1bill-boot"
48,21,"petite","second",384642,416081,37317069,62683197,832162,125366394,1131,39117,209285,9790889,78234,19581778,"1bill-boot"
48,22,"petite","second",383963,416461,37300106,62699899,832922,125399798,1152,38988,216232,9787564,77976,19575128,"1bill-boot"
48,23,"petite","second",383870,416650,37220574,62779468,833300,125558936,1055,39319,194067,9820548,78638,19641096,"1bill-boot"
48,24,"petite","second",383171,416676,37200548,62799806,833352,125599612,1042,39285,193026,9818642,78570,19637284,"1bill-boot"
48,25,"petite","second",384325,416578,37315704,62684428,833156,125368856,1065,39215,194267,9816267,78430,19632534,"1bill-boot"
48,26,"petite","second",383692,416373,37224992,62775093,832746,125550186,1056,39364,196103,9823595,78728,19647190,"1bill-boot"
48,27,"petite","second",383715,416173,37273430,62726573,832346,125453146,1081,39208,203549,9798250,78416,19596500,"1bill-boot"
48,28,"petite","second",383418,416882,37232705,62767362,833764,125534724,1090,39325,204407,9813689,78650,19627378,"1bill-boot"
48,29,"petite","second",383482,416838,37208822,62791285,833676,125582570,1117,39064,208259,9806724,78128,19613448,"1bill-boot"
48,30,"petite","second",383564,416343,37231514,62768539,832686,125537078,1138,39107,213814,9805679,78214,19611358,"1bill-boot"
33,1,"petite","second",373360,418958,36522514,63477563,837916,126955126,1143,39036,233571,9766634,78072,19533268,"1bill-boot"
33,2,"petite","second",374709,418571,36578782,63421274,837142,126842548,1147,39073,231104,9782919,78146,19565838,"1bill-boot"
33,3,"petite","second",373570,418888,36496668,63503386,837776,127006772,1173,39008,236259,9771573,78016,19543146,"1bill-boot"
33,4,"petite","second",372825,418797,36484812,63515348,837594,127030696,1209,39092,243523,9789750,78184,19579500,"1bill-boot"
33,5,"petite","second",374215,418825,36516645,63483397,837650,126966794,1161,39040,233014,9774699,78080,19549398,"1bill-boot"
33,6,"petite","second",375122,417964,36683208,63316806,835928,126633612,1172,39054,236027,9767275,78108,19534550,"1bill-boot"
33,7,"petite","second",374123,419072,36538425,63461584,838144,126923168,1189,39053,236749,9768236,78106,19536472,"1bill-boot"
33,8,"petite","second",374320,417828,36580253,63419773,835656,126839546,1226,39084,247970,9779202,78168,19558404,"1bill-boot"
33,9,"petite","second",374198,418499,36579718,63420287,836998,126840574,1185,39064,241379,9782560,78128,19565120,"1bill-boot"
33,10,"petite","second",374095,418141,36591788,63408253,836282,126816506,1300,39004,263329,9753153,78008,19506306,"1bill-boot"
33,11,"petite","second",374161,418778,36542553,63457534,837556,126915068,1161,39134,232862,9798837,78268,19597674,"1bill-boot"
33,12,"petite","second",374401,418420,36604188,63395849,836840,126791698,1167,39139,234543,9785819,78278,19571638,"1bill-boot"
33,13,"petite","second",374738,418229,36632277,63367913,836458,126735826,1180,39067,236749,9768387,78134,19536774,"1bill-boot"
33,14,"petite","second",374949,417841,36646701,63353339,835682,126706678,1177,38960,239705,9762931,77920,19525862,"1bill-boot"
33,15,"petite","second",374380,419012,36559350,63440747,838024,126881494,1177,39180,235304,9789646,78360,19579292,"1bill-boot"
33,16,"petite","second",374006,418746,36567615,63432652,837492,126865304,1274,38995,258604,9742304,77990,19484608,"1bill-boot"
33,17,"petite","second",373981,419140,36541003,63459231,838280,126918462,1136,39136,226440,9785978,78272,19571956,"1bill-boot"
33,18,"petite","second",373762,418802,36515690,63484465,837604,126968930,1083,39132,218625,9810789,78264,19621578,"1bill-boot"
33,19,"petite","second",374233,418803,36562866,63437264,837606,126874528,1152,39106,232654,9775527,78212,19551054,"1bill-boot"
33,20,"petite","second",375220,418170,36665363,63334687,836340,126669374,1209,38934,243596,9774265,77868,19548530,"1bill-boot"
33,21,"petite","second",375021,418417,36659489,63340545,836834,126681090,1170,39031,236215,9783151,78062,19566302,"1bill-boot"
33,22,"petite","second",374354,418510,36568415,63431694,837020,126863388,1153,39084,233144,9788962,78168,19577924,"1bill-boot"
33,23,"petite","second",374095,419214,36567223,63432813,838428,126865626,1120,39137,226517,9788973,78274,19577946,"1bill-boot"
33,24,"petite","second",373222,419492,36456768,63543269,838984,127086538,1131,38973,228990,9776343,77946,19552686,"1bill-boot"
33,25,"petite","second",374022,419071,36532015,63468043,838142,126936086,1155,39070,230213,9773084,78140,19546168,"1bill-boot"
33,26,"petite","second",374195,418577,36533468,63466634,837154,126933268,1145,39222,230899,9796087,78444,19592174,"1bill-boot"
33,27,"petite","second",374122,418719,36592021,63408454,837438,126816908,1125,39210,227625,9797494,78420,19594988,"1bill-boot"
33,28,"petite","second",374660,419021,36594202,63405836,838042,126811672,1202,39058,241277,9772392,78116,19544784,"1bill-boot"
33,29,"petite","second",374680,418513,36599480,63400919,837026,126801838,1155,39058,232461,9785987,78116,19571974,"1bill-boot"
33,30,"petite","second",374576,418137,36599565,63400491,836274,126800982,1179,39119,238151,9792866,78238,19585732,"1bill-boot"
9,1,"petite","second",367905,420605,36311091,63689081,841210,127378162,1827,38409,348037,9670786,76818,19341572,"1bill-boot"
9,2,"petite","second",368031,420465,36322694,63677373,840930,127354746,1756,38482,332044,9676839,76964,19353678,"1bill-boot"
9,3,"petite","second",367131,421413,36198832,63801312,842826,127602624,1781,38422,338761,9661524,76844,19323048,"1bill-boot"
9,4,"petite","second",368046,420001,36306728,63693426,840002,127386852,1813,38337,342620,9677410,76674,19354820,"1bill-boot"
9,5,"petite","second",368282,420881,36351637,63648471,841762,127296942,1796,38432,342498,9658382,76864,19316764,"1bill-boot"
9,6,"petite","second",368189,419850,36358119,63641937,839700,127283874,1831,38264,348231,9666767,76528,19333534,"1bill-boot"
9,7,"petite","second",367689,420918,36271530,63728593,841836,127457186,1786,38482,338311,9676500,76964,19353000,"1bill-boot"
9,8,"petite","second",367313,420420,36275568,63724494,840840,127448988,1858,38354,351649,9671726,76708,19343452,"1bill-boot"
9,9,"petite","second",367551,420769,36260782,63739219,841538,127478438,1870,38366,357078,9658548,76732,19317096,"1bill-boot"
9,10,"petite","second",367576,420248,36302188,63697911,840496,127395822,1833,38352,351268,9667519,76704,19335038,"1bill-boot"
9,11,"petite","second",368416,420015,36349068,63650933,840030,127301866,1849,38184,354294,9651508,76368,19303016,"1bill-boot"
9,12,"petite","second",367894,419876,36345748,63654422,839752,127308844,1867,38393,356091,9658888,76786,19317776,"1bill-boot"
9,13,"petite","second",368546,419602,36409918,63590145,839204,127180290,1851,38234,351413,9662174,76468,19324348,"1bill-boot"
9,14,"petite","second",367999,420673,36335241,63664760,841346,127329520,1919,38330,360834,9643710,76660,19287420,"1bill-boot"
9,15,"petite","second",368229,420497,36319087,63681117,840994,127362234,1849,38349,352370,9651322,76698,19302644,"1bill-boot"
9,16,"petite","second",368213,420235,36353548,63646543,840470,127293086,1816,38419,347494,9660910,76838,19321820,"1bill-boot"
9,17,"petite","second",367993,420695,36342176,63657874,841390,127315748,1890,38242,359522,9641779,76484,19283558,"1bill-boot"
9,18,"petite","second",367196,420892,36220053,63780079,841784,127560158,1854,38438,348079,9667079,76876,19334158,"1bill-boot"
9,19,"petite","second",367079,420782,36219704,63780342,841564,127560684,1821,38333,343547,9664009,76666,19328018,"1bill-boot"
9,20,"petite","second",368136,420212,36309144,63690985,840424,127381970,1864,38174,354157,9657128,76348,19314256,"1bill-boot"
9,21,"petite","second",367917,420530,36292799,63707244,841060,127414488,1862,38306,354538,9652518,76612,19305036,"1bill-boot"
9,22,"petite","second",367724,420188,36330363,63669692,840376,127339384,1864,38441,359290,9655862,76882,19311724,"1bill-boot"
9,23,"petite","second",368467,420205,36368991,63631177,840410,127262354,1915,38248,365904,9637401,76496,19274802,"1bill-boot"
9,24,"petite","second",367150,421424,36208838,63791245,842848,127582490,1875,38441,355375,9653973,76882,19307946,"1bill-boot"
9,25,"petite","second",368656,420110,36398176,63601883,840220,127203766,1856,38320,351663,9662518,76640,19325036,"1bill-boot"
9,26,"petite","second",368193,420790,36318526,63681548,841580,127363096,1850,38454,349806,9663178,76908,19326356,"1bill-boot"
9,27,"petite","second",367385,420829,36280121,63719883,841658,127439766,1938,38265,367655,9637834,76530,19275668,"1bill-boot"
9,28,"petite","second",367331,421285,36248422,63751730,842570,127503460,1973,38173,375000,9647822,76346,19295644,"1bill-boot"
9,29,"petite","second",368316,420113,36349006,63651063,840226,127302126,1823,38430,348212,9655943,76860,19311886,"1bill-boot"
9,30,"petite","second",367254,420780,36274565,63725498,841560,127450996,1874,38336,358222,9650950,76672,19301900,"1bill-boot"
34,1,"petite","second",371858,416625,36583564,63416463,833250,126832926,1423,38404,252108,9763135,76808,19526270,"1bill-boot"
34,2,"petite","second",371464,416414,36536396,63463635,832828,126927270,1444,38448,252824,9768606,76896,19537212,"1bill-boot"
34,3,"petite","second",371834,416489,36546032,63454023,832978,126908046,1395,38331,247381,9757473,76662,19514946,"1bill-boot"
34,4,"petite","second",372345,416054,36646724,63353378,832108,126706756,1410,38447,245961,9763656,76894,19527312,"1bill-boot"
34,5,"petite","second",372009,416728,36545390,63454707,833456,126909414,1453,38356,256576,9750630,76712,19501260,"1bill-boot"
34,6,"petite","second",371272,416682,36526071,63473950,833364,126947900,1422,38331,249302,9753204,76662,19506408,"1bill-boot"
34,7,"petite","second",371851,416435,36542631,63457427,832870,126914854,1485,38402,261584,9760641,76804,19521282,"1bill-boot"
34,8,"petite","second",371231,416062,36562961,63437083,832124,126874166,1520,38355,266322,9771696,76710,19543392,"1bill-boot"
34,9,"petite","second",371332,416907,36506253,63493779,833814,126987558,1443,38258,252271,9750617,76516,19501234,"1bill-boot"
34,10,"petite","second",371325,416569,36540407,63459620,833138,126919240,1449,38322,254272,9761377,76644,19522754,"1bill-boot"
34,11,"petite","second",371848,416170,36572458,63427547,832340,126855094,1473,38316,259904,9774334,76632,19548668,"1bill-boot"
34,12,"petite","second",371012,416842,36511408,63488740,833684,126977480,1454,38238,254678,9746677,76476,19493354,"1bill-boot"
34,13,"petite","second",371648,415758,36573373,63426645,831516,126853290,1397,38284,245975,9756376,76568,19512752,"1bill-boot"
34,14,"petite","second",371799,416269,36564784,63435232,832538,126870464,1436,38352,253103,9758559,76704,19517118,"1bill-boot"
34,15,"petite","second",372594,416435,36645904,63354123,832870,126708246,1509,38282,263387,9741398,76564,19482796,"1bill-boot"
34,16,"petite","second",371032,416797,36519051,63481066,833594,126962132,1476,38405,258642,9771463,76810,19542926,"1bill-boot"
34,17,"petite","second",372120,416872,36590833,63409217,833744,126818434,1479,38281,261517,9739958,76562,19479916,"1bill-boot"
34,18,"petite","second",371117,417578,36468920,63531103,835156,127062206,1422,38365,250834,9762811,76730,19525622,"1bill-boot"
34,19,"petite","second",371627,416586,36573697,63426318,833172,126852636,1537,38279,268249,9741310,76558,19482620,"1bill-boot"
34,20,"petite","second",371940,416474,36578090,63422020,832948,126844040,1446,38456,254807,9754798,76912,19509596,"1bill-boot"
34,21,"petite","second",371434,416902,36512013,63488038,833804,126976076,1528,38418,270415,9757149,76836,19514298,"1bill-boot"
34,22,"petite","second",372285,416010,36588402,63411609,832020,126823218,1546,38217,271719,9744552,76434,19489104,"1bill-boot"
34,23,"petite","second",372663,416029,36652416,63347606,832058,126695212,1476,38395,258786,9759275,76790,19518550,"1bill-boot"
34,24,"petite","second",371579,416410,36582641,63417385,832820,126834770,1471,38275,258578,9754829,76550,19509658,"1bill-boot"
34,25,"petite","second",371212,417178,36491953,63508065,834356,127016130,1543,38316,272102,9741857,76632,19483714,"1bill-boot"
34,26,"petite","second",372713,416044,36643699,63356389,832088,126712778,1434,38301,253167,9763619,76602,19527238,"1bill-boot"
34,27,"petite","second",371294,416637,36477748,63522307,833274,127044614,1445,38333,253434,9749310,76666,19498620,"1bill-boot"
34,28,"petite","second",371394,417598,36455932,63544160,835196,127088320,1430,38374,251420,9752462,76748,19504924,"1bill-boot"
34,29,"petite","second",372172,416253,36591283,63408783,832506,126817566,1445,38331,252995,9757883,76662,19515766,"1bill-boot"
34,30,"petite","second",370929,417281,36494041,63506002,834562,127012004,1478,38300,260672,9751265,76600,19502530,"1bill-boot"
7,1,"petite","second",378315,414538,37070872,62929128,829076,125858256,1774,38594,364459,9654573,77188,19309146,"1bill-boot"
7,2,"petite","second",379143,414244,37132945,62867109,828488,125734218,1853,38565,380571,9622263,77130,19244526,"1bill-boot"
7,3,"petite","second",379381,414315,37157690,62842446,828630,125684892,1720,38665,349138,9657163,77330,19314326,"1bill-boot"
7,4,"petite","second",378949,413729,37150973,62849124,827458,125698248,1779,38736,367467,9642910,77472,19285820,"1bill-boot"
7,5,"petite","second",379626,414304,37145505,62854600,828608,125709200,1738,38856,357558,9653776,77712,19307552,"1bill-boot"
7,6,"petite","second",379392,414031,37128643,62871357,828062,125742714,1759,38885,358101,9671968,77770,19343936,"1bill-boot"
7,7,"petite","second",379093,414689,37116168,62883935,829378,125767870,1734,38600,357037,9659900,77200,19319800,"1bill-boot"
7,8,"petite","second",379729,413574,37196518,62803538,827148,125607076,1705,38674,347903,9652732,77348,19305464,"1bill-boot"
7,9,"petite","second",378713,415089,37042971,62957086,830178,125914172,1741,38737,356192,9657482,77474,19314964,"1bill-boot"
7,10,"petite","second",380094,413504,37235454,62764562,827008,125529124,1801,38652,369022,9659639,77304,19319278,"1bill-boot"
7,11,"petite","second",379049,414148,37120644,62879439,828296,125758878,1726,38696,355212,9649917,77392,19299834,"1bill-boot"
7,12,"petite","second",379404,414015,37125334,62874667,828030,125749334,1795,38560,366852,9647153,77120,19294306,"1bill-boot"
7,13,"petite","second",378323,413966,37072873,62927180,827932,125854360,1678,38739,340940,9677839,77478,19355678,"1bill-boot"
7,14,"petite","second",378720,413942,37092303,62907697,827884,125815394,1778,38658,363275,9655573,77316,19311146,"1bill-boot"
7,15,"petite","second",379441,414262,37128946,62871133,828524,125742266,1749,38666,364060,9646967,77332,19293934,"1bill-boot"
7,16,"petite","second",379082,414459,37098585,62901438,828918,125802876,1791,38653,366096,9636191,77306,19272382,"1bill-boot"
7,17,"petite","second",379879,414188,37187184,62813010,828376,125626020,1754,38804,361541,9639659,77608,19279318,"1bill-boot"
7,18,"petite","second",379178,414471,37117114,62882893,828942,125765786,1751,38686,358294,9657205,77372,19314410,"1bill-boot"
7,19,"petite","second",378695,414608,37028547,62971499,829216,125942998,1727,38655,355533,9649151,77310,19298302,"1bill-boot"
7,20,"petite","second",379140,414122,37103969,62896059,828244,125792118,1743,38619,359124,9658188,77238,19316376,"1bill-boot"
7,21,"petite","second",379859,414161,37131052,62869017,828322,125738034,1809,38770,368613,9652645,77540,19305290,"1bill-boot"
7,22,"petite","second",379220,413987,37108110,62891980,827974,125783960,1770,38650,366798,9647749,77300,19295498,"1bill-boot"
7,23,"petite","second",379801,413677,37206483,62793552,827354,125587104,1736,38648,355178,9664892,77296,19329784,"1bill-boot"
7,24,"petite","second",378682,414889,37090864,62909239,829778,125818478,1817,38908,371460,9656606,77816,19313212,"1bill-boot"
7,25,"petite","second",379333,413739,37158374,62841699,827478,125683398,1761,38570,360209,9653368,77140,19306736,"1bill-boot"
7,26,"petite","second",378902,414801,37062639,62937380,829602,125874760,1676,38766,345751,9657207,77532,19314414,"1bill-boot"
7,27,"petite","second",379662,414074,37131306,62868799,828148,125737598,1793,38731,370309,9633674,77462,19267348,"1bill-boot"
7,28,"petite","second",377802,415314,36981967,63018181,830628,126036362,1764,38660,358239,9661919,77320,19323838,"1bill-boot"
7,29,"petite","second",379035,413920,37124569,62875570,827840,125751140,1765,38645,362198,9651245,77290,19302490,"1bill-boot"
7,30,"petite","second",379797,414463,37141439,62858642,828926,125717284,1771,38614,363321,9639006,77228,19278012,"1bill-boot"
6,1,"petite","second",379582,413634,37113190,62886972,827268,125773944,1529,39254,327564,9676974,78508,19353948,"1bill-boot"
6,2,"petite","second",380555,413379,37116504,62883500,826758,125767000,1504,39224,325423,9676058,78448,19352116,"1bill-boot"
6,3,"petite","second",379100,414450,37008501,62991563,828900,125983126,1696,39159,366013,9640521,78318,19281042,"1bill-boot"
6,4,"petite","second",380181,413733,37172310,62827773,827466,125655546,1701,39285,367233,9664391,78570,19328782,"1bill-boot"
6,5,"petite","second",380750,414051,37182657,62817426,828102,125634852,1675,39202,361391,9643036,78404,19286072,"1bill-boot"
6,6,"petite","second",380034,413640,37122403,62877656,827280,125755312,1545,39324,329414,9673334,78648,19346668,"1bill-boot"
6,7,"petite","second",379719,414186,37121612,62878410,828372,125756820,1765,39263,382649,9639669,78526,19279338,"1bill-boot"
6,8,"petite","second",380906,412855,37220390,62779650,825710,125559300,1655,39283,355746,9678828,78566,19357656,"1bill-boot"
6,9,"petite","second",379931,413678,37126857,62873145,827356,125746290,1561,39422,335550,9692181,78844,19384362,"1bill-boot"
6,10,"petite","second",380700,414057,37163935,62836200,828114,125672400,1622,39556,348529,9696683,79112,19393366,"1bill-boot"
6,11,"petite","second",380293,413845,37124446,62875640,827690,125751280,1666,39296,360162,9674651,78592,19349302,"1bill-boot"
6,12,"petite","second",381416,413159,37288866,62711144,826318,125422288,1636,39296,352756,9655776,78592,19311552,"1bill-boot"
6,13,"petite","second",381023,413361,37239435,62760654,826722,125521308,1688,39143,361898,9638904,78286,19277808,"1bill-boot"
6,14,"petite","second",380094,413583,37170012,62830068,827166,125660136,1554,39369,333594,9704461,78738,19408922,"1bill-boot"
6,15,"petite","second",380136,414111,37138771,62861299,828222,125722598,1568,39284,335317,9668150,78568,19336300,"1bill-boot"
6,16,"petite","second",379904,413800,37136719,62863429,827600,125726858,1589,39159,341279,9680315,78318,19360630,"1bill-boot"
6,17,"petite","second",380827,413179,37253709,62746322,826358,125492644,1721,39164,370772,9640335,78328,19280670,"1bill-boot"
6,18,"petite","second",379732,414290,37100724,62899467,828580,125798934,1632,39267,351540,9657394,78534,19314788,"1bill-boot"
6,19,"petite","second",380041,413728,37167466,62832603,827456,125665206,1636,39181,354058,9667257,78362,19334514,"1bill-boot"
6,20,"petite","second",380357,413957,37149865,62850172,827914,125700344,1537,39396,332761,9697892,78792,19395784,"1bill-boot"
6,21,"petite","second",379950,414244,37146969,62853126,828488,125706252,1679,39220,363079,9646623,78440,19293246,"1bill-boot"
6,22,"petite","second",379965,413721,37139866,62860197,827442,125720394,1680,39060,362931,9640091,78120,19280182,"1bill-boot"
6,23,"petite","second",380611,413633,37172637,62827369,827266,125654738,1628,39241,351723,9649208,78482,19298416,"1bill-boot"
6,24,"petite","second",380140,413989,37158699,62841338,827978,125682676,1534,39336,327762,9687411,78672,19374822,"1bill-boot"
6,25,"petite","second",379962,413882,37162796,62837275,827764,125674550,1606,39341,346233,9660810,78682,19321620,"1bill-boot"
6,26,"petite","second",379903,413738,37143286,62856724,827476,125713448,1567,39222,335538,9673392,78444,19346784,"1bill-boot"
6,27,"petite","second",379476,413889,37096912,62903113,827778,125806226,1695,39169,365003,9642985,78338,19285970,"1bill-boot"
6,28,"petite","second",379917,414194,37101010,62898992,828388,125797984,1574,39327,335361,9696226,78654,19392452,"1bill-boot"
6,29,"petite","second",380937,413422,37216518,62783509,826844,125567018,1683,39061,363925,9637017,78122,19274034,"1bill-boot"
6,30,"petite","second",379556,413819,37108617,62891469,827638,125782938,1556,39279,335002,9674065,78558,19348130,"1bill-boot"
1,1,"petite","second",385825,410762,37559134,62440899,821524,124881798,1107,39717,231710,9773272,79434,19546544,"1bill-boot"
1,2,"petite","second",386483,410737,37616467,62383556,821474,124767112,1109,39848,234768,9766429,79696,19532858,"1bill-boot"
1,3,"petite","second",386550,410808,37588894,62411162,821616,124822324,1076,39813,227025,9782548,79626,19565096,"1bill-boot"
1,4,"petite","second",386305,410660,37575666,62424436,821320,124848872,1076,39909,227279,9784379,79818,19568758,"1bill-boot"
1,5,"petite","second",386734,410519,37607553,62392532,821038,124785064,1029,39943,217516,9795734,79886,19591468,"1bill-boot"
1,6,"petite","second",386416,410595,37632331,62367717,821190,124735434,1071,39930,225870,9777491,79860,19554982,"1bill-boot"
1,7,"petite","second",386933,410910,37650633,62349448,821820,124698896,1013,39948,214500,9787981,79896,19575962,"1bill-boot"
1,8,"petite","second",387301,409553,37691903,62308193,819106,124616386,1059,39929,222410,9786263,79858,19572526,"1bill-boot"
1,9,"petite","second",386325,410773,37567854,62432240,821546,124864480,1101,39831,234434,9776517,79662,19553034,"1bill-boot"
1,10,"petite","second",387370,409912,37709821,62290257,819824,124580514,1076,39846,227168,9786281,79692,19572562,"1bill-boot"
1,11,"petite","second",387993,409637,37754737,62245362,819274,124490724,1077,39846,227625,9786653,79692,19573306,"1bill-boot"
1,12,"petite","second",386668,410613,37606744,62393370,821226,124786740,1079,39946,229936,9781043,79892,19562086,"1bill-boot"
1,13,"petite","second",386696,410684,37623710,62376325,821368,124752650,1097,39911,228771,9777924,79822,19555848,"1bill-boot"
1,14,"petite","second",387407,409678,37730260,62269801,819356,124539602,1130,39752,242242,9759015,79504,19518030,"1bill-boot"
1,15,"petite","second",387765,410086,37724504,62275544,820172,124551088,1096,39879,232300,9778423,79758,19556846,"1bill-boot"
1,16,"petite","second",386744,410670,37652424,62347790,821340,124695580,1048,40081,219348,9790347,80162,19580694,"1bill-boot"
1,17,"petite","second",387668,410373,37698943,62301122,820746,124602244,1091,39981,231539,9783066,79962,19566132,"1bill-boot"
1,18,"petite","second",386197,410999,37532995,62467088,821998,124934176,1131,39849,237301,9769745,79698,19539490,"1bill-boot"
1,19,"petite","second",386537,410854,37566317,62433683,821708,124867366,1043,40104,218527,9795920,80208,19591840,"1bill-boot"
1,20,"petite","second",387074,410354,37650241,62349820,820708,124699640,1063,39826,226680,9778545,79652,19557090,"1bill-boot"
1,21,"petite","second",387566,410154,37682971,62317112,820308,124634224,1090,39746,233519,9772437,79492,19544874,"1bill-boot"
1,22,"petite","second",387281,410126,37667679,62332338,820252,124664676,1048,39973,222039,9800564,79946,19601128,"1bill-boot"
1,23,"petite","second",387264,410468,37689944,62310137,820936,124620274,1067,39868,226638,9785877,79736,19571754,"1bill-boot"
1,24,"petite","second",385464,411164,37486766,62513307,822328,125026614,1124,39812,237648,9779414,79624,19558828,"1bill-boot"
1,25,"petite","second",387150,410253,37670824,62329260,820506,124658520,1075,39950,226122,9787337,79900,19574674,"1bill-boot"
1,26,"petite","second",385986,410608,37587936,62412158,821216,124824316,1077,39975,228320,9791551,79950,19583102,"1bill-boot"
1,27,"petite","second",386648,410285,37634784,62365401,820570,124730802,1139,39948,242749,9783630,79896,19567260,"1bill-boot"
1,28,"petite","second",386480,411029,37607398,62392650,822058,124785300,1054,39911,224289,9791931,79822,19583862,"1bill-boot"
1,29,"petite","second",386782,410388,37609588,62390483,820776,124780966,1052,39920,223184,9777920,79840,19555840,"1bill-boot"
1,30,"petite","second",386953,410366,37654058,62345959,820732,124691918,1089,39949,230573,9783331,79898,19566662,"1bill-boot"
8,1,"petite","second",373001,413631,36597144,63402895,827262,126805790,635,39434,134676,9867908,78868,19735816,"1bill-boot"
8,2,"petite","second",373717,413290,36639674,63360351,826580,126720702,597,39440,124588,9888676,78880,19777352,"1bill-boot"
8,3,"petite","second",374017,413752,36678832,63321216,827504,126642432,606,39643,129840,9881636,79286,19763272,"1bill-boot"
8,4,"petite","second",372777,413672,36538273,63461841,827344,126923682,632,39249,134295,9867538,78498,19735076,"1bill-boot"
8,5,"petite","second",373507,414263,36613488,63386553,828526,126773106,586,39430,122154,9878922,78860,19757844,"1bill-boot"
8,6,"petite","second",373064,413607,36575744,63424358,827214,126848716,609,39317,128977,9872047,78634,19744094,"1bill-boot"
8,7,"petite","second",373351,413955,36614356,63385673,827910,126771346,717,39535,143209,9860272,79070,19720544,"1bill-boot"
8,8,"petite","second",373432,413464,36593342,63406724,826928,126813448,591,39377,123867,9879589,78754,19759178,"1bill-boot"
8,9,"petite","second",374190,413821,36672670,63327364,827642,126654728,614,39613,130711,9884975,79226,19769950,"1bill-boot"
8,10,"petite","second",373961,413147,36704342,63295659,826294,126591318,594,39571,123149,9892010,79142,19784020,"1bill-boot"
8,11,"petite","second",372610,414325,36516170,63483940,828650,126967880,576,39530,118139,9882911,79060,19765822,"1bill-boot"
8,12,"petite","second",373562,414011,36608338,63391820,828022,126783640,596,39601,122761,9903347,79202,19806694,"1bill-boot"
8,13,"petite","second",373625,413795,36645001,63355208,827590,126710416,580,39602,123014,9888803,79204,19777606,"1bill-boot"
8,14,"petite","second",373806,413494,36652677,63347385,826988,126694770,607,39644,127956,9904382,79288,19808764,"1bill-boot"
8,15,"petite","second",373587,413753,36613398,63386651,827506,126773302,580,39513,119982,9887032,79026,19774064,"1bill-boot"
8,16,"petite","second",372550,414856,36521861,63478236,829712,126956472,741,39533,146214,9860277,79066,19720554,"1bill-boot"
8,17,"petite","second",373693,413603,36670044,63329977,827206,126659954,565,39561,120000,9894878,79122,19789756,"1bill-boot"
8,18,"petite","second",374121,414097,36673163,63326843,828194,126653686,607,39532,127094,9875792,79064,19751584,"1bill-boot"
8,19,"petite","second",373294,413876,36580043,63419971,827752,126839942,637,39320,135796,9876525,78640,19753050,"1bill-boot"
8,20,"petite","second",374178,413759,36678740,63321499,827518,126642998,588,39641,120268,9892432,79282,19784864,"1bill-boot"
8,21,"petite","second",372756,414105,36564886,63435209,828210,126870418,612,39457,128233,9880176,78914,19760352,"1bill-boot"
8,22,"petite","second",373168,413757,36573627,63426547,827514,126853094,519,39542,108342,9906511,79084,19813022,"1bill-boot"
8,23,"petite","second",372767,414148,36539967,63460138,828296,126920276,590,39559,121683,9895168,79118,19790336,"1bill-boot"
8,24,"petite","second",372661,414213,36515418,63484669,828426,126969338,588,39288,123057,9878618,78576,19757236,"1bill-boot"
8,25,"petite","second",373181,414293,36568140,63431872,828586,126863744,593,39431,125915,9883071,78862,19766142,"1bill-boot"
8,26,"petite","second",373795,413509,36639579,63360427,827018,126720854,556,39437,117479,9897278,78874,19794556,"1bill-boot"
8,27,"petite","second",373686,413052,36677319,63322705,826104,126645410,617,39454,131052,9879560,78908,19759120,"1bill-boot"
8,28,"petite","second",372521,414554,36511523,63488482,829108,126976964,593,39547,122990,9881621,79094,19763242,"1bill-boot"
8,29,"petite","second",374073,413918,36657188,63342936,827836,126685872,705,39477,141285,9860821,78954,19721642,"1bill-boot"
8,30,"petite","second",373994,413787,36676932,63323144,827574,126646288,708,39580,140551,9875703,79160,19751406,"1bill-boot"
35,1,"petite","second",380053,411615,37054485,62945554,823230,125891108,580,39563,114049,9888386,79126,19776772,"1bill-boot"
35,2,"petite","second",381191,411251,37171712,62828439,822502,125656878,574,39615,111836,9891686,79230,19783372,"1bill-boot"
35,3,"petite","second",379649,412154,37020581,62979521,824308,125959042,570,39576,111031,9905073,79152,19810146,"1bill-boot"
35,4,"petite","second",380782,411113,37128739,62871326,822226,125742652,600,39520,116569,9896069,79040,19792138,"1bill-boot"
35,5,"petite","second",380686,411733,37098132,62901993,823466,125803986,610,39544,118854,9882642,79088,19765284,"1bill-boot"
35,6,"petite","second",381224,411716,37163625,62836458,823432,125672916,637,39720,124527,9885731,79440,19771462,"1bill-boot"
35,7,"petite","second",380387,412034,37086136,62913865,824068,125827730,575,39647,111346,9905805,79294,19811610,"1bill-boot"
35,8,"petite","second",380346,411606,37097632,62902457,823212,125804914,593,39557,115881,9885847,79114,19771694,"1bill-boot"
35,9,"petite","second",380298,412295,37082600,62917402,824590,125834804,568,39707,111627,9899212,79414,19798424,"1bill-boot"
35,10,"petite","second",380068,411414,37086525,62913522,822828,125827044,610,39605,120073,9903967,79210,19807934,"1bill-boot"
35,11,"petite","second",379537,412282,37012811,62987220,824564,125974440,581,39571,113264,9892808,79142,19785616,"1bill-boot"
35,12,"petite","second",380287,411795,37102422,62897635,823590,125795270,621,39532,121480,9891222,79064,19782444,"1bill-boot"
35,13,"petite","second",380397,412009,37037846,62962463,824018,125924926,584,39671,114038,9892922,79342,19785844,"1bill-boot"
35,14,"petite","second",381141,411140,37178755,62821290,822280,125642580,605,39516,118972,9882407,79032,19764814,"1bill-boot"
35,15,"petite","second",379681,412441,36988223,63011816,824882,126023632,588,39573,114760,9892395,79146,19784790,"1bill-boot"
35,16,"petite","second",380472,411825,37108882,62891172,823650,125782344,589,39691,114057,9900500,79382,19801000,"1bill-boot"
35,17,"petite","second",380975,411648,37150211,62849977,823296,125699954,592,39651,115012,9899135,79302,19798270,"1bill-boot"
35,18,"petite","second",379377,412585,36968390,63031736,825170,126063472,566,39628,110184,9898698,79256,19797396,"1bill-boot"
35,19,"petite","second",379700,412372,36993329,63006686,824744,126013372,527,39619,102722,9904656,79238,19809312,"1bill-boot"
35,20,"petite","second",380436,411952,37058159,62941937,823904,125883874,593,39636,115020,9895982,79272,19791964,"1bill-boot"
35,21,"petite","second",380076,411882,37072148,62927866,823764,125855732,576,39666,110505,9890839,79332,19781678,"1bill-boot"
35,22,"petite","second",379878,411879,37022642,62977431,823758,125954862,583,39637,111966,9896825,79274,19793650,"1bill-boot"
35,23,"petite","second",379979,412273,37072593,62927592,824546,125855184,601,39620,117674,9895820,79240,19791640,"1bill-boot"
35,24,"petite","second",379339,412351,37004179,62995848,824702,125991696,590,39548,115227,9887964,79096,19775928,"1bill-boot"
35,25,"petite","second",380359,412096,37089217,62910830,824192,125821660,617,39486,121921,9891349,78972,19782698,"1bill-boot"
35,26,"petite","second",381126,411231,37161468,62838738,822462,125677476,575,39766,112557,9903784,79532,19807568,"1bill-boot"
35,27,"petite","second",380210,411640,37088659,62911468,823280,125822936,595,39558,114395,9892291,79116,19784582,"1bill-boot"
35,28,"petite","second",380022,412318,37039578,62960514,824636,125921028,633,39621,122626,9887880,79242,19775760,"1bill-boot"
35,29,"petite","second",379753,411651,37021435,62978688,823302,125957376,606,39379,117035,9892973,78758,19785946,"1bill-boot"
35,30,"petite","second",380138,411742,37042619,62957511,823484,125915022,580,39641,112618,9895981,79282,19791962,"1bill-boot"
32,1,"petite","second",369643,417291,36176405,63823675,834582,127647350,674,38460,115867,9912737,76920,19825474,"1bill-boot"
32,2,"petite","second",371522,416338,36280140,63719960,832676,127439920,692,38529,119838,9887837,77058,19775674,"1bill-boot"
32,3,"petite","second",371696,416766,36363583,63636498,833532,127272996,742,38504,130725,9890658,77008,19781316,"1bill-boot"
32,4,"petite","second",370827,416742,36272116,63727905,833484,127455810,723,38327,125109,9879639,76654,19759278,"1bill-boot"
32,5,"petite","second",370640,416955,36244834,63755237,833910,127510474,705,38380,122800,9885565,76760,19771130,"1bill-boot"
32,6,"petite","second",370734,416886,36252872,63747144,833772,127494288,709,38449,123954,9890741,76898,19781482,"1bill-boot"
32,7,"petite","second",371045,416811,36260213,63739874,833622,127479748,720,38310,123877,9880561,76620,19761122,"1bill-boot"
32,8,"petite","second",370953,416544,36247973,63752079,833088,127504158,707,38457,121280,9891351,76914,19782702,"1bill-boot"
32,9,"petite","second",369880,417837,36142999,63857119,835674,127714238,748,38440,131111,9875152,76880,19750304,"1bill-boot"
32,10,"petite","second",371482,416040,36336597,63663449,832080,127326898,622,38365,108914,9905510,76730,19811020,"1bill-boot"
32,11,"petite","second",370687,417152,36228412,63771667,834304,127543334,678,38493,117753,9907974,76986,19815948,"1bill-boot"
32,12,"petite","second",370204,416482,36255922,63744184,832964,127488368,689,38381,118671,9890507,76762,19781014,"1bill-boot"
32,13,"petite","second",370995,416388,36276166,63723981,832776,127447962,682,38448,119654,9895434,76896,19790868,"1bill-boot"
32,14,"petite","second",370880,416494,36265341,63734738,832988,127469476,677,38432,116684,9902488,76864,19804976,"1bill-boot"
32,15,"petite","second",371515,416466,36294112,63705959,832932,127411918,708,38459,122941,9891977,76918,19783954,"1bill-boot"
32,16,"petite","second",370919,416956,36257425,63742658,833912,127485316,680,38436,117707,9908663,76872,19817326,"1bill-boot"
32,17,"petite","second",371425,417045,36248230,63751836,834090,127503672,673,38525,117992,9907005,77050,19814010,"1bill-boot"
32,18,"petite","second",370152,417215,36218296,63781801,834430,127563602,656,38513,114578,9892598,77026,19785196,"1bill-boot"
32,19,"petite","second",370136,417207,36163819,63836275,834414,127672550,626,38482,108864,9916529,76964,19833058,"1bill-boot"
32,20,"petite","second",370705,416444,36242073,63757948,832888,127515896,626,38404,109073,9909272,76808,19818544,"1bill-boot"
32,21,"petite","second",371556,416536,36303580,63696561,833072,127393122,703,38477,121753,9909940,76954,19819880,"1bill-boot"
32,22,"petite","second",370318,417038,36207570,63792531,834076,127585062,721,38394,125186,9884607,76788,19769214,"1bill-boot"
32,23,"petite","second",370090,417277,36209324,63790734,834554,127581468,672,38411,116029,9898635,76822,19797270,"1bill-boot"
32,24,"petite","second",369850,417370,36108492,63891546,834740,127783092,685,38385,118915,9886504,76770,19773008,"1bill-boot"
32,25,"petite","second",370723,416631,36243935,63756085,833262,127512170,696,38471,121878,9902016,76942,19804032,"1bill-boot"
32,26,"petite","second",371261,416437,36307517,63692497,832874,127384994,673,38395,117112,9894024,76790,19788048,"1bill-boot"
32,27,"petite","second",371119,416140,36301985,63698036,832280,127396072,725,38277,125504,9881691,76554,19763382,"1bill-boot"
32,28,"petite","second",371021,416684,36272686,63727374,833368,127454748,694,38501,120429,9907401,77002,19814802,"1bill-boot"
32,29,"petite","second",369999,417478,36150260,63849840,834956,127699680,703,38307,121790,9893887,76614,19787774,"1bill-boot"
32,30,"petite","second",371856,415642,36349099,63651055,831284,127302110,691,38420,120440,9905649,76840,19811298,"1bill-boot"
50,1,"petite","second",378437,409733,37080735,62919424,819466,125838848,925,39195,165617,9841714,78390,19683428,"1bill-boot"
50,2,"petite","second",380045,409083,37181264,62818745,818166,125637490,892,39265,162037,9842240,78530,19684480,"1bill-boot"
50,3,"petite","second",377950,410530,37010350,62989702,821060,125979404,933,39208,169048,9858299,78416,19716598,"1bill-boot"
50,4,"petite","second",378959,409972,37092783,62907263,819944,125814526,853,39304,154428,9866070,78608,19732140,"1bill-boot"
50,5,"petite","second",378589,409781,37068803,62931399,819562,125862798,928,39312,166869,9854242,78624,19708484,"1bill-boot"
50,6,"petite","second",378660,410488,37052462,62947558,820976,125895116,897,39202,161122,9845581,78404,19691162,"1bill-boot"
50,7,"petite","second",379268,409856,37097267,62902742,819712,125805484,954,39293,172435,9853496,78586,19706992,"1bill-boot"
50,8,"petite","second",379629,409151,37174688,62825397,818302,125650794,912,39295,163463,9859215,78590,19718430,"1bill-boot"
50,9,"petite","second",378135,410537,37015016,62985126,821074,125970252,929,39261,166267,9837827,78522,19675654,"1bill-boot"
50,10,"petite","second",378716,410038,37102941,62897082,820076,125794164,862,39373,156860,9869925,78746,19739850,"1bill-boot"
50,11,"petite","second",378918,409906,37078147,62921890,819812,125843780,937,39196,171976,9830724,78392,19661448,"1bill-boot"
50,12,"petite","second",378976,410474,37099349,62900709,820948,125801418,859,39313,156786,9864024,78626,19728048,"1bill-boot"
50,13,"petite","second",377541,409970,37016051,62984000,819940,125968000,890,39118,160687,9842573,78236,19685146,"1bill-boot"
50,14,"petite","second",378942,409798,37102131,62897871,819596,125795742,940,39211,168535,9837614,78422,19675228,"1bill-boot"
50,15,"petite","second",378723,409758,37078839,62921181,819516,125842362,865,39239,158594,9849398,78478,19698796,"1bill-boot"
50,16,"petite","second",378352,410509,37034637,62965493,821018,125930986,921,39282,167378,9849533,78564,19699066,"1bill-boot"
50,17,"petite","second",378936,409725,37091992,62908019,819450,125816038,872,39274,156102,9862813,78548,19725626,"1bill-boot"
50,18,"petite","second",378329,410364,37043041,62957010,820728,125914020,853,39334,152696,9854189,78668,19708378,"1bill-boot"
50,19,"petite","second",377914,410376,36995324,63004694,820752,126009388,925,39189,167863,9835792,78378,19671584,"1bill-boot"
50,20,"petite","second",378597,410108,37069248,62930811,820216,125861622,944,39252,171113,9847756,78504,19695512,"1bill-boot"
50,21,"petite","second",378534,409992,37094825,62905203,819984,125810406,897,39408,162718,9861496,78816,19722992,"1bill-boot"
50,22,"petite","second",378481,409924,37056083,62943930,819848,125887860,849,39339,152827,9858464,78678,19716928,"1bill-boot"
50,23,"petite","second",379000,409779,37119600,62880446,819558,125760892,919,39245,166217,9850841,78490,19701682,"1bill-boot"
50,24,"petite","second",377889,411130,36950757,63049249,822260,126098498,861,39292,157137,9866379,78584,19732758,"1bill-boot"
50,25,"petite","second",378522,409982,37047976,62952037,819964,125904074,882,39240,158396,9858545,78480,19717090,"1bill-boot"
50,26,"petite","second",378632,410002,37069238,62930819,820004,125861638,883,39192,159494,9845123,78384,19690246,"1bill-boot"
50,27,"petite","second",378417,409831,37054097,62946009,819662,125892018,857,39245,154190,9859218,78490,19718436,"1bill-boot"
50,28,"petite","second",379472,409678,37161102,62838944,819356,125677888,856,39371,154220,9855229,78742,19710458,"1bill-boot"
50,29,"petite","second",378495,410096,37075583,62924518,820192,125849036,912,39417,165351,9863457,78834,19726914,"1bill-boot"
50,30,"petite","second",378968,409635,37135027,62865033,819270,125730066,918,39173,164632,9850172,78346,19700344,"1bill-boot"
43,1,"petite","second",369203,413764,36355757,63644280,827528,127288560,1095,39521,190811,9814133,79042,19628266,"1bill-boot"
43,2,"petite","second",369122,413556,36341508,63658541,827112,127317082,1051,39582,180654,9824659,79164,19649318,"1bill-boot"
43,3,"petite","second",369222,413966,36331666,63668376,827932,127336752,1165,39536,197402,9813021,79072,19626042,"1bill-boot"
43,4,"petite","second",368482,413679,36305101,63694996,827358,127389992,1122,39489,194757,9811020,78978,19622040,"1bill-boot"
43,5,"petite","second",369412,413900,36330829,63669263,827800,127338526,1011,39563,173091,9831440,79126,19662880,"1bill-boot"
43,6,"petite","second",369647,413610,36427961,63572128,827220,127144256,1062,39612,183557,9825897,79224,19651794,"1bill-boot"
43,7,"petite","second",370037,413538,36428385,63571639,827076,127143278,1083,39553,185660,9832912,79106,19665824,"1bill-boot"
43,8,"petite","second",369748,412502,36423375,63576697,825004,127153394,1109,39522,193649,9831347,79044,19662694,"1bill-boot"
43,9,"petite","second",369922,412946,36402264,63597837,825892,127195674,1069,39516,185058,9834856,79032,19669712,"1bill-boot"
43,10,"petite","second",369799,413516,36416084,63584172,827032,127168344,1053,39582,181412,9822078,79164,19644156,"1bill-boot"
43,11,"petite","second",369480,413387,36391942,63608080,826774,127216160,1043,39577,181278,9839669,79154,19679338,"1bill-boot"
43,12,"petite","second",369227,413714,36387463,63612583,827428,127225166,1184,39396,202643,9802240,78792,19604480,"1bill-boot"
43,13,"petite","second",368910,413604,36363857,63636150,827208,127272300,1038,39641,179631,9839061,79282,19678122,"1bill-boot"
43,14,"petite","second",369769,413291,36417202,63582848,826582,127165696,1121,39586,194986,9807625,79172,19615250,"1bill-boot"
43,15,"petite","second",370722,413208,36479812,63520277,826416,127040554,1229,39523,208553,9800915,79046,19601830,"1bill-boot"
43,16,"petite","second",369419,413230,36367060,63632978,826460,127265956,1143,39409,197881,9809750,78818,19619500,"1bill-boot"
43,17,"petite","second",369658,413742,36391575,63608547,827484,127217094,1141,39526,195119,9806185,79052,19612370,"1bill-boot"
43,18,"petite","second",369303,413922,36343924,63656182,827844,127312364,1051,39643,182765,9836446,79286,19672892,"1bill-boot"
43,19,"petite","second",369421,413924,36360690,63639339,827848,127278678,1074,39548,184913,9833623,79096,19667246,"1bill-boot"
43,20,"petite","second",369494,413469,36359326,63640699,826938,127281398,1093,39581,187657,9823964,79162,19647928,"1bill-boot"
43,21,"petite","second",369425,414073,36394671,63605393,828146,127210786,1063,39611,185138,9821375,79222,19642750,"1bill-boot"
43,22,"petite","second",369693,413931,36388338,63611895,827862,127223790,1080,39567,186749,9813878,79134,19627756,"1bill-boot"
43,23,"petite","second",369608,413850,36342511,63657626,827700,127315252,1027,39676,178322,9836143,79352,19672286,"1bill-boot"
43,24,"petite","second",368838,414208,36305370,63694662,828416,127389324,968,39688,169441,9851133,79376,19702266,"1bill-boot"
43,25,"petite","second",369825,414017,36417844,63582194,828034,127164388,1206,39607,203928,9816628,79214,19633256,"1bill-boot"
43,26,"petite","second",369325,413880,36357394,63642721,827760,127285442,1023,39618,176889,9828181,79236,19656362,"1bill-boot"
43,27,"petite","second",368992,413291,36355468,63644666,826582,127289332,1064,39592,184393,9843619,79184,19687238,"1bill-boot"
43,28,"petite","second",368586,414276,36289404,63710656,828552,127421312,1092,39666,189078,9824228,79332,19648456,"1bill-boot"
43,29,"petite","second",369706,413683,36422409,63577651,827366,127155302,1155,39614,194029,9806644,79228,19613288,"1bill-boot"
43,30,"petite","second",369198,413544,36356154,63643875,827088,127287750,1068,39637,183900,9824680,79274,19649360,"1bill-boot"
44,1,"petite","second",368330,422432,36278351,63721730,844864,127443460,1166,38443,233939,9766155,76886,19532310,"1bill-boot"
44,2,"petite","second",368900,422056,36359377,63640646,844112,127281292,1195,38577,236080,9788688,77154,19577376,"1bill-boot"
44,3,"petite","second",368512,422228,36264281,63735760,844456,127471520,1169,38445,229222,9778234,76890,19556468,"1bill-boot"
44,4,"petite","second",368475,422009,36259765,63740296,844018,127480592,1175,38507,235782,9770359,77014,19540718,"1bill-boot"
44,5,"petite","second",368896,422371,36310769,63689249,844742,127378498,1147,38578,224932,9784643,77156,19569286,"1bill-boot"
44,6,"petite","second",369369,421631,36404901,63595220,843262,127190440,1223,38536,238195,9776730,77072,19553460,"1bill-boot"
44,7,"petite","second",369172,422235,36325679,63674376,844470,127348752,1176,38614,232683,9778345,77228,19556690,"1bill-boot"
44,8,"petite","second",368850,421831,36317118,63682976,843662,127365952,1162,38610,229838,9790328,77220,19580656,"1bill-boot"
44,9,"petite","second",368791,422335,36276685,63723333,844670,127446666,1223,38517,242725,9773099,77034,19546198,"1bill-boot"
44,10,"petite","second",369471,422040,36345976,63654073,844080,127308146,1113,38690,219515,9805067,77380,19610134,"1bill-boot"
44,11,"petite","second",368230,423049,36247454,63752561,846098,127505122,1191,38594,236039,9787341,77188,19574682,"1bill-boot"
44,12,"petite","second",368845,422369,36299436,63700719,844738,127401438,1180,38575,233797,9782964,77150,19565928,"1bill-boot"
44,13,"petite","second",369613,421425,36392183,63607884,842850,127215768,1166,38545,230092,9770672,77090,19541344,"1bill-boot"
44,14,"petite","second",368646,422394,36295653,63704378,844788,127408756,1138,38613,222321,9783785,77226,19567570,"1bill-boot"
44,15,"petite","second",368405,422626,36273118,63727060,845252,127454120,1189,38627,239501,9781308,77254,19562616,"1bill-boot"
44,16,"petite","second",369085,422393,36331966,63668044,844786,127336088,1166,38529,231457,9772013,77058,19544026,"1bill-boot"
44,17,"petite","second",369627,422190,36352421,63647623,844380,127295246,1181,38459,235887,9767379,76918,19534758,"1bill-boot"
44,18,"petite","second",368407,422880,36211760,63788244,845760,127576488,1161,38546,230887,9778397,77092,19556794,"1bill-boot"
44,19,"petite","second",369304,422230,36311512,63688557,844460,127377114,1190,38588,230793,9799085,77176,19598170,"1bill-boot"
44,20,"petite","second",369046,421951,36340148,63660245,843902,127320490,1194,38562,235413,9778800,77124,19557600,"1bill-boot"
44,21,"petite","second",369662,421869,36364920,63635107,843738,127270214,1216,38635,242012,9786631,77270,19573262,"1bill-boot"
44,22,"petite","second",367573,423258,36151831,63848226,846516,127696452,1217,38581,236804,9784242,77162,19568484,"1bill-boot"
44,23,"petite","second",369050,422637,36313450,63686554,845274,127373108,1179,38644,229873,9780602,77288,19561204,"1bill-boot"
44,24,"petite","second",368046,422609,36221088,63779170,845218,127558340,1235,38480,244088,9768861,76960,19537722,"1bill-boot"
44,25,"petite","second",368819,422483,36297617,63702585,844966,127405170,1271,38461,249966,9766166,76922,19532332,"1bill-boot"
44,26,"petite","second",369266,421483,36375850,63624153,842966,127248306,1122,38584,221513,9790172,77168,19580344,"1bill-boot"
44,27,"petite","second",368496,422231,36297389,63702636,844462,127405272,1212,38685,240211,9763311,77370,19526622,"1bill-boot"
44,28,"petite","second",368905,422388,36298340,63701746,844776,127403492,1195,38570,237026,9792681,77140,19585362,"1bill-boot"
44,29,"petite","second",369069,422390,36317816,63682484,844780,127364968,1207,38575,238308,9772956,77150,19545912,"1bill-boot"
44,30,"petite","second",368920,422229,36370343,63629698,844458,127259396,1225,38528,243987,9777244,77056,19554488,"1bill-boot"
10,1,"petite","second",387239,407487,37740761,62259421,814974,124518842,1174,39512,237854,9769757,79024,19539514,"1bill-boot"
10,2,"petite","second",387488,407753,37726531,62273628,815506,124547256,1055,39447,218727,9784936,78894,19569872,"1bill-boot"
10,3,"petite","second",387785,407554,37793004,62207065,815108,124414130,1122,39678,231581,9792437,79356,19584874,"1bill-boot"
10,4,"petite","second",387710,407287,37796238,62203782,814574,124407564,1073,39553,223842,9806140,79106,19612280,"1bill-boot"
10,5,"petite","second",387336,407707,37715960,62284075,815414,124568150,1029,39474,211194,9789389,78948,19578778,"1bill-boot"
10,6,"petite","second",387280,407663,37736496,62263631,815326,124527262,1078,39605,220713,9796661,79210,19593322,"1bill-boot"
10,7,"petite","second",387720,407803,37750551,62249519,815606,124499038,1065,39573,218722,9789272,79146,19578544,"1bill-boot"
10,8,"petite","second",387306,407030,37763617,62236556,814060,124473112,1105,39499,228636,9782601,78998,19565202,"1bill-boot"
10,9,"petite","second",387210,408001,37742150,62257851,816002,124515702,1187,39484,241178,9768131,78968,19536262,"1bill-boot"
10,10,"petite","second",386854,407546,37678465,62321604,815092,124643208,1051,39561,214746,9798452,79122,19596904,"1bill-boot"
10,11,"petite","second",386875,407753,37662080,62337936,815506,124675872,1074,39431,219206,9786411,78862,19572822,"1bill-boot"
10,12,"petite","second",387558,407594,37790014,62210108,815188,124420216,1161,39503,238443,9772690,79006,19545380,"1bill-boot"
10,13,"petite","second",387557,407510,37752023,62247990,815020,124495980,1119,39462,226843,9779665,78924,19559330,"1bill-boot"
10,14,"petite","second",387799,407163,37782011,62218116,814326,124436232,1052,39672,213142,9815935,79344,19631870,"1bill-boot"
10,15,"petite","second",386954,408450,37627002,62373063,816900,124746126,1093,39501,226528,9787817,79002,19575634,"1bill-boot"
10,16,"petite","second",385954,408145,37624572,62375447,816290,124750894,1087,39533,222468,9788353,79066,19576706,"1bill-boot"
10,17,"petite","second",387501,407530,37759620,62240478,815060,124480956,1102,39550,226299,9801005,79100,19602010,"1bill-boot"
10,18,"petite","second",386959,408206,37707908,62292231,816412,124584462,1133,39432,236854,9775396,78864,19550792,"1bill-boot"
10,19,"petite","second",386723,408126,37668112,62332039,816252,124664078,1062,39413,221795,9785153,78826,19570306,"1bill-boot"
10,20,"petite","second",388013,406894,37779345,62220668,813788,124441336,1105,39428,227877,9789753,78856,19579506,"1bill-boot"
10,21,"petite","second",386559,407974,37665179,62334938,815948,124669876,1107,39562,223749,9778243,79124,19556486,"1bill-boot"
10,22,"petite","second",387583,407324,37741213,62258821,814648,124517642,1034,39601,212664,9798629,79202,19597258,"1bill-boot"
10,23,"petite","second",387784,407320,37760635,62239480,814640,124478960,1047,39470,215498,9798868,78940,19597736,"1bill-boot"
10,24,"petite","second",386689,408407,37669676,62330476,816814,124660952,1107,39564,226751,9794626,79128,19589252,"1bill-boot"
10,25,"petite","second",387061,407324,37764428,62235599,814648,124471198,1091,39572,225699,9785567,79144,19571134,"1bill-boot"
10,26,"petite","second",387190,407350,37735107,62265022,814700,124530044,1093,39447,224169,9790825,78894,19581650,"1bill-boot"
10,27,"petite","second",387173,407446,37737092,62262923,814892,124525846,1092,39619,222595,9791094,79238,19582188,"1bill-boot"
10,28,"petite","second",386950,408611,37672513,62327552,817222,124655104,1079,39636,220785,9787324,79272,19574648,"1bill-boot"
10,29,"petite","second",387643,407847,37750930,62249228,815694,124498456,1108,39590,222735,9789033,79180,19578066,"1bill-boot"
10,30,"petite","second",386548,408485,37660777,62339265,816970,124678530,1021,39606,209616,9798136,79212,19596272,"1bill-boot"
17,1,"petite","second",372485,419158,36566407,63433697,838316,126867394,1647,38826,336909,9673890,77652,19347780,"1bill-boot"
17,2,"petite","second",373862,418561,36694623,63305387,837122,126610774,1671,38858,340637,9666190,77716,19332380,"1bill-boot"
17,3,"petite","second",373374,418355,36673949,63326164,836710,126652328,1741,38629,354580,9652351,77258,19304702,"1bill-boot"
17,4,"petite","second",373870,418047,36719998,63280194,836094,126560388,1694,38745,341758,9670521,77490,19341042,"1bill-boot"
17,5,"petite","second",373368,418910,36611488,63388623,837820,126777246,1768,38878,368390,9666961,77756,19333922,"1bill-boot"
17,6,"petite","second",373264,418615,36634103,63365946,837230,126731892,1686,38844,340052,9677244,77688,19354488,"1bill-boot"
17,7,"petite","second",373645,418520,36671144,63328899,837040,126657798,1809,38685,378825,9625746,77370,19251492,"1bill-boot"
17,8,"petite","second",374140,417700,36736464,63263681,835400,126527362,1801,38596,377119,9623780,77192,19247560,"1bill-boot"
17,9,"petite","second",373432,418158,36632515,63367540,836316,126735080,1640,38584,332728,9674891,77168,19349782,"1bill-boot"
17,10,"petite","second",374930,418001,36775344,63224708,836002,126449416,1729,38849,352651,9659769,77698,19319538,"1bill-boot"
17,11,"petite","second",373230,418654,36624439,63375630,837308,126751260,1712,38775,346591,9676790,77550,19353580,"1bill-boot"
17,12,"petite","second",373127,418585,36627200,63372890,837170,126745780,1711,38880,348689,9669550,77760,19339100,"1bill-boot"
17,13,"petite","second",373141,418559,36612614,63387626,837118,126775252,1677,38935,340966,9682789,77870,19365578,"1bill-boot"
17,14,"petite","second",373955,418375,36701046,63298957,836750,126597914,1755,38759,355302,9659751,77518,19319502,"1bill-boot"
17,15,"petite","second",373247,418656,36609792,63390256,837312,126780512,1656,38903,335902,9683812,77806,19367624,"1bill-boot"
17,16,"petite","second",374296,418013,36711432,63288806,836026,126577612,1716,38816,361288,9649052,77632,19298104,"1bill-boot"
17,17,"petite","second",373970,418565,36706686,63293522,837130,126587044,1789,38875,374105,9651063,77750,19302126,"1bill-boot"
17,18,"petite","second",372919,419199,36567227,63432886,838398,126865772,1846,38817,385422,9639473,77634,19278946,"1bill-boot"
17,19,"petite","second",372227,418935,36546462,63453605,837870,126907210,1620,38776,328752,9680123,77552,19360246,"1bill-boot"
17,20,"petite","second",373069,418935,36620875,63379219,837870,126758438,1810,38774,378316,9645424,77548,19290848,"1bill-boot"
17,21,"petite","second",373774,418126,36687925,63312144,836252,126624288,1720,38819,363405,9642729,77638,19285458,"1bill-boot"
17,22,"petite","second",373458,418757,36630809,63369227,837514,126738454,1737,38834,362896,9664170,77668,19328340,"1bill-boot"
17,23,"petite","second",373576,418829,36676935,63323099,837658,126646198,1821,38775,382889,9628580,77550,19257160,"1bill-boot"
17,24,"petite","second",372160,419569,36518231,63481814,839138,126963628,1732,38795,348484,9665538,77590,19331076,"1bill-boot"
17,25,"petite","second",373855,417944,36721014,63279040,835888,126558080,1681,38632,342354,9668984,77264,19337968,"1bill-boot"
17,26,"petite","second",374094,418048,36758171,63241882,836096,126483764,1709,38815,346959,9660991,77630,19321982,"1bill-boot"
17,27,"petite","second",373809,418290,36688779,63311285,836580,126622570,1816,38692,382307,9638929,77384,19277858,"1bill-boot"
17,28,"petite","second",373154,418883,36636254,63363750,837766,126727500,1836,38654,384966,9618857,77308,19237714,"1bill-boot"
17,29,"petite","second",372664,419081,36543618,63456482,838162,126912964,1718,38785,348561,9673519,77570,19347038,"1bill-boot"
17,30,"petite","second",373625,418532,36700812,63299190,837064,126598380,1721,38730,358921,9647726,77460,19295452,"1bill-boot"
28,1,"petite","second",379290,418786,36874382,63125654,837572,126251308,1304,40679,233797,9781050,81358,19562100,"1bill-boot"
28,2,"petite","second",379223,418773,36849039,63151088,837546,126302176,1338,40474,240522,9760846,80948,19521692,"1bill-boot"
28,3,"petite","second",378649,418980,36838449,63161661,837960,126323322,1334,40611,241534,9776012,81222,19552024,"1bill-boot"
28,4,"petite","second",378670,419037,36804341,63195691,838074,126391382,1292,40537,233893,9785357,81074,19570714,"1bill-boot"
28,5,"petite","second",378509,418673,36779744,63220304,837346,126440608,1288,40563,232018,9785683,81126,19571366,"1bill-boot"
28,6,"petite","second",378725,418588,36809303,63190777,837176,126381554,1257,40647,223717,9790271,81294,19580542,"1bill-boot"
28,7,"petite","second",378945,419273,36805730,63194326,838546,126388652,1276,40627,230636,9782143,81254,19564286,"1bill-boot"
28,8,"petite","second",380212,417667,37005062,62995038,835334,125990076,1225,40653,220707,9788468,81306,19576936,"1bill-boot"
28,9,"petite","second",379526,418232,36908687,63091346,836464,126182692,1283,40648,229422,9777962,81296,19555924,"1bill-boot"
28,10,"petite","second",380170,418121,36920902,63079131,836242,126158262,1269,40691,229625,9785212,81382,19570424,"1bill-boot"
28,11,"petite","second",379127,418653,36862779,63137313,837306,126274626,1285,40550,232336,9773410,81100,19546820,"1bill-boot"
28,12,"petite","second",380121,418598,36957993,63042043,837196,126084086,1198,40698,215194,9801155,81396,19602310,"1bill-boot"
28,13,"petite","second",378558,419062,36836225,63163929,838124,126327858,1295,40560,232783,9767391,81120,19534782,"1bill-boot"
28,14,"petite","second",379599,418094,36927383,63072650,836188,126145300,1285,40587,232473,9775920,81174,19551840,"1bill-boot"
28,15,"petite","second",378780,419031,36808722,63191554,838062,126383108,1236,40602,220983,9790453,81204,19580906,"1bill-boot"
28,16,"petite","second",379458,418475,36899125,63100935,836950,126201870,1276,40581,231947,9784092,81162,19568184,"1bill-boot"
28,17,"petite","second",379380,418920,36846105,63153929,837840,126307858,1234,40628,221519,9789924,81256,19579848,"1bill-boot"
28,18,"petite","second",379757,418586,36905556,63094512,837172,126189024,1214,40622,218381,9783099,81244,19566198,"1bill-boot"
28,19,"petite","second",379282,418984,36852061,63148150,837968,126296300,1285,40628,229776,9787086,81256,19574172,"1bill-boot"
28,20,"petite","second",378806,418684,36836053,63164005,837368,126328010,1236,40765,222976,9798049,81530,19596098,"1bill-boot"
28,21,"petite","second",379618,418526,36887533,63112467,837052,126224934,1263,40646,226355,9791745,81292,19583490,"1bill-boot"
28,22,"petite","second",378648,419182,36789827,63210233,838364,126420466,1296,40537,234397,9777261,81074,19554522,"1bill-boot"
28,23,"petite","second",379980,418600,36936993,63063100,837200,126126200,1289,40571,230854,9777818,81142,19555636,"1bill-boot"
28,24,"petite","second",377620,419602,36707031,63293016,839204,126586032,1222,40597,222303,9778347,81194,19556694,"1bill-boot"
28,25,"petite","second",379574,418822,36879704,63120307,837644,126240614,1333,40695,238653,9800728,81390,19601456,"1bill-boot"
28,26,"petite","second",379420,418267,36913330,63086704,836534,126173408,1236,40652,224070,9788097,81304,19576194,"1bill-boot"
28,27,"petite","second",379025,418789,36827563,63172474,837578,126344948,1258,40636,226673,9807677,81272,19615354,"1bill-boot"
28,28,"petite","second",378552,419450,36748593,63251465,838900,126502930,1347,40752,244019,9785613,81504,19571226,"1bill-boot"
28,29,"petite","second",378881,419215,36792638,63207402,838430,126414804,1257,40665,224887,9777137,81330,19554274,"1bill-boot"
28,30,"petite","second",378600,418906,36797301,63202766,837812,126405532,1266,40513,226295,9779787,81026,19559574,"1bill-boot"
21,1,"petite","second",377022,421346,36736448,63263789,842692,126527578,1427,39062,299319,9715825,78124,19431650,"1bill-boot"
21,2,"petite","second",377260,421428,36786663,63213406,842856,126426812,1516,38794,319253,9704212,77588,19408424,"1bill-boot"
21,3,"petite","second",376587,421901,36651062,63349021,843802,126698042,1468,38831,305569,9708222,77662,19416444,"1bill-boot"
21,4,"petite","second",377124,421200,36741831,63258289,842400,126516578,1445,38836,301876,9702333,77672,19404666,"1bill-boot"
21,5,"petite","second",376663,421396,36688096,63311967,842792,126623934,1448,38734,303633,9700260,77468,19400520,"1bill-boot"
21,6,"petite","second",377145,421063,36760683,63239443,842126,126478886,1502,38602,313569,9691145,77204,19382290,"1bill-boot"
21,7,"petite","second",376695,421697,36695549,63304504,843394,126609008,1489,38790,310959,9694028,77580,19388056,"1bill-boot"
21,8,"petite","second",377488,420884,36762819,63237243,841768,126474486,1454,38817,304331,9702504,77634,19405008,"1bill-boot"
21,9,"petite","second",377594,421173,36780152,63219853,842346,126439706,1464,38999,302867,9706190,77998,19412380,"1bill-boot"
21,10,"petite","second",377546,421132,36748863,63251296,842264,126502592,1436,38848,300972,9706341,77696,19412682,"1bill-boot"
21,11,"petite","second",378435,420689,36865984,63134079,841378,126268158,1570,38807,328290,9690420,77614,19380840,"1bill-boot"
21,12,"petite","second",377679,420713,36804834,63195168,841426,126390336,1433,38960,301255,9717555,77920,19435110,"1bill-boot"
21,13,"petite","second",377388,421213,36776641,63223377,842426,126446754,1394,38951,289884,9717902,77902,19435804,"1bill-boot"
21,14,"petite","second",378113,420479,36857526,63142544,840958,126285088,1464,38825,305680,9705929,77650,19411858,"1bill-boot"
21,15,"petite","second",377222,421918,36716741,63283346,843836,126566692,1505,38976,315185,9696266,77952,19392532,"1bill-boot"
21,16,"petite","second",376877,421644,36687227,63312946,843288,126625892,1435,38861,302075,9705662,77722,19411324,"1bill-boot"
21,17,"petite","second",378384,421403,36848918,63151181,842806,126302362,1535,38797,321293,9686245,77594,19372490,"1bill-boot"
21,18,"petite","second",378413,421441,36860033,63140065,842882,126280130,1488,38956,316610,9699809,77912,19399618,"1bill-boot"
21,19,"petite","second",377227,421123,36759235,63240791,842246,126481582,1515,38841,318439,9687764,77682,19375528,"1bill-boot"
21,20,"petite","second",377868,420677,36829792,63170223,841354,126340446,1459,38926,303834,9717694,77852,19435388,"1bill-boot"
21,21,"petite","second",378026,421025,36831213,63168961,842050,126337922,1487,38921,310630,9703318,77842,19406636,"1bill-boot"
21,22,"petite","second",377788,421140,36793494,63206557,842280,126413114,1464,38894,308136,9711042,77788,19422084,"1bill-boot"
21,23,"petite","second",377834,421676,36785798,63214224,843352,126428448,1467,38986,306532,9706091,77972,19412182,"1bill-boot"
21,24,"petite","second",376781,421835,36712903,63287135,843670,126574270,1465,38812,308612,9706927,77624,19413854,"1bill-boot"
21,25,"petite","second",377024,421281,36739441,63260600,842562,126521200,1434,38829,301804,9699513,77658,19399026,"1bill-boot"
21,26,"petite","second",377108,421731,36714731,63285444,843462,126570888,1485,38955,311368,9711973,77910,19423946,"1bill-boot"
21,27,"petite","second",378445,421113,36837618,63162423,842226,126324846,1534,38847,322830,9691128,77694,19382256,"1bill-boot"
21,28,"petite","second",377543,421541,36779894,63220152,843082,126440304,1421,39046,298169,9712526,78092,19425052,"1bill-boot"
21,29,"petite","second",376942,421522,36676399,63323682,843044,126647364,1497,38805,311547,9694914,77610,19389828,"1bill-boot"
21,30,"petite","second",376602,421563,36706796,63293251,843126,126586502,1509,38793,316409,9691543,77586,19383086,"1bill-boot"
26,1,"petite","second",378388,411811,36858575,63141435,823622,126282870,1016,39568,199077,9818348,79136,19636696,"1bill-boot"
26,2,"petite","second",379317,411275,36992343,63007704,822550,126015408,1036,39485,201705,9806991,78970,19613982,"1bill-boot"
26,3,"petite","second",378349,412659,36839059,63160950,825318,126321900,1001,39657,194292,9825679,79314,19651358,"1bill-boot"
26,4,"petite","second",378061,412005,36817778,63182281,824010,126364562,1052,39584,207425,9808563,79168,19617126,"1bill-boot"
26,5,"petite","second",378072,412608,36823598,63176458,825216,126352916,1050,39560,202671,9814364,79120,19628728,"1bill-boot"
26,6,"petite","second",377814,412774,36800280,63199866,825548,126399732,1008,39486,196602,9809801,78972,19619602,"1bill-boot"
26,7,"petite","second",378370,412334,36832170,63167851,824668,126335702,937,39698,183148,9828360,79396,19656720,"1bill-boot"
26,8,"petite","second",378857,411530,36946126,63054032,823060,126108064,968,39520,190580,9817197,79040,19634394,"1bill-boot"
26,9,"petite","second",378050,412494,36843673,63156346,824988,126312692,1089,39349,212900,9791095,78698,19582190,"1bill-boot"
26,10,"petite","second",379487,411281,36982184,63017879,822562,126035758,1021,39535,200131,9802422,79070,19604844,"1bill-boot"
26,11,"petite","second",377682,412161,36801333,63198673,824322,126397346,996,39645,193134,9831696,79290,19663392,"1bill-boot"
26,12,"petite","second",377286,412602,36744543,63255528,825204,126511056,1036,39501,203386,9809516,79002,19619032,"1bill-boot"
26,13,"petite","second",378494,411919,36880911,63119109,823838,126238218,1010,39468,199371,9808851,78936,19617702,"1bill-boot"
26,14,"petite","second",378191,412360,36773968,63226073,824720,126452146,1004,39517,196242,9833607,79034,19667214,"1bill-boot"
26,15,"petite","second",378297,412284,36814336,63185837,824568,126371674,1000,39522,196912,9828096,79044,19656192,"1bill-boot"
26,16,"petite","second",378113,412501,36838029,63162032,825002,126324064,968,39612,189374,9811034,79224,19622068,"1bill-boot"
26,17,"petite","second",377978,412375,36803497,63196579,824750,126393158,1004,39536,195098,9814315,79072,19628630,"1bill-boot"
26,18,"petite","second",378404,412712,36818058,63182204,825424,126364408,1017,39572,199330,9813253,79144,19626506,"1bill-boot"
26,19,"petite","second",378070,412291,36830737,63169274,824582,126338548,1000,39617,196195,9830646,79234,19661292,"1bill-boot"
26,20,"petite","second",378246,411956,36841617,63158426,823912,126316852,985,39569,191667,9814972,79138,19629944,"1bill-boot"
26,21,"petite","second",378544,412563,36872483,63127572,825126,126255144,988,39641,191248,9812594,79282,19625188,"1bill-boot"
26,22,"petite","second",379123,411663,36905077,63094952,823326,126189904,972,39497,193017,9834935,78994,19669870,"1bill-boot"
26,23,"petite","second",378604,412191,36837912,63162174,824382,126324348,996,39465,195009,9817248,78930,19634496,"1bill-boot"
26,24,"petite","second",378490,412130,36866967,63133117,824260,126266234,995,39491,194037,9806012,78982,19612024,"1bill-boot"
26,25,"petite","second",377852,412834,36770966,63229116,825668,126458232,1008,39540,197920,9815526,79080,19631052,"1bill-boot"
26,26,"petite","second",377529,412314,36764670,63235354,824628,126470708,1015,39460,199926,9806862,78920,19613724,"1bill-boot"
26,27,"petite","second",378298,411479,36887904,63112096,822958,126224192,1044,39436,206107,9803716,78872,19607432,"1bill-boot"
26,28,"petite","second",377747,413180,36779127,63220904,826360,126441808,988,39665,194430,9826727,79330,19653454,"1bill-boot"
26,29,"petite","second",377345,412387,36745739,63254338,824774,126508676,952,39371,187844,9813457,78742,19626914,"1bill-boot"
26,30,"petite","second",377607,412634,36803024,63197094,825268,126394188,985,39598,193376,9808377,79196,19616754,"1bill-boot"
19,1,"petite","second",373253,415970,36256256,63743758,831940,127487516,1303,38770,236806,9786506,77540,19573012,"1bill-boot"
19,2,"petite","second",372754,416377,36179285,63820840,832754,127641680,1314,38646,238867,9776280,77292,19552560,"1bill-boot"
19,3,"petite","second",373390,415767,36253737,63746372,831534,127492744,1321,38694,239741,9780428,77388,19560856,"1bill-boot"
19,4,"petite","second",372893,416058,36186759,63813255,832116,127626510,1347,38601,246245,9761263,77202,19522526,"1bill-boot"
19,5,"petite","second",372581,416239,36144333,63855748,832478,127711496,1342,38722,243679,9794769,77444,19589538,"1bill-boot"
19,6,"petite","second",374118,416098,36308281,63691803,832196,127383606,1329,38630,241526,9767779,77260,19535558,"1bill-boot"
19,7,"petite","second",374241,416020,36296980,63703138,832040,127406276,1269,38814,232556,9771621,77628,19543242,"1bill-boot"
19,8,"petite","second",373299,415986,36212713,63787344,831972,127574688,1253,38801,229385,9779705,77602,19559410,"1bill-boot"
19,9,"petite","second",374132,415787,36281449,63718600,831574,127437200,1291,38684,235544,9768329,77368,19536658,"1bill-boot"
19,10,"petite","second",373627,415900,36245063,63755040,831800,127510080,1288,38647,236671,9780566,77294,19561132,"1bill-boot"
19,11,"petite","second",374118,415916,36269589,63730426,831832,127460852,1311,38718,237928,9766637,77436,19533274,"1bill-boot"
19,12,"petite","second",373687,415875,36258244,63741893,831750,127483786,1278,38730,232728,9779439,77460,19558878,"1bill-boot"
19,13,"petite","second",372952,416412,36173871,63826188,832824,127652376,1329,38616,241798,9758822,77232,19517644,"1bill-boot"
19,14,"petite","second",373130,416185,36191622,63808420,832370,127616840,1330,38689,241510,9775753,77378,19551506,"1bill-boot"
19,15,"petite","second",373721,415980,36250939,63749104,831960,127498208,1324,38821,243618,9781778,77642,19563556,"1bill-boot"
19,16,"petite","second",373502,415563,36248981,63751167,831126,127502334,1227,38777,220447,9791470,77554,19582940,"1bill-boot"
19,17,"petite","second",372952,416976,36155263,63844830,833952,127689660,1273,38694,228827,9777283,77388,19554566,"1bill-boot"
19,18,"petite","second",373446,416023,36234997,63765051,832046,127530102,1310,38636,241370,9763404,77272,19526808,"1bill-boot"
19,19,"petite","second",374180,415977,36268406,63731825,831954,127463650,1250,38736,228265,9775870,77472,19551740,"1bill-boot"
19,20,"petite","second",373172,416290,36166843,63833241,832580,127666482,1336,38699,244461,9775395,77398,19550790,"1bill-boot"
19,21,"petite","second",374166,416126,36294830,63705213,832252,127410426,1351,38634,247004,9762005,77268,19524010,"1bill-boot"
19,22,"petite","second",373654,416223,36271291,63728816,832446,127457632,1223,38813,223352,9786567,77626,19573134,"1bill-boot"
19,23,"petite","second",373747,416449,36214957,63785111,832898,127570222,1268,38724,228745,9794252,77448,19588504,"1bill-boot"
19,24,"petite","second",372907,416536,36148048,63852078,833072,127704156,1351,38564,244830,9756104,77128,19512208,"1bill-boot"
19,25,"petite","second",373534,416130,36244452,63755637,832260,127511274,1289,38781,233460,9773556,77562,19547112,"1bill-boot"
19,26,"petite","second",373340,416162,36227111,63772982,832324,127545964,1270,38646,232342,9771458,77292,19542916,"1bill-boot"
19,27,"petite","second",372759,415955,36160593,63839601,831910,127679202,1289,38618,234014,9766954,77236,19533908,"1bill-boot"
19,28,"petite","second",373411,416590,36211905,63788129,833180,127576258,1217,38772,222458,9778213,77544,19556426,"1bill-boot"
19,29,"petite","second",373474,416003,36209989,63790111,832006,127580222,1286,38743,233797,9786719,77486,19573438,"1bill-boot"
19,30,"petite","second",373229,416345,36174408,63825599,832690,127651198,1251,38631,228300,9771810,77262,19543620,"1bill-boot"
45,1,"petite","second",377625,413554,37054830,62945357,827108,125890714,610,38517,127787,9873920,77034,19747840,"1bill-boot"
45,2,"petite","second",377593,414172,36994347,63005654,828344,126011308,605,38617,125760,9875609,77234,19751218,"1bill-boot"
45,3,"petite","second",377895,414211,37033821,62966220,828422,125932440,606,38631,123897,9884620,77262,19769240,"1bill-boot"
45,4,"petite","second",377192,414381,36963413,63036660,828762,126073320,609,38622,125239,9884756,77244,19769512,"1bill-boot"
45,5,"petite","second",378564,414286,37084288,62915769,828572,125831538,579,38768,119333,9902293,77536,19804586,"1bill-boot"
45,6,"petite","second",378948,413642,37151267,62848842,827284,125697684,582,38812,116947,9902723,77624,19805446,"1bill-boot"
45,7,"petite","second",377896,414388,37064005,62936177,828776,125872354,598,38793,121447,9883590,77586,19767180,"1bill-boot"
45,8,"petite","second",378834,413742,37121742,62878293,827484,125756586,596,38784,121412,9885945,77568,19771890,"1bill-boot"
45,9,"petite","second",377231,414639,36991763,63008260,829278,126016520,635,38702,132531,9878513,77404,19757026,"1bill-boot"
45,10,"petite","second",378767,413267,37105530,62894559,826534,125789118,572,38689,119476,9881038,77378,19762076,"1bill-boot"
45,11,"petite","second",378622,413791,37059903,62940206,827582,125880412,591,38489,119855,9891734,76978,19783468,"1bill-boot"
45,12,"petite","second",378020,413938,37060370,62939694,827876,125879388,589,38715,120314,9888385,77430,19776770,"1bill-boot"
45,13,"petite","second",377744,413827,37021368,62978728,827654,125957456,553,38822,115590,9905988,77644,19811976,"1bill-boot"
45,14,"petite","second",378156,414040,37076964,62923121,828080,125846242,580,38871,118787,9906540,77742,19813080,"1bill-boot"
45,15,"petite","second",379488,413711,37175324,62824751,827422,125649502,599,38809,123538,9897413,77618,19794826,"1bill-boot"
45,16,"petite","second",378961,413700,37097137,62902992,827400,125805984,571,38713,118345,9888399,77426,19776798,"1bill-boot"
45,17,"petite","second",377910,414437,37041126,62958916,828874,125917832,552,38758,116980,9895751,77516,19791502,"1bill-boot"
45,18,"petite","second",377337,414462,36975558,63024617,828924,126049234,594,38851,121885,9899722,77702,19799444,"1bill-boot"
45,19,"petite","second",377575,414518,36983753,63016280,829036,126032560,577,38674,119356,9899759,77348,19799518,"1bill-boot"
45,20,"petite","second",379058,413461,37105864,62894186,826922,125788372,546,38950,112728,9908138,77900,19816276,"1bill-boot"
45,21,"petite","second",378564,413930,37093093,62906914,827860,125813828,576,38753,118140,9900094,77506,19800188,"1bill-boot"
45,22,"petite","second",378121,413923,37034235,62965830,827846,125931660,571,38758,115226,9907469,77516,19814938,"1bill-boot"
45,23,"petite","second",378513,413345,37099907,62900169,826690,125800338,564,38670,115393,9885448,77340,19770896,"1bill-boot"
45,24,"petite","second",377640,414165,37025966,62974069,828330,125948138,600,38725,124450,9888890,77450,19777780,"1bill-boot"
45,25,"petite","second",378290,414328,37031280,62968839,828656,125937678,647,38703,136014,9882974,77406,19765948,"1bill-boot"
45,26,"petite","second",378490,413794,37093575,62906466,827588,125812932,596,38746,121892,9897461,77492,19794922,"1bill-boot"
45,27,"petite","second",377877,414321,37020216,62979823,828642,125959646,582,38748,118876,9897945,77496,19795890,"1bill-boot"
45,28,"petite","second",378650,414321,37099208,62900998,828642,125801996,584,38713,118799,9890240,77426,19780480,"1bill-boot"
45,29,"petite","second",377889,414112,37005368,62994644,828224,125989288,579,38573,119082,9885913,77146,19771826,"1bill-boot"
45,30,"petite","second",378100,413525,37089052,62910976,827050,125821952,591,38689,121293,9888034,77378,19776068,"1bill-boot"
42,1,"petite","second",370807,419222,36371268,63628807,838444,127257614,1621,39719,327442,9691096,79438,19382192,"1bill-boot"
42,2,"petite","second",371122,419590,36356043,63644061,839180,127288122,1535,39801,308308,9699782,79602,19399564,"1bill-boot"
42,3,"petite","second",371179,419199,36374659,63625456,838398,127250912,1541,39766,306897,9694841,79532,19389682,"1bill-boot"
42,4,"petite","second",371532,418510,36456128,63543883,837020,127087766,1557,39729,313093,9692780,79458,19385560,"1bill-boot"
42,5,"petite","second",370848,419200,36360114,63640009,838400,127280018,1582,39705,319282,9693740,79410,19387480,"1bill-boot"
42,6,"petite","second",371388,418990,36408000,63592031,837980,127184062,1605,39659,320467,9689216,79318,19378432,"1bill-boot"
42,7,"petite","second",371570,419467,36399125,63600904,838934,127201808,1556,39831,311426,9705409,79662,19410818,"1bill-boot"
42,8,"petite","second",371585,418846,36435328,63564849,837692,127129698,1667,39587,334884,9678004,79174,19356008,"1bill-boot"
42,9,"petite","second",371576,418685,36417404,63582617,837370,127165234,1591,39655,318323,9688579,79310,19377158,"1bill-boot"
42,10,"petite","second",371554,418572,36402648,63597356,837144,127194712,1616,39491,328360,9672192,78982,19344384,"1bill-boot"
42,11,"petite","second",371447,418835,36421255,63578837,837670,127157674,1573,39707,312694,9706366,79414,19412732,"1bill-boot"
42,12,"petite","second",371590,418847,36422222,63577790,837694,127155580,1560,39655,308643,9699240,79310,19398480,"1bill-boot"
42,13,"petite","second",370961,418797,36375538,63624647,837594,127249294,1541,39603,305403,9706502,79206,19413004,"1bill-boot"
42,14,"petite","second",370994,419305,36359152,63640942,838610,127281884,1618,39641,324893,9680230,79282,19360460,"1bill-boot"
42,15,"petite","second",371632,419042,36387087,63613044,838084,127226088,1591,39738,321284,9693064,79476,19386128,"1bill-boot"
42,16,"petite","second",371831,419218,36407093,63592969,838436,127185938,1541,39684,310563,9694477,79368,19388954,"1bill-boot"
42,17,"petite","second",370888,419459,36330162,63669928,838918,127339856,1536,39745,307116,9713415,79490,19426830,"1bill-boot"
42,18,"petite","second",372131,419185,36430561,63569463,838370,127138926,1567,39863,313752,9711277,79726,19422554,"1bill-boot"
42,19,"petite","second",371605,419167,36390727,63609292,838334,127218584,1588,39665,318971,9683214,79330,19366428,"1bill-boot"
42,20,"petite","second",370699,419760,36299696,63700420,839520,127400840,1514,39770,303587,9705568,79540,19411136,"1bill-boot"
42,21,"petite","second",371716,419023,36416694,63583349,838046,127166698,1553,39792,313361,9697065,79584,19394130,"1bill-boot"
42,22,"petite","second",371773,418828,36425340,63574732,837656,127149464,1710,39574,341231,9658971,79148,19317942,"1bill-boot"
42,23,"petite","second",371616,418831,36430965,63569190,837662,127138380,1534,39732,308581,9700893,79464,19401786,"1bill-boot"
42,24,"petite","second",371374,419730,36407255,63592839,839460,127185678,1616,39851,322433,9699043,79702,19398086,"1bill-boot"
42,25,"petite","second",371193,419430,36378571,63621641,838860,127243282,1583,39750,317781,9700078,79500,19400156,"1bill-boot"
42,26,"petite","second",371788,419234,36424439,63575677,838468,127151354,1527,39778,305422,9710588,79556,19421176,"1bill-boot"
42,27,"petite","second",370165,419372,36296198,63703913,838744,127407826,1576,39840,317472,9702643,79680,19405286,"1bill-boot"
42,28,"petite","second",371741,419344,36403803,63596270,838688,127192540,1549,39640,311373,9692861,79280,19385722,"1bill-boot"
42,29,"petite","second",370416,419546,36300503,63699586,839092,127399172,1573,39729,316290,9699449,79458,19398898,"1bill-boot"
42,30,"petite","second",371380,418794,36409010,63590996,837588,127181992,1583,39782,316738,9690369,79564,19380738,"1bill-boot"
27,1,"petite","second",378023,415468,36620797,63379259,830936,126758518,1465,38693,296900,9703379,77386,19406758,"1bill-boot"
27,2,"petite","second",379142,415421,36706662,63293468,830842,126586936,1527,38835,302525,9698528,77670,19397056,"1bill-boot"
27,3,"petite","second",377922,416377,36609003,63391021,832754,126782042,1384,38943,269091,9750341,77886,19500682,"1bill-boot"
27,4,"petite","second",378783,415521,36675065,63325039,831042,126650078,1486,38808,294108,9715169,77616,19430338,"1bill-boot"
27,5,"petite","second",378451,416095,36603794,63396287,832190,126792574,1550,38666,305964,9696525,77332,19393050,"1bill-boot"
27,6,"petite","second",377578,416347,36540271,63459755,832694,126919510,1425,38834,281538,9730559,77668,19461118,"1bill-boot"
27,7,"petite","second",378096,416086,36595708,63404318,832172,126808636,1507,38937,296065,9729233,77874,19458466,"1bill-boot"
27,8,"petite","second",378021,415289,36622917,63377136,830578,126754272,1391,38816,273836,9744751,77632,19489502,"1bill-boot"
27,9,"petite","second",377979,415994,36615840,63384164,831988,126768328,1527,38803,304490,9699025,77606,19398050,"1bill-boot"
27,10,"petite","second",378672,415541,36664386,63335745,831082,126671490,1463,38873,289153,9717548,77746,19435096,"1bill-boot"
27,11,"petite","second",376742,416410,36453220,63546998,832820,127093996,1390,38792,265233,9744487,77584,19488974,"1bill-boot"
27,12,"petite","second",377371,416411,36537629,63462476,832822,126924952,1451,38893,285974,9721938,77786,19443876,"1bill-boot"
27,13,"petite","second",378651,415457,36703602,63296405,830914,126592810,1491,38982,293459,9733714,77964,19467428,"1bill-boot"
27,14,"petite","second",378549,415915,36652835,63347222,831830,126694444,1493,38854,293083,9710946,77708,19421892,"1bill-boot"
27,15,"petite","second",377776,416117,36523650,63476578,832234,126953156,1379,38839,267452,9750987,77678,19501974,"1bill-boot"
27,16,"petite","second",377261,416403,36523016,63477067,832806,126954134,1536,38718,303282,9717498,77436,19434996,"1bill-boot"
27,17,"petite","second",379000,416205,36654638,63345452,832410,126690904,1403,38914,275758,9732538,77828,19465076,"1bill-boot"
27,18,"petite","second",377560,416833,36510517,63489615,833666,126979230,1435,38936,284672,9733013,77872,19466026,"1bill-boot"
27,19,"petite","second",377158,416710,36507784,63492293,833420,126984586,1523,38848,299405,9728085,77696,19456170,"1bill-boot"
27,20,"petite","second",378269,416233,36597261,63402777,832466,126805554,1459,38862,289719,9716091,77724,19432182,"1bill-boot"
27,21,"petite","second",377613,416272,36513333,63486704,832544,126973408,1446,38890,287125,9722133,77780,19444266,"1bill-boot"
27,22,"petite","second",379008,415941,36677797,63322240,831882,126644480,1455,38958,286921,9728173,77916,19456346,"1bill-boot"
27,23,"petite","second",378120,415978,36581781,63418260,831956,126836520,1455,39001,284488,9730376,78002,19460752,"1bill-boot"
27,24,"petite","second",377576,416623,36561754,63438364,833246,126876728,1506,38810,298838,9703087,77620,19406174,"1bill-boot"
27,25,"petite","second",377468,415911,36532094,63467967,831822,126935934,1554,38709,306563,9707900,77418,19415800,"1bill-boot"
27,26,"petite","second",378202,416560,36571469,63428608,833120,126857216,1476,38842,295233,9719178,77684,19438356,"1bill-boot"
27,27,"petite","second",378202,415649,36581644,63418403,831298,126836806,1533,38760,300948,9700509,77520,19401018,"1bill-boot"
27,28,"petite","second",378233,416467,36561604,63438445,832934,126876890,1450,38845,281632,9735044,77690,19470088,"1bill-boot"
27,29,"petite","second",378363,415598,36612999,63387025,831196,126774050,1544,38777,308060,9699342,77554,19398684,"1bill-boot"
27,30,"petite","second",377874,415903,36616845,63383214,831806,126766428,1527,38948,302438,9706174,77896,19412348,"1bill-boot"
18,1,"petite","second",375223,411681,36965727,63034331,823362,126068662,1462,39400,296353,9723404,78800,19446808,"1bill-boot"
18,2,"petite","second",376080,411828,37034815,62965288,823656,125930576,1586,39298,320491,9699567,78596,19399134,"1bill-boot"
18,3,"petite","second",375475,412349,36974838,63025218,824698,126050436,1543,39368,312962,9705514,78736,19411028,"1bill-boot"
18,4,"petite","second",375389,412348,36982894,63017130,824696,126034260,1506,39407,305976,9697163,78814,19394326,"1bill-boot"
18,5,"petite","second",375721,411807,36962383,63037685,823614,126075370,1557,39247,316805,9688274,78494,19376548,"1bill-boot"
18,6,"petite","second",376129,411855,37114674,62885336,823710,125770672,1618,39338,327283,9673592,78676,19347184,"1bill-boot"
18,7,"petite","second",376138,412243,36994973,63005046,824486,126010092,1594,39288,323645,9680187,78576,19360374,"1bill-boot"
18,8,"petite","second",375473,412060,36978456,63021711,824120,126043422,1604,39349,325577,9683826,78698,19367652,"1bill-boot"
18,9,"petite","second",374893,412579,36926960,63073210,825158,126146420,1445,39385,292698,9711261,78770,19422522,"1bill-boot"
18,10,"petite","second",375472,412422,37014455,62985546,824844,125971092,1588,39391,322824,9696359,78782,19392718,"1bill-boot"
18,11,"petite","second",376033,412592,37050072,62950032,825184,125900064,1615,39272,324987,9677222,78544,19354444,"1bill-boot"
18,12,"petite","second",375461,412354,36983998,63016040,824708,126032080,1604,39386,323799,9688472,78772,19376944,"1bill-boot"
18,13,"petite","second",374459,412413,36920215,63079918,824826,126159836,1513,39344,309686,9707366,78688,19414732,"1bill-boot"
18,14,"petite","second",375851,412677,36984592,63015618,825354,126031236,1554,39463,315239,9690427,78926,19380854,"1bill-boot"
18,15,"petite","second",374757,412949,36904964,63095237,825898,126190474,1534,39432,311672,9697617,78864,19395234,"1bill-boot"
18,16,"petite","second",375707,412337,37003493,62996649,824674,125993298,1539,39295,311223,9702582,78590,19405164,"1bill-boot"
18,17,"petite","second",375147,412670,36943160,63056887,825340,126113774,1508,39403,306073,9701768,78806,19403536,"1bill-boot"
18,18,"petite","second",376006,412168,37006912,62993129,824336,125986258,1489,39387,304828,9711197,78774,19422394,"1bill-boot"
18,19,"petite","second",374908,412766,36926830,63073325,825532,126146650,1516,39299,307498,9704312,78598,19408624,"1bill-boot"
18,20,"petite","second",376206,411712,37044181,62955893,823424,125911786,1488,39414,298801,9708093,78828,19416186,"1bill-boot"
18,21,"petite","second",374802,413134,36900124,63100089,826268,126200178,1602,39395,324127,9692937,78790,19385874,"1bill-boot"
18,22,"petite","second",374952,411978,36936260,63063759,823956,126127518,1523,39206,308513,9691617,78412,19383234,"1bill-boot"
18,23,"petite","second",374500,413165,36857534,63142571,826330,126285142,1465,39388,297493,9708002,78776,19416004,"1bill-boot"
18,24,"petite","second",375529,413064,36950490,63049644,826128,126099288,1554,39487,313368,9711031,78974,19422062,"1bill-boot"
18,25,"petite","second",375312,412579,37000427,62999925,825158,125999850,1420,39422,289057,9711266,78844,19422532,"1bill-boot"
18,26,"petite","second",374606,412590,36881103,63118913,825180,126237826,1501,39251,304455,9709246,78502,19418492,"1bill-boot"
18,27,"petite","second",375567,412026,36984072,63015972,824052,126031944,1498,39407,303962,9716328,78814,19432656,"1bill-boot"
18,28,"petite","second",375128,413046,36930036,63069995,826092,126139990,1597,39507,324751,9691897,79014,19383794,"1bill-boot"
18,29,"petite","second",375762,412269,36944912,63055173,824538,126110346,1566,39390,315429,9699297,78780,19398594,"1bill-boot"
18,30,"petite","second",374843,412537,36887028,63113097,825074,126226194,1527,39321,310195,9701171,78642,19402342,"1bill-boot"
20,1,"petite","second",374150,419346,36577357,63422718,838692,126845436,1720,38454,333109,9672507,76908,19345014,"1bill-boot"
20,2,"petite","second",374334,418884,36600091,63399949,837768,126799898,1687,38433,326207,9689880,76866,19379760,"1bill-boot"
20,3,"petite","second",374714,419220,36610457,63389632,838440,126779264,1643,38494,316825,9692325,76988,19384650,"1bill-boot"
20,4,"petite","second",374885,418644,36636417,63363705,837288,126727410,1710,38428,335021,9674474,76856,19348948,"1bill-boot"
20,5,"petite","second",373202,419774,36443860,63556142,839548,127112284,1704,38366,326108,9696725,76732,19393450,"1bill-boot"
20,6,"petite","second",374832,418510,36633461,63366583,837020,126733166,1673,38388,324124,9676992,76776,19353984,"1bill-boot"
20,7,"petite","second",374820,419452,36557218,63442810,838904,126885620,1665,38454,319491,9687079,76908,19374158,"1bill-boot"
20,8,"petite","second",373798,419036,36537968,63462055,838072,126924110,1655,38416,316553,9686548,76832,19373096,"1bill-boot"
20,9,"petite","second",373799,419340,36512258,63487894,838680,126975788,1668,38373,321278,9690732,76746,19381464,"1bill-boot"
20,10,"petite","second",374633,417852,36672301,63327858,835704,126655716,1694,38208,328849,9685989,76416,19371978,"1bill-boot"
20,11,"petite","second",374452,419407,36572497,63427504,838814,126855008,1674,38569,323603,9687259,77138,19374518,"1bill-boot"
20,12,"petite","second",373735,419480,36516134,63483962,838960,126967924,1698,38393,329052,9681332,76786,19362664,"1bill-boot"
20,13,"petite","second",373333,419279,36474386,63525628,838558,127051256,1705,38245,328660,9674366,76490,19348732,"1bill-boot"
20,14,"petite","second",373927,419213,36537784,63462243,838426,126924486,1648,38361,316436,9685355,76722,19370710,"1bill-boot"
20,15,"petite","second",375256,418584,36667343,63332706,837168,126665412,1651,38489,319317,9684555,76978,19369110,"1bill-boot"
20,16,"petite","second",373772,419290,36513041,63486983,838580,126973966,1684,38341,326774,9677316,76682,19354632,"1bill-boot"
20,17,"petite","second",374036,419393,36537396,63462673,838786,126925346,1635,38544,318066,9697786,77088,19395572,"1bill-boot"
20,18,"petite","second",374112,419590,36559934,63440097,839180,126880194,1647,38631,317871,9707714,77262,19415428,"1bill-boot"
20,19,"petite","second",374064,419141,36576355,63423747,838282,126847494,1681,38540,322175,9697959,77080,19395918,"1bill-boot"
20,20,"petite","second",373619,419770,36509719,63490359,839540,126980718,1657,38539,320540,9707723,77078,19415446,"1bill-boot"
20,21,"petite","second",375668,418319,36700143,63300002,836638,126600004,1679,38457,326408,9693528,76914,19387056,"1bill-boot"
20,22,"petite","second",374604,418802,36575295,63424910,837604,126849820,1653,38376,321773,9685268,76752,19370536,"1bill-boot"
20,23,"petite","second",374148,419450,36552852,63447153,838900,126894306,1641,38650,315092,9691673,77300,19383346,"1bill-boot"
20,24,"petite","second",373563,419866,36481434,63518577,839732,127037154,1649,38461,319221,9684064,76922,19368128,"1bill-boot"
20,25,"petite","second",374952,418927,36656505,63343496,837854,126686992,1720,38345,331653,9686230,76690,19372460,"1bill-boot"
20,26,"petite","second",374743,418902,36622167,63377890,837804,126755780,1710,38385,332170,9684089,76770,19368178,"1bill-boot"
20,27,"petite","second",374389,419302,36575708,63424361,838604,126848722,1675,38563,324865,9689832,77126,19379664,"1bill-boot"
20,28,"petite","second",373989,419863,36517802,63482252,839726,126964504,1685,38502,325731,9677808,77004,19355616,"1bill-boot"
20,29,"petite","second",374813,419302,36601882,63398161,838604,126796322,1684,38428,324169,9678252,76856,19356504,"1bill-boot"
20,30,"petite","second",374709,418571,36603670,63396433,837142,126792866,1674,38295,326448,9679077,76590,19358154,"1bill-boot"
16,1,"petite","second",383138,408489,37626105,62373895,816978,124747790,1334,38180,248367,9753462,76360,19506924,"1bill-boot"
16,2,"petite","second",384805,408614,37755995,62244240,817228,124488480,1335,38337,249264,9781822,76674,19563644,"1bill-boot"
16,3,"petite","second",383833,408563,37687471,62312594,817126,124625188,1365,38235,252604,9762049,76470,19524098,"1bill-boot"
16,4,"petite","second",383796,408597,37672060,62328110,817194,124656220,1437,38068,267697,9733796,76136,19467592,"1bill-boot"
16,5,"petite","second",384226,408413,37720965,62279083,816826,124558166,1348,38205,250580,9753132,76410,19506264,"1bill-boot"
16,6,"petite","second",384439,408346,37722774,62277365,816692,124554730,1420,38324,265113,9761410,76648,19522820,"1bill-boot"
16,7,"petite","second",385123,408547,37811108,62189035,817094,124378070,1458,38269,273459,9756328,76538,19512656,"1bill-boot"
16,8,"petite","second",384662,408027,37747898,62252135,816054,124504270,1403,38333,262205,9765098,76666,19530196,"1bill-boot"
16,9,"petite","second",383988,408687,37654332,62345787,817374,124691574,1410,38105,261900,9745570,76210,19491140,"1bill-boot"
16,10,"petite","second",385266,407381,37838912,62161168,814762,124322336,1457,38110,270975,9732080,76220,19464160,"1bill-boot"
16,11,"petite","second",385449,408139,37784271,62215783,816278,124431566,1409,38238,262522,9738829,76476,19477658,"1bill-boot"
16,12,"petite","second",383648,408965,37640225,62359814,817930,124719628,1328,38217,248663,9768858,76434,19537716,"1bill-boot"
16,13,"petite","second",384022,408239,37722454,62277569,816478,124555138,1344,38423,249504,9786923,76846,19573846,"1bill-boot"
16,14,"petite","second",384409,408624,37708046,62291992,817248,124583984,1381,38147,260509,9744649,76294,19489298,"1bill-boot"
16,15,"petite","second",384611,408286,37751082,62248919,816572,124497838,1352,38227,250315,9754625,76454,19509250,"1bill-boot"
16,16,"petite","second",384755,408433,37751520,62248551,816866,124497102,1424,38238,265421,9752811,76476,19505622,"1bill-boot"
16,17,"petite","second",384875,408672,37770924,62229177,817344,124458354,1317,38270,244164,9760337,76540,19520674,"1bill-boot"
16,18,"petite","second",383657,409273,37641595,62358516,818546,124717032,1429,38167,266734,9748351,76334,19496702,"1bill-boot"
16,19,"petite","second",384151,408702,37692300,62307834,817404,124615668,1298,38230,241299,9770333,76460,19540666,"1bill-boot"
16,20,"petite","second",383914,408489,37669867,62330148,816978,124660296,1319,38356,245610,9756003,76712,19512006,"1bill-boot"
16,21,"petite","second",385399,407821,37831493,62168637,815642,124337274,1394,38183,262020,9744941,76366,19489882,"1bill-boot"
16,22,"petite","second",384393,408499,37751254,62248787,816998,124497574,1412,38041,262978,9738125,76082,19476250,"1bill-boot"
16,23,"petite","second",384470,408758,37707480,62292545,817516,124585090,1313,38281,242820,9757505,76562,19515010,"1bill-boot"
16,24,"petite","second",384105,408911,37699225,62300815,817822,124601630,1337,38330,248957,9765239,76660,19530478,"1bill-boot"
16,25,"petite","second",384715,408618,37723988,62276093,817236,124552186,1320,38305,246031,9769518,76610,19539036,"1bill-boot"
16,26,"petite","second",383887,408755,37646291,62353790,817510,124707580,1367,38343,256107,9760061,76686,19520122,"1bill-boot"
16,27,"petite","second",383943,408795,37658701,62341406,817590,124682812,1331,38265,248845,9762565,76530,19525130,"1bill-boot"
16,28,"petite","second",384584,408897,37689629,62310457,817794,124620914,1323,38354,246273,9764985,76708,19529970,"1bill-boot"
16,29,"petite","second",384216,408203,37760300,62239732,816406,124479464,1398,38185,259846,9755715,76370,19511430,"1bill-boot"
16,30,"petite","second",383826,409110,37668959,62331103,818220,124662206,1416,38228,262580,9750083,76456,19500166,"1bill-boot"
29,1,"petite","second",378015,412266,36929612,63070416,824532,126140832,1171,38610,225649,9793152,77220,19586304,"1bill-boot"
29,2,"petite","second",379436,411686,37004769,62995410,823372,125990820,1191,38520,233140,9768431,77040,19536862,"1bill-boot"
29,3,"petite","second",378449,412227,36938549,63061572,824454,126123144,1196,38619,232710,9781184,77238,19562368,"1bill-boot"
29,4,"petite","second",378156,412927,36901812,63098245,825854,126196490,1225,38595,239009,9773271,77190,19546542,"1bill-boot"
29,5,"petite","second",378388,412334,36912499,63087526,824668,126175052,1168,38586,230846,9773983,77172,19547966,"1bill-boot"
29,6,"petite","second",377839,412603,36849904,63150183,825206,126300366,1192,38651,233833,9786123,77302,19572246,"1bill-boot"
29,7,"petite","second",378713,412525,36928018,63072021,825050,126144042,1163,38635,227965,9789332,77270,19578664,"1bill-boot"
29,8,"petite","second",379015,411579,36993503,63006512,823158,126013024,1166,38537,230161,9771680,77074,19543360,"1bill-boot"
29,9,"petite","second",378081,412892,36874301,63125727,825784,126251454,1214,38695,239064,9781550,77390,19563100,"1bill-boot"
29,10,"petite","second",378742,411949,36944932,63055134,823898,126110268,1169,38693,225810,9798816,77386,19597632,"1bill-boot"
29,11,"petite","second",378638,412362,36909022,63091099,824724,126182198,1192,38579,232724,9785267,77158,19570534,"1bill-boot"
29,12,"petite","second",377282,413272,36792953,63207126,826544,126414252,1152,38625,224989,9787926,77250,19575852,"1bill-boot"
29,13,"petite","second",378680,412311,36932316,63067796,824622,126135592,1180,38628,229723,9783368,77256,19566736,"1bill-boot"
29,14,"petite","second",378689,412254,36918950,63081079,824508,126162158,1155,38591,224193,9787599,77182,19575198,"1bill-boot"
29,15,"petite","second",378758,412494,36923407,63076673,824988,126153346,1097,38674,217827,9793548,77348,19587096,"1bill-boot"
29,16,"petite","second",378156,412451,36867243,63132811,824902,126265622,1121,38716,214385,9808102,77432,19616204,"1bill-boot"
29,17,"petite","second",378592,412500,36926446,63073569,825000,126147138,1178,38745,230054,9784282,77490,19568564,"1bill-boot"
29,18,"petite","second",378157,412992,36863769,63136248,825984,126272496,1173,38711,231171,9791356,77422,19582712,"1bill-boot"
29,19,"petite","second",377714,412749,36849283,63150752,825498,126301504,1162,38619,227664,9790431,77238,19580862,"1bill-boot"
29,20,"petite","second",378639,412506,36889564,63110463,825012,126220926,1246,38505,247469,9759505,77010,19519010,"1bill-boot"
29,21,"petite","second",378313,412728,36893699,63106380,825456,126212760,1197,38609,232809,9790304,77218,19580608,"1bill-boot"
29,22,"petite","second",377912,412319,36851850,63148215,824638,126296430,1218,38404,240030,9780236,76808,19560472,"1bill-boot"
29,23,"petite","second",378060,412338,36857759,63142357,824676,126284714,1245,38571,246894,9768690,77142,19537380,"1bill-boot"
29,24,"petite","second",376388,413385,36716897,63283158,826770,126566316,1153,38758,223602,9793765,77516,19587530,"1bill-boot"
29,25,"petite","second",378243,412557,36880400,63119619,825114,126239238,1155,38563,227657,9788672,77126,19577344,"1bill-boot"
29,26,"petite","second",378305,412660,36886931,63113173,825320,126226346,1186,38576,230755,9775049,77152,19550098,"1bill-boot"
29,27,"petite","second",377648,412589,36837784,63162219,825178,126324438,1179,38545,228862,9781740,77090,19563480,"1bill-boot"
29,28,"petite","second",378169,413375,36829851,63170212,826750,126340424,1215,38512,239358,9762890,77024,19525780,"1bill-boot"
29,29,"petite","second",377869,412719,36841448,63158638,825438,126317276,1163,38558,225693,9778925,77116,19557850,"1bill-boot"
29,30,"petite","second",378903,412038,36925009,63075046,824076,126150092,1096,38668,214658,9803496,77336,19606992,"1bill-boot"
11,1,"petite","second",374263,415331,36417438,63582632,830662,127165264,1192,39287,224076,9786515,78574,19573030,"1bill-boot"
11,2,"petite","second",375307,414781,36529057,63470968,829562,126941936,1228,39327,228718,9794208,78654,19588416,"1bill-boot"
11,3,"petite","second",374836,414754,36506523,63493661,829508,126987322,1223,39260,229173,9772592,78520,19545184,"1bill-boot"
11,4,"petite","second",374813,415154,36480409,63519621,830308,127039242,1174,39268,222566,9778251,78536,19556502,"1bill-boot"
11,5,"petite","second",374611,414962,36419589,63580438,829924,127160876,1239,39205,230467,9783142,78410,19566284,"1bill-boot"
11,6,"petite","second",374447,414916,36466068,63533933,829832,127067866,1211,39218,225725,9782336,78436,19564672,"1bill-boot"
11,7,"petite","second",375122,415511,36472829,63527289,831022,127054578,1230,39319,230770,9784944,78638,19569888,"1bill-boot"
11,8,"petite","second",375464,414419,36547199,63452832,828838,126905664,1183,39256,219040,9789180,78512,19578360,"1bill-boot"
11,9,"petite","second",375009,414981,36465885,63534131,829962,127068262,1226,39340,229814,9774399,78680,19548798,"1bill-boot"
11,10,"petite","second",376027,413628,36612307,63387790,827256,126775580,1232,39190,233181,9769256,78380,19538512,"1bill-boot"
11,11,"petite","second",375372,414456,36513501,63486616,828912,126973232,1229,39201,229630,9777804,78402,19555608,"1bill-boot"
11,12,"petite","second",374809,414771,36490467,63509727,829542,127019454,1199,39297,222065,9786960,78594,19573920,"1bill-boot"
11,13,"petite","second",373763,415161,36372889,63627179,830322,127254358,1228,39241,230098,9788048,78482,19576096,"1bill-boot"
11,14,"petite","second",374501,414786,36456034,63543979,829572,127087958,1232,39250,228755,9782600,78500,19565200,"1bill-boot"
11,15,"petite","second",376168,414003,36610740,63389448,828006,126778896,1148,39308,214956,9804727,78616,19609454,"1bill-boot"
11,16,"petite","second",375174,415074,36504192,63495894,830148,126991788,1284,39301,233675,9774797,78602,19549594,"1bill-boot"
11,17,"petite","second",375735,415196,36537256,63462793,830392,126925586,1364,39311,241537,9775545,78622,19551090,"1bill-boot"
11,18,"petite","second",374745,415202,36437764,63562239,830404,127124478,1236,39305,230538,9783171,78610,19566342,"1bill-boot"
11,19,"petite","second",374416,415546,36407387,63592707,831092,127185414,1185,39285,222221,9783550,78570,19567100,"1bill-boot"
11,20,"petite","second",374956,414708,36477315,63522837,829416,127045674,1155,39360,212716,9792212,78720,19584424,"1bill-boot"
11,21,"petite","second",374901,415421,36475854,63524216,830842,127048432,1201,39362,227712,9775461,78724,19550922,"1bill-boot"
11,22,"petite","second",375224,414445,36497803,63502207,828890,127004414,1208,39325,225507,9785466,78650,19570932,"1bill-boot"
11,23,"petite","second",375510,414670,36554233,63445928,829340,126891856,1429,39142,257564,9747512,78284,19495024,"1bill-boot"
11,24,"petite","second",374768,415302,36432361,63567678,830604,127135356,1187,39362,219756,9803911,78724,19607822,"1bill-boot"
11,25,"petite","second",374346,415449,36425500,63574539,830898,127149078,1173,39348,217257,9795141,78696,19590282,"1bill-boot"
11,26,"petite","second",374408,414954,36442150,63558003,829908,127116006,1137,39267,211788,9789297,78534,19578594,"1bill-boot"
11,27,"petite","second",374528,414858,36470045,63529988,829716,127059976,1273,39157,234749,9765893,78314,19531786,"1bill-boot"
11,28,"petite","second",374405,415771,36396199,63603854,831542,127207708,1249,39330,228780,9782962,78660,19565924,"1bill-boot"
11,29,"petite","second",373901,415755,36354992,63645143,831510,127290286,1163,39362,215233,9786238,78724,19572476,"1bill-boot"
11,30,"petite","second",375054,414769,36477528,63522567,829538,127045134,1410,39276,251795,9774086,78552,19548172,"1bill-boot"
