"sim_number","transfer","time","strain1","strain2","clusters_pop1_b","clusters_pop2_b","cells_pop1_b","cells_pop2_b","total_clusters_b","total_cells_b","clusters_pop1_a","clusters_pop2_a","cells_pop1_a","cells_pop2_a","total_clusters_a","total_cells_a","experiment"
37,1,955,"petite","second-15min",52,36,5020,5113,88,10133,5228,3303,516878,505420,8531,1022298,"Equal Growth Rates"
37,2,955,"petite","second-15min",39,35,4396,5664,74,10060,4581,3668,454139,560241,8249,1014380,"Equal Growth Rates"
37,3,955,"petite","second-15min",36,37,4146,5894,73,10040,4337,3854,428981,580127,8191,1009108,"Equal Growth Rates"
37,4,955,"petite","second-15min",40,34,4151,5850,74,10001,4340,3817,428875,579228,8157,1008103,"Equal Growth Rates"
37,5,955,"petite","second-15min",36,44,3412,6787,80,10199,3547,4394,354006,666874,7941,1020880,"Equal Growth Rates"
37,6,955,"petite","second-15min",40,37,3940,6080,77,10020,4112,3878,408776,599130,7990,1007906,"Equal Growth Rates"
37,7,955,"petite","second-15min",34,42,3659,6402,76,10061,3805,4155,374503,628105,7960,1002608,"Equal Growth Rates"
37,8,955,"petite","second-15min",30,48,2966,7199,78,10165,3109,4652,306246,709455,7761,1015701,"Equal Growth Rates"
37,9,960,"petite","second-15min",27,48,2651,7352,75,10003,2843,4907,281358,741830,7750,1023188,"Equal Growth Rates"
37,10,955,"petite","second-15min",24,44,2621,7415,68,10036,2746,4793,269598,731882,7539,1001480,"Equal Growth Rates"
37,11,955,"petite","second-15min",21,52,1993,8069,73,10062,2071,5224,205556,796393,7295,1001949,"Equal Growth Rates"
37,12,960,"petite","second-15min",20,47,2397,7649,67,10046,2551,5075,254449,770822,7626,1025271,"Equal Growth Rates"
37,13,960,"petite","second-15min",15,47,1594,8426,62,10020,1661,5617,167520,848625,7278,1016145,"Equal Growth Rates"
37,14,960,"petite","second-15min",7,62,710,9326,69,10036,755,6220,75168,945643,6975,1020811,"Equal Growth Rates"
37,15,960,"petite","second-15min",4,56,514,9578,60,10092,566,6432,54880,969394,6998,1024274,"Equal Growth Rates"
37,16,960,"petite","second-15min",7,53,907,9139,60,10046,969,6116,96444,924698,7085,1021142,"Equal Growth Rates"
37,17,960,"petite","second-15min",5,58,610,9428,63,10038,640,6309,64742,954644,6949,1019386,"Equal Growth Rates"
37,18,960,"petite","second-15min",3,59,403,9603,62,10006,422,6418,43355,968392,6840,1011747,"Equal Growth Rates"
37,19,955,"petite","second-15min",4,61,253,10038,65,10291,260,6533,26578,985129,6793,1011707,"Equal Growth Rates"
37,20,960,"petite","second-15min",1,62,177,9844,63,10021,181,6568,18769,992631,6749,1011400,"Equal Growth Rates"
30,1,955,"petite","second-15min",53,38,5037,5016,91,10053,5223,3259,517732,493759,8482,1011491,"Equal Growth Rates"
30,2,955,"petite","second-15min",47,31,4817,5274,78,10091,4898,3389,495151,518923,8287,1014074,"Equal Growth Rates"
30,3,955,"petite","second-15min",36,31,3900,6131,67,10031,4099,3983,404074,601859,8082,1005933,"Equal Growth Rates"
30,4,955,"petite","second-15min",31,47,3133,6951,78,10084,3234,4513,321768,684892,7747,1006660,"Equal Growth Rates"
30,5,955,"petite","second-15min",27,45,3033,7017,72,10050,3094,4574,311246,693074,7668,1004320,"Equal Growth Rates"
30,6,955,"petite","second-15min",27,49,2374,7741,76,10115,2451,5044,244599,763071,7495,1007670,"Equal Growth Rates"
30,7,955,"petite","second-15min",20,46,2182,7910,66,10092,2242,5152,223680,779093,7394,1002773,"Equal Growth Rates"
30,8,955,"petite","second-15min",17,52,1858,8324,69,10182,1935,5374,191443,818435,7309,1009878,"Equal Growth Rates"
30,9,955,"petite","second-15min",14,54,1499,8639,68,10138,1569,5579,155763,848806,7148,1004569,"Equal Growth Rates"
30,10,955,"petite","second-15min",18,51,1883,8224,69,10107,1964,5332,193705,809974,7296,1003679,"Equal Growth Rates"
30,11,955,"petite","second-15min",18,49,1958,8122,67,10080,2015,5297,202788,801488,7312,1004276,"Equal Growth Rates"
30,12,960,"petite","second-15min",16,49,1716,8322,65,10038,1828,5511,180948,839462,7339,1020410,"Equal Growth Rates"
30,13,955,"petite","second-15min",21,54,2068,8001,75,10069,2131,5227,213617,788844,7358,1002461,"Equal Growth Rates"
30,14,955,"petite","second-15min",20,50,2149,7951,70,10100,2208,5135,221060,785089,7343,1006149,"Equal Growth Rates"
30,15,960,"petite","second-15min",19,48,2091,7943,67,10034,2222,5276,221137,800213,7498,1021350,"Equal Growth Rates"
30,16,955,"petite","second-15min",11,52,1208,8919,63,10127,1248,5829,124750,878812,7077,1003562,"Equal Growth Rates"
30,17,960,"petite","second-15min",6,57,519,9566,63,10085,562,6356,55834,966587,6918,1022421,"Equal Growth Rates"
30,18,960,"petite","second-15min",7,59,612,9437,66,10049,646,6298,64946,953719,6944,1018665,"Equal Growth Rates"
30,19,960,"petite","second-15min",3,61,291,9765,64,10056,311,6491,31352,985170,6802,1016522,"Equal Growth Rates"
30,20,960,"petite","second-15min",4,58,512,9525,62,10037,534,6391,53429,960517,6925,1013946,"Equal Growth Rates"
39,1,955,"petite","second-15min",54,32,5034,5035,86,10069,5326,3257,521494,497257,8583,1018751,"Equal Growth Rates"
39,2,955,"petite","second-15min",40,36,4224,5779,76,10003,4410,3744,436001,568033,8154,1004034,"Equal Growth Rates"
39,3,955,"petite","second-15min",38,37,3750,6290,75,10040,3861,4087,387730,616711,7948,1004441,"Equal Growth Rates"
39,4,955,"petite","second-15min",29,40,3477,6542,69,10019,3664,4265,359815,645714,7929,1005529,"Equal Growth Rates"
39,5,960,"petite","second-15min",24,44,2449,7562,68,10011,2630,5044,259124,765395,7674,1024519,"Equal Growth Rates"
39,6,955,"petite","second-15min",20,46,2422,7737,66,10159,2533,4986,249895,760599,7519,1010494,"Equal Growth Rates"
39,7,955,"petite","second-15min",18,55,1764,8369,73,10133,1798,5421,181131,819825,7219,1000956,"Equal Growth Rates"
39,8,960,"petite","second-15min",16,48,1989,8096,64,10085,2047,5461,206964,815689,7508,1022653,"Equal Growth Rates"
39,9,960,"petite","second-15min",14,53,1355,8723,67,10078,1452,5830,143563,881305,7282,1024868,"Equal Growth Rates"
39,10,960,"petite","second-15min",11,55,1259,8785,66,10044,1352,5840,132182,888676,7192,1020858,"Equal Growth Rates"
39,11,955,"petite","second-15min",9,60,1003,9097,69,10100,1014,5894,103997,898692,6908,1002689,"Equal Growth Rates"
39,12,960,"petite","second-15min",2,63,209,9906,65,10115,222,6627,22313,1000981,6849,1023294,"Equal Growth Rates"
39,13,955,"petite","second-15min",1,61,73,10131,62,10204,72,6661,7744,1002171,6733,1009915,"Equal Growth Rates"
4,1,955,"petite","second-15min",53,33,5006,5105,86,10111,5238,3333,515055,506354,8571,1021409,"Equal Growth Rates"
4,2,955,"petite","second-15min",41,33,4746,5269,74,10015,4942,3380,492148,517633,8322,1009781,"Equal Growth Rates"
4,3,955,"petite","second-15min",36,39,3604,6416,75,10020,3714,4205,370912,634391,7919,1005303,"Equal Growth Rates"
4,4,955,"petite","second-15min",22,49,2100,7989,71,10089,2207,5195,217057,787322,7402,1004379,"Equal Growth Rates"
4,5,955,"petite","second-15min",21,47,2830,7257,68,10087,2969,4690,293808,713636,7659,1007444,"Equal Growth Rates"
4,6,960,"petite","second-15min",17,48,1873,8194,65,10067,1993,5470,197517,827245,7463,1024762,"Equal Growth Rates"
4,7,960,"petite","second-15min",20,51,2226,7850,71,10076,2371,5248,234289,789983,7619,1024272,"Equal Growth Rates"
4,8,960,"petite","second-15min",13,53,1569,8442,66,10011,1679,5608,166720,853729,7287,1020449,"Equal Growth Rates"
4,9,960,"petite","second-15min",12,55,1255,8784,67,10039,1327,5874,133394,885097,7201,1018491,"Equal Growth Rates"
4,10,960,"petite","second-15min",5,62,525,9492,67,10017,562,6409,56118,962544,6971,1018662,"Equal Growth Rates"
4,11,960,"petite","second-15min",5,60,509,9503,65,10012,549,6254,53829,959788,6803,1013617,"Equal Growth Rates"
4,12,960,"petite","second-15min",3,58,293,9830,61,10123,303,6560,30874,994987,6863,1025861,"Equal Growth Rates"
4,13,960,"petite","second-15min",3,63,344,9728,66,10072,359,6445,36522,984583,6804,1021105,"Equal Growth Rates"
4,14,960,"petite","second-15min",3,60,285,9805,63,10090,310,6586,30671,992251,6896,1022922,"Equal Growth Rates"
4,15,960,"petite","second-15min",4,63,508,9625,67,10133,544,6420,53345,971191,6964,1024536,"Equal Growth Rates"
4,16,960,"petite","second-15min",4,56,395,9605,60,10000,427,6391,41499,967668,6818,1009167,"Equal Growth Rates"
4,17,960,"petite","second-15min",3,64,429,9706,67,10135,437,6501,44455,981252,6938,1025707,"Equal Growth Rates"
4,18,960,"petite","second-15min",4,55,564,9482,59,10046,611,6320,59988,962703,6931,1022691,"Equal Growth Rates"
4,19,960,"petite","second-15min",5,52,492,9547,57,10039,534,6411,52378,964056,6945,1016434,"Equal Growth Rates"
4,20,960,"petite","second-15min",1,62,58,9974,63,10032,56,6650,5942,1010515,6706,1016457,"Equal Growth Rates"
3,1,955,"petite","second-15min",49,33,5042,5042,82,10084,5281,3285,520861,498303,8566,1019164,"Equal Growth Rates"
3,2,955,"petite","second-15min",39,36,4340,5686,75,10026,4516,3704,449088,560371,8220,1009459,"Equal Growth Rates"
3,3,960,"petite","second-15min",30,42,3023,6986,72,10009,3204,4662,320281,702084,7866,1022365,"Equal Growth Rates"
3,4,955,"petite","second-15min",14,54,1628,8470,68,10098,1688,5467,168440,833162,7155,1001602,"Equal Growth Rates"
3,5,960,"petite","second-15min",11,57,951,9128,68,10079,1000,6118,99761,925835,7118,1025596,"Equal Growth Rates"
3,6,960,"petite","second-15min",10,59,976,9053,69,10029,1048,6000,103400,914190,7048,1017590,"Equal Growth Rates"
3,7,960,"petite","second-15min",13,55,1339,8717,68,10056,1413,5822,141252,879968,7235,1021220,"Equal Growth Rates"
3,8,955,"petite","second-15min",9,57,883,9442,66,10325,923,6118,91116,927998,7041,1019114,"Equal Growth Rates"
3,9,960,"petite","second-15min",7,59,636,9448,66,10084,677,6355,68511,955441,7032,1023952,"Equal Growth Rates"
3,10,960,"petite","second-15min",3,59,347,9734,62,10081,356,6464,36921,983381,6820,1020302,"Equal Growth Rates"
3,11,960,"petite","second-15min",3,59,426,9590,62,10016,454,6422,44562,968979,6876,1013541,"Equal Growth Rates"
3,12,960,"petite","second-15min",5,63,566,9461,68,10027,611,6340,59750,954469,6951,1014219,"Equal Growth Rates"
3,13,960,"petite","second-15min",5,56,473,9534,61,10007,510,6329,49506,962767,6839,1012273,"Equal Growth Rates"
3,14,955,"petite","second-15min",5,57,595,9549,62,10144,604,6218,62049,943287,6822,1005336,"Equal Growth Rates"
3,15,960,"petite","second-15min",1,55,134,9923,56,10057,153,6596,14423,1002663,6749,1017086,"Equal Growth Rates"
2,1,950,"petite","second-15min",54,32,5099,5067,86,10166,5235,3177,514258,486279,8412,1000537,"Equal Growth Rates"
2,2,955,"petite","second-15min",46,37,4444,5627,83,10071,4608,3656,459062,555351,8264,1014413,"Equal Growth Rates"
2,3,955,"petite","second-15min",27,40,3015,7132,67,10147,3130,4614,313335,699042,7744,1012377,"Equal Growth Rates"
2,4,955,"petite","second-15min",22,48,2486,7653,70,10139,2574,4991,257032,755111,7565,1012143,"Equal Growth Rates"
2,5,960,"petite","second-15min",16,54,1698,8318,70,10016,1791,5556,178394,839355,7347,1017749,"Equal Growth Rates"
2,6,955,"petite","second-15min",13,57,1339,8770,70,10109,1415,5687,139293,865402,7102,1004695,"Equal Growth Rates"
2,7,960,"petite","second-15min",12,51,1349,8740,63,10089,1435,5790,141971,882206,7225,1024177,"Equal Growth Rates"
2,8,955,"petite","second-15min",9,62,806,9328,71,10134,856,6053,83977,917069,6909,1001046,"Equal Growth Rates"
2,9,960,"petite","second-15min",4,59,418,9624,63,10042,431,6457,44091,974264,6888,1018355,"Equal Growth Rates"
2,10,960,"petite","second-15min",4,61,474,9579,65,10053,516,6380,50841,966555,6896,1017396,"Equal Growth Rates"
2,11,960,"petite","second-15min",6,62,563,9462,68,10025,605,6339,60144,955692,6944,1015836,"Equal Growth Rates"
2,12,955,"petite","second-15min",5,59,592,9576,64,10168,613,6221,60925,945212,6834,1006137,"Equal Growth Rates"
2,13,960,"petite","second-15min",5,64,546,9483,69,10029,604,6359,59133,960703,6963,1019836,"Equal Growth Rates"
2,14,960,"petite","second-15min",7,60,775,9275,67,10050,825,6148,81729,939003,6973,1020732,"Equal Growth Rates"
2,15,955,"petite","second-15min",4,58,348,9787,62,10135,372,6335,36755,964404,6707,1001159,"Equal Growth Rates"
2,16,960,"petite","second-15min",3,62,200,9898,65,10098,220,6570,20502,997250,6790,1017752,"Equal Growth Rates"
2,17,960,"petite","second-15min",1,62,93,10023,63,10116,101,6750,9569,1015892,6851,1025461,"Equal Growth Rates"
2,18,960,"petite","second-15min",1,62,187,9892,63,10079,202,6575,20208,995795,6777,1016003,"Equal Growth Rates"
2,19,960,"petite","second-15min",2,63,121,9971,65,10092,133,6644,13121,1006687,6777,1019808,"Equal Growth Rates"
2,20,960,"petite","second-15min",2,68,189,9890,70,10079,202,6599,19729,998736,6801,1018465,"Equal Growth Rates"
38,1,950,"petite","second-15min",51,34,5096,5214,85,10310,5219,3311,512977,502825,8530,1015802,"Equal Growth Rates"
38,2,955,"petite","second-15min",43,39,4084,5975,82,10059,4204,3881,421040,585597,8085,1006637,"Equal Growth Rates"
38,3,955,"petite","second-15min",26,46,2887,7183,72,10070,2980,4704,297074,708760,7684,1005834,"Equal Growth Rates"
38,4,955,"petite","second-15min",31,48,3197,6939,79,10136,3366,4486,330435,682963,7852,1013398,"Equal Growth Rates"
38,5,960,"petite","second-15min",22,47,2234,7803,69,10037,2366,5211,236088,789840,7577,1025928,"Equal Growth Rates"
38,6,955,"petite","second-15min",21,47,2279,7743,68,10022,2365,5038,234794,766152,7403,1000946,"Equal Growth Rates"
38,7,955,"petite","second-15min",18,48,1767,8329,66,10096,1875,5418,184496,820770,7293,1005266,"Equal Growth Rates"
38,8,955,"petite","second-15min",18,53,2103,8147,71,10250,2149,5303,215522,803068,7452,1018590,"Equal Growth Rates"
38,9,960,"petite","second-15min",19,52,1988,8021,71,10009,2154,5381,211769,810378,7535,1022147,"Equal Growth Rates"
38,10,960,"petite","second-15min",12,60,1195,8808,72,10003,1316,5887,128628,890332,7203,1018960,"Equal Growth Rates"
38,11,955,"petite","second-15min",8,58,685,9537,66,10222,714,6251,70812,939896,6965,1010708,"Equal Growth Rates"
38,12,960,"petite","second-15min",3,58,279,9778,61,10057,305,6507,30208,987847,6812,1018055,"Equal Growth Rates"
38,13,960,"petite","second-15min",2,63,154,9927,65,10081,164,6709,16596,1006033,6873,1022629,"Equal Growth Rates"
38,14,960,"petite","second-15min",2,66,177,9869,68,10046,190,6591,18871,996682,6781,1015553,"Equal Growth Rates"
38,15,960,"petite","second-15min",1,63,92,9993,64,10085,105,6666,9976,1012338,6771,1022314,"Equal Growth Rates"
5,1,955,"petite","second-15min",52,31,5060,5078,83,10138,5249,3246,520148,497729,8495,1017877,"Equal Growth Rates"
5,2,955,"petite","second-15min",41,31,4869,5238,72,10107,5054,3417,504321,515304,8471,1019625,"Equal Growth Rates"
5,3,955,"petite","second-15min",52,27,5883,4191,79,10074,6116,2739,604370,413708,8855,1018078,"Equal Growth Rates"
5,4,955,"petite","second-15min",41,30,4639,5422,71,10061,4811,3504,477800,533691,8315,1011491,"Equal Growth Rates"
5,5,955,"petite","second-15min",36,34,3893,6297,70,10190,4046,4117,400059,623693,8163,1023752,"Equal Growth Rates"
5,6,955,"petite","second-15min",28,46,2719,7525,74,10244,2878,4899,282850,742038,7777,1024888,"Equal Growth Rates"
5,7,955,"petite","second-15min",21,50,2197,7896,71,10093,2271,5150,225960,780941,7421,1006901,"Equal Growth Rates"
5,8,955,"petite","second-15min",21,45,2168,7961,66,10129,2257,5163,224079,783974,7420,1008053,"Equal Growth Rates"
5,9,955,"petite","second-15min",19,55,2034,8078,74,10112,2115,5257,208481,797977,7372,1006458,"Equal Growth Rates"
5,10,960,"petite","second-15min",10,52,1046,9041,62,10087,1110,5938,110619,909194,7048,1019813,"Equal Growth Rates"
5,11,960,"petite","second-15min",3,58,430,9575,61,10005,467,6362,45054,967690,6829,1012744,"Equal Growth Rates"
5,12,955,"petite","second-15min",6,62,624,9565,68,10189,655,6249,64921,941767,6904,1006688,"Equal Growth Rates"
5,13,955,"petite","second-15min",3,59,216,9993,62,10209,219,6495,22123,981653,6714,1003776,"Equal Growth Rates"
31,1,955,"petite","second-15min",54,34,5032,5155,88,10187,5223,3336,517584,507994,8559,1025578,"Equal Growth Rates"
31,2,950,"petite","second-15min",43,33,4416,5822,76,10238,4498,3694,445379,560056,8192,1005435,"Equal Growth Rates"
31,3,955,"petite","second-15min",34,36,3789,6313,70,10102,3903,4123,390302,621795,8026,1012097,"Equal Growth Rates"
31,4,955,"petite","second-15min",29,40,3381,6660,69,10041,3498,4322,350380,654998,7820,1005378,"Equal Growth Rates"
31,5,955,"petite","second-15min",23,46,2250,7937,69,10187,2347,5098,233161,784891,7445,1018052,"Equal Growth Rates"
31,6,955,"petite","second-15min",18,51,1790,8332,69,10122,1852,5377,185749,818584,7229,1004333,"Equal Growth Rates"
31,7,955,"petite","second-15min",12,55,1280,8831,67,10111,1315,5732,132252,869336,7047,1001588,"Equal Growth Rates"
31,8,960,"petite","second-15min",10,53,1153,8889,63,10042,1218,5911,122184,898349,7129,1020533,"Equal Growth Rates"
31,9,955,"petite","second-15min",7,52,1086,9143,59,10229,1118,5954,111873,895387,7072,1007260,"Equal Growth Rates"
31,10,960,"petite","second-15min",8,56,856,9152,64,10008,917,6120,90464,927560,7037,1018024,"Equal Growth Rates"
31,11,960,"petite","second-15min",4,54,478,9536,58,10014,518,6354,50830,963430,6872,1014260,"Equal Growth Rates"
31,12,960,"petite","second-15min",2,60,201,9927,62,10128,212,6613,21019,998717,6825,1019736,"Equal Growth Rates"
31,13,960,"petite","second-15min",2,60,318,9736,62,10054,347,6508,34498,983986,6855,1018484,"Equal Growth Rates"
31,14,960,"petite","second-15min",3,57,285,9716,60,10001,315,6480,30367,984216,6795,1014583,"Equal Growth Rates"
31,15,960,"petite","second-15min",1,64,106,9924,65,10030,121,6588,11598,999994,6709,1011592,"Equal Growth Rates"
31,16,960,"petite","second-15min",1,64,84,9932,65,10016,85,6637,8779,1007000,6722,1015779,"Equal Growth Rates"
31,17,960,"petite","second-15min",1,68,104,9946,69,10050,113,6657,10859,1004781,6770,1015640,"Equal Growth Rates"
31,18,960,"petite","second-15min",1,62,105,9961,63,10066,112,6700,10731,1006517,6812,1017248,"Equal Growth Rates"
31,19,960,"petite","second-15min",1,60,211,9795,61,10006,224,6577,22262,988558,6801,1010820,"Equal Growth Rates"
31,20,960,"petite","second-15min",1,65,93,9917,66,10010,101,6556,9584,998796,6657,1008380,"Equal Growth Rates"
36,1,950,"petite","second-15min",49,34,5102,5201,83,10303,5151,3341,513410,498975,8492,1012385,"Equal Growth Rates"
36,2,955,"petite","second-15min",37,38,3903,6110,75,10013,4032,3966,404746,602338,7998,1007084,"Equal Growth Rates"
36,3,955,"petite","second-15min",30,42,3422,6607,72,10029,3481,4297,351586,652231,7778,1003817,"Equal Growth Rates"
36,4,955,"petite","second-15min",27,48,2845,7382,75,10227,2948,4827,292737,726873,7775,1019610,"Equal Growth Rates"
36,5,955,"petite","second-15min",29,43,3200,6866,72,10066,3288,4475,328551,677038,7763,1005589,"Equal Growth Rates"
36,6,955,"petite","second-15min",21,49,2349,7781,70,10130,2463,5054,243915,766168,7517,1010083,"Equal Growth Rates"
36,7,960,"petite","second-15min",14,55,1288,8819,69,10107,1385,5847,135482,889672,7232,1025154,"Equal Growth Rates"
36,8,955,"petite","second-15min",9,62,858,9358,71,10216,896,6104,89354,924155,7000,1013509,"Equal Growth Rates"
36,9,955,"petite","second-15min",3,55,316,9802,58,10118,330,6360,33377,967812,6690,1001189,"Equal Growth Rates"
36,10,960,"petite","second-15min",1,63,101,9954,64,10055,106,6658,10547,1005608,6764,1016155,"Equal Growth Rates"
36,11,960,"petite","second-15min",1,65,51,10024,66,10075,54,6727,5609,1017171,6781,1022780,"Equal Growth Rates"
14,1,955,"petite","second-15min",50,29,5035,5063,79,10098,5268,3272,521522,497874,8540,1019396,"Equal Growth Rates"
14,2,955,"petite","second-15min",50,32,5028,4979,82,10007,5184,3197,515437,488572,8381,1004009,"Equal Growth Rates"
14,3,955,"petite","second-15min",40,34,4024,6112,74,10136,4169,3965,413955,603939,8134,1017894,"Equal Growth Rates"
14,4,955,"petite","second-15min",31,45,3141,7009,76,10150,3274,4569,324696,690354,7843,1015050,"Equal Growth Rates"
14,5,955,"petite","second-15min",21,47,2559,7503,68,10062,2680,4873,264031,737340,7553,1001371,"Equal Growth Rates"
14,6,955,"petite","second-15min",21,51,2079,8054,72,10133,2142,5237,213294,794792,7379,1008086,"Equal Growth Rates"
14,7,960,"petite","second-15min",18,52,1837,8169,70,10006,1971,5380,193299,820657,7351,1013956,"Equal Growth Rates"
14,8,960,"petite","second-15min",11,54,992,9008,65,10000,1042,6073,103653,911935,7115,1015588,"Equal Growth Rates"
14,9,960,"petite","second-15min",9,61,1027,8979,70,10006,1080,5935,109362,909726,7015,1019088,"Equal Growth Rates"
14,10,960,"petite","second-15min",7,59,642,9421,66,10063,673,6189,67835,948439,6862,1016274,"Equal Growth Rates"
14,11,955,"petite","second-15min",3,57,470,9692,60,10162,487,6349,48810,957615,6836,1006425,"Equal Growth Rates"
14,12,955,"petite","second-15min",3,57,243,9938,60,10181,254,6453,24681,980518,6707,1005199,"Equal Growth Rates"
14,13,960,"petite","second-15min",1,60,188,9844,61,10032,201,6587,20554,996793,6788,1017347,"Equal Growth Rates"
14,14,955,"petite","second-15min",4,62,518,9609,66,10127,545,6261,53769,948729,6806,1002498,"Equal Growth Rates"
14,15,960,"petite","second-15min",1,58,78,9935,59,10013,82,6577,8412,1003141,6659,1011553,"Equal Growth Rates"
14,16,960,"petite","second-15min",1,60,92,9950,61,10042,101,6589,9977,1002008,6690,1011985,"Equal Growth Rates"
13,1,955,"petite","second-15min",52,36,5040,5063,88,10103,5259,3301,517743,501041,8560,1018784,"Equal Growth Rates"
13,2,955,"petite","second-15min",45,35,4865,5157,80,10022,5075,3311,503066,505312,8386,1008378,"Equal Growth Rates"
13,3,955,"petite","second-15min",36,38,3793,6296,74,10089,3912,4049,390667,619932,7961,1010599,"Equal Growth Rates"
13,4,955,"petite","second-15min",24,50,2769,7418,74,10187,2906,4803,286496,729452,7709,1015948,"Equal Growth Rates"
13,5,955,"petite","second-15min",24,50,2404,7625,74,10029,2507,4987,248237,752799,7494,1001036,"Equal Growth Rates"
13,6,960,"petite","second-15min",18,52,1670,8415,70,10085,1765,5586,176700,847112,7351,1023812,"Equal Growth Rates"
13,7,960,"petite","second-15min",12,53,1164,8915,65,10079,1236,5947,123288,900154,7183,1023442,"Equal Growth Rates"
13,8,955,"petite","second-15min",9,53,1072,9086,62,10158,1110,5913,109597,898457,7023,1008054,"Equal Growth Rates"
13,9,960,"petite","second-15min",9,56,927,9139,65,10066,987,6023,98353,921994,7010,1020347,"Equal Growth Rates"
13,10,960,"petite","second-15min",3,57,340,9712,60,10052,372,6473,36305,980532,6845,1016837,"Equal Growth Rates"
13,11,960,"petite","second-15min",2,65,274,9774,67,10048,299,6510,29440,987842,6809,1017282,"Equal Growth Rates"
13,12,960,"petite","second-15min",1,64,80,9922,65,10002,90,6596,8591,998940,6686,1007531,"Equal Growth Rates"
25,1,955,"petite","second-15min",50,34,5103,5031,84,10134,5320,3227,523539,492972,8547,1016511,"Equal Growth Rates"
25,2,955,"petite","second-15min",46,32,5214,4811,78,10025,5439,3093,536496,474544,8532,1011040,"Equal Growth Rates"
25,3,955,"petite","second-15min",51,28,5421,4600,79,10021,5636,3008,559201,455000,8644,1014201,"Equal Growth Rates"
25,4,955,"petite","second-15min",49,28,5540,4606,77,10146,5720,3017,569417,455755,8737,1025172,"Equal Growth Rates"
25,5,955,"petite","second-15min",40,36,4442,5685,76,10127,4624,3741,458121,561994,8365,1020115,"Equal Growth Rates"
25,6,955,"petite","second-15min",31,40,3630,6544,71,10174,3735,4214,373068,641282,7949,1014350,"Equal Growth Rates"
25,7,955,"petite","second-15min",31,41,3085,7025,72,10110,3210,4585,318771,690365,7795,1009136,"Equal Growth Rates"
25,8,960,"petite","second-15min",21,50,2128,7922,71,10050,2262,5268,224512,799320,7530,1023832,"Equal Growth Rates"
25,9,955,"petite","second-15min",21,50,2050,8045,71,10095,2129,5240,212186,793200,7369,1005386,"Equal Growth Rates"
25,10,955,"petite","second-15min",13,56,1426,8810,69,10236,1481,5656,146637,870115,7137,1016752,"Equal Growth Rates"
25,11,955,"petite","second-15min",14,51,1500,8661,65,10161,1599,5630,154659,849645,7229,1004304,"Equal Growth Rates"
25,12,960,"petite","second-15min",12,54,1343,8674,66,10017,1435,5804,143016,876255,7239,1019271,"Equal Growth Rates"
25,13,955,"petite","second-15min",7,62,561,9542,69,10103,588,6249,58572,943659,6837,1002231,"Equal Growth Rates"
25,14,960,"petite","second-15min",6,58,610,9438,64,10048,652,6308,64095,949531,6960,1013626,"Equal Growth Rates"
25,15,960,"petite","second-15min",2,62,195,9846,64,10041,211,6588,21101,993020,6799,1014121,"Equal Growth Rates"
25,16,960,"petite","second-15min",3,59,274,9771,62,10045,305,6467,29510,982557,6772,1012067,"Equal Growth Rates"
25,17,960,"petite","second-15min",3,61,266,9797,64,10063,278,6498,28250,985464,6776,1013714,"Equal Growth Rates"
25,18,955,"petite","second-15min",1,62,109,10110,63,10219,116,6578,12314,999253,6694,1011567,"Equal Growth Rates"
22,1,950,"petite","second-15min",50,36,5036,5185,86,10221,5160,3306,506883,499269,8466,1006152,"Equal Growth Rates"
22,2,955,"petite","second-15min",44,34,4692,5310,78,10002,4880,3433,486168,523499,8313,1009667,"Equal Growth Rates"
22,3,955,"petite","second-15min",33,40,3554,6508,73,10062,3689,4274,365729,641497,7963,1007226,"Equal Growth Rates"
22,4,955,"petite","second-15min",33,46,3664,6393,79,10057,3863,4162,381198,628459,8025,1009657,"Equal Growth Rates"
22,5,955,"petite","second-15min",28,43,3075,7009,71,10084,3166,4495,316462,690934,7661,1007396,"Equal Growth Rates"
22,6,955,"petite","second-15min",19,50,1882,8201,69,10083,1891,5340,192299,808913,7231,1001212,"Equal Growth Rates"
22,7,955,"petite","second-15min",11,56,1042,9156,67,10198,1098,5912,107718,900948,7010,1008666,"Equal Growth Rates"
22,8,955,"petite","second-15min",9,60,1120,9005,69,10125,1158,5804,114506,885876,6962,1000382,"Equal Growth Rates"
22,9,955,"petite","second-15min",11,53,1042,9179,64,10221,1081,5976,107637,904604,7057,1012241,"Equal Growth Rates"
22,10,955,"petite","second-15min",8,56,1001,9135,64,10136,1054,5907,104520,898595,6961,1003115,"Equal Growth Rates"
22,11,955,"petite","second-15min",5,56,606,9541,61,10147,620,6212,62619,942223,6832,1004842,"Equal Growth Rates"
22,12,960,"petite","second-15min",2,55,95,10029,57,10124,104,6653,9749,1013796,6757,1023545,"Equal Growth Rates"
49,1,955,"petite","second-15min",46,33,5045,5040,79,10085,5253,3267,519365,495894,8520,1015259,"Equal Growth Rates"
49,2,955,"petite","second-15min",41,33,4731,5304,74,10035,4896,3471,488479,524263,8367,1012742,"Equal Growth Rates"
49,3,955,"petite","second-15min",46,32,5011,5127,78,10138,5185,3317,518674,503822,8502,1022496,"Equal Growth Rates"
49,4,955,"petite","second-15min",41,34,4670,5409,75,10079,4854,3533,482942,534171,8387,1017113,"Equal Growth Rates"
49,5,955,"petite","second-15min",43,35,4240,5808,78,10048,4346,3804,435550,571897,8150,1007447,"Equal Growth Rates"
49,6,950,"petite","second-15min",41,33,4957,5246,74,10203,5038,3281,501212,503690,8319,1004902,"Equal Growth Rates"
49,7,955,"petite","second-15min",32,40,3624,6419,72,10043,3738,4167,372204,630111,7905,1002315,"Equal Growth Rates"
49,8,960,"petite","second-15min",26,45,2842,7163,71,10005,3045,4772,300392,722684,7817,1023076,"Equal Growth Rates"
49,9,960,"petite","second-15min",25,52,2546,7504,77,10050,2703,4975,267607,756662,7678,1024269,"Equal Growth Rates"
49,10,955,"petite","second-15min",25,39,2929,7137,64,10066,3008,4700,301232,707419,7708,1008651,"Equal Growth Rates"
49,11,955,"petite","second-15min",22,46,2606,7438,68,10044,2703,4880,269004,738290,7583,1007294,"Equal Growth Rates"
49,12,960,"petite","second-15min",19,50,1871,8142,69,10013,2017,5425,197978,823058,7442,1021036,"Equal Growth Rates"
49,13,960,"petite","second-15min",12,57,1237,8822,69,10059,1333,5851,132049,891534,7184,1023583,"Equal Growth Rates"
49,14,960,"petite","second-15min",5,63,564,9482,68,10046,584,6303,59159,957612,6887,1016771,"Equal Growth Rates"
49,15,960,"petite","second-15min",6,61,592,9453,67,10045,627,6311,62982,956049,6938,1019031,"Equal Growth Rates"
49,16,960,"petite","second-15min",5,63,364,9677,68,10041,392,6467,38614,977572,6859,1016186,"Equal Growth Rates"
49,17,960,"petite","second-15min",4,60,416,9624,64,10040,440,6439,44272,976141,6879,1020413,"Equal Growth Rates"
49,18,960,"petite","second-15min",2,56,189,9838,58,10027,194,6581,19729,993889,6775,1013618,"Equal Growth Rates"
49,19,960,"petite","second-15min",2,65,217,9828,67,10045,234,6564,23156,994855,6798,1018011,"Equal Growth Rates"
49,20,960,"petite","second-15min",1,64,114,9973,65,10087,124,6615,12503,1007407,6739,1019910,"Equal Growth Rates"
47,1,955,"petite","second-15min",52,34,5024,5004,86,10028,5290,3211,518199,491585,8501,1009784,"Equal Growth Rates"
47,2,955,"petite","second-15min",41,36,4567,5526,77,10093,4750,3576,469899,543792,8326,1013691,"Equal Growth Rates"
47,3,955,"petite","second-15min",22,43,2846,7239,65,10085,2941,4616,293631,709842,7557,1003473,"Equal Growth Rates"
47,4,955,"petite","second-15min",21,50,2204,7892,71,10096,2345,5108,230260,777556,7453,1007816,"Equal Growth Rates"
47,5,955,"petite","second-15min",25,45,2380,7712,70,10092,2470,5008,245035,760316,7478,1005351,"Equal Growth Rates"
47,6,955,"petite","second-15min",18,51,2381,7821,69,10202,2465,5121,245223,769700,7586,1014923,"Equal Growth Rates"
47,7,955,"petite","second-15min",21,50,2298,7927,71,10225,2419,5106,239617,781484,7525,1021101,"Equal Growth Rates"
47,8,960,"petite","second-15min",22,47,2235,7797,69,10032,2352,5244,236246,788420,7596,1024666,"Equal Growth Rates"
47,9,955,"petite","second-15min",24,50,2468,7602,74,10070,2566,4941,255595,747323,7507,1002918,"Equal Growth Rates"
47,10,955,"petite","second-15min",17,53,1988,8164,70,10152,2092,5404,206783,805143,7496,1011926,"Equal Growth Rates"
47,11,960,"petite","second-15min",10,54,1093,8945,64,10038,1172,6017,116207,906537,7189,1022744,"Equal Growth Rates"
47,12,960,"petite","second-15min",5,56,478,9613,61,10091,505,6469,49683,973002,6974,1022685,"Equal Growth Rates"
47,13,955,"petite","second-15min",6,61,579,9563,67,10142,608,6174,60274,941958,6782,1002232,"Equal Growth Rates"
47,14,960,"petite","second-15min",4,62,444,9611,66,10055,464,6426,46706,970429,6890,1017135,"Equal Growth Rates"
47,15,960,"petite","second-15min",2,62,297,9828,64,10125,325,6513,31788,991206,6838,1022994,"Equal Growth Rates"
47,16,960,"petite","second-15min",3,59,413,9677,62,10090,438,6375,43657,974958,6813,1018615,"Equal Growth Rates"
47,17,960,"petite","second-15min",3,60,270,9844,63,10114,302,6539,28784,993241,6841,1022025,"Equal Growth Rates"
47,18,960,"petite","second-15min",2,66,177,9905,68,10082,191,6628,18695,1001861,6819,1020556,"Equal Growth Rates"
47,19,960,"petite","second-15min",1,63,48,10029,64,10077,45,6622,4848,1014107,6667,1018955,"Equal Growth Rates"
47,20,955,"petite","second-15min",1,63,114,10163,64,10277,112,6525,11592,998473,6637,1010065,"Equal Growth Rates"
40,1,955,"petite","second-15min",49,32,5009,5055,81,10064,5211,3272,514117,498625,8483,1012742,"Equal Growth Rates"
40,2,955,"petite","second-15min",40,38,4254,5822,78,10076,4424,3778,441035,573630,8202,1014665,"Equal Growth Rates"
40,3,955,"petite","second-15min",37,38,4130,5960,75,10090,4281,3896,424250,587152,8177,1011402,"Equal Growth Rates"
40,4,955,"petite","second-15min",36,38,4093,5918,74,10011,4289,3849,422316,582122,8138,1004438,"Equal Growth Rates"
40,5,955,"petite","second-15min",37,37,4249,5757,74,10006,4366,3783,440635,568026,8149,1008661,"Equal Growth Rates"
40,6,955,"petite","second-15min",33,43,3261,6937,76,10198,3394,4508,337456,683780,7902,1021236,"Equal Growth Rates"
40,7,955,"petite","second-15min",29,41,3314,6728,70,10042,3432,4363,342423,662699,7795,1005122,"Equal Growth Rates"
40,8,955,"petite","second-15min",29,41,3138,6939,70,10077,3303,4591,325847,685609,7894,1011456,"Equal Growth Rates"
40,9,960,"petite","second-15min",20,51,2140,7909,71,10049,2277,5255,226755,798740,7532,1025495,"Equal Growth Rates"
40,10,960,"petite","second-15min",17,50,1885,8128,67,10013,2009,5353,198722,821316,7362,1020038,"Equal Growth Rates"
40,11,955,"petite","second-15min",14,51,1502,8641,65,10143,1537,5592,154025,851280,7129,1005305,"Equal Growth Rates"
40,12,955,"petite","second-15min",10,58,1074,9043,68,10117,1112,5909,110944,890341,7021,1001285,"Equal Growth Rates"
40,13,960,"petite","second-15min",9,57,864,9191,66,10055,937,6159,92103,926064,7096,1018167,"Equal Growth Rates"
40,14,955,"petite","second-15min",8,61,789,9283,69,10072,800,6083,81209,919479,6883,1000688,"Equal Growth Rates"
40,15,955,"petite","second-15min",5,61,505,9618,66,10123,522,6227,51501,949836,6749,1001337,"Equal Growth Rates"
40,16,960,"petite","second-15min",2,64,169,9923,66,10092,181,6541,17607,998082,6722,1015689,"Equal Growth Rates"
40,17,960,"petite","second-15min",1,56,69,10013,57,10082,75,6649,7455,1010556,6724,1018011,"Equal Growth Rates"
23,1,955,"petite","second-15min",55,31,5104,5022,86,10126,5289,3266,522056,494498,8555,1016554,"Equal Growth Rates"
23,2,955,"petite","second-15min",43,39,4140,5896,82,10036,4272,3830,425394,582147,8102,1007541,"Equal Growth Rates"
23,3,955,"petite","second-15min",39,31,5039,4970,70,10009,5202,3192,517490,484831,8394,1002321,"Equal Growth Rates"
23,4,950,"petite","second-15min",50,36,5165,5023,86,10188,5190,3177,518158,483545,8367,1001703,"Equal Growth Rates"
23,5,955,"petite","second-15min",47,35,4877,5224,82,10101,5119,3350,506787,513723,8469,1020510,"Equal Growth Rates"
23,6,955,"petite","second-15min",36,41,3545,6486,77,10031,3677,4173,365288,638248,7850,1003536,"Equal Growth Rates"
23,7,955,"petite","second-15min",32,42,3263,6811,74,10074,3403,4416,337404,672615,7819,1010019,"Equal Growth Rates"
23,8,955,"petite","second-15min",22,45,2722,7349,67,10071,2838,4764,280747,726065,7602,1006812,"Equal Growth Rates"
23,9,960,"petite","second-15min",21,47,2345,7671,68,10016,2502,5137,248797,775563,7639,1024360,"Equal Growth Rates"
23,10,960,"petite","second-15min",18,53,1976,8075,71,10051,2130,5380,209010,815298,7510,1024308,"Equal Growth Rates"
23,11,955,"petite","second-15min",18,53,1616,8453,71,10069,1682,5579,166499,836619,7261,1003118,"Equal Growth Rates"
23,12,955,"petite","second-15min",15,49,2075,8018,64,10093,2180,5261,215904,792657,7441,1008561,"Equal Growth Rates"
23,13,960,"petite","second-15min",9,58,1067,9000,67,10067,1119,5998,111634,908996,7117,1020630,"Equal Growth Rates"
23,14,960,"petite","second-15min",11,57,1280,8817,68,10097,1377,5894,135292,889431,7271,1024723,"Equal Growth Rates"
23,15,960,"petite","second-15min",10,57,1115,8890,67,10005,1193,5855,117603,896230,7048,1013833,"Equal Growth Rates"
23,16,960,"petite","second-15min",9,59,680,9331,68,10011,730,6210,72560,942979,6940,1015539,"Equal Growth Rates"
23,17,960,"petite","second-15min",6,55,672,9412,61,10084,717,6313,71699,952255,7030,1023954,"Equal Growth Rates"
23,18,960,"petite","second-15min",6,62,791,9303,68,10094,854,6217,84649,937724,7071,1022373,"Equal Growth Rates"
23,19,960,"petite","second-15min",7,56,656,9405,63,10061,728,6284,69743,949384,7012,1019127,"Equal Growth Rates"
23,20,960,"petite","second-15min",2,57,200,9808,59,10008,213,6592,20882,994777,6805,1015659,"Equal Growth Rates"
24,1,955,"petite","second-15min",49,33,5051,5039,82,10090,5313,3292,522301,497292,8605,1019593,"Equal Growth Rates"
24,2,955,"petite","second-15min",40,37,4206,5949,77,10155,4327,3912,433215,585151,8239,1018366,"Equal Growth Rates"
24,3,955,"petite","second-15min",29,47,2975,7049,76,10024,3108,4571,306933,694866,7679,1001799,"Equal Growth Rates"
24,4,955,"petite","second-15min",34,40,3625,6460,74,10085,3685,4142,371671,632701,7827,1004372,"Equal Growth Rates"
24,5,960,"petite","second-15min",26,44,2761,7250,70,10011,2910,4826,290947,733833,7736,1024780,"Equal Growth Rates"
24,6,960,"petite","second-15min",20,46,2317,7692,66,10009,2474,5122,243998,779768,7596,1023766,"Equal Growth Rates"
24,7,955,"petite","second-15min",14,55,1601,8601,69,10202,1652,5558,165271,846587,7210,1011858,"Equal Growth Rates"
24,8,960,"petite","second-15min",11,57,1093,9004,68,10097,1166,5980,114904,908470,7146,1023374,"Equal Growth Rates"
24,9,955,"petite","second-15min",7,57,882,9289,64,10171,923,6055,91409,915545,6978,1006954,"Equal Growth Rates"
24,10,960,"petite","second-15min",8,62,939,9097,70,10036,987,6048,99314,919360,7035,1018674,"Equal Growth Rates"
24,11,960,"petite","second-15min",6,58,623,9458,64,10081,653,6242,66090,951224,6895,1017314,"Equal Growth Rates"
24,12,960,"petite","second-15min",9,56,1030,9059,65,10089,1089,6085,108643,916805,7174,1025448,"Equal Growth Rates"
24,13,960,"petite","second-15min",5,59,573,9470,64,10043,604,6281,60597,955456,6885,1016053,"Equal Growth Rates"
24,14,960,"petite","second-15min",6,60,646,9486,66,10132,702,6262,68756,955312,6964,1024068,"Equal Growth Rates"
24,15,960,"petite","second-15min",8,59,776,9287,67,10063,854,6163,82864,935537,7017,1018401,"Equal Growth Rates"
24,16,960,"petite","second-15min",4,54,467,9640,58,10107,493,6436,48636,968984,6929,1017620,"Equal Growth Rates"
24,17,955,"petite","second-15min",6,55,614,9485,61,10099,652,6215,64563,936579,6867,1001142,"Equal Growth Rates"
24,18,955,"petite","second-15min",7,63,620,9485,70,10105,653,6165,64642,936764,6818,1001406,"Equal Growth Rates"
24,19,955,"petite","second-15min",6,59,711,9495,65,10206,740,6139,72786,935707,6879,1008493,"Equal Growth Rates"
24,20,960,"petite","second-15min",6,58,674,9356,64,10030,700,6317,71057,946791,7017,1017848,"Equal Growth Rates"
12,1,950,"petite","second-15min",55,32,5023,5170,87,10193,5081,3324,505202,497313,8405,1002515,"Equal Growth Rates"
12,2,955,"petite","second-15min",35,37,3742,6352,72,10094,3899,4167,383796,627103,8066,1010899,"Equal Growth Rates"
12,3,955,"petite","second-15min",22,47,2055,8077,69,10132,2111,5203,210540,794602,7314,1005142,"Equal Growth Rates"
12,4,955,"petite","second-15min",15,51,1815,8343,66,10158,1927,5453,188737,821025,7380,1009762,"Equal Growth Rates"
12,5,955,"petite","second-15min",13,55,1250,8814,68,10064,1298,5775,128755,871704,7073,1000459,"Equal Growth Rates"
12,6,955,"petite","second-15min",14,58,1374,8735,72,10109,1417,5669,142706,858598,7086,1001304,"Equal Growth Rates"
12,7,960,"petite","second-15min",7,59,736,9299,66,10035,796,6227,78527,939870,7023,1018397,"Equal Growth Rates"
12,8,960,"petite","second-15min",4,59,378,9628,63,10006,399,6474,39394,975116,6873,1014510,"Equal Growth Rates"
12,9,960,"petite","second-15min",2,60,238,9821,62,10059,255,6520,25071,991802,6775,1016873,"Equal Growth Rates"
12,10,960,"petite","second-15min",2,63,217,9866,65,10083,234,6522,22784,996994,6756,1019778,"Equal Growth Rates"
12,11,955,"petite","second-15min",2,62,185,10016,64,10201,197,6545,19242,987761,6742,1007003,"Equal Growth Rates"
12,12,960,"petite","second-15min",1,59,58,9977,60,10035,61,6731,6263,1007553,6792,1013816,"Equal Growth Rates"
15,1,955,"petite","second-15min",54,34,5023,5135,88,10158,5222,3319,519229,503520,8541,1022749,"Equal Growth Rates"
15,2,955,"petite","second-15min",45,30,4863,5170,75,10033,5017,3310,500458,507498,8327,1007956,"Equal Growth Rates"
15,3,955,"petite","second-15min",39,37,4354,5800,76,10154,4603,3761,454022,569920,8364,1023942,"Equal Growth Rates"
15,4,955,"petite","second-15min",32,39,3551,6488,71,10039,3660,4215,366189,642564,7875,1008753,"Equal Growth Rates"
15,5,955,"petite","second-15min",22,48,2243,7957,70,10200,2320,5146,229570,782115,7466,1011685,"Equal Growth Rates"
15,6,955,"petite","second-15min",16,48,1665,8436,64,10101,1744,5456,172679,829148,7200,1001827,"Equal Growth Rates"
15,7,955,"petite","second-15min",12,55,1139,8967,67,10106,1172,5848,116406,885139,7020,1001545,"Equal Growth Rates"
15,8,960,"petite","second-15min",12,58,1334,8720,70,10054,1409,5850,140463,880583,7259,1021046,"Equal Growth Rates"
15,9,955,"petite","second-15min",19,54,1968,8135,73,10103,1997,5291,201382,798964,7288,1000346,"Equal Growth Rates"
15,10,960,"petite","second-15min",18,53,2256,7816,71,10072,2392,5234,236395,789393,7626,1025788,"Equal Growth Rates"
15,11,955,"petite","second-15min",16,53,1696,8406,69,10102,1788,5484,176835,826211,7272,1003046,"Equal Growth Rates"
15,12,955,"petite","second-15min",14,56,1309,8907,70,10216,1345,5766,133943,877235,7111,1011178,"Equal Growth Rates"
15,13,955,"petite","second-15min",12,55,1508,8689,67,10197,1577,5599,156625,852384,7176,1009009,"Equal Growth Rates"
15,14,960,"petite","second-15min",5,61,424,9649,66,10073,449,6446,45558,975183,6895,1020741,"Equal Growth Rates"
15,15,960,"petite","second-15min",3,67,358,9652,70,10010,372,6412,37622,973216,6784,1010838,"Equal Growth Rates"
15,16,960,"petite","second-15min",4,61,369,9726,65,10095,391,6436,39346,980670,6827,1020016,"Equal Growth Rates"
15,17,960,"petite","second-15min",1,58,75,10020,59,10095,83,6598,7787,1010726,6681,1018513,"Equal Growth Rates"
41,1,955,"petite","second-15min",55,31,5066,5090,86,10156,5230,3312,521690,501021,8542,1022711,"Equal Growth Rates"
41,2,955,"petite","second-15min",38,33,4457,5589,71,10046,4577,3681,458097,549385,8258,1007482,"Equal Growth Rates"
41,3,955,"petite","second-15min",43,36,4599,5453,79,10052,4747,3470,473817,534359,8217,1008176,"Equal Growth Rates"
41,4,955,"petite","second-15min",26,42,2883,7255,68,10138,2979,4723,295521,716014,7702,1011535,"Equal Growth Rates"
41,5,955,"petite","second-15min",29,45,3112,7012,74,10124,3245,4542,319582,690501,7787,1010083,"Equal Growth Rates"
41,6,960,"petite","second-15min",19,51,1833,8204,70,10037,1938,5466,194448,831387,7404,1025835,"Equal Growth Rates"
41,7,960,"petite","second-15min",15,56,1722,8358,71,10080,1842,5523,181974,839817,7365,1021791,"Equal Growth Rates"
41,8,960,"petite","second-15min",18,49,1797,8215,67,10012,1914,5493,189413,829650,7407,1019063,"Equal Growth Rates"
41,9,955,"petite","second-15min",11,50,992,9226,61,10218,1022,5968,101476,907137,6990,1008613,"Equal Growth Rates"
41,10,960,"petite","second-15min",9,54,1053,9005,63,10058,1091,6059,110556,910640,7150,1021196,"Equal Growth Rates"
41,11,955,"petite","second-15min",9,57,1187,8989,66,10176,1230,5816,121025,884698,7046,1005723,"Equal Growth Rates"
41,12,955,"petite","second-15min",13,58,1296,8786,71,10082,1316,5699,133231,870117,7015,1003348,"Equal Growth Rates"
41,13,955,"petite","second-15min",8,62,839,9336,70,10175,875,6101,86318,920003,6976,1006321,"Equal Growth Rates"
41,14,955,"petite","second-15min",7,59,608,9561,66,10169,631,6159,62228,938903,6790,1001131,"Equal Growth Rates"
41,15,960,"petite","second-15min",4,57,445,9617,61,10062,470,6381,46906,972176,6851,1019082,"Equal Growth Rates"
41,16,960,"petite","second-15min",1,62,71,10025,63,10096,76,6690,7556,1011038,6766,1018594,"Equal Growth Rates"
46,1,950,"petite","second-15min",52,33,5140,5152,85,10292,5261,3279,519849,493876,8540,1013725,"Equal Growth Rates"
46,2,955,"petite","second-15min",43,35,3996,6205,78,10201,4164,4067,412373,612554,8231,1024927,"Equal Growth Rates"
46,3,955,"petite","second-15min",35,39,3723,6412,74,10135,3810,4172,382655,633397,7982,1016052,"Equal Growth Rates"
46,4,955,"petite","second-15min",28,50,3071,7017,78,10088,3244,4545,318005,692726,7789,1010731,"Equal Growth Rates"
46,5,960,"petite","second-15min",19,48,1552,8456,67,10008,1657,5655,164031,856461,7312,1020492,"Equal Growth Rates"
46,6,960,"petite","second-15min",17,50,1661,8382,67,10043,1756,5562,177091,846308,7318,1023399,"Equal Growth Rates"
46,7,955,"petite","second-15min",12,50,1323,8825,62,10148,1374,5777,135052,874627,7151,1009679,"Equal Growth Rates"
46,8,960,"petite","second-15min",7,59,812,9216,66,10028,861,6090,85943,929865,6951,1015808,"Equal Growth Rates"
46,9,960,"petite","second-15min",11,58,1220,8855,69,10075,1322,5928,130231,895080,7250,1025311,"Equal Growth Rates"
46,10,960,"petite","second-15min",9,56,788,9281,65,10069,846,6229,84478,939320,7075,1023798,"Equal Growth Rates"
46,11,955,"petite","second-15min",4,60,299,9907,64,10206,307,6487,30806,976058,6794,1006864,"Equal Growth Rates"
46,12,955,"petite","second-15min",2,65,213,10074,67,10287,223,6537,22478,990562,6760,1013040,"Equal Growth Rates"
46,13,955,"petite","second-15min",5,57,498,9650,62,10148,522,6317,51817,953640,6839,1005457,"Equal Growth Rates"
46,14,960,"petite","second-15min",4,57,449,9578,61,10027,463,6397,46595,968343,6860,1014938,"Equal Growth Rates"
46,15,955,"petite","second-15min",4,62,411,9760,66,10171,427,6380,41946,959471,6807,1001417,"Equal Growth Rates"
46,16,960,"petite","second-15min",4,58,433,9680,62,10113,468,6415,46104,977777,6883,1023881,"Equal Growth Rates"
46,17,960,"petite","second-15min",4,63,450,9561,67,10011,485,6375,47579,965470,6860,1013049,"Equal Growth Rates"
46,18,960,"petite","second-15min",3,61,353,9654,64,10007,379,6417,37551,976110,6796,1013661,"Equal Growth Rates"
46,19,960,"petite","second-15min",3,58,326,9715,61,10041,352,6453,34838,977748,6805,1012586,"Equal Growth Rates"
48,1,950,"petite","second-15min",52,36,5082,5226,88,10308,5187,3245,510917,497781,8432,1008698,"Equal Growth Rates"
48,2,955,"petite","second-15min",47,29,5643,4367,76,10010,5813,2856,580919,431379,8669,1012298,"Equal Growth Rates"
48,3,955,"petite","second-15min",48,25,5399,4666,73,10065,5601,3031,556018,461038,8632,1017056,"Equal Growth Rates"
48,4,955,"petite","second-15min",41,35,4430,5598,76,10028,4577,3641,456284,550585,8218,1006869,"Equal Growth Rates"
48,5,955,"petite","second-15min",41,37,3918,6170,78,10088,4082,4007,403023,605748,8089,1008771,"Equal Growth Rates"
48,6,955,"petite","second-15min",36,43,3760,6261,79,10021,3935,4104,389046,618049,8039,1007095,"Equal Growth Rates"
48,7,955,"petite","second-15min",31,46,3196,6865,77,10061,3321,4437,328470,674883,7758,1003353,"Equal Growth Rates"
48,8,960,"petite","second-15min",24,49,2502,7515,73,10017,2640,5015,264444,761400,7655,1025844,"Equal Growth Rates"
48,9,960,"petite","second-15min",15,52,1470,8586,67,10056,1533,5725,154272,864572,7258,1018844,"Equal Growth Rates"
48,10,960,"petite","second-15min",11,54,1177,8833,65,10010,1253,5846,123600,892441,7099,1016041,"Equal Growth Rates"
48,11,955,"petite","second-15min",6,53,647,9525,59,10172,680,6195,67323,941575,6875,1008898,"Equal Growth Rates"
48,12,960,"petite","second-15min",2,61,126,9921,63,10047,142,6644,13817,1007145,6786,1020962,"Equal Growth Rates"
33,1,955,"petite","second-15min",50,36,5013,5132,86,10145,5261,3298,519485,506166,8559,1025651,"Equal Growth Rates"
33,2,955,"petite","second-15min",32,41,3489,6620,73,10109,3581,4329,357800,652323,7910,1010123,"Equal Growth Rates"
33,3,955,"petite","second-15min",25,50,2491,7705,75,10196,2598,4971,257260,758202,7569,1015462,"Equal Growth Rates"
33,4,960,"petite","second-15min",18,47,1896,8144,65,10040,2049,5480,201055,822969,7529,1024024,"Equal Growth Rates"
33,5,960,"petite","second-15min",13,52,1180,8872,65,10052,1251,5913,124614,896127,7164,1020741,"Equal Growth Rates"
33,6,960,"petite","second-15min",5,62,598,9489,67,10087,617,6341,62654,955213,6958,1017867,"Equal Growth Rates"
33,7,960,"petite","second-15min",5,62,477,9613,67,10090,492,6463,49798,972952,6955,1022750,"Equal Growth Rates"
33,8,960,"petite","second-15min",1,60,50,10066,61,10116,54,6688,5156,1013912,6742,1019068,"Equal Growth Rates"
9,1,950,"petite","second-15min",54,31,5039,5141,85,10180,5217,3228,508577,495171,8445,1003748,"Equal Growth Rates"
9,2,955,"petite","second-15min",43,35,4373,5700,78,10073,4541,3704,446208,561139,8245,1007347,"Equal Growth Rates"
9,3,955,"petite","second-15min",41,40,3842,6165,81,10007,3989,3973,394920,607006,7962,1001926,"Equal Growth Rates"
9,4,960,"petite","second-15min",23,44,2528,7554,67,10082,2668,5012,265743,758365,7680,1024108,"Equal Growth Rates"
9,5,955,"petite","second-15min",17,48,1923,8205,65,10128,1988,5329,199614,808012,7317,1007626,"Equal Growth Rates"
9,6,955,"petite","second-15min",11,57,1068,9072,68,10140,1109,5911,111280,889962,7020,1001242,"Equal Growth Rates"
9,7,955,"petite","second-15min",6,59,747,9441,65,10188,767,6149,77474,933767,6916,1011241,"Equal Growth Rates"
9,8,955,"petite","second-15min",3,62,377,9806,65,10183,410,6357,38813,966369,6767,1005182,"Equal Growth Rates"
9,9,960,"petite","second-15min",2,65,216,9908,67,10124,222,6642,22968,998896,6864,1021864,"Equal Growth Rates"
9,10,955,"petite","second-15min",4,60,425,9760,64,10185,447,6312,43893,962886,6759,1006779,"Equal Growth Rates"
9,11,960,"petite","second-15min",2,60,236,9769,62,10005,253,6519,24777,985871,6772,1010648,"Equal Growth Rates"
9,12,955,"petite","second-15min",2,59,178,10023,61,10201,185,6528,18620,989021,6713,1007641,"Equal Growth Rates"
9,13,960,"petite","second-15min",2,64,339,9699,66,10038,355,6481,36139,981590,6836,1017729,"Equal Growth Rates"
9,14,960,"petite","second-15min",1,63,106,10007,64,10113,114,6614,11103,1010226,6728,1021329,"Equal Growth Rates"
34,1,955,"petite","second-15min",47,31,5050,5047,78,10097,5279,3221,520648,494435,8500,1015083,"Equal Growth Rates"
34,2,955,"petite","second-15min",43,34,4157,5924,77,10081,4322,3898,429271,584633,8220,1013904,"Equal Growth Rates"
34,3,955,"petite","second-15min",35,44,3551,6620,79,10171,3653,4255,365195,648089,7908,1013284,"Equal Growth Rates"
34,4,955,"petite","second-15min",25,47,2203,7870,72,10073,2275,5026,228703,772159,7301,1000862,"Equal Growth Rates"
34,5,955,"petite","second-15min",22,50,2362,7702,72,10064,2471,5006,244870,758873,7477,1003743,"Equal Growth Rates"
34,6,955,"petite","second-15min",23,46,2450,7683,69,10133,2547,4956,255047,756650,7503,1011697,"Equal Growth Rates"
34,7,960,"petite","second-15min",23,50,2111,7922,73,10033,2264,5274,223126,800646,7538,1023772,"Equal Growth Rates"
34,8,960,"petite","second-15min",15,49,1782,8270,64,10052,1909,5551,190049,834600,7460,1024649,"Equal Growth Rates"
34,9,960,"petite","second-15min",19,49,1760,8265,68,10025,1887,5507,186987,831189,7394,1018176,"Equal Growth Rates"
34,10,960,"petite","second-15min",9,57,875,9262,66,10137,934,6143,91680,931169,7077,1022849,"Equal Growth Rates"
34,11,955,"petite","second-15min",3,61,319,9799,64,10118,339,6384,32930,967361,6723,1000291,"Equal Growth Rates"
34,12,960,"petite","second-15min",3,59,270,9767,62,10037,282,6541,28134,989948,6823,1018082,"Equal Growth Rates"
34,13,960,"petite","second-15min",4,57,496,9628,61,10124,528,6370,52085,972538,6898,1024623,"Equal Growth Rates"
34,14,960,"petite","second-15min",5,62,393,9723,67,10116,399,6462,40464,980739,6861,1021203,"Equal Growth Rates"
34,15,960,"petite","second-15min",2,64,141,9887,66,10028,147,6544,14520,996780,6691,1011300,"Equal Growth Rates"
34,16,955,"petite","second-15min",4,59,426,9765,63,10191,440,6406,43950,963243,6846,1007193,"Equal Growth Rates"
34,17,960,"petite","second-15min",2,60,283,9819,62,10102,293,6543,29230,991040,6836,1020270,"Equal Growth Rates"
7,1,955,"petite","second-15min",51,32,5051,5084,83,10135,5329,3284,520586,502719,8613,1023305,"Equal Growth Rates"
7,2,955,"petite","second-15min",46,38,4115,5940,84,10055,4269,3842,424636,583821,8111,1008457,"Equal Growth Rates"
7,3,955,"petite","second-15min",37,39,3977,6178,76,10155,4090,3943,407379,603203,8033,1010582,"Equal Growth Rates"
7,4,960,"petite","second-15min",27,44,3020,7006,71,10026,3174,4668,319368,704897,7842,1024265,"Equal Growth Rates"
7,5,955,"petite","second-15min",29,46,2939,7138,75,10077,3043,4667,303858,701992,7710,1005850,"Equal Growth Rates"
7,6,960,"petite","second-15min",25,50,2764,7248,75,10012,2957,4820,291449,733150,7777,1024599,"Equal Growth Rates"
7,7,955,"petite","second-15min",20,52,2164,7922,72,10086,2255,5173,221916,782633,7428,1004549,"Equal Growth Rates"
7,8,955,"petite","second-15min",18,51,1618,8482,69,10100,1696,5535,166829,835876,7231,1002705,"Equal Growth Rates"
7,9,955,"petite","second-15min",11,53,1027,9172,64,10199,1091,6005,106954,903261,7096,1010215,"Equal Growth Rates"
7,10,960,"petite","second-15min",4,59,375,9646,63,10021,403,6454,39224,972231,6857,1011455,"Equal Growth Rates"
7,11,960,"petite","second-15min",2,58,210,9840,60,10050,217,6616,22128,998460,6833,1020588,"Equal Growth Rates"
7,12,960,"petite","second-15min",2,60,255,9750,62,10005,284,6517,27739,989181,6801,1016920,"Equal Growth Rates"
7,13,960,"petite","second-15min",1,60,107,9999,61,10106,119,6704,10900,1008235,6823,1019135,"Equal Growth Rates"
7,14,960,"petite","second-15min",1,62,107,9976,63,10083,106,6692,10708,1009085,6798,1019793,"Equal Growth Rates"
6,1,950,"petite","second-15min",52,29,5039,5147,81,10186,5127,3270,507385,494384,8397,1001769,"Equal Growth Rates"
6,2,955,"petite","second-15min",41,34,4786,5257,75,10043,4962,3358,492979,517009,8320,1009988,"Equal Growth Rates"
6,3,955,"petite","second-15min",43,33,4718,5390,76,10108,4908,3503,486608,529955,8411,1016563,"Equal Growth Rates"
6,4,955,"petite","second-15min",41,39,4126,6010,80,10136,4273,3926,426116,593633,8199,1019749,"Equal Growth Rates"
6,5,955,"petite","second-15min",29,40,3856,6267,69,10123,3949,4061,396242,617721,8010,1013963,"Equal Growth Rates"
6,6,955,"petite","second-15min",30,44,2850,7209,74,10059,2919,4664,293518,708981,7583,1002499,"Equal Growth Rates"
6,7,960,"petite","second-15min",23,44,2130,7908,67,10038,2279,5270,227035,797476,7549,1024511,"Equal Growth Rates"
6,8,955,"petite","second-15min",25,44,2846,7303,69,10149,2882,4717,292025,717818,7599,1009843,"Equal Growth Rates"
6,9,955,"petite","second-15min",15,51,1614,8486,66,10100,1667,5509,165441,837998,7176,1003439,"Equal Growth Rates"
6,10,960,"petite","second-15min",6,57,891,9223,63,10114,952,6109,93732,929651,7061,1023383,"Equal Growth Rates"
6,11,960,"petite","second-15min",6,61,521,9509,67,10030,563,6323,55567,961229,6886,1016796,"Equal Growth Rates"
6,12,960,"petite","second-15min",1,61,81,9970,62,10051,81,6684,8661,1003249,6765,1011910,"Equal Growth Rates"
6,13,955,"petite","second-15min",1,63,115,10117,64,10232,119,6570,11446,996973,6689,1008419,"Equal Growth Rates"
6,14,960,"petite","second-15min",1,66,88,10005,67,10093,94,6685,9117,1012268,6779,1021385,"Equal Growth Rates"
6,15,960,"petite","second-15min",1,58,93,9913,59,10006,102,6615,9926,1004179,6717,1014105,"Equal Growth Rates"
6,16,955,"petite","second-15min",1,59,74,10146,60,10220,78,6643,7876,998464,6721,1006340,"Equal Growth Rates"
6,17,960,"petite","second-15min",1,64,116,9970,65,10086,124,6656,12195,1011611,6780,1023806,"Equal Growth Rates"
1,1,955,"petite","second-15min",53,40,5003,5058,93,10061,5257,3329,516867,501067,8586,1017934,"Equal Growth Rates"
1,2,955,"petite","second-15min",37,33,4036,6172,70,10208,4186,4041,416886,606730,8227,1023616,"Equal Growth Rates"
1,3,955,"petite","second-15min",29,39,3056,7080,68,10136,3232,4636,317265,695156,7868,1012421,"Equal Growth Rates"
1,4,960,"petite","second-15min",21,47,2020,8024,68,10044,2131,5344,213263,808203,7475,1021466,"Equal Growth Rates"
1,5,955,"petite","second-15min",12,55,1424,8790,67,10214,1473,5706,146843,863666,7179,1010509,"Equal Growth Rates"
1,6,960,"petite","second-15min",10,58,1130,8925,68,10055,1222,5980,120825,902641,7202,1023466,"Equal Growth Rates"
1,7,960,"petite","second-15min",5,61,299,9755,66,10054,321,6478,30765,982678,6799,1013443,"Equal Growth Rates"
1,8,955,"petite","second-15min",3,57,331,9991,60,10322,362,6490,34962,981992,6852,1016954,"Equal Growth Rates"
1,9,960,"petite","second-15min",2,65,305,9723,67,10028,314,6525,32750,984997,6839,1017747,"Equal Growth Rates"
1,10,960,"petite","second-15min",1,56,201,9875,57,10076,211,6585,20802,993617,6796,1014419,"Equal Growth Rates"
1,11,960,"petite","second-15min",2,62,261,9887,64,10148,276,6639,27145,998650,6915,1025795,"Equal Growth Rates"
1,12,960,"petite","second-15min",2,60,368,9711,62,10079,383,6485,38392,976040,6868,1014432,"Equal Growth Rates"
1,13,960,"petite","second-15min",1,60,77,9947,61,10024,85,6653,8466,1003078,6738,1011544,"Equal Growth Rates"
8,1,955,"petite","second-15min",57,30,5054,5055,87,10109,5343,3284,522244,497397,8627,1019641,"Equal Growth Rates"
8,2,955,"petite","second-15min",44,36,4430,5600,80,10030,4633,3635,456201,549607,8268,1005808,"Equal Growth Rates"
8,3,955,"petite","second-15min",40,39,4242,5855,79,10097,4433,3777,438681,573973,8210,1012654,"Equal Growth Rates"
8,4,955,"petite","second-15min",34,36,3995,6103,70,10098,4137,3938,412171,602109,8075,1014280,"Equal Growth Rates"
8,5,955,"petite","second-15min",25,46,2378,7782,71,10160,2451,5050,246049,767204,7501,1013253,"Equal Growth Rates"
8,6,960,"petite","second-15min",15,48,1697,8309,63,10006,1763,5564,179244,838971,7327,1018215,"Equal Growth Rates"
8,7,960,"petite","second-15min",12,51,1399,8649,63,10048,1502,5701,149008,870543,7203,1019551,"Equal Growth Rates"
8,8,960,"petite","second-15min",16,57,1404,8629,73,10033,1508,5748,149494,873029,7256,1022523,"Equal Growth Rates"
8,9,960,"petite","second-15min",16,55,1576,8429,71,10005,1693,5610,167460,851204,7303,1018664,"Equal Growth Rates"
8,10,960,"petite","second-15min",13,53,1498,8527,66,10025,1594,5703,158921,863329,7297,1022250,"Equal Growth Rates"
8,11,955,"petite","second-15min",9,54,920,9277,63,10197,950,6057,95822,917105,7007,1012927,"Equal Growth Rates"
8,12,960,"petite","second-15min",9,57,877,9153,66,10030,946,6077,93823,923174,7023,1016997,"Equal Growth Rates"
8,13,960,"petite","second-15min",6,60,567,9497,66,10064,601,6340,60096,961378,6941,1021474,"Equal Growth Rates"
8,14,955,"petite","second-15min",3,61,300,9870,64,10170,314,6388,30445,972183,6702,1002628,"Equal Growth Rates"
35,1,955,"petite","second-15min",53,34,5003,5131,87,10134,5225,3304,514220,502144,8529,1016364,"Equal Growth Rates"
35,2,955,"petite","second-15min",45,32,4721,5309,77,10030,4925,3436,488505,522272,8361,1010777,"Equal Growth Rates"
35,3,955,"petite","second-15min",38,38,3978,6199,76,10177,4129,4070,408889,611576,8199,1020465,"Equal Growth Rates"
35,4,955,"petite","second-15min",32,42,3380,6623,74,10003,3494,4280,348813,652122,7774,1000935,"Equal Growth Rates"
35,5,955,"petite","second-15min",30,38,3386,6623,68,10009,3549,4267,350368,651039,7816,1001407,"Equal Growth Rates"
35,6,960,"petite","second-15min",24,46,2579,7425,70,10004,2736,4878,271582,750744,7614,1022326,"Equal Growth Rates"
35,7,960,"petite","second-15min",18,47,1613,8445,65,10058,1702,5620,170571,853880,7322,1024451,"Equal Growth Rates"
35,8,960,"petite","second-15min",20,49,2168,7889,69,10057,2260,5252,227577,795177,7512,1022754,"Equal Growth Rates"
35,9,960,"petite","second-15min",17,48,1903,8106,65,10009,2005,5378,200997,818184,7383,1019181,"Equal Growth Rates"
35,10,955,"petite","second-15min",12,50,1178,9018,62,10196,1248,5837,123607,886096,7085,1009703,"Equal Growth Rates"
35,11,960,"petite","second-15min",11,54,1296,8793,65,10089,1371,5856,137992,886589,7227,1024581,"Equal Growth Rates"
35,12,955,"petite","second-15min",9,56,973,9190,65,10163,1029,6001,102175,904124,7030,1006299,"Equal Growth Rates"
35,13,960,"petite","second-15min",6,58,610,9455,64,10065,642,6312,65569,956873,6954,1022442,"Equal Growth Rates"
35,14,955,"petite","second-15min",4,59,541,9534,63,10075,583,6234,56878,943846,6817,1000724,"Equal Growth Rates"
35,15,960,"petite","second-15min",5,62,591,9425,67,10016,632,6290,62500,952380,6922,1014880,"Equal Growth Rates"
35,16,960,"petite","second-15min",4,62,444,9602,66,10046,454,6432,46823,973190,6886,1020013,"Equal Growth Rates"
35,17,960,"petite","second-15min",2,60,275,9805,62,10080,279,6530,29090,991095,6809,1020185,"Equal Growth Rates"
35,18,955,"petite","second-15min",2,65,237,9985,67,10222,242,6489,24641,984244,6731,1008885,"Equal Growth Rates"
32,1,950,"petite","second-15min",50,36,5021,5359,86,10380,5159,3400,506291,515328,8559,1021619,"Equal Growth Rates"
32,2,955,"petite","second-15min",53,28,5609,4439,81,10048,5789,2843,579432,434216,8632,1013648,"Equal Growth Rates"
32,3,955,"petite","second-15min",35,31,4166,5972,66,10138,4298,3851,430408,589700,8149,1020108,"Equal Growth Rates"
32,4,955,"petite","second-15min",25,43,2940,7233,68,10173,2990,4712,300966,713029,7702,1013995,"Equal Growth Rates"
32,5,955,"petite","second-15min",19,48,2401,7665,67,10066,2442,4968,246577,756455,7410,1003032,"Equal Growth Rates"
32,6,955,"petite","second-15min",22,47,2784,7281,69,10065,2903,4700,287833,718641,7603,1006474,"Equal Growth Rates"
32,7,955,"petite","second-15min",17,50,1844,8247,67,10091,1922,5350,190211,813034,7272,1003245,"Equal Growth Rates"
32,8,960,"petite","second-15min",13,55,1412,8622,68,10034,1535,5803,149712,870311,7338,1020023,"Equal Growth Rates"
32,9,960,"petite","second-15min",8,59,973,9069,67,10042,1024,6039,102118,916651,7063,1018769,"Equal Growth Rates"
32,10,960,"petite","second-15min",4,57,401,9692,61,10093,424,6398,42431,981444,6822,1023875,"Equal Growth Rates"
32,11,960,"petite","second-15min",4,55,336,9768,59,10104,354,6522,35251,988586,6876,1023837,"Equal Growth Rates"
32,12,960,"petite","second-15min",2,58,184,9825,60,10009,189,6501,19206,991762,6690,1010968,"Equal Growth Rates"
50,1,950,"petite","second-15min",53,31,5049,5233,84,10282,5104,3329,507009,503198,8433,1010207,"Equal Growth Rates"
50,2,955,"petite","second-15min",31,40,3554,6482,71,10036,3690,4209,366970,636699,7899,1003669,"Equal Growth Rates"
50,3,960,"petite","second-15min",28,44,3117,6889,72,10006,3277,4593,330430,693496,7870,1023926,"Equal Growth Rates"
50,4,955,"petite","second-15min",27,47,2803,7345,74,10148,2906,4798,287899,724544,7704,1012443,"Equal Growth Rates"
50,5,960,"petite","second-15min",14,46,1749,8282,60,10031,1881,5499,186694,837427,7380,1024121,"Equal Growth Rates"
50,6,955,"petite","second-15min",18,49,2075,8041,67,10116,2138,5241,211234,793417,7379,1004651,"Equal Growth Rates"
50,7,955,"petite","second-15min",13,51,1335,8784,64,10119,1400,5716,137766,865551,7116,1003317,"Equal Growth Rates"
50,8,960,"petite","second-15min",11,52,1041,9008,63,10049,1108,6015,111163,911680,7123,1022843,"Equal Growth Rates"
50,9,960,"petite","second-15min",4,56,456,9607,60,10063,480,6358,48524,969476,6838,1018000,"Equal Growth Rates"
50,10,960,"petite","second-15min",7,53,868,9164,60,10032,920,6155,91937,925636,7075,1017573,"Equal Growth Rates"
50,11,960,"petite","second-15min",10,58,1054,9010,68,10064,1115,5948,111562,911382,7063,1022944,"Equal Growth Rates"
50,12,960,"petite","second-15min",8,54,1001,9033,62,10034,1107,6026,108024,914208,7133,1022232,"Equal Growth Rates"
50,13,955,"petite","second-15min",6,64,585,9493,70,10078,610,6220,60862,941410,6830,1002272,"Equal Growth Rates"
50,14,960,"petite","second-15min",4,56,416,9677,60,10093,442,6390,42657,978455,6832,1021112,"Equal Growth Rates"
50,15,960,"petite","second-15min",1,61,69,9955,62,10024,72,6637,7298,1004947,6709,1012245,"Equal Growth Rates"
43,1,955,"petite","second-15min",51,31,5131,5032,82,10163,5376,3229,529368,496098,8605,1025466,"Equal Growth Rates"
43,2,955,"petite","second-15min",48,31,5106,5044,79,10150,5319,3247,526792,495089,8566,1021881,"Equal Growth Rates"
43,3,950,"petite","second-15min",41,39,3997,6320,80,10317,4016,4009,400493,604076,8025,1004569,"Equal Growth Rates"
43,4,955,"petite","second-15min",26,42,3159,6875,68,10034,3240,4481,323598,679519,7721,1003117,"Equal Growth Rates"
43,5,955,"petite","second-15min",24,48,2681,7361,72,10042,2819,4752,278653,727583,7571,1006236,"Equal Growth Rates"
43,6,955,"petite","second-15min",17,51,2009,8129,68,10138,2061,5299,206890,800859,7360,1007749,"Equal Growth Rates"
43,7,955,"petite","second-15min",16,51,1772,8395,67,10167,1833,5428,181927,827832,7261,1009759,"Equal Growth Rates"
43,8,960,"petite","second-15min",8,58,831,9211,66,10042,891,6181,88122,928630,7072,1016752,"Equal Growth Rates"
43,9,960,"petite","second-15min",9,52,1020,9090,61,10110,1091,6113,107600,917847,7204,1025447,"Equal Growth Rates"
43,10,960,"petite","second-15min",8,55,811,9301,63,10112,897,6168,86882,933956,7065,1020838,"Equal Growth Rates"
43,11,960,"petite","second-15min",6,58,740,9264,64,10004,785,6185,78366,934821,6970,1013187,"Equal Growth Rates"
43,12,960,"petite","second-15min",4,62,384,9708,66,10092,424,6404,41362,975094,6828,1016456,"Equal Growth Rates"
43,13,955,"petite","second-15min",6,65,543,9688,71,10231,553,6322,55230,955449,6875,1010679,"Equal Growth Rates"
43,14,960,"petite","second-15min",6,59,506,9593,65,10099,534,6353,53097,964843,6887,1017940,"Equal Growth Rates"
43,15,960,"petite","second-15min",3,65,394,9615,68,10009,437,6373,42661,969990,6810,1012651,"Equal Growth Rates"
43,16,960,"petite","second-15min",2,50,204,9901,52,10105,211,6583,21471,1000587,6794,1022058,"Equal Growth Rates"
43,17,960,"petite","second-15min",1,66,94,10015,67,10109,103,6674,10028,1015261,6777,1025289,"Equal Growth Rates"
43,18,960,"petite","second-15min",1,58,102,9921,59,10023,103,6637,10622,1000899,6740,1011521,"Equal Growth Rates"
43,19,960,"petite","second-15min",1,57,133,9913,58,10046,148,6609,14048,1003503,6757,1017551,"Equal Growth Rates"
43,20,955,"petite","second-15min",1,62,104,10024,63,10128,107,6546,10493,991884,6653,1002377,"Equal Growth Rates"
44,1,950,"petite","second-15min",52,32,5069,5191,84,10260,5206,3282,508479,499858,8488,1008337,"Equal Growth Rates"
44,2,950,"petite","second-15min",45,32,4549,5611,77,10160,4649,3579,460205,540544,8228,1000749,"Equal Growth Rates"
44,3,955,"petite","second-15min",38,37,3838,6163,75,10001,4004,4033,394765,606809,8037,1001574,"Equal Growth Rates"
44,4,955,"petite","second-15min",34,38,3547,6500,72,10047,3659,4214,362952,639011,7873,1001963,"Equal Growth Rates"
44,5,955,"petite","second-15min",27,44,2788,7265,71,10053,2910,4732,287130,716221,7642,1003351,"Equal Growth Rates"
44,6,960,"petite","second-15min",16,54,1700,8359,70,10059,1762,5611,178025,844351,7373,1022376,"Equal Growth Rates"
44,7,955,"petite","second-15min",13,58,1206,8921,71,10127,1265,5771,125190,875847,7036,1001037,"Equal Growth Rates"
44,8,955,"petite","second-15min",7,55,750,9410,62,10160,796,6089,77918,926443,6885,1004361,"Equal Growth Rates"
44,9,955,"petite","second-15min",4,64,411,9701,68,10112,424,6332,43250,959283,6756,1002533,"Equal Growth Rates"
44,10,960,"petite","second-15min",3,60,270,9857,63,10127,278,6554,28042,994060,6832,1022102,"Equal Growth Rates"
44,11,955,"petite","second-15min",3,60,335,9807,63,10142,340,6377,34508,966596,6717,1001104,"Equal Growth Rates"
44,12,960,"petite","second-15min",2,59,184,9879,61,10063,203,6543,19089,996523,6746,1015612,"Equal Growth Rates"
10,1,950,"petite","second-15min",51,33,5039,5111,84,10150,5167,3208,508689,491923,8375,1000612,"Equal Growth Rates"
10,2,955,"petite","second-15min",45,33,4836,5182,78,10018,4997,3366,499472,511610,8363,1011082,"Equal Growth Rates"
10,3,955,"petite","second-15min",42,34,4569,5479,76,10048,4693,3571,469270,538415,8264,1007685,"Equal Growth Rates"
10,4,955,"petite","second-15min",32,39,3835,6258,71,10093,4000,4043,397112,615824,8043,1012936,"Equal Growth Rates"
10,5,955,"petite","second-15min",28,47,2825,7283,75,10108,2925,4709,291493,714197,7634,1005690,"Equal Growth Rates"
10,6,955,"petite","second-15min",22,44,2372,7750,66,10122,2439,5089,244666,765335,7528,1010001,"Equal Growth Rates"
10,7,955,"petite","second-15min",17,48,2110,8051,65,10161,2207,5155,219183,792695,7362,1011878,"Equal Growth Rates"
10,8,955,"petite","second-15min",14,51,1610,8579,65,10189,1676,5577,165530,846294,7253,1011824,"Equal Growth Rates"
10,9,960,"petite","second-15min",16,56,1551,8459,72,10010,1635,5641,162159,852841,7276,1015000,"Equal Growth Rates"
10,10,960,"petite","second-15min",13,54,1103,8925,67,10028,1170,5915,116363,900438,7085,1016801,"Equal Growth Rates"
10,11,960,"petite","second-15min",4,58,374,9666,62,10040,391,6468,39754,977692,6859,1017446,"Equal Growth Rates"
17,1,950,"petite","second-15min",50,37,5087,5123,87,10210,5199,3233,514373,493661,8432,1008034,"Equal Growth Rates"
17,2,955,"petite","second-15min",45,33,4761,5280,78,10041,4964,3401,490992,520658,8365,1011650,"Equal Growth Rates"
17,3,955,"petite","second-15min",44,30,4757,5260,74,10017,4950,3414,490228,517649,8364,1007877,"Equal Growth Rates"
17,4,955,"petite","second-15min",46,35,4480,5557,81,10037,4667,3611,461889,546983,8278,1008872,"Equal Growth Rates"
17,5,955,"petite","second-15min",39,37,4018,6163,76,10181,4180,3951,415166,605283,8131,1020449,"Equal Growth Rates"
17,6,955,"petite","second-15min",30,41,3178,6924,71,10102,3293,4475,328528,680906,7768,1009434,"Equal Growth Rates"
17,7,955,"petite","second-15min",28,44,3090,7114,72,10204,3211,4641,317973,700674,7852,1018647,"Equal Growth Rates"
17,8,955,"petite","second-15min",29,41,3654,6413,70,10067,3840,4195,378829,630743,8035,1009572,"Equal Growth Rates"
17,9,955,"petite","second-15min",30,40,3519,6537,70,10056,3648,4311,360234,645753,7959,1005987,"Equal Growth Rates"
17,10,955,"petite","second-15min",29,43,3229,6914,72,10143,3387,4519,331677,678519,7906,1010196,"Equal Growth Rates"
17,11,955,"petite","second-15min",18,47,1792,8281,65,10073,1889,5355,185576,814553,7244,1000129,"Equal Growth Rates"
17,12,955,"petite","second-15min",13,55,1340,8723,68,10063,1401,5682,138937,863857,7083,1002794,"Equal Growth Rates"
17,13,955,"petite","second-15min",6,55,731,9468,61,10199,750,6188,75540,936677,6938,1012217,"Equal Growth Rates"
17,14,955,"petite","second-15min",5,55,641,9474,60,10115,660,6194,66313,934528,6854,1000841,"Equal Growth Rates"
17,15,960,"petite","second-15min",2,58,195,9808,60,10003,206,6527,20643,989413,6733,1010056,"Equal Growth Rates"
17,16,955,"petite","second-15min",4,61,459,9776,65,10235,478,6350,47308,964099,6828,1011407,"Equal Growth Rates"
17,17,960,"petite","second-15min",6,57,480,9530,63,10010,494,6311,50305,962486,6805,1012791,"Equal Growth Rates"
17,18,955,"petite","second-15min",3,55,215,9986,58,10201,236,6518,22622,989415,6754,1012037,"Equal Growth Rates"
17,19,960,"petite","second-15min",3,56,236,9784,59,10020,261,6504,25817,990924,6765,1016741,"Equal Growth Rates"
17,20,955,"petite","second-15min",3,68,292,9989,71,10281,293,6483,30446,984069,6776,1014515,"Equal Growth Rates"
28,1,950,"petite","second-15min",53,36,5041,5127,89,10168,5191,3238,510887,491060,8429,1001947,"Equal Growth Rates"
28,2,955,"petite","second-15min",41,33,4382,5682,74,10064,4560,3669,454553,557733,8229,1012286,"Equal Growth Rates"
28,3,955,"petite","second-15min",28,48,2786,7366,76,10152,2890,4796,287300,723647,7686,1010947,"Equal Growth Rates"
28,4,955,"petite","second-15min",23,53,2030,8166,76,10196,2128,5340,209409,802973,7468,1012382,"Equal Growth Rates"
28,5,960,"petite","second-15min",16,49,1965,8061,65,10026,2084,5343,207313,811967,7427,1019280,"Equal Growth Rates"
28,6,960,"petite","second-15min",17,51,1832,8174,68,10006,1964,5449,194836,825572,7413,1020408,"Equal Growth Rates"
28,7,955,"petite","second-15min",18,55,1793,8289,73,10082,1864,5402,184683,817650,7266,1002333,"Equal Growth Rates"
28,8,955,"petite","second-15min",14,52,1482,8639,66,10121,1520,5653,153509,852471,7173,1005980,"Equal Growth Rates"
28,9,955,"petite","second-15min",21,46,2664,7384,67,10048,2763,4780,273938,727056,7543,1000994,"Equal Growth Rates"
28,10,955,"petite","second-15min",13,50,1602,8593,63,10195,1643,5590,163758,846758,7233,1010516,"Equal Growth Rates"
28,11,960,"petite","second-15min",8,54,882,9185,62,10067,944,6083,93935,928078,7027,1022013,"Equal Growth Rates"
28,12,960,"petite","second-15min",7,60,647,9403,67,10050,680,6293,67733,950087,6973,1017820,"Equal Growth Rates"
28,13,960,"petite","second-15min",6,58,736,9371,64,10107,776,6280,76863,946353,7056,1023216,"Equal Growth Rates"
28,14,955,"petite","second-15min",2,57,107,10100,59,10207,120,6588,10933,994736,6708,1005669,"Equal Growth Rates"
28,15,955,"petite","second-15min",1,63,95,10091,64,10186,98,6580,9998,992834,6678,1002832,"Equal Growth Rates"
28,16,955,"petite","second-15min",1,63,209,9994,64,10203,211,6454,21139,982133,6665,1003272,"Equal Growth Rates"
28,17,960,"petite","second-15min",2,58,151,9944,60,10095,161,6596,16385,1003698,6757,1020083,"Equal Growth Rates"
28,18,960,"petite","second-15min",1,66,124,9948,67,10072,128,6616,13116,1003562,6744,1016678,"Equal Growth Rates"
28,19,960,"petite","second-15min",1,62,93,9932,63,10025,101,6668,9919,1007055,6769,1016974,"Equal Growth Rates"
21,1,955,"petite","second-15min",52,33,5079,5031,85,10110,5313,3303,522098,495802,8616,1017900,"Equal Growth Rates"
21,2,955,"petite","second-15min",47,28,5237,4842,75,10079,5450,3103,543138,476389,8553,1019527,"Equal Growth Rates"
21,3,955,"petite","second-15min",40,37,3975,6048,77,10023,4104,3914,408609,596558,8018,1005167,"Equal Growth Rates"
21,4,955,"petite","second-15min",32,37,3546,6465,69,10011,3689,4165,364649,636719,7854,1001368,"Equal Growth Rates"
21,5,955,"petite","second-15min",27,44,2884,7277,71,10161,2952,4721,298458,714176,7673,1012634,"Equal Growth Rates"
21,6,960,"petite","second-15min",20,47,2334,7709,67,10043,2466,5130,246679,777162,7596,1023841,"Equal Growth Rates"
21,7,955,"petite","second-15min",16,51,1693,8392,67,10085,1779,5467,175786,826435,7246,1002221,"Equal Growth Rates"
21,8,955,"petite","second-15min",8,54,917,9223,62,10140,965,6018,94579,913072,6983,1007651,"Equal Growth Rates"
21,9,960,"petite","second-15min",6,61,548,9502,67,10050,569,6288,57464,959574,6857,1017038,"Equal Growth Rates"
21,10,960,"petite","second-15min",3,62,273,9823,65,10096,296,6557,29319,990372,6853,1019691,"Equal Growth Rates"
21,11,960,"petite","second-15min",2,59,162,9847,61,10009,166,6548,17351,995401,6714,1012752,"Equal Growth Rates"
21,12,960,"petite","second-15min",1,55,120,9949,56,10069,136,6669,13134,1005956,6805,1019090,"Equal Growth Rates"
21,13,955,"petite","second-15min",2,65,138,10095,67,10233,142,6595,13701,999852,6737,1013553,"Equal Growth Rates"
21,14,960,"petite","second-15min",1,63,74,9998,64,10072,76,6684,7737,1011033,6760,1018770,"Equal Growth Rates"
26,1,955,"petite","second-15min",52,32,5003,5075,84,10078,5231,3268,516107,500360,8499,1016467,"Equal Growth Rates"
26,2,955,"petite","second-15min",41,34,4512,5595,75,10107,4691,3607,465608,550465,8298,1016073,"Equal Growth Rates"
26,3,955,"petite","second-15min",37,36,4070,6003,73,10073,4246,3899,423049,591561,8145,1014610,"Equal Growth Rates"
26,4,955,"petite","second-15min",29,44,3030,7086,73,10116,3129,4631,309094,696490,7760,1005584,"Equal Growth Rates"
26,5,960,"petite","second-15min",30,47,2404,7626,77,10030,2537,5136,254339,770046,7673,1024385,"Equal Growth Rates"
26,6,955,"petite","second-15min",18,51,1716,8401,69,10117,1778,5493,177799,830827,7271,1008626,"Equal Growth Rates"
26,7,960,"petite","second-15min",12,52,1230,8829,64,10059,1275,5889,129619,893583,7164,1023202,"Equal Growth Rates"
26,8,960,"petite","second-15min",8,57,777,9296,65,10073,816,6132,82413,934912,6948,1017325,"Equal Growth Rates"
26,9,955,"petite","second-15min",9,55,1045,9134,64,10179,1108,5952,107714,899769,7060,1007483,"Equal Growth Rates"
26,10,960,"petite","second-15min",15,55,1318,8704,70,10022,1401,5788,140138,882070,7189,1022208,"Equal Growth Rates"
26,11,955,"petite","second-15min",12,56,1250,8844,68,10094,1278,5784,129576,876064,7062,1005640,"Equal Growth Rates"
26,12,960,"petite","second-15min",9,56,861,9156,65,10017,883,6122,90631,923208,7005,1013839,"Equal Growth Rates"
26,13,960,"petite","second-15min",10,59,1107,8950,69,10057,1180,6007,117378,901137,7187,1018515,"Equal Growth Rates"
26,14,960,"petite","second-15min",5,52,649,9382,57,10031,691,6315,69521,948708,7006,1018229,"Equal Growth Rates"
26,15,960,"petite","second-15min",7,56,745,9260,63,10005,785,6146,79143,935856,6931,1014999,"Equal Growth Rates"
26,16,960,"petite","second-15min",4,57,387,9645,61,10032,397,6458,40119,973490,6855,1013609,"Equal Growth Rates"
26,17,955,"petite","second-15min",1,61,250,9975,62,10225,257,6485,25836,984981,6742,1010817,"Equal Growth Rates"
26,18,960,"petite","second-15min",2,58,296,9728,60,10024,325,6465,32015,983335,6790,1015350,"Equal Growth Rates"
26,19,955,"petite","second-15min",2,57,203,9888,59,10091,224,6434,21155,978993,6658,1000148,"Equal Growth Rates"
19,1,950,"petite","second-15min",50,31,5094,5043,81,10137,5161,3258,515373,486913,8419,1002286,"Equal Growth Rates"
19,2,950,"petite","second-15min",49,31,5360,4892,80,10252,5446,3143,538144,470856,8589,1009000,"Equal Growth Rates"
19,3,955,"petite","second-15min",41,32,4727,5383,73,10110,4899,3508,485309,530719,8407,1016028,"Equal Growth Rates"
19,4,955,"petite","second-15min",43,35,4420,5654,78,10074,4551,3672,455020,558131,8223,1013151,"Equal Growth Rates"
19,5,955,"petite","second-15min",29,46,3119,6978,75,10097,3192,4521,320546,683602,7713,1004148,"Equal Growth Rates"
19,6,955,"petite","second-15min",22,45,2480,7615,67,10095,2575,4954,253306,749188,7529,1002494,"Equal Growth Rates"
19,7,960,"petite","second-15min",14,54,1538,8521,68,10059,1624,5660,162911,861543,7284,1024454,"Equal Growth Rates"
19,8,960,"petite","second-15min",12,55,934,9110,67,10044,985,6063,98597,921575,7048,1020172,"Equal Growth Rates"
19,9,955,"petite","second-15min",12,58,1245,8914,70,10159,1292,5807,126992,878046,7099,1005038,"Equal Growth Rates"
19,10,960,"petite","second-15min",12,50,1369,8674,62,10043,1437,5759,144712,877773,7196,1022485,"Equal Growth Rates"
19,11,960,"petite","second-15min",14,55,1630,8418,69,10048,1729,5603,172771,851337,7332,1024108,"Equal Growth Rates"
19,12,960,"petite","second-15min",14,54,1482,8524,68,10006,1588,5726,158163,863446,7314,1021609,"Equal Growth Rates"
19,13,960,"petite","second-15min",9,60,964,9059,69,10023,1017,6035,101132,916019,7052,1017151,"Equal Growth Rates"
19,14,960,"petite","second-15min",9,60,930,9111,69,10041,990,6077,98634,918560,7067,1017194,"Equal Growth Rates"
19,15,960,"petite","second-15min",5,58,572,9483,63,10055,591,6405,59935,958606,6996,1018541,"Equal Growth Rates"
19,16,955,"petite","second-15min",6,52,922,9272,58,10194,949,6005,94373,913427,6954,1007800,"Equal Growth Rates"
19,17,960,"petite","second-15min",6,56,593,9454,62,10047,625,6293,63096,953719,6918,1016815,"Equal Growth Rates"
19,18,955,"petite","second-15min",3,55,443,9724,58,10167,439,6326,44829,959691,6765,1004520,"Equal Growth Rates"
19,19,960,"petite","second-15min",4,57,554,9529,61,10083,586,6437,57573,965549,7023,1023122,"Equal Growth Rates"
19,20,955,"petite","second-15min",8,58,857,9353,66,10210,892,6051,89310,922435,6943,1011745,"Equal Growth Rates"
45,1,950,"petite","second-15min",52,37,5098,5152,89,10250,5241,3268,515876,495489,8509,1011365,"Equal Growth Rates"
45,2,955,"petite","second-15min",41,33,4424,5650,74,10074,4601,3645,456259,557575,8246,1013834,"Equal Growth Rates"
45,3,955,"petite","second-15min",30,38,3186,6890,68,10076,3309,4466,328487,678685,7775,1007172,"Equal Growth Rates"
45,4,960,"petite","second-15min",20,52,2404,7652,72,10056,2562,5092,251918,773371,7654,1025289,"Equal Growth Rates"
45,5,955,"petite","second-15min",23,47,2611,7465,70,10076,2714,4838,270181,734339,7552,1004520,"Equal Growth Rates"
45,6,955,"petite","second-15min",21,53,2132,7966,74,10098,2185,5199,217889,787784,7384,1005673,"Equal Growth Rates"
45,7,955,"petite","second-15min",18,51,1832,8214,69,10046,1926,5313,189744,811063,7239,1000807,"Equal Growth Rates"
45,8,955,"petite","second-15min",27,45,3017,7032,72,10049,3174,4593,312953,692206,7767,1005159,"Equal Growth Rates"
45,9,955,"petite","second-15min",30,40,3216,6850,70,10066,3323,4451,335123,673864,7774,1008987,"Equal Growth Rates"
45,10,955,"petite","second-15min",26,40,3286,6931,66,10217,3454,4430,341720,681236,7884,1022956,"Equal Growth Rates"
45,11,960,"petite","second-15min",28,42,3057,6981,70,10038,3238,4654,319974,703640,7892,1023614,"Equal Growth Rates"
45,12,955,"petite","second-15min",26,44,3002,7145,70,10147,3087,4598,307819,702558,7685,1010377,"Equal Growth Rates"
45,13,955,"petite","second-15min",25,46,2665,7389,71,10054,2773,4786,275041,725737,7559,1000778,"Equal Growth Rates"
45,14,955,"petite","second-15min",19,50,1851,8246,69,10097,1896,5380,190181,816729,7276,1006910,"Equal Growth Rates"
45,15,955,"petite","second-15min",10,53,1148,9028,63,10176,1197,5832,117278,891109,7029,1008387,"Equal Growth Rates"
45,16,960,"petite","second-15min",6,58,559,9581,64,10140,580,6430,58711,964544,7010,1023255,"Equal Growth Rates"
45,17,955,"petite","second-15min",4,62,411,9815,66,10226,422,6369,43107,964735,6791,1007842,"Equal Growth Rates"
45,18,960,"petite","second-15min",3,65,329,9728,68,10057,336,6501,34323,981856,6837,1016179,"Equal Growth Rates"
45,19,960,"petite","second-15min",2,61,252,9756,63,10008,270,6587,27114,986777,6857,1013891,"Equal Growth Rates"
45,20,960,"petite","second-15min",2,62,213,9878,64,10091,221,6529,23085,995651,6750,1018736,"Equal Growth Rates"
42,1,950,"petite","second-15min",52,29,5060,5187,81,10247,5183,3272,507165,499838,8455,1007003,"Equal Growth Rates"
42,2,955,"petite","second-15min",46,32,4719,5291,78,10010,4917,3405,486875,521131,8322,1008006,"Equal Growth Rates"
42,3,955,"petite","second-15min",38,37,3753,6304,75,10057,3837,4110,385939,622457,7947,1008396,"Equal Growth Rates"
42,4,955,"petite","second-15min",23,45,2289,7875,68,10164,2396,5158,235691,777024,7554,1012715,"Equal Growth Rates"
42,5,955,"petite","second-15min",19,49,1915,8250,68,10165,1969,5354,197564,812428,7323,1009992,"Equal Growth Rates"
42,6,960,"petite","second-15min",22,50,2361,7640,72,10001,2524,5042,250350,770620,7566,1020970,"Equal Growth Rates"
42,7,960,"petite","second-15min",21,48,2346,7720,69,10066,2471,5146,246784,777721,7617,1024505,"Equal Growth Rates"
42,8,955,"petite","second-15min",26,46,2871,7213,72,10084,2971,4662,294019,709640,7633,1003659,"Equal Growth Rates"
42,9,955,"petite","second-15min",17,52,1551,8581,69,10132,1606,5494,160637,841567,7100,1002204,"Equal Growth Rates"
42,10,955,"petite","second-15min",12,55,1044,9099,67,10143,1095,5932,107835,895875,7027,1003710,"Equal Growth Rates"
42,11,960,"petite","second-15min",11,54,1017,8991,65,10008,1067,6070,107933,912662,7137,1020595,"Equal Growth Rates"
42,12,955,"petite","second-15min",7,57,880,9249,64,10129,925,6077,91812,910199,7002,1002011,"Equal Growth Rates"
42,13,960,"petite","second-15min",1,61,73,10002,62,10075,77,6669,7683,1010201,6746,1017884,"Equal Growth Rates"
27,1,950,"petite","second-15min",49,36,5115,5103,85,10218,5251,3251,516639,490400,8502,1007039,"Equal Growth Rates"
27,2,955,"petite","second-15min",47,35,5046,5040,82,10086,5256,3260,520735,495622,8516,1016357,"Equal Growth Rates"
27,3,955,"petite","second-15min",40,36,4131,5881,76,10012,4272,3844,425368,578295,8116,1003663,"Equal Growth Rates"
27,4,955,"petite","second-15min",34,38,4114,5986,72,10100,4250,3877,423010,588915,8127,1011925,"Equal Growth Rates"
27,5,955,"petite","second-15min",32,42,3361,6688,74,10049,3457,4355,345588,657933,7812,1003521,"Equal Growth Rates"
27,6,955,"petite","second-15min",22,49,2231,7806,71,10037,2342,5044,229740,770706,7386,1000446,"Equal Growth Rates"
27,7,955,"petite","second-15min",13,50,1589,8521,63,10110,1647,5511,164468,840968,7158,1005436,"Equal Growth Rates"
27,8,960,"petite","second-15min",11,52,1323,8746,63,10069,1451,5868,141885,881887,7319,1023772,"Equal Growth Rates"
27,9,960,"petite","second-15min",10,59,1024,9072,69,10096,1095,6056,108188,913529,7151,1021717,"Equal Growth Rates"
27,10,960,"petite","second-15min",5,57,500,9563,62,10063,528,6355,52208,967053,6883,1019261,"Equal Growth Rates"
18,1,955,"petite","second-15min",51,35,5050,5047,86,10097,5244,3291,520064,498360,8535,1018424,"Equal Growth Rates"
18,2,955,"petite","second-15min",41,34,4374,5720,75,10094,4463,3712,448146,565357,8175,1013503,"Equal Growth Rates"
18,3,955,"petite","second-15min",30,45,2989,7161,75,10150,3057,4630,306900,704434,7687,1011334,"Equal Growth Rates"
18,4,955,"petite","second-15min",23,47,2663,7462,70,10125,2736,4850,273253,734407,7586,1007660,"Equal Growth Rates"
18,5,955,"petite","second-15min",19,47,2159,7906,66,10065,2249,5137,222755,777712,7386,1000467,"Equal Growth Rates"
18,6,955,"petite","second-15min",16,55,1525,8540,71,10065,1588,5555,158248,842385,7143,1000633,"Equal Growth Rates"
18,7,955,"petite","second-15min",11,58,1383,8759,69,10142,1414,5741,141710,863259,7155,1004969,"Equal Growth Rates"
18,8,960,"petite","second-15min",11,58,1428,8640,69,10068,1517,5714,150284,871842,7231,1022126,"Equal Growth Rates"
18,9,955,"petite","second-15min",10,54,898,9328,64,10226,930,6035,92270,917341,6965,1009611,"Equal Growth Rates"
18,10,960,"petite","second-15min",4,60,553,9550,64,10103,578,6345,57399,965707,6923,1023106,"Equal Growth Rates"
18,11,960,"petite","second-15min",3,58,342,9666,61,10008,384,6480,36248,978101,6864,1014349,"Equal Growth Rates"
18,12,955,"petite","second-15min",1,65,44,10186,66,10230,47,6647,4665,1002775,6694,1007440,"Equal Growth Rates"
20,1,955,"petite","second-15min",49,36,5045,5020,85,10065,5281,3310,520398,495210,8591,1015608,"Equal Growth Rates"
20,2,955,"petite","second-15min",39,33,4207,5818,72,10025,4383,3753,435946,571141,8136,1007087,"Equal Growth Rates"
20,3,955,"petite","second-15min",28,42,3048,7041,70,10089,3127,4560,314833,692684,7687,1007517,"Equal Growth Rates"
20,4,955,"petite","second-15min",25,41,2892,7205,66,10097,2991,4659,297409,709040,7650,1006449,"Equal Growth Rates"
20,5,955,"petite","second-15min",17,46,2017,8226,63,10243,2104,5321,208891,809465,7425,1018356,"Equal Growth Rates"
20,6,955,"petite","second-15min",19,44,2199,7831,63,10030,2305,5100,227030,773030,7405,1000060,"Equal Growth Rates"
20,7,955,"petite","second-15min",17,54,1649,8472,71,10121,1691,5535,169142,833590,7226,1002732,"Equal Growth Rates"
20,8,960,"petite","second-15min",14,57,1560,8492,71,10052,1672,5624,166794,854437,7296,1021231,"Equal Growth Rates"
20,9,955,"petite","second-15min",16,55,1799,8297,71,10096,1871,5375,185709,819671,7246,1005380,"Equal Growth Rates"
20,10,960,"petite","second-15min",13,52,1570,8498,65,10068,1677,5631,165759,854235,7308,1019994,"Equal Growth Rates"
20,11,960,"petite","second-15min",8,56,1018,9004,64,10022,1102,5958,108314,910064,7060,1018378,"Equal Growth Rates"
20,12,955,"petite","second-15min",10,55,952,9181,65,10133,988,5995,98873,905070,6983,1003943,"Equal Growth Rates"
20,13,960,"petite","second-15min",10,55,1135,8935,65,10070,1201,5943,120187,899990,7144,1020177,"Equal Growth Rates"
20,14,955,"petite","second-15min",15,53,1396,8744,68,10140,1471,5713,144652,862141,7184,1006793,"Equal Growth Rates"
20,15,960,"petite","second-15min",7,57,521,9558,64,10079,545,6380,54861,970570,6925,1025431,"Equal Growth Rates"
20,16,960,"petite","second-15min",4,58,409,9677,62,10086,428,6450,43114,975029,6878,1018143,"Equal Growth Rates"
16,1,955,"petite","second-15min",51,29,5088,5034,80,10122,5349,3265,526715,495306,8614,1022021,"Equal Growth Rates"
16,2,955,"petite","second-15min",49,34,5138,4874,83,10012,5366,3226,531146,483105,8592,1014251,"Equal Growth Rates"
16,3,955,"petite","second-15min",50,33,5081,4955,83,10036,5237,3189,522007,488595,8426,1010602,"Equal Growth Rates"
16,4,955,"petite","second-15min",54,27,5939,4123,81,10062,6141,2679,612602,406817,8820,1019419,"Equal Growth Rates"
16,5,950,"petite","second-15min",51,29,5209,4943,80,10152,5292,3164,528020,474690,8456,1002710,"Equal Growth Rates"
16,6,955,"petite","second-15min",38,36,4268,5887,74,10155,4435,3833,437745,580520,8268,1018265,"Equal Growth Rates"
16,7,955,"petite","second-15min",33,39,3302,6707,72,10009,3410,4345,339979,662280,7755,1002259,"Equal Growth Rates"
16,8,955,"petite","second-15min",24,43,2615,7407,67,10022,2724,4809,270761,730942,7533,1001703,"Equal Growth Rates"
16,9,955,"petite","second-15min",16,51,1441,8753,67,10194,1510,5790,149200,863087,7300,1012287,"Equal Growth Rates"
16,10,960,"petite","second-15min",14,52,1548,8482,66,10030,1651,5638,165737,857931,7289,1023668,"Equal Growth Rates"
16,11,960,"petite","second-15min",3,63,294,9739,66,10033,303,6453,30737,987496,6756,1018233,"Equal Growth Rates"
16,12,960,"petite","second-15min",2,58,182,9906,60,10088,181,6670,19048,1000223,6851,1019271,"Equal Growth Rates"
29,1,955,"petite","second-15min",51,30,5086,5006,81,10092,5353,3262,527839,493708,8615,1021547,"Equal Growth Rates"
29,2,955,"petite","second-15min",40,42,3635,6415,82,10050,3713,4163,374191,629603,7876,1003794,"Equal Growth Rates"
29,3,955,"petite","second-15min",28,41,3122,6921,69,10043,3209,4488,322073,681321,7697,1003394,"Equal Growth Rates"
29,4,955,"petite","second-15min",25,44,2946,7150,69,10096,3040,4634,302719,704909,7674,1007628,"Equal Growth Rates"
29,5,960,"petite","second-15min",14,54,1623,8391,68,10014,1770,5636,174397,850468,7406,1024865,"Equal Growth Rates"
29,6,960,"petite","second-15min",11,54,1022,9037,65,10059,1092,6029,108638,914416,7121,1023054,"Equal Growth Rates"
29,7,960,"petite","second-15min",7,59,865,9219,66,10084,933,6191,91806,930918,7124,1022724,"Equal Growth Rates"
29,8,955,"petite","second-15min",6,54,727,9420,60,10147,759,6122,75043,929285,6881,1004328,"Equal Growth Rates"
29,9,960,"petite","second-15min",8,58,972,9141,66,10113,1055,6079,103679,919083,7134,1022762,"Equal Growth Rates"
29,10,960,"petite","second-15min",11,55,1236,8778,66,10014,1274,5916,130219,889593,7190,1019812,"Equal Growth Rates"
29,11,955,"petite","second-15min",12,54,1345,8825,66,10170,1380,5774,138855,869182,7154,1008037,"Equal Growth Rates"
29,12,960,"petite","second-15min",12,55,1437,8603,67,10040,1537,5769,154054,869184,7306,1023238,"Equal Growth Rates"
29,13,955,"petite","second-15min",9,56,888,9421,65,10309,911,6127,91408,927362,7038,1018770,"Equal Growth Rates"
29,14,955,"petite","second-15min",5,56,459,9751,61,10210,462,6271,46533,955804,6733,1002337,"Equal Growth Rates"
29,15,955,"petite","second-15min",3,61,453,9688,64,10141,472,6250,46731,955818,6722,1002549,"Equal Growth Rates"
29,16,960,"petite","second-15min",5,60,596,9510,65,10106,628,6308,62522,958665,6936,1021187,"Equal Growth Rates"
29,17,960,"petite","second-15min",6,53,524,9479,59,10003,558,6376,54960,958844,6934,1013804,"Equal Growth Rates"
29,18,955,"petite","second-15min",2,58,263,9861,60,10124,269,6438,26024,976464,6707,1002488,"Equal Growth Rates"
29,19,955,"petite","second-15min",2,59,201,9943,61,10144,208,6487,20585,980956,6695,1001541,"Equal Growth Rates"
29,20,960,"petite","second-15min",2,61,151,9923,63,10074,160,6614,15589,1003347,6774,1018936,"Equal Growth Rates"
11,1,955,"petite","second-15min",55,32,5003,5002,87,10005,5212,3250,513650,492026,8462,1005676,"Equal Growth Rates"
11,2,950,"petite","second-15min",43,32,4675,5518,75,10193,4687,3488,470237,530964,8175,1001201,"Equal Growth Rates"
11,3,955,"petite","second-15min",39,35,3912,6140,74,10052,4043,3945,401563,602261,7988,1003824,"Equal Growth Rates"
11,4,955,"petite","second-15min",27,45,2873,7388,72,10261,3017,4789,296914,727097,7806,1024011,"Equal Growth Rates"
11,5,955,"petite","second-15min",26,48,2687,7396,74,10083,2797,4757,277812,726447,7554,1004259,"Equal Growth Rates"
11,6,950,"petite","second-15min",22,50,2045,8243,72,10288,2061,5238,204704,795637,7299,1000341,"Equal Growth Rates"
11,7,960,"petite","second-15min",16,48,1802,8261,64,10063,1936,5545,189320,834592,7481,1023912,"Equal Growth Rates"
11,8,955,"petite","second-15min",8,57,885,9238,65,10123,927,6036,91303,910276,6963,1001579,"Equal Growth Rates"
11,9,955,"petite","second-15min",9,55,852,9254,64,10106,888,6031,88739,912136,6919,1000875,"Equal Growth Rates"
11,10,960,"petite","second-15min",8,50,1081,8963,58,10044,1153,5989,114867,905109,7142,1019976,"Equal Growth Rates"
11,11,960,"petite","second-15min",7,61,669,9343,68,10012,720,6245,70461,947640,6965,1018101,"Equal Growth Rates"
11,12,960,"petite","second-15min",6,58,599,9511,64,10110,637,6377,62666,962495,7014,1025161,"Equal Growth Rates"
11,13,960,"petite","second-15min",6,56,964,9084,62,10048,1021,6118,100957,915545,7139,1016502,"Equal Growth Rates"
11,14,960,"petite","second-15min",5,61,516,9590,66,10106,535,6375,53900,969309,6910,1023209,"Equal Growth Rates"
11,15,955,"petite","second-15min",6,60,606,9559,66,10165,653,6227,62670,945941,6880,1008611,"Equal Growth Rates"
11,16,955,"petite","second-15min",5,62,578,9600,67,10178,584,6200,58928,944753,6784,1003681,"Equal Growth Rates"
11,17,960,"petite","second-15min",5,59,533,9572,64,10105,576,6402,56450,968577,6978,1025027,"Equal Growth Rates"
11,18,960,"petite","second-15min",5,63,512,9576,68,10088,552,6337,54948,966731,6889,1021679,"Equal Growth Rates"
11,19,960,"petite","second-15min",4,62,485,9518,66,10003,509,6330,50892,963709,6839,1014601,"Equal Growth Rates"
11,20,960,"petite","second-15min",5,61,601,9468,66,10069,631,6360,63259,957844,6991,1021103,"Equal Growth Rates"
38,1,890,"petite","second",53,34,5004,5028,87,10032,3774,4169,368368,637802,7943,1006170,"Normal"
38,2,870,"petite","second",30,44,3015,7100,74,10115,2166,5291,214737,803574,7457,1018311,"Normal"
38,3,865,"petite","second",19,54,1861,8173,73,10034,1319,5878,130368,897112,7197,1027480,"Normal"
38,4,855,"petite","second",10,54,842,9197,64,10039,556,6302,55718,954873,6858,1010591,"Normal"
38,5,855,"petite","second",3,65,301,9706,68,10007,202,6649,20095,1008065,6851,1028160,"Normal"
38,6,850,"petite","second",2,57,143,9916,59,10059,88,6627,9302,1001607,6715,1010909,"Normal"
8,1,890,"petite","second",51,33,5071,5094,84,10165,3816,4264,374832,646711,8080,1021543,"Normal"
8,2,870,"petite","second",31,44,3248,6761,75,10009,2369,5060,235153,767133,7429,1002286,"Normal"
8,3,860,"petite","second",16,57,1729,8385,73,10114,1200,5882,119178,896400,7082,1015578,"Normal"
8,4,850,"petite","second",6,60,605,9580,66,10185,380,6339,38429,967095,6719,1005524,"Normal"
8,5,850,"petite","second",3,62,283,9839,65,10122,180,6471,18102,990540,6651,1008642,"Normal"
8,6,850,"petite","second",1,65,161,10017,66,10178,100,6556,10165,1006280,6656,1016445,"Normal"
8,7,855,"petite","second",2,60,263,9757,62,10020,173,6604,17487,1006932,6777,1024419,"Normal"
8,8,850,"petite","second",1,54,65,9935,55,10000,49,6579,4442,1001291,6628,1005733,"Normal"
8,9,850,"petite","second",1,64,141,9921,65,10062,86,6565,8849,997480,6651,1006329,"Normal"
8,10,850,"petite","second",3,64,235,9820,67,10055,145,6529,15573,992365,6674,1007938,"Normal"
39,1,890,"petite","second",52,32,5101,5160,84,10261,3853,4289,375056,652134,8142,1027190,"Normal"
39,2,870,"petite","second",26,47,2602,7417,73,10019,1876,5502,186046,839637,7378,1025683,"Normal"
39,3,860,"petite","second",20,50,1784,8346,70,10130,1226,5816,121266,890616,7042,1011882,"Normal"
39,4,860,"petite","second",14,52,1431,8653,66,10084,963,6033,97179,925782,6996,1022961,"Normal"
39,5,855,"petite","second",8,54,909,9247,62,10156,610,6257,60924,959494,6867,1020418,"Normal"
39,6,850,"petite","second",2,59,261,9927,61,10188,171,6541,17092,997676,6712,1014768,"Normal"
39,7,850,"petite","second",2,63,183,9872,65,10055,118,6474,11998,995381,6592,1007379,"Normal"
23,1,885,"petite","second",53,36,5109,5144,89,10253,3776,4171,368874,636078,7947,1004952,"Normal"
23,2,875,"petite","second",26,45,3265,6740,71,10005,2431,5083,240842,781837,7514,1022679,"Normal"
23,3,860,"petite","second",16,43,1817,8210,59,10027,1234,5701,124258,875833,6935,1000091,"Normal"
23,4,855,"petite","second",7,53,680,9407,60,10087,457,6417,44671,975522,6874,1020193,"Normal"
23,5,850,"petite","second",4,57,426,9751,61,10177,268,6396,27257,983355,6664,1010612,"Normal"
23,6,850,"petite","second",1,62,118,9917,63,10035,81,6534,7666,1000165,6615,1007831,"Normal"
5,1,885,"petite","second",50,30,5020,5191,80,10211,3676,4178,362233,639631,7854,1001864,"Normal"
5,2,870,"petite","second",26,38,2874,7191,64,10065,2086,5280,206780,812449,7366,1019229,"Normal"
5,3,860,"petite","second",19,53,1984,8123,72,10107,1378,5724,134911,870152,7102,1005063,"Normal"
5,4,860,"petite","second",12,54,1443,8614,66,10057,992,6018,99051,919869,7010,1018920,"Normal"
5,5,850,"petite","second",4,56,517,9552,60,10069,332,6326,33190,969418,6658,1002608,"Normal"
5,6,850,"petite","second",1,60,69,10087,61,10156,47,6675,4626,1018710,6722,1023336,"Normal"
16,1,890,"petite","second",55,32,5061,5010,87,10071,3833,4198,371924,638834,8031,1010758,"Normal"
16,2,870,"petite","second",28,41,3252,6861,69,10113,2316,5106,231207,777909,7422,1009116,"Normal"
16,3,855,"petite","second",8,57,774,9262,65,10036,497,6342,50599,965314,6839,1015913,"Normal"
16,4,850,"petite","second",5,68,443,9724,73,10167,295,6403,29130,979768,6698,1008898,"Normal"
16,5,850,"petite","second",3,58,340,9697,61,10037,210,6331,22325,978362,6541,1000687,"Normal"
16,6,850,"petite","second",1,62,266,9787,63,10053,174,6448,17314,984866,6622,1002180,"Normal"
35,1,890,"petite","second",50,34,5033,5034,84,10067,3798,4141,371836,636513,7939,1008349,"Normal"
35,2,870,"petite","second",31,40,3008,7014,71,10022,2207,5179,214720,790868,7386,1005588,"Normal"
35,3,855,"petite","second",11,47,1123,9046,58,10169,744,6188,74356,940603,6932,1014959,"Normal"
35,4,855,"petite","second",5,60,505,9514,65,10019,352,6539,33695,988988,6891,1022683,"Normal"
35,5,855,"petite","second",4,64,447,9566,68,10013,303,6550,29957,997135,6853,1027092,"Normal"
14,1,890,"petite","second",53,35,5030,5092,88,10122,3760,4301,372121,646140,8061,1018261,"Normal"
14,2,870,"petite","second",28,43,2806,7251,71,10057,2045,5385,201681,820455,7430,1022136,"Normal"
14,3,855,"petite","second",11,54,1189,9035,65,10224,781,6218,78769,941123,6999,1019892,"Normal"
14,4,850,"petite","second",4,56,517,9700,60,10217,343,6387,34001,977582,6730,1011583,"Normal"
14,5,850,"petite","second",5,63,314,9774,68,10088,206,6461,20247,981849,6667,1002096,"Normal"
14,6,850,"petite","second",1,59,47,10021,60,10068,31,6706,3020,1011152,6737,1014172,"Normal"
3,1,885,"petite","second",50,33,5009,5157,83,10166,3684,4177,360950,640180,7861,1001130,"Normal"
3,2,870,"petite","second",28,42,3214,6909,70,10123,2315,5143,231801,780900,7458,1012701,"Normal"
3,3,855,"petite","second",13,56,1291,8832,69,10123,874,5955,86459,915039,6829,1001498,"Normal"
3,4,855,"petite","second",9,52,1274,8891,61,10165,842,6041,84974,919600,6883,1004574,"Normal"
3,5,855,"petite","second",6,59,691,9319,65,10010,464,6249,45751,962914,6713,1008665,"Normal"
3,6,850,"petite","second",1,58,67,10084,59,10151,42,6613,4339,1015641,6655,1019980,"Normal"
36,1,885,"petite","second",51,34,5004,5284,85,10288,3676,4291,360233,649476,7967,1009709,"Normal"
36,2,870,"petite","second",29,42,2903,7157,71,10060,2144,5281,209457,807968,7425,1017425,"Normal"
36,3,860,"petite","second",13,50,1272,8753,63,10025,885,6085,87450,931552,6970,1019002,"Normal"
36,4,850,"petite","second",3,60,353,9760,63,10113,225,6477,22797,984472,6702,1007269,"Normal"
19,1,890,"petite","second",50,36,5103,5056,86,10159,3885,4159,379506,639873,8044,1019379,"Normal"
19,2,875,"petite","second",31,36,3316,6709,67,10025,2469,5152,244506,783542,7621,1028048,"Normal"
19,3,860,"petite","second",12,55,1334,8684,67,10018,915,6144,91095,928829,7059,1019924,"Normal"
19,4,850,"petite","second",3,61,270,9879,64,10149,179,6441,17438,993375,6620,1010813,"Normal"
4,1,890,"petite","second",50,32,5077,5006,82,10083,3880,4190,374589,635329,8070,1009918,"Normal"
4,2,870,"petite","second",31,47,3170,6892,78,10062,2297,5174,227708,782531,7471,1010239,"Normal"
4,3,860,"petite","second",15,50,1731,8465,65,10196,1182,5956,117357,905819,7138,1023176,"Normal"
4,4,860,"petite","second",10,52,1389,8646,62,10035,965,6072,95288,922148,7037,1017436,"Normal"
4,5,855,"petite","second",7,58,816,9253,65,10069,546,6367,53986,960794,6913,1014780,"Normal"
4,6,855,"petite","second",4,56,466,9552,60,10018,299,6472,30752,991916,6771,1022668,"Normal"
4,7,850,"petite","second",2,58,210,9817,60,10027,138,6435,13577,992717,6573,1006294,"Normal"
4,8,850,"petite","second",1,65,126,9955,66,10081,75,6557,8037,1002121,6632,1010158,"Normal"
4,9,850,"petite","second",2,60,243,9879,62,10122,166,6571,15649,995865,6737,1011514,"Normal"
4,10,850,"petite","second",2,67,118,9937,69,10055,77,6583,7498,1005768,6660,1013266,"Normal"
1,1,890,"petite","second",48,39,5019,5073,87,10092,3798,4201,372160,641376,7999,1013536,"Normal"
1,2,870,"petite","second",29,41,3220,6859,70,10079,2383,5044,232419,774412,7427,1006831,"Normal"
1,3,860,"petite","second",20,50,1939,8141,70,10080,1348,5704,132344,868464,7052,1000808,"Normal"
1,4,860,"petite","second",15,51,1611,8499,66,10110,1144,5932,109569,907351,7076,1016920,"Normal"
1,5,855,"petite","second",7,57,682,9401,64,10083,457,6442,46072,980503,6899,1026575,"Normal"
1,6,850,"petite","second",4,59,289,9772,63,10061,185,6496,18732,990579,6681,1009311,"Normal"
1,7,850,"petite","second",1,58,53,9947,59,10000,34,6619,3464,1002938,6653,1006402,"Normal"
34,1,890,"petite","second",54,34,5076,5105,88,10181,3844,4245,376758,647870,8089,1024628,"Normal"
34,2,880,"petite","second",39,37,4011,6053,76,10064,3056,4780,302265,724984,7836,1027249,"Normal"
34,3,860,"petite","second",17,49,1639,8365,66,10004,1149,5926,113427,897909,7075,1011336,"Normal"
34,4,855,"petite","second",8,55,1024,9082,63,10106,694,6178,69237,943467,6872,1012704,"Normal"
28,1,890,"petite","second",50,33,5032,5090,83,10122,3788,4212,370155,643517,8000,1013672,"Normal"
28,2,875,"petite","second",34,38,3865,6166,72,10031,2851,4743,284429,719653,7594,1004082,"Normal"
28,3,860,"petite","second",21,51,2028,8165,72,10193,1387,5654,137871,871141,7041,1009012,"Normal"
28,4,865,"petite","second",15,50,1710,8292,65,10002,1230,5938,118991,909695,7168,1028686,"Normal"
28,5,850,"petite","second",6,59,636,9538,65,10174,413,6366,40993,964934,6779,1005927,"Normal"
28,6,855,"petite","second",4,57,477,9543,61,10020,314,6435,31056,987787,6749,1018843,"Normal"
28,7,855,"petite","second",2,62,244,9757,64,10001,175,6594,15927,1011706,6769,1027633,"Normal"
15,1,890,"petite","second",52,32,5100,5015,84,10115,3843,4252,377242,639738,8095,1016980,"Normal"
15,2,870,"petite","second",26,41,2974,7088,67,10062,2195,5290,214281,802968,7485,1017249,"Normal"
15,3,855,"petite","second",11,55,958,9224,66,10182,642,6226,64124,952862,6868,1016986,"Normal"
15,4,855,"petite","second",5,55,447,9584,60,10031,292,6542,29552,994666,6834,1024218,"Normal"
15,5,855,"petite","second",4,60,418,9584,64,10002,277,6492,28157,996918,6769,1025075,"Normal"
21,1,890,"petite","second",49,29,5029,5128,78,10157,3815,4266,370391,652892,8081,1023283,"Normal"
21,2,870,"petite","second",33,38,3530,6583,71,10113,2551,4873,252275,747835,7424,1000110,"Normal"
21,3,865,"petite","second",22,47,2138,7914,69,10052,1546,5706,150958,870570,7252,1021528,"Normal"
21,4,860,"petite","second",11,50,1249,8752,61,10001,826,6158,85225,937502,6984,1022727,"Normal"
21,5,850,"petite","second",2,64,403,9799,66,10202,255,6467,26129,989815,6722,1015944,"Normal"
21,6,850,"petite","second",3,66,245,9917,69,10162,152,6520,15641,1000843,6672,1016484,"Normal"
25,1,890,"petite","second",47,32,5008,5111,79,10119,3822,4220,370555,648221,8042,1018776,"Normal"
25,2,875,"petite","second",30,42,3196,6804,72,10000,2366,5229,235951,791329,7595,1027280,"Normal"
25,3,865,"petite","second",21,47,2426,7686,68,10112,1703,5568,169707,849113,7271,1018820,"Normal"
25,4,855,"petite","second",9,57,872,9167,66,10039,594,6259,58102,954600,6853,1012702,"Normal"
25,5,850,"petite","second",5,63,408,9828,68,10236,247,6528,25699,991961,6775,1017660,"Normal"
25,6,850,"petite","second",1,56,96,9968,57,10064,63,6647,6157,1008425,6710,1014582,"Normal"
31,1,890,"petite","second",55,31,5022,5085,86,10107,3786,4203,368727,643976,7989,1012703,"Normal"
31,2,870,"petite","second",35,45,3684,6622,80,10306,2679,4907,267184,745397,7586,1012581,"Normal"
31,3,865,"petite","second",22,49,2121,7939,71,10060,1499,5738,148451,872424,7237,1020875,"Normal"
31,4,860,"petite","second",14,56,1513,8547,70,10060,1049,5989,103107,909165,7038,1012272,"Normal"
31,5,860,"petite","second",9,50,1126,8906,59,10032,769,6249,76464,952095,7018,1028559,"Normal"
31,6,855,"petite","second",6,57,564,9452,63,10016,371,6444,36565,978688,6815,1015253,"Normal"
31,7,850,"petite","second",2,66,145,9997,68,10142,97,6612,9264,1007646,6709,1016910,"Normal"
12,1,890,"petite","second",49,32,5008,5068,81,10076,3816,4245,370524,642687,8061,1013211,"Normal"
12,2,875,"petite","second",33,44,3530,6535,77,10065,2626,4947,259507,761002,7573,1020509,"Normal"
12,3,865,"petite","second",16,58,1914,8103,74,10017,1364,5833,134211,892944,7197,1027155,"Normal"
12,4,860,"petite","second",18,51,1772,8341,69,10113,1239,5835,120602,893466,7074,1014068,"Normal"
12,5,855,"petite","second",6,54,811,9225,60,10036,553,6229,53600,957365,6782,1010965,"Normal"
12,6,850,"petite","second",2,56,237,9892,58,10129,164,6527,15578,992543,6691,1008121,"Normal"
9,1,890,"petite","second",54,36,5050,5058,90,10108,3787,4216,373115,642250,8003,1015365,"Normal"
9,2,870,"petite","second",28,40,3358,6688,68,10046,2450,5054,240230,762894,7504,1003124,"Normal"
9,3,855,"petite","second",13,53,1144,8897,66,10041,766,6060,76396,929152,6826,1005548,"Normal"
29,1,890,"petite","second",51,31,5062,5139,82,10201,3844,4266,373635,653329,8110,1026964,"Normal"
29,2,875,"petite","second",28,40,3550,6550,68,10100,2648,5004,261383,761481,7652,1022864,"Normal"
29,3,860,"petite","second",20,48,1896,8329,68,10225,1313,5809,129332,892435,7122,1021767,"Normal"
29,4,855,"petite","second",8,56,824,9291,64,10115,552,6294,54609,963533,6846,1018142,"Normal"
29,5,855,"petite","second",4,61,543,9480,65,10023,357,6452,35795,980465,6809,1016260,"Normal"
29,6,850,"petite","second",2,65,298,9926,67,10224,194,6558,19278,1002317,6752,1021595,"Normal"
29,7,850,"petite","second",1,61,45,10107,62,10152,25,6624,2763,1017670,6649,1020433,"Normal"
29,8,850,"petite","second",1,62,118,9947,63,10065,84,6605,8037,1003208,6689,1011245,"Normal"
29,9,850,"petite","second",1,63,66,10041,64,10107,41,6632,4229,1009581,6673,1013810,"Normal"
45,1,890,"petite","second",48,36,5023,5001,84,10024,3767,4172,370657,632586,7939,1003243,"Normal"
45,2,865,"petite","second",30,45,2676,7457,75,10133,1913,5368,186871,817319,7281,1004190,"Normal"
45,3,860,"petite","second",12,50,1332,8738,62,10070,943,6068,91765,932389,7011,1024154,"Normal"
45,4,855,"petite","second",7,55,804,9250,62,10054,525,6230,53272,958848,6755,1012120,"Normal"
45,5,850,"petite","second",2,53,246,9799,55,10045,165,6512,16274,987578,6677,1003852,"Normal"
45,6,855,"petite","second",3,59,270,9738,62,10008,171,6651,18095,1008747,6822,1026842,"Normal"
45,7,850,"petite","second",1,58,143,9907,59,10050,84,6563,9354,996735,6647,1006089,"Normal"
37,1,890,"petite","second",49,31,5065,5082,80,10147,3847,4227,375673,646559,8074,1022232,"Normal"
37,2,875,"petite","second",34,40,3750,6377,74,10127,2791,4910,276766,745675,7701,1022441,"Normal"
37,3,865,"petite","second",19,49,2085,8020,68,10105,1499,5784,146252,878079,7283,1024331,"Normal"
37,4,860,"petite","second",17,52,1789,8282,69,10071,1224,5727,121581,885308,6951,1006889,"Normal"
37,5,855,"petite","second",11,54,1336,8854,65,10190,924,6049,89662,920434,6973,1010096,"Normal"
37,6,855,"petite","second",8,58,876,9137,66,10013,593,6186,58712,946964,6779,1005676,"Normal"
37,7,845,"petite","second",3,59,438,10003,62,10441,295,6397,27857,984017,6692,1011874,"Normal"
37,8,850,"petite","second",1,57,46,10052,58,10098,33,6622,2988,1013982,6655,1016970,"Normal"
42,1,890,"petite","second",52,32,5053,5075,84,10128,3810,4255,371744,644892,8065,1016636,"Normal"
42,2,870,"petite","second",26,41,3158,6974,67,10132,2302,5209,226937,792995,7511,1019932,"Normal"
42,3,860,"petite","second",15,50,1777,8418,65,10195,1206,5832,121178,897361,7038,1018539,"Normal"
42,4,860,"petite","second",12,47,1432,8599,59,10031,991,6052,98018,919108,7043,1017126,"Normal"
42,5,855,"petite","second",5,56,431,9580,61,10011,281,6578,28910,997581,6859,1026491,"Normal"
42,6,855,"petite","second",3,57,286,9719,60,10005,192,6614,18720,1006915,6806,1025635,"Normal"
42,7,850,"petite","second",1,65,178,9960,66,10138,122,6573,11828,999858,6695,1011686,"Normal"
42,8,850,"petite","second",2,60,276,9896,62,10172,176,6495,17724,996137,6671,1013861,"Normal"
42,9,850,"petite","second",1,61,99,10017,62,10116,67,6605,6634,1008787,6672,1015421,"Normal"
22,1,890,"petite","second",52,35,5013,5035,87,10048,3770,4179,369984,639941,7949,1009925,"Normal"
22,2,865,"petite","second",27,46,2622,7488,73,10110,1860,5388,184301,824761,7248,1009062,"Normal"
22,3,865,"petite","second",19,51,2121,7933,70,10054,1492,5642,148480,869610,7134,1018090,"Normal"
22,4,855,"petite","second",5,57,446,9592,62,10038,297,6550,29667,994091,6847,1023758,"Normal"
22,5,855,"petite","second",1,63,165,9836,64,10001,112,6689,11159,1016237,6801,1027396,"Normal"
18,1,890,"petite","second",51,35,5039,5074,86,10113,3858,4165,374793,638408,8023,1013201,"Normal"
18,2,865,"petite","second",23,42,2721,7425,65,10146,1908,5359,190486,818145,7267,1008631,"Normal"
18,3,865,"petite","second",17,52,2278,7739,69,10017,1613,5577,159800,850607,7190,1010407,"Normal"
18,4,855,"petite","second",10,52,1034,9055,62,10089,698,6215,69131,943775,6913,1012906,"Normal"
18,5,855,"petite","second",5,64,570,9462,69,10032,387,6424,38012,981240,6811,1019252,"Normal"
18,6,850,"petite","second",5,60,497,9679,65,10176,323,6391,32249,977965,6714,1010214,"Normal"
41,1,890,"petite","second",53,32,5018,5080,85,10098,3732,4160,367168,642540,7892,1009708,"Normal"
41,2,870,"petite","second",29,42,3123,6881,71,10004,2265,5141,225272,778685,7406,1003957,"Normal"
41,3,865,"petite","second",19,49,2148,7930,68,10078,1506,5697,149238,873538,7203,1022776,"Normal"
41,4,855,"petite","second",12,50,1364,8910,62,10274,928,6027,92150,917848,6955,1009998,"Normal"
41,5,855,"petite","second",7,56,788,9372,63,10160,517,6420,52060,970519,6937,1022579,"Normal"
41,6,855,"petite","second",4,62,309,9730,66,10039,200,6593,20224,1006916,6793,1027140,"Normal"
40,1,890,"petite","second",53,33,5031,5081,86,10112,3815,4213,372498,643753,8028,1016251,"Normal"
40,2,865,"petite","second",25,48,2378,7625,73,10003,1695,5485,167144,838671,7180,1005815,"Normal"
40,3,855,"petite","second",8,54,931,9078,62,10009,620,6172,61961,938854,6792,1000815,"Normal"
40,4,850,"petite","second",3,59,233,9843,62,10076,149,6466,15076,991027,6615,1006103,"Normal"
6,1,890,"petite","second",51,34,5050,5091,85,10141,3808,4237,371897,643606,8045,1015503,"Normal"
6,2,870,"petite","second",25,45,2939,7107,70,10046,2165,5244,211105,804512,7409,1015617,"Normal"
6,3,860,"petite","second",17,45,1906,8223,62,10129,1323,5684,130211,875765,7007,1005976,"Normal"
6,4,855,"petite","second",8,56,1020,9179,64,10199,676,6267,68129,954151,6943,1022280,"Normal"
6,5,855,"petite","second",4,65,313,9696,69,10009,215,6563,20852,1004072,6778,1024924,"Normal"
6,6,850,"petite","second",1,61,232,9906,62,10138,154,6589,14890,1001248,6743,1016138,"Normal"
6,7,850,"petite","second",3,64,277,9731,67,10008,191,6434,17825,983663,6625,1001488,"Normal"
6,8,850,"petite","second",1,60,59,10069,61,10128,36,6689,3798,1014519,6725,1018317,"Normal"
46,1,890,"petite","second",54,34,5019,5035,88,10054,3816,4131,371684,636057,7947,1007741,"Normal"
46,2,875,"petite","second",36,40,3530,6522,76,10052,2666,5017,261235,765009,7683,1026244,"Normal"
46,3,860,"petite","second",14,58,1469,8567,72,10036,999,5968,99991,912495,6967,1012486,"Normal"
46,4,855,"petite","second",11,57,1058,8979,68,10037,696,6058,69950,930270,6754,1000220,"Normal"
46,5,855,"petite","second",7,56,946,9156,63,10102,625,6259,63349,952180,6884,1015529,"Normal"
46,6,855,"petite","second",4,53,402,9630,57,10032,265,6592,26458,1001527,6857,1027985,"Normal"
43,1,890,"petite","second",47,33,5064,5004,80,10068,3783,4139,372435,636676,7922,1009111,"Normal"
43,2,870,"petite","second",28,40,2709,7331,68,10040,1944,5443,193958,831074,7387,1025032,"Normal"
43,3,855,"petite","second",8,51,847,9158,59,10005,574,6279,56751,950758,6853,1007509,"Normal"
43,4,850,"petite","second",6,58,528,9617,64,10145,351,6393,34280,972031,6744,1006311,"Normal"
43,5,855,"petite","second",4,57,475,9592,61,10067,311,6542,31087,992924,6853,1024011,"Normal"
43,6,850,"petite","second",2,62,129,9945,64,10074,85,6642,8391,1005382,6727,1013773,"Normal"
43,7,850,"petite","second",1,65,91,9942,66,10033,52,6582,5799,1001275,6634,1007074,"Normal"
44,1,890,"petite","second",54,30,5060,5110,84,10170,3852,4142,376231,644140,7994,1020371,"Normal"
44,2,860,"petite","second",21,47,1905,8275,68,10180,1297,5757,129537,884003,7054,1013540,"Normal"
44,3,855,"petite","second",8,59,742,9385,67,10127,493,6372,49720,971631,6865,1021351,"Normal"
44,4,855,"petite","second",3,62,351,9698,65,10049,227,6588,22836,1005590,6815,1028426,"Normal"
44,5,850,"petite","second",2,60,288,9864,62,10152,194,6526,18969,992432,6720,1011401,"Normal"
2,1,890,"petite","second",51,31,5019,5153,82,10172,3769,4305,370711,653941,8074,1024652,"Normal"
2,2,870,"petite","second",30,40,3213,6900,70,10113,2405,5135,233329,776928,7540,1010257,"Normal"
2,3,865,"petite","second",19,53,1840,8171,72,10011,1313,5924,129312,898457,7237,1027769,"Normal"
2,4,850,"petite","second",2,57,224,9846,59,10070,145,6575,14556,993955,6720,1008511,"Normal"
2,5,855,"petite","second",4,56,364,9669,60,10033,256,6567,24152,1004634,6823,1028786,"Normal"
2,6,850,"petite","second",1,62,62,9979,63,10041,37,6583,4134,1007473,6620,1011607,"Normal"
2,7,845,"petite","second",1,67,137,10080,68,10217,89,6503,8730,991938,6592,1000668,"Normal"
48,1,890,"petite","second",52,34,5050,5052,86,10102,3799,4200,371872,639010,7999,1010882,"Normal"
48,2,865,"petite","second",29,41,2705,7527,70,10232,1920,5421,188821,826296,7341,1015117,"Normal"
48,3,865,"petite","second",18,52,2183,7880,70,10063,1551,5654,154135,868673,7205,1022808,"Normal"
48,4,855,"petite","second",12,55,1538,8660,67,10198,1042,5850,102922,899364,6892,1002286,"Normal"
48,5,855,"petite","second",4,61,439,9635,65,10074,278,6483,29155,999301,6761,1028456,"Normal"
48,6,850,"petite","second",4,61,398,9764,65,10162,265,6462,25902,984599,6727,1010501,"Normal"
48,7,855,"petite","second",3,59,454,9549,62,10003,300,6474,30754,988864,6774,1019618,"Normal"
48,8,850,"petite","second",2,64,213,9868,66,10081,142,6532,14394,993226,6674,1007620,"Normal"
10,1,885,"petite","second",49,34,5035,5148,83,10183,3747,4165,362738,637990,7912,1000728,"Normal"
10,2,870,"petite","second",31,45,3373,6823,76,10196,2405,5073,242118,769406,7478,1011524,"Normal"
10,3,865,"petite","second",18,49,2134,7894,67,10028,1510,5685,150176,867959,7195,1018135,"Normal"
10,4,860,"petite","second",18,47,1560,8507,65,10067,1079,5994,106313,911037,7073,1017350,"Normal"
10,5,860,"petite","second",13,54,1760,8421,67,10181,1227,5909,119808,900966,7136,1020774,"Normal"
10,6,860,"petite","second",11,53,1253,8794,64,10047,862,6108,84963,940447,6970,1025410,"Normal"
10,7,850,"petite","second",4,57,442,9783,61,10225,293,6463,28615,990966,6756,1019581,"Normal"
10,8,850,"petite","second",3,54,300,9846,57,10146,198,6457,19592,990514,6655,1010106,"Normal"
10,9,850,"petite","second",2,62,190,9846,64,10036,120,6478,12339,991940,6598,1004279,"Normal"
10,10,850,"petite","second",1,58,165,9894,59,10059,108,6517,10625,995913,6625,1006538,"Normal"
32,1,890,"petite","second",49,33,5033,5074,82,10107,3794,4215,370583,646467,8009,1017050,"Normal"
32,2,870,"petite","second",28,38,3144,6975,66,10119,2288,5157,227226,785120,7445,1012346,"Normal"
32,3,855,"petite","second",16,54,1491,8852,70,10343,1026,6012,99192,918485,7038,1017677,"Normal"
32,4,855,"petite","second",11,55,1088,8948,66,10036,726,6107,72232,933183,6833,1005415,"Normal"
32,5,855,"petite","second",8,55,682,9378,63,10060,478,6347,45201,966328,6825,1011529,"Normal"
32,6,855,"petite","second",4,56,467,9599,60,10066,322,6545,31179,995077,6867,1026256,"Normal"
32,7,850,"petite","second",1,60,68,10118,61,10186,45,6732,4450,1023179,6777,1027629,"Normal"
7,1,890,"petite","second",51,34,5042,5081,85,10123,3800,4269,373139,643913,8069,1017052,"Normal"
7,2,870,"petite","second",25,44,3015,7018,69,10033,2201,5169,214642,789639,7370,1004281,"Normal"
7,3,865,"petite","second",22,53,2337,7748,75,10085,1663,5589,164254,850249,7252,1014503,"Normal"
7,4,855,"petite","second",11,56,1123,8915,67,10038,735,6082,74220,928481,6817,1002701,"Normal"
7,5,850,"petite","second",2,58,222,9849,60,10071,141,6517,14391,992099,6658,1006490,"Normal"
7,6,855,"petite","second",3,64,269,9737,67,10006,188,6653,17798,1006297,6841,1024095,"Normal"
7,7,845,"petite","second",2,61,134,10181,63,10315,83,6558,8315,998640,6641,1006955,"Normal"
33,1,890,"petite","second",47,37,5010,5098,84,10108,3768,4290,367767,647930,8058,1015697,"Normal"
33,2,870,"petite","second",32,46,3385,6739,78,10124,2487,4968,242153,761139,7455,1003292,"Normal"
33,3,865,"petite","second",20,45,2376,7699,65,10075,1682,5602,167258,850648,7284,1017906,"Normal"
33,4,860,"petite","second",15,56,1532,8485,71,10017,1037,5906,104183,903682,6943,1007865,"Normal"
33,5,855,"petite","second",5,57,571,9503,62,10074,389,6496,37981,986324,6885,1024305,"Normal"
33,6,850,"petite","second",3,58,352,9735,61,10087,230,6424,22994,980217,6654,1003211,"Normal"
33,7,850,"petite","second",1,63,168,9859,64,10027,107,6511,10632,993283,6618,1003915,"Normal"
30,1,890,"petite","second",50,27,5090,5078,77,10168,3857,4228,375625,641170,8085,1016795,"Normal"
30,2,865,"petite","second",25,45,2550,7457,70,10007,1791,5391,179618,821304,7182,1000922,"Normal"
30,3,855,"petite","second",7,60,663,9407,67,10070,441,6396,43962,975181,6837,1019143,"Normal"
30,4,850,"petite","second",6,56,668,9469,62,10137,448,6293,43706,956510,6741,1000216,"Normal"
30,5,855,"petite","second",5,60,486,9520,65,10006,301,6507,32092,993951,6808,1026043,"Normal"
30,6,850,"petite","second",2,64,267,9795,66,10062,187,6467,17439,989397,6654,1006836,"Normal"
27,1,885,"petite","second",48,35,5048,5320,83,10368,3730,4273,363197,653833,8003,1017030,"Normal"
27,2,870,"petite","second",28,41,3039,7000,69,10039,2212,5174,219118,790865,7386,1009983,"Normal"
27,3,860,"petite","second",23,54,2259,7935,77,10194,1571,5570,154521,846165,7141,1000686,"Normal"
27,4,855,"petite","second",10,57,989,9082,67,10071,628,6193,65259,939863,6821,1005122,"Normal"
27,5,850,"petite","second",5,63,510,9646,68,10156,331,6341,33727,971708,6672,1005435,"Normal"
27,6,845,"petite","second",2,58,203,10095,60,10298,134,6512,12822,991296,6646,1004118,"Normal"
47,1,890,"petite","second",57,37,5063,5046,94,10109,3795,4121,373394,635198,7916,1008592,"Normal"
47,2,865,"petite","second",22,49,2088,7990,71,10078,1495,5699,147300,876769,7194,1024069,"Normal"
47,3,855,"petite","second",9,53,1153,9046,62,10199,768,6160,76119,939787,6928,1015906,"Normal"
47,4,850,"petite","second",3,57,401,9866,60,10267,254,6549,25847,994811,6803,1020658,"Normal"
49,1,890,"petite","second",53,35,5096,5014,88,10110,3895,4201,377172,637091,8096,1014263,"Normal"
49,2,865,"petite","second",25,42,2760,7342,67,10102,1952,5335,194508,807735,7287,1002243,"Normal"
49,3,860,"petite","second",14,51,1423,8653,65,10076,975,6014,97616,919111,6989,1016727,"Normal"
49,4,850,"petite","second",6,60,529,9592,66,10121,343,6355,34046,968672,6698,1002718,"Normal"
49,5,850,"petite","second",3,62,205,9884,65,10089,125,6550,13045,998319,6675,1011364,"Normal"
49,6,850,"petite","second",1,61,126,9884,62,10010,72,6519,7660,996499,6591,1004159,"Normal"
49,7,850,"petite","second",2,63,229,9800,65,10029,156,6517,14853,994253,6673,1009106,"Normal"
49,8,855,"petite","second",1,60,222,9801,61,10023,141,6653,14561,1014194,6794,1028755,"Normal"
49,9,850,"petite","second",2,62,184,9879,64,10063,114,6575,11837,993808,6689,1005645,"Normal"
49,10,850,"petite","second",2,66,293,9859,68,10152,191,6522,18718,993553,6713,1012271,"Normal"
49,11,850,"petite","second",1,63,132,9904,64,10036,84,6572,8702,998430,6656,1007132,"Normal"
24,1,890,"petite","second",52,33,5032,5171,85,10203,3785,4353,371130,652466,8138,1023596,"Normal"
24,2,865,"petite","second",18,44,2019,7992,62,10011,1431,5755,141272,877411,7186,1018683,"Normal"
24,3,860,"petite","second",13,48,1354,8686,61,10040,927,6135,91245,927789,7062,1019034,"Normal"
24,4,855,"petite","second",8,61,721,9296,69,10017,492,6311,47941,967289,6803,1015230,"Normal"
24,5,855,"petite","second",5,54,570,9430,59,10000,374,6395,37367,975451,6769,1012818,"Normal"
24,6,850,"petite","second",1,58,222,9804,59,10026,140,6516,14645,988947,6656,1003592,"Normal"
20,1,885,"petite","second",50,33,5035,5219,83,10254,3729,4219,364923,644570,7948,1009493,"Normal"
20,2,875,"petite","second",39,38,3949,6062,77,10011,2948,4633,291138,710608,7581,1001746,"Normal"
20,3,865,"petite","second",22,43,2537,7522,65,10059,1803,5445,178022,824271,7248,1002293,"Normal"
20,4,860,"petite","second",16,55,1557,8558,71,10115,1073,5997,106449,914712,7070,1021161,"Normal"
20,5,855,"petite","second",8,56,827,9213,64,10040,568,6292,54985,954210,6860,1009195,"Normal"
20,6,855,"petite","second",4,58,480,9540,62,10020,331,6500,32580,986865,6831,1019445,"Normal"
20,7,850,"petite","second",6,61,700,9518,67,10218,468,6304,45774,954933,6772,1000707,"Normal"
20,8,855,"petite","second",3,63,235,9770,66,10005,155,6583,15495,1008350,6738,1023845,"Normal"
20,9,855,"petite","second",3,55,444,9609,58,10053,293,6477,29221,996568,6770,1025789,"Normal"
20,10,855,"petite","second",3,57,343,9668,60,10011,226,6566,22812,1003747,6792,1026559,"Normal"
20,11,850,"petite","second",1,59,117,10084,60,10201,73,6638,7644,1012740,6711,1020384,"Normal"
26,1,890,"petite","second",54,37,5029,5109,91,10138,3770,4298,368799,652618,8068,1021417,"Normal"
26,2,865,"petite","second",20,50,2186,7890,70,10076,1531,5699,151464,867553,7230,1019017,"Normal"
26,3,855,"petite","second",9,56,1052,9006,65,10058,716,6074,70208,933855,6790,1004063,"Normal"
26,4,850,"petite","second",5,55,452,9803,60,10255,299,6472,29577,987241,6771,1016818,"Normal"
26,5,855,"petite","second",4,63,389,9636,67,10025,267,6558,26019,1001592,6825,1027611,"Normal"
26,6,850,"petite","second",4,63,400,9780,67,10180,253,6416,26328,984196,6669,1010524,"Normal"
26,7,845,"petite","second",1,60,70,10156,61,10226,46,6575,4249,997812,6621,1002061,"Normal"
26,8,850,"petite","second",2,62,122,9938,64,10060,88,6562,8107,1005728,6650,1013835,"Normal"
17,1,890,"petite","second",45,31,5065,5050,76,10115,3821,4153,375743,638284,7974,1014027,"Normal"
17,2,870,"petite","second",27,46,2843,7174,73,10017,2075,5328,203710,811187,7403,1014897,"Normal"
17,3,860,"petite","second",16,51,1447,8557,67,10004,997,5973,99188,912220,6970,1011408,"Normal"
17,4,850,"petite","second",6,58,753,9444,64,10197,493,6255,48456,954417,6748,1002873,"Normal"
17,5,850,"petite","second",1,53,68,9976,54,10044,42,6556,4408,1004363,6598,1008771,"Normal"
11,1,890,"petite","second",58,31,5135,5034,89,10169,3915,4267,377629,639926,8182,1017555,"Normal"
11,2,880,"petite","second",39,35,4221,5837,74,10058,3275,4593,321309,699143,7868,1020452,"Normal"
11,3,865,"petite","second",21,48,2158,7854,69,10012,1514,5656,150637,864105,7170,1014742,"Normal"
11,4,860,"petite","second",11,53,1133,8889,64,10022,782,6204,77823,946717,6986,1024540,"Normal"
11,5,850,"petite","second",4,62,420,9710,66,10130,277,6424,26760,977220,6701,1003980,"Normal"
11,6,850,"petite","second",2,61,180,9841,63,10021,123,6554,11556,991560,6677,1003116,"Normal"
11,7,845,"petite","second",1,59,81,10179,60,10260,50,6611,4996,1000914,6661,1005910,"Normal"
50,1,890,"petite","second",52,36,5017,5067,88,10084,3787,4194,372156,642172,7981,1014328,"Normal"
50,2,870,"petite","second",25,42,2719,7293,67,10012,1988,5390,195127,823604,7378,1018731,"Normal"
50,3,860,"petite","second",12,53,1085,8919,65,10004,747,6250,73353,947974,6997,1021327,"Normal"
50,4,855,"petite","second",5,52,525,9530,57,10055,342,6520,34283,988896,6862,1023179,"Normal"
50,5,855,"petite","second",3,63,387,9700,66,10087,274,6571,26079,999815,6845,1025894,"Normal"
50,6,850,"petite","second",2,60,307,9887,62,10194,197,6504,19579,995203,6701,1014782,"Normal"
13,1,885,"petite","second",52,33,5077,5198,85,10275,3769,4182,367601,637610,7951,1005211,"Normal"
13,2,870,"petite","second",33,40,3418,6808,73,10226,2462,4997,245422,767025,7459,1012447,"Normal"
13,3,855,"petite","second",15,52,1634,8583,67,10217,1101,5802,108325,892503,6903,1000828,"Normal"
13,4,855,"petite","second",6,53,622,9467,59,10089,415,6454,41801,983327,6869,1025128,"Normal"
13,5,850,"petite","second",2,61,134,9879,63,10013,89,6479,8826,993787,6568,1002613,"Normal"
13,6,850,"petite","second",1,57,170,9870,58,10040,113,6469,11048,995747,6582,1006795,"Normal"
13,7,850,"petite","second",1,59,126,10025,60,10151,81,6578,7897,1010085,6659,1017982,"Normal"
13,8,850,"petite","second",1,61,65,10073,62,10138,41,6698,4100,1016326,6739,1020426,"Normal"
