"date","strain","time_lapse_replicate","id_file","file_id","replicate","timepoint","LABEL","ID","TRACK_ID","QUALITY","POSITION_X","POSITION_Y","POSITION_Z","POSITION_T","FRAME","RADIUS","VISIBILITY","MANUAL_SPOT_COLOR","MEAN_INTENSITY_CH1","MEDIAN_INTENSITY_CH1","MIN_INTENSITY_CH1","MAX_INTENSITY_CH1","TOTAL_INTENSITY_CH1","STD_INTENSITY_CH1","CONTRAST_CH1","SNR_CH1","ELLIPSE_X0","ELLIPSE_Y0","ELLIPSE_MAJOR","ELLIPSE_MINOR","ELLIPSE_THETA","ELLIPSE_ASPECTRATIO","AREA","PERIMETER","CIRCULARITY","SOLIDITY","SHAPE_INDEX","minutes","division_id","spot_num","percentage_cell_cycle","division_number","dt_minutes","percentage_max_area","cell_id","mother_cell_id","mod_mother_cell_id","complete_cell_id","x_outward","y_outward","x_inward","y_inward","angle_to_bud_scar","num_div_parent","mother_displacement","angle_to_center"
"2022nov22","grande",6,"2022nov22_gob8_6","2022nov22_grande_6","ancestor","t0","ID2982",2982,5,961,42.5009595294756,83.8452083937797,0,16200,54,2.55973811772306,1,NA,10804.7513061651,10886,7443,13897,10340147,1647.22117557619,-0.947129688495402,-235.01221462183,0.012459577747185,0.0040116560119137,2.88383863962299,2.31253066016748,-0.476116906327795,1.24704882373933,20.5845294655446,16.6843404363979,0.929250326569671,0.986591026302217,3.67738051693878,270,"2022nov22_gob8_6_5_86",16,1,0,75,100,"grande_t0_6_2022nov22_0042","grande_t0_6_2022nov22_0024_1","grande_t0_6_2022nov22_0024","grande_t0_6_2022nov22_0042_0",41.2194085113133,84.5060853208189,43.7825105476379,83.1843314667405,4.41018717970247,0,0,0.371432995147758
"2022nov22","grande",6,"2022nov22_gob8_6","2022nov22_grande_6","ancestor","t0","ID2529",2529,5,1019,46.1123179099028,81.0415823203104,0,11400,38,2.6413963000879,1,NA,10574.4219823356,10560,6963,14069,10775336,1941.09583073932,-0.947191832738164,-195.423373294137,0.0112528990158045,0.0249919556750858,2.84436839441555,2.4893325190662,2.47496597221572,1.14262292105617,21.9188115636772,17.1193873112128,0.93983244109668,0.985963213939981,3.6566190379628,190,"2022nov22_gob8_6_5_48",15,1,0,80,100,"grande_t0_6_2022nov22_0024","grande_t0_6_2022nov22_0023_1","grande_t0_6_2022nov22_0023","grande_t0_6_2022nov22_0024_0",44.9946063032362,81.920973390944,47.2300295165694,80.1621912496768,18.5797284082529,0,0,14.4396201972109
"2022nov22","grande",6,"2022nov22_gob8_6","2022nov22_grande_6","ancestor","t0","ID2921",2921,5,316,37.8706098196955,86.2889134809762,0,18600,62,1.46778813728179,1,NA,11151.9047619048,11224,8771,12939,3512850,919.585179158975,-0.946981326525462,-433.211166081907,0.00319408927734708,-0.0004129854248753,1.69314199628587,1.28665144529126,-0.959901252451826,1.31592903616768,6.76825354617228,10.3535676169177,0.793426013443437,0.96177370030581,3.97971263948217,310,"2022nov22_gob8_6_5_111",8,1,0,35,59.2278719397364,"grande_t0_6_2022nov22_0063","grande_t0_6_2022nov22_0042_1","grande_t0_6_2022nov22_0042","grande_t0_6_2022nov22_0063_0",37.3850159531963,86.9823693568004,38.3562036861947,85.595457605152,4.38610802439438,0,0,0.543730319507182
"2022nov22","grande",6,"2022nov22_gob8_6","2022nov22_grande_6","ancestor","t0","ID2624",2624,7,1042,61.9577452145714,92.9295809984557,0,8700,29,2.67105410773438,1,NA,10131.7207293666,10060,6967,13126,10557253,1427.67508611726,-0.953061255096788,-288.186190981019,-0.00588234271960245,-0.0085198760080114,3.02060280671793,2.39577737947409,0.639984340678088,1.26080279102602,22.4137871807263,17.6508710304845,0.904050778705145,0.97610121836926,3.72827998770532,145,"2022nov22_gob8_6_7_31",8,1,0,70,97.7475363679023,"grande_t0_6_2022nov22_0019","grande_t0_6_2022nov22_0018_1","grande_t0_6_2022nov22_0018","grande_t0_6_2022nov22_0019_0",63.1691656870327,93.8315071417123,60.7463247421101,92.0276548551991,13.568296147489,0,0,16.0764840075826
"2022nov22","grande",6,"2022nov22_gob8_6","2022nov22_grande_6","ancestor","t0","ID2672",2672,7,1021,66.566995354964,98.0046464659205,0,13200,44,2.64851859743872,1,NA,10659.4572815534,10662,6885,14271,10979241,1929.98017674387,-0.95012401449496,-210.426797587855,-0.00342075409877261,0.00152597084103524,2.99383874658023,2.35746982589789,0.975391140329078,1.26993724954251,22.0371752981889,17.4238326498973,0.912175509665767,0.978967495219885,3.71163898794515,220,"2022nov22_gob8_6_7_60",9,1,0,70,97.2459639126306,"grande_t0_6_2022nov22_0031","grande_t0_6_2022nov22_0019_1","grande_t0_6_2022nov22_0019","grande_t0_6_2022nov22_0031_0",67.4065339977101,99.2439779298426,65.7274567122179,96.7653150019984,8.8289677321129,0,0,11.0854013873803
"2022nov22","grande",6,"2022nov22_gob8_6","2022nov22_grande_6","ancestor","t0","ID4129",4129,151,741,28.279402222783,41.6810277156506,0,32700,109,2.25680239965349,1,NA,11020.4013422819,11214,7536,14200,8210199,1466.48408855584,-0.945813831105228,-262.341662092928,0.00584370327580909,0.0402985797956191,3.05061573146664,1.7101800180243,1.33299350251654,1.78379802086034,16.0006248380893,15.5095026705656,0.835893720676815,0.978289473684211,3.87729995948371,545,"2022nov22_gob8_6_151_214",16,1,0,85,81.2124522119061,"grande_t0_6_2022nov22_0110","grande_t0_6_2022nov22_0096_1","grande_t0_6_2022nov22_0096","grande_t0_6_2022nov22_0110_0",27.9200887219122,40.1986452098985,28.6387157236538,43.1634102214027,15.9395382604079,0,0,17.8128925067866
"2022nov22","grande",6,"2022nov22_gob8_6","2022nov22_grande_6","ancestor","t0","ID3154",3154,151,1108,56.5163001201965,42.8791067651452,0,19800,66,2.75687263009029,1,NA,7705.34414414414,7830,5867,10290,8552932,946.978916403452,-0.965767995223657,-459.115760199357,-0.0187228073141478,0.0417415873124736,3.13584395280285,2.51977736177077,-0.960085715272852,1.24449247000106,23.8771933528717,18.7646245715708,0.852144765705953,0.96520226185298,3.84015046865541,330,"2022nov22_gob8_6_151_124",16,1,0,75,100,"grande_t0_6_2022nov22_0060","grande_t0_6_2022nov22_0040_1","grande_t0_6_2022nov22_0040","grande_t0_6_2022nov22_0060_0",57.4154246118255,41.5946012289036,55.6171756285675,44.1636123013868,17.2974633158002,0,0,19.2122704708354
"2022nov22","grande",6,"2022nov22_gob8_6","2022nov22_grande_6","ancestor","t0","ID2307",2307,151,1030,49.9363021410354,57.4764883553773,0,6000,20,2.65497683330714,1,NA,8558.98062015504,8492,6844,10434,8832868,827.420313962447,-0.961340765306649,-514.458048589284,0.00991466046517662,0.00289458658605261,2.7684676414839,2.58607894423167,2.02229107376113,1.07052711892615,22.1447786931996,17.5807852428803,0.900336113961837,0.980466888994759,3.73596325971246,100,"2022nov22_gob8_6_151_16",14,1,0,65,100,"grande_t0_6_2022nov22_0006","grande_t0_6_2022nov22_0005_1","grande_t0_6_2022nov22_0005","grande_t0_6_2022nov22_0006_0",50.5402585673597,56.2309603927898,49.3323457147111,58.7220163179648,0.21322478267468,0,0,3.29212786152488
"2022nov22","grande",6,"2022nov22_gob8_6","2022nov22_grande_6","ancestor","t0","ID3391",3391,151,1057,44.995513252782,47.8641373462413,0,23100,77,2.69149288770842,1,NA,7831.32230623818,7902,6392,10302,8285539,707.432761275045,-0.965408357824617,-617.902283452942,0.00993511903358621,0.00905059812626371,3.05508752262506,2.40693375210141,0.591593232285826,1.26928608648151,22.7581180447605,17.4892038791637,0.934988197393266,0.989242282507016,3.66607940828269,385,"2022nov22_gob8_6_151_149",13,1,0,70,100,"grande_t0_6_2022nov22_0076","grande_t0_6_2022nov22_0056_1","grande_t0_6_2022nov22_0056","grande_t0_6_2022nov22_0076_0",43.7275706464614,47.012250329201,46.2634558591025,48.7160243632816,82.2562862617259,0,0,80.8210829330878
"2022nov22","grande",6,"2022nov22_gob8_6","2022nov22_grande_6","ancestor","t0","ID3419",3419,151,968,31.9061570989533,56.8514890044937,0,24000,80,2.57241842586314,1,NA,10844.2991718426,11242,6588,13949,10475593,1929.74818796461,-0.947967428618616,-204.761815314779,0.00735924802336066,0.00424312656830002,2.8980022966785,2.30465824274966,0.261590436674983,1.2574542476289,20.7889759160649,17.0670544361676,0.896862391099441,0.975757575757576,3.74319132452078,400,"2022nov22_gob8_6_151_160",9,1,0,70,100,"grande_t0_6_2022nov22_0081","grande_t0_6_2022nov22_0059_1","grande_t0_6_2022nov22_0059","grande_t0_6_2022nov22_0081_0",30.506451135254,56.47675237288,33.3058630626526,57.2262256361074,23.6128908839579,0,0,19.0654306540723
"2022nov22","grande",6,"2022nov22_gob8_6","2022nov22_grande_6","ancestor","t0","ID4480",4480,151,441,38.3299927883644,25.8661745781493,0,41100,137,1.7262260930826,1,NA,7665.66438356164,7719,6111,9490,3357561,780.418405154474,-0.966340240353497,-563.989927742106,-0.00359417015382129,0.0345521858794248,1.82628781833623,1.70992113765253,0.548185700236222,1.06805382898738,9.36149536592987,11.1755177998619,0.941932499125107,0.986394557823129,3.6525405094389,685,"2022nov22_gob8_6_151_230",22,1,0,125,77.4710596616207,"grande_t0_6_2022nov22_0124","grande_t0_6_2022nov22_0109_1","grande_t0_6_2022nov22_0109","grande_t0_6_2022nov22_0124_0",37.5506505506528,25.3902990950978,39.109335026076,26.3420500612008,28.2941475953446,0,0,23.3838966385782
"2022nov22","grande",6,"2022nov22_gob8_6","2022nov22_grande_6","ancestor","t0","ID2462",2462,151,915,46.4949513941119,59.7696847869851,0,10200,34,2.50222377571716,1,NA,9610.11159737418,9819,6942,12303,8783642,1513.72053940997,-0.954623461072415,-267.124338098138,0.0387259178024824,0.0595797125957623,3.01244735576441,2.18256721563791,1.23144999695437,1.38023119479688,19.6699006079538,16.860375755374,0.869515906193244,0.967195767195767,3.80159779001253,170,"2022nov22_gob8_6_151_43",14,1,0,70,100,"grande_t0_6_2022nov22_0021","grande_t0_6_2022nov22_0005_2","grande_t0_6_2022nov22_0005","grande_t0_6_2022nov22_0021_0",45.9935735581431,58.3493573481837,46.9963292300807,61.1900122257865,154.373420488663,1,2.35747199248625,94.3211705865532
"2022nov22","grande",6,"2022nov22_gob8_6","2022nov22_grande_6","ancestor","t0","ID3577",3577,151,935,45.75443463403,44.8799062257684,0,27000,90,2.53823862416127,1,NA,8974.9797657082,9061,6393,11592,8427506,1175.38000506498,-0.959840864407746,-365.006043128701,0.00462084184720327,-0.0122320845608477,2.66646915247927,2.46814353831881,0.408807291038187,1.08035416542085,20.2401986015104,16.5773786280772,0.925535155913888,0.980709071949948,3.68475377195037,450,"2022nov22_gob8_6_151_182",7,1,0,65,90.9134847752538,"grande_t0_6_2022nov22_0091","grande_t0_6_2022nov22_0056_2","grande_t0_6_2022nov22_0056","grande_t0_6_2022nov22_0091_0",44.5310644593782,44.3499252345495,46.9778048086818,45.4098872169873,44.1364703461487,1,0.426881721990317,52.6884174129115
"2022nov22","grande",6,"2022nov22_gob8_6","2022nov22_grande_6","ancestor","t0","ID2641",2641,151,1191,51.5157128539679,53.9086423146243,0,10500,35,2.85753248475881,1,NA,8285.02763819096,8257,6467,10115,9892323,824.236777238295,-0.96257826235901,-517.111348281281,0.00633117564937357,-0.00232995490686757,3.17011539920252,2.61152211944791,-1.42183391588579,1.21389567241066,25.652649370548,18.6305293473154,0.928734759034461,0.98431048720066,3.67840108548174,175,"2022nov22_gob8_6_151_45",15,1,0,70,100,"grande_t0_6_2022nov22_0022","grande_t0_6_2022nov22_0006_1","grande_t0_6_2022nov22_0006","grande_t0_6_2022nov22_0022_0",51.7509546181868,52.3411381763738,51.2804710897489,55.4761464528748,8.03115734748637,0,0,1.99077475849759
"2022nov22","grande",6,"2022nov22_gob8_6","2022nov22_grande_6","ancestor","t0","ID3677",3677,151,993,51.3857685340914,42.8281383887748,0,24900,83,2.61008975648494,1,NA,8521.3635448137,8464,7281,10468,8461714,506.879866788141,-0.960948036996896,-827.353451256421,0.040813909236751,0.0160349234544238,2.85319523933806,2.44487363310003,1.25113978345552,1.16701133371883,21.4023152676259,16.9947201725361,0.931199180324998,0.986607142857143,3.67353041129377,415,"2022nov22_gob8_6_151_165",17,1,0,95,100,"grande_t0_6_2022nov22_0078","grande_t0_6_2022nov22_0040_2","grande_t0_6_2022nov22_0040","grande_t0_6_2022nov22_0078_0",50.9374737550544,41.473807351128,51.8340633131284,44.1824694264216,27.3444321088135,1,1.38689716625971,27.4520669735554
"2022nov22","grande",6,"2022nov22_gob8_6","2022nov22_grande_6","ancestor","t0","ID3694",3694,151,867,33.4093684990748,52.1151024039687,0,27300,91,2.43984893056817,1,NA,10573.9493670886,10825,7210,12490,9188762,1325.85438577246,-0.950498511978801,-306.270085526315,-0.0124830870576199,-0.00530897155646497,2.68907911277841,2.23923097829,0.802953253980253,1.20089402962438,18.7014700528576,15.8292139654123,0.937922406535585,0.9875,3.66034041007391,455,"2022nov22_gob8_6_151_184",9,1,0,60,90.7571801566579,"grande_t0_6_2022nov22_0096","grande_t0_6_2022nov22_0059_2","grande_t0_6_2022nov22_0059","grande_t0_6_2022nov22_0096_0",32.4754713037886,51.1478265139912,34.343265694361,53.0823782939462,59.0257634515602,1,1.24380386823279,55.4392681438105
"2022nov22","grande",6,"2022nov22_gob8_6","2022nov22_grande_6","ancestor","t0","ID3778",3778,151,480,40.0187428712137,45.9505030521844,0,25800,86,1.81237204286728,1,NA,7357.84759916493,7444,5910,9364,3524409,766.301269554744,-0.965955799908881,-544.873089035877,0.00259594375792257,0.00929887689682261,1.9565112327312,1.72868904594612,-0.309041639143494,1.13178899196436,10.319165581525,11.83494111349,0.92581079949798,0.981576253838281,3.68420519639474,430,"2022nov22_gob8_6_151_170",7,1,0,40,99.5846313603323,"grande_t0_6_2022nov22_0094","grande_t0_6_2022nov22_0076_1","grande_t0_6_2022nov22_0076","grande_t0_6_2022nov22_0094_0",39.0868316365421,46.2480354061288,40.9506541058853,45.65297069824,5.23208933170662,0,0,12.8633809158141
"2022nov22","grande",6,"2022nov22_gob8_6","2022nov22_grande_6","ancestor","t0","ID2764",2764,151,1147,53.303093142021,48.7454650269092,0,15000,50,2.80368614579524,1,NA,8018.89441535777,7947,6547,9702,9189653,744.414763377144,-0.964290352333671,-581.7705993919,0.0133818813688423,0.00168007210133638,3.02907030402567,2.62672922585688,-1.40501148140102,1.15317188928659,24.6949791549529,18.4192735107001,0.914689164135833,0.98035027765912,3.70653550749224,250,"2022nov22_gob8_6_151_81",15,1,0,70,100,"grande_t0_6_2022nov22_0040","grande_t0_6_2022nov22_0022_1","grande_t0_6_2022nov22_0022","grande_t0_6_2022nov22_0040_0",53.5530315261318,47.2516954560481,53.0531547579102,50.2392345977703,14.198236194884,0,0,10.5598292102982
"2022nov22","grande",6,"2022nov22_gob8_6","2022nov22_grande_6","ancestor","t0","ID2768",2768,151,1201,42.2754862840821,60.4356804127054,0,15000,50,2.8730724120601,1,NA,9857.39386401327,10013,6803,11990,11888017,1261.54673420557,-0.951895011860136,-309.23432940229,-0.000200316124532355,-0.00301045127644412,3.30933019586038,2.53459531763234,0.00686773607025238,1.30566413219439,25.9324181975758,18.8523828986428,0.916896630881708,0.985685071574642,3.70207099961031,250,"2022nov22_gob8_6_151_80",16,1,0,75,96.826034552029,"grande_t0_6_2022nov22_0039","grande_t0_6_2022nov22_0021_1","grande_t0_6_2022nov22_0021","grande_t0_6_2022nov22_0039_0",40.620860207799,60.4243166988584,43.9301123603652,60.4470441265524,85.3506153443354,0,0,79.5263912960971
"2022nov22","grande",6,"2022nov22_gob8_6","2022nov22_grande_6","ancestor","t0","ID2896",2896,151,901,48.9656515579213,50.247432795172,0,18600,62,2.48505447882278,1,NA,8407.5138427464,8351,6739,10113,7591985,649.950681718436,-0.961832016279321,-651.954359941456,0.0129295863501548,-0.00807496708123845,2.63232925729493,2.41440848119903,-1.19035462520623,1.09025845369284,19.4008921204271,16.2361232314168,0.924840600274124,0.979359043997827,3.68613713800853,310,"2022nov22_gob8_6_151_112",13,1,0,60,100,"grande_t0_6_2022nov22_0056","grande_t0_6_2022nov22_0022_2","grande_t0_6_2022nov22_0022","grande_t0_6_2022nov22_0056_0",49.4543837932133,49.025373004536,48.4769193226293,51.469492585808,59.7819350953019,1,0.579189308026551,43.392433003575
"2022nov22","grande",6,"2022nov22_gob8_6","2022nov22_grande_6","ancestor","t0","ID3997",3997,151,1036,40.700629203859,33.065708889363,0,33300,111,2.66463483840204,1,NA,8830.70502901354,8776,7097,11714,9130949,735.213538883664,-0.961753246356961,-604.061227057101,-0.026085820442523,0.00522933941270658,3.00129023759898,2.42878336316741,0.844575497713693,1.23571755435814,22.3061837857156,17.5017380747132,0.915108901914701,0.984798099762471,3.70568536199726,555,"2022nov22_gob8_6_151_218",15,1,0,100,98.5266159695818,"grande_t0_6_2022nov22_0109","grande_t0_6_2022nov22_0091_1","grande_t0_6_2022nov22_0091","grande_t0_6_2022nov22_0109_0",39.7041277063518,31.943692606931,41.6971307013662,34.187725171795,45.7970880779249,0,0,43.4170919781538
"2022nov22","grande",6,"2022nov22_gob8_6","2022nov22_grande_6","ancestor","t0","ID3031",3031,151,1057,36.8960736756756,59.5664056013354,0,19500,65,2.68894653625123,1,NA,10610.0208333333,10839,7048,13282,11204182,1459.01009210171,-0.94752087686637,-262.597238158435,-0.0265294285823609,0.0468697843376299,3.44944182261469,2.18499843388682,0.165532639070317,1.57869304120214,22.7150766867563,18.702620375094,0.816054481344877,0.968793024323084,3.92414778740331,325,"2022nov22_gob8_6_151_119",15,1,0,70,91.7427205562799,"grande_t0_6_2022nov22_0059","grande_t0_6_2022nov22_0039_1","grande_t0_6_2022nov22_0039","grande_t0_6_2022nov22_0059_0",35.1949284432565,59.2822100346592,38.5972189080948,59.8506011680116,8.6444764987577,0,0,8.78575004424605
"2022nov22","grande",6,"2022nov22_gob8_6","2022nov22_grande_6","ancestor","t0","ID2692",2692,152,1034,77.0655030009992,68.0906269686787,0,12900,43,2.6639920607209,1,NA,10361.8445945946,10218,6885,13893,10734871,1815.46846537545,-0.950842860362407,-220.800730668233,-0.0137496802585293,0.0068311235332699,2.92566793308073,2.46163385010343,-0.572224478266068,1.18850654127859,22.2954234462146,17.4771028844167,0.917247852047238,0.98292220113852,3.70136215620404,215,"2022nov22_gob8_6_152_54",12,1,0,70,100,"grande_t0_6_2022nov22_0029","grande_t0_6_2022nov22_0008_1","grande_t0_6_2022nov22_0008","grande_t0_6_2022nov22_0029_0",78.2953053127615,67.2984972522506,75.8357006892369,68.8827566851068,13.3475288078164,0,0,17.1905026414056
"2022nov22","grande",6,"2022nov22_gob8_6","2022nov22_grande_6","ancestor","t0","ID2576",2576,152,1109,70.1647380510282,70.2388252610031,0,8400,28,2.75811474442684,1,NA,10404.9738738739,10213,6663,14184,11549521,1803.44974859572,-0.951040835189479,-224.146575587982,-0.0376222322422889,0.0126817427224291,3.01788425707395,2.58180123695435,-0.00175908608816568,1.16890650367572,23.8987140318738,18.0973831370302,0.916965159684842,0.981874447391689,3.70193266107464,140,"2022nov22_gob8_6_152_28",16,1,0,75,100,"grande_t0_6_2022nov22_0008","grande_t0_6_2022nov22_0007_1","grande_t0_6_2022nov22_0007","grande_t0_6_2022nov22_0008_0",71.6736778449427,70.2361709032659,68.6557982571137,70.2414796187403,10.3563353790107,0,0,8.69423570850461
"2022nov22","grande",6,"2022nov22_gob8_6","2022nov22_grande_6","ancestor","t0","ID2913",2913,152,1291,83.9884607562889,63.9763095564503,0,18600,62,2.97498174613369,1,NA,10681.8808049536,10472,7122,14272,13800990,1874.88759314883,-0.94933220370655,-213.495480402025,-0.0155887642520271,0.000387165211751042,3.32299491886389,2.68981362836417,-0.744063645394204,1.23539968859656,27.8047172707618,19.7266858330484,0.897883707682906,0.97915877226222,3.74106183319918,310,"2022nov22_gob8_6_152_109",16,1,0,90,98.1017463933183,"grande_t0_6_2022nov22_0045","grande_t0_6_2022nov22_0029_1","grande_t0_6_2022nov22_0029","grande_t0_6_2022nov22_0045_0",85.2108616581722,62.8510052230482,82.7660598544056,65.1016138898524,5.11636048708039,0,0,2.06300957903532
"2022nov22","grande",6,"2022nov22_gob8_6","2022nov22_grande_6","ancestor","t0","ID3439",3439,152,828,91.4145245400246,59.1895529485897,0,23400,78,2.38015808695061,1,NA,11137.0413122722,11252,7787,13573,9165785,1543.57384338102,-0.947699891783794,-261.481314312701,-0.0108286770071895,0.0164255796328911,2.77232060909176,2.0732122110624,2.65871906476315,1.33721024519295,17.7976015347678,15.7829428342371,0.897832612038105,0.980438648488442,3.74116828358008,390,"2022nov22_gob8_6_152_154",9,1,0,75,91.079295154185,"grande_t0_6_2022nov22_0075","grande_t0_6_2022nov22_0045_1","grande_t0_6_2022nov22_0045","grande_t0_6_2022nov22_0075_0",92.6421972343727,58.5459225069146,90.1868518456765,59.8331833902648,8.87216242258098,0,0,9.82633684974577
"2022nov22","grande",6,"2022nov22_gob8_6","2022nov22_grande_6","ancestor","t0","ID4195",4195,166,1024,108.844556744798,95.7389907856241,0,36000,120,2.64722505958503,1,NA,7453.974609375,7512,5181,10586,7632870,1224.03158894409,-0.963302928794274,-319.71039343577,0.0030212696161874,-0.00861753500446292,2.85746373167672,2.48234240179001,-1.28335821934898,1.15111586927581,22.0156546191868,17.4141796610468,0.912295275858226,0.977544194935499,3.71139534782581,600,"2022nov22_gob8_6_166_227",45,1,0,235,81.0618066561014,"grande_t0_6_2022nov22_0085","grande_t0_6_2022nov22_0065_1","grande_t0_6_2022nov22_0065","grande_t0_6_2022nov22_0085_0",108.439516444919,97.1091065106401,109.249597044677,94.3688750606081,41.0872529094766,0,0,37.2046598664704
"2022nov22","grande",6,"2022nov22_gob8_6","2022nov22_grande_6","ancestor","t0","ID3180",3180,166,569,91.1742923845927,70.2339501925228,0,19800,66,1.97167795837417,1,NA,10626.2907801418,10781,7285,13129,5993228,1564.71533017908,-0.952109475513246,-270.031014427313,-0.00898691184587454,0.0085201421986939,2.07263266153486,1.93302732671,-1.38507035560689,1.07222108704612,12.2129853337131,13.1189381074294,0.891731962231132,0.971746575342465,3.75394378984825,330,"2022nov22_gob8_6_166_122",5,1,0,25,97.2579263067692,"grande_t0_6_2022nov22_0071","grande_t0_6_2022nov22_0047_1","grande_t0_6_2022nov22_0047","grande_t0_6_2022nov22_0071_0",91.3656586291058,69.2154559618684,90.9829261400796,71.2524444231772,2.22261800775034,0,0,7.65111676117955
"2022nov22","grande",6,"2022nov22_gob8_6","2022nov22_grande_6","ancestor","t0","ID3247",3247,166,1009,93.8331448131377,80.3840646046049,0,17700,59,2.63035118047116,1,NA,10576.6237623762,10661,7083,12923,10682390,1486.34011271102,-0.951481392913464,-279.094210884612,-0.00267643103516716,0.0100511728245104,2.93504553390732,2.40564241169873,0.0458688278279393,1.22006725506421,21.735885792159,17.1241453712378,0.931471122601723,0.982968369829684,3.67299412996227,295,"2022nov22_gob8_6_166_99",15,1,0,75,100,"grande_t0_6_2022nov22_0048","grande_t0_6_2022nov22_0030_1","grande_t0_6_2022nov22_0030","grande_t0_6_2022nov22_0048_0",95.2991240539471,80.451354552169,92.3671655723283,80.3167746570408,7.27864823508788,0,0,6.7838478344351
"2022nov22","grande",6,"2022nov22_gob8_6","2022nov22_grande_6","ancestor","t0","ID3283",3283,166,1271,89.8498566386223,86.7375171030339,0,21600,72,2.94663967769667,1,NA,8985.97005516154,9120,6759,11887,11403196,937.922647048828,-0.960842435671062,-470.180318277899,-0.0134199012277499,-0.0469088082768135,3.26636191236615,2.72638003775825,1.09188933335197,1.19805818232586,27.2774606352094,19.1665169938381,0.933098313851842,0.984083850931677,3.66979014185652,360,"2022nov22_gob8_6_166_131",8,1,0,75,94.2028985507245,"grande_t0_6_2022nov22_0065","grande_t0_6_2022nov22_0046_1","grande_t0_6_2022nov22_0046","grande_t0_6_2022nov22_0065_0",90.6024417892309,88.186963765289,89.0972714880137,85.2880704407788,55.3533936407548,0,0,47.5022090180781
"2022nov22","grande",6,"2022nov22_gob8_6","2022nov22_grande_6","ancestor","t0","ID4584",4584,166,249,127.898011750764,98.3590145045226,0,42600,142,1.30471677141685,1,NA,8052.04417670683,8005,5576,10585,2004959,1279.45024187252,-0.963822336742552,-335.327536799923,-0.0369711327173711,-0.0826403668215133,1.42039647918447,1.33288226179953,1.43265282291111,1.0656578753376,5.34788873203117,8.55662688723788,0.917882388139092,0.995991983967936,3.70008255112855,710,"2022nov22_gob8_6_166_232",15,1,0,135,92.8971962616815,"grande_t0_6_2022nov22_0126","grande_t0_6_2022nov22_0114_1","grande_t0_6_2022nov22_0114","grande_t0_6_2022nov22_0126_0",127.99580927484,99.0624469346852,127.800214226688,97.65558207436,37.2763036104537,0,0,34.3488909520143
"2022nov22","grande",6,"2022nov22_gob8_6","2022nov22_grande_6","ancestor","t0","ID3585",3585,166,1102,102.218164581789,73.1063531045223,0,27000,90,2.75749375719744,1,NA,10345.4810810811,10315,7767,13231,11483484,1351.53761851735,-0.954690882859873,-322.5742702344,-0.0126037584456311,0.00497840110895703,2.89790838800799,2.65313280600108,2.26328333228404,1.09225907630905,23.8879536923728,17.9009608802624,0.936776797809327,0.985352862849534,3.66257788899022,450,"2022nov22_gob8_6_166_179",8,1,0,70,100,"grande_t0_6_2022nov22_0088","grande_t0_6_2022nov22_0067_1","grande_t0_6_2022nov22_0067","grande_t0_6_2022nov22_0088_0",103.143254175404,71.9911502081363,101.293074988174,74.2215560009083,59.068053419622,0,0,54.544636169535
"2022nov22","grande",6,"2022nov22_gob8_6","2022nov22_grande_6","ancestor","t0","ID3590",3590,166,1121,107.385227058286,79.9825217936126,0,27000,90,2.76988705001134,1,NA,11016.6505808758,10931,6569,15150,12327632,1787.98134952262,-0.949534135836305,-231.861934057865,-0.0829311434516884,0.0797239505239937,3.2806417032969,2.47680496417177,2.67350331928912,1.32454583657294,24.1031604823941,18.6605422636652,0.869831911464228,0.974760661444735,3.80090717723291,450,"2022nov22_gob8_6_166_176",11,1,0,70,100,"grande_t0_6_2022nov22_0089","grande_t0_6_2022nov22_0048_2","grande_t0_6_2022nov22_0048","grande_t0_6_2022nov22_0089_0",108.849101834837,79.2424385990121,105.921352281735,80.7226049882131,1.02389322720051,1,3.71870971177665,4.32524488661771
"2022nov22","grande",6,"2022nov22_gob8_6","2022nov22_grande_6","ancestor","t0","ID3616",3616,166,1131,94.6590669042206,77.0033048207348,0,22500,75,2.78960179738271,1,NA,10237.6258802817,10109,6307,13922,11629943,1969.85826364585,-0.953087457291487,-211.172836391424,-0.000812165183239926,0.0445984177272248,2.93037842997316,2.72053408104142,1.71361382836358,1.07713351227396,24.4474913464284,18.2580200902679,0.921587984492964,0.984402079722704,3.69263626113215,375,"2022nov22_gob8_6_166_138",16,1,0,80,100,"grande_t0_6_2022nov22_0067","grande_t0_6_2022nov22_0030_2","grande_t0_6_2022nov22_0030","grande_t0_6_2022nov22_0067_0",94.8676109367451,75.5530328385841,94.4505228716961,78.4535768028855,18.0259053609495,1,2.73208972451392,25.6029358863107
"2022nov22","grande",6,"2022nov22_gob8_6","2022nov22_grande_6","ancestor","t0","ID2593",2593,166,1062,76.9932230328634,78.5580382980359,0,8400,28,2.70228811308066,1,NA,10071.8358348968,10019,7341,12306,10736577,1363.50877331334,-0.9531850086456,-300.796620903097,-0.0062364068378927,-0.00105225492746411,3.06237081768307,2.41288050823314,0.302754381986876,1.26917632565465,22.9410438162787,17.8240603120671,0.907422936108539,0.975297346752058,3.72134603853585,140,"2022nov22_gob8_6_166_29",16,1,0,75,99.5331465919702,"grande_t0_6_2022nov22_0012","grande_t0_6_2022nov22_0011_1","grande_t0_6_2022nov22_0011","grande_t0_6_2022nov22_0012_0",78.4547684308214,79.014561907455,75.5316776349054,78.1015146886168,18.0722270057866,0,0,16.2796935835822
"2022nov22","grande",6,"2022nov22_gob8_6","2022nov22_grande_6","ancestor","t0","ID3621",3621,166,958,103.135148923324,82.6515009461459,0,22500,75,2.56975408705827,1,NA,10321.8902691511,10318,7285,12258,9970946,1287.73032704854,-0.952980927412439,-324.918515130989,-0.0135742009553706,-0.00642260749770851,2.90405982495668,2.30237199530611,0.221526483982993,1.26133388995229,20.7459345580607,16.6442382985489,0.941055023881736,0.989733059548255,3.65424299602058,375,"2022nov22_gob8_6_166_136",16,1,0,75,100,"grande_t0_6_2022nov22_0070","grande_t0_6_2022nov22_0048_1","grande_t0_6_2022nov22_0048","grande_t0_6_2022nov22_0070_0",104.551695854452,82.9705395937144,101.718601992196,82.3324622985774,11.2509866532083,0,0,11.0710502556973
"2022nov22","grande",6,"2022nov22_gob8_6","2022nov22_grande_6","ancestor","t0","ID3649",3649,166,1002,113.456016559054,86.1838276093877,0,28200,94,2.62056682722989,1,NA,9401.571,9454,6181,11987,9401571,1311.36473050613,-0.95860467573712,-332.043651277253,-0.00770640572245165,-0.0185626652999915,3.04469914197401,2.29514084239237,0.789313945900652,1.32658488130094,21.574480699643,17.1952951719101,0.916918941758552,0.987198424421467,3.70202595912263,470,"2022nov22_gob8_6_166_190",15,1,0,90,99.553128103277,"grande_t0_6_2022nov22_0087","grande_t0_6_2022nov22_0070_1","grande_t0_6_2022nov22_0070","grande_t0_6_2022nov22_0087_0",114.528256824178,87.2644982484499,112.38377629393,85.1031569703255,2.15415024603779,0,0,6.20102667659207
"2022nov22","grande",6,"2022nov22_gob8_6","2022nov22_grande_6","ancestor","t0","ID2696",2696,166,1060,78.6436380607267,75.4110508001714,0,12900,43,2.69721338914109,1,NA,10395.1553672316,10406,6284,14178,11039655,2069.0907083641,-0.950801887547839,-194.188293109167,-0.0204963302508095,0.208274381263292,3.0538196902766,2.62649107503649,2.43808225783118,1.16269943549463,22.8549611002702,18.0221768385397,0.884251605229209,0.984700973574408,3.7697886589528,215,"2022nov22_gob8_6_166_56",12,1,0,80,100,"grande_t0_6_2022nov22_0027","grande_t0_6_2022nov22_0011_2","grande_t0_6_2022nov22_0011","grande_t0_6_2022nov22_0027_0",79.8080228938936,74.4232949419396,77.4792532275598,76.3988066584031,0.733387193471466,1,1.83368169689418,8.3599934865097
"2022nov22","grande",6,"2022nov22_gob8_6","2022nov22_grande_6","ancestor","t0","ID2699",2699,166,979,84.733584212107,80.375585840383,0,12900,43,2.59495485909568,1,NA,10034.4178498986,10137,6828,12379,9893936,1428.70112245544,-0.953514939291101,-288.134253783518,-0.00134401548463687,-0.000895329218548031,2.94581296626288,2.33610845991791,0.119332257719031,1.26099152364116,21.1548274591013,16.9071968416819,0.929985406653065,0.991427130610187,3.67592689007033,215,"2022nov22_gob8_6_166_57",14,1,0,70,99.7463216641298,"grande_t0_6_2022nov22_0030","grande_t0_6_2022nov22_0012_1","grande_t0_6_2022nov22_0012","grande_t0_6_2022nov22_0030_0",86.1960159019299,80.5509342383012,83.2711525222841,80.2002374424648,2.68741288417826,0,0,4.13208018175123
"2022nov22","grande",6,"2022nov22_gob8_6","2022nov22_grande_6","ancestor","t0","ID4836",4836,166,1140,136.100129125743,87.2383304981555,0,47700,159,2.79450875244575,1,NA,8392.91476274165,8316,6081,11407,9551137,1057.42913821685,-0.965829988595411,-448.6907297518,0.00630007122208213,0.00320859782129241,3.00634240301784,2.6368828084079,0.869193377439716,1.14011225429962,24.5335740624369,18.4301965575287,0.907633989322394,0.977701543739279,3.72091334886498,795,"2022nov22_gob8_6_166_236",38,1,0,235,88.6125145744268,"grande_t0_6_2022nov22_0123","grande_t0_6_2022nov22_0113_1","grande_t0_6_2022nov22_0113","grande_t0_6_2022nov22_0123_0",137.070340248665,88.3864655241883,135.129918002821,86.0901954721227,51.5879305257899,0,0,48.1280171461117
"2022nov22","grande",6,"2022nov22_gob8_6","2022nov22_grande_6","ancestor","t0","ID2859",2859,166,885,83.215436577963,82.8483704859305,0,16800,56,2.46151205556525,1,NA,9061.9433106576,9425,5939,10713,7992634,1050.38655290186,-0.957526264250651,-388.984608966262,-0.00486090218410923,-0.00791811385567159,2.67789643879872,2.3136368872807,1.35928615096728,1.15744024203648,19.0350405773907,16.2559534358071,0.905187978868031,0.972512369433755,3.72593730686142,280,"2022nov22_gob8_6_166_90",9,1,0,60,92.6663174436877,"grande_t0_6_2022nov22_0046","grande_t0_6_2022nov22_0012_2","grande_t0_6_2022nov22_0012","grande_t0_6_2022nov22_0046_0",83.4965308953522,84.1574802288337,82.9343422605738,81.5392607430273,9.3007091251046,1,2.28970676201477,17.240438520286
"2022nov22","grande",6,"2022nov22_gob8_6","2022nov22_grande_6","ancestor","t0","ID2895",2895,166,1217,86.4229732559528,72.6710507774474,0,18000,60,2.88734272706689,1,NA,10499.8708881579,10432,6526,14362,12767843,2058.19500264507,-0.949795928600084,-193.027328516791,0.00991929425116851,0.00225419690649521,3.24406373792916,2.59562198871727,2.80119073353107,1.24982133455124,26.1906663456015,18.8017522424652,0.931021608631672,0.987023519870235,3.6738807167587,300,"2022nov22_gob8_6_166_100",16,1,0,80,99.6723996723996,"grande_t0_6_2022nov22_0047","grande_t0_6_2022nov22_0027_1","grande_t0_6_2022nov22_0027","grande_t0_6_2022nov22_0047_0",87.9519338352616,72.1295095224572,84.894012676644,73.2125920324376,20.9297552522778,0,0,20.9051385325047
"2022nov22","grande",6,"2022nov22_gob8_6","2022nov22_grande_6","ancestor","t0","ID4071",4071,166,1168,121.364637694084,92.0215760126494,0,34200,114,2.82740796125314,1,NA,8597.3782161235,8522,6516,11253,10024543,1057.61436468281,-0.963515165404051,-429.353354603516,-0.0106314274087575,-0.0252689726925651,3.20668402743296,2.54291340092121,1.36967733324842,1.26102761748445,25.1146323954946,18.346408777873,0.937636614495316,0.989821882951653,3.66089820423276,570,"2022nov22_gob8_6_166_223",15,1,0,95,100,"grande_t0_6_2022nov22_0114","grande_t0_6_2022nov22_0087_1","grande_t0_6_2022nov22_0087","grande_t0_6_2022nov22_0114_0",121.68493074542,93.5926005109353,121.044344642748,90.4505515143635,15.876416946993,0,0,8.79146998333543
"2022nov22","grande",6,"2022nov22_gob8_6","2022nov22_grande_6","ancestor","t0","ID5121",5121,62,750,85.253780358655,28.1309563620189,0,54000,180,2.25983573758123,1,NA,8727.54166666667,8527,6458,11856,6493291,1024.55110789533,-0.961989843634335,-431.180518067351,-0.0641882872116913,0.0665898353496386,2.45835470750066,2.22290675715651,0.493159227939397,1.10591895030511,16.0436661960936,14.7923464232906,0.921381193233147,0.985459352280237,3.69305061844146,900,"2022nov22_gob8_6_62_238",62,1,0,360,98.611111111111,"grande_t0_6_2022nov22_0121","grande_t0_6_2022nov22_0103_1","grande_t0_6_2022nov22_0103","grande_t0_6_2022nov22_0121_0",86.3364909590522,28.7128624736556,84.1710697582578,27.5490502503822,24.8973564752815,0,0,30.3414829590756
"2022nov22","grande",6,"2022nov22_gob8_6","2022nov22_grande_6","ancestor","t0","ID3135",3135,62,1079,67.2121784339368,49.8358462489869,0,20400,68,2.72312138669564,1,NA,10250.3293357934,10224,6653,13822,11111357,1911.80031985515,-0.951230883178906,-209.154077640329,-0.00677126073753981,-0.0018043675417366,3.04605745974654,2.45604084978807,-0.996524017860916,1.24023078036727,23.296135019814,17.7121466699818,0.933149739316661,0.986782133090246,3.66968902021653,340,"2022nov22_gob8_6_62_128",16,1,0,85,100,"grande_t0_6_2022nov22_0061","grande_t0_6_2022nov22_0036_1","grande_t0_6_2022nov22_0036","grande_t0_6_2022nov22_0061_0",68.0395241531051,48.5571298719145,66.3848327147685,51.1145626260593,13.5919624924468,0,0,10.9477887202728
"2022nov22","grande",6,"2022nov22_gob8_6","2022nov22_grande_6","ancestor","t0","ID3743",3743,62,1128,71.9246711857116,44.9873800588922,0,26100,87,2.78530112032211,1,NA,9998.32597173145,9943,6240,13030,11318105,1811.23034294011,-0.952722393936182,-222.481804431427,0.00635574131473765,0.0103932332230135,3.19172406949168,2.47078793959167,1.97509112386797,1.29178389547229,24.3721689699209,18.1858951662244,0.926050515705215,0.98349978289188,3.6837283212986,435,"2022nov22_gob8_6_62_172",18,1,0,90,96.1375212224109,"grande_t0_6_2022nov22_0083","grande_t0_6_2022nov22_0061_1","grande_t0_6_2022nov22_0061","grande_t0_6_2022nov22_0083_0",72.5524362462127,43.5201763706617,71.2969061252106,46.4545837471227,17.4792877208467,0,0,11.2818298602972
"2022nov22","grande",6,"2022nov22_gob8_6","2022nov22_grande_6","ancestor","t0","ID2766",2766,62,1078,62.4725212113441,55.0041180728342,0,15000,50,2.72060463811111,1,NA,10496.2011121409,10481,6823,13388,11325401,1699.61072792927,-0.9498195622048,-233.786451622664,0.00496828333746765,0.0109600676328421,3.06128152104386,2.4587652275377,2.12188672965003,1.2450483221245,23.2530936618097,17.8570047341527,0.916375305751322,0.981380563124432,3.70312390240087,250,"2022nov22_gob8_6_62_83",17,1,0,85,100,"grande_t0_6_2022nov22_0036","grande_t0_6_2022nov22_0020_1","grande_t0_6_2022nov22_0020","grande_t0_6_2022nov22_0036_0",63.2739899893112,53.700082438461,61.671052433377,56.3081537072074,34.3159201200332,0,0,30.3476757410166
"2022nov22","grande",6,"2022nov22_gob8_6","2022nov22_grande_6","ancestor","t0","ID3928",3928,62,863,75.7160213682723,36.0965310822673,0,32100,107,2.4342271513685,1,NA,9976.64194669757,10298,6060,12780,8609842,1679.29973057408,-0.952118427608214,-236.270081042847,0.00720418224715979,0.00212348463468809,2.71022134512825,2.22608585446631,-1.22537534902861,1.21748284761371,18.615387336849,16.5593375756439,0.853092299573483,0.976849237718802,3.83801723901441,535,"2022nov22_gob8_6_62_212",18,1,0,95,100,"grande_t0_6_2022nov22_0103","grande_t0_6_2022nov22_0083_1","grande_t0_6_2022nov22_0083","grande_t0_6_2022nov22_0103_0",76.1748521111019,34.8214627373024,75.2571906254427,37.3715994272322,0.468878175538313,0,0,0.0693925313305268
"2022nov22","grande",6,"2022nov22_gob8_6","2022nov22_grande_6","ancestor","t0","ID3599",3599,64,964,31.0004752288456,61.3516476802661,0,25200,84,2.56508483502193,1,NA,7786.98435870699,7772,6085,9137,7467718,519.703535576577,-0.962450073848256,-768.091129520243,0.0294800080928821,0.0126298341254683,2.77533135653615,2.45442810548575,0.27936856134851,1.13074461229203,20.6706121815532,16.614858132462,0.940957326651006,0.988677303139475,3.65443269652275,420,"2022nov22_gob8_6_64_166",18,1,0,90,92.267050912584,"grande_t0_6_2022nov22_0079","grande_t0_6_2022nov22_0058_1","grande_t0_6_2022nov22_0058","grande_t0_6_2022nov22_0079_0",29.6666096981387,60.9690006096707,32.3343407595525,61.7342947508615,5.1665888997116,0,0,9.63563476756164
"2022nov22","grande",6,"2022nov22_gob8_6","2022nov22_grande_6","ancestor","t0","ID3626",3626,64,891,30.0297644342254,69.262211862561,0,27600,92,2.47331127867179,1,NA,10545.746352413,10773,7111,12613,9396260,1325.28163412458,-0.950171843837704,-303.477485950915,8.33752417243464e-05,0.011790257696681,2.85150173521689,2.17529687775113,-0.382166767525983,1.31085635454267,19.2179663489089,16.2505563161041,0.914493928563925,0.98293891029169,3.70693114104332,460,"2022nov22_gob8_6_64_188",15,1,0,70,100,"grande_t0_6_2022nov22_0095","grande_t0_6_2022nov22_0077_1","grande_t0_6_2022nov22_0077","grande_t0_6_2022nov22_0095_0",28.7068690052837,69.7939196964052,31.3526598631671,68.7305040287168,2.65689656912829,0,0,4.75371759528303
"2022nov22","grande",6,"2022nov22_gob8_6","2022nov22_grande_6","ancestor","t0","ID3132",3132,64,1082,46.6510254125095,69.2861109452581,0,18300,61,2.72500742274308,1,NA,9698.53782287823,9781,7027,12029,10513215,1174.96889153502,-0.955105802562673,-351.213468803849,-0.00680375962128214,-0.00780955876600392,2.90408972752743,2.57689294064454,-1.4532391185376,1.12697337235945,23.3284160383172,17.7430526951897,0.931190273879839,0.988149498632634,3.67354797914206,305,"2022nov22_gob8_6_64_106",7,1,0,60,94.548626253816,"grande_t0_6_2022nov22_0055","grande_t0_6_2022nov22_0004_3","grande_t0_6_2022nov22_0004","grande_t0_6_2022nov22_0055_0",46.4807199670416,70.7281339484125,46.8213308579774,67.8440879421037,111.212797438152,2,3.52107574306329,107.606944500885
"2022nov22","grande",6,"2022nov22_gob8_6","2022nov22_grande_6","ancestor","t0","ID3673",3673,64,608,26.0078942862788,62.3708776613251,0,28500,95,2.03746126332836,1,NA,7417.8958677686,7621,5583,8957,4487827,836.604411370919,-0.965663962413623,-498.731071872064,0.0115359439577445,0.00676770364353403,2.1963164542096,1.94374217057417,2.09340500086125,1.12994227704636,13.0415314752954,13.2821203501865,0.928974163671583,0.990196078431373,3.67792707713196,475,"2022nov22_gob8_6_64_196",10,1,0,50,73.4545454545454,"grande_t0_6_2022nov22_0102","grande_t0_6_2022nov22_0079_1","grande_t0_6_2022nov22_0079","grande_t0_6_2022nov22_0102_0",25.459757060857,63.3224537612062,26.5560315117006,61.419301561444,16.8787357004016,0,0,27.54496093956
"2022nov22","grande",6,"2022nov22_gob8_6","2022nov22_grande_6","ancestor","t0","ID2769",2769,64,991,38.3760028236138,66.6411520276189,0,15000,50,2.60286230716242,1,NA,9336.01621073962,9361,6311,11719,9214648,1365.25987010588,-0.954851513203445,-289.24703082103,-0.0196668907917764,0.00171538776274378,2.76512952169384,2.50282236945942,-0.0652713576631043,1.10480454203831,21.2839515331141,16.7870810415932,0.949099514495627,0.988505747126436,3.63872350672444,250,"2022nov22_gob8_6_64_78",14,1,0,65,99.3470617780009,"grande_t0_6_2022nov22_0041","grande_t0_6_2022nov22_0025_1","grande_t0_6_2022nov22_0025","grande_t0_6_2022nov22_0041_0",36.9963821222973,66.7313298432645,39.7556235249303,66.5509742119733,15.9754764547792,0,0,12.423354214092
"2022nov22","grande",6,"2022nov22_gob8_6","2022nov22_grande_6","ancestor","t0","ID2317",2317,64,1048,46.5732691705343,64.7532853721999,0,6300,21,2.67233611121963,1,NA,9683.12739463602,9780,6759,12078,10109185,1416.20302049541,-0.953963161005497,-283.36501672344,-0.067651119839371,-0.0280759310134977,3.15742541326073,2.36043740365984,0.290146801492158,1.33764420457207,22.4353078597285,18.4882888442542,0.824799639154384,0.950752393980848,3.90328893875173,105,"2022nov22_gob8_6_64_18",15,1,0,80,100,"grande_t0_6_2022nov22_0004","grande_t0_6_2022nov22_0003_1","grande_t0_6_2022nov22_0003","grande_t0_6_2022nov22_0004_0",45.0605436760511,64.3016268857119,48.0859946650175,65.2049438586879,18.4398331893857,0,0,38.4798366582911
"2022nov22","grande",6,"2022nov22_gob8_6","2022nov22_grande_6","ancestor","t0","ID3402",3402,64,858,33.8590351532643,67.3878472314708,0,23100,77,2.42365116875992,1,NA,9894.53263403263,10040,6981,11712,8489509,1083.98131476781,-0.953172938704789,-371.602207203894,-0.00795581908477971,-0.0114098958944862,2.80440072561929,2.13080074512631,-0.538167050547581,1.31612527920955,18.453982244333,15.8585729141522,0.922086695550233,0.989042675893887,3.69163754397675,385,"2022nov22_gob8_6_64_150",12,1,0,65,89.5561357702351,"grande_t0_6_2022nov22_0077","grande_t0_6_2022nov22_0041_2","grande_t0_6_2022nov22_0041","grande_t0_6_2022nov22_0077_0",32.6550363371459,68.1065632451014,35.0630339693827,66.6691312178402,3.25590175873409,1,1.16824972953941,5.64684356351275
"2022nov22","grande",6,"2022nov22_gob8_6","2022nov22_grande_6","ancestor","t0","ID2477",2477,64,1016,42.5880237249906,65.8006680202012,0,10800,36,2.64334064801412,1,NA,9842.73012757605,10029,6760,12262,10029742,1445.70319555964,-0.954157276769541,-283.410535427258,-0.0072793491751975,0.000992545975687047,3.18547639327959,2.23256371646509,0.0198712591484549,1.4268244036158,21.9510925821804,17.5310591723116,0.897531488892167,0.98933074684772,3.74179581470452,180,"2022nov22_gob8_6_64_46",15,1,0,70,100,"grande_t0_6_2022nov22_0025","grande_t0_6_2022nov22_0004_1","grande_t0_6_2022nov22_0004","grande_t0_6_2022nov22_0025_0",40.9955999778325,65.7690203896033,44.1804474721487,65.8323156507991,40.8969292045163,0,0,31.3493793915638
"2022nov22","grande",6,"2022nov22_gob8_6","2022nov22_grande_6","ancestor","t0","ID4045",4045,64,290,23.4347042563239,67.0362598231232,0,30600,102,1.40945770291017,1,NA,11386.5882352941,11544,8922,12907,3290724,999.499110666049,-0.949200484676319,-425.735222293486,-0.00740827610232676,0.00311281607411514,1.45614574885051,1.4135210442255,0.927478110166958,1.03015498410805,6.24099691061991,9.07606659164619,0.952069131122605,0.993150684931506,3.63304426945186,510,"2022nov22_gob8_6_64_208",9,1,0,45,79.5610425240056,"grande_t0_6_2022nov22_0112","grande_t0_6_2022nov22_0095_1","grande_t0_6_2022nov22_0095","grande_t0_6_2022nov22_0112_0",22.9979670660339,66.4537216380302,23.8714414466139,67.6187980082162,36.8383341456002,0,0,40.5470115033327
"2022nov22","grande",6,"2022nov22_gob8_6","2022nov22_grande_6","ancestor","t0","ID3035",3035,64,913,34.5473326946108,62.9415258487087,0,19500,65,2.50153926639626,1,NA,8448.74917853231,8499,6674,10592,7713708,835.607291478623,-0.961370722277905,-503.262413392569,0.0323469090258215,0.0244120030097583,2.76127438309668,2.32682077430315,0.58957106211225,1.18671554491499,19.6591402684527,16.4396383103146,0.914091917082343,0.985968699406367,3.70774619314046,325,"2022nov22_gob8_6_64_117",14,1,0,70,94.5652173913043,"grande_t0_6_2022nov22_0058","grande_t0_6_2022nov22_0041_1","grande_t0_6_2022nov22_0041","grande_t0_6_2022nov22_0058_0",33.3997757133962,62.1738852885817,35.6948896758254,63.7091664088357,51.2988542966103,0,0,47.7577517016726
"2022nov22","grande",6,"2022nov22_gob8_6","2022nov22_grande_6","ancestor","t0","ID4060",4060,64,741,16.8579442196083,62.7457704185094,0,33600,112,2.2499624372653,1,NA,6697.85675675676,6600,5370,8414,4956414,740.461888926723,-0.969441750933118,-573.92665281568,5.45999827486816e-05,-0.0210196434741596,2.42674104969031,2.13592980095448,2.69646063670857,1.13615206295913,15.9037817825797,14.6583237102189,0.93012572384043,0.986648865153538,3.67564960756784,560,"2022nov22_gob8_6_64_219",4,1,0,80,92.5485284909206,"grande_t0_6_2022nov22_0117","grande_t0_6_2022nov22_0102_1","grande_t0_6_2022nov22_0102","grande_t0_6_2022nov22_0117_0",15.7628120054139,63.2682199031456,17.9530764338027,62.2233209338732,61.1062163292174,0,0,57.7105119680835
"2022nov22","grande",6,"2022nov22_gob8_6","2022nov22_grande_6","ancestor","t0","ID2594",2594,323,939,45.4519886868584,91.9488387052719,0,12300,41,2.53621370271877,1,NA,8192.32371794872,7963,6387,10651,7668015,1001.94732157013,-0.962495903834511,-419.674322866443,0.00867538503162624,-0.00469178900912964,2.74605398908019,2.39236736465121,-1.43152815232611,1.14783959589774,20.2079175830072,16.5129143415003,0.931287920492786,0.987901104681746,3.67335538622153,205,"2022nov22_gob8_6_323_50",14,1,0,65,100,"grande_t0_6_2022nov22_0028","grande_t0_6_2022nov22_0014_1","grande_t0_6_2022nov22_0014","grande_t0_6_2022nov22_0028_0",45.2613872598514,93.3085718495905,45.6425901138654,90.5891055609532,10.9760912187855,0,0,13.9154300813838
"2022nov22","grande",6,"2022nov22_gob8_6","2022nov22_grande_6","ancestor","t0","ID3121",3121,323,1182,43.6903071957439,98.2759015371035,0,17400,58,2.85033163546792,1,NA,8219.40675105485,8199,6377,11401,9739997,861.594761902699,-0.963335821416865,-501.30630701053,0.0012488358214852,-0.0110289042574263,3.15511890404953,2.60879699317775,2.11064315024411,1.20941526393217,25.5235252965352,18.6545270147277,0.921683979564699,0.983416252072968,3.69244395871564,290,"2022nov22_gob8_6_323_92",16,1,0,80,100,"grande_t0_6_2022nov22_0043","grande_t0_6_2022nov22_0028_1","grande_t0_6_2022nov22_0028","grande_t0_6_2022nov22_0043_0",42.8794343731132,99.6291121970495,44.5011800183746,96.9226908771575,2.84270094845104,0,0,7.57963342161668
"2022nov22","grande",6,"2022nov22_gob8_6","2022nov22_grande_6","ancestor","t0","ID3725",3725,323,1166,35.908545655099,110.322275072609,0,27300,91,2.82559027674431,1,NA,8452.47770154374,8254,6968,10547,9855589,946.567291237875,-0.962259497429488,-455.351805800858,0.00221559153951232,-0.00534304360066928,3.31967010361706,2.43187062860787,-1.09226317720291,1.36506854623159,25.0823513769914,18.5790774980063,0.913124128980785,0.986457892509522,3.7097105275926,455,"2022nov22_gob8_6_323_185",15,1,0,70,98.4375000000001,"grande_t0_6_2022nov22_0092","grande_t0_6_2022nov22_0066_1","grande_t0_6_2022nov22_0066","grande_t0_6_2022nov22_0092_0",35.1442288100635,111.795663059396,36.6728625001345,108.848887085822,9.51843182018866,0,0,5.86156863341532
"2022nov22","grande",6,"2022nov22_gob8_6","2022nov22_grande_6","ancestor","t0","ID4874",4874,323,359,38.0268306682035,127.401262120198,0,46800,156,1.57037834872893,1,NA,7875.69637883008,7892,6155,10007,2827375,876.245651102609,-0.965551550902922,-503.847231516671,-0.00648933132104596,0.00395318289794712,1.71156786737131,1.47667860712606,1.73235564797172,1.15906593290628,7.74744444076953,10.1286658086581,0.948994838843534,0.989010989010989,3.63892417970903,780,"2022nov22_gob8_6_323_235",42,1,0,210,67.9886685552406,"grande_t0_6_2022nov22_0125","grande_t0_6_2022nov22_0111_1","grande_t0_6_2022nov22_0111","grande_t0_6_2022nov22_0125_0",37.8891714753689,128.245901740262,38.1644898610381,126.556622500134,51.8269532804438,0,0,48.5138464764375
"2022nov22","grande",6,"2022nov22_gob8_6","2022nov22_grande_6","ancestor","t0","ID3347",3347,323,1402,40.2023203371203,105.014279250448,0,22800,76,3.09627481255036,1,NA,8658.0556745182,8554,6945,10938,12129936,903.403024148686,-0.960560145061905,-466.829276215214,0.00823172571316635,0.00132965573420015,3.70899512145721,2.63639925663341,-0.992940152725914,1.4068412104597,30.1181902634916,20.4647465031466,0.903703569548171,0.986605569263306,3.72899613439363,380,"2022nov22_gob8_6_323_142",17,1,0,85,100,"grande_t0_6_2022nov22_0066","grande_t0_6_2022nov22_0043_1","grande_t0_6_2022nov22_0043","grande_t0_6_2022nov22_0066_0",39.1893391572964,106.567672417702,41.2153015169442,103.460886083194,5.41388848685503,0,0,3.56350228634234
"2022nov22","grande",6,"2022nov22_gob8_6","2022nov22_grande_6","ancestor","t0","ID2383",2383,323,1088,46.8990422933493,86.9698835644929,0,8100,27,2.73253854928114,1,NA,8594.79357798165,8385,6647,11332,9368325,1131.46093609669,-0.960327820401098,-367.755630695624,0.00116730316122648,0.0262913392377162,3.00547462310687,2.53143026104076,-1.04508412315523,1.18726344918987,23.45754011233,17.9138521077582,0.918574452767958,0.983754512635379,3.69868844597674,135,"2022nov22_gob8_6_323_27",15,1,0,70,100,"grande_t0_6_2022nov22_0014","grande_t0_6_2022nov22_0013_1","grande_t0_6_2022nov22_0013","grande_t0_6_2022nov22_0014_0",46.1449248840304,88.2697013826878,47.6531597026682,85.670065746298,6.28161998445712,0,0,2.88722480013675
"2022nov22","grande",6,"2022nov22_gob8_6","2022nov22_grande_6","ancestor","t0","ID3976",3976,323,1243,33.3504144193855,118.839011688373,0,33900,113,2.91626113768955,1,NA,8547.86935483871,8509,6391,12545,10599358,942.487776100923,-0.961958152417011,-458.676746848328,0.0144951371962581,-0.01272264551788,3.46311784898745,2.51265342832759,1.91762724857262,1.37827119727072,26.7179229811539,19.4700835069145,0.885680186477785,0.976022012578617,3.76674714189313,565,"2022nov22_gob8_6_323_220",22,1,0,105,100,"grande_t0_6_2022nov22_0111","grande_t0_6_2022nov22_0092_1","grande_t0_6_2022nov22_0092","grande_t0_6_2022nov22_0111_0",32.7618243903205,120.467464354765,33.9390044484505,117.210559021981,11.4613064135856,0,0,10.6994911882234
"2022nov22","grande",6,"2022nov22_gob8_6","2022nov22_grande_6","ancestor","t0","ID2584",2584,222,1063,72.5646069445337,83.047167709539,0,12300,41,2.69657837715132,1,NA,8890.1479736098,8884,6723,10663,9432447,762.269307984045,-0.959803472623931,-556.960419553679,0.0149677120413551,0.00179917319359587,2.75113495399686,2.70520202395974,-1.52425409595922,1.01697948235669,22.8442007607691,17.8059030403963,0.905436137447675,0.982415548357242,3.72542667632952,205,"2022nov22_gob8_6_222_51",8,1,0,70,80.2950075642965,"grande_t0_6_2022nov22_0026","grande_t0_6_2022nov22_0010_1","grande_t0_6_2022nov22_0010","grande_t0_6_2022nov22_0026_0",72.500608076833,84.4212455925969,72.6286058122344,81.6730898264811,40.8179596070383,0,0,31.083685800047
"2022nov22","grande",6,"2022nov22_gob8_6","2022nov22_grande_6","ancestor","t0","ID2862",2862,222,1148,78.3727918612404,86.7984963809756,0,16800,56,2.7987952809359,1,NA,8176.35365853659,8274,6250,10298,9386454,737.790054329371,-0.961743335889773,-557.19723808409,0.0196736598479386,-0.0137211295239898,3.02621955512902,2.65138942267797,0.715975133239062,1.14137121059812,24.6088964389443,18.4253723783749,0.910897384708107,0.981545064377682,3.71424206681936,280,"2022nov22_gob8_6_222_88",10,1,0,70,100,"grande_t0_6_2022nov22_0044","grande_t0_6_2022nov22_0026_1","grande_t0_6_2022nov22_0026","grande_t0_6_2022nov22_0044_0",79.5143629316609,87.7916311604191,77.2312207908199,85.8053616015321,62.081537673634,0,0,59.8094948745957
"2022nov22","grande",6,"2022nov22_gob8_6","2022nov22_grande_6","ancestor","t0","ID3927",3927,222,1139,95.0142555931487,104.972324059027,0,31500,105,2.79082934498772,1,NA,8705.54265611258,8839,5941,12713,9898202,1043.81372124845,-0.961352857710826,-414.923733963045,-0.00141555534720474,0.00365906133920074,3.00019753293679,2.64503306273136,1.3260666162025,1.13427600403553,24.4690120254305,18.1894679638538,0.929364985009294,0.984415584415584,3.67715366541952,525,"2022nov22_gob8_6_222_210",16,1,0,80,100,"grande_t0_6_2022nov22_0105","grande_t0_6_2022nov22_0084_1","grande_t0_6_2022nov22_0084","grande_t0_6_2022nov22_0105_0",95.3777206708142,106.427724157446,94.6507905154832,103.516923960608,9.80424920580358,0,0,11.6414952641069
"2022nov22","grande",6,"2022nov22_gob8_6","2022nov22_grande_6","ancestor","t0","ID2396",2396,222,881,67.1184495514813,78.3819258697584,0,7800,26,2.45524245192122,1,NA,8399.28782707622,8391,5969,10695,7382974,1106.21016005105,-0.961139086073198,-375.584832359886,0.0454744701351518,0.0190773436110514,3.03970640245917,2.04950900956324,1.25083262404432,1.48313883387463,18.9381975218811,16.6157158537435,0.862006205892933,0.970231532524807,3.81812142443854,130,"2022nov22_gob8_6_222_22",5,1,0,65,100,"grande_t0_6_2022nov22_0010","grande_t0_6_2022nov22_0009_1","grande_t0_6_2022nov22_0009","grande_t0_6_2022nov22_0010_0",67.5964921793317,79.8246417112344,66.6404069236309,76.9392100282824,58.7575821645097,0,0,64.4449144462798
"2022nov22","grande",6,"2022nov22_gob8_6","2022nov22_grande_6","ancestor","t0","ID4493",4493,222,776,100.427701397052,114.426369136419,0,41100,137,2.30485680842918,1,NA,8359.32734274711,8273,6337,10843,6511916,1219.95994578334,-0.963684479207252,-363.662352278418,0.00316440682449142,0.00483388369901839,2.74696495324863,1.96959194050008,1.56274811868062,1.39468734450202,16.6892865661577,15.1949068128371,0.90834651416315,0.983512999365884,3.71945368381654,685,"2022nov22_gob8_6_222_231",30,1,0,155,85.2197802197802,"grande_t0_6_2022nov22_0120","grande_t0_6_2022nov22_0105_1","grande_t0_6_2022nov22_0105","grande_t0_6_2022nov22_0120_0",100.43875535053,115.799807130544,100.416647443574,113.052931142294,19.743227701119,0,0,15.7737447891894
"2022nov22","grande",6,"2022nov22_gob8_6","2022nov22_grande_6","ancestor","t0","ID3286",3286,222,1071,84.690487004207,90.8858968855232,0,21600,72,2.70672069175787,1,NA,8759.59436619718,8689,6297,12316,9328968,931.56746935916,-0.960060352148825,-452.057813760071,-0.022168545002788,-0.0104485421349799,2.867359215718,2.61910792508635,0.863494593617018,1.09478467391659,23.0163661927862,17.7432867998307,0.918710072047605,0.983448275862069,3.69841543711831,360,"2022nov22_gob8_6_222_129",11,1,0,75,100,"grande_t0_6_2022nov22_0064","grande_t0_6_2022nov22_0044_1","grande_t0_6_2022nov22_0044","grande_t0_6_2022nov22_0064_0",85.6220707059501,91.9756624679479,83.7589033024639,89.7961313030985,11.924272128754,0,0,8.12043397406713
"2022nov22","grande",6,"2022nov22_gob8_6","2022nov22_grande_6","ancestor","t0","ID3565",3565,222,1201,91.1286379850752,96.2355293747924,0,26400,88,2.87366842335415,1,NA,8252.86495443248,8311,6639,11656,9961208,773.306926652628,-0.964381975187326,-577.912497747844,0.00266574124641869,0.0115088063571086,3.22410504998648,2.60594875094078,0.949141312966092,1.23720969141183,25.9431785370769,18.6520384413131,0.937088147223534,0.992181069958848,3.66196938902171,440,"2022nov22_gob8_6_222_174",14,1,0,75,99.5047461824184,"grande_t0_6_2022nov22_0084","grande_t0_6_2022nov22_0064_1","grande_t0_6_2022nov22_0064","grande_t0_6_2022nov22_0084_0",92.0674673016228,97.5459922158252,90.1898086685276,94.9250665337596,13.1778693918119,0,0,9.75049384463411
"2022nov22","grande",6,"2022nov22_gob8_6","2022nov22_grande_6","ancestor","t0","ID2712",2712,351,858,46.9065610564039,75.0533428189895,0,13500,45,2.42506396466466,1,NA,10169.634032634,10507,6580,12369,8725546,1469.65265309667,-0.950227301252379,-264.214672780943,0.00152583870500704,0.00402986442290336,2.60795723719999,2.28575455850619,-0.471054053259096,1.14096118828452,18.4755029233351,15.6107965620943,0.952699648605593,0.990196078431373,3.63184185635887,225,"2022nov22_gob8_6_351_62",13,1,0,70,88.1416837782341,"grande_t0_6_2022nov22_0033","grande_t0_6_2022nov22_0032_1","grande_t0_6_2022nov22_0032","grande_t0_6_2022nov22_0033_0",45.744598192696,75.6451219510393,48.0685239201119,74.4615636869397,15.6290278333587,0,0,21.0677798157367
"2022nov22","grande",6,"2022nov22_gob8_6","2022nov22_grande_6","ancestor","t0","ID3274",3274,351,800,38.9568500836643,74.7063932201636,0,21600,72,2.33218662154469,1,NA,9531.66750948167,9711,5169,11887,7539549,1433.54427620557,-0.953331369478184,-271.648052690763,0.00894401553566581,0.0117033471415219,2.46533454509516,2.2303312622447,-1.25686821473436,1.10536698598483,17.0874191276973,15.1775064754339,0.932149310093783,0.985723153320919,3.67165773894923,360,"2022nov22_gob8_6_351_130",8,1,0,55,100,"grande_t0_6_2022nov22_0072","grande_t0_6_2022nov22_0051_1","grande_t0_6_2022nov22_0051","grande_t0_6_2022nov22_0072_0",38.5762059476006,75.878817480613,39.337494219728,73.5339689597143,24.8313986571852,0,0,42.1205092870467
"2022nov22","grande",6,"2022nov22_gob8_6","2022nov22_grande_6","ancestor","t0","ID2897",2897,351,1030,42.6223962607691,73.4024169662826,0,18000,60,2.65368644351849,1,NA,9837.06899902818,10126,6141,12089,10122344,1302.21657114045,-0.952058595712294,-300.030511922811,-0.00728885623350589,-0.0152713647016803,2.8311871763925,2.55265329932062,0.393363590081997,1.10911543574915,22.1232580141975,17.5048187647445,0.907284958657548,0.976722090261282,3.72162899391595,300,"2022nov22_gob8_6_351_102",15,1,0,70,100,"grande_t0_6_2022nov22_0051","grande_t0_6_2022nov22_0033_1","grande_t0_6_2022nov22_0033","grande_t0_6_2022nov22_0051_0",41.3149185872869,72.8598238035098,43.9298739342513,73.9450101290554,47.4116025704868,0,0,48.0638447474359
"2022nov22","grande",6,"2022nov22_gob8_6","2022nov22_grande_6","ancestor","t0","ID3125",3125,239,1129,59.3767070208513,108.427407449463,0,17400,58,2.78222513802499,1,NA,10615.8470380195,10617,7708,13262,12006523,1370.78015011334,-0.949821754378775,-293.186170039079,-0.0297833881573841,-0.00698921511761181,3.10387830803546,2.59164231657784,1.33956450775257,1.19764918491299,24.3183672724155,18.114570490964,0.931296980934579,0.993843447669305,3.67333751742978,290,"2022nov22_gob8_6_239_96",5,1,0,60,100,"grande_t0_6_2022nov22_0053","grande_t0_6_2022nov22_0017_2","grande_t0_6_2022nov22_0017","grande_t0_6_2022nov22_0053_0",59.732375362995,109.938041477999,59.0210386787076,106.916773420927,39.5331949888909,1,1.49302815688752,36.6646934014717
"2022nov22","grande",6,"2022nov22_gob8_6","2022nov22_grande_6","ancestor","t0","ID3657",3657,239,1013,44.1459155001651,127.89488887892,0,28200,94,2.63620436130869,1,NA,10821.4836795252,10709,7652,14182,10940520,1689.13515292069,-0.947997212413895,-233.578486547103,0.00730968307808545,0.00923569923811922,3.05231525313367,2.31457870213766,2.55983091016035,1.31873470118543,21.8327288476686,17.4743888494514,0.898491336376011,0.982566585956417,3.73979662291026,470,"2022nov22_gob8_6_239_192",15,1,0,75,100,"grande_t0_6_2022nov22_0098","grande_t0_6_2022nov22_0073_1","grande_t0_6_2022nov22_0073","grande_t0_6_2022nov22_0098_0",42.8708170989291,128.733507486091,45.4210139014011,127.056270271749,8.18664513764845,0,0,3.89502239043347
"2022nov22","grande",6,"2022nov22_gob8_6","2022nov22_grande_6","ancestor","t0","ID2728",2728,239,1154,53.7778237458395,107.430793209846,0,13500,45,2.81222469200285,1,NA,10289.5948051948,10112,7156,13906,11884482,1845.34633346723,-0.950890068026042,-215.92919270885,0.00353883903647133,-0.0162249475792906,3.21398925044648,2.52438523646147,1.98834599491769,1.27317701118853,24.8456239079679,18.5296794367694,0.909335107890334,0.977975434138076,3.71743131138604,225,"2022nov22_gob8_6_239_65",15,1,0,70,99.8702422145328,"grande_t0_6_2022nov22_0034","grande_t0_6_2022nov22_0017_1","grande_t0_6_2022nov22_0017","grande_t0_6_2022nov22_0034_0",53.1261522960244,108.899723448827,54.4294951956546,105.961862970865,0.857768526183524,0,0,3.84735226122095
"2022nov22","grande",6,"2022nov22_gob8_6","2022nov22_grande_6","ancestor","t0","ID2915",2915,239,1126,52.6667355116233,113.278531231278,0,18000,60,2.77729648023453,1,NA,10200.1442564559,10146,6897,13560,11454762,1757.21448076201,-0.952049854437226,-230.505502488688,-0.00358687849777164,-0.00737514612165462,3.12476601259948,2.49425289773852,-1.15804123278128,1.25278636157249,24.232284556407,18.0568021680471,0.933947673156334,0.984696108439003,3.66812105509687,300,"2022nov22_gob8_6_239_104",15,1,0,70,100,"grande_t0_6_2022nov22_0052","grande_t0_6_2022nov22_0034_1","grande_t0_6_2022nov22_0034","grande_t0_6_2022nov22_0052_0",52.0400096823922,114.70970396486,53.2934613408544,111.847358497696,17.6652470737034,0,0,13.1656963182735
"2022nov22","grande",6,"2022nov22_gob8_6","2022nov22_grande_6","ancestor","t0","ID2434",2434,239,1254,55.4455187194111,100.625536212899,0,9000,30,2.93615959822051,1,NA,10055.019047619,9850,6919,14001,12669324,1837.64451908116,-0.952420334097155,-219.057769123104,0.0216689019375773,-0.0272853712862042,3.26437871832992,2.71085180358566,1.7439710557349,1.20418929356895,27.0837745241902,19.1260526282952,0.930397127029745,0.98551292090838,3.67511346243241,150,"2022nov22_gob8_6_239_33",15,1,0,75,100,"grande_t0_6_2022nov22_0017","grande_t0_6_2022nov22_0016_1","grande_t0_6_2022nov22_0016","grande_t0_6_2022nov22_0017_0",55.1642754271322,102.233312414589,55.72676201169,99.0177600112094,5.48369091024969,0,0,6.79731288765158
"2022nov22","grande",6,"2022nov22_gob8_6","2022nov22_grande_6","ancestor","t0","ID3471",3471,239,1285,60.9995386675546,116.505867848973,0,21900,73,2.96633436301446,1,NA,10359.1691348402,10039,6770,14479,13290814,2024.02991156642,-0.951486616400162,-200.760889519163,-0.0100438602912126,0.0176649089045249,3.26645357522025,2.76103276702217,1.46563804092083,1.18305498371292,27.6433121782458,19.1278601719395,0.949439215142744,0.992275009656238,3.63807249753174,365,"2022nov22_gob8_6_239_132",10,1,0,70,100,"grande_t0_6_2022nov22_0068","grande_t0_6_2022nov22_0053_1","grande_t0_6_2022nov22_0053","grande_t0_6_2022nov22_0068_0",61.1709696340391,118.130072627779,60.8281077010701,114.881663070167,0.575041322879844,0,0,1.88999394112716
"2022nov22","grande",6,"2022nov22_gob8_6","2022nov22_grande_6","ancestor","t0","ID3485",3485,239,1195,49.232427452295,120.782336558606,0,23400,78,2.86650810884604,1,NA,10215.042394015,10150,7083,13461,12288696,1732.62994601133,-0.951276485431092,-230.214411239147,-0.00151501539500148,-0.00548899692593789,3.37951220894749,2.46164157396784,2.25959606556854,1.37286932617902,25.8140544630641,19.090938663324,0.890044091304354,0.98118609406953,3.75750157508976,390,"2022nov22_gob8_6_239_155",17,1,0,85,100,"grande_t0_6_2022nov22_0073","grande_t0_6_2022nov22_0052_1","grande_t0_6_2022nov22_0052","grande_t0_6_2022nov22_0073_0",48.1583998389282,122.086844273544,50.3064550656618,119.477828843668,2.80561786357017,0,0,0.943285596262623
"2022nov22","grande",6,"2022nov22_gob8_6","2022nov22_grande_6","ancestor","t0","ID5085",5085,239,1364,80.2801075123535,144.050156026203,0,48600,162,3.05899240130268,1,NA,8037.25877192982,8098,5116,12641,10994970,1477.05327667855,-0.964597349891735,-296.518693655254,-0.00525625741627027,-0.00470906359264923,3.55411067938406,2.67092217893355,0.556024431399972,1.33066800201688,29.39724751692,19.9203976542128,0.930937501951257,0.989855072463768,3.67404667362036,810,"2022nov22_gob8_6_239_237",73,1,0,365,91.0970323441146,"grande_t0_6_2022nov22_0104","grande_t0_6_2022nov22_0086_1","grande_t0_6_2022nov22_0086","grande_t0_6_2022nov22_0104_0",81.7894675504502,144.988110159263,78.7707474742568,143.112201893143,11.417682917105,0,0,12.8307088448824
"2022nov22","grande",6,"2022nov22_gob8_6","2022nov22_grande_6","ancestor","t0","ID3573",3573,239,963,65.0133004224607,126.192780727049,0,26400,88,2.56508483502193,1,NA,10827.5260416667,10967,7098,13715,10394425,1556.43810942693,-0.95107713756618,-270.477572076942,-0.00983132981597666,-0.00687526885154441,3.09456222456358,2.17054920043264,1.08738517242962,1.42570471286565,20.6706121815532,17.1363745757264,0.884555953113583,0.977110885045779,3.769140070299,440,"2022nov22_gob8_6_239_173",15,1,0,70,100,"grande_t0_6_2022nov22_0086","grande_t0_6_2022nov22_0068_1","grande_t0_6_2022nov22_0068","grande_t0_6_2022nov22_0086_0",65.7324800250409,127.562765960421,64.2941208198805,124.822795493677,15.584863969396,0,0,16.4814927097042
"2022nov22","grande",6,"2022nov22_gob8_6","2022nov22_grande_6","ancestor","t0","ID4094",4094,239,683,38.1637588902124,130.439860155377,0,30600,102,2.16382586592721,1,NA,9818.2972181552,9908,7932,11777,6705897,1064.68664360388,-0.954694008046942,-388.644850659706,-0.0119497713829621,-0.00449065504405669,2.33786521676933,2.04929775583989,-1.00677606543218,1.14081285167424,14.7093840979611,14.1068771500323,0.928843580746713,0.984870317002882,3.67818560160599,510,"2022nov22_gob8_6_239_206",7,1,0,35,100,"grande_t0_6_2022nov22_0115","grande_t0_6_2022nov22_0098_1","grande_t0_6_2022nov22_0098","grande_t0_6_2022nov22_0115_0",37.5388614478351,131.427740021279,38.7886563325897,129.451980289475,17.1259466071016,0,0,10.2862787025321
"2022nov22","grande",7,"2022nov22_gob8_7","2022nov22_grande_7","ancestor","t0","ID5552",5552,42,965,76.851540955439,28.0698858115707,0,10500,35,2.5784031220306,1,NA,12000.6402061856,11599,8727,16383,11640621,2182.90481557999,-0.953414982495975,-225.027358063167,0.013944975232921,0.108359600213811,2.82432855623054,2.53498996286522,1.15399165529777,1.11413796409603,20.8858189715746,17.1467303137239,0.892686031125233,0.985779583544947,3.75193721736069,175,"2022nov22_gob8_7_42_17",9,1,0,60,94.2233009708738,"grande_t0_7_2022nov22_0010","grande_t0_7_2022nov22_0009_1","grande_t0_7_2022nov22_0009","grande_t0_7_2022nov22_0010_0",77.4232426111768,29.3611507592912,76.2798392997012,26.7786208638502,50.2796362205513,0,0,31.8427937109017
"2022nov22","grande",7,"2022nov22_gob8_7","2022nov22_grande_7","ancestor","t0","ID5640",5640,52,689,79.8183368327106,32.6135542356199,0,11400,38,2.16698935572448,1,NA,9979.99854227405,9938,7208,13569,6846279,1428.95230927685,-0.963820765654172,-372.117115789869,-0.029125456460926,-0.00860322352581633,2.47465073336281,1.97363796749386,0.813588685663513,1.25385241575239,14.7524254559653,15.1478250929996,0.807928129597744,0.942268041237113,3.94383346106308,190,"2022nov22_gob8_7_52_25",7,1,0,70,87.8846153846153,"grande_t0_7_2022nov22_0015","grande_t0_7_2022nov22_0002_1","grande_t0_7_2022nov22_0002","grande_t0_7_2022nov22_0015_0",80.6682491430377,33.5127889812718,78.9684245223835,31.714319489968,49.7845372016793,0,0,50.1593635904006
"2022nov22","grande",7,"2022nov22_gob8_7","2022nov22_grande_7","ancestor","t0","ID5429",5429,52,1334,77.8256521657228,30.46709446906,0,6900,23,3.02521522618052,1,NA,11055.3547904192,10893,7114,14978,14769954,1904.26310023808,-0.959348581573067,-274.016340666602,0.0245462710611011,0.00394925267620238,3.15469807423172,2.92938684976665,-1.44361410165543,1.07691412436122,28.7516271468559,20.277992789065,0.878663049377793,0.972343522561864,3.78175813999566,115,"2022nov22_gob8_7_52_10",14,1,0,90,100,"grande_t0_7_2022nov22_0002","grande_t0_7_2022nov22_0001_1","grande_t0_7_2022nov22_0001","grande_t0_7_2022nov22_0002_0",77.6255817919496,32.0317036312563,78.025722539496,28.9024853068637,48.2043850064295,0,0,44.0554294419133
"2022nov22","grande",7,"2022nov22_gob8_7","2022nov22_grande_7","ancestor","t0","ID7225",7225,62,624,89.0121237571264,39.1712981831297,0,54000,180,2.06584185323748,1,NA,10511.6035313002,10699,7719,13018,6548729,1043.96319054023,-0.957154038491313,-449.868644870875,0.0101328806094874,0.126619433564944,2.35325432437108,1.95347457521757,1.36954200669314,1.20465060268777,13.4073830183317,14.3044282965236,0.823403806203487,0.956254796623178,3.90659596273397,900,"2022nov22_gob8_7_62_86",68,1,0,365,98.0330448465774,"grande_t0_7_2022nov22_0047","grande_t0_7_2022nov22_0037_1","grande_t0_7_2022nov22_0037","grande_t0_7_2022nov22_0047_0",89.2473297517843,40.3241770227611,88.7769177624685,38.0184193434983,148.031592004017,0,0,153.17211626956
"2022nov22","grande",7,"2022nov22_gob8_7","2022nov22_grande_7","ancestor","t0","ID6276",6276,62,899,93.5976534707059,30.9466053648206,0,31800,106,2.4802257771469,1,NA,12211.2678571429,12288,8554,15945,10941296,2101.40661954947,-0.95278458562016,-234.526312020504,0.00179354565082425,0.0247551867261542,2.84025662349451,2.20694012155622,1.61116898903523,1.28696587449401,19.3255697439196,16.2672480804308,0.917728017793037,0.981420765027322,3.70039373210768,530,"2022nov22_gob8_7_62_74",21,1,0,115,95.1775304716482,"grande_t0_7_2022nov22_0037","grande_t0_7_2022nov22_0032_1","grande_t0_7_2022nov22_0032","grande_t0_7_2022nov22_0037_0",93.6549722572687,29.5276342662661,93.5403346841431,32.3655764633751,6.59767793444609,0,0,14.9074645873718
"2022nov22","grande",7,"2022nov22_gob8_7","2022nov22_grande_7","ancestor","t0","ID5408",5408,65,1140,68.7222937249555,36.4373608273188,0,5400,18,2.79144291635822,1,NA,10871.3940193492,11109,7408,13024,12360775,1053.46958178817,-0.959783058024821,-492.557875022669,0.00776913233496518,-0.0159816265017189,3.03385810610154,2.59828192574684,1.799522852448,1.16764007632832,24.4797723649315,18.3160596027017,0.916965809955319,0.981449525452977,3.70193134845321,90,"2022nov22_gob8_7_65_5",12,1,0,60,100,"grande_t0_7_2022nov22_0006","grande_t0_7_2022nov22_0005_1","grande_t0_7_2022nov22_0005","grande_t0_7_2022nov22_0006_0",68.378349175734,37.9147828723182,69.066238274177,34.9599387823194,14.5348580233269,0,0,13.9407458001931
"2022nov22","grande",7,"2022nov22_gob8_7","2022nov22_grande_7","ancestor","t0","ID5577",5577,65,1751,66.0965327626926,50.0150875628187,0,10500,35,3.4598848151904,1,NA,11055.7222857143,11045,7761,14850,19347514,1481.66227193242,-0.960374714094979,-361.689750747847,-0.00242641771453196,0.0219050094869766,3.61584059953597,3.36747335938632,-1.48695075623228,1.07375477506225,37.6073865562355,23.0985782501194,0.885752770835796,0.974351826038472,3.76659280281936,175,"2022nov22_gob8_7_65_16",16,1,0,80,100,"grande_t0_7_2022nov22_0007","grande_t0_7_2022nov22_0006_1","grande_t0_7_2022nov22_0006","grande_t0_7_2022nov22_0007_0",65.9451242016113,51.8166566727738,66.2479413237739,48.2135184528636,1.238951402719,0,0,2.15989428550502
"2022nov22","grande",7,"2022nov22_gob8_7","2022nov22_grande_7","ancestor","t0","ID5728",5728,65,1167,65.7313896153726,60.4393210639128,0,15900,53,2.83285401694732,1,NA,11822.0025706941,11758,8970,15009,13796277,1115.7246347295,-0.95716187185512,-473.498848952614,0.00753860934950036,-0.0142965749264231,3.11088337093325,2.65450331017397,1.20879600100976,1.17192672505252,25.2114754510042,18.7108512666375,0.904942601069255,0.97747183979975,3.72644242195151,265,"2022nov22_gob8_7_65_36",14,1,0,85,90.080738177624,"grande_t0_7_2022nov22_0016","grande_t0_7_2022nov22_0007_1","grande_t0_7_2022nov22_0007","grande_t0_7_2022nov22_0016_0",66.2822424844637,61.8939550225091,65.1805367462816,58.9846871053165,1.02696447525329,0,0,2.79784397723639
"2022nov22","grande",7,"2022nov22_gob8_7","2022nov22_grande_7","ancestor","t0","ID7003",7003,194,617,105.7385182012,73.4327939297356,0,48600,162,2.05003054518509,1,NA,8654.06362153344,8540,6974,11241,5304941,987.536267654315,-0.966739498580044,-509.421999440936,0.00385870352535495,0.00395445278383377,2.27492677903793,1.88252760986384,0.7827639501442,1.20844271665289,13.2029365678114,13.2653184155862,0.942855291197591,0.990314769975787,3.65075266322056,810,"2022nov22_gob8_7_194_81",54,1,0,285,78.3524904214561,"grande_t0_7_2022nov22_0046","grande_t0_7_2022nov22_0040_1","grande_t0_7_2022nov22_0040","grande_t0_7_2022nov22_0046_0",106.544942203246,74.2349804986953,104.932094199154,72.6306073607759,35.6929525537163,0,0,33.6002134598005
"2022nov22","grande",7,"2022nov22_gob8_7","2022nov22_grande_7","ancestor","t0","ID5991",5991,194,991,87.400183839431,44.2650636222078,0,20100,67,2.61008975648494,1,NA,10978.591959799,11124,7279,13133,10923699,1329.19121879147,-0.959125503691029,-387.62537689736,0.00643040047198613,-0.0057996915634675,3.07468623499302,2.24059803613695,0.328820462825284,1.37226141655204,21.4023152676259,17.4967833652598,0.878525135918386,0.981737413622902,3.78205496410415,335,"2022nov22_gob8_7_194_47",12,1,0,75,100,"grande_t0_7_2022nov22_0026","grande_t0_7_2022nov22_0025_1","grande_t0_7_2022nov22_0025","grande_t0_7_2022nov22_0026_0",88.8551621177386,44.7615130864707,85.9452055611234,43.7686141579449,61.933801345924,0,0,56.2188775520118
"2022nov22","grande",7,"2022nov22_gob8_7","2022nov22_grande_7","ancestor","t0","ID6262",6262,194,794,101.692802613616,56.6261069357992,0,31200,104,2.33365479079401,1,NA,11100.9597484277,11287,7404,14601,8825263,1608.12775063352,-0.958147992325469,-316.072182174606,0.0186243992765462,0.0497499393017752,2.69959168523683,2.10121700680498,0.748135759987885,1.28477528808017,17.1089398066994,15.2374140438604,0.925998802236701,0.991890205864005,3.68383118088574,520,"2022nov22_gob8_7_194_71",13,1,0,95,97.0103721781573,"grande_t0_7_2022nov22_0040","grande_t0_7_2022nov22_0033_1","grande_t0_7_2022nov22_0033","grande_t0_7_2022nov22_0040_0",102.682146726925,57.5443373220371,100.703458500307,55.7078765495613,3.80916884214744,0,0,2.42450592499148
"2022nov22","grande",7,"2022nov22_gob8_7","2022nov22_grande_7","ancestor","t0","ID6050",6050,194,1149,92.7519810068908,50.7710903273524,0,25200,84,2.80673860848024,1,NA,11011.932173913,11133,7710,15865,12663722,1160.0406983608,-0.958510968536912,-438.615613957082,-0.00251725675679089,-0.00151939959228191,3.05072739651847,2.60026200352964,0.62210213005778,1.17323846303848,24.7487808524583,18.3368710364399,0.924939257807023,0.985855122160308,3.68594054407499,420,"2022nov22_gob8_7_194_60",15,1,0,80,100,"grande_t0_7_2022nov22_0033","grande_t0_7_2022nov22_0026_1","grande_t0_7_2022nov22_0026","grande_t0_7_2022nov22_0033_0",93.99157582115,51.6599880202445,91.5123861926316,49.8821926344603,34.9527665590547,0,0,31.7195783675817
"2022nov22","grande",7,"2022nov22_gob8_7","2022nov22_grande_7","ancestor","t0","ID5629",5629,197,1006,82.1745989899398,43.9534023006341,0,13200,44,2.63425474608233,1,NA,11338.7561697927,10675,6943,16383,11486160,2356.34597722854,-0.957305770176127,-215.793245933446,0.0138244987762874,-0.00293635687476671,2.87780823701836,2.45802982392118,0.985038263827758,1.17077840513242,21.8004478291654,17.4173196258498,0.903051744135404,0.987810823988298,3.73034169183546,220,"2022nov22_gob8_7_197_26",18,1,0,100,88.1252718573292,"grande_t0_7_2022nov22_0014","grande_t0_7_2022nov22_0013_1","grande_t0_7_2022nov22_0013","grande_t0_7_2022nov22_0014_0",82.9700701234316,45.1524313820346,81.379127856448,42.7543732192336,12.3877636020906,0,0,9.08299791282925
"2022nov22","grande",7,"2022nov22_gob8_7","2022nov22_grande_7","ancestor","t0","ID5660",5660,80,1385,71.7790418004571,53.2742447308896,0,11100,37,3.08297174431238,1,NA,11224.3597692862,10812,7946,16383,15568187,1834.33101454061,-0.959947772930032,-293.315356331112,0.0255287362644659,-0.0578267155503831,3.55277761658863,2.75469146571937,1.56031740280837,1.28971888895762,29.8599421154659,20.2923748611782,0.911240623689513,0.986842105263158,3.71354247512786,185,"2022nov22_gob8_7_80_23",12,1,0,65,93.0583501006036,"grande_t0_7_2022nov22_0012","grande_t0_7_2022nov22_0011_1","grande_t0_7_2022nov22_0011","grande_t0_7_2022nov22_0012_0",71.7976561030793,55.0505360093603,71.7604274978349,51.4979534524189,11.566289660159,0,0,13.5959553813018
"2022nov22","grande",7,"2022nov22_gob8_7","2022nov22_grande_7","ancestor","t0","ID5923",5923,80,1277,73.1545128695507,74.6104209626221,0,21000,70,2.95012476428161,1,NA,11733.0339116719,11807,6761,15665,14877487,1906.6941844813,-0.956630569862115,-271.468734821144,-0.0233422769698704,0.00586006394639457,3.81808989901672,2.31825944991483,1.56599270965053,1.6469640182668,27.3420226722158,20.0574257414061,0.854063412003014,0.982978723404256,3.83583461048622,350,"2022nov22_gob8_7_80_49",17,1,0,80,100,"grande_t0_7_2022nov22_0027","grande_t0_7_2022nov22_0020_1","grande_t0_7_2022nov22_0020","grande_t0_7_2022nov22_0027_0",73.1636831553324,76.5194438868171,73.145342583769,72.7013980384271,6.10437848830042,0,0,6.41308722995097
"2022nov22","grande",7,"2022nov22_gob8_7","2022nov22_grande_7","ancestor","t0","ID5734",5734,80,1369,72.8589028090769,64.2764029159568,0,15900,53,3.05563148572864,1,NA,10867.6517595308,11129,7588,13576,14823477,1466.06041029079,-0.960322792711515,-358.831023101393,-0.0174268587402421,-0.012337317193077,3.64123621600185,2.61200756162466,1.43026910826455,1.3940373946456,29.3326854799136,20.1351358242273,0.909185629034519,0.98768115942029,3.71773688954492,265,"2022nov22_gob8_7_80_37",15,1,0,75,100,"grande_t0_7_2022nov22_0020","grande_t0_7_2022nov22_0012_1","grande_t0_7_2022nov22_0012","grande_t0_7_2022nov22_0020_0",73.1139079673867,66.0790738965898,72.6038976507671,62.4737319353238,4.52322610242241,0,0,5.00522397975416
"2022nov22","grande",7,"2022nov22_gob8_7","2022nov22_grande_7","ancestor","t0","ID6317",6317,80,1279,69.4807005819991,94.8808328783129,0,33000,110,2.95766169745158,1,NA,12779.8236677116,13166,7546,16383,16307055,2643.16599188307,-0.948709040791675,-178.863875957809,0.00579324738862803,-0.018277981947205,3.60553981170727,2.46887440168187,1.63399419726468,1.46039823218673,27.4819070857297,19.7927592228881,0.881544109685374,0.982685648326279,3.77557331619231,550,"2022nov22_gob8_7_80_75",22,1,0,110,88.2515549412578,"grande_t0_7_2022nov22_0041","grande_t0_7_2022nov22_0034_1","grande_t0_7_2022nov22_0034","grande_t0_7_2022nov22_0041_0",69.3668451875194,96.680003877023,69.5945559764788,93.0816618796028,8.16266250104171,0,0,6.48630474483578
"2022nov22","grande",7,"2022nov22_gob8_7","2022nov22_grande_7","ancestor","t0","ID6068",6068,80,1101,71.2645515336815,85.5447936709612,0,26100,87,2.74442056720599,1,NA,12157.6403269755,12155,6771,16383,13385562,2379.83165209976,-0.95230798671395,-204.016278217181,-0.0208042554213249,0.000231362775823364,3.44264607052447,2.23015951217713,-1.49520779789912,1.54367705615984,23.6619865628503,18.297150017446,0.888166052854913,0.988758992805755,3.76147211976452,435,"2022nov22_gob8_7_80_63",16,1,0,80,97.5166297117516,"grande_t0_7_2022nov22_0034","grande_t0_7_2022nov22_0027_1","grande_t0_7_2022nov22_0027","grande_t0_7_2022nov22_0034_0",71.1345631244406,87.261201549406,71.3945399429224,83.8283857925164,11.084535248543,0,0,10.0816746683036
"2022nov22","grande",7,"2022nov22_gob8_7","2022nov22_grande_7","ancestor","t0","ID6180",6180,239,972,66.3935175334106,16.084337937991,0,30000,100,2.58105853274673,1,NA,11782.1141975309,11962,8439,14181,11452215,1317.08616863779,-0.956328247591521,-391.782830239224,0.0026990213820912,0.0092797569189163,3.0414208082791,2.22462140202005,-1.16685812285698,1.36716333193476,20.9288603295788,17.0207230314149,0.907819347539348,0.985808413583375,3.72053346212043,500,"2022nov22_gob8_7_239_67",15,1,0,80,100,"grande_t0_7_2022nov22_0038","grande_t0_7_2022nov22_0029_1","grande_t0_7_2022nov22_0029","grande_t0_7_2022nov22_0038_0",66.9912215640178,14.6860139322419,65.7958135028034,17.4826619437401,26.0455014085583,0,0,22.2664349326257
"2022nov22","grande",7,"2022nov22_gob8_7","2022nov22_grande_7","ancestor","t0","ID6216",6216,239,1068,45.5794985358946,14.5369211939008,0,30900,103,2.70798581016851,1,NA,11840.1122544434,12010,8773,15163,12657080,1255.20757065896,-0.959234731007706,-443.920139262302,-0.00353711579029412,-0.0162388164249423,3.41806142884484,2.18516163917697,0.761645756814203,1.56421445789806,23.0378868717883,18.2149926257229,0.872558404167935,0.986181483187471,3.79496416312187,515,"2022nov22_gob8_7_239_70",18,1,0,100,100,"grande_t0_7_2022nov22_0036","grande_t0_7_2022nov22_0030_1","grande_t0_7_2022nov22_0030","grande_t0_7_2022nov22_0036_0",44.3426709015287,13.3574961705491,46.8163261702605,15.7163462172525,28.8407915697646,0,0,25.4362588868295
"2022nov22","grande",7,"2022nov22_gob8_7","2022nov22_grande_7","ancestor","t0","ID6350",6350,239,281,67.9049740557377,8.32392253966264,0,33900,113,1.38741443424051,1,NA,12562.9787985866,12571,10045,15721,3555323,1531.72881498961,-0.953952609069103,-339.830623544091,-0.0217470598681452,-0.00283503257808249,1.49735122599193,1.24039173612764,1.90081403014585,1.20715994986108,6.04731079960068,10.8213117134775,0.6489516470803,0.939799331103679,4.40046693936081,565,"2022nov22_gob8_7_239_76",11,1,0,60,69.8136645962734,"grande_t0_7_2022nov22_0043","grande_t0_7_2022nov22_0038_1","grande_t0_7_2022nov22_0038","grande_t0_7_2022nov22_0043_0",68.147589707529,7.61564800320043,67.6623584039464,9.03219707612485,12.9442654915514,0,0,12.1227226821059
"2022nov22","grande",7,"2022nov22_gob8_7","2022nov22_grande_7","ancestor","t0","ID6381",6381,239,949,54.4495737467773,18.2534401700677,0,30600,102,2.54901103808011,1,NA,10387.8728991597,10360,7581,12329,9889255,935.44855866606,-0.962233165537343,-565.856683384257,0.00551075671051072,-0.000840443164955639,2.82609393999977,2.33296856241265,1.55255028904082,1.21137249148233,20.4123640335275,16.6389505108779,0.926512555336817,0.984431759211209,3.68280969331325,510,"2022nov22_gob8_7_239_69",10,1,0,90,100,"grande_t0_7_2022nov22_0039","grande_t0_7_2022nov22_0024_2","grande_t0_7_2022nov22_0024","grande_t0_7_2022nov22_0039_0",54.423792668967,16.8406284078528,54.4753548245876,19.6662519322826,68.1826103052963,1,3.84614909271255,45.2353377692752
"2022nov22","grande",7,"2022nov22_gob8_7","2022nov22_grande_7","ancestor","t0","ID5381",5381,239,1053,70.7318562469089,20.7961540777613,0,6000,20,2.68703518910561,1,NA,9744.00189753321,9858,6066,12923,10270178,1182.92953585411,-0.961437483184158,-410.737314249318,-0.00776036999889118,0.0581148205124117,2.9777962436553,2.5571420180464,1.24748145493945,1.16450170645206,22.682795668253,17.7166373287792,0.908121284274172,0.985046728971962,3.71991489985573,100,"2022nov22_gob8_7_239_6",11,1,0,70,99.0601503759397,"grande_t0_7_2022nov22_0004","grande_t0_7_2022nov22_0003_1","grande_t0_7_2022nov22_0003","grande_t0_7_2022nov22_0004_0",71.2048961839347,22.2079086014518,70.2588163098831,19.3843995540708,62.3116205618668,0,0,15.7020210129744
"2022nov22","grande",7,"2022nov22_gob8_7","2022nov22_grande_7","ancestor","t0","ID6538",6538,239,964,53.7200877420331,14.7907578971013,0,37200,124,2.57042043066782,1,NA,9898.09015544042,9952,8252,11472,9551657,678.765166001657,-0.965075521560673,-805.922397721753,-0.0135192792562883,0.018469381429817,3.19247861403561,2.08663677797374,-1.0603837849787,1.52996374248503,20.7566948975617,17.1150690414086,0.890452494548763,0.987711213517665,3.75663979310757,620,"2022nov22_gob8_7_239_78",17,1,0,105,100,"grande_t0_7_2022nov22_0044","grande_t0_7_2022nov22_0039_1","grande_t0_7_2022nov22_0039","grande_t0_7_2022nov22_0044_0",54.499910101726,13.3979703998169,52.9402653823402,16.1835453943857,35.0530453656618,0,0,10.851163221506
"2022nov22","grande",7,"2022nov22_gob8_7","2022nov22_grande_7","ancestor","t0","ID5535",5535,239,1198,66.9363733314009,21.3934606740132,0,10500,35,2.85873086287178,1,NA,10279.3447986577,10167,8193,13779,12252979,964.999887014324,-0.962338314394295,-544.372515695611,0.00652175275473323,0.0110723587524676,3.40862829394826,2.43219540641886,1.32398050327944,1.40146152934607,25.6741700495502,18.9529776786927,0.898155172050374,0.981489099136158,3.74049642882075,175,"2022nov22_gob8_7_239_19",14,1,0,70,100,"grande_t0_7_2022nov22_0008","grande_t0_7_2022nov22_0004_1","grande_t0_7_2022nov22_0004","grande_t0_7_2022nov22_0008_0",66.519979522118,19.7407952792139,67.3527671406838,23.0461260688125,74.8668517232546,0,0,99.5811185886449
"2022nov22","grande",7,"2022nov22_gob8_7","2022nov22_grande_7","ancestor","t0","ID5671",5671,239,1084,62.674854479147,20.1813026890901,0,15000,50,2.71871554775155,1,NA,10499.3957367933,10366,8507,13806,11328848,972.431281593467,-0.962213178151363,-549.877961985034,0.00204319685483077,0.00941943320278512,3.05243495143325,2.446785399335,1.08904981301773,1.24752867671307,23.2208126433065,18.1457142572173,0.886215094687789,0.976912630149389,3.7656101898644,250,"2022nov22_gob8_7_239_31",15,1,0,70,99.3097100782329,"grande_t0_7_2022nov22_0019","grande_t0_7_2022nov22_0008_1","grande_t0_7_2022nov22_0008","grande_t0_7_2022nov22_0019_0",61.9677157695554,18.8287885011497,63.3819931887386,21.5338168770305,78.1198293830561,0,0,59.9804788847408
"2022nov22","grande",7,"2022nov22_gob8_7","2022nov22_grande_7","ancestor","t0","ID5869",5869,239,806,65.2805421556391,22.3691497829476,0,19200,64,2.34828599864529,1,NA,10623.4943960149,10775,7290,13584,8530666,1361.50609300977,-0.958120512438709,-357.02331542582,-0.0212915944624909,0.0289534350118788,2.54541653965406,2.23578593209472,1.17362166086126,1.13848848546482,17.3241465967208,15.3491682425206,0.924042659168704,0.978723404255319,3.68772834465135,320,"2022nov22_gob8_7_239_42",13,1,0,70,95.7763236168946,"grande_t0_7_2022nov22_0021","grande_t0_7_2022nov22_0008_2","grande_t0_7_2022nov22_0008","grande_t0_7_2022nov22_0021_0",64.7882401597818,21.1955122388306,65.7728441514964,23.5427873270646,137.429777580781,1,3.83710531934428,106.366971804841
"2022nov22","grande",7,"2022nov22_gob8_7","2022nov22_grande_7","ancestor","t0","ID5874",5874,239,1148,57.9367023225672,19.0810380295628,0,19500,65,2.80368614579524,1,NA,10759.5348432056,10761,8481,14039,12351946,1012.82211129344,-0.961086775887762,-524.753935385742,0.0186437244406864,0.0119041067235258,3.25269920178827,2.46748906683155,1.02252381173001,1.31822233602234,24.6949791549529,18.2816864075558,0.928508786459351,0.988797931925894,3.67884866724411,325,"2022nov22_gob8_7_239_43",12,1,0,70,100,"grande_t0_7_2022nov22_0024","grande_t0_7_2022nov22_0019_1","grande_t0_7_2022nov22_0019","grande_t0_7_2022nov22_0024_0",57.0890265865065,17.6930686960318,58.7843780586279,20.4690073630938,66.6273403218375,0,0,49.3247793243436
"2022nov22","grande",7,"2022nov22_gob8_7","2022nov22_grande_7","ancestor","t0","ID6017",6017,239,1044,52.6314334617586,18.6938082875455,0,24600,82,2.67745798675975,1,NA,11023.9361296473,11089,8492,13548,11564109,1042.83880426461,-0.960375356752013,-512.418904194938,-0.00126226154269149,-0.000107328519634746,3.11272009497831,2.34408479482084,0.976585552355451,1.32790422166286,22.521390575737,17.4814216003108,0.92608654134587,0.988196411709159,3.68365667034726,410,"2022nov22_gob8_7_239_55",14,1,0,80,99.9045346062053,"grande_t0_7_2022nov22_0030","grande_t0_7_2022nov22_0024_1","grande_t0_7_2022nov22_0024","grande_t0_7_2022nov22_0030_0",51.760097532212,17.4042229684209,53.5027693913052,19.9833936066701,70.0895464600176,0,0,54.4117025740203
"2022nov22","grande",7,"2022nov22_gob8_7","2022nov22_grande_7","ancestor","t0","ID6035",6035,239,1050,65.1750046510276,20.4512792229556,0,24900,83,2.67745798675975,1,NA,11209.5028680688,11468,7922,13707,11725140,1105.01897339852,-0.957860546882662,-461.168891114332,-0.00251738679458817,0.0114751710225451,2.79577611766579,2.61513587794362,-0.9100636119459,1.0690748963546,22.521390575737,17.3153988043418,0.943930608981692,0.986798679867987,3.6486726173461,415,"2022nov22_gob8_7_239_57",16,1,0,90,100,"grande_t0_7_2022nov22_0029","grande_t0_7_2022nov22_0021_1","grande_t0_7_2022nov22_0021","grande_t0_7_2022nov22_0029_0",66.0328822991105,19.3475867993396,64.3171270029448,21.5549716465716,27.0425544977757,0,0,19.6067090428175
"2022nov22","grande",7,"2022nov22_gob8_7","2022nov22_grande_7","ancestor","t0","ID7131",7131,239,221,74.1958023129711,25.1734114501357,0,51900,173,1.24011288857345,1,NA,11657.2723214286,11626,9248,14840,2611229,974.48987319132,-0.955723295940942,-516.424092224954,0.0070668852821748,-0.0258627120821597,1.4777152321423,1.12775299090702,2.7719495078291,1.31031816723786,4.8313924359799,9.04447952756348,0.742189863990394,0.953290870488323,4.11478760125797,865,"2022nov22_gob8_7_239_84",74,1,0,375,23.3854166666667,"grande_t0_7_2022nov22_0042","grande_t0_7_2022nov22_0035_1","grande_t0_7_2022nov22_0035","grande_t0_7_2022nov22_0042_0",73.5068498517198,25.4403479275271,74.8847547742224,24.9064749727443,166.576853271865,0,0,162.47915121662
"2022nov22","grande",7,"2022nov22_gob8_7","2022nov22_grande_7","ancestor","t0","ID7134",7134,239,749,33.46180013522,20.6015535978823,0,51600,172,2.26891141963539,1,NA,11397.0079893475,11173,9098,14482,8559153,1051.13105047345,-0.958628603340637,-502.474681674171,0.000110807697174302,0.0130700877593005,2.6803815040593,1.9746454600881,1.00065256895924,1.35739886386476,16.1727902701064,14.9152187886187,0.913556815529853,0.984282907662083,3.70883191121966,860,"2022nov22_gob8_7_239_83",69,1,0,340,63.3909742724589,"grande_t0_7_2022nov22_0045","grande_t0_7_2022nov22_0036_1","grande_t0_7_2022nov22_0036","grande_t0_7_2022nov22_0045_0",32.7384280583797,19.473349675591,34.1851722120603,21.7297575201736,75.9018601171163,0,0,70.2260100002032
"2022nov23","grande",7,"2022nov23_gob8_7","2022nov23_grande_7","ancestor","t0","ID3153",3153,40,566,108.783785950895,43.6300220585507,0,40800,136,1.96820056949768,1,NA,8275.86170212766,8292,6500,10843,4667586,906.665838961383,-0.963365781658216,-480.065232210725,0.00963491283711232,0.00453082309076778,2.23624929587622,1.75948218770097,0.528440959553973,1.2709701249083,12.1699439757088,12.9803817156589,0.907660665013355,0.979220779220779,3.72085867057622,680,"2022nov23_gob8_7_40_111",18,1,0,100,99.297629499561,"grande_t0_7_2022nov23_0058","grande_t0_7_2022nov23_0051_1","grande_t0_7_2022nov23_0051","grande_t0_7_2022nov23_0058_0",109.749391876565,44.1937666147438,107.818180025225,43.0662775023576,3.61161395346539,0,0,7.71182381065506
"2022nov23","grande",7,"2022nov23_gob8_7","2022nov23_grande_7","ancestor","t0","ID2174",2174,40,1097,83.3105215951611,58.4532619958738,0,6300,21,2.74504451186955,1,NA,8170.7565849228,8112,5969,10456,8996003,1101.29353727364,-0.956808179072255,-328.709717304373,0.0109366672397839,0.0133840487729338,2.99881889582726,2.55720944085685,1.6730698174884,1.172691938296,23.6727469023514,18.2549523574332,0.89268268533638,0.97647581003107,3.75194424851418,105,"2022nov23_gob8_7_40_6",15,1,0,75,100,"grande_t0_7_2022nov23_0002","grande_t0_7_2022nov23_0001_1","grande_t0_7_2022nov23_0001","grande_t0_7_2022nov23_0002_0",83.4636042366757,56.96168752661,83.1574389536465,59.9448364651376,64.0381978111175,0,0,55.5890144664057
"2022nov23","grande",7,"2022nov23_gob8_7","2022nov23_grande_7","ancestor","t0","ID3233",3233,40,511,96.9251440014537,23.9320264120559,0,46500,155,1.87004011004142,1,NA,7004.83170254403,6917,6064,8757,3579469,561.218732525988,-0.964147218397458,-671.299060682513,0.00312196567232698,0.00388280711965712,1.98980931896599,1.79900584684096,-0.61044264791767,1.1060605069517,10.9863066305912,12.2998872074141,0.912555574440913,0.976099426386234,3.7108659883673,775,"2022nov23_gob8_7_40_114",29,1,0,170,80.5840568271507,"grande_t0_7_2022nov23_0060","grande_t0_7_2022nov23_0053_1","grande_t0_7_2022nov23_0053","grande_t0_7_2022nov23_0060_0",97.7403632671427,23.3617169957647,96.1099247357647,24.5023358283471,10.5159047068472,0,0,7.35855795626835
"2022nov23","grande",7,"2022nov23_gob8_7","2022nov23_grande_7","ancestor","t0","ID2365",2365,40,1219,82.7185501482292,52.0459452289176,0,11100,37,2.89208385132263,1,NA,7658.62274959083,7682,5984,9735,9358837,868.930238917068,-0.959857123331164,-421.496393744859,-0.00624775891585484,0.0179453622288569,3.20983838707278,2.65160121190909,1.56342664804516,1.21052833007335,26.2767490616101,18.9286864193402,0.921595922302353,0.987065481002426,3.69262035855207,185,"2022nov23_gob8_7_40_20",16,1,0,75,100,"grande_t0_7_2022nov23_0009","grande_t0_7_2022nov23_0002_1","grande_t0_7_2022nov23_0002","grande_t0_7_2022nov23_0009_0",82.7067225164183,50.4410696185019,82.7303777800401,53.6508208393333,12.7478993761934,0,0,11.1384064659086
"2022nov23","grande",7,"2022nov23_gob8_7","2022nov23_grande_7","ancestor","t0","ID2368",2368,40,946,86.5038050329163,62.3965330320711,0,11100,37,2.54699468097768,1,NA,7572.51902748414,7623,4489,10065,7163603,1237.45289949701,-0.959650838662587,-291.085402133195,-0.00602319922802382,0.000824753537055484,2.77588999851755,2.37379002402603,1.66406810344452,1.16939155124156,20.3800830150243,16.8083138156406,0.906499391684428,0.980838943552564,3.72324121546501,185,"2022nov23_gob8_7_40_18",16,1,0,75,100,"grande_t0_7_2022nov23_0010","grande_t0_7_2022nov23_0001_2","grande_t0_7_2022nov23_0001","grande_t0_7_2022nov23_0010_0",86.6330735072861,61.0146209572626,86.3745365585465,63.7784451068796,146.710649899981,1,1.66796144556342,129.488754276709
"2022nov23","grande",7,"2022nov23_gob8_7","2022nov23_grande_7","ancestor","t0","ID2565",2565,40,782,88.7656877309577,58.6706782110219,0,15300,51,2.31671467091493,1,NA,8086.55852417303,7882,5265,11491,6356035,1497.70829769291,-0.959415989111165,-255.280992586781,0.013280437245774,0.0106443039720746,2.45740776432583,2.23838072449955,-0.0765343277224412,1.09785066384327,16.8614519981748,15.8039515611003,0.84834685609003,0.958996328029375,3.84873673120254,255,"2022nov23_gob8_7_40_30",13,1,0,65,83.0858960763521,"grande_t0_7_2022nov23_0017","grande_t0_7_2022nov23_0010_1","grande_t0_7_2022nov23_0010","grande_t0_7_2022nov23_0017_0",89.9907948007955,58.5767319632216,87.5405806611199,58.7646244588222,10.5880064905705,0,0,25.9169171280755
"2022nov23","grande",7,"2022nov23_gob8_7","2022nov23_grande_7","ancestor","t0","ID2628",2628,40,874,86.7315094799674,54.6572855073314,0,15600,52,2.44125235255973,1,NA,7672.57864523536,7757,5779,11958,6682816,779.368285571682,-0.960667102767902,-480.889834444922,-0.0474737260448064,0.0239611907645059,2.68960202762648,2.30550403534281,1.68536524782486,1.1666004424176,18.7229907318597,16.551816060839,0.858803456163053,0.971524288107202,3.82523429031506,260,"2022nov23_gob8_7_40_32",15,1,0,70,100,"grande_t0_7_2022nov23_0018","grande_t0_7_2022nov23_0002_2","grande_t0_7_2022nov23_0002","grande_t0_7_2022nov23_0018_0",86.8852450422405,53.3213007979707,86.5777739176943,55.9932702166921,47.1632025198405,1,0.989687618175684,36.1657853348587
"2022nov23","grande",7,"2022nov23_gob8_7","2022nov23_grande_7","ancestor","t0","ID2669",2669,40,1129,85.4012253310756,45.3848277798666,0,15900,53,2.78284060648469,1,NA,7306.39610963749,7335,5888,9189,8263534,808.638094960916,-0.961936019136796,-456.678948632952,-0.00837167421157912,-0.0065117849950294,3.08935945782057,2.57170725966735,-1.2224905152267,1.20128737289491,24.3291276119166,18.1428674583136,0.928805000022716,0.985185185185185,3.67826199309285,265,"2022nov23_gob8_7_40_36",16,1,0,75,100,"grande_t0_7_2022nov23_0019","grande_t0_7_2022nov23_0009_1","grande_t0_7_2022nov23_0009","grande_t0_7_2022nov23_0019_0",85.9284335461519,43.9329025190965,84.8740171159993,46.8367530406367,22.9011145885443,0,0,22.3586974189459
"2022nov23","grande",7,"2022nov23_gob8_7","2022nov23_grande_7","ancestor","t0","ID2729",2729,40,905,90.1733880515176,53.7813160381401,0,20100,67,2.48918591056764,1,NA,7666.37389380531,7732,5808,9748,6930402,790.687818677216,-0.960039736212301,-465.881865994198,-0.00186078719339011,0.0263011726367253,2.58180173984724,2.46084272042141,0.492688004076701,1.04915349462282,19.4654541574335,16.1575109870352,0.936969566925981,0.985294117647059,3.66220110608969,335,"2022nov23_gob8_7_40_56",12,1,0,70,100,"grande_t0_7_2022nov23_0026","grande_t0_7_2022nov23_0018_1","grande_t0_7_2022nov23_0018","grande_t0_7_2022nov23_0026_0",91.3107551465723,54.3919068561651,89.0360209564629,53.1707252201151,50.6110279196282,0,0,69.1568567275919
"2022nov23","grande",7,"2022nov23_gob8_7","2022nov23_grande_7","ancestor","t0","ID2752",2752,40,792,81.9317326507425,45.6541308425609,0,20700,69,2.33512203695644,1,NA,6835.26884422111,6900,5236,9030,5440874,767.966458311162,-0.964894328864662,-489.266880081262,0.0722092226367998,0.0080515210630197,2.61139859075491,2.17234703084559,-1.39453062978635,1.20210931019544,17.1304604857015,18.6590421620161,0.618301370864637,0.873765093304061,4.50821715532647,345,"2022nov23_gob8_7_40_60",11,1,0,60,86.240520043337,"grande_t0_7_2022nov23_0028","grande_t0_7_2022nov23_0009_2","grande_t0_7_2022nov23_0009","grande_t0_7_2022nov23_0028_0",82.1606927192607,44.3686628589171,81.7027725822243,46.9395988262047,10.8284189381041,1,1.77362663049639,6.59542157474119
"2022nov23","grande",7,"2022nov23_gob8_7","2022nov23_grande_7","ancestor","t0","ID2759",2759,40,1212,88.1540883346998,40.3027720639644,0,21300,71,2.87843207092295,1,NA,7179.15990057995,7315,5746,8888,8665246,692.143452607708,-0.963208404291237,-543.099178792125,-0.00624320991024457,0.0247289218224443,3.26384610490474,2.58168443731706,2.17411886458119,1.2642312351298,26.0292612530855,19.3823763654155,0.870678181649932,0.977768795472919,3.79905955059183,355,"2022nov23_gob8_7_40_63",17,1,0,85,100,"grande_t0_7_2022nov23_0027","grande_t0_7_2022nov23_0019_1","grande_t0_7_2022nov23_0019","grande_t0_7_2022nov23_0027_0",89.0800113828206,38.9589568392835,87.228165286579,41.6465872886453,6.08907180000804,0,0,8.48719758575263
"2022nov23","grande",7,"2022nov23_gob8_7","2022nov23_grande_7","ancestor","t0","ID2906",2906,40,1106,93.6047081291937,50.1825168343269,0,24600,82,2.75252081580644,1,NA,7689.96561085973,7629,6327,9598,8497412,694.604703747743,-0.961375400631117,-551.119389874594,-0.00588383086768502,0.000560663159838633,2.9734674331256,2.57216848925577,2.41056230050635,1.1560158074971,23.8018709763642,18.053098236477,0.917735369911068,0.980496453900709,3.70037890986869,410,"2022nov23_gob8_7_40_75",14,1,0,70,100,"grande_t0_7_2022nov23_0036","grande_t0_7_2022nov23_0026_1","grande_t0_7_2022nov23_0026","grande_t0_7_2022nov23_0036_0",94.7115618986191,49.1899182865376,92.4978543597683,51.1751153821162,76.499222107737,0,0,74.5936473154516
"2022nov23","grande",7,"2022nov23_gob8_7","2022nov23_grande_7","ancestor","t0","ID2924",2924,40,1277,90.6160075489919,35.1209808923536,0,26100,87,2.9536057386657,1,NA,6882.79843137255,6859,5569,8564,8775568,705.938405483529,-0.965068477805512,-538.727141735433,0.00493231619829133,-0.00255458010974379,3.47197283360101,2.54485558828531,-0.874079605163538,1.3643103559917,27.4065847092222,19.2811039506292,0.926405214464,0.987975174553918,3.68302304733493,435,"2022nov23_gob8_7_40_78",16,1,0,75,100,"grande_t0_7_2022nov23_0039","grande_t0_7_2022nov23_0027_1","grande_t0_7_2022nov23_0027","grande_t0_7_2022nov23_0039_0",91.7299952920616,33.7895605426494,89.5020198059222,36.4524012420578,15.2737896660957,0,0,9.15498924346543
"2022nov23","grande",7,"2022nov23_gob8_7","2022nov23_grande_7","ancestor","t0","ID2945",2945,40,1128,97.610688418692,43.7618422676752,0,29400,98,2.77667978288481,1,NA,7052.26666666667,6967,5682,8556,7933800,659.70498636826,-0.965301742362477,-594.790985101536,-0.00409056142840966,-0.00174439237143248,3.1813983486097,2.43997602255221,-0.787309375148297,1.3038645950635,24.2215242169059,18.2498360006594,0.913888896668571,0.98296943231441,3.70815800816957,490,"2022nov23_gob8_7_40_89",16,1,0,75,100,"grande_t0_7_2022nov23_0045","grande_t0_7_2022nov23_0036_1","grande_t0_7_2022nov23_0036","grande_t0_7_2022nov23_0045_0",98.7333308188546,42.6349004304487,96.4880460185294,44.8887841049017,19.5392376700051,0,0,16.154226914323
"2022nov23","grande",7,"2022nov23_gob8_7","2022nov23_grande_7","ancestor","t0","ID3026",3026,40,1111,101.82444812494,42.6898995145496,0,34500,115,2.75314292471162,1,NA,7568.08951175407,7570,6321,9321,8370307,670.337479764316,-0.96335656074825,-593.626915935854,-0.000174877440919642,0.00140353328535486,3.08522027002429,2.48930205446273,-0.000321633312790106,1.23939168591181,23.8126313158653,17.9208458458561,0.931751807350601,0.985307212822796,3.6724408543578,575,"2022nov23_gob8_7_40_102",15,1,0,80,100,"grande_t0_7_2022nov23_0051","grande_t0_7_2022nov23_0045_1","grande_t0_7_2022nov23_0045","grande_t0_7_2022nov23_0051_0",103.367058180162,42.6894033597501,100.281838069718,42.6903956693491,23.2528876470299,0,0,30.8367173754185
"2022nov23","grande",7,"2022nov23_gob8_7","2022nov23_grande_7","ancestor","t0","ID2738",2738,78,991,61.2712264074494,62.5876346808735,0,18000,60,2.60154606823771,1,NA,6815.85222672065,6930,5162,8622,6734062,740.867682124491,-0.965372206139525,-512.95524939556,-0.00538848044231342,-0.00367690116118026,2.71422858364408,2.53556329298083,1.1444336305012,1.07046374711207,21.2624308541119,16.7456822371686,0.952833650922375,0.986520219670494,3.63158646427934,300,"2022nov23_gob8_7_78_45",14,1,0,70,89.5333031264159,"grande_t0_7_2022nov23_0021","grande_t0_7_2022nov23_0016_1","grande_t0_7_2022nov23_0016","grande_t0_7_2022nov23_0021_0",60.7099756863275,61.3520146627823,61.8324771285713,63.8232546989647,24.7367522406535,0,0,14.6030019420856
"2022nov23","grande",7,"2022nov23_gob8_7","2022nov23_grande_7","ancestor","t0","ID2536",2536,78,1236,67.6639598193876,64.4320834328256,0,13500,45,2.9092056568582,1,NA,7079.14077669903,7075,5876,9313,8749818,611.838944107187,-0.964047437639798,-620.50028334287,-0.00658058332392251,-0.00883201998537844,3.04427680522071,2.80560695805287,0.535764658363704,1.08506888196965,26.588798907141,18.8043225039522,0.944915997185319,0.987215341590091,3.64676964565643,225,"2022nov23_gob8_7_78_24",14,1,0,65,100,"grande_t0_7_2022nov23_0016","grande_t0_7_2022nov23_0015_1","grande_t0_7_2022nov23_0015","grande_t0_7_2022nov23_0016_0",66.3551056970404,63.655033754159,68.9728139417348,65.2091331114922,45.4331851669697,0,0,41.6913321984593
"2022nov23","grande",7,"2022nov23_gob8_7","2022nov23_grande_7","ancestor","t0","ID2249",2249,16,1167,87.513443474531,73.8825935721342,0,7500,25,2.83345848809833,1,NA,7195.22354948805,7070,5556,10704,8432802,811.035526114616,-0.963009733024114,-461.93154376548,-0.0756904876256327,-0.0102575298017353,3.09967717304839,2.7311515824944,1.00633277337025,1.13493414020521,25.2222357905053,19.1597759588033,0.863401089889632,0.973017849730178,3.81503595851884,125,"2022nov23_gob8_7_16_8",12,1,0,85,91.2062256809338,"grande_t0_7_2022nov23_0004","grande_t0_7_2022nov23_0003_1","grande_t0_7_2022nov23_0003","grande_t0_7_2022nov23_0004_0",88.3425492509613,75.1920145341511,86.6843376981007,72.5731726101173,9.66360802628752,0,0,0.433922121975055
"2022nov23","grande",7,"2022nov23_gob8_7","2022nov23_grande_7","ancestor","t0","ID2404",2404,17,821,89.4065625038342,80.9740373783441,0,8100,27,2.37006346005545,1,NA,7490.67074663403,7439,5736,9740,6119878,804.295575691558,-0.961131210304406,-460.592313834169,-0.0292946136331414,-0.0591830536611959,3.1648730379866,1.86986260354199,1.23894951945904,1.69256983480579,17.6469567817528,16.5111787820721,0.813436257133157,0.971563981042654,3.93045808179408,135,"2022nov23_gob8_7_17_12",12,1,0,60,100,"grande_t0_7_2022nov23_0008","grande_t0_7_2022nov23_0007_1","grande_t0_7_2022nov23_0007","grande_t0_7_2022nov23_0008_0",89.9221039161844,82.4701397775119,88.891021091484,79.4779349791763,43.0645674705243,0,0,35.6883384283054
"2022nov23","grande",7,"2022nov23_gob8_7","2022nov23_grande_7","ancestor","t0","ID2505",2505,17,1316,90.7118979033181,86.2213504259984,0,13200,44,3.00248601446187,1,NA,7396.75646879756,7382,5710,9307,9719338,776.710921351404,-0.963381688046322,-501.085656025115,0.0190664279858022,0.0380261267099419,3.28242157461923,2.80550050072555,1.39030805998968,1.16999500580034,28.3212135668131,19.6932247692133,0.917673197566905,0.98392523364486,3.70050425805102,220,"2022nov23_gob8_7_17_22",16,1,0,80,99.8482549317148,"grande_t0_7_2022nov23_0013","grande_t0_7_2022nov23_0008_1","grande_t0_7_2022nov23_0008","grande_t0_7_2022nov23_0013_0",91.0065115373273,87.8359016500348,90.4172842693089,84.606799201962,3.46557450137402,0,0,5.04392310615511
"2022nov23","grande",7,"2022nov23_gob8_7","2022nov23_grande_7","ancestor","t0","ID3113",3113,29,946,83.6007977974971,139.315197708665,0,39000,130,2.54766697732857,1,NA,8463.02642706131,8436,5758,10643,8006023,1269.36535671361,-0.956867211534767,-295.810229810597,0.0161849934212277,-0.0289778484188078,3.11527107090154,2.13229233299894,-1.14665456378557,1.46099623522076,20.3908433545254,17.0393917967602,0.882545031493822,0.977812177502579,3.77343171115782,650,"2022nov23_gob8_7_29_110",20,1,0,95,86.019064911484,"grande_t0_7_2022nov23_0056","grande_t0_7_2022nov23_0050_1","grande_t0_7_2022nov23_0050","grande_t0_7_2022nov23_0056_0",82.9597704274236,140.734814689444,84.2418251675706,137.895580727886,23.2116617763177,0,0,24.3493930829579
"2022nov23","grande",7,"2022nov23_gob8_7","2022nov23_grande_7","ancestor","t0","ID3335",3335,29,355,81.4035148921922,148.45585957875,0,54000,180,1.54730752821701,1,NA,6848.6446991404,6811,5435,8589,2390177,754.66968100059,-0.966846740325765,-529.308820613868,0.00421593844718757,0.012140331000138,1.63633437628232,1.4927338695159,-0.863117704231478,1.09619967075108,7.52147731124709,10.0924419311222,0.927941280498036,0.980364656381487,3.67997344177671,900,"2022nov23_gob8_7_29_116",25,1,0,245,100,"grande_t0_7_2022nov23_0062","grande_t0_7_2022nov23_0056_1","grande_t0_7_2022nov23_0056","grande_t0_7_2022nov23_0062_0",80.87164766191,149.077562721015,81.9353821224744,147.834156436485,13.2399920909959,0,0,10.7849149475537
"2022nov23","grande",7,"2022nov23_gob8_7","2022nov23_grande_7","ancestor","t0","ID2312",2312,29,1295,85.5624027567597,88.9397713739687,0,9000,30,2.97843366964584,1,NA,7657.88390092879,7565,6071,9961,9893986,826.243816775644,-0.960529303978657,-451.09330890081,0.0153741660001549,-0.0237918488314363,3.50266229086656,2.57758023826367,1.63900838869052,1.35889554042595,27.8692793077682,19.9419794348937,0.880641350777346,0.979947029890277,3.77750801945119,150,"2022nov23_gob8_7_29_14",18,1,0,90,100,"grande_t0_7_2022nov23_0006","grande_t0_7_2022nov23_0005_1","grande_t0_7_2022nov23_0005","grande_t0_7_2022nov23_0006_0",85.4430334671459,90.6870297274075,85.6817720463735,87.1925130205299,11.113935284972,0,0,10.6022680555406
"2022nov23","grande",7,"2022nov23_gob8_7","2022nov23_grande_7","ancestor","t0","ID2597",2597,29,1207,86.2847637520649,93.4552670815207,0,13800,46,2.87247627709942,1,NA,7549.34771784232,7563,6013,9073,9096964,688.718615727561,-0.961836040829121,-552.516467850214,-0.00560666136947542,-0.0307934318154354,3.1531113561283,2.65339064821148,1.33764341149156,1.18833288202536,25.9216578580747,18.7377210056534,0.927767385865914,0.988916256157635,3.68031830065754,230,"2022nov23_gob8_7_29_27",15,1,0,75,100,"grande_t0_7_2022nov23_0014","grande_t0_7_2022nov23_0006_1","grande_t0_7_2022nov23_0006","grande_t0_7_2022nov23_0014_0",86.6490210656256,94.9891655186911,85.9205064385042,91.9213686443503,10.7569472030871,0,0,12.9970763466891
"2022nov23","grande",7,"2022nov23_gob8_7","2022nov23_grande_7","ancestor","t0","ID2644",2644,29,582,81.4662622840574,93.2707234843899,0,18300,61,1.99241484388762,1,NA,7167.48269896194,7151,5748,8451,4142805,706.649102294021,-0.963819461121188,-540.397706980972,-0.0787530111965782,-0.0755658386238437,2.57560824185181,1.61133418956574,2.06385909620947,1.59843206861138,12.4712334817387,16.1190580247035,0.60317031100778,0.833812949640289,4.56441321045113,305,"2022nov23_gob8_7_29_46",15,1,0,70,59.4969199178645,"grande_t0_7_2022nov23_0024","grande_t0_7_2022nov23_0006_2","grande_t0_7_2022nov23_0006","grande_t0_7_2022nov23_0024_0",80.8567110351549,94.4051337844292,82.0758135329599,92.1363131843506,43.5768100397058,1,1.22442995804892,39.4956660322695
"2022nov23","grande",7,"2022nov23_gob8_7","2022nov23_grande_7","ancestor","t0","ID2696",2696,29,1196,88.1747778579826,98.636615567376,0,18600,62,2.86650810884604,1,NA,7506.38615512927,7489,6239,9301,9000157,729.903501872145,-0.961870025888721,-518.854194031773,-0.00935037400598993,-0.0376905207239973,3.26758253806576,2.5792862115125,1.2626381919385,1.26685535070946,25.814054463064,18.6804363769774,0.929591302453666,0.989686468646864,3.67670601994564,310,"2022nov23_gob8_7_29_49",16,1,0,75,99.7505197505197,"grande_t0_7_2022nov23_0023","grande_t0_7_2022nov23_0014_1","grande_t0_7_2022nov23_0014","grande_t0_7_2022nov23_0023_0",88.6703133666977,100.193445188873,87.6792423492676,97.079785945879,7.68479383821144,0,0,6.6819073842396
"2022nov23","grande",7,"2022nov23_gob8_7","2022nov23_grande_7","ancestor","t0","ID2834",2834,29,1144,78.5318171210632,98.5529961385936,0,22500,75,2.79818332175488,1,NA,7988.41135371179,7788,6240,11761,9146731,1036.76332648811,-0.964629115782614,-420.2669508312,0.00989294689039679,0.0065445816531248,3.11196867873937,2.55049489420199,-1.00458430018359,1.22014307333599,24.5981360994433,18.1534784872845,0.937977356594832,0.989182172219819,3.66023319060487,375,"2022nov23_gob8_7_29_68",13,1,0,65,100,"grande_t0_7_2022nov23_0033","grande_t0_7_2022nov23_0024_1","grande_t0_7_2022nov23_0024","grande_t0_7_2022nov23_0033_0",77.6971263036695,99.8661520713458,79.3665079384569,97.2398402058414,0.370542239505671,0,0,0.802938805806401
"2022nov23","grande",7,"2022nov23_gob8_7","2022nov23_grande_7","ancestor","t0","ID2873",2873,29,903,73.7957867506935,103.26935614966,0,26400,88,2.49331049651257,1,NA,7704.39183222958,7484,6281,10013,6980179,979.444810546051,-0.963484463598955,-415.102567485356,-0.0517796485554996,0.00804329738666912,2.88890665261119,2.19316413370024,-0.131648647595598,1.31723230752325,19.5300161944399,16.6006876403424,0.890554108490804,0.978964401294499,3.75642546706935,440,"2022nov23_gob8_7_29_80",9,1,0,60,84.9719101123596,"grande_t0_7_2022nov23_0041","grande_t0_7_2022nov23_0033_1","grande_t0_7_2022nov23_0033","grande_t0_7_2022nov23_0041_0",72.3638325314495,103.458967662667,75.2277409699375,103.079744636653,3.68416679686904,0,0,12.6776725161915
"2022nov23","grande",7,"2022nov23_gob8_7","2022nov23_grande_7","ancestor","t0","ID2893",2893,29,1153,89.0243712257064,105.929163602557,0,23700,79,2.82073739162243,1,NA,7469.63425129088,7485,5893,9318,8679715,776.122832276599,-0.962298520132531,-491.303992492429,-0.00052498594628485,0.013415140257533,3.03440778954643,2.66969297432228,1.55184940135047,1.13661301832535,24.9962686609828,18.3148320159874,0.936438301414088,0.985574883326263,3.66323978918991,395,"2022nov23_gob8_7_29_74",16,1,0,80,99.7852233676976,"grande_t0_7_2022nov23_0034","grande_t0_7_2022nov23_0023_1","grande_t0_7_2022nov23_0023","grande_t0_7_2022nov23_0034_0",89.0531158548928,107.446095178011,88.99562659652,104.412232027103,9.56727666409028,0,0,11.0110674394995
"2022nov23","grande",7,"2022nov23_gob8_7","2022nov23_grande_7","ancestor","t0","ID2922",2922,29,1318,90.3939618002961,113.898198385973,0,28500,95,2.9996327533266,1,NA,7865.96183206107,7778,6060,9820,10304410,841.919451122528,-0.960143008968229,-450.134916772248,-0.00407702527356129,0.00463582552190264,3.37529016757315,2.68879997482245,1.41728993400743,1.25531471257769,28.2674118693078,19.6840752662087,0.916781575833795,0.984632683658171,3.70230329517803,475,"2022nov23_gob8_7_29_86",16,1,0,75,98.2790871679761,"grande_t0_7_2022nov23_0044","grande_t0_7_2022nov23_0034_1","grande_t0_7_2022nov23_0034","grande_t0_7_2022nov23_0044_0",90.6520098664239,115.565998471234,90.1359137341683,112.230398300712,8.91852014430241,0,0,8.6662365660876
"2022nov23","grande",7,"2022nov23_gob8_7","2022nov23_grande_7","ancestor","t0","ID2965",2965,29,670,85.2100700176325,104.359516953417,0,26700,89,2.13674711068755,1,NA,8686.51127819549,8501,6908,11244,5776530,960.870883974951,-0.959044500031001,-423.386374020507,0.0746138075726398,0.0227974895939338,2.4901439581723,1.93851616967037,0.231269810976613,1.28456187115309,14.3435325549247,15.2520226357305,0.774838345626856,0.946061036195885,4.02716458867463,445,"2022nov23_gob8_7_29_81",3,1,0,50,82.8464885021751,"grande_t0_7_2022nov23_0043","grande_t0_7_2022nov23_0023_2","grande_t0_7_2022nov23_0023","grande_t0_7_2022nov23_0043_0",83.9981466833401,104.07412938378,86.4219933519249,104.644904523054,33.9195896495793,1,2.23949896837782,45.0422504740529
"2022nov23","grande",7,"2022nov23_gob8_7","2022nov23_grande_7","ancestor","t0","ID3004",3004,29,751,90.1202288953422,116.228184041454,0,33000,110,2.26210807172755,1,NA,8945.61764705882,8987,6570,12444,6691322,1223.8884182408,-0.957322140576154,-327.90948335821,-0.00409395177440425,0.0110425550791438,2.54978425523086,2.05525699248275,2.61830917116546,1.2406157792222,16.0759472145968,15.2840798415281,0.864784386910348,0.968871595330739,3.81198349825834,550,"2022nov23_gob8_7_29_101",14,1,0,70,86.159169550173,"grande_t0_7_2022nov23_0049","grande_t0_7_2022nov23_0034_2","grande_t0_7_2022nov23_0034","grande_t0_7_2022nov23_0049_0",89.0159389982317,116.865281961868,91.2245187924527,115.59108612104,11.7426841287312,1,2.62759587963718,4.9880723382465
"2022nov23","grande",7,"2022nov23_gob8_7","2022nov23_grande_7","ancestor","t0","ID3007",3007,29,1311,87.2113210588317,126.348301192358,0,33000,110,2.99391807343001,1,NA,8148.22595419847,8083,6069,10799,10674176,1081.19760195927,-0.958604142212453,-349.036142757633,-0.00624672564249166,0.0207003804748106,3.45164900317943,2.62871238989073,1.41738225104624,1.3130569234023,28.159808474297,19.7051882500807,0.911335702098559,0.98420458819105,3.71334875566797,550,"2022nov23_gob8_7_29_99",15,1,0,70,97.7586850952558,"grande_t0_7_2022nov23_0050","grande_t0_7_2022nov23_0044_1","grande_t0_7_2022nov23_0044","grande_t0_7_2022nov23_0050_0",87.4750494686522,128.053856097995,86.9475926490112,124.642746286721,26.5791797490802,0,0,23.1347981950329
